Accession_number	Region	Domain
O43182	[181, 196]	No_Gene3D_overlap
O43182	[236, 257]	No_Gene3D_overlap
O43304	[216, 232]	CRAL-TRIO lipid binding domain
O43304	[656, 676]	No_Gene3D_overlap
O75093	[241, 306]	Ribonuclease Inhibitor
O75093	[460, 545]	Ribonuclease Inhibitor
O75093	[704, 753]	Ribonuclease Inhibitor
O75093	[886, 1164]	Laminin
O75093	[1330, 1532]	Laminin
P04275	[187, 392]	Laminin
P04275	[518, 750]	Laminin
P04275	[1013, 1263]	Laminin
P04275	[1900, 1954]	No_Gene3D_overlap
P04275	[2156, 2587]	Laminin
P04275	[2614, 2812]	No_Gene3D_overlap
P58005	[6, 44]	No_Gene3D_overlap
Q05329	[44, 91]	No_Gene3D_overlap
Q14585	[0, 65]	Classic Zinc Finger
Q14585	[76, 487]	Classic Zinc Finger
Q15818	[27, 80]	No_Gene3D_overlap
Q16394	[87, 104]	No_Gene3D_overlap
Q53EZ4	[440, 463]	No_Gene3D_overlap
Q6ZMT1	[371, 410]	No_Gene3D_overlap
Q7Z7K2	[148, 321]	Classic Zinc Finger
Q7Z7K2	[426, 563]	Classic Zinc Finger
Q8IWV7	[572, 601]	No_Gene3D_overlap
Q8IWV7	[1088, 1149]	No_Gene3D_overlap
Q8IXZ3	[330, 433]	Classic Zinc Finger
Q8NAF0	[211, 244]	No_Gene3D_overlap
Q8NAF0	[381, 468]	Classic Zinc Finger
Q8WWI1	[545, 579]	No_Gene3D_overlap
Q8WWI1	[593, 648]	No_Gene3D_overlap
Q96Q89	[644, 673]	No_Gene3D_overlap
Q9BRZ2	[1, 232]	Zinc/RING finger domain, C3HC4 (zinc finger)
Q9BRZ2	[342, 369]	No_Gene3D_overlap
Q9C0I4	[38, 92]	No_Gene3D_overlap
Q9C0I4	[123, 264]	Thrombospondin type-1 (TSP1) repeat
Q9C0I4	[304, 899]	Thrombospondin type-1 (TSP1) repeat
Q9P203	[615, 643]	No_Gene3D_overlap
Q9UL59	[212, 603]	Classic Zinc Finger
A0A1W2PQ72	[108, 125]	No_Gene3D_overlap
O00411	[153, 193]	No_Gene3D_overlap
O43915	[107, 343]	Cystine-knot cytokines
O94832	[960, 998]	No_Gene3D_overlap
P06858	[447, 474]	PLAT/LH2 domain
Q12802	[245, 278]	No_Gene3D_overlap
Q15723	[298, 336]	Winged helix-like DNA-binding domain superfamily/Winged helix DNA-binding domain
Q15723	[460, 485]	No_Gene3D_overlap
Q5EBM0	[30, 54]	No_Gene3D_overlap
Q5EBM0	[178, 221]	No_Gene3D_overlap
Q5TC79	[385, 458]	Classic Zinc Finger
Q8N823	[67, 124]	-
Q8N823	[228, 703]	Classic Zinc Finger
Q92918	[594, 621]	No_Gene3D_overlap
Q92918	[803, 821]	No_Gene3D_overlap
Q92954	[21, 109]	-
Q9NZV7	[325, 412]	Classic Zinc Finger
Q9NZV7	[442, 526]	Classic Zinc Finger
Q9UK11	[87, 118]	No_Gene3D_overlap
Q9UK11	[143, 481]	Classic Zinc Finger
Q9Y297	[1, 136]	-
A0AAQ5BHU3	[942, 990]	No_Gene3D_overlap
A6NC57	[400, 444]	No_Gene3D_overlap
M0R2J8	[920, 975]	No_Gene3D_overlap
M0R2J8	[1093, 1117]	No_Gene3D_overlap
O00451	[28, 87]	No_Gene3D_overlap
O14545	[0, 142]	Zinc/RING finger domain, C3HC4 (zinc finger)
O14545	[239, 304]	No_Gene3D_overlap
P25445	[40, 191]	Tumor Necrosis Factor Receptor, subunit A, domain 2
Q13114	[137, 266]	Zinc/RING finger domain, C3HC4 (zinc finger)
Q13118	[372, 462]	Classic Zinc Finger
Q14957	[1103, 1179]	No_Gene3D_overlap
Q15849	[77, 96]	Ammonium transporter AmtB like domains
Q2TV78	[42, 250]	Plasminogen Kringle 4
Q2YD98	[185, 209]	No_Gene3D_overlap
Q2YD98	[298, 315]	No_Gene3D_overlap
Q5VVW2	[441, 488]	No_Gene3D_overlap
Q7Z4F1	[312, 430]	Low-density Lipoprotein Receptor
Q8TC92	[59, 143]	-
Q8WXS8	[463, 742]	-
Q8WXS8	[861, 1100]	Thrombospondin type-1 (TSP1) repeat
Q96NJ3	[173, 202]	No_Gene3D_overlap
Q96NJ3	[222, 587]	Classic Zinc Finger
Q9NY46	[1165, 1195]	No_Gene3D_overlap
Q9P2E3	[1255, 1575]	P-loop containing nucleotide triphosphate hydrolases
Q9P2E3	[1854, 1893]	No_Gene3D_overlap
Q9P2P1	[1022, 1071]	No_Gene3D_overlap
Q9UKV8	[355, 371]	No_Gene3D_overlap
A5YM72	[217, 266]	No_Gene3D_overlap
A5YM72	[783, 802]	No_Gene3D_overlap
A8MWY0	[54, 142]	No_Gene3D_overlap
A8MWY0	[285, 437]	Tumor Necrosis Factor Receptor, subunit A, domain 2
A8MWY0	[457, 476]	No_Gene3D_overlap
O14512	[367, 387]	SH2 domain
O43766	[69, 84]	No_Gene3D_overlap
O75078	[140, 212]	No_Gene3D_overlap
O75078	[420, 592]	Collagenase (Catalytic Domain)
P10912	[606, 627]	No_Gene3D_overlap
P17081	[185, 204]	P-loop containing nucleotide triphosphate hydrolases
P43268	[265, 330]	Winged helix-like DNA-binding domain superfamily/Winged helix DNA-binding domain
P98164	[20, 376]	Low-density Lipoprotein Receptor
P98164	[967, 1425]	Laminin
P98164	[2625, 3199]	TolB, C-terminal domain
P98164	[3464, 4056]	TolB, C-terminal domain
P98164	[4336, 4425]	TolB, C-terminal domain
Q14865	[225, 250]	No_Gene3D_overlap
Q14865	[616, 660]	No_Gene3D_overlap
Q5H8A4	[602, 629]	No_Gene3D_overlap
Q86YH2	[290, 485]	Classic Zinc Finger
Q8TEB1	[130, 147]	No_Gene3D_overlap
Q96A70	[428, 456]	No_Gene3D_overlap
Q9BV97	[173, 285]	Classic Zinc Finger
Q9BV97	[313, 329]	No_Gene3D_overlap
Q9Y2H8	[131, 270]	Classic Zinc Finger
Q9Y2H8	[397, 682]	Classic Zinc Finger
Q9Y5Y6	[449, 624]	Low-density Lipoprotein Receptor
A2VDJ0	[1246, 1277]	No_Gene3D_overlap
A2VDJ0	[1559, 1608]	No_Gene3D_overlap
A6NCL7	[318, 343]	No_Gene3D_overlap
O60353	[508, 529]	Rhodopsin 7-helix transmembrane proteins
P26022	[35, 58]	No_Gene3D_overlap
P36269	[36, 54]	No_Gene3D_overlap
P78386	[3, 126]	No_Gene3D_overlap
Q07954	[23, 200]	Low-density Lipoprotein Receptor
Q07954	[792, 1254]	Low-density Lipoprotein Receptor
Q07954	[2468, 3023]	Low-density Lipoprotein Receptor
Q07954	[3286, 3866]	Low-density Lipoprotein Receptor
Q07954	[4146, 4407]	Laminin
Q13535	[508, 524]	No_Gene3D_overlap
Q15366	[217, 238]	No_Gene3D_overlap
Q5VV67	[299, 322]	No_Gene3D_overlap
Q6PK81	[183, 440]	Classic Zinc Finger
Q6ZVN8	[21, 48]	No_Gene3D_overlap
Q6ZVN8	[77, 125]	No_Gene3D_overlap
Q6ZVN8	[143, 169]	No_Gene3D_overlap
Q6ZVN8	[317, 343]	Mog1/PsbP, alpha/beta/alpha sandwich
Q76I76	[1253, 1297]	No_Gene3D_overlap
Q7RTV3	[13, 28]	No_Gene3D_overlap
Q7RTV3	[157, 253]	Classic Zinc Finger
Q8IZ73	[487, 508]	No_Gene3D_overlap
Q8N7R7	[115, 133]	Cyclin-like
Q8NEC7	[351, 366]	No_Gene3D_overlap
Q8NEC7	[573, 627]	Vaccinia Virus protein VP39
Q8NG08	[49, 73]	No_Gene3D_overlap
Q8NG08	[741, 798]	No_Gene3D_overlap
Q9H5I1	[0, 25]	No_Gene3D_overlap
Q9H5I1	[375, 409]	No_Gene3D_overlap
Q9H9G7	[354, 371]	paz domain
Q9HCU4	[38, 143]	No_Gene3D_overlap
Q9HCU4	[1227, 1368]	Laminin
Q9HCU4	[1785, 2019]	-
Q9P2D3	[1685, 1702]	No_Gene3D_overlap
Q9UH90	[5, 146]	Zinc/RING finger domain, C3HC4 (zinc finger)
Q9UH90	[661, 696]	No_Gene3D_overlap
Q9Y5H2	[775, 811]	No_Gene3D_overlap
A0ABB0MV19	[554, 581]	Sodium/glucose cotransporter
A0ABB0MV19	[593, 611]	No_Gene3D_overlap
A8MQ14	[76, 99]	No_Gene3D_overlap
A8MQ14	[211, 1089]	Classic Zinc Finger
O43155	[23, 44]	Ribonuclease Inhibitor
O43155	[621, 652]	No_Gene3D_overlap
O60242	[215, 245]	No_Gene3D_overlap
O60242	[296, 556]	Thrombospondin type-1 (TSP1) repeat
O60242	[1162, 1225]	Rhodopsin 7-helix transmembrane proteins
O94911	[950, 976]	No_Gene3D_overlap
P02748	[34, 192]	Thrombospondin type-1 (TSP1) repeat
P02748	[240, 262]	No_Gene3D_overlap
P15391	[147, 203]	Immunoglobulins
Q06730	[157, 183]	No_Gene3D_overlap
Q06730	[212, 778]	Classic Zinc Finger
Q06732	[163, 188]	No_Gene3D_overlap
Q06732	[205, 777]	Classic Zinc Finger
Q0VGE8	[157, 176]	No_Gene3D_overlap
Q0VGE8	[191, 650]	Classic Zinc Finger
Q13115	[142, 195]	Protein tyrosine phosphatase superfamily
Q2QGD7	[176, 449]	Classic Zinc Finger
Q5VWM6	[446, 473]	No_Gene3D_overlap
Q6ZMQ8	[487, 542]	No_Gene3D_overlap
Q86X10	[442, 475]	No_Gene3D_overlap
Q86X10	[500, 525]	No_Gene3D_overlap
Q8TDY4	[687, 713]	No_Gene3D_overlap
Q8TER0	[271, 920]	Laminin
Q8TER0	[1308, 1396]	Laminin
Q96CM8	[54, 82]	No_Gene3D_overlap
Q96SZ5	[1, 17]	No_Gene3D_overlap
Q9BRP4	[0, 46]	No_Gene3D_overlap
Q9H6E5	[5, 45]	No_Gene3D_overlap
Q9H6E5	[595, 618]	No_Gene3D_overlap
Q9HBE5	[288, 321]	No_Gene3D_overlap
Q9HBE5	[364, 397]	No_Gene3D_overlap
Q9NRE2	[137, 156]	No_Gene3D_overlap
Q9NRE2	[357, 421]	No_Gene3D_overlap
Q9NTG1	[191, 226]	No_Gene3D_overlap
Q9NTG1	[1039, 1054]	No_Gene3D_overlap
Q9NTG1	[1805, 1826]	No_Gene3D_overlap
P56715	[1237, 1321]	No_Gene3D_overlap
P56715	[2090, 2117]	No_Gene3D_overlap
Q5VW22	[94, 115]	No_Gene3D_overlap
Q8N9Z9	[52, 91]	No_Gene3D_overlap
Q9P2L0	[1139, 1180]	No_Gene3D_overlap
Q9UL18	[353, 368]	No_Gene3D_overlap
Q9UMS6	[89, 139]	-
O00548	[182, 527]	Laminin
O00755	[123, 141]	No_Gene3D_overlap
O00755	[195, 223]	No_Gene3D_overlap
O15537	[26, 86]	Galactose-binding domain-like
O75095	[107, 456]	Laminin
O75095	[502, 1504]	Tie2 ligand-binding domain superfamily
P57682	[259, 344]	Classic Zinc Finger
Q13117	[189, 212]	No_Gene3D_overlap
Q14584	[80, 547]	Classic Zinc Finger
Q15910	[69, 94]	No_Gene3D_overlap
Q15910	[272, 338]	No_Gene3D_overlap
Q2KHN1	[6, 168]	Zinc/RING finger domain, C3HC4 (zinc finger)
Q68CJ9	[134, 235]	No_Gene3D_overlap
Q6ZMP0	[287, 341]	No_Gene3D_overlap
Q6ZMP0	[368, 414]	-
Q6ZMP0	[627, 1017]	Thrombospondin type-1 (TSP1) repeat
Q6ZWJ8	[77, 664]	Complement Module, domain 1
Q6ZWJ8	[683, 1221]	Complement Module, domain 1
Q6ZWJ8	[1337, 1546]	No_Gene3D_overlap
Q86UE6	[21, 48]	Ribonuclease Inhibitor
Q86UE6	[501, 521]	No_Gene3D_overlap
Q8IU81	[0, 40]	No_Gene3D_overlap
Q8N684	[375, 405]	No_Gene3D_overlap
Q8NDT2	[299, 327]	-
Q9Y2G3	[388, 429]	No_Gene3D_overlap
Q9Y2G3	[496, 520]	Calcium-transporting ATPase, cytoplasmic domain N
Q9Y2G3	[1098, 1156]	No_Gene3D_overlap
O75486	[264, 287]	No_Gene3D_overlap
O75534	[103, 124]	No_Gene3D_overlap
O95069	[372, 422]	No_Gene3D_overlap
Q08999	[399, 427]	Cyclin-like
Q16671	[13, 33]	No_Gene3D_overlap
Q38SD2	[1151, 1206]	No_Gene3D_overlap
Q4KMG0	[1102, 1132]	No_Gene3D_overlap
Q5D0E6	[261, 282]	No_Gene3D_overlap
Q5W111	[0, 18]	No_Gene3D_overlap
Q92608	[1395, 1415]	No_Gene3D_overlap
Q96BZ4	[85, 110]	No_Gene3D_overlap
Q96BZ4	[488, 505]	No_Gene3D_overlap
Q9BTC0	[386, 431]	No_Gene3D_overlap
Q9H8X2	[287, 315]	No_Gene3D_overlap
Q9HC10	[766, 795]	No_Gene3D_overlap
Q9HC10	[1245, 1290]	No_Gene3D_overlap
Q9ULH4	[0, 21]	Ribonuclease Inhibitor
A6NCL1	[0, 30]	No_Gene3D_overlap
A6NCL1	[271, 304]	No_Gene3D_overlap
O15244	[45, 125]	MFS general substrate transporter like domains
O75460	[329, 346]	No_Gene3D_overlap
O94956	[472, 507]	MFS general substrate transporter like domains
P07204	[171, 477]	Laminin
P09543	[405, 420]	No_Gene3D_overlap
P0CH99	[122, 299]	Classic Zinc Finger
P15289	[472, 505]	No_Gene3D_overlap
P51816	[1100, 1116]	No_Gene3D_overlap
P51816	[1226, 1251]	No_Gene3D_overlap
P55196	[917, 950]	No_Gene3D_overlap
P55196	[963, 984]	No_Gene3D_overlap
Q13822	[46, 162]	-
Q14314	[27, 63]	No_Gene3D_overlap
Q14314	[87, 105]	No_Gene3D_overlap
Q14314	[180, 202]	Gamma Fibrinogen, chain A, domain 1
Q5K651	[146, 171]	No_Gene3D_overlap
Q6ZN32	[203, 245]	No_Gene3D_overlap
Q6ZN32	[281, 308]	No_Gene3D_overlap
Q86WG5	[1623, 1642]	No_Gene3D_overlap
Q8TBP0	[362, 384]	No_Gene3D_overlap
Q8TBP0	[697, 725]	No_Gene3D_overlap
Q9HBH9	[358, 402]	Transferase(Phosphotransferase) domain 1
Q9UL17	[328, 357]	No_Gene3D_overlap
O15050	[769, 786]	No_Gene3D_overlap
O15050	[2696, 2760]	No_Gene3D_overlap
P00519	[0, 37]	No_Gene3D_overlap
P16471	[593, 620]	No_Gene3D_overlap
Q00532	[297, 355]	No_Gene3D_overlap
Q03923	[90, 589]	Classic Zinc Finger
Q3YBR2	[171, 186]	-
Q3YBR2	[317, 342]	No_Gene3D_overlap
Q60I27	[566, 656]	Histone H3 K4-specific methyltransferase SET7/9 N-terminal domain
Q6IPT4	[16, 43]	No_Gene3D_overlap
Q8N8U9	[6, 62]	-
Q8N8U9	[527, 684]	Laminin
Q8WYQ5	[72, 111]	No_Gene3D_overlap
Q8WYQ5	[143, 164]	No_Gene3D_overlap
Q96LM9	[8, 25]	No_Gene3D_overlap
Q96N67	[65, 111]	No_Gene3D_overlap
Q96N67	[1264, 1279]	No_Gene3D_overlap
Q9BZR9	[461, 488]	No_Gene3D_overlap
Q9HCL3	[163, 532]	Classic Zinc Finger
Q9UJX5	[544, 560]	No_Gene3D_overlap
O43307	[71, 101]	Dbl homology (DH) domain
O75094	[880, 1144]	Laminin
O75094	[1291, 1522]	-
O75820	[135, 625]	Classic Zinc Finger
P0C7V9	[0, 29]	No_Gene3D_overlap
P11926	[428, 460]	No_Gene3D_overlap
Q01538	[578, 602]	No_Gene3D_overlap
Q01538	[618, 643]	No_Gene3D_overlap
Q01538	[778, 857]	-
Q13129	[477, 506]	No_Gene3D_overlap
Q13129	[650, 738]	Classic Zinc Finger
Q13129	[930, 987]	No_Gene3D_overlap
Q13129	[1039, 1066]	No_Gene3D_overlap
Q13129	[1301, 1497]	Classic Zinc Finger
Q13129	[1520, 1602]	No_Gene3D_overlap
Q14573	[1552, 1574]	No_Gene3D_overlap
Q14573	[2128, 2157]	No_Gene3D_overlap
Q5T1R4	[635, 674]	No_Gene3D_overlap
Q5T1R4	[1614, 1640]	No_Gene3D_overlap
Q5T1R4	[1732, 1818]	Classic Zinc Finger
Q5TIA1	[1249, 1271]	No_Gene3D_overlap
Q6NSW7	[213, 300]	No_Gene3D_overlap
Q6ZP01	[321, 483]	No_Gene3D_overlap
Q6ZP01	[549, 587]	No_Gene3D_overlap
Q8NB50	[136, 347]	Classic Zinc Finger
Q8NB50	[358, 876]	Classic Zinc Finger
Q8WWW0	[117, 218]	-
Q96CX6	[324, 341]	No_Gene3D_overlap
Q96F81	[68, 159]	No_Gene3D_overlap
Q96F81	[324, 353]	No_Gene3D_overlap
Q96F81	[1250, 1323]	No_Gene3D_overlap
Q96F81	[1365, 1418]	No_Gene3D_overlap
Q96F81	[1459, 1523]	No_Gene3D_overlap
Q9BQ31	[420, 436]	No_Gene3D_overlap
Q9BXK1	[128, 207]	Classic Zinc Finger
Q9C0C7	[287, 318]	No_Gene3D_overlap
Q9P0L9	[59, 87]	No_Gene3D_overlap
Q9P2J9	[61, 76]	PPM-type phosphatase domain
Q9UNQ0	[585, 620]	No_Gene3D_overlap
O14867	[130, 181]	Potassium Channel Kv1.1; Chain A
O14867	[456, 476]	No_Gene3D_overlap
P14210	[109, 453]	Plasminogen Kringle 4
P35030	[47, 86]	No_Gene3D_overlap
P43694	[203, 310]	Erythroid Transcription Factor GATA-1, subunit A
P50851	[1461, 1477]	No_Gene3D_overlap
P50851	[1678, 1703]	No_Gene3D_overlap
P50851	[2011, 2029]	No_Gene3D_overlap
Q16760	[953, 977]	No_Gene3D_overlap
Q3SXZ3	[89, 476]	Classic Zinc Finger
Q7Z2T5	[120, 144]	No_Gene3D_overlap
Q7Z2T5	[154, 251]	Vaccinia Virus protein VP39
Q86YR6	[23, 124]	No_Gene3D_overlap
Q8IVF6	[935, 991]	No_Gene3D_overlap
Q8WTQ7	[533, 550]	No_Gene3D_overlap
Q96PT3	[11, 38]	No_Gene3D_overlap
Q9BX93	[174, 194]	Phospholipase A2 domain
O15056	[17, 38]	No_Gene3D_overlap
O76015	[30, 122]	No_Gene3D_overlap
O76015	[407, 455]	-
O76031	[99, 119]	No_Gene3D_overlap
P35713	[321, 383]	No_Gene3D_overlap
P35789	[106, 618]	Classic Zinc Finger
Q07864	[2157, 2185]	No_Gene3D_overlap
Q304Z4	[322, 353]	No_Gene3D_overlap
Q6IQ55	[438, 514]	No_Gene3D_overlap
Q6ZS27	[13, 89]	No_Gene3D_overlap
Q6ZS27	[197, 425]	Classic Zinc Finger
Q8NE63	[374, 394]	No_Gene3D_overlap
Q96HD1	[38, 69]	No_Gene3D_overlap
Q9BU40	[27, 192]	-
Q9BU40	[246, 360]	Complement Module, domain 1
Q9BV87	[255, 364]	No_Gene3D_overlap
Q9H1A4	[982, 999]	No_Gene3D_overlap
Q9H582	[943, 1019]	No_Gene3D_overlap
Q9H9S0	[213, 300]	No_Gene3D_overlap
Q9HC78	[233, 258]	No_Gene3D_overlap
Q9HC78	[705, 740]	No_Gene3D_overlap
Q9NYL9	[145, 186]	Ribonuclease Inhibitor
Q9UET6	[207, 245]	No_Gene3D_overlap
A3QJZ6	[122, 153]	No_Gene3D_overlap
A3QJZ6	[448, 478]	No_Gene3D_overlap
O00161	[69, 95]	-
O15117	[766, 782]	SH3 Domains
O15194	[33, 62]	No_Gene3D_overlap
O60381	[180, 208]	No_Gene3D_overlap
P02787	[678, 697]	Periplasmic binding protein-like II
P26599	[10, 33]	No_Gene3D_overlap
Q12791	[675, 750]	No_Gene3D_overlap
Q15928	[101, 473]	Classic Zinc Finger
Q5T2Q4	[0, 137]	No_Gene3D_overlap
Q6ZQQ6	[1240, 1261]	No_Gene3D_overlap
Q7Z5K2	[268, 306]	No_Gene3D_overlap
Q8IWU6	[609, 646]	No_Gene3D_overlap
Q8IWU6	[734, 765]	No_Gene3D_overlap
Q8IWU6	[834, 853]	No_Gene3D_overlap
Q8N302	[226, 258]	No_Gene3D_overlap
Q8N302	[515, 554]	-
Q8NF50	[94, 115]	No_Gene3D_overlap
Q8NF50	[131, 162]	No_Gene3D_overlap
Q8NF50	[180, 218]	No_Gene3D_overlap
Q8NF50	[881, 898]	No_Gene3D_overlap
Q96NW7	[469, 523]	No_Gene3D_overlap
Q9C0G0	[464, 494]	No_Gene3D_overlap
Q9C0G0	[518, 642]	Classic Zinc Finger
Q9C0G0	[1672, 1833]	Classic Zinc Finger
Q9NS68	[209, 269]	No_Gene3D_overlap
P04198	[106, 130]	No_Gene3D_overlap
P0CI00	[119, 299]	Classic Zinc Finger
Q13077	[19, 65]	No_Gene3D_overlap
Q13077	[103, 184]	-
Q5TB30	[351, 393]	No_Gene3D_overlap
Q5TYX0	[447, 475]	No_Gene3D_overlap
Q5VUG0	[625, 671]	SLED domain
Q6S8J7	[16, 54]	No_Gene3D_overlap
Q6T4R5	[780, 835]	No_Gene3D_overlap
Q86VK4	[266, 357]	Classic Zinc Finger
Q86Z14	[963, 999]	Glycosidases
Q8N1L9	[63, 101]	-
Q8N5S9	[103, 124]	Phosphorylase Kinase; domain 1
Q92484	[59, 74]	No_Gene3D_overlap
Q96B67	[316, 345]	No_Gene3D_overlap
Q96CM4	[175, 190]	No_Gene3D_overlap
Q9BU19	[23, 38]	No_Gene3D_overlap
Q9BU19	[57, 120]	No_Gene3D_overlap
Q9BU19	[320, 465]	Classic Zinc Finger
Q9GZU7	[32, 82]	HAD superfamily/HAD-like
Q9HCX3	[112, 641]	Classic Zinc Finger
Q9NY15	[18, 359]	Tie2 ligand-binding domain superfamily
Q9NY15	[658, 687]	No_Gene3D_overlap
Q9NY15	[705, 997]	FAS1 domain
Q9NY15	[1258, 1583]	Laminin
Q9NY15	[1934, 2242]	Laminin
Q9UJW2	[47, 152]	Cysteine proteinases
H3BUK9	[22, 89]	No_Gene3D_overlap
O14901	[6, 53]	No_Gene3D_overlap
O14901	[208, 257]	No_Gene3D_overlap
O14901	[351, 481]	Classic Zinc Finger
O94929	[289, 348]	No_Gene3D_overlap
O95704	[252, 272]	Pleckstrin-homology domain (PH domain)/Phosphotyrosine-binding domain (PTB)
P08F94	[1870, 1901]	No_Gene3D_overlap
P08F94	[3295, 3333]	No_Gene3D_overlap
P08F94	[3992, 4029]	No_Gene3D_overlap
P35913	[0, 58]	-
Q13615	[321, 340]	No_Gene3D_overlap
Q5JTJ3	[2, 49]	Cytochrome c oxidase, subunit VIb
Q68DI1	[140, 159]	No_Gene3D_overlap
Q68DI1	[175, 517]	Classic Zinc Finger
Q6UWB1	[37, 52]	No_Gene3D_overlap
Q8N9V2	[247, 267]	No_Gene3D_overlap
Q969M2	[250, 288]	No_Gene3D_overlap
Q96HI0	[174, 233]	No_Gene3D_overlap
Q96JB3	[504, 614]	Classic Zinc Finger
Q9GZR1	[218, 247]	No_Gene3D_overlap
Q9GZR1	[958, 982]	-
Q9H158	[792, 822]	No_Gene3D_overlap
Q9P241	[706, 726]	Calcium-transporting ATPase, cytoplasmic domain N
Q9UHB9	[547, 579]	No_Gene3D_overlap
O14544	[327, 362]	No_Gene3D_overlap
O14639	[44, 109]	Cysteine Rich Protein
O14639	[179, 342]	Cysteine Rich Protein
O15541	[191, 318]	Zinc/RING finger domain, C3HC4 (zinc finger)
O75445	[45, 138]	-
O75445	[513, 1069]	Laminin
O75445	[3159, 3456]	Immunoglobulins
P22692	[131, 148]	No_Gene3D_overlap
P82675	[21, 43]	No_Gene3D_overlap
P82675	[62, 86]	No_Gene3D_overlap
Q14289	[350, 412]	Pleckstrin-homology domain (PH domain)/Phosphotyrosine-binding domain (PTB)
Q68D06	[369, 390]	No_Gene3D_overlap
Q8N806	[48, 140]	Zinc/RING finger domain, C3HC4 (zinc finger)
Q8TC27	[329, 541]	Disintegrin domain
Q8WYP3	[227, 283]	No_Gene3D_overlap
Q8WYQ9	[778, 818]	No_Gene3D_overlap
Q9H013	[101, 121]	No_Gene3D_overlap
Q9H013	[160, 191]	No_Gene3D_overlap
Q9H013	[335, 681]	Disintegrin domain
Q9H093	[336, 351]	Transferase(Phosphotransferase) domain 1
Q9H093	[598, 627]	No_Gene3D_overlap
Q9NQX0	[385, 416]	No_Gene3D_overlap
Q9NQX0	[484, 582]	Classic Zinc Finger
A4D2B8	[1, 29]	No_Gene3D_overlap
A4D2B8	[369, 404]	Histidine kinase-like ATPase, C-terminal domain
A6NKG5	[523, 559]	Acid Proteases
B1AJZ9	[554, 583]	No_Gene3D_overlap
B1AJZ9	[1207, 1232]	No_Gene3D_overlap
P16871	[273, 327]	No_Gene3D_overlap
P21453	[324, 340]	Rhodopsin 7-helix transmembrane proteins
P26010	[469, 680]	ntegrin, alpha v. Chain A, domain 3
P51784	[20, 47]	No_Gene3D_overlap
P98168	[285, 584]	Classic Zinc Finger
Q147U1	[169, 297]	Classic Zinc Finger
Q147U1	[380, 532]	Classic Zinc Finger
Q587J7	[256, 311]	No_Gene3D_overlap
Q587J7	[357, 376]	No_Gene3D_overlap
Q5T7W0	[245, 280]	No_Gene3D_overlap
Q5TYW1	[115, 178]	No_Gene3D_overlap
Q5TYW1	[193, 329]	Classic Zinc Finger
Q5TYW1	[340, 1058]	Classic Zinc Finger
Q5VTE6	[37, 168]	Endonuclease/exonuclease/phosphatase
Q86YV5	[0, 44]	No_Gene3D_overlap
Q86YV5	[984, 999]	No_Gene3D_overlap
Q86YV5	[1053, 1070]	No_Gene3D_overlap
Q96EG1	[500, 522]	No_Gene3D_overlap
Q96NH3	[70, 96]	No_Gene3D_overlap
Q96NH3	[158, 227]	No_Gene3D_overlap
Q9H9P5	[27, 160]	No_Gene3D_overlap
Q9H9P5	[184, 324]	No_Gene3D_overlap
Q9NRY4	[946, 966]	No_Gene3D_overlap
Q9NYJ7	[265, 468]	Laminin
Q9NZC4	[152, 182]	Winged helix-like DNA-binding domain superfamily/Winged helix DNA-binding domain
Q9UBN6	[88, 175]	Tumor Necrosis Factor Receptor, subunit A, domain 2
Q9UHC7	[361, 401]	Zinc/RING finger domain, C3HC4 (zinc finger)
Q9UKT9	[97, 272]	Classic Zinc Finger
O00507	[2134, 2149]	No_Gene3D_overlap
O15156	[341, 465]	Classic Zinc Finger
O94806	[542, 557]	Phosphorylase Kinase; domain 1
P10070	[398, 444]	Classic Zinc Finger
P10070	[498, 582]	Classic Zinc Finger
P29597	[287, 321]	No_Gene3D_overlap
P52746	[155, 407]	Classic Zinc Finger
P52746	[474, 604]	Classic Zinc Finger
P52746	[1023, 1049]	No_Gene3D_overlap
P52746	[1167, 1302]	Classic Zinc Finger
P52746	[1325, 1405]	Classic Zinc Finger
P52746	[1417, 1638]	Classic Zinc Finger
Q01954	[30, 71]	No_Gene3D_overlap
Q01954	[198, 213]	No_Gene3D_overlap
Q5JVG2	[167, 811]	Classic Zinc Finger
Q6ZN11	[112, 399]	Classic Zinc Finger
Q7RTS3	[44, 70]	No_Gene3D_overlap
Q8IXQ8	[243, 263]	No_Gene3D_overlap
Q8N103	[26, 50]	No_Gene3D_overlap
Q8N1G1	[945, 1035]	No_Gene3D_overlap
Q8N8U3	[370, 394]	No_Gene3D_overlap
Q8NHY6	[249, 284]	No_Gene3D_overlap
Q8NHY6	[377, 832]	Classic Zinc Finger
Q8TB24	[37, 52]	No_Gene3D_overlap
Q8TB24	[205, 246]	No_Gene3D_overlap
Q92800	[284, 364]	No_Gene3D_overlap
Q96JM3	[757, 798]	Classic Zinc Finger
Q9C040	[28, 167]	Classic Zinc Finger
O94851	[504, 523]	Calponin-like domain
P51587	[130, 173]	No_Gene3D_overlap
P51587	[472, 505]	No_Gene3D_overlap
P51587	[612, 630]	No_Gene3D_overlap
P51587	[1038, 1064]	No_Gene3D_overlap
P51587	[1134, 1163]	No_Gene3D_overlap
P51587	[1265, 1318]	No_Gene3D_overlap
P51587	[1351, 1395]	No_Gene3D_overlap
P51587	[1566, 1644]	No_Gene3D_overlap
P51587	[1670, 1697]	No_Gene3D_overlap
P51587	[1824, 1840]	No_Gene3D_overlap
P51587	[1873, 1936]	No_Gene3D_overlap
P51587	[1976, 2012]	No_Gene3D_overlap
P51587	[2326, 2347]	No_Gene3D_overlap
P51587	[2375, 2430]	No_Gene3D_overlap
P51587	[3182, 3238]	Nucleic acid-binding proteins
P51828	[640, 658]	No_Gene3D_overlap
P56705	[195, 241]	No_Gene3D_overlap
Q15466	[20, 56]	Retinoid X Receptor
Q8IXZ2	[650, 800]	Zinc finger, CCCH-type
Q8NEG5	[444, 556]	No_Gene3D_overlap
Q8NEG5	[567, 616]	No_Gene3D_overlap
Q8TC21	[180, 500]	Classic Zinc Finger
Q8TD26	[1929, 1961]	No_Gene3D_overlap
Q8TE54	[12, 36]	No_Gene3D_overlap
Q96QE2	[421, 488]	MFS general substrate transporter like domains
Q9BYW2	[816, 842]	No_Gene3D_overlap
Q9BYW2	[898, 922]	No_Gene3D_overlap
Q9UM63	[0, 172]	Classic Zinc Finger
A0AUZ9	[94, 112]	No_Gene3D_overlap
A0AUZ9	[130, 227]	No_Gene3D_overlap
A0AUZ9	[269, 301]	No_Gene3D_overlap
A0AUZ9	[893, 929]	No_Gene3D_overlap
O94913	[1430, 1490]	No_Gene3D_overlap
P09544	[29, 56]	No_Gene3D_overlap
P09544	[129, 150]	No_Gene3D_overlap
P50747	[101, 131]	No_Gene3D_overlap
Q02241	[438, 463]	Kinesin motor domain
Q02241	[763, 799]	Kinesin-like protein Kif23, Arf6-interacting domain
Q16594	[68, 101]	Histone, subunit A
Q5FWF6	[159, 423]	Classic Zinc Finger
Q6ZNH5	[100, 493]	Classic Zinc Finger
Q6ZTR5	[2485, 2521]	No_Gene3D_overlap
Q6ZWE6	[57, 128]	No_Gene3D_overlap
Q6ZWE6	[507, 539]	No_Gene3D_overlap
Q6ZWE6	[675, 760]	No_Gene3D_overlap
Q7Z745	[1185, 1211]	No_Gene3D_overlap
Q8N988	[85, 422]	Classic Zinc Finger
Q96EH3	[32, 60]	No_Gene3D_overlap
Q96HQ0	[95, 130]	No_Gene3D_overlap
Q96HQ0	[193, 507]	Classic Zinc Finger
Q9BWW7	[202, 327]	Classic Zinc Finger
Q9NRU3	[711, 726]	No_Gene3D_overlap
Q9NRU3	[761, 789]	No_Gene3D_overlap
Q9UMQ6	[61, 95]	No_Gene3D_overlap
Q9UPX8	[578, 601]	SH3 Domains
O00622	[18, 172]	Complement Module, domain 1
O00622	[184, 375]	Thrombospondin type-1 (TSP1) repeat
O95785	[404, 446]	No_Gene3D_overlap
O95785	[1039, 1087]	No_Gene3D_overlap
O95785	[1217, 1275]	No_Gene3D_overlap
O95785	[1368, 1405]	No_Gene3D_overlap
P04003	[323, 455]	Complement Module, domain 1
P04003	[467, 581]	-
P0CW18	[336, 395]	Trypsin-like serine proteases
P17040	[274, 290]	No_Gene3D_overlap
P17040	[692, 821]	Classic Zinc Finger
P17040	[872, 1036]	Classic Zinc Finger
Q11130	[63, 78]	No_Gene3D_overlap
Q14766	[354, 444]	Laminin
Q14766	[537, 735]	TGF-beta binding (TB) domain
Q14766	[867, 1716]	TGF-beta binding (TB) domain
Q14966	[404, 468]	No_Gene3D_overlap
Q15650	[148, 251]	No_Gene3D_overlap
Q15650	[545, 563]	Hypothetical protein.
Q5T5C0	[914, 938]	No_Gene3D_overlap
Q6ZMY9	[86, 102]	No_Gene3D_overlap
Q6ZMY9	[171, 338]	Classic Zinc Finger
Q6ZMY9	[366, 478]	Classic Zinc Finger
Q7Z3Y9	[75, 92]	No_Gene3D_overlap
Q86TJ5	[228, 537]	Classic Zinc Finger
Q8IVW1	[96, 118]	No_Gene3D_overlap
Q8IZC4	[77, 100]	No_Gene3D_overlap
Q96QE3	[826, 841]	No_Gene3D_overlap
Q96QE3	[1425, 1462]	No_Gene3D_overlap
Q96QE3	[1630, 1671]	No_Gene3D_overlap
Q96QE3	[1699, 1718]	No_Gene3D_overlap
Q9GZT5	[146, 168]	No_Gene3D_overlap
Q9GZT5	[230, 296]	No_Gene3D_overlap
A6NEQ0	[418, 460]	No_Gene3D_overlap
O14905	[131, 156]	No_Gene3D_overlap
O14905	[180, 246]	No_Gene3D_overlap
O15230	[293, 878]	Galactose-binding domain-like
O15230	[944, 979]	No_Gene3D_overlap
O15230	[1032, 1088]	No_Gene3D_overlap
O15230	[1197, 1249]	No_Gene3D_overlap
O15230	[1420, 1680]	Laminin
O15230	[1819, 2176]	Laminin
O75444	[29, 51]	No_Gene3D_overlap
P13798	[14, 33]	No_Gene3D_overlap
P17031	[150, 322]	Classic Zinc Finger
P17031	[353, 532]	Classic Zinc Finger
Q08AI8	[93, 142]	No_Gene3D_overlap
Q155Q3	[147, 200]	No_Gene3D_overlap
Q70EL2	[170, 189]	Cysteine proteinases
Q7Z6M1	[339, 371]	No_Gene3D_overlap
Q8N8Z8	[64, 692]	Classic Zinc Finger
Q8NHS4	[138, 173]	No_Gene3D_overlap
Q92870	[391, 430]	Pleckstrin-homology domain (PH domain)/Phosphotyrosine-binding domain (PTB)
Q92870	[553, 574]	Pleckstrin-homology domain (PH domain)/Phosphotyrosine-binding domain (PTB)
Q96EG3	[261, 523]	Classic Zinc Finger
Q96JF6	[114, 735]	Classic Zinc Finger
Q9H4D5	[264, 332]	Ribonuclease Inhibitor
Q9Y233	[265, 283]	No_Gene3D_overlap
A8MUZ8	[117, 299]	Classic Zinc Finger
B0I1T2	[973, 990]	No_Gene3D_overlap
O75128	[703, 748]	No_Gene3D_overlap
O95631	[251, 489]	Galactose-binding domain-like
P17032	[169, 553]	Classic Zinc Finger
Q2L4Q9	[529, 552]	No_Gene3D_overlap
Q7L0Y3	[62, 90]	No_Gene3D_overlap
Q7Z3V5	[72, 317]	Classic Zinc Finger
Q7Z3V5	[468, 608]	Classic Zinc Finger
Q86T24	[405, 433]	No_Gene3D_overlap
Q8N554	[173, 190]	No_Gene3D_overlap
Q8N554	[503, 577]	Classic Zinc Finger
Q8NC60	[140, 181]	No_Gene3D_overlap
Q8TCV5	[34, 138]	Elafin-like
Q96JP5	[308, 467]	Classic Zinc Finger
Q96JP5	[491, 541]	No_Gene3D_overlap
Q9BQT9	[673, 722]	No_Gene3D_overlap
Q9BT17	[0, 19]	No_Gene3D_overlap
Q9HCK1	[1144, 1225]	No_Gene3D_overlap
Q9HCK1	[1447, 1468]	No_Gene3D_overlap
Q9HCK1	[1507, 1628]	No_Gene3D_overlap
Q9HCK1	[1851, 1869]	No_Gene3D_overlap
Q9NS98	[724, 764]	No_Gene3D_overlap
Q9UBU7	[280, 302]	DBF zinc finger
Q9UGU0	[1625, 1657]	No_Gene3D_overlap
Q9UGU0	[1689, 1733]	No_Gene3D_overlap
Q9Y4E6	[850, 871]	No_Gene3D_overlap
Q9Y4E6	[976, 999]	No_Gene3D_overlap
Q9Y4E6	[1100, 1117]	No_Gene3D_overlap
Q9Y4G2	[1021, 1054]	No_Gene3D_overlap
B5MCY1	[1146, 1162]	No_Gene3D_overlap
B5MCY1	[1196, 1247]	No_Gene3D_overlap
O60879	[141, 165]	Formin, diaphanous GTPase-binding domain
P21128	[9, 154]	-
Q14940	[562, 581]	No_Gene3D_overlap
Q14940	[597, 652]	No_Gene3D_overlap
Q16828	[143, 169]	Rhodanese-like domain
Q8IV63	[0, 34]	No_Gene3D_overlap
Q8N7R0	[140, 227]	No_Gene3D_overlap
Q8WWR8	[463, 482]	-
Q9BYE2	[192, 224]	SRCR-like domain
Q9BYG4	[101, 130]	-
Q9ULI3	[1165, 1270]	No_Gene3D_overlap
Q9ULI3	[1329, 1345]	No_Gene3D_overlap
B7Z6K7	[199, 854]	Classic Zinc Finger
O75129	[512, 553]	No_Gene3D_overlap
O75129	[608, 635]	No_Gene3D_overlap
O75129	[646, 770]	Laminin
O75129	[967, 998]	No_Gene3D_overlap
O75529	[2, 72]	TFIID subunit TAF5, NTD2 domain
O75747	[1223, 1241]	No_Gene3D_overlap
P01225	[0, 27]	Cystine-knot cytokines
P23497	[668, 717]	High mobility group box domain
P40126	[10, 129]	Di-copper center containing domain from catechol oxidase
Q13608	[138, 160]	No_Gene3D_overlap
Q8IXF0	[20, 45]	Helix-loop-helix DNA-binding domain
Q96MR6	[331, 349]	No_Gene3D_overlap
Q9BXT8	[22, 128]	No_Gene3D_overlap
Q9BXT8	[271, 317]	No_Gene3D_overlap
Q9BXT8	[1140, 1165]	No_Gene3D_overlap
Q9BXT8	[1399, 1434]	No_Gene3D_overlap
Q9UL40	[62, 264]	Classic Zinc Finger
Q9Y5G0	[719, 798]	No_Gene3D_overlap
A0A7P0TAN4	[199, 640]	Classic Zinc Finger
O60260	[153, 207]	No_Gene3D_overlap
O60260	[314, 464]	-
P17927	[229, 360]	Complement Module, domain 1
P17927	[673, 811]	Complement Module, domain 1
P17927	[871, 1014]	Complement Module, domain 1
P17927	[1129, 1263]	Complement Module, domain 1
P28799	[12, 182]	Granulin
P28799	[437, 584]	Granulin
Q495A1	[214, 243]	No_Gene3D_overlap
Q6B0I6	[1, 21]	Cupin
Q6GPH4	[0, 187]	Zinc/RING finger domain, C3HC4 (zinc finger)
Q6ZMV8	[110, 383]	Classic Zinc Finger
Q6ZMV8	[397, 502]	Classic Zinc Finger
Q8TDX9	[0, 28]	No_Gene3D_overlap
Q8TDX9	[174, 208]	No_Gene3D_overlap
Q8TDX9	[270, 313]	No_Gene3D_overlap
Q8TDX9	[827, 844]	No_Gene3D_overlap
Q8TDX9	[2226, 2247]	No_Gene3D_overlap
Q8TDX9	[2353, 2456]	No_Gene3D_overlap
Q8TF17	[36, 76]	No_Gene3D_overlap
Q8TF17	[327, 385]	SH3 Domains
Q8TF17	[1262, 1282]	Tetratricopeptide repeat domain
Q96FT7	[280, 388]	Acid-sensing ion channels like domains
Q96H40	[111, 180]	Classic Zinc Finger
Q96H40	[199, 462]	Classic Zinc Finger
Q96RS6	[380, 426]	No_Gene3D_overlap
Q9UFD9	[433, 532]	No_Gene3D_overlap
Q9UFD9	[950, 972]	No_Gene3D_overlap
Q9UFD9	[1193, 1220]	No_Gene3D_overlap
Q9UJF2	[96, 152]	C2 domain
Q9Y2G0	[0, 17]	No_Gene3D_overlap
Q9Y2G0	[801, 816]	No_Gene3D_overlap
Q9Y473	[237, 457]	Classic Zinc Finger
A0A1W2PPM1	[92, 127]	No_Gene3D_overlap
A0A1W2PPM1	[262, 323]	No_Gene3D_overlap
A2VEC9	[73, 167]	No_Gene3D_overlap
A2VEC9	[357, 569]	Laminin
A2VEC9	[727, 1019]	Laminin
A2VEC9	[1167, 1524]	Low-density Lipoprotein Receptor
A2VEC9	[1564, 1690]	Thrombospondin type-1 (TSP1) repeat
A2VEC9	[1702, 1932]	Thrombospondin type-1 (TSP1) repeat
A2VEC9	[1944, 2032]	Thrombospondin type-1 (TSP1) repeat
A2VEC9	[2219, 2295]	Low-density Lipoprotein Receptor
A2VEC9	[2460, 2581]	Thrombospondin type-1 (TSP1) repeat
A2VEC9	[2592, 2738]	Thrombospondin type-1 (TSP1) repeat
A2VEC9	[2831, 3010]	Thrombospondin type-1 (TSP1) repeat
A2VEC9	[3022, 3211]	Thrombospondin type-1 (TSP1) repeat
A2VEC9	[3238, 3446]	Thrombospondin type-1 (TSP1) repeat
A2VEC9	[3700, 3769]	No_Gene3D_overlap
A2VEC9	[3883, 4026]	Thrombospondin type-1 (TSP1) repeat
A2VEC9	[4046, 4177]	Thrombospondin type-1 (TSP1) repeat
A2VEC9	[4200, 4545]	Thrombospondin type-1 (TSP1) repeat
A2VEC9	[4600, 5149]	Thrombospondin type-1 (TSP1) repeat
A6NI47	[86, 124]	No_Gene3D_overlap
C9JN71	[102, 530]	Classic Zinc Finger
O14559	[281, 332]	Rho GTPase activation protein
P0DPK3	[19, 269]	Laminin
Q13398	[198, 563]	Classic Zinc Finger
Q14393	[47, 285]	Laminin
Q15784	[189, 226]	No_Gene3D_overlap
Q15784	[260, 320]	No_Gene3D_overlap
Q5T5J6	[543, 568]	No_Gene3D_overlap
Q6ZMV5	[479, 500]	No_Gene3D_overlap
Q6ZU64	[609, 633]	No_Gene3D_overlap
Q6ZU64	[1548, 1574]	No_Gene3D_overlap
Q8N4W9	[228, 902]	Classic Zinc Finger
Q8NAT2	[727, 762]	No_Gene3D_overlap
Q96LW9	[149, 177]	No_Gene3D_overlap
Q96LW9	[239, 404]	Classic Zinc Finger
Q9BX63	[902, 920]	No_Gene3D_overlap
Q9HCJ3	[612, 687]	No_Gene3D_overlap
Q9P2E5	[371, 405]	No_Gene3D_overlap
Q9P2E5	[665, 680]	No_Gene3D_overlap
Q9UBJ2	[55, 85]	No_Gene3D_overlap
Q9UKP5	[452, 723]	Collagenase (Catalytic Domain)
Q9UKP5	[842, 1116]	Thrombospondin type-1 (TSP1) repeat
Q9Y2X0	[743, 843]	No_Gene3D_overlap
A0A0A6YYL3	[22, 89]	No_Gene3D_overlap
O95376	[124, 141]	Zinc/RING finger domain, C3HC4 (zinc finger)
O95388	[39, 264]	Thrombospondin type-1 (TSP1) repeat
O95388	[333, 363]	No_Gene3D_overlap
P02765	[128, 155]	-
P13497	[690, 787]	Spermadhesin, CUB domain
Q5U651	[492, 524]	-
Q6PDB4	[105, 142]	No_Gene3D_overlap
Q6PDB4	[184, 575]	Classic Zinc Finger
Q6X784	[275, 326]	No_Gene3D_overlap
Q6ZTR7	[276, 303]	No_Gene3D_overlap
Q8NC67	[382, 433]	No_Gene3D_overlap
Q8NDW4	[148, 179]	No_Gene3D_overlap
Q8NDW4	[216, 239]	Classic Zinc Finger
Q8NDW4	[351, 575]	Classic Zinc Finger
Q8NFJ8	[346, 380]	No_Gene3D_overlap
Q9UGI8	[7, 57]	No_Gene3D_overlap
Q9UP79	[116, 133]	No_Gene3D_overlap
Q9UP79	[651, 698]	-
Q9UPM6	[305, 362]	No_Gene3D_overlap
Q9Y2Q1	[54, 82]	-
Q9Y2Q1	[103, 561]	Classic Zinc Finger
A0A8I5KTY6	[33, 268]	Classic Zinc Finger
A6NNM3	[432, 532]	No_Gene3D_overlap
A6NNM3	[950, 971]	No_Gene3D_overlap
A6NNM3	[1194, 1220]	No_Gene3D_overlap
A6NNM3	[1367, 1384]	No_Gene3D_overlap
O14763	[82, 181]	Tumor Necrosis Factor Receptor, subunit A, domain 2
O95400	[224, 245]	No_Gene3D_overlap
O95841	[257, 280]	Gamma Fibrinogen, chain A, domain 1
P04628	[75, 117]	No_Gene3D_overlap
P04628	[129, 160]	No_Gene3D_overlap
P04628	[210, 235]	No_Gene3D_overlap
P04628	[249, 369]	-
Q17RS7	[241, 329]	5' to 3' exonuclease, C-terminal subdomain
Q17RS7	[628, 662]	No_Gene3D_overlap
Q17RS7	[675, 706]	No_Gene3D_overlap
Q6A163	[6, 84]	No_Gene3D_overlap
Q6A163	[415, 490]	No_Gene3D_overlap
Q6FI81	[237, 306]	No_Gene3D_overlap
Q86X45	[361, 388]	No_Gene3D_overlap
Q8N587	[230, 485]	Classic Zinc Finger
Q8NDA2	[4619, 4828]	Laminin
Q8NDA2	[4839, 4994]	Laminin
Q96MU6	[13, 35]	No_Gene3D_overlap
Q96MU6	[128, 728]	Classic Zinc Finger
Q9BWX5	[162, 280]	Erythroid Transcription Factor GATA-1, subunit A
Q9NR71	[347, 392]	No_Gene3D_overlap
Q9NYQ7	[1380, 1523]	Laminin
Q9NYQ7	[1900, 2136]	Laminin
Q9UBT6	[576, 662]	Classic Zinc Finger
Q9Y2I2	[299, 508]	Laminin
Q9Y2W3	[357, 386]	No_Gene3D_overlap
O95965	[46, 493]	Laminin
P49848	[442, 476]	No_Gene3D_overlap
Q01201	[276, 320]	Rel homology domain (RHD), DNA-binding domain
Q68CP9	[1622, 1696]	No_Gene3D_overlap
Q6ZN55	[202, 234]	No_Gene3D_overlap
Q6ZN55	[463, 680]	Classic Zinc Finger
Q6ZN55	[739, 842]	Classic Zinc Finger
Q86U70	[256, 282]	No_Gene3D_overlap
Q86Y25	[202, 378]	Classic Zinc Finger
Q86Y25	[405, 525]	Classic Zinc Finger
Q8NF37	[495, 522]	No_Gene3D_overlap
Q9Y272	[257, 280]	No_Gene3D_overlap
O00341	[480, 524]	Sodium:dicarboxylate symporter
O14649	[311, 333]	No_Gene3D_overlap
O43824	[88, 115]	GTPase HflX, N-terminal domain
P10074	[289, 584]	Classic Zinc Finger
P17014	[103, 203]	No_Gene3D_overlap
P17014	[257, 445]	Classic Zinc Finger
P17014	[485, 612]	Classic Zinc Finger
P17014	[624, 696]	Classic Zinc Finger
P36956	[927, 958]	No_Gene3D_overlap
P55822	[9, 45]	No_Gene3D_overlap
Q08AE8	[601, 635]	No_Gene3D_overlap
Q08AE8	[687, 729]	No_Gene3D_overlap
Q13315	[1878, 1899]	No_Gene3D_overlap
Q5KSL6	[334, 464]	-
Q8N6S4	[429, 449]	No_Gene3D_overlap
Q8TBC5	[408, 464]	Classic Zinc Finger
Q99941	[637, 657]	No_Gene3D_overlap
Q9HCF6	[69, 116]	No_Gene3D_overlap
Q9Y5F7	[762, 781]	No_Gene3D_overlap
A6NDE4	[418, 458]	No_Gene3D_overlap
O43309	[263, 606]	Classic Zinc Finger
P27815	[221, 249]	No_Gene3D_overlap
P42892	[92, 117]	Collagenase (Catalytic Domain)
P55809	[18, 36]	No_Gene3D_overlap
P80370	[17, 287]	Laminin
Q2PPJ7	[486, 502]	No_Gene3D_overlap
Q2PPJ7	[903, 923]	No_Gene3D_overlap
Q2PPJ7	[1511, 1555]	No_Gene3D_overlap
Q6P3R8	[519, 543]	No_Gene3D_overlap
Q6P3R8	[610, 647]	No_Gene3D_overlap
Q6UXH9	[15, 103]	No_Gene3D_overlap
Q7Z3F1	[610, 653]	No_Gene3D_overlap
Q8IWY8	[466, 492]	Homeodomain-like
Q8IWY8	[641, 848]	Classic Zinc Finger
Q8N2W9	[398, 423]	Zinc/RING finger domain, C3HC4 (zinc finger)
Q8TCJ0	[0, 55]	No_Gene3D_overlap
Q96N77	[241, 346]	Classic Zinc Finger
Q96N77	[366, 425]	Classic Zinc Finger
Q9BQS2	[129, 147]	C2 domain
Q9NWS1	[408, 470]	No_Gene3D_overlap
Q9NZR2	[22, 202]	Laminin
Q9NZR2	[786, 1251]	TolB, C-terminal domain
Q9NZR2	[2463, 3013]	Low-density Lipoprotein Receptor
Q9NZR2	[3282, 3884]	Low-density Lipoprotein Receptor
Q9NZR2	[4194, 4423]	TolB, C-terminal domain
Q9NZR2	[4560, 4597]	No_Gene3D_overlap
Q9UDY6	[245, 285]	No_Gene3D_overlap
Q9UHJ3	[596, 668]	SLED domain
O43506	[418, 665]	Disintegrin domain
P01133	[302, 472]	Laminin
P01133	[745, 998]	Laminin
P16389	[20, 35]	Potassium Channel Kv1.1; Chain A
P36941	[40, 180]	Tumor Necrosis Factor Receptor, subunit A, domain 2
P54687	[0, 26]	-
Q13562	[166, 198]	No_Gene3D_overlap
Q14517	[3743, 3840]	-
Q14517	[3966, 4172]	Laminin
Q5T890	[30, 55]	No_Gene3D_overlap
Q5T890	[1140, 1165]	No_Gene3D_overlap
Q6S8J3	[81, 124]	No_Gene3D_overlap
Q8NI29	[81, 117]	Galactose-binding domain-like
Q92900	[104, 121]	No_Gene3D_overlap
Q9BXU1	[208, 234]	-
Q9H9E1	[66, 115]	No_Gene3D_overlap
Q9UKK3	[140, 198]	No_Gene3D_overlap
Q9UKK3	[1487, 1559]	No_Gene3D_overlap
Q9Y4D8	[588, 614]	No_Gene3D_overlap
Q9Y4D8	[1529, 1614]	No_Gene3D_overlap
Q9Y4D8	[1776, 1805]	No_Gene3D_overlap
Q9Y4D8	[2128, 2164]	-
Q9Y4D8	[2197, 2222]	No_Gene3D_overlap
Q9Y5Y9	[926, 946]	No_Gene3D_overlap
Q9Y5Y9	[1097, 1143]	No_Gene3D_overlap
A6NN14	[112, 773]	Classic Zinc Finger
A6NN14	[788, 1028]	Classic Zinc Finger
O00291	[626, 655]	No_Gene3D_overlap
O00291	[699, 734]	No_Gene3D_overlap
O60494	[117, 485]	Laminin
Q13137	[137, 158]	-
Q1X8D7	[396, 412]	No_Gene3D_overlap
Q1X8D7	[567, 588]	No_Gene3D_overlap
Q6UWF7	[280, 325]	No_Gene3D_overlap
Q6ZRR7	[1406, 1442]	No_Gene3D_overlap
Q8IZY2	[48, 65]	No_Gene3D_overlap
Q8IZY2	[217, 274]	No_Gene3D_overlap
Q8IZY2	[1152, 1180]	No_Gene3D_overlap
Q8IZY2	[1311, 1346]	No_Gene3D_overlap
Q8NAP8	[180, 208]	No_Gene3D_overlap
Q8TAM2	[14, 41]	No_Gene3D_overlap
Q969N4	[0, 26]	Rhodopsin 7-helix transmembrane proteins
Q96A47	[2, 30]	Cysteine Rich Protein
Q96NL3	[247, 587]	Classic Zinc Finger
Q9Y6Q2	[218, 269]	No_Gene3D_overlap
Q9Y6Q2	[677, 734]	Mu homology domain, subdomain B
O43583	[22, 66]	No_Gene3D_overlap
O75362	[283, 312]	No_Gene3D_overlap
O75362	[677, 748]	No_Gene3D_overlap
Q07021	[57, 88]	Mitochondrial glycoprotein
Q12800	[221, 239]	No_Gene3D_overlap
Q562E7	[187, 220]	No_Gene3D_overlap
Q7Z6M3	[13, 38]	Immunoglobulins
Q7Z6M3	[316, 342]	No_Gene3D_overlap
Q86Y33	[144, 207]	No_Gene3D_overlap
Q8IUZ5	[2, 29]	No_Gene3D_overlap
Q8N9Y4	[307, 328]	No_Gene3D_overlap
Q8WY41	[127, 165]	No_Gene3D_overlap
Q92832	[259, 809]	Laminin
Q96GX5	[212, 253]	No_Gene3D_overlap
Q96GX5	[331, 484]	No_Gene3D_overlap
Q9BTX7	[302, 341]	No_Gene3D_overlap
Q9BZH6	[952, 968]	No_Gene3D_overlap
Q9C0B1	[454, 493]	FTO C-terminal domain
Q9HCU0	[154, 344]	Laminin
Q9NXW2	[350, 374]	No_Gene3D_overlap
Q9NZQ9	[146, 178]	No_Gene3D_overlap
Q9UIF8	[1820, 1852]	No_Gene3D_overlap
Q9UKD1	[167, 193]	SAND domain-like
Q9UKD1	[205, 230]	No_Gene3D_overlap
O00292	[239, 261]	Cystine-knot cytokines
O14786	[577, 633]	-
O95263	[104, 120]	No_Gene3D_overlap
P04070	[84, 193]	Coagulation Factor IX
P20591	[32, 50]	No_Gene3D_overlap
P56703	[131, 167]	No_Gene3D_overlap
P56703	[186, 228]	No_Gene3D_overlap
Q15428	[62, 84]	No_Gene3D_overlap
Q6ZMN7	[318, 446]	-
Q6ZMN7	[607, 650]	No_Gene3D_overlap
Q6ZMN7	[661, 680]	No_Gene3D_overlap
Q8IZC6	[224, 267]	-
Q8TDF5	[381, 431]	-
Q8TDQ1	[187, 206]	No_Gene3D_overlap
Q8TDQ1	[244, 261]	No_Gene3D_overlap
Q8WXD0	[37, 139]	Ribonuclease Inhibitor
Q96GX9	[0, 27]	Class II aldolase/adducin N-terminal domain
Q96ST3	[551, 616]	No_Gene3D_overlap
Q9Y219	[212, 998]	Laminin
Q9Y5G4	[767, 802]	No_Gene3D_overlap
O43147	[230, 256]	-
O43147	[432, 487]	No_Gene3D_overlap
P49796	[37, 81]	No_Gene3D_overlap
P49796	[416, 484]	No_Gene3D_overlap
P49796	[516, 541]	No_Gene3D_overlap
Q13367	[935, 982]	No_Gene3D_overlap
Q14112	[751, 993]	Green fluorescent protein
Q15637	[250, 275]	K Homology domain, type 1
Q6NUN9	[507, 585]	Classic Zinc Finger
Q8IZE3	[418, 493]	Leucine-rich Repeat Variant
Q8NAM6	[303, 421]	Classic Zinc Finger
Q8TC41	[239, 265]	Zinc/RING finger domain, C3HC4 (zinc finger)
Q8TF50	[43, 78]	No_Gene3D_overlap
Q8TF50	[303, 409]	Classic Zinc Finger
Q8TF50	[469, 552]	Classic Zinc Finger
Q8TF50	[622, 658]	No_Gene3D_overlap
Q92581	[585, 618]	No_Gene3D_overlap
Q969Q5	[185, 202]	No_Gene3D_overlap
Q96CW5	[3, 19]	No_Gene3D_overlap
O95084	[58, 76]	No_Gene3D_overlap
P46934	[289, 442]	No_Gene3D_overlap
Q04912	[1007, 1050]	No_Gene3D_overlap
Q5HYJ1	[24, 39]	No_Gene3D_overlap
Q5VU97	[107, 174]	No_Gene3D_overlap
Q5VU97	[947, 1083]	No_Gene3D_overlap
Q86UQ0	[198, 363]	Classic Zinc Finger
Q8IYD8	[769, 794]	No_Gene3D_overlap
Q8IYD8	[909, 978]	No_Gene3D_overlap
Q8IYD8	[1018, 1064]	No_Gene3D_overlap
Q8IYD8	[1633, 1660]	No_Gene3D_overlap
Q8IZ26	[238, 558]	Classic Zinc Finger
Q8NEP9	[90, 627]	Classic Zinc Finger
Q8TCN5	[245, 320]	No_Gene3D_overlap
Q8TCN5	[432, 457]	No_Gene3D_overlap
Q8TCN5	[896, 939]	No_Gene3D_overlap
Q9NP71	[238, 262]	No_Gene3D_overlap
Q9UIF9	[815, 845]	No_Gene3D_overlap
Q9UIF9	[1535, 1583]	No_Gene3D_overlap
Q9UL36	[0, 311]	Classic Zinc Finger
Q9UL36	[499, 546]	Classic Zinc Finger
Q9UL36	[642, 771]	Classic Zinc Finger
Q9UL36	[962, 1077]	Classic Zinc Finger
Q9UL36	[1156, 1273]	Classic Zinc Finger
Q9UL36	[1631, 1807]	Classic Zinc Finger
Q9Y4K3	[137, 262]	Zinc/RING finger domain, C3HC4 (zinc finger)
O60281	[2, 26]	No_Gene3D_overlap
O60281	[565, 599]	No_Gene3D_overlap
O60281	[803, 830]	No_Gene3D_overlap
O60281	[1366, 1425]	No_Gene3D_overlap
O60281	[2237, 2265]	No_Gene3D_overlap
O60281	[2361, 2438]	No_Gene3D_overlap
O60281	[2636, 2672]	No_Gene3D_overlap
P51610	[1000, 1017]	No_Gene3D_overlap
P51610	[1032, 1078]	No_Gene3D_overlap
Q6UXU4	[282, 309]	No_Gene3D_overlap
Q7Z699	[326, 440]	No_Gene3D_overlap
Q7Z6J6	[308, 329]	No_Gene3D_overlap
Q7Z7L1	[121, 172]	No_Gene3D_overlap
Q86UW6	[57, 88]	No_Gene3D_overlap
Q86UW6	[589, 609]	No_Gene3D_overlap
Q86UW6	[1125, 1165]	No_Gene3D_overlap
Q86UW6	[1363, 1408]	No_Gene3D_overlap
Q8IXT1	[194, 262]	No_Gene3D_overlap
Q8IXT1	[523, 649]	No_Gene3D_overlap
Q8IXT1	[659, 688]	No_Gene3D_overlap
Q8IXT1	[843, 906]	No_Gene3D_overlap
Q8IXT1	[917, 997]	No_Gene3D_overlap
Q8TD94	[197, 280]	Classic Zinc Finger
Q8TEP8	[327, 376]	No_Gene3D_overlap
Q8TEP8	[400, 452]	No_Gene3D_overlap
Q8TEP8	[585, 618]	No_Gene3D_overlap
Q8TEP8	[1301, 1376]	No_Gene3D_overlap
Q8TEP8	[2389, 2418]	Immunoglobulins
Q8WVS4	[525, 548]	No_Gene3D_overlap
Q92785	[6, 59]	No_Gene3D_overlap
Q96P64	[94, 116]	No_Gene3D_overlap
Q96PV0	[40, 68]	No_Gene3D_overlap
Q99259	[24, 76]	No_Gene3D_overlap
Q9BTT6	[410, 462]	No_Gene3D_overlap
Q9C0A6	[80, 122]	No_Gene3D_overlap
Q9C0A6	[394, 418]	SET domain
Q9C0A6	[704, 766]	No_Gene3D_overlap
Q9UJU3	[187, 891]	Classic Zinc Finger
Q9Y4K0	[519, 593]	SRCR-like domain
Q9Y4X4	[315, 399]	Classic Zinc Finger
A2A3K4	[36, 72]	No_Gene3D_overlap
P30307	[25, 60]	No_Gene3D_overlap
P30307	[235, 258]	No_Gene3D_overlap
P35555	[57, 393]	TGF-beta binding (TB) domain
P35555	[435, 1718]	Laminin
P35555	[1803, 2689]	TGF-beta binding (TB) domain
P45844	[382, 404]	No_Gene3D_overlap
Q14520	[65, 212]	Laminin
Q15345	[0, 23]	No_Gene3D_overlap
Q15345	[414, 432]	No_Gene3D_overlap
Q15345	[577, 612]	Ribonuclease Inhibitor
Q58G82	[8, 46]	C2 domain
Q5T0B9	[219, 410]	Classic Zinc Finger
Q6P2D8	[751, 791]	No_Gene3D_overlap
Q6ZTB9	[0, 186]	Classic Zinc Finger
Q7Z3I7	[119, 518]	Classic Zinc Finger
Q8IZH2	[1437, 1505]	No_Gene3D_overlap
Q8N474	[161, 196]	-
Q8NFZ3	[725, 747]	No_Gene3D_overlap
Q8TCC7	[36, 97]	MFS general substrate transporter like domains
Q96H79	[91, 129]	No_Gene3D_overlap
Q9BXC9	[684, 706]	No_Gene3D_overlap
Q9BZ11	[337, 687]	Collagenase (Catalytic Domain)
Q9BZ11	[705, 737]	No_Gene3D_overlap
Q9NXW9	[5, 36]	No_Gene3D_overlap
Q9NZM3	[621, 640]	No_Gene3D_overlap
Q9Y6V0	[2916, 2933]	No_Gene3D_overlap
Q9Y6V0	[2959, 2981]	No_Gene3D_overlap
O60566	[723, 753]	No_Gene3D_overlap
P18084	[454, 662]	Laminin
Q15911	[186, 201]	No_Gene3D_overlap
Q15911	[1071, 1093]	No_Gene3D_overlap
Q15911	[2735, 2769]	No_Gene3D_overlap
Q15911	[2998, 3036]	Homeodomain-like
Q15911	[3458, 3497]	No_Gene3D_overlap
Q15911	[3532, 3566]	No_Gene3D_overlap
Q16587	[245, 454]	Classic Zinc Finger
Q16587	[509, 593]	Classic Zinc Finger
Q494X3	[210, 551]	Classic Zinc Finger
Q5IJ48	[39, 453]	Laminin
Q5IJ48	[1041, 1227]	Laminin
Q5VWI1	[123, 157]	No_Gene3D_overlap
Q6IE37	[21, 87]	No_Gene3D_overlap
Q6X4W1	[318, 348]	No_Gene3D_overlap
Q86V71	[165, 650]	Classic Zinc Finger
Q8IUW3	[356, 417]	No_Gene3D_overlap
Q8NB42	[212, 608]	Classic Zinc Finger
Q96LW1	[202, 326]	Classic Zinc Finger
Q96LW1	[343, 611]	Classic Zinc Finger
Q96QV1	[52, 94]	No_Gene3D_overlap
Q96QV1	[578, 694]	TolB, C-terminal domain
Q9NQB0	[444, 497]	No_Gene3D_overlap
Q9NYN1	[216, 231]	No_Gene3D_overlap
Q9P2N5	[281, 309]	No_Gene3D_overlap
Q9UHP7	[58, 80]	Mannose-Binding Protein A, subunit A
A6NF34	[421, 591]	No_Gene3D_overlap
O15016	[0, 46]	No_Gene3D_overlap
O15016	[97, 144]	No_Gene3D_overlap
O15016	[1001, 1024]	No_Gene3D_overlap
O75061	[390, 436]	No_Gene3D_overlap
O75153	[160, 209]	No_Gene3D_overlap
O75153	[578, 597]	No_Gene3D_overlap
O75153	[685, 716]	No_Gene3D_overlap
P07814	[684, 711]	Ribosomal Protein L25; Chain P
P11047	[282, 512]	Galactose-binding domain-like
P11047	[667, 1047]	Laminin
P17027	[153, 637]	Classic Zinc Finger
P25391	[269, 517]	Galactose-binding domain-like
P25391	[703, 1168]	Laminin
P25391	[1336, 1570]	Laminin
P25391	[2671, 2707]	-
P57052	[92, 107]	No_Gene3D_overlap
P78504	[202, 999]	Laminin
P98088	[210, 443]	Laminin
P98088	[603, 890]	Laminin
P98088	[1057, 1321]	No_Gene3D_overlap
P98088	[1397, 1482]	No_Gene3D_overlap
P98088	[1574, 1688]	No_Gene3D_overlap
P98088	[1735, 1851]	No_Gene3D_overlap
P98088	[1947, 2058]	No_Gene3D_overlap
P98088	[2112, 2221]	No_Gene3D_overlap
P98088	[3214, 3327]	No_Gene3D_overlap
P98088	[3515, 3626]	No_Gene3D_overlap
P98088	[3948, 4058]	No_Gene3D_overlap
P98088	[4622, 4743]	No_Gene3D_overlap
P98088	[4772, 4831]	No_Gene3D_overlap
P98088	[4861, 4924]	No_Gene3D_overlap
P98088	[5052, 5101]	No_Gene3D_overlap
P98088	[5137, 5152]	No_Gene3D_overlap
P98088	[5203, 5620]	Laminin
Q15334	[635, 660]	No_Gene3D_overlap
Q6P2D0	[174, 406]	Classic Zinc Finger
Q6PL18	[729, 774]	P-loop containing nucleotide triphosphate hydrolases
Q7Z3S7	[867, 889]	No_Gene3D_overlap
Q7Z3S7	[1067, 1092]	No_Gene3D_overlap
Q8IUB2	[28, 214]	Elafin-like
Q8NA54	[614, 634]	No_Gene3D_overlap
Q8NCE2	[417, 439]	No_Gene3D_overlap
Q8NCE2	[573, 599]	No_Gene3D_overlap
Q8NCL4	[74, 105]	Spore Coat Polysaccharide Biosynthesis Protein SpsA; Chain A
Q96EN8	[660, 692]	No_Gene3D_overlap
Q96N20	[139, 290]	Classic Zinc Finger
Q96T49	[547, 566]	No_Gene3D_overlap
Q9NSJ1	[66, 143]	Classic Zinc Finger
Q9NSJ1	[195, 427]	Classic Zinc Finger
Q9NXG2	[33, 73]	No_Gene3D_overlap
Q9Y5F8	[717, 804]	No_Gene3D_overlap
O00744	[91, 115]	No_Gene3D_overlap
O00744	[210, 271]	No_Gene3D_overlap
O14640	[357, 376]	No_Gene3D_overlap
O15266	[59, 96]	No_Gene3D_overlap
O95544	[65, 100]	Probable inorganic polyphosphate/atp-NAD kinase; domain 1
P0C025	[2, 49]	No_Gene3D_overlap
P56706	[120, 138]	No_Gene3D_overlap
P56706	[188, 223]	No_Gene3D_overlap
Q13434	[397, 433]	Zinc/RING finger domain, C3HC4 (zinc finger)
Q14449	[77, 120]	Phosphatidylinositol 3-kinase Catalytic Subunit; Chain A, domain 1
Q14449	[366, 416]	No_Gene3D_overlap
Q15389	[29, 56]	No_Gene3D_overlap
Q6PI77	[252, 297]	No_Gene3D_overlap
Q7L0X0	[672, 703]	No_Gene3D_overlap
Q7L0X0	[790, 810]	No_Gene3D_overlap
Q8N883	[53, 115]	-
Q8N883	[171, 353]	Classic Zinc Finger
Q8N883	[366, 572]	Classic Zinc Finger
Q96D09	[447, 482]	No_Gene3D_overlap
Q96D09	[571, 592]	No_Gene3D_overlap
Q96FS4	[744, 780]	-
Q96L94	[144, 171]	No_Gene3D_overlap
Q9ULL4	[1075, 1127]	No_Gene3D_overlap
Q9ULL4	[1142, 1162]	No_Gene3D_overlap
Q9UQP3	[78, 265]	Immunoglobulins
O76083	[204, 240]	No_Gene3D_overlap
O94941	[348, 365]	No_Gene3D_overlap
O95760	[12, 83]	No_Gene3D_overlap
P01111	[170, 188]	P-loop containing nucleotide triphosphate hydrolases
P17036	[196, 426]	Classic Zinc Finger
P62955	[213, 228]	-
Q16363	[58, 316]	Laminin
Q5JST6	[375, 416]	-
Q6DN72	[381, 415]	No_Gene3D_overlap
Q7Z353	[236, 275]	No_Gene3D_overlap
Q86SQ6	[350, 403]	No_Gene3D_overlap
Q8NEA6	[430, 493]	Classic Zinc Finger
Q8NEA6	[743, 774]	No_Gene3D_overlap
Q9NY47	[861, 884]	No_Gene3D_overlap
Q9NY47	[1062, 1109]	No_Gene3D_overlap
Q9UBT2	[148, 177]	Ubiquitin activating enzymes (Uba3). Chain: B, domain 2
Q9UBZ4	[450, 486]	No_Gene3D_overlap
Q9UL68	[312, 349]	No_Gene3D_overlap
Q9Y2Y9	[165, 250]	Classic Zinc Finger
O14709	[152, 179]	No_Gene3D_overlap
O14709	[344, 990]	Classic Zinc Finger
O43525	[675, 694]	No_Gene3D_overlap
O95428	[34, 191]	Thrombospondin type-1 (TSP1) repeat
O95428	[291, 530]	Thrombospondin type-1 (TSP1) repeat
O95428	[629, 676]	No_Gene3D_overlap
O95428	[1230, 1277]	No_Gene3D_overlap
P0DJJ0	[334, 371]	Arfaptin homology (AH) domain/BAR domain
P17029	[372, 562]	Classic Zinc Finger
P22674	[94, 125]	Cyclin-like
Q13621	[51, 80]	No_Gene3D_overlap
Q86TJ2	[121, 148]	No_Gene3D_overlap
Q86XP1	[1024, 1044]	No_Gene3D_overlap
Q8IZF5	[185, 227]	No_Gene3D_overlap
Q8IZF5	[1039, 1061]	Rhodopsin 7-helix transmembrane proteins
Q8N2H3	[382, 407]	FAD/NAD(P)-binding domain
Q8TAM1	[509, 532]	No_Gene3D_overlap
Q96PM5	[16, 153]	Zinc/RING finger domain, C3HC4 (zinc finger)
Q96SQ5	[213, 571]	Classic Zinc Finger
Q9BQF6	[93, 173]	No_Gene3D_overlap
Q9BQF6	[482, 510]	No_Gene3D_overlap
Q9BXP8	[581, 663]	Collagenase (Catalytic Domain)
Q9BXP8	[876, 940]	No_Gene3D_overlap
Q9BXP8	[1091, 1249]	No_Gene3D_overlap
Q9BXP8	[1371, 1499]	Complement Module, domain 1
Q9BXP8	[1570, 1790]	Complement Module, domain 1
Q9H1J5	[108, 126]	No_Gene3D_overlap
Q9H9K5	[347, 373]	No_Gene3D_overlap
Q9NSN8	[145, 199]	No_Gene3D_overlap
Q9UI33	[530, 554]	No_Gene3D_overlap
Q9UI33	[873, 893]	No_Gene3D_overlap
Q9UI33	[1014, 1042]	No_Gene3D_overlap
Q9ULG6	[615, 647]	No_Gene3D_overlap
Q9Y5E6	[726, 773]	No_Gene3D_overlap
O43395	[622, 658]	No_Gene3D_overlap
O43900	[22, 62]	No_Gene3D_overlap
O43900	[75, 112]	No_Gene3D_overlap
O95153	[1705, 1728]	No_Gene3D_overlap
O95294	[670, 768]	Pleckstrin-homology domain (PH domain)/Phosphotyrosine-binding domain (PTB)
Q01804	[277, 314]	No_Gene3D_overlap
Q01804	[657, 694]	No_Gene3D_overlap
Q13395	[290, 313]	No_Gene3D_overlap
Q13395	[850, 878]	No_Gene3D_overlap
Q14CB8	[14, 32]	No_Gene3D_overlap
Q14CB8	[319, 350]	No_Gene3D_overlap
Q15942	[368, 571]	Cysteine Rich Protein
Q16134	[4, 32]	No_Gene3D_overlap
Q5EBL2	[32, 224]	Classic Zinc Finger
Q5EBL2	[280, 311]	No_Gene3D_overlap
Q5EBL2	[451, 640]	Classic Zinc Finger
Q6P1J6	[311, 365]	No_Gene3D_overlap
Q6P1J6	[670, 707]	SGNH hydrolase
Q6P1J6	[1021, 1060]	SGNH hydrolase
Q6WRX3	[14, 33]	No_Gene3D_overlap
Q86T65	[1, 41]	Leucine-rich Repeat Variant
Q8IZP9	[205, 251]	No_Gene3D_overlap
Q8N1G0	[505, 555]	No_Gene3D_overlap
Q8N1G0	[588, 609]	No_Gene3D_overlap
Q8N1G0	[660, 883]	Classic Zinc Finger
Q8NA31	[552, 615]	No_Gene3D_overlap
Q96PT4	[11, 32]	No_Gene3D_overlap
Q9GZM8	[246, 286]	No_Gene3D_overlap
Q9NYY3	[344, 368]	No_Gene3D_overlap
Q9NYY3	[436, 473]	No_Gene3D_overlap
Q9P1Y6	[100, 260]	Zinc/RING finger domain, C3HC4 (zinc finger)
Q9UL58	[264, 515]	Classic Zinc Finger
Q9UL62	[924, 968]	No_Gene3D_overlap
Q9UM73	[83, 98]	No_Gene3D_overlap
Q9UM73	[888, 914]	No_Gene3D_overlap
Q9UM73	[961, 1045]	No_Gene3D_overlap
A6NMZ7	[1378, 1395]	No_Gene3D_overlap
O43149	[704, 722]	No_Gene3D_overlap
O43149	[1411, 1435]	No_Gene3D_overlap
O43149	[1918, 1937]	No_Gene3D_overlap
O43149	[2695, 2715]	No_Gene3D_overlap
O43149	[2727, 2767]	No_Gene3D_overlap
O43663	[168, 213]	No_Gene3D_overlap
O95819	[870, 895]	No_Gene3D_overlap
P26045	[312, 355]	No_Gene3D_overlap
P26045	[473, 502]	-
P48506	[491, 506]	No_Gene3D_overlap
P53804	[1458, 1473]	No_Gene3D_overlap
P78563	[452, 483]	No_Gene3D_overlap
Q12756	[905, 926]	No_Gene3D_overlap
Q12756	[1109, 1126]	No_Gene3D_overlap
Q12756	[1326, 1351]	No_Gene3D_overlap
Q12756	[1443, 1474]	No_Gene3D_overlap
Q12955	[3986, 4017]	No_Gene3D_overlap
Q5EG05	[92, 123]	No_Gene3D_overlap
Q5TCQ9	[320, 344]	-
Q6P158	[171, 220]	No_Gene3D_overlap
Q6ZN28	[73, 96]	No_Gene3D_overlap
Q8IXQ6	[35, 59]	Leucine Aminopeptidase, subunit E, domain 1
Q8IYX0	[73, 410]	Classic Zinc Finger
Q8NA42	[168, 474]	Classic Zinc Finger
Q8NFT6	[447, 464]	No_Gene3D_overlap
Q8NFT6	[532, 552]	No_Gene3D_overlap
Q8NFT6	[593, 614]	No_Gene3D_overlap
Q96BT7	[327, 365]	-
Q9HBJ7	[122, 145]	No_Gene3D_overlap
Q9NZU1	[643, 658]	No_Gene3D_overlap
Q9UHF1	[28, 176]	Laminin
Q9UNX4	[262, 281]	YVTN repeat-like/Quinoprotein amine dehydrogenase
A0A5F9ZHS7	[104, 165]	No_Gene3D_overlap
A0A5F9ZHS7	[178, 226]	No_Gene3D_overlap
A8MYU2	[614, 644]	No_Gene3D_overlap
A8MYU2	[684, 717]	NAD(P)-binding Rossmann-like Domain
O14497	[1819, 1840]	No_Gene3D_overlap
P0CJ78	[211, 276]	Classic Zinc Finger
P0CJ78	[344, 428]	Classic Zinc Finger
P0CJ78	[549, 635]	Classic Zinc Finger
P0CJ78	[831, 1038]	Classic Zinc Finger
P0DJD3	[418, 459]	No_Gene3D_overlap
P23378	[970, 1010]	No_Gene3D_overlap
Q01081	[134, 188]	-
Q14679	[85, 141]	No_Gene3D_overlap
Q14679	[336, 387]	No_Gene3D_overlap
Q14679	[403, 433]	No_Gene3D_overlap
Q14679	[544, 570]	No_Gene3D_overlap
Q15361	[863, 904]	No_Gene3D_overlap
Q3SXY7	[652, 668]	No_Gene3D_overlap
Q6PJI9	[900, 921]	No_Gene3D_overlap
Q6PJI9	[938, 973]	No_Gene3D_overlap
Q6ZMY6	[410, 448]	No_Gene3D_overlap
Q8IYW4	[136, 156]	-
Q8IYW4	[363, 385]	No_Gene3D_overlap
Q8N3X1	[199, 219]	-
Q8WTZ4	[91, 135]	Alpha carbonic anhydrase
Q96RN5	[565, 599]	No_Gene3D_overlap
Q96RN5	[642, 685]	No_Gene3D_overlap
Q96RN5	[714, 737]	No_Gene3D_overlap
Q9NPF0	[52, 162]	Low-density Lipoprotein Receptor
P10073	[259, 490]	Classic Zinc Finger
P20674	[22, 51]	Cytochrome c oxidase, subunit Va/VI
P68543	[13, 65]	SEP domain
Q12901	[156, 537]	Classic Zinc Finger
Q13064	[223, 240]	No_Gene3D_overlap
Q13064	[397, 436]	Zinc/RING finger domain, C3HC4 (zinc finger)
Q15365	[176, 200]	No_Gene3D_overlap
Q15365	[210, 245]	No_Gene3D_overlap
Q4G112	[336, 357]	No_Gene3D_overlap
Q4G112	[440, 472]	No_Gene3D_overlap
Q6N063	[0, 30]	No_Gene3D_overlap
Q6N063	[334, 349]	No_Gene3D_overlap
Q7Z3Y7	[71, 102]	No_Gene3D_overlap
Q8IZP6	[186, 309]	Zinc finger, CCCH-type
Q8N2N9	[776, 805]	No_Gene3D_overlap
Q8WXF8	[0, 17]	No_Gene3D_overlap
Q92750	[571, 631]	No_Gene3D_overlap
Q9BYU1	[78, 100]	No_Gene3D_overlap
Q9H2D6	[0, 39]	No_Gene3D_overlap
Q9H706	[183, 227]	No_Gene3D_overlap
Q9H706	[344, 399]	No_Gene3D_overlap
Q9H706	[776, 800]	No_Gene3D_overlap
Q9NRR6	[249, 265]	No_Gene3D_overlap
Q9NYB5	[469, 492]	No_Gene3D_overlap
Q9NYB5	[502, 542]	No_Gene3D_overlap
Q9P2Y5	[650, 687]	No_Gene3D_overlap
Q9UNX9	[352, 398]	G protein-activated inward rectifier potassium channel 1
Q9Y2E4	[915, 936]	No_Gene3D_overlap
A2VCK2	[93, 121]	Doublecortin domain
O94983	[200, 225]	No_Gene3D_overlap
P09960	[0, 27]	tricorn interacting facor f3 domain
P13682	[214, 401]	Classic Zinc Finger
P13682	[442, 526]	Classic Zinc Finger
P25490	[281, 412]	Classic Zinc Finger
P41134	[22, 55]	Helix-loop-helix DNA-binding domain
Q04721	[19, 1542]	Laminin
Q13423	[3, 30]	No_Gene3D_overlap
Q13751	[220, 593]	Tie2 ligand-binding domain superfamily
Q13751	[763, 846]	No_Gene3D_overlap
Q3T906	[1076, 1106]	No_Gene3D_overlap
Q5TIE3	[171, 194]	No_Gene3D_overlap
Q5TIE3	[1078, 1099]	No_Gene3D_overlap
Q86WZ6	[248, 798]	Classic Zinc Finger
Q8IUL8	[112, 272]	Thrombospondin type-1 (TSP1) repeat
Q8IUL8	[370, 457]	Immunoglobulins
Q8IUL8	[777, 822]	No_Gene3D_overlap
Q8IUL8	[973, 993]	No_Gene3D_overlap
Q8IUL8	[1077, 1134]	No_Gene3D_overlap
Q8N143	[296, 467]	Classic Zinc Finger
Q8N2R0	[165, 310]	Classic Zinc Finger
Q8N446	[101, 118]	No_Gene3D_overlap
Q8N446	[142, 161]	No_Gene3D_overlap
Q92547	[314, 342]	BRCT domain
Q92817	[2004, 2031]	Plakin repeat
Q96S38	[717, 747]	No_Gene3D_overlap
Q96S38	[792, 827]	No_Gene3D_overlap
Q9BXR6	[365, 568]	Complement Module, domain 1
Q9BXX0	[101, 121]	No_Gene3D_overlap
Q9BXX0	[546, 565]	No_Gene3D_overlap
Q9C0C9	[338, 388]	No_Gene3D_overlap
Q9C0C9	[903, 926]	Ubiquitin Conjugating Enzyme
Q9C0D5	[131, 176]	No_Gene3D_overlap
Q9NRM6	[484, 501]	-
Q9UK13	[107, 597]	Classic Zinc Finger
O15072	[500, 721]	-
O15072	[859, 1058]	Thrombospondin type-1 (TSP1) repeat
O60266	[620, 642]	No_Gene3D_overlap
O95170	[0, 28]	No_Gene3D_overlap
O95780	[218, 497]	Classic Zinc Finger
P08048	[200, 246]	No_Gene3D_overlap
P08048	[420, 798]	Classic Zinc Finger
P0C6A0	[39, 75]	No_Gene3D_overlap
P50549	[277, 327]	Winged helix-like DNA-binding domain superfamily/Winged helix DNA-binding domain
P54296	[70, 91]	No_Gene3D_overlap
Q03112	[199, 431]	Classic Zinc Finger
Q03112	[875, 995]	Classic Zinc Finger
Q6ZN30	[114, 138]	No_Gene3D_overlap
Q8N8Y5	[57, 197]	Classic Zinc Finger
Q96EF0	[532, 670]	No_Gene3D_overlap
A6NDX5	[137, 524]	Classic Zinc Finger
A6NDX5	[544, 712]	Classic Zinc Finger
O75970	[629, 665]	-
O94953	[655, 708]	No_Gene3D_overlap
P22105	[68, 169]	Laminin
P22105	[183, 797]	Laminin
P37173	[212, 235]	Phosphorylase Kinase; domain 1
P98153	[227, 368]	Mannose-Binding Protein A, subunit A
Q13886	[142, 231]	Classic Zinc Finger
Q15415	[418, 458]	No_Gene3D_overlap
Q5H9F3	[1048, 1073]	No_Gene3D_overlap
Q5H9F3	[1628, 1649]	No_Gene3D_overlap
Q5SRH9	[8, 23]	No_Gene3D_overlap
Q5SRH9	[139, 168]	No_Gene3D_overlap
Q5VST6	[0, 29]	No_Gene3D_overlap
Q6ZMY3	[114, 159]	No_Gene3D_overlap
Q6ZMY3	[462, 493]	No_Gene3D_overlap
Q70EL1	[804, 847]	No_Gene3D_overlap
Q7Z3K3	[364, 409]	No_Gene3D_overlap
Q7Z3K3	[740, 812]	No_Gene3D_overlap
Q8IZA0	[889, 908]	No_Gene3D_overlap
Q99684	[119, 143]	No_Gene3D_overlap
Q99684	[229, 421]	Classic Zinc Finger
Q9HA65	[87, 122]	No_Gene3D_overlap
Q9HCI7	[131, 162]	No_Gene3D_overlap
Q9HCI7	[241, 320]	No_Gene3D_overlap
Q9HCI7	[460, 514]	No_Gene3D_overlap
Q9HCI7	[557, 576]	No_Gene3D_overlap
Q9UKJ8	[634, 665]	No_Gene3D_overlap
Q9UMD9	[363, 382]	No_Gene3D_overlap
Q9Y5E1	[742, 758]	No_Gene3D_overlap
A8TX70	[1379, 1400]	No_Gene3D_overlap
A8TX70	[2503, 2519]	No_Gene3D_overlap
O60308	[739, 877]	No_Gene3D_overlap
P19544	[206, 303]	No_Gene3D_overlap
P78364	[727, 756]	No_Gene3D_overlap
Q13643	[0, 279]	Cysteine Rich Protein
Q5SZK8	[110, 142]	No_Gene3D_overlap
Q5SZK8	[2479, 2500]	No_Gene3D_overlap
Q6A1A2	[330, 395]	Transferase(Phosphotransferase) domain 1
Q6P1M9	[287, 307]	Leucine-rich Repeat Variant
Q8IWG1	[195, 226]	No_Gene3D_overlap
Q8IWG1	[566, 617]	YVTN repeat-like/Quinoprotein amine dehydrogenase
Q8N3J9	[0, 94]	Classic Zinc Finger
Q8N3J9	[107, 260]	Classic Zinc Finger
Q96EW2	[341, 362]	No_Gene3D_overlap
Q9BYN7	[39, 78]	No_Gene3D_overlap
Q9BYN7	[318, 377]	Classic Zinc Finger
Q9BYN7	[485, 735]	Classic Zinc Finger
Q9UPW0	[182, 203]	No_Gene3D_overlap
Q9UPW0	[452, 526]	No_Gene3D_overlap
A5YKK6	[624, 653]	No_Gene3D_overlap
A5YKK6	[663, 683]	No_Gene3D_overlap
O15060	[553, 662]	Classic Zinc Finger
P49747	[56, 290]	Laminin
P52954	[40, 66]	No_Gene3D_overlap
P98161	[145, 276]	Ribonuclease Inhibitor
P98161	[571, 597]	No_Gene3D_overlap
P98161	[637, 682]	No_Gene3D_overlap
P98161	[711, 751]	No_Gene3D_overlap
P98161	[3357, 3384]	No_Gene3D_overlap
P98161	[3414, 3433]	No_Gene3D_overlap
P98161	[3751, 3800]	No_Gene3D_overlap
Q2M3G4	[539, 559]	No_Gene3D_overlap
Q6J4K2	[40, 87]	No_Gene3D_overlap
Q6P9F7	[53, 72]	No_Gene3D_overlap
Q8NEZ3	[1237, 1326]	No_Gene3D_overlap
Q92956	[24, 200]	Tumor Necrosis Factor Receptor, subunit A, domain 2
Q99676	[218, 750]	Classic Zinc Finger
Q9H0B3	[226, 282]	No_Gene3D_overlap
Q9H0B3	[1013, 1080]	No_Gene3D_overlap
Q9UMX2	[39, 95]	-
Q9UPR6	[456, 503]	No_Gene3D_overlap
A6NK53	[188, 232]	No_Gene3D_overlap
A6NK53	[291, 667]	Classic Zinc Finger
O14525	[247, 266]	No_Gene3D_overlap
O14525	[470, 492]	No_Gene3D_overlap
O14525	[565, 728]	Laminin
O14525	[916, 995]	No_Gene3D_overlap
O14525	[1014, 1035]	No_Gene3D_overlap
O14525	[1281, 1301]	No_Gene3D_overlap
O95521	[124, 150]	No_Gene3D_overlap
O95521	[445, 473]	No_Gene3D_overlap
P03973	[31, 130]	Elafin-like
P23435	[25, 42]	No_Gene3D_overlap
P23458	[0, 28]	No_Gene3D_overlap
P35348	[399, 448]	No_Gene3D_overlap
P51788	[65, 84]	Clc chloride channel
P52740	[99, 122]	Classic Zinc Finger
P52740	[167, 705]	Classic Zinc Finger
P53794	[554, 581]	Sodium/glucose cotransporter
P53794	[593, 613]	No_Gene3D_overlap
P59044	[328, 351]	P-loop containing nucleotide triphosphate hydrolases
Q0VDD8	[27, 43]	No_Gene3D_overlap
Q0VDD8	[497, 537]	No_Gene3D_overlap
Q29RF7	[1062, 1132]	Leucine-rich Repeat Variant
Q2NL67	[15, 34]	No_Gene3D_overlap
Q2NL67	[198, 253]	No_Gene3D_overlap
Q6ZR52	[101, 644]	Classic Zinc Finger
Q7RTY1	[221, 272]	No_Gene3D_overlap
Q8IUM7	[562, 588]	No_Gene3D_overlap
Q8IZ20	[22, 88]	No_Gene3D_overlap
Q8IZ20	[336, 462]	Classic Zinc Finger
Q8NHP6	[435, 479]	Immunoglobulins
Q8TBB6	[444, 467]	Amino acid/polyamine transporter I
Q96NJ6	[112, 501]	Classic Zinc Finger
Q9ULD6	[615, 630]	No_Gene3D_overlap
Q9ULD6	[640, 674]	No_Gene3D_overlap
Q9UPT6	[836, 863]	No_Gene3D_overlap
O60333	[1437, 1464]	No_Gene3D_overlap
O94776	[354, 406]	No_Gene3D_overlap
P00751	[61, 255]	Complement Module, domain 1
P52742	[195, 655]	Classic Zinc Finger
P58004	[301, 336]	No_Gene3D_overlap
Q06203	[482, 516]	No_Gene3D_overlap
Q13574	[130, 207]	-
Q13574	[661, 720]	No_Gene3D_overlap
Q5T447	[91, 106]	No_Gene3D_overlap
Q6ZSB9	[389, 607]	Classic Zinc Finger
Q7Z3B3	[78, 102]	No_Gene3D_overlap
Q7Z3B3	[625, 642]	No_Gene3D_overlap
Q8N7P1	[100, 117]	No_Gene3D_overlap
Q92502	[200, 267]	No_Gene3D_overlap
Q92502	[753, 809]	Rho GTPase activation protein
Q92802	[266, 391]	No_Gene3D_overlap
Q96I27	[56, 290]	Classic Zinc Finger
Q96K83	[44, 65]	No_Gene3D_overlap
Q96K83	[110, 228]	Classic Zinc Finger
Q96K83	[533, 556]	Classic Zinc Finger
Q96K83	[831, 860]	Classic Zinc Finger
Q96K83	[1079, 1113]	No_Gene3D_overlap
Q96K83	[1216, 1266]	Classic Zinc Finger
Q96KN1	[73, 111]	endopeptidase domain like (from Nostoc punctiforme)
A2RRD8	[134, 507]	Classic Zinc Finger
A6QL64	[353, 428]	No_Gene3D_overlap
A6QL64	[1338, 1367]	No_Gene3D_overlap
O14978	[373, 677]	Classic Zinc Finger
O15040	[1144, 1168]	No_Gene3D_overlap
O15399	[881, 897]	No_Gene3D_overlap
O15399	[1170, 1193]	No_Gene3D_overlap
O43683	[671, 722]	No_Gene3D_overlap
O60765	[209, 604]	Classic Zinc Finger
P17023	[150, 457]	Classic Zinc Finger
Q02809	[356, 373]	No_Gene3D_overlap
Q13370	[37, 56]	No_Gene3D_overlap
Q13370	[71, 91]	No_Gene3D_overlap
Q13370	[294, 314]	No_Gene3D_overlap
Q13370	[350, 390]	No_Gene3D_overlap
Q149N8	[33, 84]	No_Gene3D_overlap
Q149N8	[1208, 1246]	No_Gene3D_overlap
Q16206	[82, 129]	-
Q6ZN08	[66, 570]	Classic Zinc Finger
Q8IWV8	[1108, 1210]	No_Gene3D_overlap
Q8IWV8	[1605, 1663]	No_Gene3D_overlap
Q8N0V3	[28, 49]	No_Gene3D_overlap
Q8TBY9	[1097, 1134]	EF-hand
Q8TE56	[109, 128]	No_Gene3D_overlap
Q8TE56	[188, 215]	No_Gene3D_overlap
Q8TE56	[486, 724]	-
Q8TE56	[805, 1094]	Thrombospondin type-1 (TSP1) repeat
Q92622	[487, 527]	No_Gene3D_overlap
Q92622	[886, 968]	No_Gene3D_overlap
Q96SZ4	[333, 499]	Classic Zinc Finger
Q96SZ4	[520, 706]	Classic Zinc Finger
Q99558	[55, 110]	No_Gene3D_overlap
O95863	[154, 262]	Classic Zinc Finger
P0CG23	[487, 618]	Classic Zinc Finger
P17039	[74, 622]	Classic Zinc Finger
P21854	[211, 245]	Mannose-Binding Protein A, subunit A
P28223	[47, 69]	No_Gene3D_overlap
P51508	[343, 660]	Classic Zinc Finger
P59046	[99, 127]	P-loop containing nucleotide triphosphate hydrolases
P60507	[288, 317]	No_Gene3D_overlap
Q14956	[426, 450]	No_Gene3D_overlap
Q3MJ16	[180, 332]	C2 domain
Q685J3	[4127, 4194]	SEA domain
Q685J3	[4340, 4387]	No_Gene3D_overlap
Q6ZMW2	[121, 181]	No_Gene3D_overlap
Q6ZMW2	[234, 696]	Classic Zinc Finger
Q6ZSZ6	[395, 440]	No_Gene3D_overlap
Q76KP1	[323, 344]	No_Gene3D_overlap
Q8NF91	[6401, 6423]	No_Gene3D_overlap
Q8NFP4	[444, 646]	Immunoglobulins
Q8TAG9	[10, 42]	No_Gene3D_overlap
Q8TD23	[90, 567]	Classic Zinc Finger
Q96I13	[3, 20]	No_Gene3D_overlap
Q96I13	[75, 90]	No_Gene3D_overlap
Q96Q91	[559, 594]	No_Gene3D_overlap
Q9NQX1	[167, 628]	Classic Zinc Finger
Q9NRA0	[73, 124]	No_Gene3D_overlap
Q9Y4D1	[5, 24]	No_Gene3D_overlap
A0JP26	[39, 125]	No_Gene3D_overlap
O43909	[157, 184]	No_Gene3D_overlap
P07202	[702, 853]	Haem peroxidase domain superfamily, animal type
P08842	[556, 582]	Alkaline Phosphatase, subunit A
P10646	[138, 285]	Pancreatic trypsin inhibitor Kunitz domain
P20645	[175, 191]	Mannose-6-phosphate receptor binding domain
P20645	[228, 248]	No_Gene3D_overlap
Q6DHY5	[467, 500]	No_Gene3D_overlap
Q6WCQ1	[0, 36]	Pleckstrin-homology domain (PH domain)/Phosphotyrosine-binding domain (PTB)
Q8ND94	[38, 85]	Immunoglobulins
Q8TDB6	[119, 134]	No_Gene3D_overlap
Q8TDB6	[151, 179]	No_Gene3D_overlap
Q8TDB6	[234, 320]	No_Gene3D_overlap
Q8TE49	[121, 144]	No_Gene3D_overlap
Q99469	[365, 386]	No_Gene3D_overlap
Q9H756	[345, 369]	No_Gene3D_overlap
Q9UN71	[720, 802]	No_Gene3D_overlap
A0AV02	[411, 452]	Amino acid/polyamine transporter I
Q15477	[10, 45]	No_Gene3D_overlap
Q16620	[9, 52]	Ribonuclease Inhibitor
Q4V348	[153, 818]	Classic Zinc Finger
Q4VC44	[644, 710]	-
Q5JZY3	[905, 936]	Transferase(Phosphotransferase) domain 1
Q6P4R8	[12, 44]	No_Gene3D_overlap
Q6ZNA1	[56, 81]	-
Q6ZNA1	[129, 569]	Classic Zinc Finger
Q86SU0	[313, 334]	No_Gene3D_overlap
Q86T29	[129, 157]	No_Gene3D_overlap
Q86T29	[182, 569]	Classic Zinc Finger
Q86T29	[579, 640]	Classic Zinc Finger
Q86VW2	[0, 34]	No_Gene3D_overlap
Q8TE73	[835, 856]	No_Gene3D_overlap
Q92904	[123, 148]	-
Q9HBG6	[1223, 1240]	No_Gene3D_overlap
Q9HBM6	[83, 122]	No_Gene3D_overlap
Q9NQV6	[519, 600]	Classic Zinc Finger
Q9NQV6	[610, 701]	Classic Zinc Finger
Q9NQV6	[713, 792]	Classic Zinc Finger
Q9NZ56	[560, 608]	No_Gene3D_overlap
Q9UBU2	[71, 138]	No_Gene3D_overlap
A6QL63	[55, 99]	No_Gene3D_overlap
A6QL63	[347, 400]	No_Gene3D_overlap
O43586	[296, 318]	No_Gene3D_overlap
O94759	[29, 110]	No_Gene3D_overlap
O94759	[1319, 1342]	No_Gene3D_overlap
O95460	[210, 384]	Laminin
O95786	[199, 242]	Death Domain, Fas
P13385	[70, 158]	Laminin
P81133	[426, 470]	No_Gene3D_overlap
P81133	[708, 756]	No_Gene3D_overlap
Q68DQ2	[644, 701]	No_Gene3D_overlap
Q68DQ2	[934, 992]	No_Gene3D_overlap
Q68DQ2	[1792, 1814]	No_Gene3D_overlap
Q68DY1	[93, 511]	Classic Zinc Finger
Q7Z7L9	[213, 613]	Classic Zinc Finger
Q86UD4	[174, 531]	Classic Zinc Finger
Q8N9N5	[440, 456]	No_Gene3D_overlap
Q8NHS0	[128, 158]	No_Gene3D_overlap
Q8WV37	[89, 166]	No_Gene3D_overlap
Q8WV37	[195, 342]	Classic Zinc Finger
Q8WV37	[415, 526]	Classic Zinc Finger
Q92826	[159, 207]	Homeodomain-like
Q9C0B2	[1529, 1552]	No_Gene3D_overlap
Q9H156	[684, 699]	No_Gene3D_overlap
Q9H156	[767, 796]	No_Gene3D_overlap
Q9H6Y5	[85, 120]	-
Q9UNY5	[278, 441]	Classic Zinc Finger
A6NGD5	[349, 491]	Classic Zinc Finger
O60678	[41, 75]	No_Gene3D_overlap
O75140	[734, 796]	No_Gene3D_overlap
P17098	[249, 491]	Classic Zinc Finger
P35442	[257, 274]	No_Gene3D_overlap
P35442	[306, 468]	-
P35442	[481, 729]	Laminin
Q02447	[594, 701]	Classic Zinc Finger
Q68D85	[377, 394]	Gamma-retroviral matrix domain
Q7Z5P9	[599, 825]	Laminin
Q7Z5P9	[952, 988]	No_Gene3D_overlap
Q7Z5P9	[1000, 1277]	Laminin
Q7Z5P9	[1407, 1465]	No_Gene3D_overlap
Q7Z5P9	[1476, 1506]	No_Gene3D_overlap
Q7Z5P9	[1539, 1643]	No_Gene3D_overlap
Q7Z5P9	[8200, 8297]	No_Gene3D_overlap
Q8N7Z5	[243, 271]	No_Gene3D_overlap
Q8N7Z5	[1004, 1063]	No_Gene3D_overlap
Q8N7Z5	[1642, 1668]	No_Gene3D_overlap
Q8N7Z5	[1831, 1872]	No_Gene3D_overlap
Q96JM4	[49, 86]	No_Gene3D_overlap
Q96JM4	[679, 739]	No_Gene3D_overlap
Q96JM4	[1635, 1674]	No_Gene3D_overlap
Q9NRD8	[939, 975]	EF-hand
Q9NV72	[292, 528]	Classic Zinc Finger
Q9NVP4	[186, 404]	No_Gene3D_overlap
Q9NVP4	[549, 564]	No_Gene3D_overlap
Q9P0V3	[276, 332]	-
Q9UJV9	[567, 608]	P-loop containing nucleotide triphosphate hydrolases
Q9UK23	[95, 176]	No_Gene3D_overlap
Q9ULE0	[289, 351]	No_Gene3D_overlap
Q9ULE0	[678, 701]	No_Gene3D_overlap
Q9Y3D5	[53, 75]	Ribosomal protein S18
O15123	[32, 68]	No_Gene3D_overlap
O43313	[386, 402]	No_Gene3D_overlap
O60503	[94, 110]	No_Gene3D_overlap
O60503	[572, 592]	Nucleotide cyclase
P0C7P1	[418, 459]	No_Gene3D_overlap
P19823	[631, 668]	No_Gene3D_overlap
P25205	[101, 119]	Nucleic acid-binding proteins
P43353	[432, 467]	No_Gene3D_overlap
P51523	[207, 735]	Classic Zinc Finger
Q13422	[108, 269]	Classic Zinc Finger
Q14432	[357, 389]	No_Gene3D_overlap
Q14525	[0, 74]	No_Gene3D_overlap
Q14525	[358, 403]	-
Q16849	[29, 47]	No_Gene3D_overlap
Q5JT82	[279, 360]	Classic Zinc Finger
Q6ZN16	[79, 102]	No_Gene3D_overlap
Q6ZNG1	[158, 720]	Classic Zinc Finger
Q7Z333	[0, 17]	No_Gene3D_overlap
Q7Z333	[597, 619]	No_Gene3D_overlap
Q8N393	[69, 98]	No_Gene3D_overlap
Q8N393	[373, 762]	Classic Zinc Finger
Q96JH8	[376, 402]	No_Gene3D_overlap
Q96SW2	[180, 222]	LON domain-like
Q9BZE0	[224, 321]	Classic Zinc Finger
Q9HCM4	[649, 668]	No_Gene3D_overlap
Q9HCM4	[679, 732]	No_Gene3D_overlap
Q9NW64	[68, 87]	No_Gene3D_overlap
Q9NW64	[105, 195]	Zinc finger, CCCH-type
Q9UIE0	[156, 473]	Classic Zinc Finger
Q9UJ41	[6, 46]	-
Q9Y6P5	[7, 33]	No_Gene3D_overlap
Q9Y6P5	[218, 291]	AhpD-like
A6NM62	[320, 374]	No_Gene3D_overlap
O14492	[140, 156]	No_Gene3D_overlap
O14492	[297, 346]	Pleckstrin-homology domain (PH domain)/Phosphotyrosine-binding domain (PTB)
O14492	[366, 382]	No_Gene3D_overlap
O60687	[70, 203]	Complement Module, domain 1
P42166	[668, 693]	-
P46019	[709, 725]	No_Gene3D_overlap
P52737	[82, 118]	No_Gene3D_overlap
P52737	[136, 539]	Classic Zinc Finger
Q52M93	[171, 399]	Classic Zinc Finger
Q52M93	[427, 767]	Classic Zinc Finger
Q5JPE7	[965, 984]	No_Gene3D_overlap
Q6NUJ5	[8, 32]	No_Gene3D_overlap
Q7Z794	[32, 47]	No_Gene3D_overlap
Q8IX06	[312, 328]	No_Gene3D_overlap
Q8IX06	[394, 425]	No_Gene3D_overlap
Q8IX06	[441, 479]	No_Gene3D_overlap
Q8WXD5	[132, 154]	No_Gene3D_overlap
Q96MR9	[197, 245]	No_Gene3D_overlap
Q96MR9	[312, 430]	Classic Zinc Finger
Q96MR9	[508, 787]	Classic Zinc Finger
Q9BS34	[124, 388]	Classic Zinc Finger
Q9HBX8	[0, 17]	No_Gene3D_overlap
Q9HBX8	[878, 910]	No_Gene3D_overlap
Q9UDV7	[508, 652]	Classic Zinc Finger
Q9ULL1	[749, 774]	No_Gene3D_overlap
Q9Y3Q7	[375, 605]	Collagenase (Catalytic Domain)
Q9Y3Q7	[616, 667]	No_Gene3D_overlap
A3KMH1	[1366, 1382]	No_Gene3D_overlap
A3KMH1	[1402, 1423]	No_Gene3D_overlap
O14981	[894, 946]	No_Gene3D_overlap
O43790	[0, 48]	No_Gene3D_overlap
O43790	[58, 111]	No_Gene3D_overlap
O43790	[391, 454]	-
P56270	[274, 440]	Classic Zinc Finger
Q6BEB4	[254, 378]	Classic Zinc Finger
Q8IV13	[335, 368]	No_Gene3D_overlap
Q96CX2	[292, 311]	No_Gene3D_overlap
Q96PN6	[952, 982]	No_Gene3D_overlap
Q9NRM0	[31, 54]	MFS general substrate transporter like domains
Q9NVN8	[453, 496]	No_Gene3D_overlap
Q9NVN8	[518, 536]	No_Gene3D_overlap
Q9P2F6	[278, 304]	No_Gene3D_overlap
Q9P2F6	[564, 638]	No_Gene3D_overlap
Q9UC07	[115, 564]	Classic Zinc Finger
Q9UHC1	[568, 621]	No_Gene3D_overlap
Q9UHC1	[677, 703]	No_Gene3D_overlap
Q9UHC1	[1026, 1046]	No_Gene3D_overlap
Q9Y4C4	[1000, 1038]	No_Gene3D_overlap
Q9Y5E7	[728, 771]	No_Gene3D_overlap
A6NHN0	[90, 106]	No_Gene3D_overlap
A8MWA4	[108, 299]	Classic Zinc Finger
O95967	[111, 350]	Laminin
P23409	[209, 239]	No_Gene3D_overlap
P37287	[16, 43]	Glycogen Phosphorylase B;
P59923	[443, 558]	Classic Zinc Finger
P59923	[570, 735]	Classic Zinc Finger
P59923	[752, 920]	Classic Zinc Finger
P59923	[955, 1030]	Classic Zinc Finger
Q5JYT7	[170, 216]	No_Gene3D_overlap
Q7L8C5	[122, 139]	No_Gene3D_overlap
Q8N9H8	[681, 702]	No_Gene3D_overlap
Q8WXH5	[67, 158]	No_Gene3D_overlap
Q8WXH5	[170, 186]	No_Gene3D_overlap
Q8WXH5	[232, 253]	No_Gene3D_overlap
Q8WXI3	[8, 36]	No_Gene3D_overlap
Q99814	[380, 399]	No_Gene3D_overlap
Q99814	[850, 869]	No_Gene3D_overlap
A8MTY0	[103, 618]	Classic Zinc Finger
O60346	[1419, 1443]	PPM-type phosphatase domain
P55895	[407, 425]	No_Gene3D_overlap
Q05215	[151, 171]	No_Gene3D_overlap
Q05215	[470, 562]	Classic Zinc Finger
Q15776	[286, 570]	Classic Zinc Finger
Q5VXH4	[447, 475]	No_Gene3D_overlap
Q6IQ21	[2, 92]	Classic Zinc Finger
Q6IQ21	[124, 245]	Classic Zinc Finger
Q6IQ21	[284, 334]	No_Gene3D_overlap
Q6IQ21	[394, 534]	Classic Zinc Finger
Q6IQ21	[592, 683]	Classic Zinc Finger
Q8IZX4	[298, 326]	No_Gene3D_overlap
Q8IZX4	[966, 995]	No_Gene3D_overlap
Q8IZX4	[1161, 1197]	No_Gene3D_overlap
Q8TF27	[68, 86]	No_Gene3D_overlap
Q96CS4	[146, 481]	Classic Zinc Finger
Q9BXB1	[857, 950]	No_Gene3D_overlap
Q9P2R6	[499, 549]	No_Gene3D_overlap
O15484	[7, 32]	No_Gene3D_overlap
P01106	[92, 116]	No_Gene3D_overlap
P10071	[542, 627]	Classic Zinc Finger
P35499	[1000, 1019]	No_Gene3D_overlap
P36888	[202, 223]	No_Gene3D_overlap
P36888	[954, 977]	Transferase(Phosphotransferase) domain 1
P48357	[71, 110]	No_Gene3D_overlap
P48357	[926, 973]	No_Gene3D_overlap
P48357	[1125, 1164]	No_Gene3D_overlap
Q5JNZ3	[151, 206]	No_Gene3D_overlap
Q5JNZ3	[229, 635]	Classic Zinc Finger
Q7Z7M1	[53, 98]	No_Gene3D_overlap
Q7Z7M1	[327, 353]	No_Gene3D_overlap
Q86YT6	[736, 922]	Ankyrin repeat-containing domain
Q8IZF3	[43, 116]	No_Gene3D_overlap
Q8NDP4	[218, 497]	Classic Zinc Finger
Q8NG66	[521, 566]	No_Gene3D_overlap
Q8TD55	[120, 140]	No_Gene3D_overlap
Q9BRH9	[178, 655]	Classic Zinc Finger
Q9BZC7	[1519, 1577]	No_Gene3D_overlap
Q9BZC7	[1614, 1666]	No_Gene3D_overlap
Q9BZC7	[2379, 2396]	No_Gene3D_overlap
Q9P2F9	[201, 567]	Classic Zinc Finger
Q9UBP4	[128, 319]	Lipase, subunit A
Q9UPN6	[1155, 1185]	No_Gene3D_overlap
Q9UPQ4	[252, 268]	No_Gene3D_overlap
A6NGE4	[123, 148]	No_Gene3D_overlap
O00154	[39, 70]	Hotdog Thioesterase
O75541	[222, 266]	No_Gene3D_overlap
P14543	[344, 436]	Green fluorescent protein
P14543	[654, 920]	Laminin
P16415	[90, 138]	Classic Zinc Finger
P16415	[151, 609]	Classic Zinc Finger
P21580	[471, 550]	-
P21580	[714, 740]	No_Gene3D_overlap
Q01118	[910, 940]	Voltage-gated potassium channels. Chain C
Q14012	[342, 368]	No_Gene3D_overlap
Q16610	[179, 409]	-
Q5T7W7	[10, 76]	No_Gene3D_overlap
Q5T7W7	[421, 494]	Rhodanese-like domain
Q8IZM8	[44, 62]	No_Gene3D_overlap
Q8IZM8	[720, 751]	Classic Zinc Finger
Q8IZM8	[1065, 1126]	No_Gene3D_overlap
Q96EL1	[268, 286]	No_Gene3D_overlap
Q96J02	[125, 192]	C2 domain
Q9BRI3	[350, 371]	No_Gene3D_overlap
Q9NV88	[469, 495]	No_Gene3D_overlap
Q9UHL9	[208, 228]	GTF2I-like
Q9UHL9	[303, 320]	No_Gene3D_overlap
Q9Y2A4	[99, 670]	Classic Zinc Finger
Q9Y2P0	[106, 498]	Classic Zinc Finger
A8K979	[263, 280]	Ribonuclease H-like superfamily/Ribonuclease H
A8K979	[439, 455]	No_Gene3D_overlap
A8K979	[587, 650]	No_Gene3D_overlap
B9A6J9	[467, 500]	No_Gene3D_overlap
P36544	[362, 429]	Neurotransmitter-gated ion-channel transmembrane domain
Q13224	[912, 942]	No_Gene3D_overlap
Q13224	[1195, 1256]	No_Gene3D_overlap
Q15697	[123, 146]	DNA breaking-rejoining enzymes
Q15697	[319, 405]	Classic Zinc Finger
Q49AA0	[224, 525]	Classic Zinc Finger
Q63HK3	[3, 53]	DNA breaking-rejoining enzymes
Q63HK3	[554, 584]	Homeodomain-like
Q63HK3	[750, 944]	Classic Zinc Finger
Q8TEA7	[751, 790]	Rhodanese-like domain
Q9NP56	[0, 36]	No_Gene3D_overlap
Q9NYI0	[198, 245]	No_Gene3D_overlap
Q9Y223	[0, 15]	Glycogen Phosphorylase B;
Q9Y5R5	[274, 319]	No_Gene3D_overlap
Q9Y5R5	[343, 374]	No_Gene3D_overlap
Q9Y5R5	[490, 523]	No_Gene3D_overlap
Q9Y6F1	[56, 75]	WGR domain
Q9Y6K8	[32, 58]	No_Gene3D_overlap
O43296	[58, 76]	-
O43296	[195, 322]	Classic Zinc Finger
O43296	[411, 565]	Classic Zinc Finger
O75182	[380, 417]	No_Gene3D_overlap
O75182	[460, 491]	No_Gene3D_overlap
O75182	[1123, 1160]	No_Gene3D_overlap
O95450	[510, 733]	-
O95450	[1000, 1108]	Thrombospondin type-1 (TSP1) repeat
P07996	[309, 726]	Laminin
P36508	[141, 375]	Classic Zinc Finger
P57071	[346, 564]	Classic Zinc Finger
P98095	[28, 192]	No_Gene3D_overlap
P98095	[441, 559]	No_Gene3D_overlap
P98095	[676, 1083]	Laminin
Q06828	[28, 93]	Ribonuclease Inhibitor
Q6ZRI0	[92, 141]	No_Gene3D_overlap
Q6ZRI0	[334, 515]	No_Gene3D_overlap
Q6ZRI0	[669, 999]	Laminin
Q6ZRI0	[1134, 1172]	No_Gene3D_overlap
Q6ZRI0	[1193, 1216]	No_Gene3D_overlap
Q6ZRI0	[1408, 1472]	No_Gene3D_overlap
Q6ZRI0	[2039, 2086]	No_Gene3D_overlap
Q6ZRI0	[2239, 2280]	No_Gene3D_overlap
Q6ZRI0	[2290, 2320]	No_Gene3D_overlap
Q6ZRI0	[2372, 2924]	Laminin
Q86XJ1	[193, 210]	Gas2-like domain
Q8NFG4	[82, 108]	No_Gene3D_overlap
Q8TDY8	[1094, 1124]	No_Gene3D_overlap
Q8TF47	[201, 634]	Classic Zinc Finger
Q8TF76	[370, 488]	Phosphorylase Kinase; domain 1
Q8WWF5	[375, 404]	No_Gene3D_overlap
Q9BVR0	[73, 111]	No_Gene3D_overlap
Q9BZV3	[1000, 1108]	SEA domain
Q9NYT6	[111, 130]	No_Gene3D_overlap
Q9NYT6	[169, 519]	Classic Zinc Finger
Q9NYT6	[534, 783]	Classic Zinc Finger
Q9UKS7	[103, 232]	Classic Zinc Finger
O43889	[267, 335]	No_Gene3D_overlap
O60810	[452, 477]	No_Gene3D_overlap
O75152	[48, 99]	-
P07949	[505, 650]	No_Gene3D_overlap
P28340	[995, 1084]	No_Gene3D_overlap
P55259	[32, 58]	No_Gene3D_overlap
P55259	[175, 232]	Zona pellucida, ZP-N domain
P58397	[495, 626]	-
P58397	[646, 706]	-
P58397	[843, 985]	Thrombospondin type-1 (TSP1) repeat
P58397	[1309, 1587]	Thrombospondin type-1 (TSP1) repeat
Q01780	[612, 670]	No_Gene3D_overlap
Q12830	[1951, 1974]	No_Gene3D_overlap
Q4J6C6	[1, 86]	alpha/beta hydrolase
Q4KWH8	[1179, 1255]	No_Gene3D_overlap
Q4KWH8	[1383, 1457]	No_Gene3D_overlap
Q4KWH8	[1492, 1580]	No_Gene3D_overlap
Q5VWK5	[5, 22]	No_Gene3D_overlap
Q5VWK5	[589, 614]	No_Gene3D_overlap
Q7Z442	[657, 678]	No_Gene3D_overlap
Q7Z442	[2034, 2069]	No_Gene3D_overlap
Q8N184	[245, 643]	Classic Zinc Finger
Q9BXW7	[345, 417]	HAD superfamily/HAD-like
Q9P2D7	[134, 157]	No_Gene3D_overlap
Q9ULT6	[554, 599]	No_Gene3D_overlap
Q9ULT6	[770, 835]	No_Gene3D_overlap
O43829	[257, 410]	Classic Zinc Finger
O76011	[0, 79]	No_Gene3D_overlap
O76011	[352, 393]	-
P0CB33	[59, 411]	Classic Zinc Finger
P16109	[118, 773]	Laminin
Q02223	[88, 183]	No_Gene3D_overlap
Q14264	[140, 189]	No_Gene3D_overlap
Q17RB8	[417, 472]	Zinc/RING finger domain, C3HC4 (zinc finger)
Q6AHZ1	[194, 218]	No_Gene3D_overlap
Q6AHZ1	[510, 533]	No_Gene3D_overlap
Q6AHZ1	[1005, 1036]	No_Gene3D_overlap
Q6AHZ1	[1091, 1122]	No_Gene3D_overlap
Q6PIY7	[111, 126]	No_Gene3D_overlap
Q7Z419	[63, 178]	-
Q8NBP0	[96, 125]	Tetratricopeptide repeat domain
Q8NDY6	[204, 224]	No_Gene3D_overlap
Q8TAX0	[166, 264]	Classic Zinc Finger
Q8TBN0	[205, 223]	No_Gene3D_overlap
Q8TBN0	[285, 325]	No_Gene3D_overlap
Q96IR2	[48, 104]	-
Q96IR2	[207, 562]	Classic Zinc Finger
Q96IR2	[598, 965]	Classic Zinc Finger
Q9HCE6	[1215, 1247]	No_Gene3D_overlap
Q9NQW6	[729, 763]	No_Gene3D_overlap
Q9NRM7	[827, 858]	No_Gene3D_overlap
Q9P2J5	[1043, 1063]	No_Gene3D_overlap
Q9ULV0	[1294, 1324]	No_Gene3D_overlap
Q9ULV0	[1825, 1847]	No_Gene3D_overlap
Q9UPQ7	[222, 243]	-
Q9UPQ7	[621, 661]	No_Gene3D_overlap
P21554	[84, 106]	Rhodopsin 7-helix transmembrane proteins
P21554	[434, 468]	No_Gene3D_overlap
P51172	[574, 635]	No_Gene3D_overlap
Q13591	[488, 959]	ligand-binding face of the semaphorins, domain 2
Q5EBN2	[172, 193]	No_Gene3D_overlap
Q5THJ4	[241, 273]	No_Gene3D_overlap
Q5THJ4	[1435, 1465]	No_Gene3D_overlap
Q5THJ4	[2149, 2191]	No_Gene3D_overlap
Q5THJ4	[2352, 2384]	No_Gene3D_overlap
Q8N7X0	[450, 471]	No_Gene3D_overlap
Q8N972	[93, 640]	Classic Zinc Finger
Q8TD17	[331, 586]	Classic Zinc Finger
Q8TF39	[246, 262]	No_Gene3D_overlap
Q8TF39	[383, 743]	Classic Zinc Finger
Q8WWN8	[644, 663]	No_Gene3D_overlap
Q8WWN8	[686, 702]	No_Gene3D_overlap
Q96AP4	[0, 64]	No_Gene3D_overlap
Q96PN7	[729, 780]	No_Gene3D_overlap
O00472	[83, 143]	No_Gene3D_overlap
O95714	[1348, 1384]	No_Gene3D_overlap
O95714	[2370, 2424]	No_Gene3D_overlap
O95714	[4431, 4446]	Hect, E3 ligase catalytic domains
P14635	[132, 165]	No_Gene3D_overlap
P35611	[494, 571]	No_Gene3D_overlap
P51786	[93, 505]	Classic Zinc Finger
P60880	[73, 127]	-
Q02817	[161, 385]	Laminin
Q02817	[516, 630]	No_Gene3D_overlap
Q02817	[665, 835]	Laminin
Q02817	[989, 1264]	No_Gene3D_overlap
Q02817	[1326, 1397]	No_Gene3D_overlap
Q02817	[1774, 1836]	No_Gene3D_overlap
Q02817	[1868, 1888]	No_Gene3D_overlap
Q02817	[4434, 4484]	No_Gene3D_overlap
Q02817	[4528, 4599]	No_Gene3D_overlap
Q02817	[4720, 4768]	No_Gene3D_overlap
Q02817	[4790, 5198]	Laminin
Q02817	[5216, 5275]	No_Gene3D_overlap
Q49AJ0	[381, 439]	No_Gene3D_overlap
Q49AJ0	[1025, 1060]	No_Gene3D_overlap
Q4W5G0	[132, 154]	Homeodomain-like
Q5K4E3	[567, 590]	No_Gene3D_overlap
Q7Z4N2	[1244, 1326]	No_Gene3D_overlap
Q7Z4N2	[1416, 1490]	No_Gene3D_overlap
Q86UK0	[74, 100]	No_Gene3D_overlap
Q86UK0	[448, 466]	No_Gene3D_overlap
Q86UK0	[1841, 1878]	No_Gene3D_overlap
Q8IVP9	[77, 401]	Classic Zinc Finger
Q92576	[1108, 1171]	No_Gene3D_overlap
Q9H169	[47, 80]	No_Gene3D_overlap
Q9H4E5	[0, 22]	P-loop containing nucleotide triphosphate hydrolases
Q9H4E5	[194, 213]	P-loop containing nucleotide triphosphate hydrolases
Q9NP80	[30, 82]	No_Gene3D_overlap
Q9NXT0	[50, 398]	-
Q9ULI1	[1687, 1741]	No_Gene3D_overlap
A6NP11	[66, 494]	-
O95255	[610, 632]	ABC transporter type 1, transmembrane domain
P47872	[103, 130]	Rhodopsin 7-helix transmembrane proteins
Q12829	[208, 223]	No_Gene3D_overlap
Q14533	[0, 111]	No_Gene3D_overlap
Q14533	[370, 504]	-
Q14CM0	[541, 639]	No_Gene3D_overlap
Q5T848	[372, 413]	No_Gene3D_overlap
Q63HQ2	[232, 253]	Immunoglobulins
Q63HQ2	[327, 382]	-
Q63HQ2	[543, 588]	Laminin
Q8IWY4	[33, 457]	Laminin
Q8IWY4	[548, 816]	Tumor Necrosis Factor Receptor, subunit A, domain 2
Q96BY6	[614, 655]	No_Gene3D_overlap
Q96BY6	[862, 884]	No_Gene3D_overlap
Q96GY0	[108, 152]	No_Gene3D_overlap
Q96GY0	[289, 324]	No_Gene3D_overlap
Q96M89	[5, 48]	No_Gene3D_overlap
Q9BV99	[201, 258]	No_Gene3D_overlap
Q9BZF3	[236, 279]	No_Gene3D_overlap
Q9H2I8	[163, 190]	No_Gene3D_overlap
Q9NTI5	[1067, 1086]	No_Gene3D_overlap
Q9P267	[1011, 1031]	No_Gene3D_overlap
Q9P267	[1052, 1071]	No_Gene3D_overlap
Q9UJY4	[329, 391]	No_Gene3D_overlap
P19235	[325, 345]	No_Gene3D_overlap
P42858	[2519, 2535]	No_Gene3D_overlap
P57789	[489, 515]	No_Gene3D_overlap
P98182	[84, 102]	No_Gene3D_overlap
P98182	[116, 137]	No_Gene3D_overlap
P98182	[247, 394]	Classic Zinc Finger
Q09428	[651, 676]	P-loop containing nucleotide triphosphate hydrolases
Q14C86	[1118, 1161]	No_Gene3D_overlap
Q5VZ89	[745, 762]	No_Gene3D_overlap
Q5VZ89	[1070, 1087]	No_Gene3D_overlap
Q5VZ89	[1471, 1547]	No_Gene3D_overlap
Q6PID6	[190, 233]	Tetratricopeptide repeat domain
Q6UB99	[2625, 2660]	No_Gene3D_overlap
Q6ZT77	[104, 176]	Classic Zinc Finger
Q86U44	[253, 344]	No_Gene3D_overlap
Q8IVF7	[1004, 1027]	No_Gene3D_overlap
Q8NDB2	[654, 681]	No_Gene3D_overlap
Q8NDB2	[741, 784]	No_Gene3D_overlap
Q8NFA0	[1037, 1064]	No_Gene3D_overlap
Q8WU68	[133, 184]	-
Q9BUG6	[351, 489]	Classic Zinc Finger
Q9P0K1	[386, 595]	Collagenase (Catalytic Domain)
Q9P2F8	[94, 117]	No_Gene3D_overlap
Q9P2F8	[1027, 1055]	No_Gene3D_overlap
Q9P2F8	[1571, 1631]	No_Gene3D_overlap
Q9UHW5	[263, 283]	P-loop containing nucleotide triphosphate hydrolases
O75443	[942, 1081]	Laminin
O75443	[1273, 1486]	Laminin
O75443	[1707, 1812]	Zona pellucida, ZP-N domain
O95197	[307, 331]	No_Gene3D_overlap
O95202	[36, 101]	No_Gene3D_overlap
O95985	[690, 740]	No_Gene3D_overlap
P0DPA2	[348, 381]	No_Gene3D_overlap
P10827	[437, 452]	No_Gene3D_overlap
P51948	[277, 296]	No_Gene3D_overlap
Q03405	[62, 307]	CD59
Q08499	[112, 134]	No_Gene3D_overlap
Q15486	[71, 133]	Immunoglobulins
Q499Z3	[194, 210]	No_Gene3D_overlap
Q5JPF3	[408, 432]	No_Gene3D_overlap
Q5JPF3	[1201, 1252]	No_Gene3D_overlap
Q5JPF3	[1467, 1506]	No_Gene3D_overlap
Q5VWM3	[124, 151]	No_Gene3D_overlap
Q5VWM3	[447, 476]	No_Gene3D_overlap
Q68DK2	[516, 549]	No_Gene3D_overlap
Q68DK2	[823, 840]	No_Gene3D_overlap
Q68DK2	[1038, 1067]	No_Gene3D_overlap
Q68DK2	[1216, 1268]	No_Gene3D_overlap
Q86V35	[152, 191]	No_Gene3D_overlap
Q8IW36	[131, 383]	Classic Zinc Finger
Q8IW36	[454, 514]	Classic Zinc Finger
Q8NHY0	[1, 18]	No_Gene3D_overlap
Q8NHY0	[142, 164]	No_Gene3D_overlap
Q9BSG1	[169, 423]	Classic Zinc Finger
Q9HAZ1	[46, 102]	No_Gene3D_overlap
Q9NUQ8	[71, 115]	No_Gene3D_overlap
Q9UK96	[384, 401]	No_Gene3D_overlap
Q9Y2M0	[126, 165]	No_Gene3D_overlap
Q9Y2M0	[280, 300]	No_Gene3D_overlap
A0AAG2SVG9	[23, 124]	No_Gene3D_overlap
O60293	[1063, 1078]	No_Gene3D_overlap
O60293	[1184, 1202]	No_Gene3D_overlap
O60522	[1785, 1812]	No_Gene3D_overlap
O60522	[1968, 1991]	No_Gene3D_overlap
P14784	[324, 388]	No_Gene3D_overlap
P31391	[334, 359]	No_Gene3D_overlap
P52747	[6, 34]	No_Gene3D_overlap
P52747	[195, 445]	Classic Zinc Finger
P78395	[482, 508]	No_Gene3D_overlap
Q8IUH5	[22, 42]	No_Gene3D_overlap
Q8IUH5	[435, 470]	No_Gene3D_overlap
Q92782	[0, 144]	No_Gene3D_overlap
Q96IW7	[148, 185]	No_Gene3D_overlap
Q9C019	[0, 121]	Zinc/RING finger domain, C3HC4 (zinc finger)
Q9UKQ2	[373, 575]	Collagenase (Catalytic Domain)
Q9UKQ2	[590, 664]	-
Q9UMN6	[961, 1025]	No_Gene3D_overlap
Q9UMN6	[1226, 1403]	Zinc/RING finger domain, C3HC4 (zinc finger)
Q9UMN6	[1566, 1581]	Zinc/RING finger domain, C3HC4 (zinc finger)
A0A140TA62	[24, 121]	No_Gene3D_overlap
A0A140TA62	[394, 435]	-
P21359	[626, 645]	No_Gene3D_overlap
P49711	[265, 577]	Classic Zinc Finger
Q14191	[6, 41]	Ribonuclease H-like superfamily/Ribonuclease H
Q14191	[1230, 1249]	HRDC domain
Q14191	[1360, 1378]	No_Gene3D_overlap
Q2VPK5	[425, 504]	No_Gene3D_overlap
Q49AM3	[0, 36]	No_Gene3D_overlap
Q49AM3	[410, 425]	Tetratricopeptide repeat domain
Q8N7U6	[672, 694]	No_Gene3D_overlap
Q8TDD2	[271, 368]	Classic Zinc Finger
Q96LI6	[33, 76]	Winged helix-like DNA-binding domain superfamily/Winged helix DNA-binding domain
Q96P48	[665, 729]	No_Gene3D_overlap
Q96RE9	[235, 602]	Classic Zinc Finger
Q99460	[792, 809]	No_Gene3D_overlap
Q9HCI5	[459, 480]	MAGE homology domain, winged helix WH1 motif
Q9P243	[0, 43]	No_Gene3D_overlap
Q9P243	[115, 150]	No_Gene3D_overlap
Q9P243	[912, 1021]	Classic Zinc Finger
Q9P2M4	[187, 246]	No_Gene3D_overlap
Q9UEG4	[140, 541]	Classic Zinc Finger
Q9Y2K1	[201, 264]	No_Gene3D_overlap
Q9Y2K1	[419, 472]	No_Gene3D_overlap
A1YPR0	[411, 478]	Classic Zinc Finger
O95159	[0, 22]	No_Gene3D_overlap
P09884	[129, 173]	No_Gene3D_overlap
P46721	[627, 669]	No_Gene3D_overlap
P48147	[2, 18]	alpha/beta hydrolase
P51504	[37, 142]	Classic Zinc Finger
Q09666	[538, 583]	No_Gene3D_overlap
Q09666	[2805, 2823]	No_Gene3D_overlap
Q09666	[5514, 5538]	No_Gene3D_overlap
Q13651	[523, 542]	No_Gene3D_overlap
Q15262	[710, 726]	No_Gene3D_overlap
Q15262	[828, 858]	No_Gene3D_overlap
Q16665	[728, 825]	No_Gene3D_overlap
Q6ZWK6	[170, 200]	No_Gene3D_overlap
Q8N2I9	[111, 126]	No_Gene3D_overlap
Q8NCK3	[100, 437]	Classic Zinc Finger
Q96H86	[165, 354]	Classic Zinc Finger
Q9BWM5	[128, 574]	Classic Zinc Finger
Q9H9A7	[447, 478]	-
Q9HBU1	[91, 109]	No_Gene3D_overlap
Q9NQ38	[87, 416]	-
Q9NQ38	[432, 618]	-
O76009	[0, 79]	No_Gene3D_overlap
O76009	[358, 403]	-
P15976	[70, 110]	No_Gene3D_overlap
P15976	[192, 294]	Erythroid Transcription Factor GATA-1, subunit A
P17787	[369, 405]	No_Gene3D_overlap
P43489	[12, 148]	Tumor Necrosis Factor Receptor, subunit A, domain 2
P78396	[47, 88]	No_Gene3D_overlap
P78396	[99, 158]	No_Gene3D_overlap
Q13029	[1278, 1368]	No_Gene3D_overlap
Q13029	[1439, 1478]	No_Gene3D_overlap
Q13106	[129, 436]	Classic Zinc Finger
Q13201	[201, 216]	No_Gene3D_overlap
Q13201	[228, 291]	No_Gene3D_overlap
Q15375	[902, 917]	Transferase(Phosphotransferase) domain 1
Q6ZRF8	[342, 364]	No_Gene3D_overlap
Q6ZWJ1	[110, 186]	No_Gene3D_overlap
Q8IV08	[67, 89]	No_Gene3D_overlap
Q8ND25	[134, 180]	Zinc/RING finger domain, C3HC4 (zinc finger)
Q8WWZ3	[88, 114]	No_Gene3D_overlap
Q9BTF0	[458, 502]	No_Gene3D_overlap
Q9NXV2	[19, 40]	Potassium Channel Kv1.1; Chain A
Q9P2V4	[543, 562]	No_Gene3D_overlap
Q9UPG8	[58, 211]	Classic Zinc Finger
Q9UPG8	[246, 279]	Classic Zinc Finger
A0A0G2JLG4	[344, 410]	No_Gene3D_overlap
B4DH59	[21, 290]	Laminin
B4DH59	[836, 867]	No_Gene3D_overlap
B4DH59	[899, 933]	No_Gene3D_overlap
B4DH59	[974, 1008]	No_Gene3D_overlap
B4DH59	[1142, 1157]	No_Gene3D_overlap
B4DH59	[1284, 1326]	No_Gene3D_overlap
O15047	[58, 77]	No_Gene3D_overlap
O75581	[1198, 1357]	Low-density Lipoprotein Receptor
P00740	[33, 192]	Laminin
Q08ET2	[347, 362]	No_Gene3D_overlap
Q13145	[200, 236]	No_Gene3D_overlap
Q15935	[87, 541]	Classic Zinc Finger
Q4G0N8	[479, 504]	No_Gene3D_overlap
Q7Z5Q1	[308, 326]	No_Gene3D_overlap
Q8IVL6	[295, 311]	No_Gene3D_overlap
Q8TF72	[1735, 1762]	No_Gene3D_overlap
Q96Q42	[387, 419]	No_Gene3D_overlap
Q9C0F3	[131, 469]	Classic Zinc Finger
Q9NZU5	[15, 70]	No_Gene3D_overlap
Q9UQC9	[760, 784]	No_Gene3D_overlap
O14594	[1006, 1119]	Laminin
O43353	[318, 333]	No_Gene3D_overlap
O43353	[369, 400]	No_Gene3D_overlap
P07358	[54, 165]	Thrombospondin type-1 (TSP1) repeat
P07358	[499, 562]	Thrombospondin type-1 (TSP1) repeat
P46939	[2164, 2196]	-
P49767	[215, 418]	Cystine-knot cytokines
P51522	[61, 267]	Classic Zinc Finger
P51522	[422, 511]	Classic Zinc Finger
P55157	[851, 892]	No_Gene3D_overlap
P56915	[77, 135]	No_Gene3D_overlap
P58166	[180, 195]	No_Gene3D_overlap
Q2VY69	[135, 592]	Classic Zinc Finger
Q6S545	[133, 162]	No_Gene3D_overlap
Q6UWL2	[70, 251]	Laminin
Q6ZN79	[147, 299]	Classic Zinc Finger
Q7Z5L9	[8, 43]	No_Gene3D_overlap
Q8TEW8	[473, 493]	-
Q8TEW8	[587, 624]	-
Q96M69	[719, 754]	No_Gene3D_overlap
Q96NY9	[437, 458]	No_Gene3D_overlap
Q99439	[139, 175]	Calponin-like domain
Q9H116	[315, 617]	Classic Zinc Finger
Q9HAP2	[100, 122]	No_Gene3D_overlap
A6BM72	[72, 835]	Laminin
A6BM72	[915, 937]	No_Gene3D_overlap
A6NGN4	[128, 144]	No_Gene3D_overlap
A6NGN4	[453, 477]	No_Gene3D_overlap
O00237	[563, 630]	Zinc/RING finger domain, C3HC4 (zinc finger)
O43520	[55, 87]	No_Gene3D_overlap
O43593	[91, 139]	No_Gene3D_overlap
O43593	[159, 214]	No_Gene3D_overlap
O43593	[591, 700]	No_Gene3D_overlap
O75339	[419, 503]	No_Gene3D_overlap
P10398	[588, 605]	No_Gene3D_overlap
P23352	[48, 116]	No_Gene3D_overlap
P28331	[0, 22]	No_Gene3D_overlap
P28331	[680, 726]	No_Gene3D_overlap
Q5SXH7	[417, 460]	No_Gene3D_overlap
Q5VWK0	[511, 527]	No_Gene3D_overlap
Q7Z3Z4	[74, 95]	No_Gene3D_overlap
Q8NCA9	[52, 148]	Classic Zinc Finger
Q8NCA9	[196, 272]	Classic Zinc Finger
Q8TED9	[318, 341]	Pleckstrin-homology domain (PH domain)/Phosphotyrosine-binding domain (PTB)
Q96A99	[455, 477]	-
Q9H898	[1, 109]	Classic Zinc Finger
Q9NQW5	[371, 395]	SET domain
Q9UKP4	[107, 177]	No_Gene3D_overlap
Q9UKP4	[645, 710]	-
Q9UKP4	[839, 984]	Thrombospondin type-1 (TSP1) repeat
Q9UKP4	[1414, 1676]	Thrombospondin type-1 (TSP1) repeat
Q9ULI4	[66, 145]	No_Gene3D_overlap
Q9ULI4	[206, 242]	No_Gene3D_overlap
Q9ULI4	[1844, 1877]	No_Gene3D_overlap
Q9Y5F9	[719, 795]	No_Gene3D_overlap
Q9Y5S8	[232, 263]	No_Gene3D_overlap
Q9Y6C2	[58, 133]	No_Gene3D_overlap
Q9Y6C2	[292, 317]	No_Gene3D_overlap
Q9Y6C2	[460, 510]	No_Gene3D_overlap
Q9Y6C2	[558, 606]	No_Gene3D_overlap
Q9Y6C2	[718, 750]	No_Gene3D_overlap
O15297	[370, 387]	PPM-type phosphatase domain
P07199	[189, 238]	No_Gene3D_overlap
Q03188	[20, 47]	No_Gene3D_overlap
Q14990	[33, 87]	-
Q15075	[38, 62]	No_Gene3D_overlap
Q86YP4	[400, 458]	No_Gene3D_overlap
Q8N4Y2	[90, 105]	EF-hand
Q8N7K0	[114, 672]	Classic Zinc Finger
Q8N9Z0	[85, 127]	No_Gene3D_overlap
Q8N9Z0	[186, 349]	Classic Zinc Finger
Q8N9Z0	[392, 458]	Classic Zinc Finger
Q8TBZ5	[10, 93]	No_Gene3D_overlap
Q8TBZ5	[133, 543]	Classic Zinc Finger
Q99650	[846, 905]	No_Gene3D_overlap
Q9BSK1	[74, 384]	Classic Zinc Finger
Q9UPT5	[280, 356]	Exocyst complex component Exo70
Q9Y2G9	[674, 705]	No_Gene3D_overlap
Q9Y620	[35, 100]	No_Gene3D_overlap
Q9Y620	[197, 264]	No_Gene3D_overlap
Q9Y620	[818, 878]	SWI2/SNF2 ATPases, N-terminal domain
O76014	[14, 117]	No_Gene3D_overlap
O94901	[189, 215]	No_Gene3D_overlap
P08319	[0, 19]	Medium-chain alcohol dehydrogenases, catalytic domain
P52961	[272, 299]	Toxin ADP-ribosyltransferase; Chain A, domain 1
Q14188	[381, 401]	No_Gene3D_overlap
Q16877	[14, 29]	No_Gene3D_overlap
Q2M1P5	[400, 451]	No_Gene3D_overlap
Q3KNS6	[140, 431]	Classic Zinc Finger
Q5H9K5	[207, 277]	No_Gene3D_overlap
Q5T6C5	[55, 74]	No_Gene3D_overlap
Q5T6C5	[89, 110]	No_Gene3D_overlap
Q5T6C5	[404, 450]	No_Gene3D_overlap
Q7Z3E2	[142, 161]	No_Gene3D_overlap
Q8NCE0	[208, 283]	No_Gene3D_overlap
Q8TB69	[117, 539]	Classic Zinc Finger
Q9BSF8	[408, 428]	No_Gene3D_overlap
Q9BYV9	[133, 151]	Potassium Channel Kv1.1; Chain A
Q9BYV9	[694, 731]	No_Gene3D_overlap
Q9H4T2	[229, 347]	Classic Zinc Finger
Q9NT22	[77, 140]	No_Gene3D_overlap
Q9NT22	[319, 392]	No_Gene3D_overlap
Q9NT22	[425, 481]	No_Gene3D_overlap
Q9NTU7	[41, 65]	No_Gene3D_overlap
Q9Y426	[238, 260]	No_Gene3D_overlap
Q9Y426	[448, 481]	No_Gene3D_overlap
Q9Y5F0	[725, 776]	No_Gene3D_overlap
Q9Y5W7	[93, 120]	No_Gene3D_overlap
A8MUP2	[13, 34]	Vaccinia Virus protein VP39
O75882	[87, 150]	Spermadhesin, CUB domain
O75882	[649, 786]	Mannose-Binding Protein A, subunit A
O75882	[879, 1019]	Mannose-Binding Protein A, subunit A
O75882	[1036, 1148]	Laminin
P30084	[3, 20]	No_Gene3D_overlap
Q06889	[277, 352]	Classic Zinc Finger
Q15825	[380, 414]	No_Gene3D_overlap
Q3ZCT1	[15, 291]	Classic Zinc Finger
Q3ZCT1	[328, 411]	Classic Zinc Finger
Q5HY98	[82, 111]	No_Gene3D_overlap
Q5HY98	[130, 280]	Classic Zinc Finger
Q68G75	[88, 122]	No_Gene3D_overlap
Q6P4F7	[409, 427]	No_Gene3D_overlap
Q6P4F7	[452, 470]	No_Gene3D_overlap
Q6WBX8	[365, 425]	No_Gene3D_overlap
Q6ZNG0	[128, 168]	No_Gene3D_overlap
Q6ZNG0	[210, 420]	Classic Zinc Finger
Q6ZVH7	[639, 685]	No_Gene3D_overlap
Q6ZVH7	[740, 768]	No_Gene3D_overlap
Q7Z410	[477, 506]	Trypsin-like serine proteases
Q8NB46	[1037, 1073]	No_Gene3D_overlap
Q9NRJ4	[435, 451]	No_Gene3D_overlap
Q9NRJ4	[479, 513]	No_Gene3D_overlap
Q9NW07	[167, 395]	Classic Zinc Finger
Q9Y5W5	[171, 356]	Laminin
P32926	[674, 720]	No_Gene3D_overlap
P32926	[821, 912]	TCF3-CBD (Catenin binding domain)
Q08ER8	[182, 320]	Classic Zinc Finger
Q08ER8	[394, 571]	Classic Zinc Finger
Q12872	[377, 394]	No_Gene3D_overlap
Q16822	[8, 31]	No_Gene3D_overlap
Q499Z4	[0, 138]	Classic Zinc Finger
Q499Z4	[189, 424]	Classic Zinc Finger
Q5TEC3	[165, 238]	No_Gene3D_overlap
Q5TEC3	[350, 544]	Classic Zinc Finger
Q6PF04	[54, 117]	-
Q6PF04	[193, 554]	Classic Zinc Finger
Q8N2S1	[43, 84]	No_Gene3D_overlap
Q8N2S1	[239, 254]	No_Gene3D_overlap
Q8N2S1	[268, 465]	TGF-beta binding (TB) domain
Q8N2S1	[548, 1129]	Laminin
Q8N2S1	[1178, 1411]	TGF-beta binding (TB) domain
Q8N2S1	[1527, 1622]	Laminin
Q8NE09	[214, 246]	No_Gene3D_overlap
Q8TDQ0	[267, 300]	No_Gene3D_overlap
Q96CX3	[18, 270]	Classic Zinc Finger
Q9BUK6	[388, 521]	No_Gene3D_overlap
Q9NYW8	[94, 200]	No_Gene3D_overlap
Q9NYW8	[224, 709]	Classic Zinc Finger
Q9P265	[933, 978]	-
Q9UJW8	[147, 181]	No_Gene3D_overlap
Q9UJW8	[278, 317]	No_Gene3D_overlap
Q9UJW8	[346, 691]	Classic Zinc Finger
Q9UPY3	[747, 763]	No_Gene3D_overlap
Q9UPY3	[1085, 1108]	No_Gene3D_overlap
Q9UPY3	[1593, 1656]	Ribonuclease III domain
I3L3L1	[95, 121]	No_Gene3D_overlap
P17035	[207, 717]	Classic Zinc Finger
P20594	[431, 455]	-
P56645	[509, 569]	No_Gene3D_overlap
P56645	[1162, 1184]	No_Gene3D_overlap
Q15822	[380, 454]	Neurotransmitter-gated ion-channel transmembrane domain
Q5SXM1	[73, 178]	Classic Zinc Finger
Q5SXM1	[195, 524]	Classic Zinc Finger
Q8IVC4	[84, 115]	No_Gene3D_overlap
Q8IVC4	[172, 406]	Classic Zinc Finger
Q8WWQ8	[21, 51]	No_Gene3D_overlap
Q8WWQ8	[76, 359]	Laminin
Q8WWQ8	[677, 999]	Laminin
Q8WWQ8	[1269, 1316]	Tie2 ligand-binding domain superfamily
Q8WWQ8	[1330, 1548]	Tie2 ligand-binding domain superfamily
Q8WWQ8	[1894, 2193]	Laminin
Q96II8	[284, 304]	Ribonuclease Inhibitor
Q96N22	[57, 241]	Classic Zinc Finger
Q96N22	[253, 626]	Classic Zinc Finger
Q99250	[1167, 1196]	No_Gene3D_overlap
Q9BZR8	[117, 138]	No_Gene3D_overlap
Q9P2K9	[621, 650]	No_Gene3D_overlap
Q9P2K9	[967, 998]	No_Gene3D_overlap
Q9UPW6	[235, 253]	SATB, CULT domain
B7ZLF3	[29, 151]	Classic Zinc Finger
O60870	[3, 56]	No_Gene3D_overlap
O95980	[29, 58]	No_Gene3D_overlap
O95980	[97, 828]	-
P0CG36	[75, 158]	Laminin
P0DPD5	[106, 510]	Classic Zinc Finger
P14151	[152, 329]	Complement Module, domain 1
P23443	[70, 89]	No_Gene3D_overlap
P23508	[154, 218]	No_Gene3D_overlap
P23508	[510, 543]	No_Gene3D_overlap
P40879	[30, 53]	No_Gene3D_overlap
P55017	[38, 53]	No_Gene3D_overlap
P62070	[184, 203]	No_Gene3D_overlap
Q2TBC4	[0, 25]	No_Gene3D_overlap
Q3KNS1	[103, 125]	No_Gene3D_overlap
Q5VYS8	[223, 260]	No_Gene3D_overlap
Q5VYS8	[638, 662]	-
Q5VYS8	[908, 999]	No_Gene3D_overlap
Q6DJT9	[31, 149]	Classic Zinc Finger
Q6DJT9	[166, 271]	Classic Zinc Finger
Q6ZMU1	[320, 357]	-
Q6ZV50	[120, 162]	No_Gene3D_overlap
Q6ZV50	[463, 484]	No_Gene3D_overlap
Q8N9L1	[194, 287]	Classic Zinc Finger
Q96CC6	[481, 640]	Rhomboid-like
Q9NTI2	[449, 483]	No_Gene3D_overlap
Q9NZJ4	[1385, 1404]	No_Gene3D_overlap
Q9NZJ4	[1736, 1758]	No_Gene3D_overlap
Q9NZJ4	[1803, 1820]	No_Gene3D_overlap
Q9Y334	[194, 237]	No_Gene3D_overlap
Q9Y6R1	[429, 448]	No_Gene3D_overlap
Q9Y6R1	[620, 639]	No_Gene3D_overlap
P48745	[13, 356]	Complement Module, domain 1
P52738	[154, 456]	Classic Zinc Finger
Q12923	[288, 315]	No_Gene3D_overlap
Q14678	[407, 447]	No_Gene3D_overlap
Q14678	[526, 656]	No_Gene3D_overlap
Q14678	[678, 708]	No_Gene3D_overlap
Q4LE39	[409, 431]	No_Gene3D_overlap
Q5HYM0	[341, 382]	-
Q5HYM0	[747, 790]	No_Gene3D_overlap
Q68DA7	[768, 802]	No_Gene3D_overlap
Q6NSI8	[502, 552]	No_Gene3D_overlap
Q76G19	[356, 371]	No_Gene3D_overlap
Q7RTU7	[170, 200]	No_Gene3D_overlap
Q8IZF0	[644, 737]	No_Gene3D_overlap
Q8IZF0	[1689, 1730]	No_Gene3D_overlap
Q8N573	[207, 293]	No_Gene3D_overlap
Q8TCU6	[948, 987]	No_Gene3D_overlap
Q8TCU6	[1000, 1047]	No_Gene3D_overlap
Q8TCU6	[1213, 1251]	No_Gene3D_overlap
Q8TCU6	[1550, 1616]	No_Gene3D_overlap
Q8TCU6	[1629, 1645]	No_Gene3D_overlap
Q9BZS1	[138, 175]	No_Gene3D_overlap
Q9H1K6	[28, 44]	No_Gene3D_overlap
Q9NRL2	[173, 204]	No_Gene3D_overlap
Q9NRL2	[892, 916]	No_Gene3D_overlap
Q9Y4F3	[170, 323]	No_Gene3D_overlap
Q9Y4F3	[928, 945]	No_Gene3D_overlap
Q9Y4F3	[957, 996]	No_Gene3D_overlap
A8MXY4	[221, 833]	Classic Zinc Finger
M0QZD8	[24, 52]	Lipovitellin; beta-sheet shell regions, chain A
M0QZD8	[1926, 1951]	No_Gene3D_overlap
M0QZD8	[2477, 2496]	No_Gene3D_overlap
M0QZD8	[2674, 2745]	No_Gene3D_overlap
M0QZD8	[3147, 3213]	No_Gene3D_overlap
M0QZD8	[3226, 3265]	No_Gene3D_overlap
O60813	[449, 477]	No_Gene3D_overlap
P00533	[482, 643]	Receptor L-domain
P22413	[79, 211]	Alkaline Phosphatase, subunit A
P41214	[288, 317]	No_Gene3D_overlap
P41214	[432, 456]	No_Gene3D_overlap
Q5T5D7	[122, 377]	Classic Zinc Finger
Q7Z5J4	[1675, 1717]	No_Gene3D_overlap
Q86VF7	[37, 147]	Cysteine Rich Protein
Q86VF7	[1134, 1165]	No_Gene3D_overlap
Q86VF7	[1315, 1352]	No_Gene3D_overlap
Q86VF7	[1450, 1485]	No_Gene3D_overlap
Q8IZ52	[398, 420]	No_Gene3D_overlap
Q8N9N2	[41, 59]	No_Gene3D_overlap
Q8N9N2	[360, 377]	No_Gene3D_overlap
Q96FC9	[856, 900]	No_Gene3D_overlap
Q96FC9	[914, 932]	No_Gene3D_overlap
Q96KQ7	[424, 542]	No_Gene3D_overlap
Q9BUY5	[5, 54]	-
Q9BUY5	[128, 235]	Classic Zinc Finger
Q9BUY5	[308, 553]	Classic Zinc Finger
Q9C000	[1022, 1066]	No_Gene3D_overlap
Q9H4Q3	[465, 513]	No_Gene3D_overlap
Q9NRD9	[947, 975]	No_Gene3D_overlap
Q9NYA4	[316, 333]	No_Gene3D_overlap
Q9UQK1	[0, 16]	No_Gene3D_overlap
Q9UQK1	[37, 76]	No_Gene3D_overlap
A1KZ92	[1290, 1323]	Haem peroxidase domain superfamily, animal type
O14503	[122, 140]	-
O60609	[33, 111]	No_Gene3D_overlap
O94907	[72, 153]	No_Gene3D_overlap
P0DJD4	[418, 459]	No_Gene3D_overlap
P22001	[94, 109]	Potassium Channel Kv1.1; Chain A
P22001	[519, 536]	No_Gene3D_overlap
P59047	[14, 60]	Death Domain, Fas
Q12816	[1000, 1077]	No_Gene3D_overlap
Q12816	[1134, 1199]	No_Gene3D_overlap
Q14142	[183, 207]	No_Gene3D_overlap
Q504Q3	[361, 378]	YVTN repeat-like/Quinoprotein amine dehydrogenase
Q6PI26	[135, 158]	No_Gene3D_overlap
Q6ZMM2	[140, 197]	-
Q92670	[313, 425]	Classic Zinc Finger
Q96JM2	[0, 44]	No_Gene3D_overlap
Q96JM2	[56, 80]	No_Gene3D_overlap
Q96JM2	[91, 111]	No_Gene3D_overlap
Q96JM2	[122, 186]	No_Gene3D_overlap
Q96JM2	[221, 275]	No_Gene3D_overlap
Q96JM2	[602, 629]	No_Gene3D_overlap
Q96JM2	[829, 860]	No_Gene3D_overlap
Q96JM2	[1186, 1267]	No_Gene3D_overlap
Q96JM2	[1586, 1603]	No_Gene3D_overlap
Q96JM2	[1775, 1799]	No_Gene3D_overlap
Q96JM2	[1955, 1974]	Classic Zinc Finger
Q96JM2	[2401, 2433]	No_Gene3D_overlap
Q9BUD6	[227, 250]	No_Gene3D_overlap
Q9NQ86	[102, 258]	Zinc/RING finger domain, C3HC4 (zinc finger)
Q9UBR4	[6, 36]	Cysteine Rich Protein
O75074	[155, 283]	Spermadhesin, CUB domain
O75074	[359, 485]	Low-density Lipoprotein Receptor
O95835	[860, 902]	No_Gene3D_overlap
P22223	[16, 48]	No_Gene3D_overlap
P78337	[145, 161]	Homeodomain-like
Q02985	[101, 222]	Complement Module, domain 1
Q16600	[144, 456]	Classic Zinc Finger
Q6U7Q0	[57, 388]	Classic Zinc Finger
Q8N2R8	[298, 314]	No_Gene3D_overlap
Q969P0	[173, 189]	No_Gene3D_overlap
Q9HCC9	[556, 592]	No_Gene3D_overlap
O00220	[132, 229]	Tumor Necrosis Factor Receptor, subunit A, domain 2
P01112	[168, 188]	P-loop containing nucleotide triphosphate hydrolases
P05107	[444, 676]	Laminin
P12525	[116, 151]	No_Gene3D_overlap
Q14526	[502, 611]	Classic Zinc Finger
Q5H9R4	[1979, 1999]	No_Gene3D_overlap
Q5H9R4	[2022, 2041]	Leucine-rich Repeat Variant
Q68DU8	[127, 157]	Potassium Channel Kv1.1; Chain A
Q68DU8	[277, 302]	No_Gene3D_overlap
Q6GYQ0	[1029, 1053]	No_Gene3D_overlap
Q6GYQ0	[1525, 1545]	No_Gene3D_overlap
Q6GYQ0	[1689, 1721]	No_Gene3D_overlap
Q6P9A1	[167, 196]	No_Gene3D_overlap
Q6P9A1	[226, 598]	Classic Zinc Finger
Q6UXH8	[38, 235]	Laminin
Q7LFX5	[0, 47]	No_Gene3D_overlap
Q8IUA7	[446, 477]	P-loop containing nucleotide triphosphate hydrolases
Q8IWR0	[430, 450]	No_Gene3D_overlap
Q8IWR0	[577, 603]	No_Gene3D_overlap
Q8IWR0	[716, 796]	No_Gene3D_overlap
Q8N1W1	[344, 375]	No_Gene3D_overlap
Q96SQ7	[288, 320]	Helix-loop-helix DNA-binding domain
Q9NQ03	[179, 293]	Classic Zinc Finger
Q9NY37	[349, 388]	No_Gene3D_overlap
Q9P0L1	[378, 748]	Classic Zinc Finger
A6NED2	[59, 78]	No_Gene3D_overlap
B2RXH4	[476, 505]	No_Gene3D_overlap
C9JSJ3	[254, 287]	No_Gene3D_overlap
O43184	[356, 595]	Disintegrin domain
O43184	[658, 705]	No_Gene3D_overlap
O75694	[84, 106]	No_Gene3D_overlap
P15622	[74, 120]	-
P15622	[186, 559]	Classic Zinc Finger
Q3SY52	[117, 486]	Classic Zinc Finger
Q3T8J9	[889, 915]	No_Gene3D_overlap
Q3T8J9	[1157, 1217]	No_Gene3D_overlap
Q5VIY5	[203, 521]	Classic Zinc Finger
Q6Y2X3	[532, 568]	No_Gene3D_overlap
Q7Z3E5	[32, 50]	No_Gene3D_overlap
Q8IZF2	[377, 400]	No_Gene3D_overlap
Q8IZF2	[413, 428]	No_Gene3D_overlap
Q8IZF2	[669, 715]	No_Gene3D_overlap
Q8WTR8	[35, 65]	No_Gene3D_overlap
Q8WTR8	[145, 359]	Laminin
Q96K75	[139, 396]	Classic Zinc Finger
Q96RL1	[211, 287]	No_Gene3D_overlap
Q96RL1	[497, 534]	No_Gene3D_overlap
Q96RL1	[557, 595]	No_Gene3D_overlap
Q9NRM2	[55, 75]	No_Gene3D_overlap
Q9NZV1	[22, 884]	-
Q9UK10	[120, 705]	Classic Zinc Finger
Q9UL49	[113, 129]	No_Gene3D_overlap
Q9UL49	[212, 232]	No_Gene3D_overlap
Q9UL49	[290, 344]	No_Gene3D_overlap
Q9Y314	[0, 68]	Zinc/RING finger domain, C3HC4 (zinc finger)
Q9Y314	[193, 241]	Zinc/RING finger domain, C3HC4 (zinc finger)
Q9Y330	[265, 288]	No_Gene3D_overlap
Q9Y330	[364, 442]	Classic Zinc Finger
O15055	[573, 610]	No_Gene3D_overlap
O15055	[748, 766]	No_Gene3D_overlap
O15055	[1182, 1230]	No_Gene3D_overlap
O60241	[197, 223]	No_Gene3D_overlap
O60241	[309, 532]	GPCR, family 2, extracellular hormone receptor domain
O60241	[1213, 1283]	Rhodopsin 7-helix transmembrane proteins
O60241	[1316, 1343]	No_Gene3D_overlap
O60811	[127, 150]	No_Gene3D_overlap
O60811	[446, 473]	No_Gene3D_overlap
O96028	[661, 860]	Zinc/RING finger domain, C3HC4 (zinc finger)
P02545	[568, 596]	No_Gene3D_overlap
P06681	[26, 166]	Complement Module, domain 1
P69849	[965, 984]	No_Gene3D_overlap
Q14964	[189, 216]	No_Gene3D_overlap
Q14993	[232, 285]	-
Q5D1E8	[284, 336]	-
Q5HYC2	[497, 527]	No_Gene3D_overlap
Q5HYC2	[539, 591]	No_Gene3D_overlap
Q5HYC2	[1040, 1063]	No_Gene3D_overlap
Q5HYC2	[1259, 1294]	No_Gene3D_overlap
Q5TD97	[0, 216]	Cysteine Rich Protein
Q6NW40	[43, 62]	No_Gene3D_overlap
Q6NW40	[85, 164]	No_Gene3D_overlap
Q8IX03	[562, 579]	No_Gene3D_overlap
Q8IX03	[611, 633]	No_Gene3D_overlap
Q8IYR2	[213, 252]	Tetratricopeptide repeat domain
Q8IYR2	[375, 391]	No_Gene3D_overlap
Q8N720	[201, 471]	Classic Zinc Finger
Q96RI9	[0, 32]	Rhodopsin 7-helix transmembrane proteins
Q96SC8	[127, 142]	No_Gene3D_overlap
Q99612	[198, 282]	Classic Zinc Finger
Q9H1D9	[279, 313]	No_Gene3D_overlap
Q9H7E2	[89, 111]	No_Gene3D_overlap
Q9H7E2	[516, 539]	-
Q9UPZ3	[704, 732]	No_Gene3D_overlap
Q9Y238	[178, 263]	No_Gene3D_overlap
Q9Y238	[1315, 1340]	No_Gene3D_overlap
O75751	[85, 134]	MFS general substrate transporter like domains
P23921	[774, 791]	No_Gene3D_overlap
P34059	[476, 521]	No_Gene3D_overlap
P52736	[50, 120]	-
P52736	[199, 628]	Classic Zinc Finger
Q08AG5	[118, 374]	Classic Zinc Finger
Q08AG5	[412, 583]	No_Gene3D_overlap
Q14624	[736, 760]	No_Gene3D_overlap
Q14624	[913, 929]	No_Gene3D_overlap
Q4L235	[698, 718]	No_Gene3D_overlap
Q5T1H1	[175, 413]	Laminin
Q5T1H1	[627, 1281]	Laminin
Q5T1H1	[1525, 1573]	No_Gene3D_overlap
Q5T1H1	[1643, 1662]	No_Gene3D_overlap
Q5T601	[97, 148]	No_Gene3D_overlap
Q6NT04	[435, 461]	No_Gene3D_overlap
Q7RTY8	[463, 611]	Low-density Lipoprotein Receptor
Q86UV5	[41, 62]	No_Gene3D_overlap
Q86UV5	[641, 728]	No_Gene3D_overlap
Q86UV5	[829, 849]	No_Gene3D_overlap
Q86VH2	[580, 639]	No_Gene3D_overlap
Q8NC96	[150, 167]	No_Gene3D_overlap
Q8WY91	[325, 374]	No_Gene3D_overlap
Q96K78	[43, 76]	No_Gene3D_overlap
Q9BXA9	[408, 479]	Classic Zinc Finger
Q9BXA9	[662, 766]	Classic Zinc Finger
Q9BXA9	[971, 1040]	Classic Zinc Finger
Q9BXA9	[1117, 1184]	Classic Zinc Finger
Q9HCK8	[1916, 1935]	No_Gene3D_overlap
Q9HCK8	[2146, 2161]	No_Gene3D_overlap
Q9HCK8	[2301, 2319]	-
Q9NXD2	[701, 767]	No_Gene3D_overlap
Q9P086	[73, 116]	-
Q9P215	[366, 382]	No_Gene3D_overlap
Q9Y2G7	[108, 384]	Classic Zinc Finger
Q9Y2G7	[430, 518]	Classic Zinc Finger
Q9Y2R2	[383, 398]	No_Gene3D_overlap
Q9Y6J0	[561, 584]	No_Gene3D_overlap
O15403	[469, 490]	MFS general substrate transporter like domains
P08138	[26, 193]	Tumor Necrosis Factor Receptor, subunit A, domain 2
Q13835	[187, 252]	Leucine-rich Repeat Variant
Q16795	[18, 45]	No_Gene3D_overlap
Q5FWF4	[823, 958]	-
Q5JVF3	[14, 57]	No_Gene3D_overlap
Q8IV20	[50, 67]	No_Gene3D_overlap
Q8N1W2	[284, 496]	Classic Zinc Finger
Q8NB66	[1005, 1037]	No_Gene3D_overlap
Q8TEU7	[247, 263]	Jelly Rolls
Q96GE5	[95, 642]	Classic Zinc Finger
Q99435	[260, 815]	Laminin
Q9BY31	[147, 193]	Classic Zinc Finger
Q9BY31	[255, 663]	Classic Zinc Finger
Q9BY31	[721, 899]	Classic Zinc Finger
Q9BZ72	[792, 811]	No_Gene3D_overlap
Q9NP60	[561, 585]	No_Gene3D_overlap
P78385	[0, 51]	No_Gene3D_overlap
P78385	[61, 114]	No_Gene3D_overlap
P78385	[376, 484]	-
Q13241	[40, 67]	Mannose-Binding Protein A, subunit A
Q14721	[672, 696]	No_Gene3D_overlap
Q15973	[69, 350]	Classic Zinc Finger
Q5T481	[389, 488]	No_Gene3D_overlap
Q7RTX7	[349, 392]	No_Gene3D_overlap
Q8WXH0	[1377, 1427]	No_Gene3D_overlap
Q8WXH0	[1724, 1758]	-
Q8WXH0	[4244, 4263]	No_Gene3D_overlap
Q96AP0	[153, 245]	-
Q96MM6	[619, 685]	No_Gene3D_overlap
Q9UGI9	[141, 170]	No_Gene3D_overlap
Q9Y6B7	[569, 603]	TATA-Binding Protein
O00562	[552, 576]	No_Gene3D_overlap
O00562	[907, 932]	No_Gene3D_overlap
O75373	[101, 535]	Classic Zinc Finger
P01860	[103, 171]	Immunoglobulins
P09001	[318, 333]	No_Gene3D_overlap
P17019	[101, 562]	Classic Zinc Finger
Q10588	[265, 297]	NAD(P)-binding Rossmann-like Domain
Q13263	[111, 254]	Zinc/RING finger domain, C3HC4 (zinc finger)
Q14005	[295, 327]	-
Q14118	[688, 711]	No_Gene3D_overlap
Q14181	[172, 200]	No_Gene3D_overlap
Q495T6	[73, 97]	Collagenase (Catalytic Domain)
Q5MCW4	[134, 359]	Classic Zinc Finger
Q5MCW4	[380, 685]	Classic Zinc Finger
Q5VST9	[1506, 1703]	Immunoglobulins
Q5VST9	[3251, 3465]	Immunoglobulins
Q5VST9	[3715, 4008]	Immunoglobulins
Q5VST9	[5093, 5128]	Immunoglobulins
Q6U841	[660, 718]	No_Gene3D_overlap
Q7Z3Y8	[79, 99]	No_Gene3D_overlap
Q8N859	[173, 441]	Classic Zinc Finger
Q96MF6	[46, 62]	No_Gene3D_overlap
Q9Y4B6	[1000, 1028]	No_Gene3D_overlap
A6NJZ7	[432, 532]	No_Gene3D_overlap
A6NJZ7	[950, 971]	No_Gene3D_overlap
A6NJZ7	[1194, 1220]	No_Gene3D_overlap
A6NJZ7	[1367, 1384]	No_Gene3D_overlap
O15535	[135, 156]	DNA breaking-rejoining enzymes
O15535	[243, 393]	Classic Zinc Finger
O60896	[10, 35]	Receptor activity modifying family
P0CJ79	[213, 717]	Classic Zinc Finger
Q5VV52	[111, 306]	Classic Zinc Finger
Q7L3S4	[65, 314]	Classic Zinc Finger
Q86SP6	[424, 449]	No_Gene3D_overlap
Q86SP6	[537, 554]	No_Gene3D_overlap
Q8N0U4	[0, 39]	No_Gene3D_overlap
Q93098	[110, 126]	No_Gene3D_overlap
Q93098	[152, 200]	No_Gene3D_overlap
Q9BX84	[13, 48]	No_Gene3D_overlap
Q9BX84	[1235, 1259]	No_Gene3D_overlap
Q9BX84	[1442, 1479]	No_Gene3D_overlap
Q9BX84	[1544, 1560]	No_Gene3D_overlap
Q9BX84	[1622, 1666]	No_Gene3D_overlap
Q9C0B9	[1009, 1026]	No_Gene3D_overlap
Q9Y5I4	[734, 751]	No_Gene3D_overlap
O00534	[613, 655]	No_Gene3D_overlap
O15375	[189, 219]	MFS general substrate transporter like domains
O95633	[25, 238]	TGF-beta binding (TB) domain
O96018	[362, 397]	-
P28698	[356, 458]	Classic Zinc Finger
P28698	[483, 729]	Classic Zinc Finger
P52739	[307, 393]	Classic Zinc Finger
Q08AF3	[0, 27]	No_Gene3D_overlap
Q08AF3	[357, 372]	No_Gene3D_overlap
Q15413	[1899, 1940]	No_Gene3D_overlap
Q2NKQ1	[674, 697]	No_Gene3D_overlap
Q6UXM1	[880, 1003]	No_Gene3D_overlap
Q7L7V1	[714, 742]	No_Gene3D_overlap
Q8TEQ6	[850, 881]	No_Gene3D_overlap
Q96NW4	[401, 442]	No_Gene3D_overlap
Q9HC57	[72, 198]	Elafin-like
Q9NQZ8	[122, 488]	Classic Zinc Finger
Q9Y4A5	[1066, 1081]	No_Gene3D_overlap
Q9Y4A5	[1486, 1504]	No_Gene3D_overlap
Q12767	[789, 809]	No_Gene3D_overlap
Q12767	[1033, 1062]	No_Gene3D_overlap
Q59H18	[751, 777]	No_Gene3D_overlap
Q7RTS7	[110, 130]	No_Gene3D_overlap
Q8IUA0	[38, 240]	Pancreatic trypsin inhibitor Kunitz domain
Q8N141	[152, 374]	Classic Zinc Finger
Q8N141	[442, 531]	Classic Zinc Finger
Q8N895	[275, 456]	Classic Zinc Finger
Q96SE7	[124, 168]	No_Gene3D_overlap
Q96SE7	[201, 219]	No_Gene3D_overlap
Q96SE7	[240, 441]	Classic Zinc Finger
Q96SE7	[456, 838]	Classic Zinc Finger
Q96SL8	[20, 125]	Classic Zinc Finger
Q96SL8	[411, 495]	Classic Zinc Finger
Q9BYP7	[1209, 1239]	No_Gene3D_overlap
Q9BYP7	[1254, 1277]	No_Gene3D_overlap
Q9H195	[13265, 13387]	No_Gene3D_overlap
Q9ULV3	[586, 715]	Classic Zinc Finger
Q9ULV3	[787, 841]	No_Gene3D_overlap
O14686	[126, 362]	Zinc/RING finger domain, C3HC4 (zinc finger)
O14686	[1463, 1567]	Zinc/RING finger domain, C3HC4 (zinc finger)
O14815	[21, 52]	No_Gene3D_overlap
P00748	[48, 301]	Plasminogen Kringle 4
P00750	[27, 244]	Complement Module, domain 1
P17025	[165, 273]	Classic Zinc Finger
P17025	[314, 622]	Classic Zinc Finger
P22570	[0, 28]	No_Gene3D_overlap
P32297	[357, 430]	Neurotransmitter-gated ion-channel transmembrane domain
Q15695	[162, 231]	-
Q7Z3G6	[85, 103]	No_Gene3D_overlap
Q86VR7	[331, 617]	Immunoglobulins
Q8NEZ4	[120, 166]	No_Gene3D_overlap
Q8NEZ4	[373, 536]	Zinc/RING finger domain, C3HC4 (zinc finger)
Q8NEZ4	[1045, 1167]	Zinc/RING finger domain, C3HC4 (zinc finger)
Q8NEZ4	[4213, 4258]	No_Gene3D_overlap
Q93070	[283, 302]	No_Gene3D_overlap
Q96G91	[317, 336]	Rhodopsin 7-helix transmembrane proteins
Q9C0D4	[78, 109]	No_Gene3D_overlap
Q9C0D4	[119, 165]	Classic Zinc Finger
Q9C0D4	[273, 324]	No_Gene3D_overlap
Q9C0D4	[460, 508]	No_Gene3D_overlap
Q9C0D4	[1017, 1033]	No_Gene3D_overlap
Q9P2S2	[178, 287]	-
Q9UF02	[210, 226]	-
Q9ULK6	[317, 339]	Zinc/RING finger domain, C3HC4 (zinc finger)
P05412	[78, 106]	No_Gene3D_overlap
P11161	[89, 116]	No_Gene3D_overlap
P11161	[344, 419]	Classic Zinc Finger
P21817	[810, 858]	-
P21817	[1769, 1789]	No_Gene3D_overlap
P21817	[2035, 2061]	No_Gene3D_overlap
P23467	[1533, 1573]	No_Gene3D_overlap
P41182	[508, 608]	Classic Zinc Finger
P52732	[836, 865]	No_Gene3D_overlap
Q02386	[124, 219]	Classic Zinc Finger
Q02386	[237, 665]	Classic Zinc Finger
Q16787	[291, 726]	Laminin
Q16787	[1249, 1470]	Laminin
Q16787	[1649, 1840]	Laminin
Q5VTD9	[122, 326]	Classic Zinc Finger
Q6DD87	[65, 183]	Classic Zinc Finger
Q8N8L2	[25, 436]	Classic Zinc Finger
Q8WWF6	[112, 134]	DnaJ domain
Q96AQ8	[122, 155]	No_Gene3D_overlap
Q99758	[866, 887]	No_Gene3D_overlap
Q9H501	[484, 503]	No_Gene3D_overlap
Q9H8W5	[358, 408]	Immunoglobulins
Q9H8W5	[505, 577]	No_Gene3D_overlap
Q9HBF4	[14, 117]	No_Gene3D_overlap
Q9HBF4	[408, 473]	No_Gene3D_overlap
Q9HC84	[231, 434]	Laminin
Q9HC84	[552, 872]	Laminin
Q9HC84	[1035, 1268]	No_Gene3D_overlap
Q9HC84	[1315, 1435]	No_Gene3D_overlap
Q9HC84	[1499, 1560]	No_Gene3D_overlap
Q9HC84	[1781, 1889]	No_Gene3D_overlap
Q9HC84	[2302, 2384]	No_Gene3D_overlap
Q9HC84	[2860, 2944]	No_Gene3D_overlap
Q9HC84	[2960, 2977]	No_Gene3D_overlap
Q9HC84	[3562, 3639]	No_Gene3D_overlap
Q9HC84	[4119, 4203]	No_Gene3D_overlap
Q9HC84	[4216, 4236]	No_Gene3D_overlap
Q9HC84	[4927, 4993]	No_Gene3D_overlap
Q9HC84	[5008, 5064]	No_Gene3D_overlap
Q9HC84	[5211, 5258]	No_Gene3D_overlap
Q9HC84	[5280, 5752]	Laminin
Q9NZL3	[160, 706]	Classic Zinc Finger
Q9P0J1	[0, 85]	PPM-type phosphatase domain
Q9UJL9	[155, 200]	No_Gene3D_overlap
Q9UJL9	[284, 371]	Classic Zinc Finger
Q9UJL9	[382, 533]	Classic Zinc Finger
Q9UKZ4	[529, 847]	Galactose-binding domain-like
Q9UKZ4	[979, 994]	No_Gene3D_overlap
Q9UKZ4	[1172, 1190]	No_Gene3D_overlap
Q9UM47	[42, 1321]	Laminin
Q14203	[1231, 1259]	No_Gene3D_overlap
Q14929	[76, 94]	No_Gene3D_overlap
Q14929	[224, 596]	Classic Zinc Finger
Q15303	[491, 650]	Hormone Receptor, Insulin-like Growth Factor Receptor 1; Chain A, domain 2
Q6P1L6	[134, 170]	No_Gene3D_overlap
Q6P1L6	[238, 598]	Classic Zinc Finger
Q6P1R3	[175, 218]	Homeodomain-like
Q6UWX4	[46, 65]	No_Gene3D_overlap
Q70Z44	[346, 363]	No_Gene3D_overlap
Q86X76	[28, 64]	Carbon-nitrogen hydrolase
Q8IZD2	[454, 480]	SET domain
Q8IZD2	[1070, 1089]	No_Gene3D_overlap
Q8IZD2	[1103, 1129]	No_Gene3D_overlap
Q8NCD3	[255, 277]	No_Gene3D_overlap
Q8NCD3	[330, 380]	No_Gene3D_overlap
Q8NCD3	[438, 464]	No_Gene3D_overlap
Q8NCD3	[575, 635]	No_Gene3D_overlap
Q96EB6	[497, 519]	No_Gene3D_overlap
Q96QE5	[19, 57]	No_Gene3D_overlap
Q9GZU2	[430, 589]	Classic Zinc Finger
Q9GZU2	[1000, 1042]	Classic Zinc Finger
Q9GZU2	[1104, 1358]	Classic Zinc Finger
Q9H8Y5	[65, 97]	No_Gene3D_overlap
Q9NSB4	[44, 115]	No_Gene3D_overlap
Q9NSB4	[434, 491]	No_Gene3D_overlap
Q9NZV8	[557, 595]	No_Gene3D_overlap
Q9UHF7	[424, 465]	No_Gene3D_overlap
Q9UHF7	[556, 642]	No_Gene3D_overlap
A6PVC2	[582, 617]	No_Gene3D_overlap
A6PVC2	[766, 838]	No_Gene3D_overlap
O60312	[613, 630]	No_Gene3D_overlap
O60524	[670, 691]	No_Gene3D_overlap
O95382	[74, 93]	No_Gene3D_overlap
O95977	[324, 341]	No_Gene3D_overlap
O95996	[1242, 1282]	No_Gene3D_overlap
O95996	[1336, 1362]	No_Gene3D_overlap
P01344	[104, 120]	No_Gene3D_overlap
Q13506	[86, 126]	No_Gene3D_overlap
Q15155	[965, 984]	No_Gene3D_overlap
Q5VTA0	[458, 473]	No_Gene3D_overlap
Q86VZ4	[110, 168]	No_Gene3D_overlap
Q8N6G6	[111, 191]	-
Q8N6G6	[467, 846]	Thrombospondin type-1 (TSP1) repeat
Q8N6G6	[1496, 1760]	Thrombospondin type-1 (TSP1) repeat
Q8TCC3	[134, 157]	No_Gene3D_overlap
Q8TE60	[0, 54]	No_Gene3D_overlap
Q8TE60	[695, 748]	-
Q8TE60	[901, 1220]	Thrombospondin type-1 (TSP1) repeat
Q9BZG1	[23, 43]	No_Gene3D_overlap
Q9BZG1	[242, 258]	No_Gene3D_overlap
Q9H7D7	[639, 660]	YVTN repeat-like/Quinoprotein amine dehydrogenase
Q9H7L2	[273, 351]	Immunoglobulins
Q9H7R5	[148, 677]	Classic Zinc Finger
B2RTY4	[723, 740]	No_Gene3D_overlap
B2RTY4	[755, 786]	No_Gene3D_overlap
B2RTY4	[1170, 1223]	No_Gene3D_overlap
B4DU55	[177, 562]	Classic Zinc Finger
Q14258	[0, 210]	Zinc/RING finger domain, C3HC4 (zinc finger)
Q63HR2	[633, 716]	No_Gene3D_overlap
Q63HR2	[745, 779]	No_Gene3D_overlap
Q6PII5	[225, 289]	No_Gene3D_overlap
Q96Q06	[254, 322]	No_Gene3D_overlap
Q99697	[0, 25]	No_Gene3D_overlap
Q9P2Y4	[494, 548]	Classic Zinc Finger
Q9UDV6	[412, 476]	Classic Zinc Finger
Q9UQD0	[642, 657]	No_Gene3D_overlap
Q9UQD0	[1155, 1185]	No_Gene3D_overlap
P05556	[455, 694]	Laminin
P47883	[308, 333]	No_Gene3D_overlap
P51815	[352, 501]	Classic Zinc Finger
P60508	[31, 66]	No_Gene3D_overlap
P60508	[109, 170]	No_Gene3D_overlap
Q6ZNA5	[171, 211]	No_Gene3D_overlap
Q8IYB7	[140, 168]	-
Q8NFR9	[64, 94]	No_Gene3D_overlap
Q9H2U9	[340, 575]	Disintegrin domain
Q9H2U9	[613, 664]	No_Gene3D_overlap
Q9H324	[464, 640]	Thrombospondin type-1 (TSP1) repeat
Q9H324	[652, 715]	-
Q9P255	[57, 530]	Classic Zinc Finger
Q9P2J2	[1130, 1159]	No_Gene3D_overlap
O00470	[85, 120]	No_Gene3D_overlap
P06239	[0, 23]	No_Gene3D_overlap
P0DUQ1	[129, 144]	No_Gene3D_overlap
P0DUQ1	[452, 477]	No_Gene3D_overlap
P21675	[969, 999]	No_Gene3D_overlap
P21675	[1174, 1210]	No_Gene3D_overlap
P28370	[156, 175]	No_Gene3D_overlap
Q3KQV3	[206, 592]	Classic Zinc Finger
Q66K89	[46, 86]	No_Gene3D_overlap
Q66K89	[122, 146]	No_Gene3D_overlap
Q66K89	[203, 286]	Classic Zinc Finger
Q66K89	[451, 624]	Classic Zinc Finger
Q68DX3	[728, 755]	-
Q68DX3	[1257, 1308]	No_Gene3D_overlap
Q6NSZ9	[126, 144]	No_Gene3D_overlap
Q6NSZ9	[338, 534]	Classic Zinc Finger
Q6NVV9	[333, 401]	No_Gene3D_overlap
Q6UXH1	[29, 46]	No_Gene3D_overlap
Q6UXH1	[117, 326]	Laminin
Q8IUN9	[119, 148]	No_Gene3D_overlap
Q8IUN9	[159, 184]	Mannose-Binding Protein A, subunit A
Q8IWB6	[1220, 1254]	No_Gene3D_overlap
Q8WUT4	[546, 597]	Immunoglobulins
Q96JN8	[1316, 1406]	No_Gene3D_overlap
Q96JX3	[0, 15]	No_Gene3D_overlap
Q9BV68	[0, 36]	No_Gene3D_overlap
Q9H694	[414, 448]	-
Q9H694	[464, 480]	No_Gene3D_overlap
Q9H694	[846, 881]	Transcription Factor, Ets-1
Q9H7X3	[124, 373]	Classic Zinc Finger
Q9Y5E2	[727, 770]	No_Gene3D_overlap
O43345	[118, 405]	Classic Zinc Finger
O43345	[421, 897]	Classic Zinc Finger
O43345	[924, 1127]	Classic Zinc Finger
P17612	[332, 350]	No_Gene3D_overlap
Q14500	[353, 387]	G protein-activated inward rectifier potassium channel 1
Q15916	[332, 411]	Classic Zinc Finger
Q5VYJ5	[23, 103]	Low-density Lipoprotein Receptor
Q5VYJ5	[1451, 1539]	Low-density Lipoprotein Receptor
Q5VYJ5	[1898, 2073]	Low-density Lipoprotein Receptor
Q6S5L8	[389, 469]	No_Gene3D_overlap
Q70CQ2	[3482, 3543]	No_Gene3D_overlap
Q8N819	[395, 410]	Phosphatase 2C, C-terminal domain suprefamily
Q8WXB4	[205, 221]	No_Gene3D_overlap
Q8WXB4	[416, 791]	Classic Zinc Finger
Q96RP7	[410, 425]	No_Gene3D_overlap
Q96RP7	[437, 463]	No_Gene3D_overlap
Q9GZV8	[387, 570]	Classic Zinc Finger
Q9H1B7	[2, 52]	No_Gene3D_overlap
Q9NQV5	[1, 63]	No_Gene3D_overlap
Q9NQV5	[362, 382]	No_Gene3D_overlap
Q9UHI8	[432, 640]	Collagenase (Catalytic Domain)
Q9UHI8	[664, 734]	-
Q9ULP9	[0, 20]	No_Gene3D_overlap
Q9Y4A8	[652, 681]	No_Gene3D_overlap
O14917	[1000, 1025]	No_Gene3D_overlap
P25942	[9, 182]	Tumor Necrosis Factor Receptor, subunit A, domain 2
Q03936	[111, 544]	Classic Zinc Finger
Q03936	[557, 585]	Classic Zinc Finger
Q13275	[730, 753]	No_Gene3D_overlap
Q14119	[168, 335]	Classic Zinc Finger
Q15257	[80, 103]	No_Gene3D_overlap
Q15323	[0, 62]	No_Gene3D_overlap
Q15323	[371, 415]	No_Gene3D_overlap
Q15915	[292, 383]	Classic Zinc Finger
Q8IZF7	[28, 159]	No_Gene3D_overlap
Q8NAA4	[267, 284]	No_Gene3D_overlap
Q9BYV2	[0, 15]	Zinc/RING finger domain, C3HC4 (zinc finger)
Q9H091	[237, 264]	No_Gene3D_overlap
Q9H091	[636, 679]	No_Gene3D_overlap
Q9H2P0	[205, 222]	No_Gene3D_overlap
Q9NTQ9	[210, 232]	Gap junction channel protein cysteine-rich domain
Q9Y2T1	[510, 564]	No_Gene3D_overlap
A8MZ59	[169, 197]	No_Gene3D_overlap
O75335	[551, 583]	No_Gene3D_overlap
O94921	[11, 54]	No_Gene3D_overlap
P01130	[19, 387]	Laminin
P07942	[273, 547]	Galactose-binding domain-like
P07942	[766, 1178]	Laminin
P07942	[1415, 1446]	No_Gene3D_overlap
P32298	[558, 577]	No_Gene3D_overlap
P78536	[404, 647]	Disintegrin domain
Q13105	[297, 592]	Classic Zinc Finger
Q14094	[276, 304]	No_Gene3D_overlap
Q14094	[324, 343]	No_Gene3D_overlap
Q14586	[92, 157]	No_Gene3D_overlap
Q14586	[244, 742]	Classic Zinc Finger
Q2M3W8	[225, 570]	Classic Zinc Finger
Q53H12	[5, 29]	No_Gene3D_overlap
Q53H12	[323, 415]	No_Gene3D_overlap
Q58EX7	[159, 182]	No_Gene3D_overlap
Q58EX7	[677, 704]	No_Gene3D_overlap
Q58EX7	[1091, 1132]	No_Gene3D_overlap
Q6SJ93	[39, 88]	No_Gene3D_overlap
Q8WX94	[955, 979]	Ribonuclease Inhibitor
Q96P50	[570, 597]	No_Gene3D_overlap
Q99973	[7, 186]	No_Gene3D_overlap
Q99973	[1489, 1505]	No_Gene3D_overlap
Q9BR84	[311, 537]	Classic Zinc Finger
Q9H2Y7	[13, 41]	No_Gene3D_overlap
Q9H4Q4	[233, 316]	Classic Zinc Finger
Q9UKX7	[150, 165]	No_Gene3D_overlap
Q9Y2G8	[713, 775]	No_Gene3D_overlap
Q9Y4E5	[129, 171]	No_Gene3D_overlap
Q9Y4E5	[409, 478]	No_Gene3D_overlap
Q9Y4E5	[595, 654]	Classic Zinc Finger
Q9Y4E5	[710, 733]	Classic Zinc Finger
Q9Y4E5	[1000, 1023]	No_Gene3D_overlap
Q9Y5E9	[728, 758]	No_Gene3D_overlap
O00400	[476, 497]	MFS general substrate transporter like domains
O43278	[46, 63]	No_Gene3D_overlap
O43278	[320, 454]	Low-density Lipoprotein Receptor
O95744	[26, 73]	Histidine kinase-like ATPase, C-terminal domain
O95744	[232, 296]	Histidine kinase-like ATPase, C-terminal domain
P21709	[211, 425]	Tumor Necrosis Factor Receptor, subunit A, domain 2
P29375	[10, 62]	ARID DNA-binding domain
P29375	[664, 719]	No_Gene3D_overlap
P49590	[23, 42]	No_Gene3D_overlap
Q02505	[3111, 3158]	No_Gene3D_overlap
Q02505	[3173, 3233]	No_Gene3D_overlap
Q6ECI4	[218, 716]	Classic Zinc Finger
Q6ZN19	[74, 152]	Classic Zinc Finger
Q6ZN19	[164, 321]	Classic Zinc Finger
Q6ZN19	[332, 406]	Classic Zinc Finger
Q6ZN19	[473, 792]	Classic Zinc Finger
Q8IWU5	[588, 606]	No_Gene3D_overlap
Q8IWU5	[713, 748]	No_Gene3D_overlap
Q8NBS3	[59, 94]	No_Gene3D_overlap
Q8TD86	[0, 26]	No_Gene3D_overlap
Q8TE57	[95, 133]	No_Gene3D_overlap
Q8TE57	[151, 191]	No_Gene3D_overlap
Q8TE57	[222, 272]	No_Gene3D_overlap
Q8TE57	[540, 675]	-
Q8TE57	[688, 752]	-
Q92889	[396, 414]	No_Gene3D_overlap
Q9BTV6	[417, 447]	No_Gene3D_overlap
Q9BUZ4	[0, 269]	Zinc/RING finger domain, C3HC4 (zinc finger)
Q9HAU0	[75, 121]	-
Q9ULK2	[36, 91]	No_Gene3D_overlap
Q9ULK2	[103, 125]	No_Gene3D_overlap
Q9ULK2	[455, 471]	No_Gene3D_overlap
Q9Y5F2	[726, 762]	No_Gene3D_overlap
A6NM28	[148, 369]	Classic Zinc Finger
O14775	[0, 52]	YVTN repeat-like/Quinoprotein amine dehydrogenase
O43361	[116, 152]	No_Gene3D_overlap
O43361	[284, 751]	Classic Zinc Finger
P60852	[206, 273]	No_Gene3D_overlap
Q14689	[923, 952]	-
Q3B726	[17, 44]	RNA polymerase Rpb7-like, N-terminal domain
Q6ZNJ1	[704, 739]	No_Gene3D_overlap
Q96NX5	[380, 437]	No_Gene3D_overlap
Q96T68	[135, 195]	Methyl-cpg-binding Protein 2; Chain A
Q9BQC3	[240, 268]	Diphthamide synthesis DPH1/DPH2 domain 3
Q9BQI6	[762, 805]	Ankyrin repeat-containing domain
Q9HCZ1	[199, 679]	Classic Zinc Finger
Q9HD23	[52, 70]	No_Gene3D_overlap
Q9NPC8	[117, 134]	Homeodomain-like
Q9UF12	[0, 17]	No_Gene3D_overlap
Q9UII5	[24, 560]	Classic Zinc Finger
Q9UII5	[601, 782]	Classic Zinc Finger
Q9Y5F3	[764, 783]	No_Gene3D_overlap
A6NFC9	[199, 238]	No_Gene3D_overlap
O94892	[117, 144]	No_Gene3D_overlap
O94892	[195, 496]	Classic Zinc Finger
O94892	[534, 646]	Classic Zinc Finger
P05155	[125, 140]	No_Gene3D_overlap
P10643	[18, 147]	Low-density Lipoprotein Receptor
P10643	[449, 520]	Thrombospondin type-1 (TSP1) repeat
P10643	[540, 582]	Complement Module, domain 1
P10643	[644, 842]	-
P12110	[242, 258]	No_Gene3D_overlap
Q05481	[114, 1179]	Classic Zinc Finger
Q05516	[502, 669]	Classic Zinc Finger
Q13351	[277, 361]	Classic Zinc Finger
Q3MIS6	[102, 131]	No_Gene3D_overlap
Q3MIS6	[172, 627]	Classic Zinc Finger
Q6P9A3	[130, 639]	Classic Zinc Finger
Q6UXZ4	[261, 390]	Thrombospondin type-1 (TSP1) repeat
Q6ZT07	[949, 977]	No_Gene3D_overlap
Q6ZT07	[1000, 1021]	No_Gene3D_overlap
Q8NC26	[248, 278]	No_Gene3D_overlap
Q8NC26	[290, 416]	Classic Zinc Finger
Q8TE82	[384, 412]	No_Gene3D_overlap
Q8TE82	[437, 498]	No_Gene3D_overlap
Q9BYC2	[10, 38]	Glutaconate Coenzyme A-transferase
Q9GZZ7	[23, 134]	No_Gene3D_overlap
Q9H1U4	[195, 448]	Laminin
Q9H611	[5, 32]	No_Gene3D_overlap
Q9HB63	[254, 480]	Galactose-binding domain-like
Q9UGR2	[404, 499]	No_Gene3D_overlap
Q9UGR2	[562, 582]	No_Gene3D_overlap
Q9UGR2	[681, 723]	No_Gene3D_overlap
Q9UGR2	[754, 784]	No_Gene3D_overlap
Q9UGR2	[871, 919]	Classic Zinc Finger
O60673	[189, 204]	DNA Polymerase, chain B, domain 1
O60673	[1390, 1441]	No_Gene3D_overlap
O60673	[3024, 3065]	No_Gene3D_overlap
O60673	[3081, 3112]	No_Gene3D_overlap
O75044	[334, 370]	Arfaptin homology (AH) domain/BAR domain
O94842	[571, 614]	No_Gene3D_overlap
P24821	[36, 60]	No_Gene3D_overlap
P24821	[90, 633]	Laminin
P42694	[0, 20]	No_Gene3D_overlap
P42694	[149, 208]	Zinc finger, CCCH-type
P78325	[83, 101]	No_Gene3D_overlap
P78325	[150, 192]	No_Gene3D_overlap
P78325	[301, 650]	Collagenase (Catalytic Domain)
Q15572	[13, 31]	No_Gene3D_overlap
Q15572	[625, 648]	No_Gene3D_overlap
Q17R60	[674, 755]	No_Gene3D_overlap
Q4VX76	[278, 310]	C2 domain
Q5JVG8	[102, 443]	Classic Zinc Finger
Q8IWN7	[352, 414]	No_Gene3D_overlap
Q8IWN7	[1106, 1176]	No_Gene3D_overlap
Q8N594	[126, 151]	No_Gene3D_overlap
Q8N9U0	[0, 91]	No_Gene3D_overlap
Q8TAP6	[474, 523]	No_Gene3D_overlap
Q969U6	[272, 298]	No_Gene3D_overlap
Q96QT4	[0, 37]	No_Gene3D_overlap
Q96QT4	[1147, 1167]	No_Gene3D_overlap
Q96QT4	[1283, 1305]	No_Gene3D_overlap
Q96RT7	[129, 146]	No_Gene3D_overlap
Q96RT7	[290, 315]	No_Gene3D_overlap
Q9H3R0	[608, 693]	No_Gene3D_overlap
Q9P0T4	[79, 190]	Classic Zinc Finger
Q9ULJ7	[0, 51]	No_Gene3D_overlap
A6NCL2	[31, 158]	-
A6NER0	[467, 500]	No_Gene3D_overlap
P49116	[242, 264]	No_Gene3D_overlap
Q02487	[765, 828]	TCF3-CBD (Catenin binding domain)
Q7Z698	[302, 414]	No_Gene3D_overlap
Q8N108	[178, 208]	No_Gene3D_overlap
Q8N1F8	[539, 573]	No_Gene3D_overlap
Q8N1F8	[668, 721]	No_Gene3D_overlap
Q8N782	[202, 478]	Classic Zinc Finger
Q92766	[200, 379]	Classic Zinc Finger
Q92766	[1239, 1264]	No_Gene3D_overlap
Q96EK7	[841, 856]	No_Gene3D_overlap
Q96RW7	[4538, 4884]	Green fluorescent protein
Q96RW7	[5079, 5369]	Laminin
Q96RW7	[5404, 5529]	Laminin
Q9HCE7	[133, 176]	C2 domain
Q9HCE7	[291, 311]	Hect, E3 ligase catalytic domains
Q9NSA0	[70, 114]	No_Gene3D_overlap
Q9NZR4	[241, 279]	No_Gene3D_overlap
Q9UIG8	[457, 525]	MFS general substrate transporter like domains
Q9UJW7	[102, 159]	No_Gene3D_overlap
Q9UJW7	[192, 265]	No_Gene3D_overlap
Q9UJW7	[341, 824]	Classic Zinc Finger
Q9Y6N6	[257, 538]	Laminin
Q9Y6N6	[663, 1020]	Laminin
Q9Y6N6	[1052, 1070]	No_Gene3D_overlap
Q9Y6N6	[1092, 1119]	No_Gene3D_overlap
Q9Y6R7	[430, 480]	No_Gene3D_overlap
Q9Y6R7	[602, 870]	Laminin
Q9Y6R7	[1005, 1262]	Laminin
Q9Y6R7	[1385, 1400]	No_Gene3D_overlap
Q9Y6R7	[1418, 1671]	Laminin
Q9Y6R7	[1812, 1828]	No_Gene3D_overlap
Q9Y6R7	[1845, 1876]	No_Gene3D_overlap
Q9Y6R7	[1900, 1916]	No_Gene3D_overlap
Q9Y6R7	[1935, 2076]	Laminin
Q9Y6R7	[2208, 2462]	Laminin
Q9Y6R7	[2618, 2871]	Laminin
Q9Y6R7	[3048, 3117]	No_Gene3D_overlap
Q9Y6R7	[3136, 3277]	Laminin
Q9Y6R7	[3409, 3669]	Laminin
Q9Y6R7	[3817, 4072]	Laminin
Q9Y6R7	[4249, 4318]	No_Gene3D_overlap
Q9Y6R7	[4337, 4478]	Laminin
Q9Y6R7	[4610, 4858]	Laminin
Q9Y6R7	[4986, 5233]	Laminin
Q9Y6R7	[5369, 5404]	No_Gene3D_overlap
A2PYH4	[1135, 1182]	No_Gene3D_overlap
A2PYH4	[1380, 1424]	No_Gene3D_overlap
B7U540	[354, 387]	G protein-activated inward rectifier potassium channel 1
O95248	[1115, 1156]	No_Gene3D_overlap
P53355	[307, 327]	Ankyrin repeat-containing domain
P56975	[522, 568]	No_Gene3D_overlap
P56975	[627, 651]	No_Gene3D_overlap
Q14185	[1391, 1409]	No_Gene3D_overlap
Q16630	[440, 488]	No_Gene3D_overlap
Q5SYB0	[1320, 1343]	No_Gene3D_overlap
Q5SYB0	[1391, 1416]	No_Gene3D_overlap
Q5SYB0	[1436, 1479]	No_Gene3D_overlap
Q5U5Q3	[213, 230]	K Homology domain, type 1
Q5U5Q3	[308, 324]	No_Gene3D_overlap
Q86T13	[127, 285]	Mannose-Binding Protein A, subunit A
Q8IUX8	[27, 288]	Laminin
Q8IVN8	[11, 97]	Thrombospondin type-1 (TSP1) repeat
Q8IVN8	[110, 263]	Thrombospondin type-1 (TSP1) repeat
Q8IZL8	[513, 530]	No_Gene3D_overlap
Q8IZL8	[567, 633]	No_Gene3D_overlap
Q8TE58	[459, 591]	Thrombospondin type-1 (TSP1) repeat
Q8TE58	[635, 683]	-
Q9BS31	[170, 424]	Classic Zinc Finger
Q9BY07	[679, 701]	No_Gene3D_overlap
Q9H3F6	[133, 149]	Potassium Channel Kv1.1; Chain A
Q9UNI6	[214, 251]	No_Gene3D_overlap
O15534	[620, 649]	No_Gene3D_overlap
O15534	[1187, 1205]	No_Gene3D_overlap
O76050	[227, 259]	No_Gene3D_overlap
P15918	[94, 146]	No_Gene3D_overlap
P15918	[187, 244]	No_Gene3D_overlap
P40425	[67, 110]	No_Gene3D_overlap
P52743	[114, 201]	Classic Zinc Finger
Q14692	[708, 777]	No_Gene3D_overlap
Q14872	[222, 305]	Classic Zinc Finger
Q14872	[622, 645]	No_Gene3D_overlap
Q4U2R8	[40, 67]	No_Gene3D_overlap
Q4U2R8	[82, 113]	MFS general substrate transporter like domains
Q68DD2	[265, 313]	Cytosolic phospholipase A2 catalytic domain
Q8NAC3	[80, 134]	No_Gene3D_overlap
Q8NAC3	[392, 417]	No_Gene3D_overlap
Q8NAC3	[472, 500]	No_Gene3D_overlap
Q8TBG4	[10, 27]	No_Gene3D_overlap
Q8WWL2	[558, 698]	No_Gene3D_overlap
Q9BQL6	[501, 528]	Pleckstrin-homology domain (PH domain)/Phosphotyrosine-binding domain (PTB)
Q9BXU7	[199, 243]	No_Gene3D_overlap
Q9BXU7	[645, 667]	No_Gene3D_overlap
Q9BXW4	[125, 146]	Phosphatidylinositol 3-kinase Catalytic Subunit; Chain A, domain 1
Q9BYD2	[27, 43]	No_Gene3D_overlap
Q9C0K0	[45, 94]	No_Gene3D_overlap
Q9C0K0	[178, 264]	No_Gene3D_overlap
Q9C0K0	[792, 874]	Classic Zinc Finger
Q9H7Z3	[171, 216]	No_Gene3D_overlap
Q9NSC2	[36, 77]	No_Gene3D_overlap
Q9NSC2	[665, 791]	Classic Zinc Finger
Q9NSC2	[1000, 1064]	Classic Zinc Finger
Q9NSC2	[1124, 1175]	Classic Zinc Finger
Q9NSC2	[1190, 1216]	No_Gene3D_overlap
Q9UK17	[453, 491]	No_Gene3D_overlap
Q9UPM8	[909, 932]	No_Gene3D_overlap
Q9UPM8	[962, 999]	No_Gene3D_overlap
Q9Y283	[1010, 1047]	No_Gene3D_overlap
A0A1W2PQ73	[0, 17]	No_Gene3D_overlap
O43854	[22, 174]	Laminin
O95503	[365, 389]	No_Gene3D_overlap
P15336	[1, 61]	Classic Zinc Finger
Q07352	[114, 190]	Zinc finger, CCCH-type
Q6PJF5	[483, 532]	No_Gene3D_overlap
Q6PJF5	[547, 629]	Rhomboid-like
Q6UX15	[308, 355]	No_Gene3D_overlap
Q6ZRS2	[1906, 1926]	No_Gene3D_overlap
Q8IW19	[372, 394]	No_Gene3D_overlap
Q8IZC7	[164, 423]	Classic Zinc Finger
Q8N9K5	[0, 29]	No_Gene3D_overlap
Q8N9K5	[155, 529]	Classic Zinc Finger
Q8WUP2	[175, 372]	Cysteine Rich Protein
Q9H2X0	[46, 124]	No_Gene3D_overlap
Q9H2X0	[639, 656]	No_Gene3D_overlap
Q9H2X0	[775, 939]	No_Gene3D_overlap
Q9HAZ2	[250, 452]	Classic Zinc Finger
Q9HAZ2	[941, 1034]	Classic Zinc Finger
Q9UBC3	[432, 455]	No_Gene3D_overlap
Q9UBC3	[471, 498]	No_Gene3D_overlap
Q9ULJ3	[714, 800]	Classic Zinc Finger
Q9UPA5	[1624, 1661]	No_Gene3D_overlap
Q9UPA5	[1736, 1752]	No_Gene3D_overlap
Q9UPA5	[1898, 1915]	No_Gene3D_overlap
Q9UQR1	[210, 295]	Classic Zinc Finger
Q9Y5E4	[725, 759]	No_Gene3D_overlap
A0A087WXS9	[467, 500]	No_Gene3D_overlap
O43463	[0, 38]	No_Gene3D_overlap
O75616	[75, 90]	No_Gene3D_overlap
O95180	[1219, 1259]	No_Gene3D_overlap
O95625	[116, 141]	-
O95625	[684, 923]	Classic Zinc Finger
P02749	[120, 344]	Complement Module, domain 1
P0C7U0	[226, 255]	Ribonuclease Inhibitor
P49754	[815, 853]	No_Gene3D_overlap
P51810	[0, 22]	No_Gene3D_overlap
Q15714	[406, 448]	No_Gene3D_overlap
Q63ZY3	[111, 128]	No_Gene3D_overlap
Q86SQ4	[21, 44]	Spermadhesin, CUB domain
Q86SQ4	[368, 393]	No_Gene3D_overlap
Q86XL3	[193, 217]	Ribonuclease H1, N-terminal domain
Q86XL3	[818, 870]	No_Gene3D_overlap
Q8IY85	[42, 73]	No_Gene3D_overlap
Q8IY85	[298, 321]	No_Gene3D_overlap
Q8IY85	[946, 965]	No_Gene3D_overlap
Q8N9M5	[145, 170]	No_Gene3D_overlap
Q8WX93	[416, 444]	Immunoglobulins
Q92824	[607, 1747]	Hormone Receptor, Insulin-like Growth Factor Receptor 1; Chain A, domain 2
Q9NT68	[564, 889]	Laminin
Q9UK39	[83, 141]	Endonuclease/exonuclease/phosphatase
Q9UPN3	[1934, 1965]	No_Gene3D_overlap
Q9UPN3	[2800, 2819]	Plakin repeat
Q9Y485	[675, 691]	No_Gene3D_overlap
Q9Y485	[919, 940]	No_Gene3D_overlap
Q9Y485	[961, 994]	No_Gene3D_overlap
Q9Y5A6	[271, 470]	Classic Zinc Finger
D6RGH6	[280, 297]	No_Gene3D_overlap
P24043	[282, 539]	Laminin
P24043	[716, 1178]	Laminin
P24043	[1356, 1572]	Laminin
P24043	[2743, 2778]	-
P24043	[3105, 3120]	No_Gene3D_overlap
P24592	[27, 99]	-
P36897	[22, 39]	CD59
P63252	[355, 380]	G protein-activated inward rectifier potassium channel 1
Q13572	[397, 413]	No_Gene3D_overlap
Q68DY9	[159, 488]	Classic Zinc Finger
Q6XR72	[397, 436]	No_Gene3D_overlap
Q76KX8	[85, 102]	No_Gene3D_overlap
Q76KX8	[219, 673]	Classic Zinc Finger
Q8TAT5	[501, 541]	No_Gene3D_overlap
Q96CK0	[331, 361]	No_Gene3D_overlap
Q96CK0	[523, 606]	Classic Zinc Finger
Q96G01	[514, 542]	No_Gene3D_overlap
Q96MM3	[38, 133]	No_Gene3D_overlap
Q96MM3	[166, 231]	Classic Zinc Finger
Q96ND0	[0, 33]	No_Gene3D_overlap
Q96QF0	[300, 328]	No_Gene3D_overlap
Q96QF0	[383, 415]	No_Gene3D_overlap
Q96SR6	[216, 549]	Classic Zinc Finger
Q9P1Q0	[125, 159]	No_Gene3D_overlap
A6NCM1	[378, 423]	No_Gene3D_overlap
O14654	[1043, 1089]	No_Gene3D_overlap
O43623	[120, 267]	Classic Zinc Finger
O60664	[28, 72]	No_Gene3D_overlap
O76074	[59, 78]	No_Gene3D_overlap
O95190	[7, 59]	-
O95600	[267, 352]	Classic Zinc Finger
P05106	[449, 704]	ntegrin, alpha v. Chain A, domain 3
P15509	[56, 77]	No_Gene3D_overlap
P17026	[40, 193]	Classic Zinc Finger
P63135	[1028, 1047]	No_Gene3D_overlap
Q3C1V9	[58, 94]	No_Gene3D_overlap
Q3C1V9	[374, 389]	No_Gene3D_overlap
Q3ZCX4	[143, 641]	Classic Zinc Finger
Q7Z3S9	[0, 230]	Laminin
Q8NFY9	[256, 285]	-
Q92619	[253, 273]	Arfaptin homology (AH) domain/BAR domain
Q96C12	[0, 20]	Leucine-rich Repeat Variant
Q96C12	[898, 914]	No_Gene3D_overlap
Q9GZM7	[36, 101]	No_Gene3D_overlap
Q9ULL8	[111, 150]	No_Gene3D_overlap
Q9ULL8	[855, 946]	No_Gene3D_overlap
A0A0G2JMH3	[96, 119]	No_Gene3D_overlap
A8MTQ0	[70, 149]	No_Gene3D_overlap
O75829	[271, 333]	No_Gene3D_overlap
O95409	[299, 412]	Classic Zinc Finger
P07911	[21, 221]	Laminin
P07911	[267, 326]	No_Gene3D_overlap
P29317	[208, 392]	Tumor Necrosis Factor Receptor, subunit A, domain 2
P43351	[15, 30]	No_Gene3D_overlap
Q02535	[0, 28]	Helix-loop-helix DNA-binding domain
Q5VUJ5	[94, 116]	No_Gene3D_overlap
Q6ZTN6	[437, 459]	No_Gene3D_overlap
Q8IVB4	[562, 591]	No_Gene3D_overlap
Q8NFH5	[240, 258]	-
Q8WWA0	[257, 279]	No_Gene3D_overlap
Q96SI1	[248, 270]	No_Gene3D_overlap
Q99965	[364, 547]	Collagenase (Catalytic Domain)
Q99965	[586, 656]	No_Gene3D_overlap
Q9H422	[7, 49]	No_Gene3D_overlap
Q9H422	[541, 664]	No_Gene3D_overlap
Q9H422	[724, 781]	No_Gene3D_overlap
Q9HB96	[143, 172]	No_Gene3D_overlap
Q9P2P6	[1711, 1737]	No_Gene3D_overlap
Q9P2P6	[1748, 1798]	No_Gene3D_overlap
Q9P2P6	[2333, 2375]	No_Gene3D_overlap
Q9P2P6	[2541, 2589]	No_Gene3D_overlap
Q9P2P6	[4458, 4484]	-
Q9UM82	[381, 406]	No_Gene3D_overlap
Q9UM82	[458, 511]	No_Gene3D_overlap
A6NFI3	[339, 504]	Classic Zinc Finger
A6NFI3	[683, 935]	Classic Zinc Finger
A7MBM2	[307, 352]	No_Gene3D_overlap
A7MBM2	[377, 402]	No_Gene3D_overlap
O60486	[453, 640]	YVTN repeat-like/Quinoprotein amine dehydrogenase
O94898	[898, 938]	No_Gene3D_overlap
P0DKX0	[106, 620]	Classic Zinc Finger
P14679	[20, 61]	No_Gene3D_overlap
P21506	[150, 242]	Classic Zinc Finger
P31153	[0, 16]	No_Gene3D_overlap
P35125	[840, 861]	No_Gene3D_overlap
Q03938	[110, 598]	Classic Zinc Finger
Q06190	[133, 201]	No_Gene3D_overlap
Q06190	[245, 262]	No_Gene3D_overlap
Q16589	[319, 343]	No_Gene3D_overlap
Q53H47	[272, 341]	SET domain
Q5VV63	[52, 97]	Spermadhesin, CUB domain
Q5VV63	[208, 286]	Kelch-type beta propeller
Q5VV63	[615, 768]	Mannose-Binding Protein A, subunit A
Q5VV63	[849, 986]	Mannose-Binding Protein A, subunit A
Q5VV63	[1000, 1099]	Laminin
Q86T96	[83, 122]	No_Gene3D_overlap
Q86T96	[166, 197]	No_Gene3D_overlap
Q86T96	[222, 244]	No_Gene3D_overlap
Q86VH5	[508, 542]	No_Gene3D_overlap
Q92664	[52, 302]	Classic Zinc Finger
Q96JH7	[38, 90]	No_Gene3D_overlap
Q9NS37	[324, 353]	No_Gene3D_overlap
P13671	[14, 247]	Thrombospondin type-1 (TSP1) repeat
P13671	[403, 446]	No_Gene3D_overlap
P13671	[511, 600]	Thrombospondin type-1 (TSP1) repeat
P13671	[736, 932]	-
P26012	[458, 681]	Laminin
P31268	[78, 137]	Homeodomain-like
Q14192	[0, 278]	Cysteine Rich Protein
Q16650	[500, 521]	No_Gene3D_overlap
Q16650	[661, 681]	No_Gene3D_overlap
Q2TAL6	[145, 324]	-
Q8IW52	[258, 283]	Ribonuclease Inhibitor
Q8IW52	[691, 717]	No_Gene3D_overlap
Q92599	[461, 482]	No_Gene3D_overlap
Q92610	[572, 598]	No_Gene3D_overlap
Q92610	[739, 844]	No_Gene3D_overlap
Q92830	[134, 160]	No_Gene3D_overlap
Q99590	[170, 192]	No_Gene3D_overlap
Q9UKY1	[370, 410]	No_Gene3D_overlap
Q9ULM3	[76, 119]	No_Gene3D_overlap
Q9ULM3	[1220, 1289]	No_Gene3D_overlap
A8K7I4	[192, 212]	No_Gene3D_overlap
A8K7I4	[247, 278]	No_Gene3D_overlap
O75417	[893, 913]	No_Gene3D_overlap
O75417	[1131, 1162]	No_Gene3D_overlap
O75417	[2284, 2308]	No_Gene3D_overlap
O94830	[62, 82]	No_Gene3D_overlap
P02751	[2336, 2442]	Complement Module, domain 1
P49746	[260, 479]	Laminin
Q49A33	[36, 201]	Classic Zinc Finger
Q5SSJ5	[409, 424]	Winged helix-like DNA-binding domain superfamily/Winged helix DNA-binding domain
Q8IWQ3	[638, 656]	No_Gene3D_overlap
Q8IX07	[283, 379]	Classic Zinc Finger
Q8IX07	[572, 604]	No_Gene3D_overlap
Q8IX07	[813, 838]	No_Gene3D_overlap
Q8IX07	[859, 876]	No_Gene3D_overlap
Q8N957	[11, 29]	No_Gene3D_overlap
Q8N957	[48, 83]	Ankyrin repeat-containing domain
Q8NHM5	[24, 47]	No_Gene3D_overlap
Q8TAU3	[213, 571]	Classic Zinc Finger
Q92784	[0, 66]	No_Gene3D_overlap
Q96BJ8	[324, 349]	No_Gene3D_overlap
Q9BXB4	[244, 300]	No_Gene3D_overlap
Q9H8M7	[107, 140]	No_Gene3D_overlap
Q9HAU4	[127, 181]	C2 domain
Q9NR90	[189, 212]	No_Gene3D_overlap
Q9NU22	[272, 295]	No_Gene3D_overlap
Q9NU22	[3711, 3728]	No_Gene3D_overlap
Q9NU22	[4016, 4081]	No_Gene3D_overlap
Q9NU22	[4307, 4381]	No_Gene3D_overlap
Q9UK12	[109, 290]	Classic Zinc Finger
Q9UK12	[303, 450]	Classic Zinc Finger
O75290	[127, 345]	Classic Zinc Finger
P17010	[231, 251]	No_Gene3D_overlap
P17010	[423, 802]	Classic Zinc Finger
P23142	[25, 590]	Laminin
P35556	[82, 424]	TGF-beta binding (TB) domain
P35556	[485, 1773]	TGF-beta binding (TB) domain
P35556	[1795, 2776]	TGF-beta binding (TB) domain
Q15771	[182, 202]	P-loop containing nucleotide triphosphate hydrolases
Q86YG4	[381, 427]	No_Gene3D_overlap
Q8WV44	[377, 413]	No_Gene3D_overlap
Q9H2S9	[147, 288]	Classic Zinc Finger
Q9NPB3	[46, 63]	No_Gene3D_overlap
Q9UC06	[132, 445]	Classic Zinc Finger
Q9UFB7	[104, 128]	Potassium Channel Kv1.1; Chain A
Q9UFB7	[542, 688]	Classic Zinc Finger
Q9UMZ2	[1245, 1296]	No_Gene3D_overlap
Q9Y6M5	[414, 461]	No_Gene3D_overlap
O14798	[61, 153]	Tumor Necrosis Factor Receptor, subunit A, domain 2
O75030	[283, 308]	No_Gene3D_overlap
O75030	[398, 433]	Helix-loop-helix DNA-binding domain
O75618	[190, 222]	No_Gene3D_overlap
P0CG38	[94, 124]	No_Gene3D_overlap
Q32M84	[12, 42]	No_Gene3D_overlap
Q63HK5	[394, 409]	No_Gene3D_overlap
Q6IN97	[268, 319]	No_Gene3D_overlap
Q7Z4K8	[101, 263]	Classic Zinc Finger
Q8IVH8	[534, 554]	No_Gene3D_overlap
Q8IZU9	[681, 713]	No_Gene3D_overlap
Q8TAQ5	[107, 687]	Classic Zinc Finger
Q8TF32	[139, 569]	Classic Zinc Finger
Q96DT7	[247, 347]	Potassium Channel Kv1.1; Chain A
Q96MN9	[189, 252]	Classic Zinc Finger
Q9H0M5	[236, 741]	Classic Zinc Finger
Q9H6P5	[141, 156]	No_Gene3D_overlap
Q9Y2I6	[281, 306]	No_Gene3D_overlap
Q9Y2I6	[709, 735]	No_Gene3D_overlap
A8MXD5	[231, 289]	Glutaredoxin
O60481	[318, 409]	Classic Zinc Finger
Q01113	[339, 367]	No_Gene3D_overlap
Q01113	[392, 410]	No_Gene3D_overlap
Q01113	[439, 520]	No_Gene3D_overlap
Q12968	[388, 408]	No_Gene3D_overlap
Q13219	[718, 743]	No_Gene3D_overlap
Q13219	[766, 783]	No_Gene3D_overlap
Q13219	[943, 1038]	No_Gene3D_overlap
Q13219	[1185, 1626]	Complement Module, domain 1
Q13444	[300, 596]	Collagenase (Catalytic Domain)
Q13586	[41, 70]	-
Q14767	[342, 433]	No_Gene3D_overlap
Q14767	[544, 748]	Laminin
Q14767	[836, 1385]	Laminin
Q14767	[1409, 1652]	Laminin
Q14767	[1723, 1820]	Laminin
Q86YJ7	[291, 308]	No_Gene3D_overlap
Q8IX90	[219, 242]	No_Gene3D_overlap
Q8ND82	[228, 250]	No_Gene3D_overlap
Q8ND82	[338, 492]	Classic Zinc Finger
Q8ND82	[608, 679]	No_Gene3D_overlap
Q92935	[71, 90]	No_Gene3D_overlap
Q92935	[175, 213]	No_Gene3D_overlap
Q96ND8	[200, 548]	Classic Zinc Finger
O60343	[189, 235]	Pleckstrin-homology domain (PH domain)/Phosphotyrosine-binding domain (PTB)
O95389	[37, 107]	No_Gene3D_overlap
O95389	[120, 306]	Thrombospondin type-1 (TSP1) repeat
P09622	[0, 22]	No_Gene3D_overlap
P09848	[319, 347]	No_Gene3D_overlap
P48507	[8, 49]	No_Gene3D_overlap
P98196	[409, 439]	No_Gene3D_overlap
P98196	[480, 509]	No_Gene3D_overlap
Q2M1Z3	[1147, 1201]	No_Gene3D_overlap
Q5CZA5	[196, 323]	Classic Zinc Finger
Q5CZA5	[410, 562]	Classic Zinc Finger
Q5T0T0	[256, 290]	No_Gene3D_overlap
Q6ZUT3	[286, 323]	No_Gene3D_overlap
Q8N5A5	[317, 384]	No_Gene3D_overlap
Q96BR6	[265, 441]	Classic Zinc Finger
Q9Y5G6	[766, 807]	No_Gene3D_overlap
P08575	[224, 295]	No_Gene3D_overlap
P08575	[351, 372]	No_Gene3D_overlap
P52888	[670, 688]	Neurolysin, domain 3
Q13972	[615, 639]	Son of sevenless (SoS) protein Chain: S domain 1
Q17RP2	[377, 399]	No_Gene3D_overlap
Q6IQ26	[10, 28]	No_Gene3D_overlap
Q6IQ26	[1070, 1095]	PLAT/LH2 domain
Q7L266	[51, 95]	No_Gene3D_overlap
Q7L266	[105, 121]	No_Gene3D_overlap
Q7L266	[134, 173]	(Glycosyl)asparaginase
Q8TBZ8	[99, 534]	Classic Zinc Finger
Q8WXT5	[301, 381]	No_Gene3D_overlap
Q9HCL0	[899, 938]	No_Gene3D_overlap
Q9NZJ0	[29, 50]	YVTN repeat-like/Quinoprotein amine dehydrogenase
Q9NZJ0	[551, 597]	No_Gene3D_overlap
Q9UKF2	[355, 578]	Disintegrin domain
Q9UKF2	[616, 669]	No_Gene3D_overlap
Q9Y6Q6	[272, 334]	No_Gene3D_overlap
A0A1W2PQL4	[77, 383]	Classic Zinc Finger
A8K8V0	[133, 291]	Classic Zinc Finger
A8K8V0	[303, 375]	Classic Zinc Finger
O00203	[966, 996]	No_Gene3D_overlap
P09110	[12, 41]	-
P22888	[683, 698]	No_Gene3D_overlap
P26717	[98, 119]	Mannose-Binding Protein A, subunit A
Q08493	[286, 315]	No_Gene3D_overlap
Q13023	[190, 207]	No_Gene3D_overlap
Q13023	[230, 258]	No_Gene3D_overlap
Q13023	[455, 495]	No_Gene3D_overlap
Q13023	[1481, 1500]	No_Gene3D_overlap
Q13023	[1606, 1634]	No_Gene3D_overlap
Q13023	[2027, 2068]	No_Gene3D_overlap
Q4LDE5	[261, 519]	Complement Module, domain 1
Q4LDE5	[559, 575]	Complement Module, domain 1
Q4LDE5	[975, 1165]	Tumor Necrosis Factor Receptor, subunit A, domain 2
Q4LDE5	[1178, 1426]	-
Q4LDE5	[1682, 1800]	Complement Module, domain 1
Q4LDE5	[2746, 2906]	Complement Module, domain 1
Q4LDE5	[3022, 3171]	Complement Module, domain 1
Q4LDE5	[3458, 3570]	Laminin
Q5HYK9	[143, 602]	Classic Zinc Finger
Q7Z2W4	[64, 113]	Winged helix-like DNA-binding domain superfamily/Winged helix DNA-binding domain
Q7Z2W4	[142, 224]	No_Gene3D_overlap
Q7Z2W4	[503, 528]	No_Gene3D_overlap
Q7Z2W4	[706, 728]	-
Q8IVF2	[5396, 5432]	No_Gene3D_overlap
Q8N323	[275, 320]	No_Gene3D_overlap
Q8NC06	[217, 262]	No_Gene3D_overlap
Q92796	[0, 27]	No_Gene3D_overlap
Q96PE2	[1439, 1563]	No_Gene3D_overlap
Q9UBE8	[433, 465]	No_Gene3D_overlap
Q9UPS6	[928, 952]	No_Gene3D_overlap
A5A3E0	[79, 123]	No_Gene3D_overlap
P82663	[121, 163]	Glutaredoxin
P98171	[693, 722]	Rho GTPase activation protein
Q03001	[2037, 2078]	No_Gene3D_overlap
Q03001	[2961, 2984]	No_Gene3D_overlap
Q03001	[3340, 3393]	-
Q14494	[243, 264]	No_Gene3D_overlap
Q16853	[724, 754]	No_Gene3D_overlap
Q5VTB9	[212, 242]	No_Gene3D_overlap
Q96EP1	[629, 663]	No_Gene3D_overlap
Q96RU2	[136, 157]	Cysteine proteinases
Q96S37	[81, 116]	No_Gene3D_overlap
Q9BSL1	[5, 61]	No_Gene3D_overlap
Q9C0J9	[353, 376]	No_Gene3D_overlap
Q9NR45	[0, 16]	Aldolase class I
Q9Y597	[570, 604]	YVTN repeat-like/Quinoprotein amine dehydrogenase
O00206	[0, 28]	Ribonuclease Inhibitor
O14514	[174, 295]	Thrombospondin type-1 (TSP1) repeat
O14514	[361, 613]	GPCR, family 2, extracellular hormone receptor domain
O14514	[1215, 1262]	No_Gene3D_overlap
O75123	[80, 441]	Classic Zinc Finger
O75197	[1203, 1383]	Low-density Lipoprotein Receptor
P17022	[405, 545]	Classic Zinc Finger
P26358	[375, 407]	No_Gene3D_overlap
P26358	[641, 691]	No_Gene3D_overlap
Q15751	[908, 934]	No_Gene3D_overlap
Q15751	[1432, 1464]	No_Gene3D_overlap
Q15751	[2949, 3055]	No_Gene3D_overlap
Q15751	[3126, 3157]	No_Gene3D_overlap
Q7RTU5	[55, 78]	No_Gene3D_overlap
Q9H6T0	[223, 255]	-
O14607	[517, 540]	No_Gene3D_overlap
O15232	[262, 463]	Laminin
O75170	[754, 775]	No_Gene3D_overlap
P18564	[445, 694]	Laminin
P33076	[21, 106]	No_Gene3D_overlap
P98155	[28, 441]	Low-density Lipoprotein Receptor
Q15319	[38, 57]	No_Gene3D_overlap
Q15582	[58, 80]	No_Gene3D_overlap
Q5T9A4	[593, 627]	No_Gene3D_overlap
Q6UW63	[476, 501]	No_Gene3D_overlap
Q6ZQN7	[516, 571]	No_Gene3D_overlap
Q8TF68	[223, 465]	Classic Zinc Finger
Q96E93	[57, 83]	Mannose-Binding Protein A, subunit A
Q96MX3	[270, 383]	Classic Zinc Finger
Q9C0B0	[35, 176]	Zinc finger, CCCH-type
Q9C0B0	[195, 316]	Zinc finger, CCCH-type
Q9C0B0	[754, 809]	No_Gene3D_overlap
Q9HCG1	[70, 115]	No_Gene3D_overlap
Q9HCG1	[135, 164]	No_Gene3D_overlap
Q9HCG1	[242, 816]	Classic Zinc Finger
Q9UJN7	[103, 357]	Classic Zinc Finger
Q9UKA1	[437, 533]	Ribonuclease Inhibitor
Q9UKA1	[551, 575]	No_Gene3D_overlap
Q9Y4C1	[527, 569]	No_Gene3D_overlap
P07602	[19, 54]	No_Gene3D_overlap
P07602	[181, 199]	Saposin-like
P07602	[490, 523]	No_Gene3D_overlap
P0CG37	[79, 158]	Laminin
P17481	[11, 45]	No_Gene3D_overlap
P17481	[73, 110]	No_Gene3D_overlap
P31040	[470, 486]	Fumarate reductase/succinate dehydrogenase flavoprotein-like, C-terminal domain
Q07444	[99, 121]	Mannose-Binding Protein A, subunit A
Q12946	[136, 155]	Winged helix-like DNA-binding domain superfamily/Winged helix DNA-binding domain
Q1XH10	[547, 565]	No_Gene3D_overlap
Q8N567	[107, 249]	Zinc finger, CCHC-type
Q8NDX1	[155, 183]	No_Gene3D_overlap
Q96KG7	[77, 843]	Tie2 ligand-binding domain superfamily
Q96KG7	[928, 970]	No_Gene3D_overlap
Q96NZ8	[252, 425]	-
Q96RY5	[284, 311]	No_Gene3D_overlap
Q96RY5	[381, 443]	No_Gene3D_overlap
Q9H000	[322, 355]	Zinc/RING finger domain, C3HC4 (zinc finger)
Q9H963	[0, 128]	Classic Zinc Finger
A6NCI4	[852, 889]	No_Gene3D_overlap
A6NK75	[115, 571]	Classic Zinc Finger
F8WCM5	[105, 142]	No_Gene3D_overlap
O43559	[296, 324]	No_Gene3D_overlap
P04114	[1512, 1527]	No_Gene3D_overlap
P0CG40	[20, 42]	No_Gene3D_overlap
P0CG40	[307, 412]	Classic Zinc Finger
P22557	[13, 91]	Aminolevulinic Acid Synthase 2
P23025	[239, 272]	No_Gene3D_overlap
P28562	[131, 171]	Rhodanese-like domain
P98160	[282, 419]	Low-density Lipoprotein Receptor
P98160	[718, 943]	Laminin
P98160	[1119, 1360]	Laminin
P98160	[1515, 1737]	Immunoglobulins
P98160	[3837, 3938]	-
P98160	[4092, 4206]	Laminin
Q14154	[105, 127]	No_Gene3D_overlap
Q14154	[430, 480]	Tetratricopeptide repeat domain
Q14532	[0, 74]	No_Gene3D_overlap
Q14532	[99, 115]	No_Gene3D_overlap
Q14532	[398, 447]	-
Q6V0I7	[3661, 3681]	No_Gene3D_overlap
Q6V0I7	[3849, 3967]	Laminin
Q6V0I7	[4392, 4409]	No_Gene3D_overlap
Q6V0I7	[4419, 4516]	Laminin
Q6ZRV2	[766, 797]	No_Gene3D_overlap
Q8IYB9	[63, 647]	Classic Zinc Finger
Q9BSW7	[0, 49]	No_Gene3D_overlap
Q9NQT8	[1036, 1075]	No_Gene3D_overlap
Q9UHC9	[24, 39]	No_Gene3D_overlap
Q9UHC9	[229, 275]	No_Gene3D_overlap
Q9UHC9	[802, 829]	Multidrug efflux transporter AcrB transmembrane domain
Q9UHC9	[967, 999]	No_Gene3D_overlap
Q9UIS9	[125, 267]	No_Gene3D_overlap
Q9UIS9	[310, 386]	No_Gene3D_overlap
Q9ULD4	[166, 183]	No_Gene3D_overlap
Q9Y2X9	[255, 375]	Classic Zinc Finger
P13611	[3076, 3174]	Mannose-Binding Protein A, subunit A
P43004	[523, 562]	No_Gene3D_overlap
P58304	[231, 258]	No_Gene3D_overlap
Q14141	[0, 16]	No_Gene3D_overlap
Q5HYK7	[433, 470]	No_Gene3D_overlap
Q5SVQ8	[22, 53]	No_Gene3D_overlap
Q5SVQ8	[195, 233]	Potassium Channel Kv1.1; Chain A
Q5SVQ8	[360, 647]	Classic Zinc Finger
Q5SVQ8	[678, 750]	Classic Zinc Finger
Q5VZF2	[325, 372]	No_Gene3D_overlap
Q6UXX5	[210, 226]	No_Gene3D_overlap
Q6XUX3	[23, 60]	No_Gene3D_overlap
Q6ZMS7	[429, 507]	Classic Zinc Finger
Q6ZW31	[259, 308]	No_Gene3D_overlap
Q7Z6J2	[239, 262]	No_Gene3D_overlap
Q86W11	[293, 490]	Classic Zinc Finger
Q8TA94	[55, 126]	-
Q8TA94	[151, 475]	Classic Zinc Finger
Q96JQ2	[344, 385]	No_Gene3D_overlap
Q96ME1	[458, 475]	Ribonuclease Inhibitor
Q9NRR4	[506, 567]	No_Gene3D_overlap
Q9P2J8	[195, 257]	No_Gene3D_overlap
Q9P2J8	[270, 864]	Classic Zinc Finger
Q9Y6C5	[245, 295]	No_Gene3D_overlap
Q9Y6C5	[603, 621]	No_Gene3D_overlap
Q9Y6C5	[648, 668]	No_Gene3D_overlap
O15204	[100, 164]	No_Gene3D_overlap
O15204	[367, 469]	Disintegrin domain
O95365	[379, 494]	Classic Zinc Finger
O96014	[126, 225]	No_Gene3D_overlap
P16284	[464, 485]	No_Gene3D_overlap
P17041	[65, 272]	Classic Zinc Finger
P35712	[586, 618]	High mobility group box domain
P56704	[125, 171]	No_Gene3D_overlap
P56704	[182, 232]	No_Gene3D_overlap
Q06278	[558, 578]	No_Gene3D_overlap
Q14114	[42, 426]	Laminin
Q6IPX1	[467, 500]	No_Gene3D_overlap
Q6PJ61	[309, 327]	No_Gene3D_overlap
Q6PJ61	[356, 416]	No_Gene3D_overlap
Q6PJ61	[519, 584]	-
Q6ZN57	[89, 460]	Classic Zinc Finger
Q7Z7E8	[49, 74]	No_Gene3D_overlap
Q7Z7E8	[94, 132]	No_Gene3D_overlap
Q8IVT5	[514, 532]	No_Gene3D_overlap
Q8NFZ0	[972, 1014]	No_Gene3D_overlap
Q8TBE0	[374, 395]	No_Gene3D_overlap
Q8TBE0	[455, 484]	No_Gene3D_overlap
Q96N95	[241, 330]	Classic Zinc Finger
Q96RL6	[424, 508]	Immunoglobulins
Q9Y4F4	[606, 653]	No_Gene3D_overlap
Q9Y4F4	[684, 782]	No_Gene3D_overlap
B7ZBB8	[73, 97]	No_Gene3D_overlap
B7ZBB8	[133, 179]	No_Gene3D_overlap
P78426	[192, 248]	Homeodomain-like
Q3LXA3	[0, 23]	Dihydroxyacetone kinase; domain 1
Q6P2E9	[1245, 1263]	-
Q8IY22	[346, 384]	No_Gene3D_overlap
Q8IY22	[426, 449]	No_Gene3D_overlap
Q96F46	[582, 600]	No_Gene3D_overlap
Q96F46	[700, 720]	No_Gene3D_overlap
Q9BX69	[778, 804]	No_Gene3D_overlap
Q9H1J7	[127, 153]	No_Gene3D_overlap
Q9Y467	[363, 439]	Classic Zinc Finger
Q9Y5W9	[155, 171]	Phox-like domain
O75610	[231, 262]	Cystine-knot cytokines
P0DUQ2	[129, 144]	No_Gene3D_overlap
P0DUQ2	[452, 477]	No_Gene3D_overlap
Q02086	[487, 612]	Classic Zinc Finger
Q15386	[61, 82]	No_Gene3D_overlap
Q15940	[6, 192]	Classic Zinc Finger
Q16342	[49, 67]	No_Gene3D_overlap
Q16342	[92, 211]	-
Q49AN0	[512, 530]	DNA Cyclobutane Dipyrimidine Photolyase, subunit A, domain 3
Q6UXC1	[419, 434]	-
Q8IYN0	[0, 23]	No_Gene3D_overlap
Q8IYN0	[135, 537]	Classic Zinc Finger
Q8N398	[0, 31]	No_Gene3D_overlap
Q8N398	[71, 149]	No_Gene3D_overlap
Q8N398	[165, 255]	No_Gene3D_overlap
Q8N398	[833, 884]	No_Gene3D_overlap
Q8N398	[910, 951]	No_Gene3D_overlap
Q8TF20	[4, 558]	Classic Zinc Finger
Q8TF20	[620, 910]	Classic Zinc Finger
Q96EP0	[192, 253]	No_Gene3D_overlap
Q96EP0	[294, 441]	Zinc finger, RanBP2-type
Q9BPW5	[0, 29]	No_Gene3D_overlap
Q9H165	[36, 79]	No_Gene3D_overlap
Q9H165	[117, 177]	No_Gene3D_overlap
Q9P2D6	[368, 428]	No_Gene3D_overlap
Q9P2D6	[504, 566]	No_Gene3D_overlap
Q9P2D6	[910, 946]	No_Gene3D_overlap
P08912	[364, 395]	No_Gene3D_overlap
Q12765	[310, 326]	No_Gene3D_overlap
Q13753	[7, 214]	Laminin
Q13753	[369, 629]	Laminin
Q69YN2	[265, 299]	HIT-like
Q6IV72	[112, 156]	No_Gene3D_overlap
Q6IV72	[177, 738]	Classic Zinc Finger
Q86YD5	[17, 143]	Low-density Lipoprotein Receptor
Q8IUR5	[22, 44]	No_Gene3D_overlap
Q8NFT8	[304, 626]	Laminin
Q8TDW7	[3739, 3846]	-
Q8TDW7	[4015, 4146]	Laminin
Q8TDW7	[4224, 4264]	No_Gene3D_overlap
Q8WZA1	[222, 294]	No_Gene3D_overlap
Q92561	[158, 185]	No_Gene3D_overlap
Q92561	[303, 329]	No_Gene3D_overlap
Q9BVA0	[619, 636]	No_Gene3D_overlap
Q9BZE2	[435, 457]	No_Gene3D_overlap
Q9NU63	[80, 199]	Classic Zinc Finger
Q9Y4X5	[159, 187]	Zinc/RING finger domain, C3HC4 (zinc finger)
A0A0G2JMD5	[123, 146]	No_Gene3D_overlap
A0A0G2JMD5	[453, 473]	No_Gene3D_overlap
A1L020	[298, 340]	No_Gene3D_overlap
P15924	[54, 112]	No_Gene3D_overlap
P15924	[627, 661]	-
P17024	[67, 102]	No_Gene3D_overlap
P17024	[140, 531]	Classic Zinc Finger
Q6ZMT4	[729, 758]	No_Gene3D_overlap
Q86YE8	[236, 367]	Classic Zinc Finger
Q86YE8	[378, 664]	Classic Zinc Finger
Q8IVV2	[1783, 1799]	PLAT/LH2 domain
Q8NE35	[391, 406]	No_Gene3D_overlap
Q8TEU8	[38, 184]	Elafin-like
Q8TEU8	[312, 454]	-
Q8WZ74	[649, 692]	No_Gene3D_overlap
Q9UHX3	[21, 277]	Laminin
Q9UIF7	[269, 354]	Helix-hairpin-Helix base-excision DNA repair enzymes (C-terminal)
A2A288	[242, 284]	-
O75164	[641, 797]	Zinc/RING finger domain, C3HC4 (zinc finger)
P04626	[491, 649]	Cytochrome c1, transmembrane anchor, C-terminal
Q09FC8	[56, 79]	No_Gene3D_overlap
Q09FC8	[113, 163]	No_Gene3D_overlap
Q09FC8	[239, 602]	Classic Zinc Finger
Q13829	[6, 21]	No_Gene3D_overlap
Q3KNW1	[17, 125]	No_Gene3D_overlap
Q3KNW1	[143, 288]	Classic Zinc Finger
Q86WI1	[3551, 3582]	No_Gene3D_overlap
Q86WI1	[3672, 3699]	No_Gene3D_overlap
Q86YC2	[607, 625]	No_Gene3D_overlap
Q86YC2	[806, 837]	No_Gene3D_overlap
Q8NI08	[250, 325]	No_Gene3D_overlap
Q8TAW3	[116, 148]	No_Gene3D_overlap
Q8TAW3	[269, 530]	Classic Zinc Finger
Q96H55	[920, 944]	No_Gene3D_overlap
Q96PQ6	[24, 43]	No_Gene3D_overlap
Q96PQ6	[165, 594]	Classic Zinc Finger
Q96RR4	[34, 61]	No_Gene3D_overlap
Q9BRR0	[130, 214]	-
Q9BRR0	[309, 536]	Classic Zinc Finger
Q9Y6R6	[132, 311]	Classic Zinc Finger
Q9Y6R6	[351, 712]	Classic Zinc Finger
Q9Y6R6	[743, 807]	Classic Zinc Finger
A1L4H1	[195, 407]	SRCR-like domain
O43167	[284, 515]	Classic Zinc Finger
O60496	[117, 146]	Pleckstrin-homology domain (PH domain)/Phosphotyrosine-binding domain (PTB)
O95125	[381, 455]	Classic Zinc Finger
O95125	[475, 642]	Classic Zinc Finger
P0DP72	[364, 523]	Immunoglobulins
P98169	[261, 278]	Classic Zinc Finger
P98169	[290, 588]	Classic Zinc Finger
Q12841	[224, 279]	EF-hand
Q14162	[25, 408]	Laminin
Q14833	[880, 905]	No_Gene3D_overlap
Q17RG1	[257, 278]	No_Gene3D_overlap
Q17RG1	[504, 519]	Potassium Channel Kv1.1; Chain A
Q2M1K9	[129, 344]	Classic Zinc Finger
Q2M1K9	[1041, 1140]	Classic Zinc Finger
Q4VNC0	[156, 179]	No_Gene3D_overlap
Q5JRS4	[303, 328]	No_Gene3D_overlap
Q5T619	[270, 556]	Classic Zinc Finger
Q6UXG2	[34, 160]	No_Gene3D_overlap
Q6UXG2	[269, 417]	Tumor Necrosis Factor Receptor, subunit A, domain 2
Q6UXG2	[585, 666]	No_Gene3D_overlap
Q6UXG2	[955, 999]	No_Gene3D_overlap
Q86SG3	[354, 377]	No_Gene3D_overlap
Q8IWE5	[883, 903]	Pleckstrin-homology domain (PH domain)/Phosphotyrosine-binding domain (PTB)
Q8N3G9	[378, 414]	No_Gene3D_overlap
Q8NFH8	[368, 391]	EF-hand
Q96L73	[592, 611]	No_Gene3D_overlap
Q96SK3	[70, 695]	Classic Zinc Finger
Q9BYL1	[25, 50]	No_Gene3D_overlap
Q9HBK9	[326, 367]	-
Q9Y6M7	[756, 792]	No_Gene3D_overlap
A8MUV8	[106, 348]	Classic Zinc Finger
A8MUV8	[361, 474]	Classic Zinc Finger
B7ZC32	[669, 687]	No_Gene3D_overlap
O15327	[192, 232]	C2 domain
O15327	[838, 857]	No_Gene3D_overlap
O94823	[444, 492]	Calcium-transporting ATPase, cytoplasmic domain N
P0CG00	[344, 495]	Classic Zinc Finger
P17948	[1289, 1330]	No_Gene3D_overlap
P19883	[17, 308]	-
P35916	[1208, 1237]	No_Gene3D_overlap
P52948	[1461, 1486]	No_Gene3D_overlap
Q03164	[1156, 1210]	No_Gene3D_overlap
Q03164	[1470, 1633]	Bromodomain-like
Q12986	[353, 369]	No_Gene3D_overlap
Q12986	[381, 959]	No_Gene3D_overlap
Q2TB18	[644, 670]	No_Gene3D_overlap
Q6ZSS3	[163, 339]	Classic Zinc Finger
Q7Z5L2	[156, 187]	No_Gene3D_overlap
Q7Z5L2	[363, 435]	No_Gene3D_overlap
Q86VV4	[15, 53]	No_Gene3D_overlap
Q86VV4	[161, 214]	No_Gene3D_overlap
Q86VV4	[258, 285]	Pleckstrin-homology domain (PH domain)/Phosphotyrosine-binding domain (PTB)
Q86VV8	[1810, 1831]	No_Gene3D_overlap
Q92485	[411, 436]	No_Gene3D_overlap
Q96FV9	[387, 463]	No_Gene3D_overlap
Q9H2X6	[118, 143]	No_Gene3D_overlap
Q9H2X6	[533, 567]	No_Gene3D_overlap
Q9UF11	[137, 156]	No_Gene3D_overlap
Q9Y2G4	[383, 422]	No_Gene3D_overlap
O15118	[157, 182]	No_Gene3D_overlap
O15118	[207, 269]	No_Gene3D_overlap
O15118	[303, 321]	No_Gene3D_overlap
O15118	[794, 818]	Multidrug efflux transporter AcrB transmembrane domain
O15118	[943, 999]	No_Gene3D_overlap
O95235	[25, 45]	No_Gene3D_overlap
O95876	[0, 17]	No_Gene3D_overlap
O95876	[658, 710]	No_Gene3D_overlap
P06401	[527, 565]	Erythroid Transcription Factor GATA-1, subunit A
P0C7X1	[467, 500]	No_Gene3D_overlap
P0DPK4	[22, 287]	Laminin
P51993	[78, 94]	No_Gene3D_overlap
Q52LW3	[893, 974]	Rho GTPase activation protein
Q6P9G9	[325, 517]	Classic Zinc Finger
Q75N90	[58, 351]	TGF-beta binding (TB) domain
Q75N90	[399, 553]	Laminin
Q75N90	[569, 904]	Laminin
Q75N90	[942, 2700]	Laminin
Q8IWU4	[53, 71]	No_Gene3D_overlap
Q96GC6	[477, 639]	Classic Zinc Finger
Q9BWE0	[61, 196]	Classic Zinc Finger
Q9BWE0	[234, 309]	Classic Zinc Finger
Q9BWE0	[370, 561]	Classic Zinc Finger
Q9NR96	[12, 28]	Ribonuclease Inhibitor
Q9UBV4	[134, 165]	No_Gene3D_overlap
Q9Y5F6	[739, 782]	No_Gene3D_overlap
A0A1W2PPD8	[372, 391]	No_Gene3D_overlap
A3QJZ7	[453, 477]	No_Gene3D_overlap
O60840	[488, 524]	Voltage-gated potassium channels. Chain C
P16581	[118, 554]	Mannose-Binding Protein A, subunit A
P17038	[84, 808]	Classic Zinc Finger
P52741	[162, 426]	Classic Zinc Finger
P62633	[39, 175]	Zinc finger, CCHC-type
Q02556	[75, 184]	Winged helix-like DNA-binding domain superfamily/Winged helix DNA-binding domain
Q02556	[394, 420]	-
Q53H54	[90, 111]	No_Gene3D_overlap
Q68CQ1	[375, 396]	No_Gene3D_overlap
Q7Z6B7	[699, 723]	Rho GTPase activation protein
Q8NDQ6	[62, 91]	No_Gene3D_overlap
Q8NDQ6	[175, 307]	Classic Zinc Finger
Q8NDQ6	[319, 501]	Classic Zinc Finger
Q8NDQ6	[516, 659]	Classic Zinc Finger
Q92673	[1010, 1555]	Low-density Lipoprotein Receptor
Q96JB8	[355, 414]	P-loop containing nucleotide triphosphate hydrolases
Q96JS3	[101, 167]	DNA breaking-rejoining enzymes
Q96JS3	[701, 729]	No_Gene3D_overlap
Q9UI38	[102, 118]	No_Gene3D_overlap
O43157	[632, 671]	No_Gene3D_overlap
O43157	[893, 999]	No_Gene3D_overlap
P19438	[30, 212]	Tumor Necrosis Factor Receptor, subunit A, domain 2
Q04756	[101, 296]	Laminin
Q14524	[1158, 1195]	No_Gene3D_overlap
Q75VX8	[208, 246]	No_Gene3D_overlap
Q75VX8	[337, 366]	No_Gene3D_overlap
Q86TH1	[42, 186]	Thrombospondin type-1 (TSP1) repeat
Q86TH1	[560, 950]	Thrombospondin type-1 (TSP1) repeat
Q8IU80	[459, 596]	Low-density Lipoprotein Receptor
Q8N5I3	[234, 258]	No_Gene3D_overlap
Q96AY4	[1334, 1362]	No_Gene3D_overlap
Q9H0D2	[137, 234]	Classic Zinc Finger
Q9H0D2	[831, 886]	No_Gene3D_overlap
Q9H0D2	[1000, 1056]	No_Gene3D_overlap
Q9HBW9	[8, 116]	Laminin
Q9N2J8	[39, 57]	No_Gene3D_overlap
Q9N2J8	[154, 172]	No_Gene3D_overlap
Q9N2J8	[235, 280]	No_Gene3D_overlap
Q9Y694	[55, 90]	No_Gene3D_overlap
Q9Y6F9	[118, 136]	No_Gene3D_overlap
Q9Y6F9	[199, 245]	No_Gene3D_overlap
A0A087WUV0	[166, 258]	Classic Zinc Finger
A0A087WUV0	[270, 509]	Classic Zinc Finger
O43795	[1108, 1135]	No_Gene3D_overlap
P37275	[163, 297]	Classic Zinc Finger
P37275	[900, 997]	Classic Zinc Finger
Q32M78	[109, 641]	Classic Zinc Finger
Q494W8	[272, 339]	Neurotransmitter-gated ion-channel transmembrane domain
Q5R3I4	[7, 25]	No_Gene3D_overlap
Q5SWL7	[127, 147]	No_Gene3D_overlap
Q86XX4	[19, 1074]	Complement Module, domain 1
Q86XX4	[3955, 3987]	No_Gene3D_overlap
Q8N3Z6	[166, 213]	No_Gene3D_overlap
Q8N3Z6	[229, 395]	Zinc finger, CCHC-type
Q8N9F8	[73, 142]	No_Gene3D_overlap
Q8N9F8	[176, 521]	Classic Zinc Finger
Q8NB78	[49, 87]	No_Gene3D_overlap
Q8NB78	[217, 278]	Winged helix-like DNA-binding domain superfamily/Winged helix DNA-binding domain
Q96FN5	[462, 518]	No_Gene3D_overlap
Q96JQ0	[3097, 3150]	No_Gene3D_overlap
Q9BST9	[425, 456]	No_Gene3D_overlap
Q9C0A1	[274, 295]	No_Gene3D_overlap
Q9C0A1	[434, 533]	Classic Zinc Finger
Q9C0A1	[810, 847]	No_Gene3D_overlap
Q9C0A1	[1473, 1491]	No_Gene3D_overlap
Q9C0A1	[1667, 1698]	No_Gene3D_overlap
Q9C0A1	[2136, 2158]	No_Gene3D_overlap
Q9C0A1	[2432, 2515]	No_Gene3D_overlap
Q9NRH2	[678, 764]	No_Gene3D_overlap
Q9P283	[549, 777]	ligand-binding face of the semaphorins, domain 2
Q9P283	[794, 993]	Thrombospondin type-1 (TSP1) repeat
Q9P283	[1033, 1063]	No_Gene3D_overlap
Q9UGT4	[305, 377]	No_Gene3D_overlap
Q9UGT4	[672, 691]	No_Gene3D_overlap
Q9UPZ6	[88, 119]	No_Gene3D_overlap
Q9UPZ6	[133, 272]	Thrombospondin type-1 (TSP1) repeat
Q9UPZ6	[315, 978]	Thrombospondin type-1 (TSP1) repeat
Q9UPZ6	[1112, 1430]	Thrombospondin type-1 (TSP1) repeat
Q9UPZ6	[1485, 1565]	No_Gene3D_overlap
Q9Y2E6	[182, 209]	No_Gene3D_overlap
O14561	[23, 40]	No_Gene3D_overlap
O15062	[588, 671]	Classic Zinc Finger
O43462	[336, 394]	No_Gene3D_overlap
P14314	[19, 131]	Low-density Lipoprotein Receptor
P50876	[0, 18]	Zinc/RING finger domain, C3HC4 (zinc finger)
P50876	[98, 213]	-
Q12766	[112, 156]	No_Gene3D_overlap
Q12766	[301, 351]	No_Gene3D_overlap
Q12766	[592, 662]	No_Gene3D_overlap
Q12766	[728, 769]	No_Gene3D_overlap
Q12766	[1111, 1195]	No_Gene3D_overlap
Q6AI12	[289, 304]	No_Gene3D_overlap
Q6F5E8	[135, 162]	Ribonuclease Inhibitor
Q6F5E8	[678, 758]	Ribonuclease Inhibitor
Q6P1R4	[307, 336]	No_Gene3D_overlap
Q6P1R4	[391, 443]	No_Gene3D_overlap
Q6ZW61	[199, 248]	No_Gene3D_overlap
Q8IWA0	[716, 731]	No_Gene3D_overlap
Q8N2I2	[48, 89]	No_Gene3D_overlap
Q8N2I2	[101, 123]	No_Gene3D_overlap
Q8N2I2	[156, 490]	Classic Zinc Finger
Q8N841	[833, 890]	No_Gene3D_overlap
Q8TE59	[532, 802]	Thrombospondin type-1 (TSP1) repeat
Q8TE59	[916, 1168]	Thrombospondin type-1 (TSP1) repeat
Q96CV9	[540, 576]	No_Gene3D_overlap
Q9HCG7	[49, 76]	No_Gene3D_overlap
Q9HCG7	[378, 398]	No_Gene3D_overlap
Q9HD43	[720, 742]	No_Gene3D_overlap
Q9NRP7	[425, 441]	No_Gene3D_overlap
Q9Y2H6	[58, 74]	No_Gene3D_overlap
O60315	[254, 336]	Classic Zinc Finger
O60315	[464, 481]	No_Gene3D_overlap
O60315	[524, 595]	No_Gene3D_overlap
O60315	[1000, 1092]	Classic Zinc Finger
P20933	[47, 84]	No_Gene3D_overlap
Q08554	[757, 779]	No_Gene3D_overlap
Q14160	[406, 422]	No_Gene3D_overlap
Q5T2R2	[68, 90]	Farnesyl Diphosphate Synthase
Q5T5M9	[344, 361]	No_Gene3D_overlap
Q6P2C0	[624, 642]	No_Gene3D_overlap
Q86UR5	[1082, 1105]	No_Gene3D_overlap
Q8IY81	[276, 296]	No_Gene3D_overlap
Q9NP86	[0, 15]	EF-hand
Q9UGM1	[392, 430]	Neurotransmitter-gated ion-channel transmembrane domain
Q9Y6Y1	[6, 48]	No_Gene3D_overlap
Q9Y6Y1	[245, 263]	No_Gene3D_overlap
Q9Y6Y1	[802, 837]	No_Gene3D_overlap
A0PJY2	[109, 203]	No_Gene3D_overlap
A0PJY2	[237, 426]	Classic Zinc Finger
O00468	[153, 670]	-
O00468	[1813, 1897]	-
O60279	[191, 209]	Complement Module, domain 1
O75185	[48, 64]	No_Gene3D_overlap
O75821	[144, 189]	-
P10243	[377, 424]	No_Gene3D_overlap
P30048	[30, 69]	Glutaredoxin
P31943	[270, 286]	-
P55268	[284, 559]	Tie2 ligand-binding domain superfamily
P55268	[746, 1210]	Laminin
Q03924	[34, 482]	Classic Zinc Finger
Q5JY77	[524, 555]	No_Gene3D_overlap
Q5JY77	[566, 701]	No_Gene3D_overlap
Q5JY77	[1008, 1039]	No_Gene3D_overlap
Q5JY77	[1052, 1088]	No_Gene3D_overlap
Q5JY77	[1117, 1154]	No_Gene3D_overlap
Q5T0N5	[348, 373]	No_Gene3D_overlap
Q8IUK8	[55, 78]	No_Gene3D_overlap
Q8IY92	[266, 371]	No_Gene3D_overlap
Q8IY92	[784, 816]	Potassium Channel Kv1.1; Chain A
Q8N2E2	[158, 189]	No_Gene3D_overlap
Q8N2E2	[603, 629]	No_Gene3D_overlap
Q8N2E2	[963, 995]	No_Gene3D_overlap
Q8N2E2	[1226, 1268]	No_Gene3D_overlap
Q8N2E2	[1288, 1587]	Laminin
Q8N8E2	[122, 239]	Classic Zinc Finger
Q8N8E2	[304, 338]	No_Gene3D_overlap
Q8N8E2	[353, 493]	Classic Zinc Finger
Q96FC7	[5, 54]	Immunoglobulins
Q96FC7	[352, 375]	No_Gene3D_overlap
Q96KN3	[72, 125]	No_Gene3D_overlap
Q96M86	[137, 172]	No_Gene3D_overlap
Q96M86	[4338, 4408]	No_Gene3D_overlap
Q96M86	[4507, 4536]	No_Gene3D_overlap
Q99572	[465, 511]	No_Gene3D_overlap
Q9NTW7	[11, 57]	No_Gene3D_overlap
Q9NTW7	[136, 254]	Classic Zinc Finger
Q9NTW7	[287, 440]	Classic Zinc Finger
Q9NTW7	[468, 549]	Classic Zinc Finger
Q9Y5W3	[271, 354]	Classic Zinc Finger
A0A087WVF3	[467, 500]	No_Gene3D_overlap
B4DXR9	[106, 134]	No_Gene3D_overlap
B4DXR9	[220, 584]	Classic Zinc Finger
O94761	[945, 985]	No_Gene3D_overlap
P00742	[44, 176]	Laminin
P00742	[207, 246]	Trypsin-like serine proteases
P15172	[35, 56]	No_Gene3D_overlap
P15822	[378, 475]	Classic Zinc Finger
P15822	[954, 989]	No_Gene3D_overlap
P15822	[2069, 2156]	Classic Zinc Finger
P29376	[61, 84]	No_Gene3D_overlap
P29376	[162, 192]	No_Gene3D_overlap
P49792	[1406, 1502]	Zinc finger, RanBP2-type
P49792	[2660, 2762]	No_Gene3D_overlap
P51826	[1007, 1023]	No_Gene3D_overlap
Q02446	[618, 725]	Classic Zinc Finger
Q07343	[9, 30]	No_Gene3D_overlap
Q5VY43	[52, 747]	Tie2 ligand-binding domain superfamily
Q6P0N0	[334, 367]	No_Gene3D_overlap
Q6P0N0	[653, 693]	No_Gene3D_overlap
Q6P0N0	[1024, 1083]	No_Gene3D_overlap
Q8N0W4	[725, 746]	No_Gene3D_overlap
Q8TD19	[890, 906]	No_Gene3D_overlap
Q92538	[1093, 1117]	No_Gene3D_overlap
Q96CW9	[290, 494]	Laminin
Q96NG8	[188, 461]	Classic Zinc Finger
Q96PE3	[543, 630]	No_Gene3D_overlap
Q96PE3	[931, 961]	No_Gene3D_overlap
Q9GZX5	[195, 427]	Classic Zinc Finger
Q9H221	[365, 393]	No_Gene3D_overlap
Q9NPB8	[635, 655]	No_Gene3D_overlap
Q9UIG0	[932, 950]	No_Gene3D_overlap
Q9UN66	[733, 775]	No_Gene3D_overlap
X6R8R1	[182, 200]	C2 domain
A0A087X179	[467, 500]	No_Gene3D_overlap
A0A0U1RQI7	[411, 449]	No_Gene3D_overlap
A0A0U1RQI7	[935, 1049]	Classic Zinc Finger
O14802	[137, 166]	RNA polymerase II, clamp domain
P08603	[176, 362]	Complement Module, domain 1
P08603	[890, 1175]	Complement Module, domain 1
P17021	[38, 92]	-
P17021	[129, 149]	No_Gene3D_overlap
P17021	[176, 340]	Classic Zinc Finger
P17021	[454, 661]	Classic Zinc Finger
P51797	[5, 31]	No_Gene3D_overlap
P57075	[358, 379]	No_Gene3D_overlap
Q2NKX8	[666, 697]	No_Gene3D_overlap
Q68EA5	[66, 554]	Classic Zinc Finger
Q6PJG9	[486, 525]	Immunoglobulins
Q6PKC3	[432, 488]	No_Gene3D_overlap
Q6PKC3	[524, 582]	No_Gene3D_overlap
Q6R2W3	[594, 663]	No_Gene3D_overlap
Q7Z340	[60, 163]	-
Q7Z340	[226, 666]	Classic Zinc Finger
Q86TI0	[175, 207]	No_Gene3D_overlap
Q8N344	[16, 60]	No_Gene3D_overlap
Q8N344	[196, 216]	No_Gene3D_overlap
Q8N6M9	[0, 142]	AN1-like Zinc finger
Q96NU1	[78, 109]	No_Gene3D_overlap
Q96RG2	[60, 125]	No_Gene3D_overlap
Q96RG2	[407, 427]	No_Gene3D_overlap
Q96RG2	[447, 470]	No_Gene3D_overlap
Q96RG2	[601, 766]	No_Gene3D_overlap
Q96RG2	[784, 838]	No_Gene3D_overlap
Q9UIM3	[167, 186]	No_Gene3D_overlap
Q9ULB1	[186, 279]	Laminin
Q9Y2M5	[292, 310]	Kelch-type beta propeller
P06127	[152, 214]	No_Gene3D_overlap
P08922	[9, 108]	Immunoglobulins
P08922	[2228, 2274]	No_Gene3D_overlap
P53621	[1159, 1223]	No_Gene3D_overlap
P54289	[969, 999]	No_Gene3D_overlap
P54289	[1030, 1074]	No_Gene3D_overlap
Q14592	[160, 367]	Classic Zinc Finger
Q15569	[568, 605]	No_Gene3D_overlap
Q2M3X9	[210, 578]	Classic Zinc Finger
Q3MJ13	[635, 666]	No_Gene3D_overlap
Q3MJ13	[1024, 1046]	No_Gene3D_overlap
Q53GI3	[314, 551]	Classic Zinc Finger
Q6ZN06	[208, 616]	Classic Zinc Finger
Q6ZSZ5	[193, 228]	No_Gene3D_overlap
Q71RC2	[91, 120]	Winged helix-like DNA-binding domain superfamily/Winged helix DNA-binding domain
Q8IX18	[630, 656]	No_Gene3D_overlap
Q8NCG7	[250, 268]	No_Gene3D_overlap
Q8NCG7	[593, 670]	No_Gene3D_overlap
Q99466	[25, 1298]	Laminin
Q9UBG0	[651, 673]	Mannose-Binding Protein A, subunit A
Q9ULG1	[1000, 1037]	No_Gene3D_overlap
O15530	[355, 381]	Transferase(Phosphotransferase) domain 1
P35410	[14, 41]	No_Gene3D_overlap
P51168	[389, 456]	Acid-sensing ion channels like domains
Q14694	[16, 91]	No_Gene3D_overlap
Q2MJR0	[292, 406]	No_Gene3D_overlap
Q5SQQ9	[65, 105]	Homeodomain-like
Q5XG99	[1, 29]	No_Gene3D_overlap
Q6NSI4	[146, 169]	No_Gene3D_overlap
Q86UG4	[485, 549]	MFS general substrate transporter like domains
Q86UG4	[640, 657]	No_Gene3D_overlap
Q86XN6	[80, 99]	No_Gene3D_overlap
Q86XN6	[207, 745]	Classic Zinc Finger
Q8WW36	[33, 149]	Zinc finger, CCHC-type
Q96IC2	[409, 424]	No_Gene3D_overlap
Q96IC2	[434, 464]	No_Gene3D_overlap
Q96QP1	[455, 503]	No_Gene3D_overlap
Q9GZZ0	[154, 183]	No_Gene3D_overlap
Q9NUA8	[802, 1159]	Classic Zinc Finger
Q9UKW4	[161, 202]	Dbl homology (DH) domain
Q9Y653	[117, 140]	No_Gene3D_overlap
O75052	[401, 467]	No_Gene3D_overlap
O75146	[703, 726]	No_Gene3D_overlap
O75592	[136, 158]	No_Gene3D_overlap
O75592	[743, 826]	No_Gene3D_overlap
O75592	[2617, 2670]	No_Gene3D_overlap
O75592	[3048, 3068]	No_Gene3D_overlap
O75592	[3089, 3107]	No_Gene3D_overlap
O75592	[3176, 3197]	No_Gene3D_overlap
O75592	[3218, 3304]	No_Gene3D_overlap
O75592	[3347, 3414]	No_Gene3D_overlap
O75592	[3673, 3690]	No_Gene3D_overlap
O75592	[4251, 4268]	No_Gene3D_overlap
O75592	[4342, 4439]	Zinc/RING finger domain, C3HC4 (zinc finger)
O75592	[4550, 4599]	No_Gene3D_overlap
O75592	[4614, 4677]	No_Gene3D_overlap
P0C091	[200, 237]	No_Gene3D_overlap
P0C091	[2120, 2138]	-
P12757	[369, 387]	No_Gene3D_overlap
P12757	[401, 419]	No_Gene3D_overlap
P12757	[483, 517]	No_Gene3D_overlap
P17020	[208, 681]	Classic Zinc Finger
P45974	[638, 658]	DNA helicase RuvA subunit, C-terminal domain
P51843	[27, 79]	No_Gene3D_overlap
P51843	[93, 120]	No_Gene3D_overlap
P51843	[133, 155]	No_Gene3D_overlap
P51843	[182, 225]	No_Gene3D_overlap
P51843	[236, 260]	Retinoid X Receptor
P53671	[311, 328]	Phosphorylase Kinase; domain 1
P59510	[197, 214]	No_Gene3D_overlap
P59510	[684, 712]	-
P59510	[852, 922]	No_Gene3D_overlap
P59510	[938, 1265]	Thrombospondin type-1 (TSP1) repeat
P59510	[1310, 1645]	Thrombospondin type-1 (TSP1) repeat
P59510	[1778, 1795]	No_Gene3D_overlap
P59510	[1882, 1899]	No_Gene3D_overlap
Q03989	[233, 279]	No_Gene3D_overlap
Q03989	[337, 361]	No_Gene3D_overlap
Q14435	[92, 111]	Spore Coat Polysaccharide Biosynthesis Protein SpsA; Chain A
Q6NXG1	[531, 565]	-
Q6PFW1	[1072, 1125]	No_Gene3D_overlap
Q6PFW1	[1284, 1360]	No_Gene3D_overlap
Q6V1P9	[3187, 3234]	No_Gene3D_overlap
Q6WRI0	[239, 345]	Ribonuclease Inhibitor
Q86UT5	[80, 124]	-
Q8IYI8	[97, 556]	Classic Zinc Finger
Q8NCT1	[343, 398]	No_Gene3D_overlap
Q8NFP9	[1477, 1493]	No_Gene3D_overlap
Q8WYB5	[701, 721]	N-acetyl transferase-like
Q96LT4	[109, 138]	No_Gene3D_overlap
Q9BTC8	[369, 417]	No_Gene3D_overlap
Q9NVH0	[270, 298]	No_Gene3D_overlap
Q9NVH0	[348, 375]	No_Gene3D_overlap
Q9NZI6	[180, 219]	No_Gene3D_overlap
O14647	[1464, 1497]	No_Gene3D_overlap
O95239	[1074, 1122]	No_Gene3D_overlap
P08151	[293, 357]	Classic Zinc Finger
P58317	[55, 236]	Classic Zinc Finger
P58317	[249, 389]	Classic Zinc Finger
Q14774	[20, 59]	No_Gene3D_overlap
Q2TB10	[0, 27]	No_Gene3D_overlap
Q2TB10	[347, 378]	No_Gene3D_overlap
Q6P280	[139, 156]	Classic Zinc Finger
Q6P280	[262, 562]	Classic Zinc Finger
Q6V9R5	[137, 162]	No_Gene3D_overlap
Q6V9R5	[235, 421]	Classic Zinc Finger
Q8IWT6	[53, 79]	No_Gene3D_overlap
Q8TAT6	[112, 151]	No_Gene3D_overlap
Q96RK0	[492, 527]	No_Gene3D_overlap
Q9BQA5	[185, 380]	Classic Zinc Finger
Q9BXB5	[272, 304]	No_Gene3D_overlap
Q9HB20	[148, 187]	No_Gene3D_overlap
Q9NQ36	[40, 392]	Laminin
Q9NQ36	[455, 476]	No_Gene3D_overlap
Q9NQ36	[489, 565]	No_Gene3D_overlap
Q9NQ36	[626, 842]	Spermadhesin, CUB domain
Q9UPW5	[313, 344]	Leucine-rich Repeat Variant
Q9UPW5	[520, 603]	No_Gene3D_overlap
O43511	[37, 65]	No_Gene3D_overlap
O75477	[295, 322]	No_Gene3D_overlap
P16422	[13, 136]	Thyroglobulin type-1
P17643	[82, 122]	No_Gene3D_overlap
P41161	[461, 494]	Winged helix-like DNA-binding domain superfamily/Winged helix DNA-binding domain
P52429	[51, 110]	No_Gene3D_overlap
Q13936	[1853, 1899]	No_Gene3D_overlap
Q13936	[2119, 2163]	No_Gene3D_overlap
Q4AE62	[194, 239]	No_Gene3D_overlap
Q5VV16	[301, 381]	No_Gene3D_overlap
Q684P5	[138, 153]	No_Gene3D_overlap
Q96EY9	[101, 125]	No_Gene3D_overlap
Q9H4Z2	[121, 186]	No_Gene3D_overlap
Q9H4Z2	[1020, 1128]	Classic Zinc Finger
Q9NSD4	[174, 418]	Classic Zinc Finger
Q9UKU9	[56, 76]	No_Gene3D_overlap
A6NIR3	[131, 147]	No_Gene3D_overlap
O75943	[314, 345]	No_Gene3D_overlap
O75943	[506, 521]	No_Gene3D_overlap
O95206	[935, 976]	No_Gene3D_overlap
P35573	[1224, 1275]	No_Gene3D_overlap
P38435	[325, 343]	No_Gene3D_overlap
Q008S8	[198, 213]	No_Gene3D_overlap
Q12947	[184, 206]	Winged helix-like DNA-binding domain superfamily/Winged helix DNA-binding domain
Q3MJ62	[164, 219]	No_Gene3D_overlap
Q3MJ62	[233, 388]	Classic Zinc Finger
Q3SXZ7	[405, 437]	No_Gene3D_overlap
Q53RD9	[80, 339]	Laminin
Q6N022	[58, 82]	No_Gene3D_overlap
Q6N022	[563, 881]	Laminin
Q6N022	[1009, 1049]	No_Gene3D_overlap
Q6N022	[1195, 1224]	No_Gene3D_overlap
Q8WZ64	[408, 435]	No_Gene3D_overlap
Q8WZ64	[467, 485]	Pleckstrin-homology domain (PH domain)/Phosphotyrosine-binding domain (PTB)
Q96KP6	[252, 271]	No_Gene3D_overlap
Q9BVQ7	[17, 119]	No_Gene3D_overlap
Q9H6U6	[142, 158]	No_Gene3D_overlap
Q9H6U6	[527, 575]	No_Gene3D_overlap
Q9Y676	[83, 109]	Ribosomal protein S18
Q9Y6D6	[71, 87]	No_Gene3D_overlap
A2RRP1	[1137, 1173]	No_Gene3D_overlap
O14771	[317, 454]	Classic Zinc Finger
O15090	[95, 191]	Classic Zinc Finger
O15090	[417, 443]	No_Gene3D_overlap
O15090	[455, 515]	No_Gene3D_overlap
O15090	[624, 654]	No_Gene3D_overlap
O15090	[743, 806]	Classic Zinc Finger
O15090	[1018, 1083]	No_Gene3D_overlap
O75096	[11, 440]	Laminin
O75096	[1771, 1789]	No_Gene3D_overlap
O95407	[35, 216]	Tumor Necrosis Factor Receptor, subunit A, domain 2
O95477	[870, 888]	No_Gene3D_overlap
O95477	[1394, 1494]	No_Gene3D_overlap
P31785	[318, 345]	No_Gene3D_overlap
P49815	[639, 654]	No_Gene3D_overlap
Q14BN4	[130, 145]	No_Gene3D_overlap
Q4AC99	[114, 129]	No_Gene3D_overlap
Q5JPB2	[129, 196]	Classic Zinc Finger
Q6AW86	[244, 506]	Classic Zinc Finger
Q7Z398	[169, 239]	Classic Zinc Finger
Q7Z398	[255, 421]	Classic Zinc Finger
Q7Z444	[209, 231]	P-loop containing nucleotide triphosphate hydrolases
Q86UQ4	[4173, 4191]	No_Gene3D_overlap
Q86UQ4	[4291, 4336]	No_Gene3D_overlap
Q86YA3	[96, 119]	No_Gene3D_overlap
Q86YA3	[299, 318]	No_Gene3D_overlap
Q86YA3	[606, 632]	No_Gene3D_overlap
Q86YA3	[815, 842]	No_Gene3D_overlap
Q8IVF5	[124, 183]	No_Gene3D_overlap
Q8IVF5	[1461, 1479]	No_Gene3D_overlap
Q8IY17	[482, 504]	Jelly Rolls
Q8NEV8	[1235, 1282]	No_Gene3D_overlap
Q92831	[91, 122]	No_Gene3D_overlap
Q96JA3	[129, 157]	No_Gene3D_overlap
Q96JA3	[170, 188]	No_Gene3D_overlap
Q96K58	[102, 410]	Classic Zinc Finger
Q9Y264	[24, 54]	No_Gene3D_overlap
Q9Y5Q8	[422, 449]	No_Gene3D_overlap
A6NJ78	[0, 30]	No_Gene3D_overlap
A6NJW4	[2, 20]	No_Gene3D_overlap
O43502	[343, 364]	P-loop containing nucleotide triphosphate hydrolases
O75879	[309, 343]	No_Gene3D_overlap
O95696	[138, 174]	No_Gene3D_overlap
O95696	[375, 416]	Zinc/RING finger domain, C3HC4 (zinc finger)
O95696	[880, 897]	No_Gene3D_overlap
P05019	[21, 43]	Insulin-like
P0DMP2	[333, 368]	Arfaptin homology (AH) domain/BAR domain
P49639	[24, 64]	No_Gene3D_overlap
Q16670	[232, 476]	Classic Zinc Finger
Q16821	[232, 247]	Carbohydrate binding type-21 domain
Q16821	[773, 797]	No_Gene3D_overlap
Q56UN5	[131, 159]	No_Gene3D_overlap
Q56UN5	[272, 322]	No_Gene3D_overlap
Q56UN5	[619, 702]	No_Gene3D_overlap
Q658N2	[176, 328]	P-loop containing nucleotide triphosphate hydrolases
Q8IUY3	[181, 209]	No_Gene3D_overlap
Q8NG06	[238, 283]	No_Gene3D_overlap
Q8TDY2	[212, 231]	No_Gene3D_overlap
Q8TDY2	[554, 572]	No_Gene3D_overlap
Q8TDY2	[760, 854]	No_Gene3D_overlap
Q9H707	[46, 404]	Classic Zinc Finger
Q9UQF0	[24, 39]	No_Gene3D_overlap
O14672	[389, 646]	Collagenase (Catalytic Domain)
O43316	[129, 147]	Winged helix-like DNA-binding domain superfamily/Winged helix DNA-binding domain
O43316	[268, 330]	No_Gene3D_overlap
P13674	[279, 325]	No_Gene3D_overlap
P35443	[283, 490]	Laminin
Q13887	[121, 164]	No_Gene3D_overlap
Q13887	[363, 456]	Classic Zinc Finger
Q14593	[137, 298]	Classic Zinc Finger
Q14593	[337, 543]	Classic Zinc Finger
Q3ZCN5	[342, 482]	Laminin
Q3ZCN5	[756, 963]	Laminin
Q3ZCN5	[982, 999]	No_Gene3D_overlap
Q3ZCN5	[1072, 1136]	No_Gene3D_overlap
Q3ZCN5	[1150, 1180]	No_Gene3D_overlap
Q3ZCN5	[1374, 1453]	No_Gene3D_overlap
Q3ZCN5	[1513, 1532]	No_Gene3D_overlap
Q3ZCN5	[1834, 2131]	Laminin
Q3ZCN5	[2271, 2352]	No_Gene3D_overlap
Q53GL7	[118, 146]	No_Gene3D_overlap
Q5VVQ6	[317, 344]	No_Gene3D_overlap
Q63HN8	[1806, 1830]	No_Gene3D_overlap
Q63HN8	[4504, 4547]	No_Gene3D_overlap
Q6AZW8	[36, 326]	Classic Zinc Finger
Q6NX45	[135, 482]	Classic Zinc Finger
Q6RI45	[596, 618]	No_Gene3D_overlap
Q6RI45	[732, 757]	No_Gene3D_overlap
Q86YS7	[962, 987]	No_Gene3D_overlap
Q8N5R6	[167, 197]	No_Gene3D_overlap
Q8TCG2	[449, 480]	No_Gene3D_overlap
Q96N21	[331, 351]	No_Gene3D_overlap
Q96PX9	[853, 913]	No_Gene3D_overlap
Q9H5J0	[459, 529]	Classic Zinc Finger
Q9UKN5	[557, 752]	Classic Zinc Finger
Q9UPP2	[1089, 1128]	No_Gene3D_overlap
Q9Y3M9	[167, 605]	Classic Zinc Finger
Q9Y3M9	[621, 744]	Classic Zinc Finger
Q9Y6Q3	[284, 627]	Classic Zinc Finger
O14628	[70, 97]	No_Gene3D_overlap
O14628	[230, 558]	Classic Zinc Finger
O60384	[39, 103]	Classic Zinc Finger
O60809	[124, 147]	No_Gene3D_overlap
O60809	[452, 473]	No_Gene3D_overlap
O75077	[440, 651]	Disintegrin domain
O76075	[198, 246]	No_Gene3D_overlap
O76076	[7, 172]	No_Gene3D_overlap
P16144	[419, 654]	Laminin
P41002	[0, 27]	No_Gene3D_overlap
P41002	[533, 555]	No_Gene3D_overlap
P78356	[317, 332]	2-Layer Sandwich
Q13635	[287, 317]	No_Gene3D_overlap
Q13635	[610, 631]	No_Gene3D_overlap
Q6NTF9	[3, 19]	Rhomboid-like
Q76NI1	[874, 899]	No_Gene3D_overlap
Q76NI1	[1082, 1120]	No_Gene3D_overlap
Q76NI1	[1387, 1405]	No_Gene3D_overlap
Q7Z494	[235, 258]	No_Gene3D_overlap
Q8TBB0	[53, 143]	THAP domain
Q8TBB0	[188, 221]	No_Gene3D_overlap
Q93038	[21, 213]	Tumor Necrosis Factor Receptor, subunit A, domain 2
Q93038	[260, 311]	No_Gene3D_overlap
Q969S3	[245, 268]	No_Gene3D_overlap
Q96B86	[32, 118]	No_Gene3D_overlap
Q96B86	[139, 173]	Mog1/PsbP, alpha/beta/alpha sandwich
Q9BQG1	[0, 37]	No_Gene3D_overlap
A0A1B0GTU1	[48, 100]	Zinc finger, CCCH-type
A6NHJ4	[61, 116]	-
A6NHJ4	[216, 433]	Classic Zinc Finger
A6NHJ4	[452, 624]	Classic Zinc Finger
A6NNM8	[80, 116]	No_Gene3D_overlap
A6NNM8	[675, 744]	No_Gene3D_overlap
O95201	[306, 527]	Classic Zinc Finger
P31152	[429, 449]	No_Gene3D_overlap
P36406	[269, 287]	No_Gene3D_overlap
Q12772	[926, 960]	No_Gene3D_overlap
Q15696	[160, 226]	-
Q3KP31	[88, 420]	Classic Zinc Finger
Q3KP31	[431, 575]	Classic Zinc Finger
Q502W6	[431, 452]	No_Gene3D_overlap
Q502W6	[1140, 1160]	No_Gene3D_overlap
Q6NX49	[133, 153]	No_Gene3D_overlap
Q6NX49	[201, 250]	No_Gene3D_overlap
Q6NX49	[260, 709]	Classic Zinc Finger
Q6PJ21	[61, 104]	No_Gene3D_overlap
Q6PJ21	[248, 295]	-
Q6WN34	[26, 180]	Complement Module, domain 1
Q6WN34	[240, 349]	Complement Module, domain 1
Q86TG7	[86, 101]	No_Gene3D_overlap
Q86TG7	[279, 309]	No_Gene3D_overlap
Q8IYF3	[0, 15]	No_Gene3D_overlap
Q8N1A0	[246, 280]	No_Gene3D_overlap
Q8N2Y8	[275, 291]	No_Gene3D_overlap
Q8N2Y8	[352, 406]	No_Gene3D_overlap
Q8N3X6	[24, 105]	No_Gene3D_overlap
Q8N961	[48, 92]	No_Gene3D_overlap
Q9NR48	[195, 226]	No_Gene3D_overlap
Q9NR48	[1783, 1807]	No_Gene3D_overlap
Q9P273	[61, 92]	No_Gene3D_overlap
Q9P273	[511, 833]	Laminin
Q9P273	[1144, 1167]	No_Gene3D_overlap
Q9Y5G2	[726, 800]	No_Gene3D_overlap
B2RUY7	[41, 221]	-
O60304	[324, 452]	Classic Zinc Finger
P0C869	[163, 193]	No_Gene3D_overlap
P0CG39	[23, 87]	No_Gene3D_overlap
Q14147	[815, 873]	No_Gene3D_overlap
Q14147	[1026, 1142]	No_Gene3D_overlap
Q6EMB2	[627, 656]	No_Gene3D_overlap
Q7L945	[139, 451]	Classic Zinc Finger
Q86SE9	[225, 241]	Phosphatidylinositol 3-kinase Catalytic Subunit; Chain A, domain 1
Q8NAP3	[131, 147]	Potassium Channel Kv1.1; Chain A
Q8NAP3	[835, 852]	No_Gene3D_overlap
Q8NF99	[247, 533]	Classic Zinc Finger
Q8WVD3	[152, 235]	No_Gene3D_overlap
Q9NZ09	[219, 235]	No_Gene3D_overlap
Q9P2E7	[741, 764]	No_Gene3D_overlap
Q9P2E7	[808, 847]	No_Gene3D_overlap
Q9UJQ4	[65, 96]	No_Gene3D_overlap
Q9UJQ4	[317, 340]	No_Gene3D_overlap
Q9Y577	[264, 287]	No_Gene3D_overlap
A6NJL1	[350, 493]	Classic Zinc Finger
O60284	[374, 431]	-
P17097	[146, 163]	No_Gene3D_overlap
P17097	[173, 594]	Classic Zinc Finger
Q8NHY3	[552, 573]	No_Gene3D_overlap
Q8NHY3	[596, 640]	No_Gene3D_overlap
Q8TF30	[158, 181]	No_Gene3D_overlap
Q8TF30	[424, 481]	No_Gene3D_overlap
Q9HD90	[149, 211]	No_Gene3D_overlap
Q9NQV8	[141, 183]	No_Gene3D_overlap
Q9NV58	[525, 543]	No_Gene3D_overlap
A6NC05	[93, 137]	Glutaredoxin
A7KAX9	[74, 110]	No_Gene3D_overlap
O43246	[0, 20]	No_Gene3D_overlap
O95622	[864, 895]	No_Gene3D_overlap
P41221	[154, 170]	No_Gene3D_overlap
Q5NE16	[173, 203]	No_Gene3D_overlap
Q86VD1	[508, 554]	-
Q8NDM7	[883, 910]	No_Gene3D_overlap
Q8WVD5	[136, 229]	Zinc/RING finger domain, C3HC4 (zinc finger)
Q96JM7	[85, 153]	No_Gene3D_overlap
Q96M20	[525, 550]	No_Gene3D_overlap
Q9BZB8	[0, 48]	No_Gene3D_overlap
Q9BZB8	[265, 303]	No_Gene3D_overlap
Q9HCB6	[389, 420]	No_Gene3D_overlap
Q9HCB6	[440, 732]	Thrombospondin type-1 (TSP1) repeat
Q9NZB8	[415, 434]	No_Gene3D_overlap
Q9UHX1	[99, 115]	-
Q9UN67	[727, 762]	No_Gene3D_overlap
A0A087X1G2	[467, 500]	No_Gene3D_overlap
B6SEH8	[96, 199]	No_Gene3D_overlap
O00339	[249, 646]	Laminin
O00339	[864, 885]	No_Gene3D_overlap
O43314	[1082, 1115]	No_Gene3D_overlap
Q13360	[259, 480]	Classic Zinc Finger
Q7LBC6	[891, 930]	No_Gene3D_overlap
Q7LBC6	[1104, 1136]	No_Gene3D_overlap
Q8N5V2	[662, 691]	SH3 Domains
Q96C28	[156, 369]	Classic Zinc Finger
Q9P0U4	[166, 220]	No_Gene3D_overlap
Q9P0U4	[379, 409]	No_Gene3D_overlap
Q9P0U4	[474, 588]	No_Gene3D_overlap
Q9Y6K1	[484, 553]	No_Gene3D_overlap
O95397	[0, 72]	No_Gene3D_overlap
P29322	[906, 941]	Transcription Factor, Ets-1
P35453	[180, 195]	No_Gene3D_overlap
P51814	[123, 160]	No_Gene3D_overlap
P51814	[294, 815]	Classic Zinc Finger
Q00266	[0, 17]	No_Gene3D_overlap
Q08AN1	[141, 773]	Classic Zinc Finger
Q15058	[1230, 1250]	No_Gene3D_overlap
Q66LE6	[0, 20]	No_Gene3D_overlap
Q76LX8	[9, 45]	No_Gene3D_overlap
Q76LX8	[258, 566]	Thrombospondin type-1 (TSP1) repeat
Q76LX8	[894, 958]	Thrombospondin type-1 (TSP1) repeat
Q76LX8	[974, 1128]	Thrombospondin type-1 (TSP1) repeat
Q7Z6G8	[332, 359]	No_Gene3D_overlap
Q7Z6G8	[710, 738]	No_Gene3D_overlap
Q8HWS3	[14, 46]	No_Gene3D_overlap
Q8IWI9	[1000, 1099]	No_Gene3D_overlap
Q96N58	[80, 104]	No_Gene3D_overlap
Q96N58	[221, 589]	Classic Zinc Finger
Q96PE6	[158, 470]	Classic Zinc Finger
Q9C0D7	[392, 439]	-
Q9C0D7	[797, 832]	No_Gene3D_overlap
Q9H0X6	[215, 260]	No_Gene3D_overlap
Q9H9B1	[242, 264]	No_Gene3D_overlap
Q9H9B1	[512, 638]	No_Gene3D_overlap
Q9NX65	[213, 252]	No_Gene3D_overlap
Q9NX65	[314, 340]	Homeodomain-like
Q9NX65	[483, 688]	Classic Zinc Finger
Q9P272	[163, 241]	Vaccinia Virus protein VP39
Q9UKT4	[38, 114]	No_Gene3D_overlap
Q9UKT4	[162, 213]	No_Gene3D_overlap
Q9Y2D9	[350, 498]	Classic Zinc Finger
Q9Y493	[1043, 1151]	Laminin
Q9Y493	[1287, 1305]	No_Gene3D_overlap
Q9Y493	[1326, 1551]	Laminin
Q9Y493	[1675, 1910]	Laminin
Q9Y493	[2126, 2340]	Laminin
Q9Y493	[2498, 2744]	Laminin
P04150	[268, 329]	No_Gene3D_overlap
P04150	[352, 372]	No_Gene3D_overlap
P27918	[31, 214]	Thrombospondin type-1 (TSP1) repeat
P27918	[235, 458]	Thrombospondin type-1 (TSP1) repeat
P28908	[236, 313]	No_Gene3D_overlap
P46100	[158, 242]	Zinc/RING finger domain, C3HC4 (zinc finger)
P51864	[68, 174]	Laminin
Q03591	[100, 274]	Complement Module, domain 1
Q6H9L7	[318, 529]	Thrombospondin type-1 (TSP1) repeat
Q6ZV73	[95, 141]	No_Gene3D_overlap
Q6ZV73	[620, 644]	No_Gene3D_overlap
Q7L513	[30, 58]	No_Gene3D_overlap
Q8NEM2	[29, 61]	No_Gene3D_overlap
Q8NEM2	[561, 624]	Single-stranded right-handed beta-helix, Pectin lyase-like
Q96NI8	[124, 182]	No_Gene3D_overlap
Q96NI8	[200, 526]	Classic Zinc Finger
Q96RT8	[657, 680]	No_Gene3D_overlap
Q9BXL6	[787, 821]	SH3 Domains
Q9NXC5	[728, 872]	No_Gene3D_overlap
B4DSL7	[34, 70]	Homeodomain-like
B4DSL7	[118, 186]	Homeodomain-like
O15018	[2293, 2344]	No_Gene3D_overlap
O60290	[230, 326]	No_Gene3D_overlap
O75426	[472, 492]	Regulator of chromosome condensation 1/beta-lactamase-inhibitor protein II
O75426	[508, 532]	No_Gene3D_overlap
O75446	[89, 108]	No_Gene3D_overlap
P22830	[392, 422]	-
P31273	[11, 48]	No_Gene3D_overlap
Q504T8	[305, 325]	No_Gene3D_overlap
Q5JSL3	[139, 168]	Pleckstrin-homology domain (PH domain)/Phosphotyrosine-binding domain (PTB)
Q5JSL3	[495, 518]	No_Gene3D_overlap
Q5JSL3	[1865, 1920]	-
Q5JSL3	[2047, 2072]	No_Gene3D_overlap
Q8N145	[1, 60]	Ribonuclease Inhibitor
Q8N157	[935, 955]	No_Gene3D_overlap
Q8N157	[987, 1005]	No_Gene3D_overlap
Q8NEM1	[314, 526]	Classic Zinc Finger
Q9NX45	[174, 207]	Helix-loop-helix DNA-binding domain
Q9NX45	[268, 288]	No_Gene3D_overlap
B6SEH9	[96, 197]	No_Gene3D_overlap
O15061	[1220, 1267]	No_Gene3D_overlap
O75437	[117, 386]	Classic Zinc Finger
O75437	[402, 611]	Classic Zinc Finger
O94985	[300, 342]	-
P15036	[42, 81]	Transcription Factor, Ets-1
P29279	[20, 341]	Thrombospondin type-1 (TSP1) repeat
Q1RMZ1	[78, 116]	No_Gene3D_overlap
Q1RMZ1	[340, 367]	Vaccinia Virus protein VP39
Q2M218	[159, 199]	No_Gene3D_overlap
Q2M218	[212, 656]	Classic Zinc Finger
Q495W5	[91, 117]	No_Gene3D_overlap
Q53EP0	[47, 62]	No_Gene3D_overlap
Q6ZVD8	[15, 39]	No_Gene3D_overlap
Q6ZVD8	[1033, 1053]	PPM-type phosphatase domain
Q8N7W2	[162, 188]	No_Gene3D_overlap
Q8NB90	[277, 300]	No_Gene3D_overlap
Q9GZQ4	[354, 382]	No_Gene3D_overlap
Q9H5H4	[264, 535]	Classic Zinc Finger
Q9H8M2	[272, 297]	No_Gene3D_overlap
Q9NZA1	[126, 169]	Glutaredoxin
Q9P0X4	[57, 75]	Voltage-gated potassium channels. Chain C
Q9P0X4	[1787, 1853]	No_Gene3D_overlap
Q9UHC3	[236, 284]	acid-sensing ion channel 1 domain
Q9UJV3	[708, 732]	No_Gene3D_overlap
A6NK97	[80, 108]	No_Gene3D_overlap
P20930	[4002, 4051]	No_Gene3D_overlap
Q08211	[601, 625]	P-loop containing nucleotide triphosphate hydrolases
Q2KJY2	[421, 444]	Kinesin motor domain
Q2KJY2	[1248, 1268]	No_Gene3D_overlap
Q2KJY2	[1284, 1333]	No_Gene3D_overlap
Q2KJY2	[1351, 1398]	No_Gene3D_overlap
Q7Z401	[1433, 1506]	No_Gene3D_overlap
Q7Z401	[1832, 1862]	No_Gene3D_overlap
Q8WUJ1	[164, 227]	No_Gene3D_overlap
Q92736	[1319, 1347]	No_Gene3D_overlap
Q92736	[1954, 2022]	No_Gene3D_overlap
Q9UKL3	[36, 75]	No_Gene3D_overlap
Q9UKL3	[1628, 1659]	No_Gene3D_overlap
Q9UKL3	[1700, 1740]	No_Gene3D_overlap
A6NJT0	[52, 68]	No_Gene3D_overlap
O14498	[322, 387]	Immunoglobulins
O75467	[244, 506]	Classic Zinc Finger
P0CG31	[70, 168]	No_Gene3D_overlap
P0CG31	[234, 521]	Classic Zinc Finger
P53582	[0, 38]	No_Gene3D_overlap
Q0D2J5	[95, 393]	Classic Zinc Finger
Q12805	[151, 385]	Laminin
Q14590	[86, 122]	No_Gene3D_overlap
Q14590	[183, 231]	No_Gene3D_overlap
Q14590	[307, 737]	Classic Zinc Finger
Q16659	[412, 476]	No_Gene3D_overlap
Q16659	[580, 636]	No_Gene3D_overlap
Q5T200	[1576, 1610]	No_Gene3D_overlap
Q6NSJ2	[347, 385]	No_Gene3D_overlap
Q6NSJ2	[429, 466]	No_Gene3D_overlap
Q6NSJ2	[508, 547]	Pleckstrin-homology domain (PH domain)/Phosphotyrosine-binding domain (PTB)
Q6ZMU5	[1, 145]	Zinc/RING finger domain, C3HC4 (zinc finger)
Q8IV35	[3, 21]	No_Gene3D_overlap
Q8IW93	[693, 731]	SH3 Domains
Q8IZD9	[1782, 1807]	No_Gene3D_overlap
Q8N2Q7	[762, 808]	No_Gene3D_overlap
Q8N5U6	[527, 596]	No_Gene3D_overlap
Q8NI51	[120, 149]	No_Gene3D_overlap
Q8NI51	[251, 445]	Classic Zinc Finger
Q92618	[23, 88]	Classic Zinc Finger
Q92618	[166, 302]	Classic Zinc Finger
Q92618	[355, 433]	No_Gene3D_overlap
Q92618	[515, 537]	No_Gene3D_overlap
Q92932	[37, 69]	No_Gene3D_overlap
Q96IT1	[402, 489]	Classic Zinc Finger
Q96K21	[416, 456]	No_Gene3D_overlap
Q9BUR4	[500, 522]	No_Gene3D_overlap
Q9BWT7	[581, 598]	No_Gene3D_overlap
Q9BWT7	[637, 678]	No_Gene3D_overlap
Q9BZ95	[697, 866]	Zinc/RING finger domain, C3HC4 (zinc finger)
Q9H665	[16, 92]	No_Gene3D_overlap
Q9Y2L8	[340, 463]	Classic Zinc Finger
Q9Y2L8	[542, 664]	Classic Zinc Finger
Q9Y2L8	[710, 831]	Classic Zinc Finger
Q9Y4K1	[1381, 1399]	No_Gene3D_overlap
A0A494C071	[705, 720]	No_Gene3D_overlap
A6NDS4	[467, 500]	No_Gene3D_overlap
A6NHR9	[1868, 1899]	No_Gene3D_overlap
A8MX76	[22, 62]	No_Gene3D_overlap
B1APH4	[83, 206]	Classic Zinc Finger
P29144	[962, 977]	No_Gene3D_overlap
P48050	[335, 381]	G protein-activated inward rectifier potassium channel 1
P57723	[214, 248]	K Homology domain, type 1
Q7KYR7	[511, 526]	No_Gene3D_overlap
Q86XS5	[55, 83]	No_Gene3D_overlap
Q99687	[57, 84]	No_Gene3D_overlap
Q99687	[164, 200]	No_Gene3D_overlap
Q9H6R4	[263, 281]	No_Gene3D_overlap
Q9HBT8	[233, 520]	Classic Zinc Finger
A0A1W2PPK0	[83, 166]	No_Gene3D_overlap
A0A1W2PPK0	[222, 289]	No_Gene3D_overlap
A6NE52	[886, 921]	No_Gene3D_overlap
A6NE52	[1000, 1037]	No_Gene3D_overlap
A6NE52	[1435, 1452]	No_Gene3D_overlap
A6NE52	[1473, 1498]	No_Gene3D_overlap
A6NNA5	[147, 218]	No_Gene3D_overlap
A8MW95	[100, 117]	No_Gene3D_overlap
P01266	[25, 192]	Thyroglobulin type-1
P01266	[597, 776]	Thyroglobulin type-1
P01266	[1000, 1290]	Thyroglobulin type-1
P01266	[1448, 1672]	Tumor Necrosis Factor Receptor, subunit A, domain 2
P01266	[1884, 1899]	No_Gene3D_overlap
P01266	[1925, 1941]	No_Gene3D_overlap
P21728	[409, 437]	No_Gene3D_overlap
P47712	[714, 740]	No_Gene3D_overlap
P78527	[4091, 4127]	No_Gene3D_overlap
Q04759	[294, 338]	-
Q13127	[46, 73]	No_Gene3D_overlap
Q13127	[213, 423]	Classic Zinc Finger
Q14587	[181, 198]	No_Gene3D_overlap
Q14587	[218, 453]	Classic Zinc Finger
Q14587	[494, 789]	Classic Zinc Finger
Q14587	[828, 946]	Classic Zinc Finger
Q68D51	[6, 60]	No_Gene3D_overlap
Q68D51	[110, 220]	No_Gene3D_overlap
Q6L9W6	[334, 398]	No_Gene3D_overlap
Q6UXI9	[29, 190]	Laminin
Q8IX30	[16, 338]	Laminin
Q8IX30	[353, 441]	Laminin
Q8IX30	[474, 538]	No_Gene3D_overlap
Q8IX30	[548, 580]	No_Gene3D_overlap
Q8IX30	[625, 819]	Tumor Necrosis Factor Receptor, subunit A, domain 2
Q8TED4	[270, 287]	MFS general substrate transporter like domains
Q9H0J9	[460, 487]	-
Q9H8G1	[142, 161]	No_Gene3D_overlap
Q9H8G1	[246, 379]	Classic Zinc Finger
Q9H8G1	[400, 567]	Classic Zinc Finger
A5PLL1	[165, 199]	Ankyrin repeat-containing domain
O94966	[198, 226]	-
O95071	[676, 708]	No_Gene3D_overlap
O95071	[920, 941]	No_Gene3D_overlap
O95071	[1157, 1245]	No_Gene3D_overlap
O95071	[2094, 2116]	No_Gene3D_overlap
P0DTL4	[99, 133]	CD59
P17030	[106, 449]	Classic Zinc Finger
P26927	[46, 481]	Hepatocyte Growth Factor
Q5H8C1	[203, 231]	No_Gene3D_overlap
Q5H8C1	[980, 999]	No_Gene3D_overlap
Q5H8C1	[1848, 1873]	-
Q6AWC2	[638, 683]	No_Gene3D_overlap
Q6PG37	[65, 89]	No_Gene3D_overlap
Q6PG37	[183, 612]	Classic Zinc Finger
Q7L2R6	[56, 93]	-
Q7L2R6	[118, 162]	No_Gene3D_overlap
Q7L2R6	[205, 522]	Classic Zinc Finger
Q7Z6Z7	[2623, 2681]	No_Gene3D_overlap
Q7Z6Z7	[3295, 3311]	No_Gene3D_overlap
Q7Z6Z7	[3325, 3401]	No_Gene3D_overlap
Q86XR8	[275, 294]	No_Gene3D_overlap
Q86XR8	[316, 333]	No_Gene3D_overlap
Q8WW38	[505, 582]	No_Gene3D_overlap
Q8WW38	[681, 888]	No_Gene3D_overlap
Q8WW38	[1118, 1150]	No_Gene3D_overlap
Q96C55	[111, 218]	Classic Zinc Finger
Q96S15	[708, 745]	No_Gene3D_overlap
Q96S15	[773, 789]	No_Gene3D_overlap
Q9Y462	[301, 758]	Classic Zinc Finger
A0A1B0GTW7	[122, 154]	No_Gene3D_overlap
A0A1B0GTW7	[462, 572]	No_Gene3D_overlap
O60318	[617, 651]	No_Gene3D_overlap
O60318	[1255, 1286]	No_Gene3D_overlap
O60318	[1809, 1875]	No_Gene3D_overlap
O75815	[420, 457]	No_Gene3D_overlap
P01008	[8, 57]	No_Gene3D_overlap
P17017	[49, 83]	-
P17017	[93, 641]	Classic Zinc Finger
P22891	[81, 187]	Coagulation Factor IX
P30622	[1408, 1437]	No_Gene3D_overlap
Q13330	[384, 431]	No_Gene3D_overlap
Q13330	[470, 539]	No_Gene3D_overlap
Q15649	[122, 154]	No_Gene3D_overlap
Q5SQN1	[360, 378]	No_Gene3D_overlap
Q6UVJ0	[539, 557]	No_Gene3D_overlap
Q8IUH4	[20, 51]	Ankyrin repeat-containing domain
Q8IUH4	[424, 441]	No_Gene3D_overlap
Q8NB59	[383, 413]	C2 domain
Q96F45	[424, 448]	No_Gene3D_overlap
Q96JA1	[889, 947]	No_Gene3D_overlap
Q9BZ81	[241, 274]	MAGE homology domain, winged helix WH2 motif
Q9NR61	[176, 529]	Laminin
Q9NR61	[655, 684]	No_Gene3D_overlap
Q9P212	[68, 161]	No_Gene3D_overlap
Q9P212	[205, 323]	No_Gene3D_overlap
Q9UF56	[98, 150]	No_Gene3D_overlap
Q9UGL1	[299, 372]	Cupin
Q9UGL1	[1322, 1351]	No_Gene3D_overlap
Q9ULD5	[640, 830]	Classic Zinc Finger
Q9Y217	[554, 578]	No_Gene3D_overlap
Q9Y603	[177, 216]	No_Gene3D_overlap
Q9Y6X8	[734, 750]	No_Gene3D_overlap
A6NNF4	[104, 351]	Classic Zinc Finger
A6NNF4	[370, 615]	Classic Zinc Finger
P46020	[597, 612]	No_Gene3D_overlap
P46020	[625, 651]	No_Gene3D_overlap
P46020	[1172, 1190]	No_Gene3D_overlap
Q5VT25	[390, 439]	No_Gene3D_overlap
Q6P2P2	[554, 573]	No_Gene3D_overlap
Q6S5H5	[86, 114]	No_Gene3D_overlap
Q70Z35	[908, 951]	No_Gene3D_overlap
Q86UP3	[232, 272]	No_Gene3D_overlap
Q86UP3	[963, 997]	No_Gene3D_overlap
Q86UP3	[2055, 2077]	No_Gene3D_overlap
Q86UP3	[2255, 2290]	No_Gene3D_overlap
Q86UP3	[2616, 2652]	Homeodomain-like
Q86UP3	[2940, 2974]	Homeodomain-like
Q86UP3	[3349, 3421]	No_Gene3D_overlap
Q8IXH8	[671, 698]	No_Gene3D_overlap
Q96BR9	[275, 385]	Classic Zinc Finger
Q96NK8	[170, 191]	No_Gene3D_overlap
Q9BZF2	[183, 221]	No_Gene3D_overlap
Q9BZF2	[470, 491]	No_Gene3D_overlap
Q9HAH1	[129, 332]	Classic Zinc Finger
Q9NXL2	[648, 669]	SH3 Domains
Q9UKB1	[0, 77]	-
O14770	[85, 124]	No_Gene3D_overlap
O43295	[695, 716]	Rho GTPase activation protein
O75143	[235, 251]	No_Gene3D_overlap
O76013	[82, 106]	No_Gene3D_overlap
P07357	[24, 173]	Thrombospondin type-1 (TSP1) repeat
P07357	[388, 410]	No_Gene3D_overlap
P07357	[492, 562]	Thrombospondin type-1 (TSP1) repeat
P17405	[214, 248]	No_Gene3D_overlap
P17405	[578, 630]	No_Gene3D_overlap
Q13472	[805, 941]	No_Gene3D_overlap
Q86Z02	[120, 142]	No_Gene3D_overlap
Q86Z02	[659, 683]	No_Gene3D_overlap
Q86Z02	[724, 742]	No_Gene3D_overlap
Q8IYW5	[299, 337]	No_Gene3D_overlap
Q8N6C5	[1238, 1258]	Immunoglobulins
Q8NE65	[142, 157]	No_Gene3D_overlap
Q8NE65	[246, 331]	Classic Zinc Finger
Q8WZ75	[901, 964]	No_Gene3D_overlap
Q96GS6	[0, 25]	No_Gene3D_overlap
Q96JJ6	[29, 53]	No_Gene3D_overlap
Q96Q40	[0, 59]	No_Gene3D_overlap
Q9H8L6	[116, 136]	No_Gene3D_overlap
Q9H8L6	[696, 734]	No_Gene3D_overlap
Q9NQZ3	[519, 542]	No_Gene3D_overlap
O14646	[1170, 1190]	No_Gene3D_overlap
O14646	[1409, 1446]	No_Gene3D_overlap
O75840	[94, 126]	No_Gene3D_overlap
O75840	[211, 301]	Classic Zinc Finger
P14222	[29, 123]	No_Gene3D_overlap
P14222	[270, 312]	No_Gene3D_overlap
P14222	[372, 412]	C2 domain
P14222	[528, 554]	C2 domain
P82279	[22, 475]	Laminin
P82279	[872, 950]	Laminin
P82279	[1137, 1350]	Laminin
Q02413	[609, 638]	No_Gene3D_overlap
Q02846	[436, 454]	No_Gene3D_overlap
Q13443	[350, 677]	Collagenase (Catalytic Domain)
Q149M9	[0, 18]	No_Gene3D_overlap
Q2Q1W2	[0, 22]	No_Gene3D_overlap
Q58A45	[31, 75]	No_Gene3D_overlap
Q5SWL8	[135, 153]	No_Gene3D_overlap
Q5SWL8	[446, 476]	No_Gene3D_overlap
Q5TAX3	[278, 323]	No_Gene3D_overlap
Q5TAX3	[909, 942]	No_Gene3D_overlap
Q6GV28	[163, 188]	-
Q8NCN2	[403, 467]	Classic Zinc Finger
Q8TAF7	[198, 548]	Classic Zinc Finger
Q92765	[138, 192]	-
Q96BV0	[269, 379]	Classic Zinc Finger
Q96BV0	[439, 522]	Classic Zinc Finger
Q96LX8	[170, 269]	Classic Zinc Finger
Q96LX8	[324, 423]	Classic Zinc Finger
Q99728	[548, 566]	Ankyrin repeat-containing domain
Q9H3Q3	[349, 368]	No_Gene3D_overlap
Q9HAR2	[1210, 1237]	No_Gene3D_overlap
Q9NSA2	[452, 500]	No_Gene3D_overlap
Q9UBX5	[99, 341]	Laminin
Q9UKF5	[384, 561]	Disintegrin domain
Q9UKF5	[624, 654]	No_Gene3D_overlap
A0ABJ7H351	[396, 433]	Zinc/RING finger domain, C3HC4 (zinc finger)
O15265	[105, 141]	No_Gene3D_overlap
O15265	[510, 530]	No_Gene3D_overlap
O75173	[322, 689]	Collagenase (Catalytic Domain)
O75604	[159, 208]	No_Gene3D_overlap
P17028	[219, 367]	Classic Zinc Finger
P23743	[218, 293]	-
P23743	[314, 334]	-
P46531	[24, 1565]	Laminin
P49757	[166, 198]	Pleckstrin-homology domain (PH domain)/Phosphotyrosine-binding domain (PTB)
P55201	[0, 45]	No_Gene3D_overlap
P56159	[21, 100]	No_Gene3D_overlap
P56159	[147, 281]	GDNF binding domain
P58107	[1128, 1153]	No_Gene3D_overlap
Q17R98	[785, 836]	Classic Zinc Finger
Q5EBM4	[94, 169]	Classic Zinc Finger
Q5T700	[59, 204]	Low-density Lipoprotein Receptor
Q5VWM4	[115, 144]	No_Gene3D_overlap
Q6NUJ1	[161, 183]	Saposin-like
Q6NUJ1	[456, 519]	Saposin-like
Q6XE24	[353, 370]	No_Gene3D_overlap
Q7Z7M0	[557, 656]	Kelch-type beta propeller
Q7Z7M0	[846, 1278]	Laminin
Q7Z7M0	[1872, 2467]	Kelch-type beta propeller
Q86TB3	[330, 391]	No_Gene3D_overlap
Q8N8J6	[90, 115]	No_Gene3D_overlap
Q8N8J6	[176, 730]	Classic Zinc Finger
Q96S59	[641, 728]	No_Gene3D_overlap
Q9BYK8	[15, 48]	No_Gene3D_overlap
Q9BYK8	[84, 115]	No_Gene3D_overlap
Q9BYK8	[164, 258]	No_Gene3D_overlap
Q9BYK8	[280, 359]	No_Gene3D_overlap
Q9NPC7	[295, 521]	Classic Zinc Finger
Q9NYQ6	[1336, 1426]	Laminin
Q9NYQ6	[1859, 2098]	Tie2 ligand-binding domain superfamily
Q9P0J7	[0, 142]	-
A8MT65	[203, 543]	Classic Zinc Finger
P05156	[155, 326]	Low-density Lipoprotein Receptor
P24928	[138, 158]	No_Gene3D_overlap
P59817	[286, 362]	No_Gene3D_overlap
Q14457	[10, 45]	No_Gene3D_overlap
Q2TBF2	[180, 220]	No_Gene3D_overlap
Q2TBF2	[231, 266]	No_Gene3D_overlap
Q2TBF2	[290, 310]	No_Gene3D_overlap
Q6P2S7	[1141, 1167]	No_Gene3D_overlap
Q6PIU1	[19, 37]	No_Gene3D_overlap
Q7Z3H4	[281, 307]	No_Gene3D_overlap
Q86YS3	[264, 294]	No_Gene3D_overlap
Q8NA19	[356, 427]	-
Q8TF45	[74, 670]	Classic Zinc Finger
Q96JC4	[85, 523]	Classic Zinc Finger
Q9NR09	[958, 975]	No_Gene3D_overlap
Q9NR09	[1236, 1264]	No_Gene3D_overlap
Q9NR09	[1519, 1570]	No_Gene3D_overlap
Q9NR09	[3647, 3687]	No_Gene3D_overlap
Q9NR09	[4015, 4065]	No_Gene3D_overlap
Q9NR09	[4415, 4455]	No_Gene3D_overlap
Q9P0N8	[0, 28]	No_Gene3D_overlap
Q9Y561	[383, 479]	Low-density Lipoprotein Receptor
E9PB15	[13, 44]	No_Gene3D_overlap
O75346	[102, 487]	Classic Zinc Finger
P09919	[7, 25]	No_Gene3D_overlap
Q13470	[599, 624]	No_Gene3D_overlap
Q15652	[1704, 1750]	No_Gene3D_overlap
Q15652	[1927, 1968]	No_Gene3D_overlap
Q2M3D2	[441, 472]	No_Gene3D_overlap
Q6IN84	[119, 138]	-
Q6ZMS4	[149, 495]	Classic Zinc Finger
Q8N2C3	[166, 182]	No_Gene3D_overlap
Q8N6Q8	[388, 405]	No_Gene3D_overlap
Q8WXK3	[0, 19]	Ankyrin repeat-containing domain
Q96D03	[7, 34]	No_Gene3D_overlap
Q96PY6	[1044, 1064]	No_Gene3D_overlap
Q9P2K8	[254, 269]	No_Gene3D_overlap
Q9UNA0	[542, 646]	-
Q9Y6D5	[25, 77]	No_Gene3D_overlap
O14668	[0, 17]	No_Gene3D_overlap
P0CG24	[0, 378]	Classic Zinc Finger
P29122	[687, 968]	Hormone Receptor, Insulin-like Growth Factor Receptor 1; Chain A, domain 2
P40967	[511, 553]	No_Gene3D_overlap
Q52WX2	[2, 33]	No_Gene3D_overlap
Q6N043	[237, 255]	No_Gene3D_overlap
Q6N043	[344, 508]	Classic Zinc Finger
Q6N043	[615, 740]	No_Gene3D_overlap
Q6ZUX3	[464, 493]	Leucine-rich Repeat Variant
Q8IWZ5	[0, 101]	No_Gene3D_overlap
Q8IWZ5	[136, 170]	No_Gene3D_overlap
Q8IWZ5	[533, 566]	No_Gene3D_overlap
Q8N7M2	[0, 29]	No_Gene3D_overlap
Q8N7M2	[49, 65]	No_Gene3D_overlap
Q8N7M2	[186, 328]	Classic Zinc Finger
Q8N7M2	[395, 669]	Classic Zinc Finger
Q8TAB3	[701, 758]	No_Gene3D_overlap
Q8TC36	[62, 79]	No_Gene3D_overlap
Q92752	[113, 341]	Immunoglobulins
Q969K3	[0, 16]	No_Gene3D_overlap
Q96GP6	[49, 446]	Tie2 ligand-binding domain superfamily
Q96JG9	[3425, 3441]	No_Gene3D_overlap
Q96JL9	[295, 644]	Classic Zinc Finger
Q96T25	[404, 553]	Classic Zinc Finger
Q9BPZ7	[10, 41]	No_Gene3D_overlap
Q9BPZ7	[137, 160]	No_Gene3D_overlap
Q9NPY3	[119, 468]	Laminin
Q9NQX6	[84, 101]	No_Gene3D_overlap
Q9NQX6	[121, 462]	Classic Zinc Finger
B4DX44	[104, 293]	Classic Zinc Finger
B4DX44	[305, 411]	Classic Zinc Finger
O43474	[422, 512]	Classic Zinc Finger
O75626	[563, 695]	Classic Zinc Finger
O94762	[975, 990]	No_Gene3D_overlap
O95231	[198, 218]	No_Gene3D_overlap
P27352	[284, 304]	-
P31629	[180, 247]	Classic Zinc Finger
P31629	[649, 668]	No_Gene3D_overlap
P31629	[1797, 1875]	Classic Zinc Finger
P42345	[291, 327]	No_Gene3D_overlap
P54793	[557, 583]	Alkaline Phosphatase, subunit A
Q10570	[449, 501]	No_Gene3D_overlap
Q14246	[22, 343]	Laminin
Q15072	[5, 192]	Classic Zinc Finger
Q15072	[211, 291]	Classic Zinc Finger
Q15858	[682, 701]	No_Gene3D_overlap
Q15858	[1150, 1183]	No_Gene3D_overlap
Q5XUX0	[441, 473]	No_Gene3D_overlap
Q8N6M6	[40, 104]	No_Gene3D_overlap
Q8N6M6	[125, 147]	tricorn interacting facor f3 domain
Q8WTR7	[15, 44]	No_Gene3D_overlap
Q8WTR7	[311, 870]	Classic Zinc Finger
Q9BS86	[238, 255]	No_Gene3D_overlap
Q9BS86	[299, 350]	No_Gene3D_overlap
Q9Y6W6	[13, 84]	No_Gene3D_overlap
O14863	[411, 428]	No_Gene3D_overlap
O15015	[567, 592]	No_Gene3D_overlap
Q05C16	[39, 85]	No_Gene3D_overlap
Q14145	[1, 49]	Potassium Channel Kv1.1; Chain A
Q5T8I9	[315, 340]	No_Gene3D_overlap
Q6P3V2	[82, 136]	Classic Zinc Finger
Q6P3V2	[167, 399]	Classic Zinc Finger
Q6P3V2	[427, 767]	Classic Zinc Finger
Q8N4P6	[58, 90]	No_Gene3D_overlap
Q8N7Q3	[75, 586]	Classic Zinc Finger
Q92616	[1062, 1082]	No_Gene3D_overlap
Q9HC62	[66, 90]	No_Gene3D_overlap
Q9NQV7	[577, 890]	Classic Zinc Finger
Q9UBT3	[29, 104]	No_Gene3D_overlap
Q9Y5F1	[727, 752]	No_Gene3D_overlap
A8K0S8	[57, 83]	No_Gene3D_overlap
O14638	[42, 159]	Alkaline Phosphatase, subunit A
O60449	[612, 651]	Mannose-Binding Protein A, subunit A
O60449	[1491, 1551]	Mannose-Binding Protein A, subunit A
P07225	[55, 286]	Coagulation Factor IX
P08047	[601, 705]	Classic Zinc Finger
P08047	[761, 784]	No_Gene3D_overlap
P12111	[2368, 2400]	von Willebrand factor, type A domain
P15621	[96, 662]	Classic Zinc Finger
P82987	[74, 245]	-
P82987	[380, 454]	Thrombospondin type-1 (TSP1) repeat
P82987	[517, 899]	Thrombospondin type-1 (TSP1) repeat
P82987	[1421, 1690]	Thrombospondin type-1 (TSP1) repeat
Q13368	[315, 349]	SH3 Domains
Q5VT06	[184, 220]	No_Gene3D_overlap
Q6ZT12	[1222, 1268]	No_Gene3D_overlap
Q6ZT12	[1372, 1393]	No_Gene3D_overlap
Q8NHU2	[256, 280]	No_Gene3D_overlap
Q8TAK6	[218, 270]	No_Gene3D_overlap
Q92997	[355, 371]	No_Gene3D_overlap
Q9Y2P7	[127, 626]	Classic Zinc Finger
Q9Y5S1	[684, 718]	No_Gene3D_overlap
A0A096LNW5	[21, 269]	Laminin
O75912	[225, 280]	-
O95164	[97, 116]	Phosphatidylinositol 3-kinase Catalytic Subunit; Chain A, domain 1
O95475	[0, 23]	No_Gene3D_overlap
P10072	[0, 32]	-
P10072	[87, 121]	Classic Zinc Finger
P10072	[138, 180]	No_Gene3D_overlap
P10072	[321, 650]	Classic Zinc Finger
P49910	[267, 484]	Classic Zinc Finger
Q16099	[898, 934]	No_Gene3D_overlap
Q6PJP8	[106, 182]	No_Gene3D_overlap
Q6PJP8	[454, 474]	No_Gene3D_overlap
Q6PJP8	[496, 559]	No_Gene3D_overlap
Q6UY18	[15, 57]	Ribonuclease Inhibitor
Q6W2J9	[14, 40]	No_Gene3D_overlap
Q6W2J9	[66, 90]	No_Gene3D_overlap
Q6W2J9	[1004, 1027]	No_Gene3D_overlap
Q6ZP82	[407, 447]	No_Gene3D_overlap
Q8N1N4	[463, 491]	No_Gene3D_overlap
Q92560	[527, 548]	No_Gene3D_overlap
Q96EY1	[60, 76]	No_Gene3D_overlap
Q96PV6	[287, 312]	No_Gene3D_overlap
Q9H9D4	[347, 629]	Classic Zinc Finger
P08235	[127, 144]	No_Gene3D_overlap
P08235	[434, 451]	No_Gene3D_overlap
P08235	[472, 492]	No_Gene3D_overlap
P20929	[431, 496]	No_Gene3D_overlap
P20929	[677, 770]	No_Gene3D_overlap
P20929	[7316, 7345]	No_Gene3D_overlap
P20929	[7806, 7844]	No_Gene3D_overlap
P46013	[230, 264]	No_Gene3D_overlap
P55199	[59, 154]	No_Gene3D_overlap
P62324	[125, 161]	Anti-proliferative protein, N-terminal domain
P78539	[70, 194]	Complement Module, domain 1
Q5JV73	[1474, 1532]	No_Gene3D_overlap
Q687X5	[0, 17]	No_Gene3D_overlap
Q6ZN54	[237, 305]	-
Q6ZN54	[445, 510]	No_Gene3D_overlap
Q86UE3	[154, 278]	Classic Zinc Finger
Q86UE3	[291, 482]	Classic Zinc Finger
Q86UE3	[518, 835]	Classic Zinc Finger
Q86YV0	[246, 279]	No_Gene3D_overlap
Q8IZP1	[467, 500]	No_Gene3D_overlap
Q8N3C0	[307, 335]	No_Gene3D_overlap
Q9UKA8	[136, 194]	-
Q9Y4P8	[366, 399]	YVTN repeat-like/Quinoprotein amine dehydrogenase
O95405	[97, 188]	No_Gene3D_overlap
P10075	[180, 375]	Classic Zinc Finger
P24394	[317, 368]	No_Gene3D_overlap
P24394	[705, 739]	No_Gene3D_overlap
P52824	[93, 268]	-
P52824	[343, 362]	No_Gene3D_overlap
Q6A162	[2, 114]	No_Gene3D_overlap
Q6A162	[393, 430]	-
Q6PIJ6	[1131, 1149]	No_Gene3D_overlap
Q7Z5J8	[1402, 1423]	No_Gene3D_overlap
Q86XF7	[84, 233]	Classic Zinc Finger
Q8NEK5	[79, 532]	Classic Zinc Finger
Q8TBJ5	[125, 162]	No_Gene3D_overlap
Q8TBJ5	[180, 206]	No_Gene3D_overlap
Q8TBJ5	[270, 431]	Classic Zinc Finger
Q969P5	[313, 354]	No_Gene3D_overlap
Q99944	[92, 200]	Laminin
Q9BX82	[158, 623]	Classic Zinc Finger
Q9NUX5	[303, 369]	No_Gene3D_overlap
Q9Y2G1	[797, 828]	No_Gene3D_overlap
Q9Y2G1	[1013, 1048]	No_Gene3D_overlap
Q9Y2G1	[1062, 1087]	No_Gene3D_overlap
O00300	[24, 199]	Tumor Necrosis Factor Receptor, subunit A, domain 2
O75064	[648, 663]	No_Gene3D_overlap
O75064	[1148, 1202]	No_Gene3D_overlap
O75064	[1229, 1266]	No_Gene3D_overlap
O75064	[1471, 1495]	No_Gene3D_overlap
P48960	[15, 274]	Laminin
P78413	[5, 69]	No_Gene3D_overlap
Q6UVK1	[2305, 2321]	No_Gene3D_overlap
Q8NFM7	[513, 538]	-
Q8NFM7	[548, 604]	No_Gene3D_overlap
Q8NFW9	[758, 779]	No_Gene3D_overlap
Q8TEY5	[17, 89]	No_Gene3D_overlap
Q8TEY5	[101, 211]	No_Gene3D_overlap
Q8WXI2	[564, 580]	Pleckstrin-homology domain (PH domain)/Phosphotyrosine-binding domain (PTB)
Q969W8	[161, 417]	Classic Zinc Finger
Q96LB9	[163, 182]	Peptidoglycan recognition protein-like
Q9H1R2	[156, 186]	No_Gene3D_overlap
Q9H1R2	[200, 232]	No_Gene3D_overlap
Q9H7R0	[110, 625]	Classic Zinc Finger
Q9NR11	[269, 477]	Classic Zinc Finger
Q9Y508	[20, 224]	Zinc/RING finger domain, C3HC4 (zinc finger)
Q9Y5Q5	[235, 475]	Frizzled cysteine-rich domain
Q9Y5Q5	[509, 695]	Low-density Lipoprotein Receptor
H0Y7S4	[128, 144]	No_Gene3D_overlap
H0Y7S4	[453, 477]	No_Gene3D_overlap
O14904	[138, 161]	No_Gene3D_overlap
O14904	[207, 245]	No_Gene3D_overlap
O14983	[0, 27]	Calcium-transporting ATPase, cytoplasmic transduction domain A
O15031	[642, 672]	No_Gene3D_overlap
O15031	[1126, 1152]	No_Gene3D_overlap
O75593	[292, 332]	No_Gene3D_overlap
O95218	[3, 108]	Zinc finger, RanBP2-type
P0DQW0	[47, 97]	Zinc finger, CCCH-type
Q5XX13	[4, 31]	No_Gene3D_overlap
Q5XX13	[813, 849]	No_Gene3D_overlap
Q6UXL0	[269, 304]	No_Gene3D_overlap
Q8TB52	[0, 116]	Zinc/RING finger domain, C3HC4 (zinc finger)
Q8TB52	[334, 353]	No_Gene3D_overlap
Q8TB52	[711, 744]	No_Gene3D_overlap
Q96NE9	[559, 621]	No_Gene3D_overlap
Q9BTE7	[20, 44]	No_Gene3D_overlap
Q9P2D1	[1706, 1723]	No_Gene3D_overlap
Q9UIL8	[187, 221]	No_Gene3D_overlap
Q9Y5E8	[763, 781]	No_Gene3D_overlap
O14944	[37, 62]	Laminin
O43300	[20, 42]	Ribonuclease Inhibitor
O43300	[492, 515]	No_Gene3D_overlap
O94779	[78, 103]	Immunoglobulins
P04035	[433, 454]	HMGR, N-terminal domain
P04035	[868, 886]	No_Gene3D_overlap
P28069	[16, 39]	No_Gene3D_overlap
P31639	[596, 625]	No_Gene3D_overlap
P43243	[279, 339]	No_Gene3D_overlap
Q01546	[488, 510]	-
Q15937	[63, 81]	No_Gene3D_overlap
Q15937	[186, 497]	Classic Zinc Finger
Q6P461	[11, 39]	No_Gene3D_overlap
Q76N89	[1190, 1205]	No_Gene3D_overlap
Q7Z6M4	[13, 73]	No_Gene3D_overlap
Q99726	[371, 386]	No_Gene3D_overlap
Q9BZQ2	[104, 140]	No_Gene3D_overlap
Q9H2G4	[407, 431]	No_Gene3D_overlap
Q9H792	[158, 222]	No_Gene3D_overlap
Q9H792	[273, 318]	No_Gene3D_overlap
Q9H7H0	[385, 437]	No_Gene3D_overlap
Q9HBT7	[331, 758]	Classic Zinc Finger
Q9UIU6	[99, 116]	No_Gene3D_overlap
Q9UL52	[149, 187]	SEA domain
Q9ULM2	[267, 424]	Classic Zinc Finger
Q9ULM2	[459, 523]	Classic Zinc Finger
B2RU33	[39, 126]	No_Gene3D_overlap
O75157	[159, 207]	No_Gene3D_overlap
P18146	[338, 420]	Classic Zinc Finger
P54756	[596, 613]	No_Gene3D_overlap
Q15306	[198, 245]	-
Q5VT97	[279, 355]	No_Gene3D_overlap
Q6UY11	[0, 259]	Laminin
Q8N568	[281, 299]	No_Gene3D_overlap
Q8NG50	[172, 194]	No_Gene3D_overlap
Q8NG50	[249, 271]	No_Gene3D_overlap
Q8NI77	[726, 760]	No_Gene3D_overlap
Q96N38	[42, 58]	No_Gene3D_overlap
Q96N38	[74, 512]	Classic Zinc Finger
Q9H7D0	[1416, 1435]	No_Gene3D_overlap
Q9HC56	[1132, 1151]	No_Gene3D_overlap
Q9P2N4	[532, 663]	-
Q9P2N4	[879, 976]	-
Q9P2N4	[1000, 1286]	Thrombospondin type-1 (TSP1) repeat
Q9P2N4	[1331, 1746]	Thrombospondin type-1 (TSP1) repeat
Q9P2N4	[1797, 1821]	No_Gene3D_overlap
Q9UIH9	[9, 33]	No_Gene3D_overlap
Q9UIH9	[49, 89]	No_Gene3D_overlap
Q9UIH9	[267, 282]	No_Gene3D_overlap
Q9UIH9	[303, 402]	Classic Zinc Finger
Q9Y458	[456, 487]	No_Gene3D_overlap
Q9Y4L5	[4, 94]	No_Gene3D_overlap
O15213	[161, 177]	No_Gene3D_overlap
O15460	[275, 311]	No_Gene3D_overlap
Q15048	[99, 167]	No_Gene3D_overlap
Q6ICH7	[97, 113]	No_Gene3D_overlap
Q6TFL3	[1233, 1252]	No_Gene3D_overlap
Q6UWV2	[207, 234]	No_Gene3D_overlap
Q6UXN8	[16, 52]	No_Gene3D_overlap
Q6UXN8	[88, 119]	Mannose-Binding Protein A, subunit A
Q6UY14	[359, 505]	-
Q6UY14	[664, 820]	Thrombospondin type-1 (TSP1) repeat
Q6UY14	[1024, 1073]	Thrombospondin type-1 (TSP1) repeat
Q86XU0	[200, 573]	Classic Zinc Finger
Q96DN2	[43, 270]	Laminin
Q96DN2	[381, 753]	Complement Module, domain 1
Q96GM8	[444, 472]	No_Gene3D_overlap
Q96QU6	[17, 56]	No_Gene3D_overlap
Q9GZR2	[222, 253]	Ribonuclease H-like superfamily/Ribonuclease H
Q9NUG4	[337, 413]	-
Q9P2N6	[87, 123]	No_Gene3D_overlap
Q9Y3M8	[113, 159]	-
Q9Y6Q1	[5, 26]	No_Gene3D_overlap
A8MW92	[138, 178]	-
O00409	[206, 231]	Winged helix-like DNA-binding domain superfamily/Winged helix DNA-binding domain
O94813	[232, 299]	Ribonuclease Inhibitor
O94813	[450, 529]	Ribonuclease Inhibitor
O94813	[703, 740]	Ribonuclease Inhibitor
O94813	[882, 1150]	Laminin
O94813	[1314, 1528]	-
P16035	[192, 218]	Tissue inhibitor of metalloproteinase-1. Chain B, domain 1
P33981	[457, 503]	No_Gene3D_overlap
P42356	[242, 257]	No_Gene3D_overlap
P52744	[25, 261]	Classic Zinc Finger
Q2VIQ3	[1076, 1123]	No_Gene3D_overlap
Q3SY56	[225, 336]	Classic Zinc Finger
Q53H76	[423, 455]	No_Gene3D_overlap
Q68G74	[64, 84]	Cysteine Rich Protein
Q6W4X9	[199, 394]	Laminin
Q6W4X9	[529, 546]	No_Gene3D_overlap
Q6W4X9	[564, 590]	No_Gene3D_overlap
Q6W4X9	[656, 866]	Laminin
Q6W4X9	[1038, 1059]	No_Gene3D_overlap
Q6W4X9	[1075, 1198]	No_Gene3D_overlap
Q6W4X9	[2348, 2438]	No_Gene3D_overlap
Q6ZSM3	[231, 253]	MFS general substrate transporter like domains
Q7Z2Y8	[2280, 2316]	No_Gene3D_overlap
Q7Z6A9	[225, 252]	No_Gene3D_overlap
Q8IZS8	[963, 999]	No_Gene3D_overlap
Q8N8C0	[0, 122]	Classic Zinc Finger
Q8NI17	[587, 603]	No_Gene3D_overlap
Q969J2	[137, 218]	DNA breaking-rejoining enzymes
Q969J2	[316, 459]	Classic Zinc Finger
Q969J2	[482, 541]	Classic Zinc Finger
Q96AE7	[112, 145]	No_Gene3D_overlap
Q96AE7	[407, 441]	No_Gene3D_overlap
Q96AE7	[793, 839]	No_Gene3D_overlap
Q96AE7	[940, 979]	Tetratricopeptide repeat domain
Q9HBE1	[288, 323]	No_Gene3D_overlap
Q9HBE1	[347, 530]	Classic Zinc Finger
Q9NS15	[54, 139]	Laminin
Q9NS15	[284, 483]	TGF-beta binding (TB) domain
Q9NS15	[571, 1117]	Laminin
Q9NT62	[125, 143]	No_Gene3D_overlap
Q9NYQ8	[3712, 3782]	-
Q9NYQ8	[3930, 4036]	Laminin
Q9Y2G2	[58, 81]	No_Gene3D_overlap
Q9Y2G2	[135, 160]	No_Gene3D_overlap
A4D0S4	[267, 538]	Galactose-binding domain-like
A4D0S4	[695, 1182]	Laminin
A4D0S4	[1359, 1427]	No_Gene3D_overlap
E7ETH6	[198, 401]	Classic Zinc Finger
O75808	[0, 84]	Zinc finger, RanBP2-type
O75808	[337, 450]	Zinc finger, RanBP2-type
O95267	[647, 662]	No_Gene3D_overlap
P19113	[486, 505]	No_Gene3D_overlap
P19113	[538, 571]	No_Gene3D_overlap
P19113	[632, 661]	No_Gene3D_overlap
P35498	[1177, 1208]	No_Gene3D_overlap
P78363	[1167, 1198]	No_Gene3D_overlap
P78363	[1446, 1519]	No_Gene3D_overlap
Q14588	[197, 407]	Classic Zinc Finger
Q14588	[448, 685]	Classic Zinc Finger
Q14CN2	[172, 274]	No_Gene3D_overlap
Q5VT98	[128, 143]	No_Gene3D_overlap
Q5VT98	[450, 474]	No_Gene3D_overlap
Q7L590	[425, 457]	No_Gene3D_overlap
Q7L590	[774, 867]	No_Gene3D_overlap
Q8NFZ5	[402, 428]	No_Gene3D_overlap
Q8WWZ8	[149, 267]	Laminin
Q96QT6	[386, 452]	No_Gene3D_overlap
Q9NS39	[189, 216]	-
Q9NS39	[649, 708]	No_Gene3D_overlap
Q9NSB2	[514, 540]	No_Gene3D_overlap
Q9NZI7	[206, 228]	No_Gene3D_overlap
Q9P2J3	[3, 22]	Potassium Channel Kv1.1; Chain A
Q9UN36	[311, 329]	alpha/beta hydrolase
Q9Y2Y1	[0, 88]	-
O43166	[444, 460]	No_Gene3D_overlap
Q16538	[341, 416]	Rhodopsin 7-helix transmembrane proteins
Q5VXH5	[115, 144]	No_Gene3D_overlap
Q96NG5	[89, 129]	-
Q96NG5	[143, 401]	Classic Zinc Finger
Q9BYZ6	[330, 349]	No_Gene3D_overlap
Q9BZM1	[153, 188]	Phospholipase A2 domain
Q9N2K0	[211, 280]	No_Gene3D_overlap
Q9P227	[618, 643]	No_Gene3D_overlap
