Accession_number	Region	Domain
O75093	[246, 304]	Ribonuclease Inhibitor
O75093	[713, 747]	Ribonuclease Inhibitor
O75093	[886, 1170]	Laminin
O75093	[1328, 1533]	Laminin
O75678	[51, 74]	No_Gene3D_overlap
P04275	[195, 222]	No_Gene3D_overlap
P04275	[237, 394]	Laminin
P04275	[423, 446]	No_Gene3D_overlap
P04275	[518, 534]	No_Gene3D_overlap
P04275	[548, 869]	Laminin
P04275	[1029, 1108]	No_Gene3D_overlap
P04275	[1873, 1959]	von Willebrand factor, type A domain
P04275	[1984, 2010]	No_Gene3D_overlap
P04275	[2117, 2134]	No_Gene3D_overlap
P04275	[2157, 2509]	Laminin
Q05329	[62, 85]	No_Gene3D_overlap
Q14585	[0, 29]	No_Gene3D_overlap
Q14585	[81, 160]	Classic Zinc Finger
Q7RTU4	[120, 140]	Helix-loop-helix DNA-binding domain
Q7Z7K2	[64, 95]	No_Gene3D_overlap
Q7Z7K2	[346, 446]	Classic Zinc Finger
Q8IWV7	[1607, 1622]	No_Gene3D_overlap
Q8IXZ3	[321, 402]	Classic Zinc Finger
Q8IZJ1	[252, 362]	Thrombospondin type-1 (TSP1) repeat
Q8NAF0	[233, 251]	No_Gene3D_overlap
Q9C0I4	[41, 62]	No_Gene3D_overlap
Q9C0I4	[76, 94]	No_Gene3D_overlap
Q9C0I4	[116, 204]	Thrombospondin type-1 (TSP1) repeat
Q9C0I4	[295, 361]	Thrombospondin type-1 (TSP1) repeat
Q9C0I4	[411, 483]	Thrombospondin type-1 (TSP1) repeat
Q9C0I4	[1070, 1244]	Thrombospondin type-1 (TSP1) repeat
Q9Y5H7	[722, 740]	No_Gene3D_overlap
D6RCP7	[34, 61]	No_Gene3D_overlap
O43915	[178, 353]	Cystine-knot cytokines
Q12802	[51, 71]	No_Gene3D_overlap
Q12802	[331, 369]	No_Gene3D_overlap
Q12802	[390, 421]	No_Gene3D_overlap
Q12802	[649, 691]	No_Gene3D_overlap
Q5EBM0	[65, 94]	No_Gene3D_overlap
Q8N823	[222, 384]	Classic Zinc Finger
Q8TF21	[12, 38]	Ankyrin repeat-containing domain
Q92918	[599, 615]	No_Gene3D_overlap
Q9H0E9	[959, 980]	No_Gene3D_overlap
Q9NZV7	[304, 410]	Classic Zinc Finger
Q9NZV7	[454, 526]	Classic Zinc Finger
Q9UK11	[139, 191]	Classic Zinc Finger
Q9UK11	[209, 316]	Classic Zinc Finger
Q9Y297	[32, 114]	No_Gene3D_overlap
A6NC57	[426, 444]	No_Gene3D_overlap
O00451	[29, 98]	No_Gene3D_overlap
O00451	[150, 207]	No_Gene3D_overlap
O14545	[2, 144]	Zinc/RING finger domain, C3HC4 (zinc finger)
O14545	[282, 321]	No_Gene3D_overlap
O14545	[359, 398]	No_Gene3D_overlap
O43283	[696, 744]	No_Gene3D_overlap
O43283	[900, 959]	No_Gene3D_overlap
P08588	[440, 476]	No_Gene3D_overlap
P0DH78	[102, 155]	No_Gene3D_overlap
P25445	[42, 172]	Tumor Necrosis Factor Receptor, subunit A, domain 2
Q01955	[24, 49]	No_Gene3D_overlap
Q03828	[376, 401]	No_Gene3D_overlap
Q13118	[154, 179]	No_Gene3D_overlap
Q13118	[191, 221]	No_Gene3D_overlap
Q14957	[1001, 1036]	No_Gene3D_overlap
Q14957	[1089, 1180]	No_Gene3D_overlap
Q15878	[2287, 2312]	No_Gene3D_overlap
Q2TV78	[50, 74]	Plasminogen Kringle 4
Q2YD98	[220, 262]	No_Gene3D_overlap
Q2YD98	[566, 586]	No_Gene3D_overlap
Q5VVW2	[472, 491]	No_Gene3D_overlap
Q7Z4F1	[308, 435]	Low-density Lipoprotein Receptor
Q8TDJ6	[1024, 1039]	No_Gene3D_overlap
Q8WXS8	[500, 722]	-
Q8WXS8	[859, 1030]	Thrombospondin type-1 (TSP1) repeat
Q8WXS8	[1052, 1101]	No_Gene3D_overlap
Q96NJ3	[179, 246]	Classic Zinc Finger
Q9BY79	[11, 43]	No_Gene3D_overlap
Q9P2E3	[1253, 1574]	P-loop containing nucleotide triphosphate hydrolases
Q9P2E3	[1856, 1881]	No_Gene3D_overlap
A8MWY0	[43, 127]	No_Gene3D_overlap
A8MWY0	[285, 437]	Tumor Necrosis Factor Receptor, subunit A, domain 2
A8MWY0	[450, 471]	No_Gene3D_overlap
O14512	[22, 42]	No_Gene3D_overlap
O14512	[69, 89]	No_Gene3D_overlap
O43638	[201, 224]	No_Gene3D_overlap
O75078	[622, 718]	Laminin
P10912	[414, 434]	No_Gene3D_overlap
P10912	[503, 523]	No_Gene3D_overlap
P98164	[0, 384]	Low-density Lipoprotein Receptor
P98164	[966, 1323]	Low-density Lipoprotein Receptor
P98164	[2640, 3196]	Laminin
P98164	[3458, 4055]	TolB, C-terminal domain
P98164	[4369, 4413]	No_Gene3D_overlap
Q14865	[220, 314]	No_Gene3D_overlap
Q5H8A4	[597, 637]	No_Gene3D_overlap
Q86YH2	[334, 380]	Classic Zinc Finger
Q86YH2	[448, 491]	No_Gene3D_overlap
Q8N878	[502, 542]	No_Gene3D_overlap
Q99675	[310, 328]	Zinc/RING finger domain, C3HC4 (zinc finger)
Q9Y2H8	[192, 216]	No_Gene3D_overlap
Q9Y2H8	[395, 474]	Classic Zinc Finger
Q9Y5Y6	[442, 613]	Low-density Lipoprotein Receptor
A2VDJ0	[1285, 1317]	No_Gene3D_overlap
A2VDJ0	[1360, 1446]	No_Gene3D_overlap
A2VDJ0	[1543, 1569]	No_Gene3D_overlap
A9YTQ3	[342, 364]	No_Gene3D_overlap
A9YTQ3	[426, 446]	No_Gene3D_overlap
A9YTQ3	[512, 557]	No_Gene3D_overlap
A9YTQ3	[605, 655]	No_Gene3D_overlap
P78386	[0, 39]	No_Gene3D_overlap
P78386	[61, 103]	No_Gene3D_overlap
P78386	[424, 463]	-
P78386	[475, 504]	No_Gene3D_overlap
Q07954	[17, 197]	Low-density Lipoprotein Receptor
Q07954	[796, 1259]	Low-density Lipoprotein Receptor
Q07954	[2466, 3026]	Low-density Lipoprotein Receptor
Q07954	[3283, 3869]	Low-density Lipoprotein Receptor
Q07954	[4140, 4417]	Laminin
Q13535	[505, 523]	No_Gene3D_overlap
Q5VV67	[1398, 1414]	No_Gene3D_overlap
Q6ZVN8	[30, 51]	No_Gene3D_overlap
Q6ZVN8	[69, 106]	No_Gene3D_overlap
Q6ZVN8	[137, 182]	Mog1/PsbP, alpha/beta/alpha sandwich
Q76I76	[543, 579]	No_Gene3D_overlap
Q76I76	[1261, 1290]	No_Gene3D_overlap
Q8N7R7	[0, 21]	No_Gene3D_overlap
Q8NEC7	[606, 630]	No_Gene3D_overlap
Q8NG08	[51, 68]	No_Gene3D_overlap
Q9HCU4	[30, 56]	No_Gene3D_overlap
Q9HCU4	[83, 157]	No_Gene3D_overlap
Q9HCU4	[1265, 1352]	Laminin
Q9HCU4	[1780, 2021]	-
Q9UH90	[0, 104]	Zinc/RING finger domain, C3HC4 (zinc finger)
O43155	[637, 659]	No_Gene3D_overlap
O60242	[176, 206]	No_Gene3D_overlap
O60242	[222, 249]	No_Gene3D_overlap
O60242	[292, 547]	Thrombospondin type-1 (TSP1) repeat
P02748	[26, 151]	Thrombospondin type-1 (TSP1) repeat
Q06730	[235, 254]	No_Gene3D_overlap
Q06730	[268, 370]	Classic Zinc Finger
Q06730	[531, 763]	Classic Zinc Finger
Q06730	[788, 808]	No_Gene3D_overlap
Q06732	[236, 255]	No_Gene3D_overlap
Q06732	[269, 371]	Classic Zinc Finger
Q0VGE8	[212, 439]	Classic Zinc Finger
Q13115	[172, 192]	Protein tyrosine phosphatase superfamily
Q2QGD7	[379, 435]	Classic Zinc Finger
Q5VWM6	[445, 470]	No_Gene3D_overlap
Q6S9Z5	[157, 252]	Classic Zinc Finger
Q6ZMQ8	[730, 763]	No_Gene3D_overlap
Q8NER5	[138, 159]	Phosphorylase Kinase; domain 1
Q8TER0	[254, 911]	Laminin
Q8TER0	[1300, 1412]	Laminin
Q9HBE5	[381, 403]	No_Gene3D_overlap
Q9HBE5	[417, 439]	No_Gene3D_overlap
Q9NRE2	[372, 394]	No_Gene3D_overlap
C9JVI0	[34, 61]	No_Gene3D_overlap
D6RBQ6	[34, 61]	No_Gene3D_overlap
O15021	[322, 342]	No_Gene3D_overlap
P56715	[1201, 1348]	No_Gene3D_overlap
Q400G9	[342, 363]	No_Gene3D_overlap
Q8N3Y3	[30, 56]	No_Gene3D_overlap
Q9UMS6	[288, 308]	No_Gene3D_overlap
O00548	[185, 525]	Laminin
O00548	[568, 605]	No_Gene3D_overlap
O00755	[121, 148]	No_Gene3D_overlap
O00755	[189, 220]	No_Gene3D_overlap
O15537	[27, 55]	No_Gene3D_overlap
O43526	[417, 438]	No_Gene3D_overlap
O43526	[809, 858]	No_Gene3D_overlap
O75095	[37, 61]	No_Gene3D_overlap
O75095	[102, 1534]	Laminin
O94875	[307, 344]	No_Gene3D_overlap
O94875	[378, 426]	No_Gene3D_overlap
O94875	[646, 670]	No_Gene3D_overlap
Q14584	[123, 422]	Classic Zinc Finger
Q15910	[275, 333]	No_Gene3D_overlap
Q2KHN1	[17, 169]	Zinc/RING finger domain, C3HC4 (zinc finger)
Q68CJ9	[112, 135]	No_Gene3D_overlap
Q6ZMP0	[280, 321]	No_Gene3D_overlap
Q6ZMP0	[336, 415]	-
Q6ZMP0	[618, 983]	Thrombospondin type-1 (TSP1) repeat
Q6ZMP0	[994, 1017]	No_Gene3D_overlap
Q6ZWJ8	[76, 1221]	Complement Module, domain 1
Q6ZWJ8	[1333, 1354]	No_Gene3D_overlap
Q6ZWJ8	[1377, 1556]	No_Gene3D_overlap
Q86XK2	[847, 926]	Single-stranded right-handed beta-helix, Pectin lyase-like
A8MUK1	[34, 61]	No_Gene3D_overlap
Q16671	[17, 33]	No_Gene3D_overlap
Q16671	[464, 572]	Transferase(Phosphotransferase) domain 1
Q38SD2	[1662, 1679]	No_Gene3D_overlap
Q4G163	[117, 154]	No_Gene3D_overlap
Q4KMG0	[1097, 1129]	No_Gene3D_overlap
Q4KMG0	[1149, 1199]	No_Gene3D_overlap
Q4KMG0	[1219, 1239]	No_Gene3D_overlap
Q5W111	[2, 21]	No_Gene3D_overlap
Q9BTC0	[339, 359]	No_Gene3D_overlap
Q9BTC0	[386, 426]	No_Gene3D_overlap
O76096	[13, 35]	No_Gene3D_overlap
P07204	[214, 489]	Laminin
P0CH99	[114, 267]	Classic Zinc Finger
P15289	[477, 506]	No_Gene3D_overlap
Q13822	[48, 157]	-
Q14314	[29, 58]	No_Gene3D_overlap
Q14314	[88, 108]	No_Gene3D_overlap
Q6ZN32	[205, 220]	No_Gene3D_overlap
Q7Z407	[3329, 3363]	Complement Module, domain 1
Q8IW03	[62, 84]	No_Gene3D_overlap
Q8N5Z5	[278, 310]	No_Gene3D_overlap
Q8TBP0	[713, 744]	No_Gene3D_overlap
Q96KS0	[33, 53]	No_Gene3D_overlap
Q9HBH9	[360, 389]	Transferase(Phosphotransferase) domain 1
Q03923	[96, 146]	Classic Zinc Finger
Q03923	[161, 246]	Classic Zinc Finger
Q60I27	[329, 372]	Histone H3 K4-specific methyltransferase SET7/9 N-terminal domain
Q6IPT4	[17, 36]	No_Gene3D_overlap
Q8N8U9	[67, 233]	-
Q8N8U9	[245, 370]	Complement Module, domain 1
Q8N8U9	[490, 506]	No_Gene3D_overlap
Q8N8U9	[527, 568]	No_Gene3D_overlap
Q9BZR9	[461, 484]	No_Gene3D_overlap
C9JJH3	[34, 61]	No_Gene3D_overlap
O75094	[877, 1156]	Laminin
O75094	[1320, 1522]	-
P09603	[162, 200]	-
P42681	[12, 28]	No_Gene3D_overlap
Q01538	[431, 519]	-
Q01538	[789, 926]	-
Q13129	[652, 678]	Classic Zinc Finger
Q13129	[931, 970]	No_Gene3D_overlap
Q13129	[1004, 1064]	No_Gene3D_overlap
Q13129	[1201, 1270]	No_Gene3D_overlap
Q13129	[1435, 1460]	No_Gene3D_overlap
Q13129	[1529, 1565]	No_Gene3D_overlap
Q13129	[1580, 1697]	No_Gene3D_overlap
Q14573	[1939, 1961]	No_Gene3D_overlap
Q5T1R4	[185, 234]	Classic Zinc Finger
Q6NSW7	[0, 38]	No_Gene3D_overlap
Q6ZP01	[431, 466]	No_Gene3D_overlap
Q96CX6	[328, 348]	No_Gene3D_overlap
Q96F81	[20, 66]	No_Gene3D_overlap
Q96F81	[315, 349]	No_Gene3D_overlap
Q96F81	[389, 416]	No_Gene3D_overlap
Q96F81	[1135, 1160]	Multidrug efflux transporter AcrB transmembrane domain
Q96F81	[1191, 1225]	No_Gene3D_overlap
Q96F81	[1251, 1307]	No_Gene3D_overlap
Q96F81	[1324, 1346]	No_Gene3D_overlap
Q96F81	[1385, 1426]	No_Gene3D_overlap
Q96F81	[1462, 1505]	No_Gene3D_overlap
Q9BQ31	[469, 490]	No_Gene3D_overlap
Q9C0C7	[290, 323]	No_Gene3D_overlap
O14867	[136, 159]	No_Gene3D_overlap
O14867	[173, 233]	No_Gene3D_overlap
O14867	[252, 286]	No_Gene3D_overlap
O14867	[401, 421]	No_Gene3D_overlap
O14867	[450, 531]	Transcription factor, Skn-1-like, DNA-binding domain
O14867	[610, 640]	No_Gene3D_overlap
O14867	[704, 735]	No_Gene3D_overlap
O95644	[159, 191]	No_Gene3D_overlap
O95644	[732, 760]	No_Gene3D_overlap
P14210	[166, 416]	Plasminogen Kringle 4
P31276	[35, 78]	No_Gene3D_overlap
P31276	[131, 154]	No_Gene3D_overlap
P35030	[0, 30]	No_Gene3D_overlap
Q3SXZ3	[104, 143]	No_Gene3D_overlap
Q7Z2T5	[110, 141]	No_Gene3D_overlap
Q7Z2T5	[155, 173]	No_Gene3D_overlap
Q86YR6	[0, 49]	No_Gene3D_overlap
Q96PT3	[3, 23]	No_Gene3D_overlap
Q9BX93	[179, 194]	No_Gene3D_overlap
O76015	[0, 101]	No_Gene3D_overlap
O76015	[402, 455]	-
O76031	[0, 18]	No_Gene3D_overlap
O76031	[94, 122]	No_Gene3D_overlap
P35372	[34, 62]	Rhodopsin 7-helix transmembrane proteins
P35789	[108, 181]	Classic Zinc Finger
Q6DN03	[137, 170]	No_Gene3D_overlap
Q6ZNG2	[141, 163]	No_Gene3D_overlap
Q6ZS02	[130, 150]	No_Gene3D_overlap
Q6ZS27	[195, 346]	Classic Zinc Finger
Q96HD1	[35, 58]	No_Gene3D_overlap
Q96HD1	[87, 108]	No_Gene3D_overlap
Q9BU40	[69, 187]	-
Q9BU40	[245, 342]	Complement Module, domain 1
Q9BV87	[260, 277]	No_Gene3D_overlap
Q9BV87	[325, 361]	No_Gene3D_overlap
Q9H582	[359, 424]	Classic Zinc Finger
Q9H582	[487, 563]	No_Gene3D_overlap
Q9H582	[577, 600]	No_Gene3D_overlap
Q9H9S0	[0, 38]	No_Gene3D_overlap
Q9HC78	[56, 76]	No_Gene3D_overlap
Q9HC78	[698, 729]	No_Gene3D_overlap
Q9NQF3	[187, 202]	alpha/beta hydrolase
Q9UET6	[267, 328]	No_Gene3D_overlap
A3QJZ6	[127, 145]	No_Gene3D_overlap
A3QJZ6	[452, 473]	No_Gene3D_overlap
O00161	[68, 96]	-
O60381	[322, 343]	No_Gene3D_overlap
P02787	[343, 369]	Periplasmic binding protein-like II
Q12791	[683, 732]	No_Gene3D_overlap
Q15928	[105, 145]	No_Gene3D_overlap
Q5T2Q4	[0, 36]	No_Gene3D_overlap
Q8IWU6	[664, 686]	No_Gene3D_overlap
Q8IWU6	[728, 754]	No_Gene3D_overlap
Q8IWU6	[831, 850]	No_Gene3D_overlap
Q8NF50	[159, 202]	No_Gene3D_overlap
Q96NW7	[492, 513]	No_Gene3D_overlap
Q9C0G0	[109, 144]	No_Gene3D_overlap
Q9C0G0	[472, 499]	No_Gene3D_overlap
Q9C0G0	[1677, 1762]	Classic Zinc Finger
Q9NS68	[128, 158]	No_Gene3D_overlap
Q9NS68	[209, 278]	No_Gene3D_overlap
Q9Y210	[32, 65]	No_Gene3D_overlap
P0CI00	[114, 267]	Classic Zinc Finger
Q13077	[11, 66]	No_Gene3D_overlap
Q13077	[77, 104]	No_Gene3D_overlap
Q5TB30	[390, 430]	No_Gene3D_overlap
Q5TB30	[487, 517]	No_Gene3D_overlap
Q5VUG0	[635, 659]	SLED domain
Q6S8J7	[17, 44]	No_Gene3D_overlap
Q6T4R5	[723, 750]	No_Gene3D_overlap
Q86UZ6	[490, 513]	No_Gene3D_overlap
Q8IUG5	[1567, 1598]	No_Gene3D_overlap
Q8N1L9	[73, 133]	-
Q8N9F0	[0, 19]	No_Gene3D_overlap
Q9BU19	[0, 35]	No_Gene3D_overlap
Q9BU19	[63, 78]	No_Gene3D_overlap
Q9GZZ6	[377, 394]	Neurotransmitter-gated ion-channel transmembrane domain
Q9HCX3	[133, 209]	Classic Zinc Finger
Q9HCX3	[438, 517]	Classic Zinc Finger
Q9NY15	[32, 362]	Tie2 ligand-binding domain superfamily
Q9NY15	[647, 986]	Laminin
Q9NY15	[1255, 1586]	Laminin
Q9NY15	[1862, 1912]	FAS1 domain
Q9NY15	[1935, 2228]	Laminin
Q9UJW2	[56, 74]	No_Gene3D_overlap
Q9UJW2	[84, 159]	Cysteine proteinases
H3BUK9	[0, 44]	No_Gene3D_overlap
H3BUK9	[54, 81]	No_Gene3D_overlap
O14901	[157, 204]	No_Gene3D_overlap
O14901	[220, 243]	No_Gene3D_overlap
O95704	[249, 273]	Pleckstrin-homology domain (PH domain)/Phosphotyrosine-binding domain (PTB)
P08F94	[1880, 1900]	No_Gene3D_overlap
P08F94	[4043, 4070]	No_Gene3D_overlap
P22459	[615, 652]	No_Gene3D_overlap
P35913	[28, 52]	-
P35913	[831, 853]	No_Gene3D_overlap
Q13615	[323, 340]	No_Gene3D_overlap
Q13615	[519, 538]	No_Gene3D_overlap
Q13615	[576, 599]	No_Gene3D_overlap
Q13615	[904, 931]	No_Gene3D_overlap
Q13615	[1078, 1102]	No_Gene3D_overlap
Q68DI1	[255, 517]	Classic Zinc Finger
Q92963	[0, 16]	No_Gene3D_overlap
Q96CA5	[24, 39]	No_Gene3D_overlap
Q96HI0	[188, 209]	No_Gene3D_overlap
Q9BYV6	[186, 210]	No_Gene3D_overlap
Q9H158	[710, 743]	No_Gene3D_overlap
Q9P241	[669, 701]	No_Gene3D_overlap
Q9WJR5	[928, 958]	No_Gene3D_overlap
O14639	[4, 23]	No_Gene3D_overlap
O75445	[508, 1062]	Laminin
O75445	[3155, 3453]	Immunoglobulins
P22692	[120, 147]	No_Gene3D_overlap
P98077	[72, 108]	No_Gene3D_overlap
Q8N806	[24, 80]	No_Gene3D_overlap
Q8N806	[99, 120]	No_Gene3D_overlap
Q8TC27	[550, 566]	No_Gene3D_overlap
Q8WYQ9	[776, 806]	No_Gene3D_overlap
Q9H013	[349, 690]	Disintegrin domain
Q9H093	[560, 627]	No_Gene3D_overlap
Q9NQX0	[127, 173]	No_Gene3D_overlap
Q9NQX0	[483, 591]	Classic Zinc Finger
Q9NVF9	[11, 48]	No_Gene3D_overlap
Q9UN74	[725, 741]	No_Gene3D_overlap
A6NKG5	[528, 543]	Acid Proteases
B1AJZ9	[561, 586]	No_Gene3D_overlap
O43248	[5, 28]	No_Gene3D_overlap
O75564	[538, 555]	No_Gene3D_overlap
P19013	[0, 23]	No_Gene3D_overlap
P26010	[465, 681]	ntegrin, alpha v. Chain A, domain 3
P51689	[577, 592]	Alkaline Phosphatase, subunit A
P98168	[192, 229]	No_Gene3D_overlap
P98168	[321, 377]	Classic Zinc Finger
Q147U1	[385, 532]	Classic Zinc Finger
Q5T7W0	[247, 270]	No_Gene3D_overlap
Q5TYW1	[208, 308]	Classic Zinc Finger
Q5TYW1	[405, 644]	Classic Zinc Finger
Q86YV5	[0, 44]	No_Gene3D_overlap
Q86YV5	[242, 352]	No_Gene3D_overlap
Q86YV5	[895, 921]	No_Gene3D_overlap
Q86YV5	[999, 1051]	No_Gene3D_overlap
Q86YV5	[1076, 1096]	No_Gene3D_overlap
Q96EG1	[501, 524]	No_Gene3D_overlap
Q9H9P5	[25, 46]	No_Gene3D_overlap
Q9H9P5	[70, 161]	No_Gene3D_overlap
Q9H9P5	[202, 329]	No_Gene3D_overlap
Q9NYJ7	[168, 475]	-
Q9UBN6	[72, 191]	Tumor Necrosis Factor Receptor, subunit A, domain 2
Q9UGC6	[17, 49]	No_Gene3D_overlap
Q9UKT9	[109, 233]	Classic Zinc Finger
P10070	[392, 486]	Classic Zinc Finger
P10070	[632, 663]	No_Gene3D_overlap
P29597	[542, 559]	No_Gene3D_overlap
P52746	[389, 460]	Classic Zinc Finger
P52746	[1017, 1054]	No_Gene3D_overlap
P52746	[1162, 1304]	Classic Zinc Finger
P52746	[1319, 1394]	Classic Zinc Finger
Q01954	[26, 65]	No_Gene3D_overlap
Q01954	[294, 316]	No_Gene3D_overlap
Q01954	[429, 452]	No_Gene3D_overlap
Q5JVG2	[167, 190]	No_Gene3D_overlap
Q5JVG2	[338, 426]	Classic Zinc Finger
Q6ZN11	[132, 202]	No_Gene3D_overlap
Q6ZN11	[218, 297]	Classic Zinc Finger
Q7RTS3	[90, 129]	No_Gene3D_overlap
Q8N1G1	[13, 37]	No_Gene3D_overlap
Q8N1G1	[959, 986]	No_Gene3D_overlap
Q8N1G1	[1006, 1035]	No_Gene3D_overlap
Q8NHY6	[416, 483]	Classic Zinc Finger
Q8NHY6	[505, 603]	Classic Zinc Finger
Q8WV24	[79, 97]	No_Gene3D_overlap
Q92800	[322, 381]	No_Gene3D_overlap
Q92800	[396, 432]	No_Gene3D_overlap
Q96JM3	[757, 801]	Classic Zinc Finger
O75113	[531, 567]	No_Gene3D_overlap
O94851	[740, 760]	No_Gene3D_overlap
P51587	[659, 747]	No_Gene3D_overlap
P51587	[1874, 1922]	No_Gene3D_overlap
P51587	[3234, 3274]	No_Gene3D_overlap
P51828	[771, 790]	No_Gene3D_overlap
P56705	[125, 152]	No_Gene3D_overlap
P56705	[195, 229]	No_Gene3D_overlap
Q15466	[0, 15]	No_Gene3D_overlap
Q15466	[32, 57]	Retinoid X Receptor
Q3B8N5	[4, 24]	No_Gene3D_overlap
Q8IXZ2	[662, 802]	Zinc finger, CCCH-type
Q8NEG5	[514, 559]	No_Gene3D_overlap
Q8NEG5	[591, 614]	No_Gene3D_overlap
Q8TC21	[186, 405]	Classic Zinc Finger
Q8TD26	[1781, 1841]	No_Gene3D_overlap
Q8TD26	[1925, 1947]	No_Gene3D_overlap
Q96JK2	[872, 893]	No_Gene3D_overlap
Q9BYW2	[703, 745]	No_Gene3D_overlap
Q9BYW2	[774, 814]	No_Gene3D_overlap
Q9UM63	[23, 105]	Classic Zinc Finger
Q9UN75	[723, 741]	No_Gene3D_overlap
O15198	[175, 207]	No_Gene3D_overlap
O94913	[1479, 1499]	No_Gene3D_overlap
O94916	[148, 181]	No_Gene3D_overlap
P01100	[313, 331]	No_Gene3D_overlap
P09544	[124, 151]	No_Gene3D_overlap
P09544	[195, 215]	No_Gene3D_overlap
Q02833	[95, 129]	No_Gene3D_overlap
Q02833	[141, 161]	No_Gene3D_overlap
Q5FWF6	[225, 299]	Classic Zinc Finger
Q6ICB4	[152, 183]	No_Gene3D_overlap
Q6ICB4	[239, 258]	No_Gene3D_overlap
Q6ZNH5	[95, 148]	Classic Zinc Finger
Q6ZWE6	[704, 732]	No_Gene3D_overlap
Q8IWT3	[1949, 1978]	Winged helix-like DNA-binding domain superfamily/Winged helix DNA-binding domain
Q8IWT3	[2152, 2212]	Zinc/RING finger domain, C3HC4 (zinc finger)
Q96HQ0	[250, 329]	Classic Zinc Finger
Q96LC7	[450, 466]	No_Gene3D_overlap
Q9BWW7	[323, 346]	Classic Zinc Finger
Q9NRU3	[887, 918]	No_Gene3D_overlap
O00622	[20, 173]	Complement Module, domain 1
O00622	[218, 361]	Thrombospondin type-1 (TSP1) repeat
O95785	[344, 367]	No_Gene3D_overlap
O95785	[1387, 1408]	No_Gene3D_overlap
P0CW18	[360, 396]	No_Gene3D_overlap
P17040	[238, 263]	No_Gene3D_overlap
P17040	[641, 667]	No_Gene3D_overlap
Q14766	[353, 439]	Laminin
Q14766	[548, 738]	TGF-beta binding (TB) domain
Q14766	[866, 1586]	TGF-beta binding (TB) domain
Q14766	[1618, 1720]	Laminin
Q15650	[160, 217]	No_Gene3D_overlap
Q6ZMY9	[169, 185]	Classic Zinc Finger
Q6ZMY9	[196, 248]	Classic Zinc Finger
Q6ZV89	[3, 19]	No_Gene3D_overlap
Q7L0R7	[119, 164]	No_Gene3D_overlap
Q86TJ5	[262, 287]	No_Gene3D_overlap
Q86TJ5	[315, 478]	Classic Zinc Finger
Q96QE3	[8, 42]	No_Gene3D_overlap
Q96QE3	[1627, 1647]	No_Gene3D_overlap
Q9GZT5	[146, 168]	No_Gene3D_overlap
Q9GZT5	[251, 285]	No_Gene3D_overlap
A6NEQ0	[431, 480]	No_Gene3D_overlap
A6NKF1	[46, 70]	No_Gene3D_overlap
O14905	[44, 75]	No_Gene3D_overlap
O14905	[129, 156]	No_Gene3D_overlap
O14905	[199, 232]	No_Gene3D_overlap
O15230	[53, 115]	Galactose-binding domain-like
O15230	[297, 879]	Galactose-binding domain-like
O15230	[1056, 1099]	No_Gene3D_overlap
O15230	[1134, 1160]	No_Gene3D_overlap
O15230	[1429, 1646]	Laminin
O15230	[1820, 2179]	Laminin
P17031	[163, 235]	Classic Zinc Finger
P36551	[9, 35]	No_Gene3D_overlap
Q0WX57	[34, 61]	No_Gene3D_overlap
Q17R55	[150, 167]	No_Gene3D_overlap
Q3KNW5	[0, 20]	No_Gene3D_overlap
Q3KNW5	[315, 339]	-
Q3KNW5	[352, 376]	No_Gene3D_overlap
Q70EL2	[159, 189]	Cysteine proteinases
Q8N8Z8	[55, 199]	Classic Zinc Finger
Q8N8Z8	[218, 692]	Classic Zinc Finger
Q96EG3	[104, 324]	Classic Zinc Finger
Q9H4D5	[271, 291]	No_Gene3D_overlap
Q9H4D5	[310, 332]	-
Q9UBS9	[1173, 1196]	No_Gene3D_overlap
A8MUZ8	[107, 239]	Classic Zinc Finger
O95631	[274, 489]	Galactose-binding domain-like
P17032	[164, 192]	Classic Zinc Finger
P17032	[457, 534]	Classic Zinc Finger
P58215	[629, 655]	No_Gene3D_overlap
P58215	[702, 721]	No_Gene3D_overlap
Q2L4Q9	[282, 305]	Trypsin-like serine proteases
Q2L4Q9	[532, 552]	No_Gene3D_overlap
Q496Y0	[405, 433]	No_Gene3D_overlap
Q5GLZ8	[374, 394]	Regulator of chromosome condensation 1/beta-lactamase-inhibitor protein II
Q7Z3V5	[81, 176]	Classic Zinc Finger
Q7Z3V5	[186, 293]	Classic Zinc Finger
Q8N554	[68, 91]	No_Gene3D_overlap
Q8N554	[157, 190]	No_Gene3D_overlap
Q8N554	[223, 249]	No_Gene3D_overlap
Q8NC60	[130, 153]	No_Gene3D_overlap
Q8TCV5	[17, 139]	Elafin-like
Q9HCK1	[1439, 1465]	No_Gene3D_overlap
Q9HCK1	[1551, 1630]	No_Gene3D_overlap
Q9HCK1	[1928, 1959]	No_Gene3D_overlap
Q9NS98	[724, 746]	No_Gene3D_overlap
Q9UGU0	[1695, 1713]	No_Gene3D_overlap
Q9UGU0	[1784, 1817]	No_Gene3D_overlap
Q9Y4G2	[259, 293]	No_Gene3D_overlap
Q9Y4G2	[480, 507]	No_Gene3D_overlap
Q9Y4G2	[1025, 1052]	No_Gene3D_overlap
B5MCY1	[1145, 1160]	No_Gene3D_overlap
O95620	[0, 23]	No_Gene3D_overlap
P07333	[942, 971]	No_Gene3D_overlap
P21128	[18, 133]	-
P21128	[157, 188]	No_Gene3D_overlap
P41143	[330, 369]	Rhodopsin 7-helix transmembrane proteins
Q8IV63	[0, 31]	No_Gene3D_overlap
Q9BYE2	[196, 217]	No_Gene3D_overlap
Q9ULI3	[1171, 1195]	No_Gene3D_overlap
Q9ULI3	[1216, 1239]	No_Gene3D_overlap
O75129	[509, 556]	No_Gene3D_overlap
O75129	[648, 722]	Laminin
O75129	[969, 999]	No_Gene3D_overlap
P02462	[20, 50]	No_Gene3D_overlap
P40126	[18, 70]	No_Gene3D_overlap
P40126	[96, 127]	Di-copper center containing domain from catechol oxidase
Q15464	[44, 71]	No_Gene3D_overlap
Q15464	[99, 150]	No_Gene3D_overlap
Q15464	[193, 233]	No_Gene3D_overlap
Q9BXT8	[21, 83]	No_Gene3D_overlap
Q9HCK0	[264, 286]	No_Gene3D_overlap
Q9HCK0	[317, 368]	Classic Zinc Finger
Q9HCK0	[391, 420]	Classic Zinc Finger
O60260	[139, 216]	No_Gene3D_overlap
P28799	[15, 587]	Granulin
P63136	[923, 953]	No_Gene3D_overlap
Q495A1	[189, 222]	No_Gene3D_overlap
Q6GPH4	[30, 182]	Zinc/RING finger domain, C3HC4 (zinc finger)
Q6ZMV8	[108, 142]	No_Gene3D_overlap
Q6ZMV8	[164, 272]	Classic Zinc Finger
Q8TDX9	[5, 29]	No_Gene3D_overlap
Q8TDX9	[65, 82]	No_Gene3D_overlap
Q8TDX9	[173, 209]	No_Gene3D_overlap
Q8TDX9	[2095, 2116]	No_Gene3D_overlap
Q8TF17	[0, 15]	No_Gene3D_overlap
Q96FT7	[320, 377]	Acid-sensing ion channels like domains
Q96H40	[114, 151]	Classic Zinc Finger
Q96H40	[285, 364]	Classic Zinc Finger
Q96QB1	[47, 74]	No_Gene3D_overlap
Q9UFD9	[144, 163]	No_Gene3D_overlap
Q9UFD9	[226, 253]	No_Gene3D_overlap
Q9UFD9	[482, 524]	No_Gene3D_overlap
Q9UFD9	[1317, 1350]	No_Gene3D_overlap
Q9UFD9	[1407, 1437]	No_Gene3D_overlap
Q9Y473	[187, 208]	No_Gene3D_overlap
Q9Y473	[466, 545]	Classic Zinc Finger
A0A1W2PPM1	[128, 199]	No_Gene3D_overlap
A2VEC9	[63, 168]	No_Gene3D_overlap
A2VEC9	[229, 252]	No_Gene3D_overlap
A2VEC9	[384, 446]	No_Gene3D_overlap
A2VEC9	[456, 571]	Laminin
A2VEC9	[726, 756]	No_Gene3D_overlap
A2VEC9	[778, 1021]	Laminin
A2VEC9	[1171, 1204]	No_Gene3D_overlap
A2VEC9	[1223, 1539]	Low-density Lipoprotein Receptor
A2VEC9	[1555, 2034]	Thrombospondin type-1 (TSP1) repeat
A2VEC9	[2454, 2994]	Thrombospondin type-1 (TSP1) repeat
A6NI47	[17, 81]	No_Gene3D_overlap
A6NI47	[91, 118]	No_Gene3D_overlap
C9JN71	[134, 185]	Classic Zinc Finger
O14836	[23, 123]	Tumor necrosis factor receptor superfamily
O14836	[184, 204]	No_Gene3D_overlap
O14836	[219, 292]	No_Gene3D_overlap
P0DPK3	[22, 257]	Laminin
P29474	[4, 28]	No_Gene3D_overlap
Q13398	[124, 149]	No_Gene3D_overlap
Q13398	[304, 383]	Classic Zinc Finger
Q13474	[0, 44]	No_Gene3D_overlap
Q14393	[97, 283]	Laminin
Q6ZMV5	[484, 502]	No_Gene3D_overlap
Q6ZU64	[655, 675]	No_Gene3D_overlap
Q6ZU64	[1552, 1575]	No_Gene3D_overlap
Q8N4W9	[222, 526]	Classic Zinc Finger
Q96LW9	[209, 281]	Classic Zinc Finger
Q9BVS4	[353, 374]	No_Gene3D_overlap
Q9UBF6	[0, 23]	Zinc/RING finger domain, C3HC4 (zinc finger)
Q9UKP5	[662, 723]	-
Q9UKP5	[841, 1092]	Thrombospondin type-1 (TSP1) repeat
Q9Y2X0	[779, 847]	No_Gene3D_overlap
Q9Y5R6	[146, 171]	No_Gene3D_overlap
A0A0A6YYL3	[0, 44]	No_Gene3D_overlap
A0A0A6YYL3	[54, 81]	No_Gene3D_overlap
O94900	[9, 41]	No_Gene3D_overlap
O95388	[30, 107]	No_Gene3D_overlap
O95388	[120, 200]	Complement Module, domain 1
P02765	[129, 157]	-
Q6X784	[217, 235]	No_Gene3D_overlap
Q6X784	[275, 335]	No_Gene3D_overlap
Q8NDW4	[371, 564]	Classic Zinc Finger
Q8NFJ8	[363, 380]	No_Gene3D_overlap
Q96HF1	[141, 188]	Frizzled cysteine-rich domain
Q96NN9	[56, 78]	Rieske [2Fe-2S] iron-sulphur domain
Q9H334	[297, 322]	-
Q9UGI8	[33, 55]	No_Gene3D_overlap
Q9UP79	[647, 697]	-
Q9UPM6	[0, 70]	Cysteine Rich Protein
Q9Y2Q1	[52, 83]	-
Q9Y2Q1	[105, 143]	Classic Zinc Finger
Q9Y2Q1	[162, 293]	Classic Zinc Finger
Q9Y2Q1	[422, 503]	Classic Zinc Finger
A0A8I5KTY6	[203, 268]	Classic Zinc Finger
A6NNM3	[144, 163]	No_Gene3D_overlap
A6NNM3	[226, 253]	No_Gene3D_overlap
A6NNM3	[395, 415]	No_Gene3D_overlap
A6NNM3	[482, 524]	No_Gene3D_overlap
A6NNM3	[1316, 1350]	No_Gene3D_overlap
A6NNM3	[1407, 1437]	No_Gene3D_overlap
O00213	[663, 681]	Pleckstrin-homology domain (PH domain)/Phosphotyrosine-binding domain (PTB)
O14763	[70, 189]	Tumor Necrosis Factor Receptor, subunit A, domain 2
P04628	[136, 169]	No_Gene3D_overlap
P04628	[207, 238]	No_Gene3D_overlap
Q17RS7	[236, 307]	5' to 3' exonuclease, C-terminal subdomain
Q17RS7	[842, 899]	No_Gene3D_overlap
Q6A163	[0, 70]	No_Gene3D_overlap
Q6A163	[392, 452]	-
Q6FI81	[226, 297]	No_Gene3D_overlap
Q6NSI1	[6, 50]	Ankyrin repeat-containing domain
Q6ZS81	[1136, 1152]	No_Gene3D_overlap
Q8N587	[215, 323]	Classic Zinc Finger
Q8NDA2	[4622, 4829]	Laminin
Q8NDA2	[4859, 4984]	Laminin
Q8WY36	[595, 617]	No_Gene3D_overlap
Q96MU6	[106, 151]	No_Gene3D_overlap
Q9BWX5	[178, 276]	Erythroid Transcription Factor GATA-1, subunit A
Q9NR71	[358, 385]	No_Gene3D_overlap
Q9NYQ7	[1413, 1520]	Laminin
Q9NYQ7	[1930, 2127]	Laminin
Q9UBT6	[608, 709]	Classic Zinc Finger
Q9Y2I2	[298, 528]	Laminin
O00287	[130, 165]	No_Gene3D_overlap
O95965	[27, 493]	Laminin
P10275	[256, 299]	No_Gene3D_overlap
Q5H913	[264, 289]	No_Gene3D_overlap
Q68CP9	[1623, 1639]	No_Gene3D_overlap
Q6ZMZ0	[192, 310]	Zinc/RING finger domain, C3HC4 (zinc finger)
Q6ZMZ0	[636, 656]	No_Gene3D_overlap
Q86U70	[0, 19]	No_Gene3D_overlap
Q86Y25	[403, 482]	Classic Zinc Finger
Q9H609	[18, 48]	Classic Zinc Finger
O14649	[350, 372]	No_Gene3D_overlap
P10074	[185, 209]	No_Gene3D_overlap
P10074	[282, 364]	Classic Zinc Finger
P17014	[260, 444]	Classic Zinc Finger
P17014	[455, 551]	Classic Zinc Finger
P46092	[323, 358]	Rhodopsin 7-helix transmembrane proteins
Q08AE8	[614, 629]	No_Gene3D_overlap
Q13516	[282, 307]	No_Gene3D_overlap
Q5KSL6	[169, 190]	No_Gene3D_overlap
Q8IWL2	[9, 35]	No_Gene3D_overlap
Q9BXR3	[925, 955]	No_Gene3D_overlap
Q9H2Y9	[22, 72]	No_Gene3D_overlap
Q9H2Y9	[544, 565]	-
Q9Y5F7	[719, 742]	No_Gene3D_overlap
A6NDE4	[433, 459]	No_Gene3D_overlap
O43309	[237, 316]	Classic Zinc Finger
P80370	[21, 253]	Laminin
Q6UXH9	[32, 87]	No_Gene3D_overlap
Q7Z3F1	[581, 647]	No_Gene3D_overlap
Q8WXH6	[250, 276]	No_Gene3D_overlap
Q96N77	[242, 357]	Classic Zinc Finger
Q9HBB8	[690, 710]	No_Gene3D_overlap
Q9NZR2	[21, 202]	Laminin
Q9NZR2	[787, 1250]	TolB, C-terminal domain
Q9NZR2	[2461, 3016]	Low-density Lipoprotein Receptor
Q9NZR2	[3329, 3889]	Low-density Lipoprotein Receptor
Q9NZR2	[4193, 4435]	TolB, C-terminal domain
P01133	[307, 457]	Laminin
P01133	[824, 984]	Laminin
P01732	[208, 226]	No_Gene3D_overlap
P22681	[711, 738]	No_Gene3D_overlap
P36941	[28, 219]	Tumor Necrosis Factor Receptor, subunit A, domain 2
P54687	[0, 17]	No_Gene3D_overlap
Q14517	[3769, 3835]	-
Q14517	[3998, 4171]	Laminin
Q14517	[4541, 4562]	No_Gene3D_overlap
Q5T890	[733, 774]	No_Gene3D_overlap
Q5T890	[793, 856]	No_Gene3D_overlap
Q6S8J3	[17, 86]	No_Gene3D_overlap
Q7Z3T8	[30, 75]	No_Gene3D_overlap
Q8NI29	[79, 118]	-
Q92900	[135, 164]	No_Gene3D_overlap
Q9Y4D8	[589, 609]	No_Gene3D_overlap
Q9Y4D8	[1359, 1380]	No_Gene3D_overlap
Q9Y5Y9	[1107, 1127]	No_Gene3D_overlap
A6NN14	[114, 165]	No_Gene3D_overlap
A6NN14	[255, 306]	Classic Zinc Finger
D6RJB6	[34, 61]	No_Gene3D_overlap
O43435	[357, 397]	No_Gene3D_overlap
O60494	[125, 454]	Laminin
Q1X8D7	[563, 583]	No_Gene3D_overlap
Q7Z6J0	[82, 116]	No_Gene3D_overlap
Q8IZY2	[1336, 1356]	No_Gene3D_overlap
Q8NAP8	[159, 209]	No_Gene3D_overlap
Q96NL3	[170, 271]	Classic Zinc Finger
Q96NL3	[330, 411]	Classic Zinc Finger
Q9BTN0	[14, 40]	Ribonuclease Inhibitor
Q9Y6Q2	[126, 145]	No_Gene3D_overlap
E9PGG2	[63, 86]	No_Gene3D_overlap
O75362	[462, 478]	Classic Zinc Finger
O75362	[663, 708]	No_Gene3D_overlap
O75362	[732, 781]	No_Gene3D_overlap
Q07021	[54, 78]	Mitochondrial glycoprotein
Q562E7	[191, 221]	No_Gene3D_overlap
Q86Y33	[179, 199]	No_Gene3D_overlap
Q8TB22	[759, 785]	No_Gene3D_overlap
Q8WZ73	[4, 97]	-
Q92832	[214, 231]	-
Q92832	[256, 809]	Laminin
Q96GX5	[306, 338]	No_Gene3D_overlap
Q96GX5	[444, 485]	No_Gene3D_overlap
Q96GX5	[523, 564]	No_Gene3D_overlap
Q9HCU0	[159, 174]	Mannose-Binding Protein A, subunit A
Q9HCU0	[195, 359]	Laminin
O95263	[0, 25]	No_Gene3D_overlap
O95263	[86, 115]	No_Gene3D_overlap
P56703	[128, 160]	No_Gene3D_overlap
P56703	[195, 222]	No_Gene3D_overlap
Q14574	[735, 823]	TCF3-CBD (Catenin binding domain)
Q16549	[692, 713]	No_Gene3D_overlap
Q16549	[758, 784]	No_Gene3D_overlap
Q96GX9	[0, 28]	Class II aldolase/adducin N-terminal domain
Q9Y219	[227, 979]	Laminin
O43147	[444, 484]	No_Gene3D_overlap
P49796	[36, 57]	No_Gene3D_overlap
P49796	[413, 433]	No_Gene3D_overlap
Q13461	[229, 249]	No_Gene3D_overlap
Q14112	[752, 992]	Laminin
Q15637	[271, 291]	No_Gene3D_overlap
Q53RE8	[0, 22]	No_Gene3D_overlap
Q8NAM6	[287, 382]	Classic Zinc Finger
Q8NEA9	[33, 68]	No_Gene3D_overlap
Q8TC41	[338, 361]	Zinc/RING finger domain, C3HC4 (zinc finger)
Q8TF50	[191, 215]	No_Gene3D_overlap
Q92581	[586, 606]	No_Gene3D_overlap
A8MXQ7	[300, 358]	No_Gene3D_overlap
P46934	[355, 440]	No_Gene3D_overlap
P46934	[462, 485]	No_Gene3D_overlap
Q04912	[809, 826]	No_Gene3D_overlap
Q49A92	[513, 537]	No_Gene3D_overlap
Q5VU97	[911, 927]	No_Gene3D_overlap
Q5VU97	[945, 1072]	No_Gene3D_overlap
Q86UD7	[232, 249]	No_Gene3D_overlap
Q8IYD8	[1030, 1045]	No_Gene3D_overlap
Q8IYD8	[1059, 1092]	No_Gene3D_overlap
Q8IYD8	[1601, 1633]	No_Gene3D_overlap
Q8IZ26	[242, 322]	Classic Zinc Finger
Q8NEP9	[103, 129]	No_Gene3D_overlap
Q8NEP9	[163, 242]	Classic Zinc Finger
Q8TF66	[558, 580]	No_Gene3D_overlap
Q9UL36	[57, 135]	Classic Zinc Finger
Q9UL36	[1157, 1237]	Classic Zinc Finger
Q9Y4K3	[0, 37]	No_Gene3D_overlap
O60281	[2, 24]	No_Gene3D_overlap
O60281	[970, 994]	No_Gene3D_overlap
O60281	[2247, 2272]	No_Gene3D_overlap
O60281	[2367, 2440]	No_Gene3D_overlap
P51610	[1269, 1298]	No_Gene3D_overlap
Q5VTL7	[489, 523]	No_Gene3D_overlap
Q5VTL7	[533, 552]	No_Gene3D_overlap
Q5VTL7	[574, 595]	No_Gene3D_overlap
Q7Z699	[324, 395]	No_Gene3D_overlap
Q7Z699	[420, 443]	No_Gene3D_overlap
Q86UD3	[0, 39]	No_Gene3D_overlap
Q86YN6	[206, 236]	No_Gene3D_overlap
Q86YN6	[824, 889]	-
Q8IXT1	[954, 993]	No_Gene3D_overlap
Q8TD94	[109, 148]	No_Gene3D_overlap
Q8TEP8	[385, 411]	No_Gene3D_overlap
Q8TEP8	[441, 461]	No_Gene3D_overlap
Q8TEP8	[912, 948]	No_Gene3D_overlap
Q8TEP8	[1269, 1297]	No_Gene3D_overlap
Q8WY21	[24, 41]	No_Gene3D_overlap
Q9BTT6	[414, 435]	No_Gene3D_overlap
Q9C0A6	[81, 118]	No_Gene3D_overlap
Q9C0A6	[395, 420]	SET domain
Q9H0F5	[202, 238]	No_Gene3D_overlap
Q9UJU3	[185, 245]	Classic Zinc Finger
Q9Y4K0	[572, 588]	No_Gene3D_overlap
Q9Y4K0	[650, 677]	No_Gene3D_overlap
A2A3K4	[47, 67]	No_Gene3D_overlap
O15488	[301, 340]	No_Gene3D_overlap
P35555	[21, 1702]	Laminin
P35555	[1799, 2727]	TGF-beta binding (TB) domain
Q12888	[600, 625]	No_Gene3D_overlap
Q12888	[691, 721]	No_Gene3D_overlap
Q14520	[47, 218]	Laminin
Q58G82	[15, 44]	C2 domain
Q6ZTB9	[20, 186]	Classic Zinc Finger
Q7Z3I7	[109, 426]	Classic Zinc Finger
Q8N474	[160, 197]	-
Q96H79	[92, 134]	No_Gene3D_overlap
Q96H79	[189, 216]	No_Gene3D_overlap
Q96H79	[283, 299]	No_Gene3D_overlap
Q96PQ7	[172, 196]	Potassium Channel Kv1.1; Chain A
Q9BZ11	[349, 689]	Collagenase (Catalytic Domain)
Q9BZ11	[720, 754]	No_Gene3D_overlap
Q9NXW9	[4, 35]	No_Gene3D_overlap
O14511	[0, 18]	No_Gene3D_overlap
O14511	[427, 455]	No_Gene3D_overlap
O60566	[492, 512]	No_Gene3D_overlap
P00738	[75, 104]	Complement Module, domain 1
P18084	[452, 668]	Laminin
Q15911	[73, 99]	No_Gene3D_overlap
Q15911	[1075, 1092]	No_Gene3D_overlap
Q15911	[3459, 3492]	No_Gene3D_overlap
Q15911	[3520, 3548]	No_Gene3D_overlap
Q16587	[515, 570]	Classic Zinc Finger
Q494X3	[246, 341]	Classic Zinc Finger
Q5IJ48	[31, 444]	Laminin
Q5IJ48	[1043, 1206]	Laminin
Q6IE37	[57, 94]	No_Gene3D_overlap
Q86V71	[52, 74]	-
Q86V71	[164, 243]	Classic Zinc Finger
Q8IUW3	[349, 397]	No_Gene3D_overlap
Q969Z4	[264, 304]	No_Gene3D_overlap
Q96LW1	[261, 312]	Classic Zinc Finger
Q96QV1	[105, 124]	No_Gene3D_overlap
Q9NQB0	[434, 505]	No_Gene3D_overlap
Q9P2N5	[277, 299]	No_Gene3D_overlap
A6NF34	[412, 630]	No_Gene3D_overlap
O15016	[3, 48]	No_Gene3D_overlap
O15016	[66, 82]	No_Gene3D_overlap
O15016	[92, 155]	No_Gene3D_overlap
O15016	[409, 438]	No_Gene3D_overlap
O15016	[456, 488]	No_Gene3D_overlap
O75153	[586, 601]	No_Gene3D_overlap
P11047	[283, 501]	Galactose-binding domain-like
P11047	[679, 1043]	Laminin
P25391	[268, 507]	Galactose-binding domain-like
P25391	[737, 1168]	Laminin
P25391	[1351, 1566]	Laminin
P78346	[249, 267]	No_Gene3D_overlap
P78504	[202, 967]	Laminin
P98088	[237, 269]	No_Gene3D_overlap
P98088	[288, 440]	Laminin
P98088	[606, 677]	No_Gene3D_overlap
P98088	[922, 959]	No_Gene3D_overlap
P98088	[1068, 1091]	No_Gene3D_overlap
P98088	[1113, 1143]	No_Gene3D_overlap
P98088	[1161, 1327]	No_Gene3D_overlap
P98088	[1372, 1396]	No_Gene3D_overlap
P98088	[1410, 1490]	No_Gene3D_overlap
P98088	[1566, 1591]	No_Gene3D_overlap
P98088	[1605, 1686]	No_Gene3D_overlap
P98088	[1732, 1756]	No_Gene3D_overlap
P98088	[1770, 1850]	No_Gene3D_overlap
P98088	[1939, 1964]	No_Gene3D_overlap
P98088	[1978, 2059]	No_Gene3D_overlap
P98088	[2105, 2129]	No_Gene3D_overlap
P98088	[2143, 2229]	No_Gene3D_overlap
P98088	[3211, 3235]	No_Gene3D_overlap
P98088	[3249, 3329]	No_Gene3D_overlap
P98088	[3509, 3533]	No_Gene3D_overlap
P98088	[3547, 3633]	No_Gene3D_overlap
P98088	[3942, 3966]	No_Gene3D_overlap
P98088	[3980, 4060]	No_Gene3D_overlap
P98088	[4616, 4640]	No_Gene3D_overlap
P98088	[4654, 4740]	No_Gene3D_overlap
P98088	[4796, 4925]	No_Gene3D_overlap
P98088	[5054, 5111]	No_Gene3D_overlap
P98088	[5130, 5154]	No_Gene3D_overlap
P98088	[5198, 5628]	Laminin
Q7Z3S7	[870, 887]	No_Gene3D_overlap
Q7Z3S7	[1073, 1119]	No_Gene3D_overlap
Q7Z6I6	[902, 922]	No_Gene3D_overlap
Q7Z6I6	[943, 974]	No_Gene3D_overlap
Q7Z6I6	[1016, 1058]	No_Gene3D_overlap
Q8IUB2	[19, 225]	Elafin-like
Q8WUU4	[379, 432]	Classic Zinc Finger
Q96N20	[144, 203]	Classic Zinc Finger
Q9H228	[316, 337]	Rhodopsin 7-helix transmembrane proteins
Q9NSJ1	[201, 351]	Classic Zinc Finger
O00744	[71, 103]	No_Gene3D_overlap
O00744	[138, 155]	No_Gene3D_overlap
O00744	[236, 270]	No_Gene3D_overlap
O95544	[11, 35]	No_Gene3D_overlap
P19174	[0, 21]	No_Gene3D_overlap
P22460	[566, 591]	No_Gene3D_overlap
P56706	[119, 146]	No_Gene3D_overlap
P56706	[189, 222]	No_Gene3D_overlap
Q13434	[56, 150]	-
Q13434	[269, 303]	Zinc/RING finger domain, C3HC4 (zinc finger)
Q6PI77	[246, 290]	No_Gene3D_overlap
Q9ULL4	[1073, 1093]	No_Gene3D_overlap
Q9UQP3	[88, 268]	Immunoglobulins
C9J2P7	[34, 61]	No_Gene3D_overlap
P13349	[6, 29]	No_Gene3D_overlap
P13349	[56, 84]	Helix-loop-helix DNA-binding domain
P13349	[142, 174]	No_Gene3D_overlap
Q16363	[45, 278]	Laminin
Q6DN72	[418, 433]	No_Gene3D_overlap
Q7Z353	[205, 256]	No_Gene3D_overlap
Q86SQ6	[312, 425]	No_Gene3D_overlap
Q86SQ6	[460, 480]	No_Gene3D_overlap
Q9H7P9	[8, 40]	No_Gene3D_overlap
Q9H7P9	[994, 1022]	No_Gene3D_overlap
Q9NY47	[861, 886]	No_Gene3D_overlap
Q9NY47	[1064, 1116]	No_Gene3D_overlap
Q9UBT2	[150, 170]	Ubiquitin activating enzymes (Uba3). Chain: B, domain 2
Q9UBZ4	[461, 514]	No_Gene3D_overlap
Q9UL68	[313, 343]	No_Gene3D_overlap
Q9UL68	[495, 618]	-
Q9UL68	[694, 724]	No_Gene3D_overlap
Q9UL68	[775, 825]	No_Gene3D_overlap
Q9UL68	[861, 987]	-
Q9ULX5	[1, 30]	No_Gene3D_overlap
O14709	[753, 807]	Classic Zinc Finger
O95428	[27, 190]	Thrombospondin type-1 (TSP1) repeat
O95428	[305, 547]	Thrombospondin type-1 (TSP1) repeat
O95428	[619, 690]	No_Gene3D_overlap
O95428	[1224, 1249]	No_Gene3D_overlap
P22674	[40, 67]	No_Gene3D_overlap
P42081	[311, 328]	No_Gene3D_overlap
Q7Z5Q5	[254, 271]	Ribonuclease H-like superfamily/Ribonuclease H
Q86XP1	[1016, 1045]	No_Gene3D_overlap
Q8IZF5	[192, 227]	No_Gene3D_overlap
Q8N2H3	[393, 412]	No_Gene3D_overlap
Q96PM5	[0, 81]	No_Gene3D_overlap
Q96PM5	[92, 114]	No_Gene3D_overlap
Q96SQ5	[53, 106]	-
Q96SQ5	[259, 508]	Classic Zinc Finger
Q9BRR9	[181, 221]	-
Q9BXP8	[575, 665]	Collagenase (Catalytic Domain)
Q9BXP8	[872, 897]	No_Gene3D_overlap
Q9BXP8	[1034, 1056]	No_Gene3D_overlap
Q9BXP8	[1104, 1184]	No_Gene3D_overlap
Q9BXP8	[1194, 1247]	No_Gene3D_overlap
Q9BXP8	[1362, 1406]	No_Gene3D_overlap
Q9BXP8	[1438, 1474]	Complement Module, domain 1
Q9BXP8	[1586, 1634]	Complement Module, domain 1
Q9BXP8	[1703, 1790]	No_Gene3D_overlap
Q9H1J5	[106, 130]	No_Gene3D_overlap
Q9H1J5	[169, 189]	No_Gene3D_overlap
Q9H9K5	[341, 370]	No_Gene3D_overlap
Q9NSN8	[148, 191]	No_Gene3D_overlap
Q9ULG6	[601, 632]	No_Gene3D_overlap
A6NLJ0	[23, 67]	No_Gene3D_overlap
O43900	[16, 97]	No_Gene3D_overlap
O43900	[135, 155]	No_Gene3D_overlap
O43900	[240, 375]	Cysteine Rich Protein
O95153	[530, 564]	No_Gene3D_overlap
O95153	[1465, 1503]	No_Gene3D_overlap
Q01804	[750, 772]	No_Gene3D_overlap
Q15942	[373, 518]	Cysteine Rich Protein
Q5EBL2	[286, 314]	No_Gene3D_overlap
Q5EBL2	[529, 608]	Classic Zinc Finger
Q8IZP9	[202, 254]	No_Gene3D_overlap
Q8IZP9	[965, 1003]	No_Gene3D_overlap
Q8NA31	[474, 530]	No_Gene3D_overlap
Q96PT4	[3, 23]	No_Gene3D_overlap
Q96QC0	[910, 936]	No_Gene3D_overlap
Q9NYY3	[7, 27]	No_Gene3D_overlap
Q9UL62	[907, 963]	No_Gene3D_overlap
Q9UM73	[976, 1010]	No_Gene3D_overlap
A6NMZ7	[1373, 1397]	No_Gene3D_overlap
A6NMZ7	[1940, 1956]	von Willebrand factor, type A domain
O43149	[707, 725]	No_Gene3D_overlap
Q8IYX0	[117, 310]	Classic Zinc Finger
Q8NA42	[161, 474]	Classic Zinc Finger
Q8NFT6	[353, 377]	No_Gene3D_overlap
Q8NFT6	[413, 455]	No_Gene3D_overlap
Q9H8U3	[88, 127]	No_Gene3D_overlap
Q9UHF1	[21, 185]	Laminin
A8MYU2	[613, 636]	No_Gene3D_overlap
O00110	[22, 42]	No_Gene3D_overlap
P0DJD3	[431, 480]	No_Gene3D_overlap
Q01081	[144, 172]	-
Q6PJI9	[880, 919]	No_Gene3D_overlap
Q6PJI9	[932, 972]	No_Gene3D_overlap
Q6ZMY6	[0, 33]	No_Gene3D_overlap
Q8IV45	[344, 366]	No_Gene3D_overlap
Q8IYW4	[190, 219]	No_Gene3D_overlap
Q9NPF0	[30, 176]	Low-density Lipoprotein Receptor
P13945	[358, 381]	Rhodopsin 7-helix transmembrane proteins
P31275	[72, 104]	No_Gene3D_overlap
Q12901	[167, 248]	Classic Zinc Finger
Q12901	[307, 442]	Classic Zinc Finger
Q13064	[261, 298]	Zinc/RING finger domain, C3HC4 (zinc finger)
Q15365	[185, 210]	No_Gene3D_overlap
Q4G112	[302, 341]	No_Gene3D_overlap
Q6N063	[314, 330]	No_Gene3D_overlap
Q86YF9	[96, 112]	No_Gene3D_overlap
Q8IZ41	[407, 435]	No_Gene3D_overlap
Q8IZP6	[230, 260]	Zinc/RING finger domain, C3HC4 (zinc finger)
Q8N2N9	[774, 796]	No_Gene3D_overlap
Q9H2D6	[0, 35]	No_Gene3D_overlap
Q9H2D6	[112, 127]	No_Gene3D_overlap
Q9H2D6	[1102, 1122]	No_Gene3D_overlap
Q9H2D6	[1146, 1169]	No_Gene3D_overlap
Q9H706	[349, 371]	No_Gene3D_overlap
Q9NYB5	[469, 489]	No_Gene3D_overlap
Q9UNX9	[387, 405]	No_Gene3D_overlap
Q9Y2E4	[911, 928]	-
A2VCK2	[92, 121]	Doublecortin domain
O94983	[216, 251]	No_Gene3D_overlap
P13682	[171, 236]	Classic Zinc Finger
P13682	[457, 517]	Classic Zinc Finger
Q04721	[23, 1543]	Laminin
Q13751	[239, 593]	Tie2 ligand-binding domain superfamily
Q13751	[780, 823]	No_Gene3D_overlap
Q86WZ6	[241, 394]	Classic Zinc Finger
Q8IUL8	[374, 477]	Immunoglobulins
Q8N143	[292, 398]	Classic Zinc Finger
Q8N2R0	[191, 272]	Classic Zinc Finger
Q8N446	[132, 159]	No_Gene3D_overlap
Q92764	[392, 454]	-
Q9BXR6	[372, 402]	Complement Module, domain 1
Q9BXX0	[105, 124]	No_Gene3D_overlap
Q9C0D5	[155, 218]	No_Gene3D_overlap
Q9NRM6	[485, 501]	-
Q9UK13	[143, 585]	Classic Zinc Finger
O15072	[498, 720]	-
O15072	[857, 1059]	Thrombospondin type-1 (TSP1) repeat
O95780	[108, 133]	No_Gene3D_overlap
O95780	[220, 383]	Classic Zinc Finger
P0C6A0	[9, 69]	No_Gene3D_overlap
P78368	[388, 410]	No_Gene3D_overlap
Q6ZN30	[23, 44]	No_Gene3D_overlap
Q6ZN30	[114, 136]	No_Gene3D_overlap
Q7Z713	[118, 145]	Ankyrin repeat-containing domain
A6NDX5	[101, 124]	No_Gene3D_overlap
O94953	[693, 746]	Zinc/RING finger domain, C3HC4 (zinc finger)
P22105	[74, 96]	No_Gene3D_overlap
P22105	[110, 754]	Laminin
P61968	[140, 164]	Cysteine Rich Protein
P98153	[284, 338]	No_Gene3D_overlap
Q15415	[433, 459]	No_Gene3D_overlap
Q5SRH9	[151, 173]	No_Gene3D_overlap
Q6ZMY3	[113, 170]	No_Gene3D_overlap
Q6ZMY3	[318, 353]	No_Gene3D_overlap
Q6ZMY3	[779, 821]	No_Gene3D_overlap
Q70EL1	[1057, 1105]	No_Gene3D_overlap
Q7Z3K3	[369, 407]	No_Gene3D_overlap
Q86YJ5	[29, 55]	No_Gene3D_overlap
Q8IZA0	[887, 902]	No_Gene3D_overlap
Q99684	[132, 164]	No_Gene3D_overlap
Q9HCI7	[133, 163]	No_Gene3D_overlap
Q9HCI7	[210, 256]	No_Gene3D_overlap
Q9HCI7	[451, 507]	No_Gene3D_overlap
Q9UKJ8	[378, 579]	Disintegrin domain
Q9UKJ8	[635, 671]	No_Gene3D_overlap
A8TX70	[1375, 1402]	No_Gene3D_overlap
O15218	[342, 364]	Rhodopsin 7-helix transmembrane proteins
O60308	[773, 878]	No_Gene3D_overlap
P19544	[191, 215]	No_Gene3D_overlap
Q13643	[0, 233]	Cysteine Rich Protein
Q5T8P6	[292, 312]	No_Gene3D_overlap
Q86VP1	[602, 625]	No_Gene3D_overlap
Q8N3J9	[106, 255]	Classic Zinc Finger
A5YKK6	[1489, 1513]	No_Gene3D_overlap
P28358	[77, 122]	No_Gene3D_overlap
P49747	[58, 361]	Laminin
P98161	[239, 268]	No_Gene3D_overlap
P98161	[635, 676]	No_Gene3D_overlap
P98161	[2456, 2479]	No_Gene3D_overlap
Q68DV7	[471, 518]	No_Gene3D_overlap
Q68DV7	[690, 737]	No_Gene3D_overlap
Q68DV7	[748, 782]	No_Gene3D_overlap
Q8NEZ3	[1307, 1341]	No_Gene3D_overlap
Q92956	[33, 192]	Tumor Necrosis Factor Receptor, subunit A, domain 2
Q99676	[211, 460]	Classic Zinc Finger
Q9BWV1	[919, 956]	No_Gene3D_overlap
Q9BWV1	[1007, 1028]	No_Gene3D_overlap
Q9BWV1	[1045, 1089]	No_Gene3D_overlap
Q9H0B3	[238, 279]	No_Gene3D_overlap
Q9H0B3	[727, 764]	No_Gene3D_overlap
Q9H0B3	[1026, 1081]	No_Gene3D_overlap
Q9UID6	[103, 119]	No_Gene3D_overlap
Q9UID6	[315, 339]	Classic Zinc Finger
Q9UPR6	[374, 423]	No_Gene3D_overlap
Q9UPR6	[459, 484]	No_Gene3D_overlap
A6NK53	[190, 252]	No_Gene3D_overlap
A6NK53	[291, 416]	Classic Zinc Finger
A6NK53	[438, 578]	Classic Zinc Finger
O14525	[459, 495]	No_Gene3D_overlap
O14525	[606, 679]	Laminin
O14525	[930, 963]	No_Gene3D_overlap
O14525	[1000, 1035]	No_Gene3D_overlap
O76081	[198, 229]	No_Gene3D_overlap
O95521	[445, 473]	No_Gene3D_overlap
P03973	[24, 131]	Elafin-like
P35348	[408, 444]	No_Gene3D_overlap
P52740	[617, 705]	Classic Zinc Finger
Q0VDD8	[555, 587]	No_Gene3D_overlap
Q8IZ20	[0, 21]	No_Gene3D_overlap
Q8IZ20	[32, 94]	No_Gene3D_overlap
Q8IZ20	[162, 180]	No_Gene3D_overlap
Q9UPT6	[840, 864]	No_Gene3D_overlap
Q9Y5I0	[722, 746]	No_Gene3D_overlap
A6NEL2	[177, 209]	No_Gene3D_overlap
Q13574	[173, 193]	No_Gene3D_overlap
Q6ZSB9	[119, 169]	Potassium Channel Kv1.1; Chain A
Q6ZSB9	[353, 409]	Classic Zinc Finger
Q7Z3B3	[577, 601]	No_Gene3D_overlap
Q7Z3B3	[616, 645]	No_Gene3D_overlap
Q8TF61	[1, 19]	No_Gene3D_overlap
Q92802	[222, 260]	No_Gene3D_overlap
Q92802	[311, 386]	No_Gene3D_overlap
Q96FV2	[0, 17]	Penicillin V Acylase; Chain A
Q96I27	[139, 302]	Classic Zinc Finger
Q96K83	[6, 160]	Classic Zinc Finger
Q96K83	[828, 851]	Classic Zinc Finger
Q96K83	[1053, 1079]	No_Gene3D_overlap
Q96K83	[1090, 1105]	No_Gene3D_overlap
Q96K83	[1216, 1252]	Classic Zinc Finger
Q9BZE9	[118, 147]	No_Gene3D_overlap
Q9ULD8	[907, 956]	No_Gene3D_overlap
A2RRD8	[152, 483]	Classic Zinc Finger
A6QL64	[1336, 1358]	No_Gene3D_overlap
O15399	[1171, 1206]	No_Gene3D_overlap
O15399	[1216, 1235]	No_Gene3D_overlap
P17023	[145, 164]	Classic Zinc Finger
P43681	[398, 419]	No_Gene3D_overlap
P43681	[473, 501]	No_Gene3D_overlap
P43681	[518, 542]	No_Gene3D_overlap
P48200	[157, 187]	No_Gene3D_overlap
Q13370	[57, 75]	No_Gene3D_overlap
Q149N8	[590, 686]	Zinc/RING finger domain, C3HC4 (zinc finger)
Q149N8	[1002, 1023]	No_Gene3D_overlap
Q5T089	[346, 371]	No_Gene3D_overlap
Q68CR7	[686, 706]	No_Gene3D_overlap
Q6ZN08	[95, 216]	Classic Zinc Finger
Q8IWV8	[1150, 1185]	No_Gene3D_overlap
Q8IWV8	[1460, 1478]	No_Gene3D_overlap
Q8IWV8	[1610, 1662]	No_Gene3D_overlap
Q8IYX8	[284, 329]	-
Q8NDX6	[120, 191]	Classic Zinc Finger
Q8TE56	[801, 1049]	Thrombospondin type-1 (TSP1) repeat
Q8TE56	[1064, 1093]	No_Gene3D_overlap
Q92622	[910, 941]	No_Gene3D_overlap
Q96SZ4	[126, 151]	DNA breaking-rejoining enzymes
Q96SZ4	[513, 564]	Classic Zinc Finger
Q9Y6M4	[421, 442]	No_Gene3D_overlap
O43497	[550, 570]	No_Gene3D_overlap
O43497	[633, 679]	No_Gene3D_overlap
O95863	[168, 222]	Classic Zinc Finger
P17039	[79, 165]	Classic Zinc Finger
P21854	[215, 237]	Mannose-Binding Protein A, subunit A
P51508	[235, 260]	Classic Zinc Finger
P51508	[349, 400]	Classic Zinc Finger
P56199	[71, 87]	No_Gene3D_overlap
P63133	[925, 955]	No_Gene3D_overlap
Q14956	[420, 443]	No_Gene3D_overlap
Q3MJ16	[234, 257]	No_Gene3D_overlap
Q3MJ16	[277, 310]	No_Gene3D_overlap
Q685J3	[4124, 4169]	No_Gene3D_overlap
Q685J3	[4338, 4383]	No_Gene3D_overlap
Q6ZMW2	[127, 164]	No_Gene3D_overlap
Q6ZMW2	[360, 436]	Classic Zinc Finger
Q8TD23	[101, 144]	Classic Zinc Finger
Q8TD23	[163, 301]	Classic Zinc Finger
Q96Q91	[604, 620]	No_Gene3D_overlap
Q9C0E4	[347, 371]	No_Gene3D_overlap
Q9NQX1	[152, 334]	Classic Zinc Finger
A0JP26	[0, 51]	No_Gene3D_overlap
O43909	[166, 185]	No_Gene3D_overlap
P02452	[29, 101]	Complement Module, domain 1
P07202	[710, 846]	Haem peroxidase domain superfamily, animal type
P08842	[563, 581]	Alkaline Phosphatase, subunit A
Q6DHY5	[523, 545]	No_Gene3D_overlap
Q6WCQ1	[0, 34]	No_Gene3D_overlap
Q8ND94	[37, 82]	Immunoglobulins
Q8TDI0	[335, 471]	Zinc/RING finger domain, C3HC4 (zinc finger)
Q9ULJ6	[646, 667]	No_Gene3D_overlap
P25800	[12, 28]	Cysteine Rich Protein
Q13796	[463, 503]	No_Gene3D_overlap
Q4V348	[14, 64]	Classic Zinc Finger
Q4V348	[166, 404]	Classic Zinc Finger
Q4VC44	[680, 704]	No_Gene3D_overlap
Q6QN14	[34, 61]	No_Gene3D_overlap
Q86SU0	[195, 221]	No_Gene3D_overlap
Q86T29	[133, 157]	No_Gene3D_overlap
Q86T29	[187, 267]	Classic Zinc Finger
Q86VW2	[0, 35]	No_Gene3D_overlap
Q93075	[8, 37]	No_Gene3D_overlap
Q96M43	[440, 490]	No_Gene3D_overlap
Q9HBG6	[1224, 1240]	No_Gene3D_overlap
Q9UBU2	[67, 249]	Lipase, subunit A
A6QL63	[26, 60]	No_Gene3D_overlap
A6QL63	[290, 323]	No_Gene3D_overlap
O95460	[211, 389]	Laminin
O95786	[208, 236]	P-loop containing nucleotide triphosphate hydrolases
P13385	[144, 166]	No_Gene3D_overlap
Q68DQ2	[367, 403]	No_Gene3D_overlap
Q68DQ2	[952, 974]	No_Gene3D_overlap
Q68DY1	[96, 271]	Classic Zinc Finger
Q6NXE6	[0, 20]	No_Gene3D_overlap
Q86UD4	[6, 49]	No_Gene3D_overlap
Q8WV37	[222, 301]	Classic Zinc Finger
A6NGD5	[0, 19]	No_Gene3D_overlap
A6NGD5	[347, 398]	Classic Zinc Finger
P17098	[248, 412]	Classic Zinc Finger
P35442	[255, 279]	No_Gene3D_overlap
P35442	[309, 862]	-
Q4G0T1	[716, 731]	SRCR-like domain
Q4G0T1	[762, 804]	SRCR-like domain
Q7Z5P9	[595, 653]	No_Gene3D_overlap
Q7Z5P9	[665, 829]	Laminin
Q7Z5P9	[850, 870]	No_Gene3D_overlap
Q7Z5P9	[976, 1054]	No_Gene3D_overlap
Q7Z5P9	[1075, 1282]	Laminin
Q7Z5P9	[1405, 1420]	No_Gene3D_overlap
Q7Z5P9	[1436, 1458]	No_Gene3D_overlap
Q7Z5P9	[1475, 1498]	No_Gene3D_overlap
Q7Z5P9	[1536, 1569]	No_Gene3D_overlap
Q7Z5P9	[1609, 1644]	No_Gene3D_overlap
Q7Z5P9	[8140, 8300]	No_Gene3D_overlap
Q86UX6	[465, 485]	No_Gene3D_overlap
Q96JM4	[707, 732]	No_Gene3D_overlap
Q96L96	[753, 774]	No_Gene3D_overlap
Q9NV72	[300, 462]	Classic Zinc Finger
Q9NVP4	[182, 340]	No_Gene3D_overlap
Q9NVP4	[359, 384]	No_Gene3D_overlap
Q9ULE0	[935, 969]	No_Gene3D_overlap
O60503	[35, 63]	No_Gene3D_overlap
P0C7P1	[431, 480]	No_Gene3D_overlap
Q13422	[60, 87]	No_Gene3D_overlap
Q13422	[108, 232]	Classic Zinc Finger
Q14432	[18, 53]	No_Gene3D_overlap
Q14525	[2, 57]	No_Gene3D_overlap
Q14525	[352, 403]	-
Q6ZNG1	[153, 344]	Classic Zinc Finger
Q7Z333	[1431, 1451]	No_Gene3D_overlap
Q7Z333	[1540, 1574]	No_Gene3D_overlap
Q8N393	[287, 325]	No_Gene3D_overlap
Q8N393	[358, 581]	Classic Zinc Finger
Q92667	[476, 529]	No_Gene3D_overlap
Q9NSI5	[270, 380]	No_Gene3D_overlap
Q9NW64	[25, 45]	No_Gene3D_overlap
Q9NW64	[62, 82]	No_Gene3D_overlap
Q9UIE0	[159, 260]	Classic Zinc Finger
Q9UIE0	[271, 341]	Classic Zinc Finger
Q9UIE0	[355, 458]	Classic Zinc Finger
A6NM62	[321, 365]	No_Gene3D_overlap
A6NM62	[404, 434]	No_Gene3D_overlap
O14492	[307, 342]	Pleckstrin-homology domain (PH domain)/Phosphotyrosine-binding domain (PTB)
P52737	[215, 322]	Classic Zinc Finger
Q52M93	[177, 228]	Classic Zinc Finger
Q52M93	[429, 482]	Classic Zinc Finger
Q6NUJ5	[395, 427]	No_Gene3D_overlap
Q8IX06	[400, 425]	No_Gene3D_overlap
Q8IX06	[446, 476]	No_Gene3D_overlap
Q8IXW0	[573, 633]	No_Gene3D_overlap
Q8IZQ8	[568, 642]	No_Gene3D_overlap
Q96AY2	[155, 185]	No_Gene3D_overlap
Q96MR9	[204, 247]	No_Gene3D_overlap
Q96MR9	[510, 635]	Classic Zinc Finger
Q96MR9	[647, 782]	Classic Zinc Finger
Q96QU1	[1685, 1719]	No_Gene3D_overlap
Q96QU1	[1816, 1857]	No_Gene3D_overlap
Q9UDV7	[485, 616]	Classic Zinc Finger
Q9Y3Q7	[378, 662]	Collagenase (Catalytic Domain)
O14981	[895, 948]	No_Gene3D_overlap
O43790	[0, 33]	No_Gene3D_overlap
O43790	[45, 86]	No_Gene3D_overlap
O43790	[407, 485]	-
Q2WGN9	[162, 182]	Pleckstrin-homology domain (PH domain)/Phosphotyrosine-binding domain (PTB)
Q2WGN9	[197, 217]	No_Gene3D_overlap
Q969S8	[379, 412]	No_Gene3D_overlap
Q96SF7	[375, 401]	No_Gene3D_overlap
Q9C0B7	[280, 297]	No_Gene3D_overlap
Q9UC07	[0, 18]	-
Q9UC07	[234, 462]	Classic Zinc Finger
Q9UHC1	[1009, 1046]	No_Gene3D_overlap
Q9UHC1	[1426, 1452]	No_Gene3D_overlap
A6NHN0	[91, 111]	No_Gene3D_overlap
A8MWA4	[107, 242]	Classic Zinc Finger
O95967	[25, 345]	Laminin
P23409	[62, 94]	Helix-loop-helix DNA-binding domain
P59923	[588, 695]	Classic Zinc Finger
P59923	[944, 1020]	Classic Zinc Finger
Q2M1V0	[0, 29]	No_Gene3D_overlap
Q8N9H8	[683, 708]	No_Gene3D_overlap
Q8N9H8	[720, 737]	No_Gene3D_overlap
Q8N9H8	[772, 798]	No_Gene3D_overlap
Q8WXH5	[176, 214]	No_Gene3D_overlap
A8MTY0	[273, 352]	Classic Zinc Finger
P14652	[234, 255]	No_Gene3D_overlap
Q05215	[113, 134]	No_Gene3D_overlap
Q05215	[162, 179]	No_Gene3D_overlap
Q05215	[458, 527]	Classic Zinc Finger
Q6IQ21	[137, 174]	Classic Zinc Finger
Q6IQ21	[300, 323]	No_Gene3D_overlap
Q6IQ21	[452, 517]	Classic Zinc Finger
Q6IQ21	[585, 628]	Classic Zinc Finger
Q8IZX4	[1274, 1295]	No_Gene3D_overlap
Q96CS4	[140, 331]	Classic Zinc Finger
Q9BXB1	[886, 908]	No_Gene3D_overlap
Q9NR81	[484, 525]	No_Gene3D_overlap
P10071	[1168, 1203]	No_Gene3D_overlap
P10071	[1243, 1281]	No_Gene3D_overlap
P48357	[1138, 1163]	No_Gene3D_overlap
Q14973	[333, 348]	No_Gene3D_overlap
Q2T9J0	[6, 40]	No_Gene3D_overlap
Q4VXU2	[490, 522]	No_Gene3D_overlap
Q5JNZ3	[226, 291]	Classic Zinc Finger
Q86YT6	[769, 964]	Ankyrin repeat-containing domain
Q8IZF3	[41, 98]	No_Gene3D_overlap
Q8NDP4	[110, 159]	Classic Zinc Finger
Q8NDP4	[224, 398]	Classic Zinc Finger
Q8WTP8	[1, 23]	No_Gene3D_overlap
Q8WTP8	[72, 119]	Ribonuclease H-like superfamily/Ribonuclease H
Q9BZC7	[1631, 1654]	No_Gene3D_overlap
Q9P2F9	[191, 275]	Classic Zinc Finger
O00154	[14, 63]	Hotdog Thioesterase
P14543	[660, 928]	Laminin
P16415	[31, 145]	Classic Zinc Finger
P16415	[211, 513]	Classic Zinc Finger
P21580	[467, 636]	-
P21580	[705, 789]	-
Q14012	[338, 364]	No_Gene3D_overlap
Q2KHT4	[269, 293]	-
Q5T7W7	[424, 501]	Rhodanese-like domain
Q8IZM8	[34, 52]	No_Gene3D_overlap
Q8IZM8	[721, 745]	Classic Zinc Finger
Q8IZM8	[1079, 1124]	No_Gene3D_overlap
Q8NCW0	[121, 136]	Plasminogen Kringle 4
Q8NCW0	[176, 219]	Spermadhesin, CUB domain
Q96J02	[142, 190]	C2 domain
Q9BZZ2	[1688, 1708]	No_Gene3D_overlap
Q9NST1	[407, 445]	No_Gene3D_overlap
Q9UHL9	[0, 22]	No_Gene3D_overlap
Q9UHL9	[293, 314]	No_Gene3D_overlap
Q9Y2A4	[54, 145]	-
Q9Y2A4	[579, 664]	Classic Zinc Finger
Q9Y2P0	[101, 236]	Classic Zinc Finger
A8K979	[586, 627]	No_Gene3D_overlap
A8MPS7	[283, 319]	Glycoside hydrolase/deacetylase
B9A6J9	[523, 545]	No_Gene3D_overlap
O95718	[1, 21]	No_Gene3D_overlap
O95718	[59, 93]	No_Gene3D_overlap
P36544	[351, 373]	No_Gene3D_overlap
P36544	[397, 421]	No_Gene3D_overlap
P49019	[360, 386]	No_Gene3D_overlap
Q05209	[722, 745]	No_Gene3D_overlap
Q13224	[1207, 1254]	No_Gene3D_overlap
Q49AA0	[290, 371]	Classic Zinc Finger
Q63HK3	[754, 929]	Classic Zinc Finger
Q63HK3	[939, 960]	Classic Zinc Finger
Q6KB66	[8, 43]	No_Gene3D_overlap
O43296	[147, 245]	Classic Zinc Finger
O43296	[437, 497]	Classic Zinc Finger
O95450	[563, 730]	-
O95450	[859, 1037]	Thrombospondin type-1 (TSP1) repeat
O95450	[1052, 1102]	No_Gene3D_overlap
P07996	[307, 849]	Laminin
P15173	[54, 79]	Helix-loop-helix DNA-binding domain
P63132	[928, 958]	No_Gene3D_overlap
P98095	[23, 67]	No_Gene3D_overlap
P98095	[88, 186]	No_Gene3D_overlap
P98095	[434, 562]	No_Gene3D_overlap
P98095	[658, 1081]	Laminin
Q6ZRI0	[111, 156]	No_Gene3D_overlap
Q6ZRI0	[188, 203]	No_Gene3D_overlap
Q6ZRI0	[324, 520]	No_Gene3D_overlap
Q6ZRI0	[726, 990]	Laminin
Q6ZRI0	[1138, 1164]	No_Gene3D_overlap
Q6ZRI0	[1198, 1219]	No_Gene3D_overlap
Q6ZRI0	[1414, 1473]	No_Gene3D_overlap
Q6ZRI0	[2041, 2094]	No_Gene3D_overlap
Q6ZRI0	[2289, 2317]	No_Gene3D_overlap
Q6ZRI0	[2373, 2765]	Laminin
Q6ZRI0	[2778, 2900]	No_Gene3D_overlap
Q8NFG4	[0, 30]	No_Gene3D_overlap
Q8NFG4	[71, 94]	No_Gene3D_overlap
Q8TDY8	[1176, 1219]	No_Gene3D_overlap
Q8TF47	[245, 324]	Classic Zinc Finger
Q8WWF5	[394, 416]	No_Gene3D_overlap
Q96Q04	[661, 692]	No_Gene3D_overlap
Q9BVR0	[80, 110]	No_Gene3D_overlap
Q9BZV3	[1052, 1074]	No_Gene3D_overlap
Q9NYD6	[30, 56]	No_Gene3D_overlap
Q9NYD6	[88, 121]	No_Gene3D_overlap
Q9NYT6	[186, 208]	No_Gene3D_overlap
Q9NYT6	[243, 321]	Classic Zinc Finger
Q9UKS7	[103, 227]	Classic Zinc Finger
O15027	[664, 684]	No_Gene3D_overlap
P07949	[504, 632]	No_Gene3D_overlap
P28340	[1012, 1038]	No_Gene3D_overlap
P55259	[37, 94]	No_Gene3D_overlap
P55259	[171, 234]	Zona pellucida, ZP-N domain
P58397	[505, 611]	-
P58397	[645, 709]	-
P58397	[837, 1005]	Thrombospondin type-1 (TSP1) repeat
P58397	[1327, 1593]	Thrombospondin type-1 (TSP1) repeat
Q5FYA8	[543, 560]	Alkaline Phosphatase, subunit A
Q6NUM6	[199, 219]	-
Q8N184	[244, 324]	Classic Zinc Finger
Q96KV7	[1069, 1108]	No_Gene3D_overlap
Q9ULT6	[520, 632]	No_Gene3D_overlap
Q9ULT6	[699, 723]	No_Gene3D_overlap
Q9ULT6	[768, 855]	No_Gene3D_overlap
Q9ULT6	[870, 901]	No_Gene3D_overlap
O76011	[0, 57]	No_Gene3D_overlap
O76011	[351, 393]	-
O95377	[217, 239]	Gap junction channel protein cysteine-rich domain
P00749	[18, 39]	Laminin
P0CB33	[107, 255]	Classic Zinc Finger
P16109	[120, 349]	Laminin
P16109	[492, 667]	Complement Module, domain 1
P50461	[0, 171]	Cysteine Rich Protein
Q02223	[123, 145]	No_Gene3D_overlap
Q14264	[60, 82]	No_Gene3D_overlap
Q14264	[147, 174]	No_Gene3D_overlap
Q6AHZ1	[198, 215]	No_Gene3D_overlap
Q6AHZ1	[1007, 1037]	No_Gene3D_overlap
Q6AHZ1	[1203, 1248]	No_Gene3D_overlap
Q6AHZ1	[1266, 1308]	No_Gene3D_overlap
Q7Z419	[113, 175]	Zinc/RING finger domain, C3HC4 (zinc finger)
Q7Z419	[286, 302]	No_Gene3D_overlap
Q8N4T4	[0, 19]	Dbl homology (DH) domain
Q8NBP0	[62, 111]	No_Gene3D_overlap
Q8NDY6	[190, 224]	No_Gene3D_overlap
Q8TBN0	[288, 311]	No_Gene3D_overlap
Q96IR2	[234, 369]	Classic Zinc Finger
Q96IR2	[626, 705]	Classic Zinc Finger
Q9UKP6	[343, 371]	No_Gene3D_overlap
P51172	[25, 99]	No_Gene3D_overlap
P51172	[155, 182]	No_Gene3D_overlap
P51172	[603, 628]	No_Gene3D_overlap
Q13591	[516, 710]	ligand-binding face of the semaphorins, domain 2
Q13591	[722, 775]	No_Gene3D_overlap
Q13591	[788, 910]	Thrombospondin type-1 (TSP1) repeat
Q5EBN2	[175, 197]	No_Gene3D_overlap
Q8N3F8	[106, 134]	Calponin-like domain
Q8TF39	[381, 540]	Classic Zinc Finger
Q96AP4	[0, 16]	No_Gene3D_overlap
Q96AP4	[72, 104]	No_Gene3D_overlap
Q96JB6	[635, 659]	No_Gene3D_overlap
Q96JB6	[720, 740]	No_Gene3D_overlap
Q9BXJ4	[19, 52]	No_Gene3D_overlap
Q9P2G1	[269, 290]	No_Gene3D_overlap
Q9P2G1	[415, 436]	Zinc/RING finger domain, C3HC4 (zinc finger)
O95714	[1366, 1383]	No_Gene3D_overlap
P51786	[153, 400]	Classic Zinc Finger
P60880	[77, 99]	-
Q02817	[196, 400]	Laminin
Q02817	[588, 634]	No_Gene3D_overlap
Q02817	[648, 857]	Laminin
Q02817	[1016, 1047]	No_Gene3D_overlap
Q02817	[1068, 1099]	No_Gene3D_overlap
Q02817	[1118, 1265]	No_Gene3D_overlap
Q02817	[1291, 1399]	No_Gene3D_overlap
Q02817	[1771, 1885]	No_Gene3D_overlap
Q02817	[4434, 4472]	No_Gene3D_overlap
Q02817	[4511, 4590]	No_Gene3D_overlap
Q02817	[4628, 4651]	No_Gene3D_overlap
Q02817	[4721, 4784]	No_Gene3D_overlap
Q13639	[349, 381]	No_Gene3D_overlap
Q7Z4N2	[0, 18]	No_Gene3D_overlap
Q8IVP9	[45, 101]	-
Q8IVP9	[147, 244]	Classic Zinc Finger
Q92576	[175, 285]	No_Gene3D_overlap
Q92576	[339, 382]	No_Gene3D_overlap
Q92576	[1691, 1718]	No_Gene3D_overlap
Q9H4E5	[0, 26]	P-loop containing nucleotide triphosphate hydrolases
Q9H4E5	[197, 213]	P-loop containing nucleotide triphosphate hydrolases
Q9ULI1	[1712, 1737]	No_Gene3D_overlap
Q9Y253	[549, 587]	No_Gene3D_overlap
Q9Y253	[624, 645]	No_Gene3D_overlap
A6NP11	[107, 280]	Classic Zinc Finger
Q04741	[0, 15]	No_Gene3D_overlap
Q12829	[259, 277]	No_Gene3D_overlap
Q14533	[0, 33]	No_Gene3D_overlap
Q14533	[45, 86]	No_Gene3D_overlap
Q14533	[407, 504]	-
Q14CM0	[1211, 1249]	No_Gene3D_overlap
Q5T848	[316, 335]	No_Gene3D_overlap
Q63HQ2	[352, 380]	No_Gene3D_overlap
Q63HQ2	[560, 579]	Laminin
Q8IVW8	[0, 15]	No_Gene3D_overlap
Q8IVW8	[28, 49]	No_Gene3D_overlap
Q8IWY4	[18, 506]	Laminin
Q8IWY4	[554, 578]	No_Gene3D_overlap
Q8IWY4	[606, 807]	Tumor Necrosis Factor Receptor, subunit A, domain 2
Q96GY0	[289, 314]	No_Gene3D_overlap
Q96M89	[136, 169]	No_Gene3D_overlap
Q9HC77	[495, 523]	No_Gene3D_overlap
Q9P267	[706, 741]	No_Gene3D_overlap
O15270	[0, 27]	No_Gene3D_overlap
Q86U44	[265, 305]	No_Gene3D_overlap
Q8WU68	[143, 178]	-
Q92886	[0, 17]	No_Gene3D_overlap
Q96QS1	[230, 270]	No_Gene3D_overlap
Q96QS1	[289, 319]	No_Gene3D_overlap
Q9BUG6	[347, 454]	Classic Zinc Finger
Q9P0K1	[624, 668]	No_Gene3D_overlap
D6R901	[34, 61]	No_Gene3D_overlap
O00144	[552, 576]	No_Gene3D_overlap
O75443	[496, 511]	No_Gene3D_overlap
O75443	[676, 712]	No_Gene3D_overlap
O75443	[1062, 1090]	No_Gene3D_overlap
O75443	[1273, 1292]	No_Gene3D_overlap
O75443	[1449, 1477]	No_Gene3D_overlap
O75443	[1753, 1809]	Zona pellucida, ZP-N domain
O95197	[31, 51]	No_Gene3D_overlap
O95202	[1, 74]	No_Gene3D_overlap
O95985	[640, 659]	No_Gene3D_overlap
O95985	[684, 783]	No_Gene3D_overlap
P0DPA2	[313, 341]	No_Gene3D_overlap
P0DPA2	[354, 413]	No_Gene3D_overlap
P51685	[325, 345]	No_Gene3D_overlap
Q03405	[87, 310]	CD59
Q15486	[74, 116]	Immunoglobulins
Q499Z3	[391, 406]	No_Gene3D_overlap
Q5JPF3	[1198, 1223]	No_Gene3D_overlap
Q5VWM3	[450, 474]	No_Gene3D_overlap
Q68DK2	[384, 403]	No_Gene3D_overlap
Q68DK2	[511, 533]	No_Gene3D_overlap
Q68DK2	[1231, 1247]	No_Gene3D_overlap
Q86V35	[163, 181]	No_Gene3D_overlap
Q8IW36	[140, 327]	Classic Zinc Finger
Q8IW36	[455, 514]	Classic Zinc Finger
Q9HAZ1	[38, 63]	No_Gene3D_overlap
Q9Y2M0	[277, 310]	No_Gene3D_overlap
A0AAG2SVG9	[0, 49]	No_Gene3D_overlap
O60522	[1548, 1566]	No_Gene3D_overlap
O60522	[1925, 1979]	No_Gene3D_overlap
P31391	[356, 375]	No_Gene3D_overlap
P61225	[166, 182]	P-loop containing nucleotide triphosphate hydrolases
Q1MX18	[19, 39]	No_Gene3D_overlap
Q92782	[80, 150]	No_Gene3D_overlap
Q9UKQ2	[397, 657]	Collagenase (Catalytic Domain)
Q9UMN6	[955, 1014]	No_Gene3D_overlap
A0A140TA62	[42, 99]	No_Gene3D_overlap
A0A140TA62	[393, 435]	-
P17735	[435, 453]	Aspartate Aminotransferase, domain 1
P21359	[662, 682]	No_Gene3D_overlap
P49711	[257, 336]	Classic Zinc Finger
Q07011	[16, 174]	Tumor Necrosis Factor Receptor, subunit A, domain 2
Q07011	[230, 254]	No_Gene3D_overlap
Q14191	[1362, 1383]	No_Gene3D_overlap
Q2VPK5	[422, 475]	No_Gene3D_overlap
Q2VPK5	[492, 512]	No_Gene3D_overlap
Q49AM3	[10, 38]	No_Gene3D_overlap
Q93097	[155, 186]	No_Gene3D_overlap
Q96SD1	[425, 453]	No_Gene3D_overlap
Q9P243	[3, 26]	No_Gene3D_overlap
Q9P243	[107, 131]	No_Gene3D_overlap
Q9UEG4	[141, 223]	Classic Zinc Finger
Q9Y2K1	[415, 479]	No_Gene3D_overlap
A5X5Y0	[355, 370]	Neurotransmitter-gated ion-channel transmembrane domain
P51504	[12, 91]	Classic Zinc Finger
Q13651	[441, 475]	No_Gene3D_overlap
Q63ZY6	[264, 284]	No_Gene3D_overlap
Q96H86	[152, 217]	Classic Zinc Finger
Q9BWM5	[193, 396]	Classic Zinc Finger
Q9NQ38	[80, 270]	-
Q9NQ38	[426, 541]	-
Q9NQ38	[556, 677]	-
O76009	[0, 57]	No_Gene3D_overlap
O76009	[352, 403]	-
P10826	[0, 17]	No_Gene3D_overlap
P10826	[39, 62]	No_Gene3D_overlap
P17787	[409, 427]	Neurotransmitter-gated ion-channel transmembrane domain
P22792	[470, 494]	No_Gene3D_overlap
P26842	[221, 245]	No_Gene3D_overlap
P43489	[0, 170]	Tumor Necrosis Factor Receptor, subunit A, domain 2
Q13029	[846, 895]	No_Gene3D_overlap
Q13029	[1201, 1228]	No_Gene3D_overlap
Q13029	[1445, 1469]	No_Gene3D_overlap
Q13106	[124, 175]	Classic Zinc Finger
Q13201	[227, 289]	No_Gene3D_overlap
Q86W28	[1031, 1047]	No_Gene3D_overlap
Q8IXT2	[1, 21]	No_Gene3D_overlap
Q8WWZ3	[46, 73]	No_Gene3D_overlap
Q8WWZ3	[85, 114]	No_Gene3D_overlap
Q9UPG8	[29, 84]	Classic Zinc Finger
A0A0G2JLG4	[361, 379]	No_Gene3D_overlap
B4DH59	[26, 257]	Laminin
B4DH59	[890, 922]	No_Gene3D_overlap
B4DH59	[965, 997]	No_Gene3D_overlap
B4DH59	[1040, 1072]	No_Gene3D_overlap
B4DH59	[1190, 1224]	No_Gene3D_overlap
B4DH59	[1284, 1318]	No_Gene3D_overlap
B4DH59	[1359, 1393]	No_Gene3D_overlap
B4DH59	[1509, 1543]	No_Gene3D_overlap
O75581	[275, 294]	Laminin
O75581	[1196, 1369]	Low-density Lipoprotein Receptor
P00740	[53, 187]	Laminin
P49798	[23, 51]	No_Gene3D_overlap
P49798	[179, 204]	No_Gene3D_overlap
Q13145	[214, 233]	No_Gene3D_overlap
Q15935	[97, 201]	Classic Zinc Finger
Q8IZJ3	[1663, 1686]	Alpha-macroglobulin, receptor-binding domain
Q96NA8	[18, 65]	No_Gene3D_overlap
Q9GZW5	[168, 189]	No_Gene3D_overlap
Q9NZU5	[17, 67]	No_Gene3D_overlap
Q9UGM5	[142, 163]	-
Q9UQC9	[195, 210]	No_Gene3D_overlap
O14594	[1001, 1096]	Laminin
O43353	[369, 423]	No_Gene3D_overlap
P07358	[492, 590]	Thrombospondin type-1 (TSP1) repeat
P49767	[198, 418]	Cystine-knot cytokines
P56915	[93, 122]	No_Gene3D_overlap
Q16478	[922, 945]	No_Gene3D_overlap
Q2VY69	[166, 497]	Classic Zinc Finger
Q6S545	[17, 126]	No_Gene3D_overlap
Q6UWL2	[24, 190]	Laminin
Q6ZN79	[162, 267]	Classic Zinc Finger
Q8TEW8	[597, 626]	No_Gene3D_overlap
A6BM72	[72, 831]	Laminin
O00237	[560, 597]	No_Gene3D_overlap
O00237	[658, 684]	Zinc/RING finger domain, C3HC4 (zinc finger)
O43593	[104, 128]	No_Gene3D_overlap
O43593	[253, 291]	No_Gene3D_overlap
O43593	[315, 353]	No_Gene3D_overlap
O43593	[382, 406]	No_Gene3D_overlap
O43593	[477, 521]	No_Gene3D_overlap
O43593	[588, 666]	No_Gene3D_overlap
O43593	[679, 701]	No_Gene3D_overlap
O43593	[747, 768]	No_Gene3D_overlap
O75339	[391, 494]	Immunoglobulins
P23352	[74, 110]	No_Gene3D_overlap
Q5SXH7	[416, 437]	No_Gene3D_overlap
Q5VWK0	[440, 490]	No_Gene3D_overlap
Q8TED9	[349, 378]	No_Gene3D_overlap
Q96G46	[279, 297]	No_Gene3D_overlap
Q9UKP4	[621, 646]	No_Gene3D_overlap
Q9UKP4	[822, 1003]	Thrombospondin type-1 (TSP1) repeat
Q9UKP4	[1412, 1685]	Thrombospondin type-1 (TSP1) repeat
Q9ULI4	[0, 18]	No_Gene3D_overlap
Q9ULI4	[59, 137]	No_Gene3D_overlap
Q9Y6C2	[78, 98]	No_Gene3D_overlap
Q9Y6C2	[111, 134]	No_Gene3D_overlap
Q9Y6C2	[571, 611]	No_Gene3D_overlap
Q7Z4H8	[485, 506]	No_Gene3D_overlap
Q86YP4	[408, 450]	No_Gene3D_overlap
Q8N4Y2	[344, 392]	No_Gene3D_overlap
Q8N7K0	[217, 410]	Classic Zinc Finger
Q8N9Z0	[223, 274]	Classic Zinc Finger
Q8NFW1	[465, 487]	No_Gene3D_overlap
Q8NFW1	[1005, 1025]	No_Gene3D_overlap
Q8TBZ5	[50, 85]	No_Gene3D_overlap
Q8TBZ5	[134, 197]	Classic Zinc Finger
Q99650	[847, 864]	No_Gene3D_overlap
Q9BSK1	[107, 201]	Classic Zinc Finger
Q9NY57	[388, 413]	No_Gene3D_overlap
Q9Y2G9	[1140, 1155]	No_Gene3D_overlap
Q9Y2G9	[1227, 1255]	No_Gene3D_overlap
Q9Y620	[218, 260]	No_Gene3D_overlap
O76014	[0, 101]	No_Gene3D_overlap
O76014	[402, 441]	-
Q3KNS6	[203, 366]	Classic Zinc Finger
Q5H9K5	[0, 28]	No_Gene3D_overlap
Q5T6C5	[61, 108]	No_Gene3D_overlap
Q5T6C5	[402, 420]	No_Gene3D_overlap
Q5T6C5	[509, 534]	No_Gene3D_overlap
Q5T6C5	[574, 607]	No_Gene3D_overlap
Q5T6C5	[651, 721]	No_Gene3D_overlap
Q8NCE0	[181, 232]	No_Gene3D_overlap
Q8TB69	[95, 110]	No_Gene3D_overlap
Q9BYV9	[138, 158]	Potassium Channel Kv1.1; Chain A
Q9BYV9	[489, 559]	No_Gene3D_overlap
Q9BYV9	[652, 799]	Transcription factor, Skn-1-like, DNA-binding domain
Q9BYV9	[812, 839]	No_Gene3D_overlap
Q9NT22	[111, 138]	No_Gene3D_overlap
O75882	[90, 141]	Spermadhesin, CUB domain
O75882	[650, 788]	Mannose-Binding Protein A, subunit A
O75882	[973, 1151]	Laminin
Q3ZCT1	[16, 122]	Classic Zinc Finger
Q6WBX8	[399, 414]	No_Gene3D_overlap
Q6ZNG0	[317, 378]	Classic Zinc Finger
Q6ZVH7	[657, 696]	No_Gene3D_overlap
Q8NB46	[1044, 1074]	No_Gene3D_overlap
Q9NW07	[142, 193]	Classic Zinc Finger
Q9Y5W5	[166, 377]	Laminin
O15393	[55, 83]	No_Gene3D_overlap
O75712	[218, 269]	Gap junction channel protein cysteine-rich domain
P32926	[979, 998]	No_Gene3D_overlap
P49619	[302, 361]	-
Q00987	[351, 383]	No_Gene3D_overlap
Q08ER8	[153, 241]	Classic Zinc Finger
Q499Z4	[0, 325]	Classic Zinc Finger
Q5TEC3	[183, 203]	No_Gene3D_overlap
Q5TEC3	[343, 423]	Classic Zinc Finger
Q8N2S1	[42, 96]	No_Gene3D_overlap
Q8N2S1	[278, 481]	TGF-beta binding (TB) domain
Q8N2S1	[538, 1150]	Laminin
Q8N2S1	[1172, 1411]	TGF-beta binding (TB) domain
Q8N2S1	[1526, 1623]	Laminin
Q96CX3	[13, 270]	Classic Zinc Finger
Q96PR1	[498, 534]	No_Gene3D_overlap
Q96PR1	[564, 594]	No_Gene3D_overlap
Q9BUK6	[392, 452]	No_Gene3D_overlap
Q9BUK6	[472, 494]	No_Gene3D_overlap
Q9NYW8	[154, 187]	No_Gene3D_overlap
Q9NYW8	[252, 436]	Classic Zinc Finger
Q9P265	[930, 947]	-
Q9UPY3	[737, 761]	No_Gene3D_overlap
P17035	[170, 191]	No_Gene3D_overlap
P17035	[206, 313]	Classic Zinc Finger
P17035	[337, 419]	Classic Zinc Finger
P25054	[1243, 1289]	No_Gene3D_overlap
P56645	[515, 536]	No_Gene3D_overlap
P56645	[553, 569]	No_Gene3D_overlap
P56645	[1168, 1200]	No_Gene3D_overlap
P84550	[939, 964]	No_Gene3D_overlap
Q5SXM1	[72, 96]	Classic Zinc Finger
Q5SXM1	[116, 189]	Classic Zinc Finger
Q5SXM1	[200, 447]	Classic Zinc Finger
Q8IVC4	[135, 159]	Classic Zinc Finger
Q8WWQ8	[18, 357]	Laminin
Q8WWQ8	[656, 676]	No_Gene3D_overlap
Q8WWQ8	[706, 982]	Laminin
Q8WWQ8	[1262, 1302]	FAS1 domain
Q8WWQ8	[1322, 1604]	Tie2 ligand-binding domain superfamily
Q8WWQ8	[1890, 2196]	Laminin
Q96N22	[95, 139]	Classic Zinc Finger
Q99698	[486, 508]	No_Gene3D_overlap
O60870	[23, 54]	No_Gene3D_overlap
O95980	[28, 58]	No_Gene3D_overlap
O95980	[109, 310]	No_Gene3D_overlap
O95980	[332, 379]	No_Gene3D_overlap
O95980	[409, 525]	No_Gene3D_overlap
O95980	[543, 772]	-
P01854	[433, 486]	No_Gene3D_overlap
P0CG36	[143, 170]	No_Gene3D_overlap
P0CG36	[188, 222]	No_Gene3D_overlap
P0DPD5	[108, 145]	No_Gene3D_overlap
P0DPD5	[164, 383]	Classic Zinc Finger
P14151	[117, 269]	Complement Module, domain 1
P22749	[32, 54]	No_Gene3D_overlap
Q5VYS8	[960, 987]	No_Gene3D_overlap
Q6DJT9	[25, 78]	Classic Zinc Finger
Q8N3A8	[311, 341]	No_Gene3D_overlap
Q8N3A8	[356, 404]	No_Gene3D_overlap
Q96CC6	[490, 527]	No_Gene3D_overlap
Q96CC6	[537, 609]	No_Gene3D_overlap
Q9NTI2	[458, 491]	No_Gene3D_overlap
Q9NZJ4	[1739, 1759]	No_Gene3D_overlap
Q9Y334	[201, 219]	No_Gene3D_overlap
C9JLJ4	[34, 61]	No_Gene3D_overlap
P48745	[26, 350]	Complement Module, domain 1
Q14678	[529, 560]	No_Gene3D_overlap
Q14678	[578, 609]	No_Gene3D_overlap
Q14678	[619, 654]	No_Gene3D_overlap
Q14678	[684, 708]	No_Gene3D_overlap
Q5HYM0	[356, 382]	No_Gene3D_overlap
Q68DA7	[772, 813]	No_Gene3D_overlap
Q7RTU7	[126, 148]	Helix-loop-helix DNA-binding domain
Q7RTU7	[171, 191]	No_Gene3D_overlap
Q8TCU6	[952, 969]	No_Gene3D_overlap
Q9H3Z4	[125, 147]	No_Gene3D_overlap
Q9Y4F3	[90, 114]	No_Gene3D_overlap
Q9Y4F3	[169, 258]	No_Gene3D_overlap
Q9Y4F3	[297, 320]	No_Gene3D_overlap
Q9Y4F3	[950, 989]	No_Gene3D_overlap
A8MXY4	[241, 299]	Classic Zinc Finger
M0QZD8	[3171, 3204]	No_Gene3D_overlap
M0QZD8	[3225, 3244]	No_Gene3D_overlap
P00533	[488, 645]	Receptor L-domain
P22413	[92, 212]	Alkaline Phosphatase, subunit A
Q7Z5J4	[817, 854]	No_Gene3D_overlap
Q7Z5J4	[1673, 1754]	No_Gene3D_overlap
Q8NGA4	[0, 33]	Rhodopsin 7-helix transmembrane proteins
Q96FC9	[843, 902]	P-loop containing nucleotide triphosphate hydrolases
Q96FC9	[923, 961]	No_Gene3D_overlap
Q96KQ7	[415, 545]	No_Gene3D_overlap
Q9NYA4	[141, 161]	No_Gene3D_overlap
Q9NYA4	[317, 334]	No_Gene3D_overlap
Q9NYA4	[756, 781]	No_Gene3D_overlap
Q9NYA4	[796, 825]	No_Gene3D_overlap
Q9NYA4	[921, 981]	No_Gene3D_overlap
Q9NYA4	[1044, 1101]	Zinc/RING finger domain, C3HC4 (zinc finger)
E7ERA6	[219, 236]	No_Gene3D_overlap
O60609	[33, 105]	No_Gene3D_overlap
O60609	[173, 256]	GDNF binding domain
O94907	[74, 265]	Lipase, subunit A
P0DJD4	[431, 480]	No_Gene3D_overlap
P10828	[9, 45]	No_Gene3D_overlap
P22001	[72, 110]	Potassium Channel Kv1.1; Chain A
P22001	[545, 571]	No_Gene3D_overlap
P43250	[550, 574]	-
Q6ZMM2	[156, 201]	-
Q6ZNL6	[323, 371]	No_Gene3D_overlap
Q6ZNL6	[383, 406]	No_Gene3D_overlap
Q8TD20	[590, 614]	No_Gene3D_overlap
Q96JM2	[234, 263]	No_Gene3D_overlap
Q96JM2	[1184, 1200]	No_Gene3D_overlap
Q96JM2	[1226, 1266]	No_Gene3D_overlap
Q9BSK4	[261, 298]	Tetratricopeptide repeat domain
Q9C0A0	[539, 596]	-
Q9UBR4	[9, 30]	No_Gene3D_overlap
O43364	[286, 314]	No_Gene3D_overlap
O75074	[155, 259]	Spermadhesin, CUB domain
O75074	[357, 494]	Low-density Lipoprotein Receptor
Q12849	[12, 27]	No_Gene3D_overlap
Q14254	[0, 15]	No_Gene3D_overlap
Q16600	[127, 279]	Classic Zinc Finger
Q2KHR2	[585, 611]	No_Gene3D_overlap
Q2TAK8	[149, 175]	No_Gene3D_overlap
Q6U7Q0	[0, 24]	No_Gene3D_overlap
Q6U7Q0	[134, 256]	Classic Zinc Finger
Q8IUD6	[90, 112]	Zinc/RING finger domain, C3HC4 (zinc finger)
Q8IUQ4	[0, 37]	Zinc/RING finger domain, C3HC4 (zinc finger)
Q9BXJ1	[62, 85]	No_Gene3D_overlap
Q9HCC9	[468, 490]	No_Gene3D_overlap
Q9HCC9	[548, 594]	No_Gene3D_overlap
Q9HCC9	[776, 799]	No_Gene3D_overlap
Q9NQE9	[5, 74]	HIT-like
O00220	[121, 232]	Tumor Necrosis Factor Receptor, subunit A, domain 2
O00220	[262, 288]	No_Gene3D_overlap
P01112	[170, 188]	P-loop containing nucleotide triphosphate hydrolases
P05107	[438, 675]	Laminin
P10321	[332, 365]	No_Gene3D_overlap
P23769	[278, 382]	Erythroid Transcription Factor GATA-1, subunit A
P23769	[402, 429]	Erythroid Transcription Factor GATA-1, subunit A
Q14526	[207, 249]	No_Gene3D_overlap
Q14526	[415, 451]	Classic Zinc Finger
Q68DU8	[278, 339]	No_Gene3D_overlap
Q6UXH8	[36, 211]	Laminin
Q7LFX5	[6, 45]	No_Gene3D_overlap
Q8IVU1	[743, 761]	No_Gene3D_overlap
Q8IWR0	[579, 601]	No_Gene3D_overlap
Q8IWR0	[714, 737]	No_Gene3D_overlap
Q8IWR0	[764, 794]	No_Gene3D_overlap
Q96RP8	[0, 16]	Potassium Channel Kv1.1; Chain A
Q9HB15	[11, 33]	-
C9JSJ3	[253, 280]	No_Gene3D_overlap
O43184	[356, 624]	Disintegrin domain
O43184	[743, 773]	No_Gene3D_overlap
P01861	[95, 115]	Immunoglobulins
P05981	[1, 16]	No_Gene3D_overlap
P15622	[99, 131]	No_Gene3D_overlap
P62508	[0, 44]	No_Gene3D_overlap
P62508	[93, 126]	Erythroid Transcription Factor GATA-1, subunit A
Q3SY52	[91, 112]	No_Gene3D_overlap
Q3SY52	[189, 253]	Classic Zinc Finger
Q3T8J9	[1839, 1888]	No_Gene3D_overlap
Q5VIY5	[170, 191]	No_Gene3D_overlap
Q5VIY5	[228, 426]	Classic Zinc Finger
Q7Z3E5	[751, 771]	No_Gene3D_overlap
Q8IZF2	[375, 400]	No_Gene3D_overlap
Q8IZF2	[413, 443]	No_Gene3D_overlap
Q8WTR8	[15, 62]	No_Gene3D_overlap
Q8WTR8	[146, 373]	Laminin
Q96K75	[193, 274]	Classic Zinc Finger
Q96RL1	[494, 533]	No_Gene3D_overlap
Q96RL1	[552, 610]	No_Gene3D_overlap
Q9NZV1	[34, 884]	-
Q9UK10	[167, 246]	Classic Zinc Finger
Q9Y314	[0, 17]	No_Gene3D_overlap
O15055	[562, 616]	No_Gene3D_overlap
O15055	[1200, 1220]	No_Gene3D_overlap
O60241	[195, 234]	No_Gene3D_overlap
O60241	[310, 532]	GPCR, family 2, extracellular hormone receptor domain
O60811	[447, 473]	No_Gene3D_overlap
P21741	[26, 142]	Pleiotrophin/Midkine, N-terminal domain
Q14993	[274, 294]	No_Gene3D_overlap
Q5D1E8	[295, 337]	-
Q5D862	[256, 425]	No_Gene3D_overlap
Q5D862	[436, 462]	No_Gene3D_overlap
Q5HYC2	[511, 594]	No_Gene3D_overlap
Q6NW40	[46, 68]	No_Gene3D_overlap
Q6NW40	[82, 103]	No_Gene3D_overlap
Q8N720	[371, 447]	Classic Zinc Finger
Q9H1D9	[286, 304]	No_Gene3D_overlap
O75751	[533, 552]	MFS general substrate transporter like domains
P23921	[773, 791]	No_Gene3D_overlap
P34059	[490, 521]	No_Gene3D_overlap
P52736	[55, 87]	-
P52736	[99, 119]	No_Gene3D_overlap
P53420	[40, 63]	No_Gene3D_overlap
Q08AG5	[204, 286]	Classic Zinc Finger
Q5T1H1	[188, 292]	Laminin
Q5T1H1	[615, 1234]	Laminin
Q5T601	[121, 141]	No_Gene3D_overlap
Q7RTY8	[481, 605]	Low-density Lipoprotein Receptor
Q86UV5	[681, 704]	No_Gene3D_overlap
Q86UV5	[833, 853]	No_Gene3D_overlap
Q8WY91	[341, 369]	No_Gene3D_overlap
Q96K78	[41, 68]	No_Gene3D_overlap
Q96K78	[98, 119]	No_Gene3D_overlap
Q9BXA9	[46, 67]	No_Gene3D_overlap
Q9Y2G7	[108, 133]	No_Gene3D_overlap
Q9Y2G7	[149, 340]	Classic Zinc Finger
O75509	[3, 21]	No_Gene3D_overlap
P08138	[28, 197]	Tumor Necrosis Factor Receptor, subunit A, domain 2
Q13835	[124, 251]	Leucine-rich Repeat Variant
Q5FWF4	[901, 933]	No_Gene3D_overlap
Q8TEU7	[1402, 1431]	No_Gene3D_overlap
Q96GE5	[216, 407]	Classic Zinc Finger
Q96GE5	[551, 637]	Classic Zinc Finger
Q99435	[218, 236]	No_Gene3D_overlap
Q99435	[257, 815]	Laminin
Q9BY31	[330, 493]	Classic Zinc Finger
Q9BY31	[729, 830]	Classic Zinc Finger
Q9BZ72	[600, 620]	No_Gene3D_overlap
Q9H172	[334, 362]	No_Gene3D_overlap
Q9H5V7	[101, 156]	Classic Zinc Finger
Q9UM44	[371, 406]	No_Gene3D_overlap
Q9Y2Y4	[469, 486]	No_Gene3D_overlap
P02461	[21, 94]	Complement Module, domain 1
P30530	[844, 875]	No_Gene3D_overlap
P78385	[2, 38]	No_Gene3D_overlap
P78385	[60, 91]	No_Gene3D_overlap
P78385	[412, 492]	-
Q12933	[94, 232]	Zinc/RING finger domain, C3HC4 (zinc finger)
Q15973	[75, 332]	Classic Zinc Finger
Q5T481	[935, 955]	No_Gene3D_overlap
Q96AP0	[176, 245]	No_Gene3D_overlap
Q96AP0	[411, 431]	No_Gene3D_overlap
O75373	[106, 132]	No_Gene3D_overlap
P01860	[72, 168]	Immunoglobulins
P17019	[105, 140]	No_Gene3D_overlap
P17019	[158, 239]	Classic Zinc Finger
Q14005	[1000, 1020]	No_Gene3D_overlap
Q5MCW4	[149, 174]	No_Gene3D_overlap
Q9Y278	[43, 75]	No_Gene3D_overlap
Q9Y4B6	[1008, 1046]	No_Gene3D_overlap
A6NJZ7	[144, 163]	No_Gene3D_overlap
A6NJZ7	[226, 253]	No_Gene3D_overlap
A6NJZ7	[395, 415]	No_Gene3D_overlap
A6NJZ7	[482, 524]	No_Gene3D_overlap
A6NJZ7	[1316, 1350]	No_Gene3D_overlap
A6NJZ7	[1407, 1437]	No_Gene3D_overlap
O15535	[166, 192]	No_Gene3D_overlap
P0CJ79	[214, 312]	Classic Zinc Finger
P42701	[24, 39]	No_Gene3D_overlap
Q8TF42	[356, 390]	Phosphoglycerate mutase-like
Q92838	[14, 37]	No_Gene3D_overlap
Q93098	[104, 129]	No_Gene3D_overlap
Q93098	[169, 203]	No_Gene3D_overlap
Q96IK5	[33, 71]	No_Gene3D_overlap
Q9BX84	[26, 50]	No_Gene3D_overlap
Q9C0B9	[1001, 1030]	No_Gene3D_overlap
Q9H1Z9	[19, 57]	No_Gene3D_overlap
Q9UDY8	[721, 739]	-
Q9UDY8	[766, 793]	No_Gene3D_overlap
O15375	[194, 215]	MFS general substrate transporter like domains
O95633	[84, 252]	TGF-beta binding (TB) domain
P28698	[347, 398]	Classic Zinc Finger
P49795	[28, 85]	-
Q15413	[1875, 1897]	No_Gene3D_overlap
Q2NKQ1	[503, 535]	No_Gene3D_overlap
Q6UXM1	[959, 990]	No_Gene3D_overlap
Q7L7V1	[722, 742]	No_Gene3D_overlap
Q8N7S2	[143, 188]	No_Gene3D_overlap
Q8NBF1	[1, 21]	No_Gene3D_overlap
Q8NBF1	[54, 109]	No_Gene3D_overlap
Q8NBF1	[589, 606]	No_Gene3D_overlap
Q8TEQ6	[1410, 1430]	No_Gene3D_overlap
Q8TEQ6	[1492, 1507]	No_Gene3D_overlap
Q96NW4	[420, 449]	Ankyrin repeat-containing domain
Q9HC57	[133, 189]	No_Gene3D_overlap
Q9NQZ8	[64, 144]	Classic Zinc Finger
Q9Y4A5	[1488, 1505]	No_Gene3D_overlap
Q9Y4A5	[2656, 2677]	No_Gene3D_overlap
O95685	[15, 41]	No_Gene3D_overlap
O95685	[82, 104]	No_Gene3D_overlap
Q8IUA0	[41, 240]	Pancreatic trypsin inhibitor Kunitz domain
Q8N895	[605, 644]	No_Gene3D_overlap
Q8N895	[682, 708]	No_Gene3D_overlap
Q96S21	[262, 280]	No_Gene3D_overlap
Q96SL8	[12, 121]	Classic Zinc Finger
Q9H195	[13266, 13293]	No_Gene3D_overlap
Q9H195	[13331, 13366]	No_Gene3D_overlap
Q9ULV3	[513, 540]	No_Gene3D_overlap
Q9ULV3	[645, 694]	Classic Zinc Finger
A6NFQ7	[171, 190]	No_Gene3D_overlap
O14686	[47, 80]	No_Gene3D_overlap
O14686	[1479, 1509]	Zinc/RING finger domain, C3HC4 (zinc finger)
P00748	[49, 139]	Fibronectin, type II, collagen-binding
P32297	[385, 403]	No_Gene3D_overlap
P49759	[41, 61]	No_Gene3D_overlap
P51582	[345, 364]	No_Gene3D_overlap
Q08050	[149, 176]	No_Gene3D_overlap
Q15695	[175, 195]	No_Gene3D_overlap
Q15695	[316, 340]	No_Gene3D_overlap
Q8NEZ4	[1063, 1160]	Zinc/RING finger domain, C3HC4 (zinc finger)
Q9C0D4	[49, 72]	No_Gene3D_overlap
A6NDA9	[492, 537]	No_Gene3D_overlap
O15499	[0, 27]	No_Gene3D_overlap
O15499	[53, 86]	No_Gene3D_overlap
P11161	[432, 475]	Classic Zinc Finger
P41182	[337, 365]	No_Gene3D_overlap
P41182	[464, 616]	Classic Zinc Finger
Q02386	[242, 318]	Classic Zinc Finger
Q16787	[471, 723]	Laminin
Q16787	[1229, 1474]	Laminin
Q16787	[1643, 1834]	Laminin
Q6DD87	[57, 108]	Classic Zinc Finger
Q8N8L2	[3, 51]	Classic Zinc Finger
Q9H8W5	[499, 571]	Immunoglobulins
Q9HBF4	[0, 118]	No_Gene3D_overlap
Q9HBF4	[432, 484]	No_Gene3D_overlap
Q9HC84	[232, 438]	Laminin
Q9HC84	[596, 892]	Laminin
Q9HC84	[929, 950]	No_Gene3D_overlap
Q9HC84	[1055, 1084]	No_Gene3D_overlap
Q9HC84	[1096, 1274]	No_Gene3D_overlap
Q9HC84	[1292, 1311]	No_Gene3D_overlap
Q9HC84	[1361, 1441]	No_Gene3D_overlap
Q9HC84	[1492, 1516]	No_Gene3D_overlap
Q9HC84	[1530, 1612]	No_Gene3D_overlap
Q9HC84	[1773, 1797]	No_Gene3D_overlap
Q9HC84	[1811, 1894]	No_Gene3D_overlap
Q9HC84	[2303, 2327]	No_Gene3D_overlap
Q9HC84	[2341, 2423]	No_Gene3D_overlap
Q9HC84	[2860, 2884]	No_Gene3D_overlap
Q9HC84	[2898, 2980]	No_Gene3D_overlap
Q9HC84	[3560, 3584]	No_Gene3D_overlap
Q9HC84	[3598, 3680]	No_Gene3D_overlap
Q9HC84	[4117, 4141]	No_Gene3D_overlap
Q9HC84	[4155, 4237]	No_Gene3D_overlap
Q9HC84	[4962, 5027]	No_Gene3D_overlap
Q9HC84	[5046, 5072]	No_Gene3D_overlap
Q9HC84	[5210, 5761]	Laminin
Q9NZL3	[167, 637]	Classic Zinc Finger
Q9UKZ4	[66, 93]	No_Gene3D_overlap
Q9UKZ4	[156, 177]	No_Gene3D_overlap
Q9UKZ4	[524, 843]	Galactose-binding domain-like
Q9UM47	[21, 1501]	Laminin
Q14929	[225, 306]	Classic Zinc Finger
Q15303	[485, 641]	Hormone Receptor, Insulin-like Growth Factor Receptor 1; Chain A, domain 2
Q6UWX4	[111, 139]	No_Gene3D_overlap
Q70Z44	[351, 368]	No_Gene3D_overlap
Q8IZD2	[455, 477]	SET domain
Q93099	[3, 52]	No_Gene3D_overlap
Q9H8Y5	[677, 722]	No_Gene3D_overlap
Q9NSB4	[1, 50]	No_Gene3D_overlap
Q9NSB4	[458, 501]	No_Gene3D_overlap
Q9NZV8	[518, 539]	No_Gene3D_overlap
Q9NZV8	[552, 597]	No_Gene3D_overlap
Q9UHF7	[548, 624]	No_Gene3D_overlap
Q9Y4H2	[790, 811]	No_Gene3D_overlap
A6PVC2	[685, 707]	No_Gene3D_overlap
A6PVC2	[745, 849]	No_Gene3D_overlap
O60393	[231, 251]	No_Gene3D_overlap
O60393	[552, 620]	No_Gene3D_overlap
O95382	[0, 25]	No_Gene3D_overlap
O95382	[63, 88]	No_Gene3D_overlap
O95996	[926, 954]	No_Gene3D_overlap
Q147X3	[23, 43]	No_Gene3D_overlap
Q15032	[833, 875]	No_Gene3D_overlap
Q86VZ4	[126, 150]	No_Gene3D_overlap
Q8N6G6	[45, 194]	-
Q8N6G6	[381, 501]	Thrombospondin type-1 (TSP1) repeat
Q8N6G6	[609, 858]	Thrombospondin type-1 (TSP1) repeat
Q8N6G6	[1499, 1664]	Thrombospondin type-1 (TSP1) repeat
Q8TE60	[701, 743]	-
Q8TE60	[903, 1196]	Thrombospondin type-1 (TSP1) repeat
Q9H7L2	[284, 351]	Immunoglobulins
O43781	[32, 55]	No_Gene3D_overlap
Q63HR2	[581, 611]	No_Gene3D_overlap
Q63HR2	[679, 702]	No_Gene3D_overlap
Q63HR2	[731, 782]	No_Gene3D_overlap
Q63HR2	[795, 818]	No_Gene3D_overlap
Q6PII5	[223, 289]	No_Gene3D_overlap
Q99697	[0, 21]	No_Gene3D_overlap
Q9NP72	[188, 205]	P-loop containing nucleotide triphosphate hydrolases
Q9UDV6	[276, 330]	Classic Zinc Finger
Q9Y5B0	[112, 136]	-
Q9Y6T7	[278, 334]	-
P05556	[393, 694]	Laminin
P49640	[336, 372]	No_Gene3D_overlap
Q6ZNA5	[193, 210]	No_Gene3D_overlap
Q9H2U9	[401, 583]	Disintegrin domain
Q9H2U9	[602, 662]	No_Gene3D_overlap
Q9H324	[652, 714]	-
Q9H324	[829, 1102]	Thrombospondin type-1 (TSP1) repeat
Q9P255	[73, 113]	No_Gene3D_overlap
Q9P255	[131, 267]	Classic Zinc Finger
B1AKI9	[310, 332]	No_Gene3D_overlap
B1AKI9	[377, 395]	No_Gene3D_overlap
O00470	[96, 112]	No_Gene3D_overlap
P02458	[21, 97]	Complement Module, domain 1
P06239	[0, 27]	No_Gene3D_overlap
P21675	[136, 151]	No_Gene3D_overlap
P21675	[1276, 1297]	No_Gene3D_overlap
Q3KQV3	[190, 266]	Classic Zinc Finger
Q66K89	[211, 275]	Classic Zinc Finger
Q66K89	[426, 477]	Classic Zinc Finger
Q6NVV9	[321, 338]	No_Gene3D_overlap
Q6NVV9	[349, 397]	No_Gene3D_overlap
Q6UXH1	[20, 43]	No_Gene3D_overlap
Q6UXH1	[78, 96]	No_Gene3D_overlap
Q6UXH1	[125, 339]	Laminin
Q8IUN9	[124, 145]	No_Gene3D_overlap
Q8WUT4	[541, 579]	Immunoglobulins
Q92613	[155, 223]	Zinc/RING finger domain, C3HC4 (zinc finger)
Q92633	[321, 337]	Rhodopsin 7-helix transmembrane proteins
Q96JN8	[1313, 1339]	No_Gene3D_overlap
Q96JN8	[1359, 1380]	No_Gene3D_overlap
Q96JN8	[1436, 1461]	No_Gene3D_overlap
Q9BV68	[2, 41]	No_Gene3D_overlap
Q9BZM3	[39, 73]	No_Gene3D_overlap
Q9H7X3	[116, 197]	Classic Zinc Finger
O14753	[0, 86]	No_Gene3D_overlap
O14753	[109, 196]	Classic Zinc Finger
O95359	[973, 994]	No_Gene3D_overlap
O95359	[1043, 1066]	No_Gene3D_overlap
P54368	[46, 75]	No_Gene3D_overlap
Q06416	[56, 79]	No_Gene3D_overlap
Q5VYJ5	[233, 262]	-
Q5VYJ5	[1888, 2065]	Low-density Lipoprotein Receptor
Q6S5L8	[393, 473]	No_Gene3D_overlap
Q70CQ2	[3483, 3526]	No_Gene3D_overlap
Q8N819	[394, 415]	Phosphatase 2C, C-terminal domain suprefamily
Q8ND76	[0, 17]	No_Gene3D_overlap
Q9BYM8	[399, 426]	No_Gene3D_overlap
Q9NQV5	[23, 83]	No_Gene3D_overlap
Q9UHI8	[671, 732]	-
O14917	[899, 962]	No_Gene3D_overlap
O14917	[1032, 1066]	No_Gene3D_overlap
O75928	[410, 462]	Zinc/RING finger domain, C3HC4 (zinc finger)
P25942	[10, 189]	Tumor Necrosis Factor Receptor, subunit A, domain 2
Q03936	[164, 243]	Classic Zinc Finger
Q03936	[556, 578]	Classic Zinc Finger
Q15257	[83, 103]	No_Gene3D_overlap
Q15323	[1, 57]	No_Gene3D_overlap
Q15323	[351, 415]	-
Q8IZF7	[70, 144]	No_Gene3D_overlap
Q9H091	[238, 263]	No_Gene3D_overlap
Q9NTQ9	[217, 243]	Gap junction channel protein cysteine-rich domain
Q9Y2T1	[530, 561]	No_Gene3D_overlap
Q9Y2T1	[693, 725]	No_Gene3D_overlap
Q9Y5H6	[725, 741]	No_Gene3D_overlap
P01130	[16, 390]	Laminin
P07942	[276, 543]	Tie2 ligand-binding domain superfamily
P07942	[728, 751]	No_Gene3D_overlap
P07942	[768, 1177]	Laminin
P60827	[18, 38]	No_Gene3D_overlap
P78536	[442, 612]	Disintegrin domain
Q13105	[297, 376]	Classic Zinc Finger
Q14586	[313, 525]	Classic Zinc Finger
Q2M3W8	[424, 540]	Classic Zinc Finger
Q2M3W8	[551, 570]	No_Gene3D_overlap
Q58EX7	[680, 711]	No_Gene3D_overlap
Q58EX7	[1151, 1190]	No_Gene3D_overlap
Q8TDF6	[556, 644]	-
Q8WX94	[955, 979]	Ribonuclease Inhibitor
Q9H2Y7	[11, 31]	No_Gene3D_overlap
Q9Y4E5	[597, 614]	No_Gene3D_overlap
Q9Y4E5	[711, 734]	Classic Zinc Finger
O43278	[30, 50]	No_Gene3D_overlap
O43278	[76, 92]	No_Gene3D_overlap
O43278	[276, 400]	Low-density Lipoprotein Receptor
P29375	[694, 718]	No_Gene3D_overlap
Q02505	[3112, 3139]	No_Gene3D_overlap
Q02505	[3177, 3212]	No_Gene3D_overlap
Q13670	[104, 152]	No_Gene3D_overlap
Q5FYB0	[0, 22]	No_Gene3D_overlap
Q6ECI4	[247, 382]	Classic Zinc Finger
Q6ZN19	[435, 553]	Classic Zinc Finger
Q8IWU5	[649, 671]	No_Gene3D_overlap
Q8IWU5	[709, 731]	No_Gene3D_overlap
Q8IWU5	[812, 831]	No_Gene3D_overlap
Q8TE57	[540, 661]	-
Q8TE57	[698, 752]	-
Q8TE57	[870, 1184]	Thrombospondin type-1 (TSP1) repeat
Q8TE57	[1206, 1223]	No_Gene3D_overlap
Q9BTV6	[366, 386]	No_Gene3D_overlap
Q9BUZ4	[82, 291]	Zinc/RING finger domain, C3HC4 (zinc finger)
Q9BXI9	[46, 69]	No_Gene3D_overlap
Q9ULK2	[107, 127]	No_Gene3D_overlap
A6NM28	[255, 306]	Classic Zinc Finger
O43361	[659, 762]	Classic Zinc Finger
P24864	[52, 83]	No_Gene3D_overlap
P60852	[225, 274]	No_Gene3D_overlap
Q14689	[920, 943]	-
Q8WXE9	[124, 147]	No_Gene3D_overlap
Q96NX5	[364, 443]	No_Gene3D_overlap
Q96NX5	[454, 475]	No_Gene3D_overlap
Q9BQI6	[771, 800]	Ankyrin repeat-containing domain
Q9UII5	[26, 74]	Classic Zinc Finger
Q9UII5	[599, 678]	Classic Zinc Finger
A6NFC9	[194, 231]	Rhodopsin 7-helix transmembrane proteins
P0C0E4	[251, 277]	No_Gene3D_overlap
P10643	[26, 137]	Low-density Lipoprotein Receptor
P10643	[449, 580]	Complement Module, domain 1
P10643	[648, 842]	-
Q05481	[114, 150]	No_Gene3D_overlap
Q05481	[172, 224]	Classic Zinc Finger
Q05481	[285, 366]	Classic Zinc Finger
Q05481	[537, 588]	Classic Zinc Finger
Q05516	[509, 588]	Classic Zinc Finger
Q3MIS6	[204, 311]	Classic Zinc Finger
Q3MIS6	[456, 627]	Classic Zinc Finger
Q8NC26	[112, 146]	No_Gene3D_overlap
Q8NC26	[268, 346]	Classic Zinc Finger
Q8NEP3	[36, 59]	No_Gene3D_overlap
Q8TE82	[423, 492]	No_Gene3D_overlap
Q9BZA8	[1121, 1210]	No_Gene3D_overlap
Q9GZZ7	[22, 141]	No_Gene3D_overlap
Q9H1U4	[193, 430]	Laminin
Q9HB63	[262, 466]	Galactose-binding domain-like
Q9NYF5	[322, 419]	No_Gene3D_overlap
Q9UGR2	[414, 454]	No_Gene3D_overlap
Q9UGR2	[751, 783]	No_Gene3D_overlap
Q9UGR2	[890, 918]	No_Gene3D_overlap
A4D2P6	[507, 532]	No_Gene3D_overlap
O94842	[561, 598]	No_Gene3D_overlap
P24821	[100, 629]	Laminin
P42694	[0, 24]	No_Gene3D_overlap
P78325	[304, 647]	Collagenase (Catalytic Domain)
Q14213	[16, 32]	Immunoglobulins
Q17R60	[677, 756]	No_Gene3D_overlap
Q5JVG8	[105, 141]	No_Gene3D_overlap
Q5JVG8	[192, 299]	Classic Zinc Finger
Q7RTU3	[228, 253]	No_Gene3D_overlap
Q8IWN7	[379, 400]	No_Gene3D_overlap
Q8IWN7	[423, 456]	No_Gene3D_overlap
Q8IWN7	[841, 862]	No_Gene3D_overlap
Q8IWN7	[1246, 1276]	No_Gene3D_overlap
Q8IWN7	[1648, 1668]	No_Gene3D_overlap
Q96QT4	[16, 35]	No_Gene3D_overlap
Q9H3R0	[634, 657]	No_Gene3D_overlap
Q9P0T4	[0, 23]	No_Gene3D_overlap
Q9P0T4	[106, 159]	Classic Zinc Finger
Q9ULJ7	[38, 53]	No_Gene3D_overlap
A6NCL2	[72, 158]	No_Gene3D_overlap
A6NER0	[523, 545]	No_Gene3D_overlap
B2RXF5	[194, 221]	No_Gene3D_overlap
B2RXF5	[325, 400]	Classic Zinc Finger
O15105	[49, 70]	No_Gene3D_overlap
P57729	[194, 210]	No_Gene3D_overlap
P78524	[182, 216]	No_Gene3D_overlap
Q02487	[786, 828]	TCF3-CBD (Catenin binding domain)
Q18PE1	[481, 503]	No_Gene3D_overlap
Q6ZNA4	[580, 601]	No_Gene3D_overlap
Q7Z698	[298, 373]	No_Gene3D_overlap
Q7Z698	[397, 417]	No_Gene3D_overlap
Q8IYR6	[34, 245]	-
Q8IYR6	[351, 368]	No_Gene3D_overlap
Q8N1F8	[696, 719]	No_Gene3D_overlap
Q8N782	[248, 478]	Classic Zinc Finger
Q92766	[296, 323]	No_Gene3D_overlap
Q92766	[387, 408]	No_Gene3D_overlap
Q92766	[839, 865]	No_Gene3D_overlap
Q92766	[1237, 1257]	No_Gene3D_overlap
Q96RW7	[4535, 4877]	Green fluorescent protein
Q96RW7	[5081, 5529]	Laminin
Q9UIG8	[459, 482]	MFS general substrate transporter like domains
Q9UJW7	[192, 213]	No_Gene3D_overlap
Q9UJW7	[227, 258]	No_Gene3D_overlap
Q9UJW7	[619, 824]	Classic Zinc Finger
Q9Y6N6	[265, 499]	Laminin
Q9Y6N6	[662, 1025]	Laminin
Q9Y6R7	[431, 481]	No_Gene3D_overlap
Q9Y6R7	[605, 620]	No_Gene3D_overlap
Q9Y6R7	[643, 702]	No_Gene3D_overlap
Q9Y6R7	[728, 873]	Laminin
Q9Y6R7	[996, 1012]	No_Gene3D_overlap
Q9Y6R7	[1029, 1261]	Laminin
Q9Y6R7	[1383, 1399]	No_Gene3D_overlap
Q9Y6R7	[1417, 1672]	Laminin
Q9Y6R7	[1694, 1713]	No_Gene3D_overlap
Q9Y6R7	[1807, 1824]	No_Gene3D_overlap
Q9Y6R7	[1847, 1924]	No_Gene3D_overlap
Q9Y6R7	[1934, 2078]	Laminin
Q9Y6R7	[2229, 2462]	Laminin
Q9Y6R7	[2585, 2600]	No_Gene3D_overlap
Q9Y6R7	[2618, 2873]	Laminin
Q9Y6R7	[3008, 3025]	No_Gene3D_overlap
Q9Y6R7	[3048, 3279]	Laminin
Q9Y6R7	[3430, 3663]	Laminin
Q9Y6R7	[3786, 3801]	No_Gene3D_overlap
Q9Y6R7	[3819, 4074]	Laminin
Q9Y6R7	[4209, 4226]	No_Gene3D_overlap
Q9Y6R7	[4249, 4480]	Laminin
Q9Y6R7	[4631, 4860]	Laminin
Q9Y6R7	[5013, 5066]	No_Gene3D_overlap
Q9Y6R7	[5101, 5229]	Laminin
A2PYH4	[1134, 1166]	No_Gene3D_overlap
Q5SYB0	[1238, 1306]	No_Gene3D_overlap
Q5SYB0	[1323, 1352]	No_Gene3D_overlap
Q5SYB0	[1440, 1482]	No_Gene3D_overlap
Q5UIP0	[1707, 1744]	No_Gene3D_overlap
Q68DE3	[801, 823]	No_Gene3D_overlap
Q86T13	[205, 295]	Laminin
Q8IUX8	[25, 198]	Laminin
Q8IVN8	[14, 141]	Thrombospondin type-1 (TSP1) repeat
Q8IVN8	[157, 226]	No_Gene3D_overlap
Q8IZL8	[589, 640]	No_Gene3D_overlap
Q8TE58	[460, 592]	Thrombospondin type-1 (TSP1) repeat
Q8TE58	[638, 687]	-
O15534	[612, 660]	No_Gene3D_overlap
O76050	[31, 58]	No_Gene3D_overlap
O76050	[474, 505]	No_Gene3D_overlap
P15918	[195, 223]	No_Gene3D_overlap
P30260	[168, 193]	Tetratricopeptide repeat domain
P54274	[33, 56]	No_Gene3D_overlap
Q14872	[623, 647]	No_Gene3D_overlap
Q8N100	[0, 38]	Helix-loop-helix DNA-binding domain
Q8NAC3	[395, 417]	No_Gene3D_overlap
Q8NAC3	[473, 495]	No_Gene3D_overlap
Q9C0K0	[47, 97]	No_Gene3D_overlap
Q9C0K0	[124, 154]	No_Gene3D_overlap
Q9C0K0	[169, 225]	No_Gene3D_overlap
Q9C0K0	[787, 868]	Classic Zinc Finger
Q9NRC6	[3648, 3673]	No_Gene3D_overlap
Q9NSC2	[37, 74]	No_Gene3D_overlap
O43854	[17, 167]	Laminin
Q14190	[569, 590]	No_Gene3D_overlap
Q6PJF5	[488, 525]	No_Gene3D_overlap
Q6PJF5	[538, 610]	No_Gene3D_overlap
Q6PJT7	[590, 721]	-
Q8IW19	[368, 394]	No_Gene3D_overlap
Q9H2X0	[66, 134]	No_Gene3D_overlap
Q9UBC3	[382, 412]	No_Gene3D_overlap
Q9UBC3	[423, 454]	No_Gene3D_overlap
Q9ULJ3	[713, 778]	Classic Zinc Finger
Q9UPA5	[1890, 1910]	No_Gene3D_overlap
A0A087WXS9	[523, 545]	No_Gene3D_overlap
O95180	[683, 709]	No_Gene3D_overlap
O95625	[745, 780]	Classic Zinc Finger
P0C7U0	[284, 303]	No_Gene3D_overlap
P49754	[819, 847]	No_Gene3D_overlap
Q15061	[0, 19]	YVTN repeat-like/Quinoprotein amine dehydrogenase
Q5XKL5	[1015, 1081]	No_Gene3D_overlap
Q5XKL5	[1130, 1157]	No_Gene3D_overlap
Q8NDL9	[839, 881]	No_Gene3D_overlap
Q92824	[625, 1735]	Hormone Receptor, Insulin-like Growth Factor Receptor 1; Chain A, domain 2
Q9NT68	[5, 41]	No_Gene3D_overlap
Q9NT68	[76, 106]	No_Gene3D_overlap
Q9NT68	[565, 888]	Laminin
Q9UK39	[49, 74]	No_Gene3D_overlap
D6RGH6	[0, 60]	No_Gene3D_overlap
P22735	[37, 60]	No_Gene3D_overlap
P24043	[286, 531]	Laminin
P24043	[713, 1174]	Laminin
P24043	[1369, 1587]	Laminin
Q13009	[280, 305]	No_Gene3D_overlap
Q13572	[346, 412]	No_Gene3D_overlap
Q68DY9	[202, 226]	Classic Zinc Finger
Q68DY9	[241, 308]	Classic Zinc Finger
Q6XR72	[395, 437]	No_Gene3D_overlap
Q6XR72	[451, 484]	No_Gene3D_overlap
Q76KX8	[273, 381]	Classic Zinc Finger
Q8TAT5	[496, 537]	No_Gene3D_overlap
Q96CK0	[489, 542]	Classic Zinc Finger
Q96G01	[952, 974]	No_Gene3D_overlap
Q96PD2	[2, 20]	No_Gene3D_overlap
Q96QF0	[389, 405]	No_Gene3D_overlap
Q9P2Z0	[119, 155]	No_Gene3D_overlap
O76074	[68, 88]	No_Gene3D_overlap
O95190	[4, 30]	No_Gene3D_overlap
P05106	[455, 684]	ntegrin, alpha v. Chain A, domain 3
P15509	[65, 82]	No_Gene3D_overlap
Q3C1V9	[65, 88]	No_Gene3D_overlap
Q3C1V9	[290, 315]	No_Gene3D_overlap
Q3C1V9	[356, 394]	No_Gene3D_overlap
Q7Z3S9	[0, 218]	Laminin
Q9GZM7	[21, 60]	No_Gene3D_overlap
Q9NS23	[29, 52]	-
Q9ULL8	[134, 157]	No_Gene3D_overlap
Q9ULL8	[807, 950]	No_Gene3D_overlap
A8MTQ0	[50, 80]	No_Gene3D_overlap
O75829	[271, 298]	No_Gene3D_overlap
P07911	[22, 191]	Laminin
P07911	[212, 233]	No_Gene3D_overlap
P07911	[279, 321]	No_Gene3D_overlap
Q99965	[362, 543]	Collagenase (Catalytic Domain)
Q99965	[584, 644]	No_Gene3D_overlap
Q9H422	[809, 846]	No_Gene3D_overlap
Q9H422	[879, 918]	No_Gene3D_overlap
Q9P2P6	[810, 839]	No_Gene3D_overlap
Q9P2P6	[878, 930]	No_Gene3D_overlap
Q9P2P6	[1274, 1312]	No_Gene3D_overlap
Q9P2P6	[1330, 1378]	No_Gene3D_overlap
Q9P2P6	[1615, 1641]	No_Gene3D_overlap
Q9P2P6	[2575, 2595]	No_Gene3D_overlap
Q9P2P6	[2862, 2897]	No_Gene3D_overlap
Q9P2P6	[2942, 2985]	No_Gene3D_overlap
Q9P2P6	[3031, 3066]	No_Gene3D_overlap
Q9P2P6	[4099, 4132]	No_Gene3D_overlap
Q9P2P6	[4455, 4479]	-
Q9UM82	[372, 417]	No_Gene3D_overlap
Q9UM82	[449, 501]	No_Gene3D_overlap
A7MBM2	[301, 335]	No_Gene3D_overlap
A7MBM2	[382, 400]	No_Gene3D_overlap
A7MBM2	[1192, 1213]	No_Gene3D_overlap
O60486	[523, 566]	No_Gene3D_overlap
O60486	[586, 643]	No_Gene3D_overlap
O95271	[86, 104]	No_Gene3D_overlap
P0C7M6	[0, 15]	No_Gene3D_overlap
P0DKX0	[108, 132]	No_Gene3D_overlap
P14679	[21, 57]	No_Gene3D_overlap
P47974	[63, 96]	No_Gene3D_overlap
P47974	[282, 366]	No_Gene3D_overlap
Q03938	[164, 243]	Classic Zinc Finger
Q16589	[290, 324]	No_Gene3D_overlap
Q53H47	[307, 333]	No_Gene3D_overlap
Q5VV63	[60, 101]	Spermadhesin, CUB domain
Q5VV63	[242, 280]	Kelch-type beta propeller
Q5VV63	[614, 767]	Mannose-Binding Protein A, subunit A
Q5VV63	[929, 1101]	Laminin
Q86T96	[92, 116]	No_Gene3D_overlap
Q86Y97	[275, 318]	No_Gene3D_overlap
Q86Y97	[353, 373]	No_Gene3D_overlap
Q92664	[91, 194]	Classic Zinc Finger
Q92664	[331, 358]	No_Gene3D_overlap
Q96JH7	[38, 82]	No_Gene3D_overlap
P13671	[31, 189]	Thrombospondin type-1 (TSP1) repeat
P13671	[510, 653]	Complement Module, domain 1
P13671	[825, 872]	-
P26012	[457, 671]	Laminin
Q14192	[37, 201]	Cysteine Rich Protein
Q2TAL6	[155, 324]	-
Q92610	[731, 781]	No_Gene3D_overlap
Q92610	[821, 868]	Classic Zinc Finger
Q92610	[974, 1027]	Classic Zinc Finger
Q92830	[104, 159]	No_Gene3D_overlap
Q969F8	[11, 33]	Rhodopsin 7-helix transmembrane proteins
Q99590	[424, 459]	No_Gene3D_overlap
A8K7I4	[176, 214]	No_Gene3D_overlap
P29400	[20, 49]	No_Gene3D_overlap
P31260	[156, 187]	No_Gene3D_overlap
P49746	[255, 548]	Laminin
Q6ZTA4	[136, 171]	No_Gene3D_overlap
Q8IX07	[331, 383]	Classic Zinc Finger
Q8IX07	[808, 868]	No_Gene3D_overlap
Q8IX07	[968, 988]	No_Gene3D_overlap
Q8N957	[23, 88]	Ankyrin repeat-containing domain
Q8TAU3	[53, 106]	Classic Zinc Finger
Q8TAU3	[259, 509]	Classic Zinc Finger
Q9NU22	[4322, 4340]	No_Gene3D_overlap
Q9UK12	[136, 285]	Classic Zinc Finger
Q9UK12	[332, 435]	Classic Zinc Finger
Q9Y3L5	[166, 182]	P-loop containing nucleotide triphosphate hydrolases
O75290	[148, 207]	Classic Zinc Finger
O75290	[316, 378]	Classic Zinc Finger
P23142	[30, 591]	Laminin
P35556	[68, 890]	TGF-beta binding (TB) domain
P78358	[64, 85]	Alpha-D-phosphohexomutase, C-terminal domain
Q6VB84	[287, 308]	No_Gene3D_overlap
Q6VB84	[320, 416]	No_Gene3D_overlap
Q8WV44	[172, 193]	No_Gene3D_overlap
Q8WYL5	[640, 686]	No_Gene3D_overlap
Q9H2S9	[150, 233]	Classic Zinc Finger
Q9UC06	[93, 154]	Classic Zinc Finger
Q9UFB7	[623, 691]	Classic Zinc Finger
Q9Y6M5	[422, 456]	No_Gene3D_overlap
O14798	[37, 158]	Tumor Necrosis Factor Receptor, subunit A, domain 2
O14830	[725, 752]	EF-hand
O75030	[194, 222]	No_Gene3D_overlap
O75618	[142, 171]	No_Gene3D_overlap
P0CG38	[17, 86]	No_Gene3D_overlap
Q3SYB3	[287, 308]	No_Gene3D_overlap
Q3SYB3	[320, 416]	No_Gene3D_overlap
Q7Z4K8	[119, 142]	No_Gene3D_overlap
Q86UW9	[185, 210]	No_Gene3D_overlap
Q8TAQ5	[298, 461]	Classic Zinc Finger
Q96DT7	[265, 284]	No_Gene3D_overlap
Q96DT7	[797, 817]	Classic Zinc Finger
Q9H0M5	[0, 18]	-
Q9H0M5	[241, 320]	Classic Zinc Finger
Q9HD26	[0, 21]	No_Gene3D_overlap
Q9Y2I6	[704, 724]	No_Gene3D_overlap
A8MXD5	[228, 249]	Glutaredoxin
A8MXD5	[262, 289]	No_Gene3D_overlap
P20333	[25, 209]	Tumor Necrosis Factor Receptor, subunit A, domain 2
P20333	[372, 397]	No_Gene3D_overlap
Q01113	[37, 56]	No_Gene3D_overlap
Q01113	[433, 504]	No_Gene3D_overlap
Q12968	[79, 125]	No_Gene3D_overlap
Q12968	[270, 291]	No_Gene3D_overlap
Q13219	[764, 779]	No_Gene3D_overlap
Q13219	[936, 1012]	No_Gene3D_overlap
Q13219	[1184, 1335]	Complement Module, domain 1
Q13219	[1547, 1626]	No_Gene3D_overlap
Q13444	[354, 592]	Collagenase (Catalytic Domain)
Q13444	[720, 742]	No_Gene3D_overlap
Q14767	[350, 436]	No_Gene3D_overlap
Q14767	[543, 733]	Laminin
Q14767	[837, 1645]	Laminin
Q14767	[1694, 1820]	Laminin
Q86UY8	[25, 45]	No_Gene3D_overlap
Q8ND82	[341, 386]	Classic Zinc Finger
Q8ND82	[461, 484]	No_Gene3D_overlap
Q8ND82	[603, 626]	No_Gene3D_overlap
Q8ND82	[645, 675]	No_Gene3D_overlap
Q8ND82	[702, 736]	No_Gene3D_overlap
Q92935	[69, 87]	No_Gene3D_overlap
C9JPN9	[34, 61]	No_Gene3D_overlap
O95389	[15, 105]	No_Gene3D_overlap
O95389	[154, 188]	Complement Module, domain 1
O95389	[291, 318]	No_Gene3D_overlap
Q5CZA5	[157, 245]	Classic Zinc Finger
Q5CZA5	[394, 469]	Classic Zinc Finger
Q5T0T0	[260, 287]	No_Gene3D_overlap
Q96BR6	[50, 85]	-
Q96BR6	[266, 455]	Classic Zinc Finger
Q9BYT3	[2, 35]	No_Gene3D_overlap
Q9Y4R7	[645, 669]	No_Gene3D_overlap
P08572	[31, 62]	No_Gene3D_overlap
P08575	[249, 297]	No_Gene3D_overlap
Q8TBZ8	[132, 211]	Classic Zinc Finger
Q8WXT5	[287, 308]	No_Gene3D_overlap
Q8WXT5	[320, 415]	No_Gene3D_overlap
Q9HCL0	[911, 932]	No_Gene3D_overlap
Q9NZJ0	[439, 463]	YVTN repeat-like/Quinoprotein amine dehydrogenase
Q9NZJ0	[533, 599]	No_Gene3D_overlap
Q9NZJ0	[622, 652]	No_Gene3D_overlap
Q9NZJ0	[699, 729]	No_Gene3D_overlap
Q9UKF2	[389, 568]	Disintegrin domain
Q9UKF2	[601, 658]	No_Gene3D_overlap
Q9Y3S1	[1341, 1358]	No_Gene3D_overlap
Q9Y6Q6	[252, 321]	No_Gene3D_overlap
Q9Y6Q6	[378, 458]	No_Gene3D_overlap
A0A1W2PQL4	[107, 367]	Classic Zinc Finger
A8K8V0	[142, 186]	Classic Zinc Finger
A8K8V0	[303, 374]	Classic Zinc Finger
P20851	[180, 211]	Complement Module, domain 1
P31271	[142, 164]	No_Gene3D_overlap
P41440	[535, 589]	No_Gene3D_overlap
Q13023	[2007, 2063]	No_Gene3D_overlap
Q13023	[2143, 2168]	No_Gene3D_overlap
Q4LDE5	[266, 523]	Complement Module, domain 1
Q4LDE5	[544, 578]	Complement Module, domain 1
Q4LDE5	[705, 758]	No_Gene3D_overlap
Q4LDE5	[977, 1137]	Tumor Necrosis Factor Receptor, subunit A, domain 2
Q4LDE5	[1149, 1169]	No_Gene3D_overlap
Q4LDE5	[1190, 1426]	-
Q4LDE5	[1730, 1812]	Complement Module, domain 1
Q4LDE5	[3455, 3570]	Laminin
Q5HYK9	[79, 186]	Classic Zinc Finger
Q7Z2W4	[62, 93]	Winged helix-like DNA-binding domain superfamily/Winged helix DNA-binding domain
Q7Z2W4	[146, 196]	No_Gene3D_overlap
Q7Z2W4	[502, 529]	No_Gene3D_overlap
Q8N323	[293, 314]	No_Gene3D_overlap
Q8NC06	[197, 263]	No_Gene3D_overlap
Q92796	[0, 22]	No_Gene3D_overlap
Q96PE2	[1494, 1521]	No_Gene3D_overlap
Q96PE2	[1549, 1565]	No_Gene3D_overlap
A5A3E0	[17, 89]	No_Gene3D_overlap
D6RBM5	[34, 61]	No_Gene3D_overlap
O60548	[0, 16]	No_Gene3D_overlap
O75636	[15, 51]	No_Gene3D_overlap
P82663	[128, 151]	No_Gene3D_overlap
Q03001	[2050, 2096]	No_Gene3D_overlap
Q13569	[340, 363]	No_Gene3D_overlap
Q96A61	[172, 193]	No_Gene3D_overlap
Q9H8M5	[0, 16]	No_Gene3D_overlap
Q9Y4X0	[0, 100]	No_Gene3D_overlap
O14514	[183, 323]	Thrombospondin type-1 (TSP1) repeat
O14514	[355, 614]	GPCR, family 2, extracellular hormone receptor domain
O75123	[114, 166]	Classic Zinc Finger
O75123	[198, 277]	Classic Zinc Finger
O75197	[1206, 1382]	Low-density Lipoprotein Receptor
O75197	[1532, 1552]	No_Gene3D_overlap
P17022	[399, 450]	Classic Zinc Finger
P26358	[642, 700]	No_Gene3D_overlap
Q15751	[2970, 3011]	No_Gene3D_overlap
Q15751	[3897, 3919]	No_Gene3D_overlap
Q96B33	[266, 291]	No_Gene3D_overlap
A2RTX5	[36, 78]	No_Gene3D_overlap
O14607	[500, 537]	No_Gene3D_overlap
O14607	[836, 869]	Cupin
O15232	[260, 457]	Laminin
O75170	[750, 778]	No_Gene3D_overlap
P18564	[396, 685]	Laminin
P33076	[0, 31]	No_Gene3D_overlap
P35869	[692, 723]	No_Gene3D_overlap
P35869	[753, 783]	No_Gene3D_overlap
P98155	[17, 413]	Low-density Lipoprotein Receptor
Q15582	[81, 96]	No_Gene3D_overlap
Q5T9A4	[614, 647]	No_Gene3D_overlap
Q8IUE0	[146, 176]	No_Gene3D_overlap
Q8TF68	[308, 389]	Classic Zinc Finger
Q96MX3	[266, 345]	Classic Zinc Finger
Q9C0B0	[34, 55]	No_Gene3D_overlap
Q9C0B0	[360, 392]	No_Gene3D_overlap
Q9C0B0	[758, 809]	No_Gene3D_overlap
Q9HCG1	[242, 299]	Classic Zinc Finger
Q9UF47	[129, 149]	No_Gene3D_overlap
Q9UF47	[180, 198]	No_Gene3D_overlap
Q9Y4C1	[268, 313]	No_Gene3D_overlap
Q9Y4C1	[326, 373]	No_Gene3D_overlap
Q9Y4C1	[456, 506]	No_Gene3D_overlap
Q9Y4C1	[525, 561]	No_Gene3D_overlap
Q9Y4C1	[742, 762]	No_Gene3D_overlap
A0A7I2V3R4	[24, 64]	Zinc/RING finger domain, C3HC4 (zinc finger)
A0A7I2V3R4	[212, 231]	No_Gene3D_overlap
O00634	[244, 456]	Galactose-binding domain-like
P07602	[499, 523]	No_Gene3D_overlap
P0CG37	[143, 170]	No_Gene3D_overlap
P0CG37	[188, 222]	No_Gene3D_overlap
Q1XH10	[260, 290]	No_Gene3D_overlap
Q1XH10	[311, 335]	No_Gene3D_overlap
Q1XH10	[590, 619]	No_Gene3D_overlap
Q1XH10	[698, 720]	No_Gene3D_overlap
Q8NDX1	[247, 274]	No_Gene3D_overlap
Q96KG7	[74, 824]	Tie2 ligand-binding domain superfamily
Q96NZ8	[20, 143]	Elafin-like
Q96NZ8	[288, 425]	-
Q96RY5	[557, 582]	No_Gene3D_overlap
Q9BRA0	[5, 25]	No_Gene3D_overlap
Q9H963	[41, 128]	Classic Zinc Finger
Q9Y5X2	[443, 464]	No_Gene3D_overlap
A6NK75	[117, 147]	No_Gene3D_overlap
A6NK75	[173, 308]	Classic Zinc Finger
P0CG40	[297, 348]	Classic Zinc Finger
P28562	[150, 169]	No_Gene3D_overlap
P63145	[646, 665]	No_Gene3D_overlap
P98160	[268, 430]	Low-density Lipoprotein Receptor
P98160	[718, 942]	Laminin
P98160	[1115, 1343]	Laminin
P98160	[1519, 1707]	Immunoglobulins
P98160	[3834, 3930]	-
P98160	[4091, 4185]	Laminin
Q14532	[0, 80]	No_Gene3D_overlap
Q14532	[394, 447]	-
Q6V0I7	[3857, 3956]	Laminin
Q6V0I7	[4387, 4408]	-
Q7Z569	[380, 400]	No_Gene3D_overlap
Q8IYB9	[55, 87]	-
Q8IYB9	[105, 145]	Classic Zinc Finger
Q8IYB9	[164, 298]	Classic Zinc Finger
Q9BSW7	[23, 49]	No_Gene3D_overlap
Q9H1R3	[238, 266]	Phosphorylase Kinase; domain 1
Q9UHC9	[232, 265]	No_Gene3D_overlap
Q9UIS9	[120, 283]	No_Gene3D_overlap
Q9UIS9	[305, 386]	No_Gene3D_overlap
P05129	[9, 26]	-
Q01860	[58, 79]	No_Gene3D_overlap
Q5SVQ8	[413, 436]	Classic Zinc Finger
Q5SVQ8	[687, 738]	Classic Zinc Finger
Q5VZF2	[315, 350]	No_Gene3D_overlap
Q6XUX3	[47, 72]	No_Gene3D_overlap
Q86W11	[292, 371]	Classic Zinc Finger
Q8TA94	[54, 117]	-
Q8TA94	[216, 296]	Classic Zinc Finger
Q96ME1	[448, 467]	No_Gene3D_overlap
Q9HCP0	[396, 417]	No_Gene3D_overlap
Q9P2J8	[659, 822]	Classic Zinc Finger
O15204	[358, 469]	Disintegrin domain
O96014	[125, 159]	No_Gene3D_overlap
O96014	[198, 232]	No_Gene3D_overlap
P56704	[125, 156]	No_Gene3D_overlap
P56704	[192, 219]	No_Gene3D_overlap
Q14114	[30, 393]	Laminin
Q6IPX1	[523, 545]	No_Gene3D_overlap
Q6PJ61	[519, 544]	-
Q6PJ61	[562, 598]	No_Gene3D_overlap
Q6ZMJ2	[28, 48]	No_Gene3D_overlap
Q6ZN57	[35, 63]	No_Gene3D_overlap
Q8NFZ0	[53, 80]	No_Gene3D_overlap
Q8TBE0	[383, 405]	No_Gene3D_overlap
Q8TBE0	[428, 489]	No_Gene3D_overlap
Q96AC6	[814, 837]	No_Gene3D_overlap
Q96PE1	[1123, 1155]	No_Gene3D_overlap
Q96RL6	[462, 482]	No_Gene3D_overlap
Q9Y4F4	[696, 757]	No_Gene3D_overlap
B7ZBB8	[66, 86]	No_Gene3D_overlap
B7ZBB8	[113, 136]	No_Gene3D_overlap
O95672	[89, 104]	No_Gene3D_overlap
Q13342	[167, 206]	No_Gene3D_overlap
Q13342	[336, 364]	No_Gene3D_overlap
Q13342	[443, 468]	No_Gene3D_overlap
Q8IY22	[307, 324]	No_Gene3D_overlap
Q8IY22	[345, 372]	No_Gene3D_overlap
Q8N7E2	[0, 20]	No_Gene3D_overlap
Q8NBK3	[32, 61]	No_Gene3D_overlap
Q8NCN4	[17, 37]	No_Gene3D_overlap
Q9H1J7	[122, 157]	No_Gene3D_overlap
Q9H1J7	[206, 229]	No_Gene3D_overlap
Q9Y467	[28, 49]	No_Gene3D_overlap
Q9Y5W9	[220, 241]	No_Gene3D_overlap
O00408	[0, 20]	No_Gene3D_overlap
P10253	[0, 15]	No_Gene3D_overlap
Q15940	[9, 116]	Classic Zinc Finger
Q6UXC1	[23, 74]	-
Q8IYN0	[0, 18]	No_Gene3D_overlap
Q8IYN0	[138, 177]	Classic Zinc Finger
Q8N398	[74, 110]	No_Gene3D_overlap
Q8N398	[170, 190]	No_Gene3D_overlap
Q8N398	[242, 258]	No_Gene3D_overlap
Q8N398	[830, 862]	No_Gene3D_overlap
Q8N398	[908, 956]	No_Gene3D_overlap
Q8TF20	[20, 69]	No_Gene3D_overlap
Q96EP0	[206, 250]	No_Gene3D_overlap
Q96EP0	[314, 408]	Zinc finger, RanBP2-type
Q96EP0	[423, 441]	No_Gene3D_overlap
Q96EP0	[814, 850]	-
Q96EP0	[956, 998]	No_Gene3D_overlap
Q9H165	[37, 85]	No_Gene3D_overlap
Q9H165	[101, 130]	No_Gene3D_overlap
Q9H165	[152, 184]	No_Gene3D_overlap
Q9P2D6	[1141, 1161]	No_Gene3D_overlap
A2RRH5	[477, 516]	YVTN repeat-like/Quinoprotein amine dehydrogenase
P30291	[16, 31]	No_Gene3D_overlap
Q13753	[15, 205]	Laminin
Q13753	[371, 621]	Laminin
Q6IV72	[113, 134]	No_Gene3D_overlap
Q6IV72	[178, 228]	No_Gene3D_overlap
Q86YD5	[12, 119]	Low-density Lipoprotein Receptor
Q8NFT8	[27, 141]	Laminin
Q8NFT8	[304, 610]	Laminin
Q8TDW7	[3732, 3762]	No_Gene3D_overlap
Q8TDW7	[3782, 3836]	-
Q8TDW7	[4018, 4117]	Laminin
Q8TDW7	[4284, 4308]	No_Gene3D_overlap
Q92561	[310, 329]	No_Gene3D_overlap
Q92794	[1574, 1614]	No_Gene3D_overlap
Q9NU63	[110, 189]	Classic Zinc Finger
Q9NU63	[271, 303]	Classic Zinc Finger
Q9Y4X5	[271, 311]	No_Gene3D_overlap
P15924	[46, 89]	No_Gene3D_overlap
P17024	[63, 119]	No_Gene3D_overlap
P17024	[219, 409]	Classic Zinc Finger
Q6ZMT4	[738, 797]	No_Gene3D_overlap
Q8IWK6	[1086, 1134]	No_Gene3D_overlap
Q8N7X1	[300, 338]	No_Gene3D_overlap
Q8TEU8	[35, 169]	Elafin-like
Q99593	[312, 340]	No_Gene3D_overlap
Q9NP90	[178, 200]	P-loop containing nucleotide triphosphate hydrolases
Q9UHX3	[19, 268]	Laminin
Q9UIF7	[276, 348]	Helix-hairpin-Helix base-excision DNA repair enzymes (C-terminal)
Q9Y5I2	[723, 739]	No_Gene3D_overlap
O75164	[657, 725]	No_Gene3D_overlap
P04626	[492, 650]	Cytochrome c1, transmembrane anchor, C-terminal
Q09FC8	[47, 81]	No_Gene3D_overlap
Q09FC8	[139, 177]	No_Gene3D_overlap
Q09FC8	[236, 390]	Classic Zinc Finger
Q13829	[0, 15]	No_Gene3D_overlap
Q3KNW1	[193, 291]	Classic Zinc Finger
Q71H61	[213, 240]	No_Gene3D_overlap
Q86YC2	[744, 777]	No_Gene3D_overlap
Q86YC2	[789, 837]	No_Gene3D_overlap
Q8TAW3	[221, 252]	No_Gene3D_overlap
Q96RR4	[47, 71]	No_Gene3D_overlap
Q96RR4	[110, 132]	No_Gene3D_overlap
Q9BRR0	[268, 328]	Classic Zinc Finger
Q9BRR0	[471, 522]	Classic Zinc Finger
Q9Y6R6	[156, 236]	Classic Zinc Finger
Q9Y6R6	[315, 403]	Classic Zinc Finger
D6R9N7	[34, 61]	No_Gene3D_overlap
O43167	[272, 336]	Classic Zinc Finger
O95125	[472, 523]	Classic Zinc Finger
P0DP72	[383, 416]	No_Gene3D_overlap
P0DP72	[470, 503]	Immunoglobulins
P98169	[198, 233]	No_Gene3D_overlap
P98169	[262, 320]	Classic Zinc Finger
Q12841	[221, 276]	EF-hand
Q14162	[13, 423]	Laminin
Q17RG1	[565, 600]	No_Gene3D_overlap
Q2M1K9	[60, 99]	No_Gene3D_overlap
Q2M1K9	[112, 152]	Classic Zinc Finger
Q2M1K9	[185, 244]	Classic Zinc Finger
Q2M1K9	[1081, 1134]	Classic Zinc Finger
Q5JRS4	[277, 312]	Rhodopsin 7-helix transmembrane proteins
Q6UXG2	[38, 120]	No_Gene3D_overlap
Q6UXG2	[360, 417]	No_Gene3D_overlap
Q6UXG2	[583, 667]	No_Gene3D_overlap
Q6UXG2	[705, 723]	No_Gene3D_overlap
Q6UXG2	[806, 836]	No_Gene3D_overlap
Q8IWE5	[752, 774]	Pleckstrin-homology domain (PH domain)/Phosphotyrosine-binding domain (PTB)
Q8IYH5	[153, 181]	No_Gene3D_overlap
Q8IYH5	[204, 227]	No_Gene3D_overlap
Q8N3G9	[384, 401]	No_Gene3D_overlap
Q8NFH8	[14, 36]	EF-hand
Q96L73	[0, 21]	No_Gene3D_overlap
Q96L73	[796, 823]	No_Gene3D_overlap
Q96RU8	[36, 62]	No_Gene3D_overlap
Q9HBK9	[349, 374]	No_Gene3D_overlap
A8MUV8	[108, 326]	Classic Zinc Finger
A8MUV8	[387, 472]	Classic Zinc Finger
O15327	[199, 219]	C2 domain
O94823	[1392, 1422]	No_Gene3D_overlap
O94823	[1433, 1455]	No_Gene3D_overlap
O95998	[40, 63]	No_Gene3D_overlap
P0CG00	[343, 496]	Classic Zinc Finger
P19883	[77, 325]	-
P41743	[102, 131]	-
Q03164	[1147, 1203]	No_Gene3D_overlap
Q12986	[347, 910]	No_Gene3D_overlap
Q12986	[936, 960]	No_Gene3D_overlap
Q2TB18	[629, 654]	No_Gene3D_overlap
Q6ZSS3	[170, 249]	Classic Zinc Finger
Q7Z5L2	[71, 114]	No_Gene3D_overlap
Q86VV4	[189, 210]	No_Gene3D_overlap
Q9H2X6	[840, 866]	No_Gene3D_overlap
O15118	[37, 55]	No_Gene3D_overlap
O15118	[156, 178]	No_Gene3D_overlap
O15118	[216, 256]	No_Gene3D_overlap
O15118	[956, 988]	No_Gene3D_overlap
O95235	[752, 787]	No_Gene3D_overlap
O95235	[849, 875]	No_Gene3D_overlap
P06401	[474, 497]	No_Gene3D_overlap
P0C7X1	[523, 545]	No_Gene3D_overlap
P0DPK4	[0, 275]	Laminin
Q70EK8	[888, 926]	No_Gene3D_overlap
Q70EK8	[980, 1041]	No_Gene3D_overlap
Q75N90	[30, 288]	TGF-beta binding (TB) domain
Q75N90	[302, 935]	Laminin
Q75N90	[987, 1749]	TGF-beta binding (TB) domain
Q75N90	[1877, 2685]	Laminin
Q96GC6	[249, 269]	No_Gene3D_overlap
Q96GC6	[462, 521]	Classic Zinc Finger
Q9BWE0	[0, 15]	No_Gene3D_overlap
Q9BWE0	[227, 278]	Classic Zinc Finger
Q9UBV4	[134, 165]	No_Gene3D_overlap
Q9UBV4	[210, 237]	No_Gene3D_overlap
Q9Y5F6	[719, 740]	No_Gene3D_overlap
A0A1W2PPD8	[370, 400]	No_Gene3D_overlap
A0A1W2PPD8	[493, 514]	No_Gene3D_overlap
P16581	[132, 519]	Mannose-Binding Protein A, subunit A
P17038	[96, 136]	No_Gene3D_overlap
P17038	[165, 244]	Classic Zinc Finger
P17038	[277, 356]	Classic Zinc Finger
P62633	[0, 176]	Zinc finger, CCHC-type
Q02556	[118, 138]	Winged helix-like DNA-binding domain superfamily/Winged helix DNA-binding domain
Q8NDQ6	[160, 229]	Classic Zinc Finger
Q92673	[1014, 1555]	Low-density Lipoprotein Receptor
Q96JB8	[389, 407]	No_Gene3D_overlap
Q9H2K2	[0, 25]	Ankyrin repeat-containing domain
Q9UI38	[48, 74]	No_Gene3D_overlap
O43157	[629, 675]	Immunoglobulins
O43157	[941, 989]	No_Gene3D_overlap
Q04756	[97, 302]	Laminin
Q05066	[29, 55]	No_Gene3D_overlap
Q14524	[1156, 1182]	No_Gene3D_overlap
Q5SXM2	[1409, 1450]	No_Gene3D_overlap
Q75VX8	[541, 566]	No_Gene3D_overlap
Q86TH1	[137, 222]	-
Q86TH1	[565, 649]	Thrombospondin type-1 (TSP1) repeat
Q86X29	[286, 311]	No_Gene3D_overlap
Q8IU80	[444, 577]	Low-density Lipoprotein Receptor
Q9H0D2	[131, 182]	Classic Zinc Finger
Q9H0D2	[378, 402]	No_Gene3D_overlap
Q9H0D2	[497, 517]	No_Gene3D_overlap
Q9H0D2	[829, 852]	No_Gene3D_overlap
Q9N2J8	[239, 266]	No_Gene3D_overlap
Q9NQ69	[0, 22]	No_Gene3D_overlap
Q9NV66	[245, 265]	-
Q9Y6F9	[38, 68]	No_Gene3D_overlap
Q9Y6F9	[117, 143]	No_Gene3D_overlap
Q9Y6F9	[211, 245]	No_Gene3D_overlap
A0A087WUV0	[167, 226]	Classic Zinc Finger
P37275	[225, 320]	Classic Zinc Finger
P37275	[523, 546]	No_Gene3D_overlap
Q15270	[97, 123]	No_Gene3D_overlap
Q32M78	[184, 267]	Classic Zinc Finger
Q494W8	[261, 283]	No_Gene3D_overlap
Q494W8	[307, 331]	No_Gene3D_overlap
Q5SWL7	[447, 473]	No_Gene3D_overlap
Q86XX4	[27, 1029]	Complement Module, domain 1
Q8N9F8	[207, 288]	Classic Zinc Finger
Q8NB78	[42, 88]	No_Gene3D_overlap
Q8NB78	[225, 243]	No_Gene3D_overlap
Q96FN5	[457, 527]	No_Gene3D_overlap
Q9C0A1	[439, 522]	Classic Zinc Finger
Q9C0A1	[745, 773]	No_Gene3D_overlap
Q9C0A1	[812, 835]	No_Gene3D_overlap
Q9C0A1	[1661, 1698]	No_Gene3D_overlap
Q9C0A1	[2445, 2509]	No_Gene3D_overlap
Q9NRH2	[736, 760]	No_Gene3D_overlap
Q9P283	[551, 779]	ligand-binding face of the semaphorins, domain 2
Q9P283	[791, 844]	No_Gene3D_overlap
Q9P283	[854, 1033]	Thrombospondin type-1 (TSP1) repeat
Q9P283	[1055, 1071]	No_Gene3D_overlap
Q9UGT4	[298, 376]	No_Gene3D_overlap
Q9UGT4	[425, 447]	No_Gene3D_overlap
Q9UHQ1	[0, 20]	No_Gene3D_overlap
Q9UPZ6	[58, 114]	No_Gene3D_overlap
Q9UPZ6	[132, 272]	Thrombospondin type-1 (TSP1) repeat
Q9UPZ6	[319, 481]	Thrombospondin type-1 (TSP1) repeat
Q9UPZ6	[1108, 1419]	Thrombospondin type-1 (TSP1) repeat
Q9UPZ6	[1487, 1562]	No_Gene3D_overlap
Q9Y5H5	[723, 741]	No_Gene3D_overlap
O15062	[616, 672]	Classic Zinc Finger
O43462	[361, 385]	No_Gene3D_overlap
P04183	[189, 215]	-
P14314	[27, 125]	Low-density Lipoprotein Receptor
P31249	[386, 413]	No_Gene3D_overlap
P50876	[103, 203]	-
Q12766	[306, 342]	No_Gene3D_overlap
Q12766	[613, 654]	No_Gene3D_overlap
Q12766	[1114, 1150]	No_Gene3D_overlap
Q6F5E8	[141, 159]	Ribonuclease Inhibitor
Q6P1R4	[384, 435]	No_Gene3D_overlap
Q8N2I2	[10, 32]	No_Gene3D_overlap
Q8N2I2	[44, 89]	No_Gene3D_overlap
Q8N2I2	[394, 449]	Classic Zinc Finger
Q8N2I2	[478, 503]	No_Gene3D_overlap
Q8N841	[848, 890]	No_Gene3D_overlap
Q8TE59	[922, 1163]	Thrombospondin type-1 (TSP1) repeat
Q8TE59	[1187, 1212]	No_Gene3D_overlap
Q9HCG7	[10, 69]	No_Gene3D_overlap
O60315	[273, 343]	Classic Zinc Finger
O60315	[974, 1041]	Classic Zinc Finger
P20933	[54, 78]	No_Gene3D_overlap
Q02080	[299, 329]	No_Gene3D_overlap
Q14943	[366, 381]	No_Gene3D_overlap
Q5T5M9	[349, 371]	No_Gene3D_overlap
Q9P281	[251, 386]	No_Gene3D_overlap
Q9Y6Y1	[186, 203]	No_Gene3D_overlap
Q9Y6Y1	[251, 287]	No_Gene3D_overlap
Q9Y6Y1	[812, 833]	No_Gene3D_overlap
A0PJY2	[279, 386]	Classic Zinc Finger
O00468	[144, 978]	-
O00468	[1099, 1122]	No_Gene3D_overlap
O94989	[198, 223]	No_Gene3D_overlap
O94989	[736, 772]	Pleckstrin-homology domain (PH domain)/Phosphotyrosine-binding domain (PTB)
P55268	[284, 557]	Tie2 ligand-binding domain superfamily
P55268	[738, 765]	No_Gene3D_overlap
P55268	[778, 1202]	Laminin
P55268	[1399, 1451]	No_Gene3D_overlap
Q03924	[41, 74]	No_Gene3D_overlap
Q03924	[156, 207]	Classic Zinc Finger
Q5JY77	[1131, 1149]	No_Gene3D_overlap
Q8IY92	[285, 348]	No_Gene3D_overlap
Q8N2E2	[74, 94]	No_Gene3D_overlap
Q8N2E2	[153, 188]	No_Gene3D_overlap
Q8N2E2	[1060, 1077]	No_Gene3D_overlap
Q8N2E2	[1212, 1589]	Laminin
Q8N8E2	[110, 253]	Classic Zinc Finger
Q8N8E2	[266, 488]	Classic Zinc Finger
Q96FC7	[356, 375]	No_Gene3D_overlap
Q96M86	[140, 171]	No_Gene3D_overlap
Q96M86	[4735, 4752]	No_Gene3D_overlap
Q99572	[466, 505]	No_Gene3D_overlap
Q9NTW7	[135, 276]	Classic Zinc Finger
Q9NTW7	[290, 372]	Classic Zinc Finger
Q9NTW7	[433, 537]	Classic Zinc Finger
A0A087WVF3	[523, 545]	No_Gene3D_overlap
B4DXR9	[105, 129]	No_Gene3D_overlap
O94761	[849, 866]	No_Gene3D_overlap
O94761	[937, 978]	No_Gene3D_overlap
P00742	[46, 186]	Laminin
P15172	[82, 110]	Helix-loop-helix DNA-binding domain
P15822	[380, 445]	Classic Zinc Finger
P15822	[1544, 1582]	No_Gene3D_overlap
P29376	[69, 90]	No_Gene3D_overlap
P29376	[370, 420]	No_Gene3D_overlap
Q5VY43	[18, 743]	Tie2 ligand-binding domain superfamily
Q8TD19	[867, 918]	No_Gene3D_overlap
Q8TD19	[957, 978]	No_Gene3D_overlap
Q96CW9	[286, 521]	Laminin
Q96PE3	[382, 397]	No_Gene3D_overlap
Q96PE3	[541, 623]	No_Gene3D_overlap
Q96PE3	[916, 946]	No_Gene3D_overlap
Q99592	[401, 476]	Classic Zinc Finger
Q9UQ49	[407, 424]	-
Q9Y6N7	[983, 1007]	No_Gene3D_overlap
A0A087X179	[523, 545]	No_Gene3D_overlap
A0A0U1RQI7	[349, 383]	No_Gene3D_overlap
A0A0U1RQI7	[405, 481]	No_Gene3D_overlap
A0A0U1RQI7	[629, 719]	Serralysin-like metalloprotease, C-terminal
A0A0U1RQI7	[769, 845]	No_Gene3D_overlap
A0A0U1RQI7	[936, 1051]	Classic Zinc Finger
O14802	[139, 162]	No_Gene3D_overlap
P17021	[181, 260]	Classic Zinc Finger
P51797	[0, 31]	No_Gene3D_overlap
Q68EA5	[69, 120]	No_Gene3D_overlap
Q68EA5	[131, 268]	Classic Zinc Finger
Q6PKC3	[466, 487]	No_Gene3D_overlap
Q6R2W3	[592, 656]	No_Gene3D_overlap
Q7Z340	[234, 379]	Classic Zinc Finger
Q86TI0	[377, 408]	No_Gene3D_overlap
Q8N344	[6, 32]	No_Gene3D_overlap
Q8N344	[516, 544]	No_Gene3D_overlap
Q8N6M9	[0, 144]	AN1-like Zinc finger
Q96B70	[37, 65]	No_Gene3D_overlap
Q96NU1	[2, 27]	No_Gene3D_overlap
Q96RG2	[79, 111]	No_Gene3D_overlap
Q96RG2	[557, 577]	No_Gene3D_overlap
Q96RG2	[676, 724]	No_Gene3D_overlap
Q96RG2	[748, 838]	No_Gene3D_overlap
Q99741	[127, 165]	P-loop containing nucleotide triphosphate hydrolases
Q9UIM3	[157, 177]	No_Gene3D_overlap
P06127	[190, 215]	No_Gene3D_overlap
P06127	[233, 258]	No_Gene3D_overlap
P08922	[73, 93]	Immunoglobulins
P08922	[2270, 2345]	No_Gene3D_overlap
P09564	[215, 239]	No_Gene3D_overlap
P36382	[248, 279]	No_Gene3D_overlap
P54289	[828, 846]	No_Gene3D_overlap
P54289	[1025, 1065]	No_Gene3D_overlap
Q14592	[181, 238]	Classic Zinc Finger
Q15569	[560, 615]	No_Gene3D_overlap
Q3MJ13	[1081, 1101]	No_Gene3D_overlap
Q53GI3	[281, 326]	No_Gene3D_overlap
Q6ZN06	[234, 481]	Classic Zinc Finger
Q8NCG7	[249, 276]	alpha/beta hydrolase
Q99466	[24, 1293]	Laminin
Q99466	[1541, 1567]	No_Gene3D_overlap
Q99466	[1850, 1872]	No_Gene3D_overlap
Q99466	[1940, 1981]	No_Gene3D_overlap
Q9H4S2	[36, 70]	No_Gene3D_overlap
Q9H4S2	[220, 241]	No_Gene3D_overlap
Q9UBG0	[1232, 1258]	Mannose-Binding Protein A, subunit A
P51168	[433, 450]	No_Gene3D_overlap
Q2MJR0	[286, 328]	No_Gene3D_overlap
Q2MJR0	[342, 370]	No_Gene3D_overlap
Q2MJR0	[390, 409]	No_Gene3D_overlap
Q5H9M0	[251, 277]	No_Gene3D_overlap
Q5H9M0	[302, 322]	No_Gene3D_overlap
Q86XN6	[236, 427]	Classic Zinc Finger
Q8WW36	[0, 165]	Zinc finger, CCHC-type
Q96QP1	[463, 485]	No_Gene3D_overlap
Q9NS56	[29, 58]	No_Gene3D_overlap
Q9NS56	[1026, 1044]	No_Gene3D_overlap
O75592	[743, 823]	No_Gene3D_overlap
O75592	[3179, 3207]	No_Gene3D_overlap
O75592	[3230, 3286]	No_Gene3D_overlap
O75592	[4250, 4276]	No_Gene3D_overlap
O75592	[4338, 4432]	Zinc/RING finger domain, C3HC4 (zinc finger)
O75592	[4552, 4596]	No_Gene3D_overlap
O75592	[4618, 4673]	No_Gene3D_overlap
P17020	[34, 76]	No_Gene3D_overlap
P28907	[0, 19]	No_Gene3D_overlap
P51843	[27, 52]	No_Gene3D_overlap
P51843	[93, 144]	No_Gene3D_overlap
P51843	[188, 224]	No_Gene3D_overlap
P59510	[667, 725]	-
P59510	[848, 1136]	-
P59510	[1154, 1287]	Thrombospondin type-1 (TSP1) repeat
P59510	[1305, 1646]	Thrombospondin type-1 (TSP1) repeat
P59510	[1774, 1795]	No_Gene3D_overlap
Q03989	[264, 284]	No_Gene3D_overlap
Q6PFW1	[1253, 1348]	No_Gene3D_overlap
Q86UT5	[70, 114]	-
Q8IYI8	[95, 120]	No_Gene3D_overlap
Q8IYI8	[214, 439]	Classic Zinc Finger
Q8NCT1	[364, 385]	No_Gene3D_overlap
Q8WYB5	[1684, 1778]	No_Gene3D_overlap
Q9H3T2	[620, 638]	No_Gene3D_overlap
Q9NVH0	[350, 376]	No_Gene3D_overlap
O95239	[1075, 1126]	No_Gene3D_overlap
O95239	[1148, 1180]	No_Gene3D_overlap
P08151	[6, 27]	No_Gene3D_overlap
P08151	[166, 198]	No_Gene3D_overlap
P34931	[606, 631]	-
P57059	[674, 698]	No_Gene3D_overlap
P57059	[745, 776]	No_Gene3D_overlap
P58317	[0, 50]	No_Gene3D_overlap
P58317	[250, 326]	Classic Zinc Finger
Q2TB10	[0, 27]	No_Gene3D_overlap
Q2TB10	[348, 370]	No_Gene3D_overlap
Q6V9R5	[225, 302]	Classic Zinc Finger
Q8IYT8	[275, 311]	Transferase(Phosphotransferase) domain 1
Q8IYT8	[337, 397]	No_Gene3D_overlap
Q8IYT8	[480, 501]	No_Gene3D_overlap
Q8IYT8	[750, 777]	No_Gene3D_overlap
Q8TAT6	[119, 143]	No_Gene3D_overlap
Q8TAT6	[190, 216]	Cytidine Deaminase, domain 2
Q96RK0	[495, 530]	No_Gene3D_overlap
Q9BQA5	[190, 362]	Classic Zinc Finger
Q9H9P8	[22, 42]	No_Gene3D_overlap
Q9NQ36	[29, 483]	Laminin
Q9NQ36	[561, 585]	No_Gene3D_overlap
Q9NQ36	[616, 818]	Spermadhesin, CUB domain
Q9UJ96	[0, 18]	Potassium Channel Kv1.1; Chain A
Q9UNY4	[0, 18]	No_Gene3D_overlap
Q9UPW5	[556, 580]	No_Gene3D_overlap
P16422	[30, 56]	No_Gene3D_overlap
P17643	[23, 74]	No_Gene3D_overlap
P17643	[99, 122]	No_Gene3D_overlap
Q13467	[164, 194]	Rhodopsin 7-helix transmembrane proteins
Q5VV16	[287, 308]	No_Gene3D_overlap
Q5VV16	[320, 415]	No_Gene3D_overlap
Q8NBV8	[53, 69]	No_Gene3D_overlap
Q8NCV1	[431, 454]	No_Gene3D_overlap
Q99972	[36, 70]	-
Q9NSD4	[92, 143]	Classic Zinc Finger
A6NIR3	[0, 20]	No_Gene3D_overlap
O95206	[944, 973]	No_Gene3D_overlap
Q12947	[425, 443]	No_Gene3D_overlap
Q3MJ62	[219, 291]	Classic Zinc Finger
Q53RD9	[103, 339]	Laminin
Q6N022	[555, 878]	Laminin
Q96KP6	[238, 279]	Nemo cc2-lz domain - 1d5 darpin complex
Q9H6U6	[249, 264]	No_Gene3D_overlap
Q9Y676	[83, 114]	Ribosomal protein S18
A2RRP1	[1132, 1156]	No_Gene3D_overlap
O75096	[10, 441]	Laminin
O75096	[1686, 1716]	No_Gene3D_overlap
O95407	[38, 209]	Tumor Necrosis Factor Receptor, subunit A, domain 2
O95477	[1454, 1483]	No_Gene3D_overlap
P17483	[49, 69]	No_Gene3D_overlap
Q5JPB2	[135, 186]	Classic Zinc Finger
Q5JPB2	[1330, 1380]	No_Gene3D_overlap
Q5JPB2	[1397, 1435]	No_Gene3D_overlap
Q7Z398	[174, 245]	Classic Zinc Finger
Q7Z444	[204, 232]	P-loop containing nucleotide triphosphate hydrolases
Q86UQ4	[4311, 4333]	No_Gene3D_overlap
Q8IVF5	[122, 149]	No_Gene3D_overlap
Q8IY17	[470, 500]	No_Gene3D_overlap
Q8IY17	[1301, 1329]	No_Gene3D_overlap
Q92831	[1, 21]	No_Gene3D_overlap
Q92831	[31, 61]	No_Gene3D_overlap
Q92831	[89, 117]	No_Gene3D_overlap
Q96K58	[13, 36]	No_Gene3D_overlap
Q96K58	[75, 184]	Classic Zinc Finger
A5PKW4	[0, 24]	No_Gene3D_overlap
O15054	[13, 56]	No_Gene3D_overlap
O95696	[374, 420]	Zinc/RING finger domain, C3HC4 (zinc finger)
P40238	[574, 626]	No_Gene3D_overlap
P49639	[12, 56]	No_Gene3D_overlap
Q14643	[2043, 2066]	No_Gene3D_overlap
Q16670	[248, 324]	Classic Zinc Finger
Q16821	[696, 720]	No_Gene3D_overlap
Q56UN5	[605, 636]	No_Gene3D_overlap
Q658N2	[193, 231]	No_Gene3D_overlap
Q658N2	[303, 344]	P-loop containing nucleotide triphosphate hydrolases
Q8TAP4	[0, 17]	Cysteine Rich Protein
Q96MU8	[115, 146]	No_Gene3D_overlap
Q9UQF0	[20, 36]	No_Gene3D_overlap
O14672	[424, 642]	Collagenase (Catalytic Domain)
O43316	[276, 302]	No_Gene3D_overlap
P35443	[247, 630]	TSP type-3 repeat
Q14593	[85, 107]	-
Q14593	[139, 178]	Classic Zinc Finger
Q3ZCN5	[291, 306]	No_Gene3D_overlap
Q3ZCN5	[349, 489]	Laminin
Q3ZCN5	[1074, 1093]	No_Gene3D_overlap
Q3ZCN5	[1105, 1131]	No_Gene3D_overlap
Q3ZCN5	[1153, 1173]	No_Gene3D_overlap
Q3ZCN5	[1462, 1478]	No_Gene3D_overlap
Q3ZCN5	[1506, 1533]	No_Gene3D_overlap
Q3ZCN5	[1722, 1737]	No_Gene3D_overlap
Q3ZCN5	[1839, 2097]	Laminin
Q3ZCN5	[2165, 2194]	No_Gene3D_overlap
Q3ZCN5	[2229, 2310]	No_Gene3D_overlap
Q63HN8	[0, 30]	No_Gene3D_overlap
Q63HN8	[3963, 3982]	No_Gene3D_overlap
Q63HN8	[4498, 4537]	No_Gene3D_overlap
Q6AZW8	[23, 92]	Classic Zinc Finger
Q86YS7	[444, 466]	No_Gene3D_overlap
Q86YS7	[981, 999]	No_Gene3D_overlap
Q96N21	[280, 306]	No_Gene3D_overlap
Q96NI6	[570, 626]	No_Gene3D_overlap
Q96PX9	[477, 509]	No_Gene3D_overlap
Q96PX9	[884, 917]	No_Gene3D_overlap
Q9BVS5	[28, 90]	No_Gene3D_overlap
Q9BX10	[1, 22]	No_Gene3D_overlap
Q9UKN5	[536, 562]	SET domain
Q9UPP2	[183, 221]	No_Gene3D_overlap
Q9UPP2	[1106, 1130]	No_Gene3D_overlap
Q9Y4D2	[607, 628]	No_Gene3D_overlap
Q9Y6Q3	[169, 206]	No_Gene3D_overlap
Q9Y6Q3	[231, 263]	No_Gene3D_overlap
Q9Y6Q3	[278, 419]	Classic Zinc Finger
O14628	[194, 209]	No_Gene3D_overlap
O14628	[235, 413]	Classic Zinc Finger
O14628	[429, 536]	Classic Zinc Finger
O60384	[3, 51]	No_Gene3D_overlap
O75077	[681, 777]	Laminin
O76076	[19, 249]	Thrombospondin type-1 (TSP1) repeat
O94827	[931, 954]	No_Gene3D_overlap
P16144	[417, 661]	Laminin
P41002	[638, 658]	No_Gene3D_overlap
P41002	[728, 757]	No_Gene3D_overlap
Q76NI1	[867, 894]	No_Gene3D_overlap
Q8NEZ5	[0, 17]	-
Q96B86	[65, 102]	No_Gene3D_overlap
Q96B86	[134, 178]	Mog1/PsbP, alpha/beta/alpha sandwich
A6NHJ4	[260, 412]	Classic Zinc Finger
A6NNM8	[192, 216]	No_Gene3D_overlap
P21917	[251, 319]	Rhodopsin 7-helix transmembrane proteins
Q14031	[18, 51]	No_Gene3D_overlap
Q15696	[170, 190]	No_Gene3D_overlap
Q3KP31	[61, 114]	Classic Zinc Finger
Q3KP31	[151, 258]	Classic Zinc Finger
Q3KP31	[291, 370]	Classic Zinc Finger
Q5TCX8	[800, 888]	No_Gene3D_overlap
Q6NX49	[202, 232]	No_Gene3D_overlap
Q6NX49	[256, 450]	Classic Zinc Finger
Q6PJ21	[60, 102]	No_Gene3D_overlap
Q6WN34	[50, 183]	Complement Module, domain 1
Q6WN34	[235, 340]	Complement Module, domain 1
Q86TG7	[287, 307]	No_Gene3D_overlap
Q8N144	[254, 285]	No_Gene3D_overlap
Q8N2Y8	[11, 39]	No_Gene3D_overlap
Q8N2Y8	[179, 200]	No_Gene3D_overlap
Q8N2Y8	[231, 261]	No_Gene3D_overlap
Q8N2Y8	[292, 321]	No_Gene3D_overlap
Q8N2Y8	[340, 424]	No_Gene3D_overlap
Q8N3X6	[13, 41]	No_Gene3D_overlap
Q8N3X6	[66, 111]	No_Gene3D_overlap
Q8WWW8	[228, 243]	No_Gene3D_overlap
Q9P273	[507, 825]	Laminin
A6NNA2	[130, 156]	No_Gene3D_overlap
B2RUY7	[69, 221]	-
P0CG39	[22, 44]	No_Gene3D_overlap
P0CG39	[54, 81]	No_Gene3D_overlap
Q14147	[1068, 1099]	No_Gene3D_overlap
Q14147	[1110, 1133]	No_Gene3D_overlap
Q6FHJ7	[160, 185]	-
Q6GQQ9	[709, 739]	No_Gene3D_overlap
Q8NAP3	[250, 272]	No_Gene3D_overlap
Q8NAP3	[941, 996]	No_Gene3D_overlap
Q8NF99	[254, 327]	Classic Zinc Finger
Q8WVD3	[148, 175]	No_Gene3D_overlap
Q96QS3	[0, 25]	No_Gene3D_overlap
Q9BY12	[1066, 1082]	No_Gene3D_overlap
Q9P2E7	[745, 780]	No_Gene3D_overlap
Q9P2E7	[800, 862]	No_Gene3D_overlap
Q9P2E7	[929, 958]	No_Gene3D_overlap
Q9UJQ4	[63, 89]	No_Gene3D_overlap
Q9Y2L1	[465, 497]	No_Gene3D_overlap
O60284	[357, 445]	-
O60284	[713, 849]	-
P17097	[141, 294]	Classic Zinc Finger
P17097	[404, 485]	Classic Zinc Finger
Q8NEM0	[487, 528]	No_Gene3D_overlap
Q8NEM0	[574, 599]	No_Gene3D_overlap
Q96JN2	[306, 331]	No_Gene3D_overlap
Q96JN2	[501, 545]	No_Gene3D_overlap
Q96JN2	[816, 844]	No_Gene3D_overlap
Q96JN2	[887, 917]	No_Gene3D_overlap
Q9P209	[234, 283]	No_Gene3D_overlap
A7KAX9	[1486, 1505]	No_Gene3D_overlap
P18089	[312, 332]	Rhodopsin 7-helix transmembrane proteins
P41221	[149, 176]	No_Gene3D_overlap
P41221	[227, 247]	No_Gene3D_overlap
Q01668	[1822, 1848]	No_Gene3D_overlap
Q86VD1	[843, 863]	No_Gene3D_overlap
Q8TAU0	[113, 137]	Homeodomain-like
Q96JM7	[109, 152]	No_Gene3D_overlap
Q9HCB6	[432, 729]	Thrombospondin type-1 (TSP1) repeat
Q9NZB8	[10, 40]	No_Gene3D_overlap
Q9Y5H8	[721, 741]	No_Gene3D_overlap
A0A087X1G2	[523, 545]	No_Gene3D_overlap
B6SEH8	[118, 186]	No_Gene3D_overlap
O00339	[311, 654]	Laminin
O60663	[2, 98]	Cysteine Rich Protein
P23276	[75, 91]	Collagenase (Catalytic Domain)
Q13360	[113, 141]	No_Gene3D_overlap
Q13360	[198, 298]	Classic Zinc Finger
Q7LBC6	[901, 923]	No_Gene3D_overlap
Q7LBC6	[1113, 1135]	No_Gene3D_overlap
Q96C28	[139, 276]	Classic Zinc Finger
Q9P0U4	[161, 217]	No_Gene3D_overlap
Q9P0U4	[369, 403]	No_Gene3D_overlap
Q9P0U4	[475, 514]	No_Gene3D_overlap
Q9P0U4	[539, 570]	No_Gene3D_overlap
Q9Y6K1	[531, 554]	No_Gene3D_overlap
Q9Y6K9	[385, 418]	No_Gene3D_overlap
P09758	[23, 82]	Thyroglobulin type-1
Q08AN1	[152, 227]	Classic Zinc Finger
Q5W0B1	[310, 347]	No_Gene3D_overlap
Q5W0B1	[364, 406]	No_Gene3D_overlap
Q5W0B1	[447, 479]	No_Gene3D_overlap
Q76LX8	[713, 873]	Thrombospondin type-1 (TSP1) repeat
Q76LX8	[893, 1139]	Thrombospondin type-1 (TSP1) repeat
Q7Z6G8	[396, 423]	No_Gene3D_overlap
Q8IWI9	[1036, 1091]	No_Gene3D_overlap
Q96N58	[264, 589]	Classic Zinc Finger
Q96PE6	[158, 321]	Classic Zinc Finger
Q9C0D7	[411, 437]	No_Gene3D_overlap
Q9C0D7	[621, 643]	No_Gene3D_overlap
Q9H0X6	[220, 259]	No_Gene3D_overlap
Q9H9B1	[509, 639]	No_Gene3D_overlap
Q9NPA2	[521, 541]	No_Gene3D_overlap
Q9NX65	[477, 619]	Classic Zinc Finger
Q9P272	[167, 228]	Vaccinia Virus protein VP39
Q9UKT4	[0, 62]	No_Gene3D_overlap
Q9UKT4	[72, 104]	No_Gene3D_overlap
Q9Y2D9	[432, 500]	Classic Zinc Finger
Q9Y493	[1033, 1155]	Laminin
Q9Y493	[1319, 1366]	No_Gene3D_overlap
Q9Y493	[1387, 1548]	Laminin
Q9Y493	[1674, 1689]	No_Gene3D_overlap
Q9Y493	[1713, 1909]	Laminin
Q9Y493	[2118, 2151]	No_Gene3D_overlap
Q9Y493	[2183, 2335]	Laminin
Q9Y493	[2523, 2760]	Laminin
P0C6S8	[15, 49]	Ribonuclease Inhibitor
P27918	[28, 419]	Thrombospondin type-1 (TSP1) repeat
P28908	[222, 315]	No_Gene3D_overlap
P46100	[160, 183]	No_Gene3D_overlap
P46100	[313, 335]	No_Gene3D_overlap
P51864	[144, 166]	No_Gene3D_overlap
Q5M7Z0	[89, 119]	No_Gene3D_overlap
Q6H9L7	[424, 440]	No_Gene3D_overlap
Q6H9L7	[484, 502]	No_Gene3D_overlap
Q6ZV73	[84, 136]	No_Gene3D_overlap
Q6ZV73	[230, 275]	No_Gene3D_overlap
Q7L513	[35, 55]	No_Gene3D_overlap
Q86Y91	[679, 718]	No_Gene3D_overlap
Q96FE5	[37, 53]	No_Gene3D_overlap
Q96NI8	[201, 262]	Classic Zinc Finger
Q9BXL6	[419, 451]	No_Gene3D_overlap
Q9H7S9	[381, 408]	No_Gene3D_overlap
Q9NXC5	[764, 808]	No_Gene3D_overlap
Q9NXC5	[833, 874]	No_Gene3D_overlap
Q9NY30	[136, 161]	No_Gene3D_overlap
Q9UIK5	[40, 307]	Laminin
Q9UIK5	[341, 366]	No_Gene3D_overlap
O60290	[431, 453]	No_Gene3D_overlap
O75426	[7, 30]	No_Gene3D_overlap
O75426	[508, 538]	No_Gene3D_overlap
O75446	[56, 81]	No_Gene3D_overlap
Q504T8	[321, 373]	No_Gene3D_overlap
Q86WK7	[409, 425]	No_Gene3D_overlap
Q8IV53	[575, 595]	No_Gene3D_overlap
Q9H293	[31, 49]	No_Gene3D_overlap
Q9NSI6	[1838, 1874]	No_Gene3D_overlap
Q9NSI6	[1958, 1994]	No_Gene3D_overlap
Q9NX45	[393, 420]	No_Gene3D_overlap
Q9UN73	[722, 741]	No_Gene3D_overlap
B6SEH9	[115, 186]	No_Gene3D_overlap
O75437	[184, 224]	Classic Zinc Finger
P29279	[21, 274]	Thrombospondin type-1 (TSP1) repeat
Q2M218	[198, 277]	Classic Zinc Finger
Q2M218	[338, 503]	Classic Zinc Finger
Q6ZVD8	[1027, 1051]	PPM-type phosphatase domain
Q6ZVD8	[1162, 1211]	No_Gene3D_overlap
Q7Z4V0	[751, 772]	No_Gene3D_overlap
Q8N7W2	[153, 175]	No_Gene3D_overlap
Q9P0X4	[542, 564]	No_Gene3D_overlap
Q9P0X4	[1779, 1797]	No_Gene3D_overlap
Q9P0X4	[1827, 1850]	No_Gene3D_overlap
Q9UJV3	[710, 734]	No_Gene3D_overlap
P15586	[505, 525]	No_Gene3D_overlap
Q00722	[1134, 1178]	Phospholipase C beta, distal C-terminal domain
Q14571	[1986, 2009]	No_Gene3D_overlap
Q2KJY2	[173, 193]	No_Gene3D_overlap
Q2KJY2	[912, 932]	No_Gene3D_overlap
Q7Z401	[1442, 1467]	No_Gene3D_overlap
Q8WUJ1	[206, 227]	No_Gene3D_overlap
Q8WUJ1	[242, 263]	No_Gene3D_overlap
Q9BVN2	[0, 20]	No_Gene3D_overlap
Q9BVN2	[52, 82]	No_Gene3D_overlap
Q9BVN2	[96, 118]	No_Gene3D_overlap
Q9BVN2	[144, 191]	No_Gene3D_overlap
Q9UKL3	[1346, 1367]	No_Gene3D_overlap
Q9UKL3	[1753, 1807]	No_Gene3D_overlap
P0CG31	[235, 313]	Classic Zinc Finger
P53582	[0, 33]	No_Gene3D_overlap
Q0D2J5	[95, 117]	No_Gene3D_overlap
Q0D2J5	[210, 382]	Classic Zinc Finger
Q12805	[138, 385]	Laminin
Q14590	[130, 166]	No_Gene3D_overlap
Q14590	[187, 208]	No_Gene3D_overlap
Q16659	[425, 449]	No_Gene3D_overlap
Q6NSJ2	[431, 457]	No_Gene3D_overlap
Q6NSJ2	[514, 542]	Pleckstrin-homology domain (PH domain)/Phosphotyrosine-binding domain (PTB)
Q8IV35	[1031, 1048]	No_Gene3D_overlap
Q8NGU9	[417, 433]	No_Gene3D_overlap
Q92618	[103, 133]	No_Gene3D_overlap
Q92618	[224, 251]	Classic Zinc Finger
Q96K21	[4, 27]	No_Gene3D_overlap
Q96K21	[411, 453]	No_Gene3D_overlap
Q9BWT7	[452, 472]	No_Gene3D_overlap
Q9H665	[0, 132]	No_Gene3D_overlap
Q9Y2L8	[736, 808]	Classic Zinc Finger
Q9Y4K1	[986, 1001]	No_Gene3D_overlap
A0A494C071	[254, 285]	No_Gene3D_overlap
A0A494C071	[301, 329]	No_Gene3D_overlap
A0A494C071	[734, 807]	No_Gene3D_overlap
A0A494C071	[860, 930]	No_Gene3D_overlap
A6NDS4	[523, 545]	No_Gene3D_overlap
B1APH4	[39, 55]	No_Gene3D_overlap
B1APH4	[119, 148]	Classic Zinc Finger
Q07092	[267, 289]	No_Gene3D_overlap
Q07092	[548, 568]	No_Gene3D_overlap
Q07092	[945, 968]	No_Gene3D_overlap
Q07092	[982, 999]	No_Gene3D_overlap
Q14149	[776, 809]	No_Gene3D_overlap
Q86TD4	[449, 471]	No_Gene3D_overlap
Q86XS5	[46, 86]	No_Gene3D_overlap
Q99687	[76, 109]	No_Gene3D_overlap
Q9UER7	[717, 737]	No_Gene3D_overlap
Q9Y2Y8	[81, 102]	No_Gene3D_overlap
A0A1W2PPK0	[113, 195]	No_Gene3D_overlap
A0A1W2PPK0	[266, 282]	No_Gene3D_overlap
A0A1W2PPK0	[365, 399]	No_Gene3D_overlap
A6NNA5	[169, 207]	No_Gene3D_overlap
P01266	[1097, 1290]	Thyroglobulin type-1
P01266	[1592, 1619]	No_Gene3D_overlap
P53384	[0, 40]	No_Gene3D_overlap
Q04759	[254, 341]	-
Q13127	[267, 375]	Classic Zinc Finger
Q14587	[244, 281]	Classic Zinc Finger
Q14587	[295, 346]	Classic Zinc Finger
Q68D51	[227, 252]	No_Gene3D_overlap
Q8IX30	[21, 501]	Laminin
Q8IX30	[556, 580]	No_Gene3D_overlap
Q8IX30	[610, 813]	Tumor Necrosis Factor Receptor, subunit A, domain 2
Q8TED4	[257, 277]	No_Gene3D_overlap
Q9H0J9	[68, 87]	Winged helix-like DNA-binding domain superfamily/Winged helix DNA-binding domain
Q9H0J9	[153, 173]	No_Gene3D_overlap
Q9H8G1	[137, 170]	No_Gene3D_overlap
Q9H8G1	[252, 331]	Classic Zinc Finger
O95071	[921, 936]	No_Gene3D_overlap
O95071	[1148, 1174]	No_Gene3D_overlap
O95071	[1193, 1243]	No_Gene3D_overlap
O95071	[1285, 1300]	No_Gene3D_overlap
P17030	[107, 188]	Classic Zinc Finger
P17030	[249, 358]	Classic Zinc Finger
Q5JUK2	[0, 40]	No_Gene3D_overlap
Q6PG37	[64, 91]	No_Gene3D_overlap
Q7L2R6	[206, 508]	Classic Zinc Finger
Q7Z6Z7	[3360, 3383]	No_Gene3D_overlap
Q8N8Q3	[264, 281]	No_Gene3D_overlap
Q8TBZ2	[0, 20]	No_Gene3D_overlap
Q8WW38	[678, 719]	No_Gene3D_overlap
Q8WW38	[759, 857]	No_Gene3D_overlap
Q92731	[122, 152]	Erythroid Transcription Factor GATA-1, subunit A
Q96C55	[105, 184]	Classic Zinc Finger
Q96S15	[707, 738]	No_Gene3D_overlap
Q9BZG8	[412, 437]	No_Gene3D_overlap
Q9GZP4	[1, 21]	No_Gene3D_overlap
Q9H819	[25, 50]	No_Gene3D_overlap
Q9UHN1	[0, 25]	No_Gene3D_overlap
Q9Y462	[467, 519]	Classic Zinc Finger
A0A1B0GTW7	[116, 153]	No_Gene3D_overlap
A0A1B0GTW7	[465, 504]	No_Gene3D_overlap
A0A1B0GTW7	[542, 570]	No_Gene3D_overlap
O75815	[335, 369]	No_Gene3D_overlap
O75815	[389, 458]	No_Gene3D_overlap
P17017	[54, 293]	Classic Zinc Finger
P17017	[326, 407]	Classic Zinc Finger
P22891	[82, 182]	Laminin
P30622	[1368, 1394]	No_Gene3D_overlap
P30622	[1408, 1437]	No_Gene3D_overlap
Q5TC82	[80, 98]	Zinc/RING finger domain, C3HC4 (zinc finger)
Q6DCA0	[0, 28]	No_Gene3D_overlap
Q8IUH4	[0, 30]	No_Gene3D_overlap
Q8NB59	[176, 214]	No_Gene3D_overlap
Q8NB59	[390, 410]	C2 domain
Q96EQ8	[153, 176]	No_Gene3D_overlap
Q96JA1	[864, 907]	No_Gene3D_overlap
Q96JA1	[920, 949]	No_Gene3D_overlap
Q96JA1	[977, 1000]	No_Gene3D_overlap
Q9BZ81	[240, 256]	MAGE homology domain, winged helix WH2 motif
Q9HBG7	[481, 497]	No_Gene3D_overlap
Q9NR61	[179, 501]	Laminin
Q9NR61	[587, 614]	No_Gene3D_overlap
Q9NR61	[642, 684]	No_Gene3D_overlap
Q9P212	[201, 264]	No_Gene3D_overlap
Q9UF56	[9, 71]	No_Gene3D_overlap
Q9UF56	[129, 150]	No_Gene3D_overlap
Q9UF56	[186, 229]	No_Gene3D_overlap
Q9UF56	[284, 319]	No_Gene3D_overlap
Q9UGL1	[251, 276]	No_Gene3D_overlap
Q9ULD5	[538, 588]	Classic Zinc Finger
Q9ULD5	[627, 678]	Classic Zinc Finger
Q9Y603	[184, 209]	No_Gene3D_overlap
A6NNF4	[105, 143]	Classic Zinc Finger
A6NNF4	[164, 240]	Classic Zinc Finger
Q6S5H5	[17, 81]	No_Gene3D_overlap
Q6S5H5	[91, 118]	No_Gene3D_overlap
Q70Z35	[1100, 1138]	No_Gene3D_overlap
Q70Z35	[1586, 1605]	No_Gene3D_overlap
Q86UP3	[71, 96]	No_Gene3D_overlap
Q86UP3	[1066, 1101]	No_Gene3D_overlap
Q96BR9	[273, 352]	Classic Zinc Finger
Q9BRP1	[329, 348]	No_Gene3D_overlap
Q9BZF2	[429, 475]	No_Gene3D_overlap
Q9C026	[81, 140]	No_Gene3D_overlap
Q9HAH1	[103, 333]	Classic Zinc Finger
Q9Y2K9	[736, 769]	No_Gene3D_overlap
O14770	[96, 114]	No_Gene3D_overlap
O76013	[0, 22]	No_Gene3D_overlap
O76013	[391, 442]	-
P07357	[16, 149]	Thrombospondin type-1 (TSP1) repeat
P07357	[486, 583]	Thrombospondin type-1 (TSP1) repeat
P12109	[237, 258]	von Willebrand factor, type A domain
P12109	[590, 607]	von Willebrand factor, type A domain
P17405	[215, 237]	No_Gene3D_overlap
P17405	[582, 600]	No_Gene3D_overlap
P78412	[389, 445]	No_Gene3D_overlap
Q13472	[687, 741]	Bacterial Topoisomerase I, domain 1
Q13472	[802, 852]	No_Gene3D_overlap
Q13472	[886, 939]	No_Gene3D_overlap
Q13472	[973, 1000]	No_Gene3D_overlap
Q8IWL1	[5, 34]	No_Gene3D_overlap
Q8IYW5	[291, 313]	No_Gene3D_overlap
Q8NE65	[139, 163]	No_Gene3D_overlap
Q96Q40	[0, 37]	No_Gene3D_overlap
Q9H8L6	[75, 101]	No_Gene3D_overlap
Q9H8L6	[116, 134]	No_Gene3D_overlap
O00463	[0, 21]	No_Gene3D_overlap
P10114	[166, 182]	P-loop containing nucleotide triphosphate hydrolases
P14222	[370, 415]	C2 domain
P82279	[26, 473]	Laminin
P82279	[1135, 1314]	Laminin
Q02413	[569, 587]	No_Gene3D_overlap
Q13443	[536, 579]	No_Gene3D_overlap
Q13443	[593, 630]	No_Gene3D_overlap
Q149M9	[0, 15]	No_Gene3D_overlap
Q2Q1W2	[5, 28]	No_Gene3D_overlap
Q5SWL8	[123, 143]	No_Gene3D_overlap
Q5SWL8	[450, 475]	No_Gene3D_overlap
Q5TAX3	[735, 785]	No_Gene3D_overlap
Q5TAX3	[814, 885]	No_Gene3D_overlap
Q5TAX3	[909, 937]	No_Gene3D_overlap
Q5TAX3	[954, 975]	Beta Polymerase, domain 2
Q5TAX3	[1614, 1639]	No_Gene3D_overlap
Q6GV28	[170, 192]	No_Gene3D_overlap
Q8TAF7	[211, 485]	Classic Zinc Finger
Q96LX8	[314, 411]	Classic Zinc Finger
Q9NSA2	[521, 542]	No_Gene3D_overlap
Q9UBX5	[14, 349]	Laminin
Q9UKF5	[387, 565]	Disintegrin domain
Q9UKF5	[592, 609]	No_Gene3D_overlap
Q9UKF5	[619, 663]	No_Gene3D_overlap
A0ABJ7H351	[54, 150]	Zinc finger, CCCH-type
A0ABJ7H351	[269, 303]	Zinc/RING finger domain, C3HC4 (zinc finger)
O15265	[341, 367]	No_Gene3D_overlap
O15265	[508, 525]	No_Gene3D_overlap
O75173	[608, 691]	-
O95243	[239, 305]	No_Gene3D_overlap
P46531	[10, 1416]	Laminin
P55201	[12, 32]	No_Gene3D_overlap
P56159	[25, 51]	No_Gene3D_overlap
P56159	[70, 92]	No_Gene3D_overlap
P56159	[145, 199]	No_Gene3D_overlap
P56159	[212, 251]	GDNF binding domain
Q0VG99	[306, 351]	No_Gene3D_overlap
Q5EBM4	[92, 168]	Classic Zinc Finger
Q5T700	[0, 34]	No_Gene3D_overlap
Q5T700	[63, 173]	Low-density Lipoprotein Receptor
Q6NUJ1	[15, 76]	Saposin-like
Q6NUJ1	[459, 514]	Saposin-like
Q6VAB6	[194, 219]	No_Gene3D_overlap
Q7Z7M0	[558, 658]	Kelch-type beta propeller
Q7Z7M0	[848, 970]	No_Gene3D_overlap
Q7Z7M0	[987, 1272]	Laminin
Q7Z7M0	[1303, 1332]	No_Gene3D_overlap
Q7Z7M0	[1866, 2019]	Kelch-type beta propeller
Q7Z7M0	[2035, 2470]	Laminin
Q7Z7M0	[2741, 2761]	No_Gene3D_overlap
Q86TB3	[361, 410]	No_Gene3D_overlap
Q86TB3	[781, 824]	No_Gene3D_overlap
Q96E35	[153, 174]	-
Q96S59	[594, 619]	No_Gene3D_overlap
Q9BYK8	[85, 109]	No_Gene3D_overlap
Q9BYK8	[170, 199]	No_Gene3D_overlap
Q9BYK8	[212, 248]	No_Gene3D_overlap
Q9BYK8	[278, 315]	No_Gene3D_overlap
Q9BYK8	[327, 359]	No_Gene3D_overlap
Q9NPC7	[293, 404]	Classic Zinc Finger
Q9NYQ6	[37, 65]	No_Gene3D_overlap
Q9NYQ6	[103, 184]	No_Gene3D_overlap
Q9NYQ6	[1341, 1449]	Laminin
Q9NYQ6	[1859, 2052]	Tie2 ligand-binding domain superfamily
Q9P0J7	[69, 122]	No_Gene3D_overlap
A8MT65	[283, 362]	Classic Zinc Finger
P24928	[137, 163]	No_Gene3D_overlap
P59817	[325, 361]	No_Gene3D_overlap
Q2TBF2	[180, 213]	No_Gene3D_overlap
Q2TBF2	[282, 307]	No_Gene3D_overlap
Q8TF45	[73, 96]	No_Gene3D_overlap
Q8TF45	[181, 246]	Classic Zinc Finger
Q96JC4	[107, 157]	No_Gene3D_overlap
Q96JC4	[176, 339]	Classic Zinc Finger
Q9P0N8	[0, 28]	No_Gene3D_overlap
Q9ULI0	[1256, 1311]	No_Gene3D_overlap
Q9Y561	[379, 491]	Low-density Lipoprotein Receptor
Q9Y561	[818, 858]	No_Gene3D_overlap
O43541	[110, 136]	No_Gene3D_overlap
O75346	[104, 144]	No_Gene3D_overlap
O75346	[191, 382]	Classic Zinc Finger
Q15652	[1711, 1743]	No_Gene3D_overlap
Q15652	[1922, 1944]	No_Gene3D_overlap
Q8N2C3	[36, 56]	Winged helix-like DNA-binding domain superfamily/Winged helix DNA-binding domain
Q99969	[114, 144]	-
Q9NP84	[108, 128]	No_Gene3D_overlap
Q9UNA0	[527, 642]	-
Q9UNA0	[687, 737]	-
Q9UNE0	[140, 157]	No_Gene3D_overlap
P0CG24	[4, 369]	Classic Zinc Finger
P29122	[682, 949]	Hormone Receptor, Insulin-like Growth Factor Receptor 1; Chain A, domain 2
P40967	[508, 545]	No_Gene3D_overlap
Q6N043	[231, 272]	No_Gene3D_overlap
Q6N043	[349, 391]	Classic Zinc Finger
Q6N043	[466, 496]	No_Gene3D_overlap
Q6N043	[615, 639]	No_Gene3D_overlap
Q6N043	[708, 738]	No_Gene3D_overlap
Q6N043	[802, 830]	No_Gene3D_overlap
Q8IWZ5	[0, 19]	No_Gene3D_overlap
Q8IWZ5	[31, 147]	No_Gene3D_overlap
Q8N7M2	[198, 277]	Classic Zinc Finger
Q8N7M2	[394, 559]	Classic Zinc Finger
Q8TAB3	[950, 979]	No_Gene3D_overlap
Q92752	[114, 332]	Immunoglobulins
Q92913	[15, 36]	No_Gene3D_overlap
Q96GP6	[41, 445]	Tie2 ligand-binding domain superfamily
Q96GP6	[461, 503]	No_Gene3D_overlap
Q96JG9	[1328, 1363]	No_Gene3D_overlap
Q96JG9	[1649, 1683]	No_Gene3D_overlap
Q96JL9	[264, 287]	No_Gene3D_overlap
Q96JL9	[649, 664]	No_Gene3D_overlap
Q9BWX1	[0, 45]	Zinc/RING finger domain, C3HC4 (zinc finger)
Q9BWX1	[87, 219]	Zinc/RING finger domain, C3HC4 (zinc finger)
Q9NPY3	[214, 476]	Laminin
Q9UNW8	[359, 379]	No_Gene3D_overlap
B2RXH2	[372, 406]	No_Gene3D_overlap
B2RXH2	[448, 469]	No_Gene3D_overlap
B4DX44	[110, 293]	Classic Zinc Finger
O43474	[369, 391]	No_Gene3D_overlap
O43474	[421, 476]	Classic Zinc Finger
O75717	[685, 700]	No_Gene3D_overlap
O95231	[211, 257]	No_Gene3D_overlap
P54793	[565, 583]	Alkaline Phosphatase, subunit A
Q14246	[17, 345]	Laminin
Q5T442	[307, 327]	No_Gene3D_overlap
Q5XUX0	[0, 25]	No_Gene3D_overlap
Q5XUX0	[44, 69]	-
Q8N6M6	[53, 89]	No_Gene3D_overlap
Q8N6M6	[120, 142]	tricorn interacting facor f3 domain
Q8WTR7	[637, 734]	Classic Zinc Finger
Q8WTR7	[749, 870]	Classic Zinc Finger
Q9BS86	[241, 257]	No_Gene3D_overlap
Q9BS86	[306, 341]	No_Gene3D_overlap
Q9GZY0	[0, 67]	No_Gene3D_overlap
Q9Y6W6	[62, 90]	No_Gene3D_overlap
O15015	[545, 589]	No_Gene3D_overlap
O15015	[812, 862]	Classic Zinc Finger
O15015	[949, 972]	No_Gene3D_overlap
O15015	[1487, 1512]	No_Gene3D_overlap
Q14145	[2, 47]	Potassium Channel Kv1.1; Chain A
Q6PML9	[15, 39]	No_Gene3D_overlap
Q86Y01	[189, 211]	No_Gene3D_overlap
Q8N7Q3	[75, 100]	No_Gene3D_overlap
Q9UBT3	[30, 113]	No_Gene3D_overlap
O75110	[13, 30]	No_Gene3D_overlap
P07225	[102, 261]	Laminin
P08047	[595, 672]	Classic Zinc Finger
P12111	[2019, 2045]	von Willebrand factor, type A domain
P12111	[2367, 2399]	von Willebrand factor, type A domain
P15621	[102, 233]	-
P82987	[76, 236]	-
P82987	[645, 889]	Thrombospondin type-1 (TSP1) repeat
P82987	[1425, 1690]	Thrombospondin type-1 (TSP1) repeat
Q6ZT12	[1324, 1343]	No_Gene3D_overlap
Q9P1U0	[0, 43]	No_Gene3D_overlap
Q9UBL0	[755, 809]	No_Gene3D_overlap
Q9Y2P7	[230, 309]	Classic Zinc Finger
Q9Y2P7	[482, 561]	Classic Zinc Finger
A0A096LNW5	[26, 267]	Laminin
D6RA61	[34, 61]	No_Gene3D_overlap
O75912	[0, 51]	No_Gene3D_overlap
O75912	[68, 89]	No_Gene3D_overlap
O75912	[252, 272]	No_Gene3D_overlap
P10072	[92, 112]	Classic Zinc Finger
P10072	[292, 343]	Classic Zinc Finger
P11226	[21, 45]	No_Gene3D_overlap
P49910	[264, 306]	No_Gene3D_overlap
P49910	[335, 414]	Classic Zinc Finger
Q16099	[905, 934]	No_Gene3D_overlap
Q5T440	[28, 45]	Probable tRNA modification gtpase trme; domain 1
Q6P531	[476, 492]	No_Gene3D_overlap
Q6PJP8	[61, 164]	No_Gene3D_overlap
Q6UY18	[28, 46]	Ribonuclease Inhibitor
Q8N1N4	[411, 477]	-
Q96LU7	[51, 80]	No_Gene3D_overlap
Q96LU7	[100, 192]	No_Gene3D_overlap
Q9H9D4	[344, 483]	Classic Zinc Finger
Q9HAU8	[0, 16]	No_Gene3D_overlap
P08235	[184, 211]	No_Gene3D_overlap
P26651	[238, 259]	No_Gene3D_overlap
Q5JV73	[1267, 1314]	No_Gene3D_overlap
Q5JV73	[1351, 1391]	No_Gene3D_overlap
Q6ZN54	[255, 292]	-
Q6ZN54	[473, 501]	No_Gene3D_overlap
Q86UE3	[167, 231]	Classic Zinc Finger
Q8IZP1	[523, 545]	No_Gene3D_overlap
Q9BXT6	[367, 389]	No_Gene3D_overlap
O95405	[77, 103]	No_Gene3D_overlap
O95405	[115, 192]	No_Gene3D_overlap
O95405	[219, 250]	No_Gene3D_overlap
O95405	[344, 370]	No_Gene3D_overlap
O95405	[428, 469]	No_Gene3D_overlap
P24394	[361, 394]	No_Gene3D_overlap
P24394	[412, 440]	No_Gene3D_overlap
P24394	[707, 756]	No_Gene3D_overlap
P52824	[92, 232]	-
Q05823	[716, 740]	KEN domain
Q6A162	[0, 89]	No_Gene3D_overlap
Q6A162	[114, 139]	Vasodilator-stimulated phosphoprotein
Q6A162	[391, 426]	-
Q6PIJ6	[764, 787]	No_Gene3D_overlap
Q7Z3H0	[39, 101]	Ankyrin repeat-containing domain
Q8NEK5	[74, 101]	No_Gene3D_overlap
Q8TBJ5	[110, 140]	No_Gene3D_overlap
Q8TBJ5	[268, 347]	Classic Zinc Finger
Q969P5	[324, 341]	No_Gene3D_overlap
Q99944	[27, 46]	No_Gene3D_overlap
Q9BX82	[225, 353]	Classic Zinc Finger
Q9BX82	[394, 625]	Classic Zinc Finger
Q9BXT4	[1131, 1148]	No_Gene3D_overlap
Q9BZA7	[1128, 1217]	No_Gene3D_overlap
Q9Y2G1	[868, 895]	No_Gene3D_overlap
O00300	[26, 197]	Tumor Necrosis Factor Receptor, subunit A, domain 2
O14924	[919, 972]	Phosphatidylinositol 3-kinase Catalytic Subunit; Chain A, domain 1
O75064	[1176, 1197]	No_Gene3D_overlap
O75064	[1475, 1495]	No_Gene3D_overlap
P48960	[15, 265]	Laminin
Q6ZUT9	[0, 18]	No_Gene3D_overlap
Q8WXI2	[845, 866]	No_Gene3D_overlap
Q969W8	[190, 327]	Classic Zinc Finger
Q9H160	[153, 182]	No_Gene3D_overlap
Q9H1R2	[145, 165]	Protein tyrosine phosphatase superfamily
Q9H1R2	[209, 231]	No_Gene3D_overlap
Q9H1R2	[269, 294]	No_Gene3D_overlap
Q9H7R0	[228, 309]	Classic Zinc Finger
Q9H7R0	[479, 560]	Classic Zinc Finger
Q9Y508	[132, 169]	No_Gene3D_overlap
Q9Y5Q5	[128, 144]	Frizzled cysteine-rich domain
Q9Y5Q5	[247, 482]	Frizzled cysteine-rich domain
Q9Y5Q5	[514, 692]	Low-density Lipoprotein Receptor
Q9Y5Q5	[703, 738]	No_Gene3D_overlap
Q9Y5Q5	[775, 799]	Trypsin-like serine proteases
O14904	[136, 166]	No_Gene3D_overlap
O14904	[205, 238]	No_Gene3D_overlap
Q13642	[217, 259]	Cysteine Rich Protein
Q96NE9	[565, 587]	No_Gene3D_overlap
Q9BSY4	[2, 99]	-
Q9HBJ0	[108, 187]	Zona pellucida, ZP-N domain
O14944	[37, 67]	Laminin
O43300	[450, 467]	No_Gene3D_overlap
O60729	[6, 30]	No_Gene3D_overlap
P51649	[15, 31]	No_Gene3D_overlap
Q15937	[184, 495]	Classic Zinc Finger
Q6P461	[24, 39]	No_Gene3D_overlap
Q76N89	[662, 716]	No_Gene3D_overlap
Q99726	[370, 387]	No_Gene3D_overlap
Q9C098	[43, 78]	No_Gene3D_overlap
Q9H792	[0, 29]	No_Gene3D_overlap
Q9H792	[81, 99]	No_Gene3D_overlap
Q9H7H0	[390, 414]	No_Gene3D_overlap
Q9ULM2	[241, 348]	Classic Zinc Finger
B2RU33	[0, 46]	No_Gene3D_overlap
O43603	[344, 376]	No_Gene3D_overlap
Q12950	[283, 304]	No_Gene3D_overlap
Q12950	[316, 386]	No_Gene3D_overlap
Q15306	[183, 232]	No_Gene3D_overlap
Q16527	[0, 179]	Cysteine Rich Protein
Q6UY11	[0, 275]	Laminin
Q6UY11	[331, 367]	No_Gene3D_overlap
Q8NI77	[733, 790]	No_Gene3D_overlap
Q96N38	[67, 90]	No_Gene3D_overlap
Q96N38	[135, 214]	Classic Zinc Finger
Q96N38	[538, 553]	No_Gene3D_overlap
Q9HC56	[1122, 1145]	No_Gene3D_overlap
Q9P2N4	[533, 662]	-
Q9P2N4	[879, 1325]	Thrombospondin type-1 (TSP1) repeat
Q9P2N4	[1792, 1822]	No_Gene3D_overlap
Q9P2N4	[1852, 1871]	No_Gene3D_overlap
Q9P2N4	[1904, 1931]	No_Gene3D_overlap
Q9UIH9	[39, 72]	No_Gene3D_overlap
A4D1S0	[208, 230]	No_Gene3D_overlap
P30281	[0, 15]	No_Gene3D_overlap
Q6UWV2	[204, 234]	No_Gene3D_overlap
Q6UY14	[353, 493]	-
Q6UY14	[665, 1073]	Thrombospondin type-1 (TSP1) repeat
Q86XU0	[203, 237]	No_Gene3D_overlap
Q86XU0	[254, 445]	Classic Zinc Finger
Q96DN2	[16, 270]	Laminin
Q96DN2	[375, 792]	Complement Module, domain 1
Q9NUG4	[335, 410]	-
Q9Y3M8	[342, 362]	No_Gene3D_overlap
A8MW92	[143, 163]	-
O94813	[707, 740]	Ribonuclease Inhibitor
O94813	[879, 1159]	Laminin
O94813	[1322, 1528]	-
P33981	[258, 331]	No_Gene3D_overlap
P38398	[793, 827]	No_Gene3D_overlap
P38398	[1271, 1309]	No_Gene3D_overlap
P52744	[43, 75]	Classic Zinc Finger
P52744	[98, 180]	Classic Zinc Finger
Q2VIQ3	[1077, 1128]	No_Gene3D_overlap
Q2VIQ3	[1150, 1182]	No_Gene3D_overlap
Q3SY56	[217, 270]	Classic Zinc Finger
Q68G74	[0, 79]	Cysteine Rich Protein
Q6W4X9	[245, 403]	Laminin
Q6W4X9	[565, 590]	No_Gene3D_overlap
Q6W4X9	[1080, 1109]	No_Gene3D_overlap
Q6W4X9	[1129, 1205]	No_Gene3D_overlap
Q6W4X9	[2338, 2425]	No_Gene3D_overlap
Q7Z2Y8	[2280, 2305]	No_Gene3D_overlap
Q7Z6A9	[222, 256]	No_Gene3D_overlap
Q8IZS8	[1040, 1072]	No_Gene3D_overlap
Q8N8C0	[16, 103]	Classic Zinc Finger
Q969J2	[142, 165]	No_Gene3D_overlap
Q9C0D6	[768, 786]	No_Gene3D_overlap
Q9H1H9	[1688, 1726]	No_Gene3D_overlap
Q9HBE1	[0, 23]	Potassium Channel Kv1.1; Chain A
Q9HBE1	[530, 562]	No_Gene3D_overlap
Q9NS15	[68, 149]	Laminin
Q9NS15	[268, 465]	TGF-beta binding (TB) domain
Q9NS15	[567, 1205]	Laminin
Q9NYQ8	[3721, 3746]	No_Gene3D_overlap
Q9NYQ8	[3933, 4042]	Laminin
Q9Y6S9	[0, 21]	No_Gene3D_overlap
Q9Y6S9	[348, 380]	No_Gene3D_overlap
A4D0S4	[264, 539]	Galactose-binding domain-like
A4D0S4	[715, 1185]	Laminin
A4D0S4	[1373, 1416]	No_Gene3D_overlap
E7ETH6	[192, 218]	No_Gene3D_overlap
O75808	[6, 76]	Zinc finger, RanBP2-type
O75808	[90, 110]	No_Gene3D_overlap
O75808	[335, 445]	Zinc finger, RanBP2-type
P17509	[102, 118]	No_Gene3D_overlap
P35908	[0, 16]	No_Gene3D_overlap
P78363	[1168, 1188]	No_Gene3D_overlap
P78363	[1479, 1505]	No_Gene3D_overlap
Q14588	[167, 375]	Classic Zinc Finger
Q14588	[447, 528]	Classic Zinc Finger
Q14CN2	[176, 214]	No_Gene3D_overlap
Q7L590	[804, 845]	No_Gene3D_overlap
Q8NFZ5	[397, 428]	No_Gene3D_overlap
Q8WWZ8	[39, 58]	No_Gene3D_overlap
Q8WWZ8	[69, 120]	No_Gene3D_overlap
Q8WWZ8	[141, 275]	Laminin
Q92833	[1192, 1219]	No_Gene3D_overlap
Q96QT6	[485, 543]	No_Gene3D_overlap
Q96QT6	[913, 935]	No_Gene3D_overlap
Q9H161	[0, 15]	No_Gene3D_overlap
Q9H161	[314, 334]	No_Gene3D_overlap
Q9NSB2	[510, 539]	No_Gene3D_overlap
Q9NSB2	[551, 599]	No_Gene3D_overlap
Q9Y2Y1	[5, 37]	No_Gene3D_overlap
Q92686	[0, 18]	-
Q9BZM1	[168, 188]	Phospholipase A2 domain
Q9N2K0	[238, 266]	No_Gene3D_overlap
