Accession_number	Region	Domain
O43827	[110, 133]	Gamma Fibrinogen, chain A, domain 1
O75093	[19, 58]	Ribonuclease Inhibitor
O75678	[77, 160]	Zinc/RING finger domain, C3HC4 (zinc finger)
O75678	[345, 366]	-
P01135	[58, 92]	Laminin
P04275	[761, 863]	Laminin
Q13018	[208, 233]	Fibronectin, type II, collagen-binding
Q13018	[904, 923]	Mannose-Binding Protein A, subunit A
Q53HC9	[95, 121]	YVTN repeat-like/Quinoprotein amine dehydrogenase
Q5VWG9	[856, 917]	Zinc/RING finger domain, C3HC4 (zinc finger)
Q6UWY2	[204, 230]	Trypsin-like serine proteases
Q6ZMT1	[104, 171]	-
Q7Z7K2	[349, 392]	Classic Zinc Finger
Q8IWV7	[98, 182]	-
Q8IZJ1	[253, 339]	Thrombospondin type-1 (TSP1) repeat
Q8NAF0	[267, 320]	Classic Zinc Finger
Q8WWI1	[1631, 1682]	Cysteine Rich Protein
Q9BRZ2	[485, 529]	TolB, C-terminal domain
Q9BT23	[32, 82]	Cysteine Rich Protein
Q9NV35	[13, 29]	Nucleoside Triphosphate Pyrophosphohydrolase
Q9Y662	[333, 359]	P-loop containing nucleotide triphosphate hydrolases
D6RCP7	[79, 131]	Cysteine proteinases
O43820	[357, 373]	Aldolase class I
O75179	[226, 248]	Ankyrin repeat-containing domain
P06858	[287, 319]	alpha/beta hydrolase
P49720	[1, 20]	Glutamine Phosphoribosylpyrophosphate, subunit 1, domain 1
P61513	[17, 64]	-
P78424	[507, 530]	lambda repressor-like DNA-binding domains
Q07325	[31, 56]	-
Q12802	[1799, 1842]	-
Q5I0X7	[34, 60]	Tetratricopeptide repeat domain
Q96C00	[384, 463]	Classic Zinc Finger
Q96QE4	[515, 554]	Ribonuclease Inhibitor
Q9H2C1	[24, 133]	Cysteine Rich Protein
Q9NQ11	[286, 366]	Calcium-transporting ATPase, cytoplasmic transduction domain A
Q9NQ11	[874, 910]	HAD superfamily/HAD-like
A6NI28	[842, 863]	SH3 Domains
A8MVZ5	[141, 197]	Immunoglobulins
M0R2J8	[1149, 1172]	-
O00451	[145, 359]	GDNF binding domain
O95274	[23, 62]	CD59
O95677	[425, 450]	-
P0DH78	[15, 87]	Zinc/RING finger domain, C3HC4 (zinc finger)
P20701	[763, 784]	ntegrin, alpha v. Chain A, domain 3
P20701	[1000, 1018]	ntegrin, alpha v. Chain A, domain 4
P24278	[231, 258]	Classic Zinc Finger
Q01955	[1598, 1669]	Collagen IV, non-collagenous
Q13114	[34, 110]	Zinc/RING finger domain, C3HC4 (zinc finger)
Q14957	[418, 448]	Periplasmic binding protein-like II
Q15878	[252, 286]	-
Q2TV78	[289, 318]	Plasminogen Kringle 4
Q2TV78	[640, 666]	Trypsin-like serine proteases
Q2WGJ6	[503, 580]	Kelch-type beta propeller
Q5THR3	[971, 999]	EF-hand
Q6PEW0	[202, 221]	Trypsin-like serine proteases
Q6ZWI9	[0, 24]	Zinc/RING finger domain, C3HC4 (zinc finger)
Q7Z4F1	[147, 193]	Low-density Lipoprotein Receptor
Q86UF1	[170, 204]	Tetraspanin
Q8NBB4	[89, 130]	DNA breaking-rejoining enzymes
Q8NBB4	[310, 339]	Classic Zinc Finger
Q8NCW6	[543, 607]	-
Q8TAS1	[27, 63]	Phosphorylase Kinase; domain 1
Q8TDJ6	[2776, 2791]	YVTN repeat-like/Quinoprotein amine dehydrogenase
Q8WXS8	[406, 424]	Collagenase (Catalytic Domain)
Q96L91	[2385, 2430]	Homeodomain-like
Q9BY79	[273, 310]	Low-density Lipoprotein Receptor
Q9BY79	[527, 572]	Frizzled cysteine-rich domain
Q9NSU2	[4, 45]	Ribonuclease H-like superfamily/Ribonuclease H
Q9NY46	[1719, 1744]	-
Q9UKV8	[268, 309]	paz domain
Q9Y6Q9	[169, 284]	PAS domain
A0FGR8	[592, 625]	C2 domain
A5YM72	[524, 547]	ATP-grasp fold, B domain
A8MWY0	[594, 677]	Tumor Necrosis Factor Receptor, subunit A, domain 2
A8MWY0	[827, 844]	Mannose-6-phosphate receptor binding domain
O00222	[506, 573]	GPCR, family 3, nine cysteines domain
O43638	[74, 111]	Winged helix-like DNA-binding domain superfamily/Winged helix DNA-binding domain
O60309	[823, 864]	Ribonuclease Inhibitor
O75078	[656, 715]	Laminin
P10912	[49, 73]	Immunoglobulins
P16615	[324, 356]	Calcium-transporting ATPase, transmembrane domain
P16615	[487, 525]	HAD superfamily/HAD-like
P55285	[577, 603]	Cadherins
P55773	[39, 119]	-
P98073	[182, 218]	Low-density Lipoprotein Receptor
P98073	[926, 999]	Trypsin-like serine proteases
P98164	[2010, 2038]	TolB, C-terminal domain
Q03426	[318, 395]	-
Q15031	[471, 520]	HUPs
Q5H8A4	[263, 283]	Alkaline Phosphatase, subunit A
Q6UXB8	[113, 207]	CAP
Q8IX01	[826, 845]	Surp module
Q8N4C7	[276, 293]	-
Q99675	[265, 323]	Zinc/RING finger domain, C3HC4 (zinc finger)
Q9UHB6	[385, 469]	Cysteine Rich Protein
Q9UJJ9	[125, 155]	Mannose-6-phosphate receptor binding domain
Q9UKV0	[636, 664]	Histone deacetylase domain
A6NCL7	[257, 307]	Ankyrin repeat-containing domain
A6NCW7	[81, 125]	Cysteine proteinases
O95445	[157, 187]	-
P36269	[429, 451]	-
P55055	[78, 165]	Erythroid Transcription Factor GATA-1, subunit A
Q07954	[462, 523]	TolB, C-terminal domain
Q13535	[940, 960]	Leucine-rich Repeat Variant
Q14765	[402, 424]	STAT transcription factor, DNA-binding domain
Q15366	[278, 308]	K Homology domain, type 1
Q5VV67	[1603, 1659]	-
Q8IZ73	[414, 430]	Pseudouridine synthase
Q8NG08	[451, 484]	P-loop containing nucleotide triphosphate hydrolases
Q8TBE9	[224, 241]	HAD superfamily/HAD-like
Q9H5I1	[221, 247]	SET domain
Q9HA64	[0, 16]	Phosphorylase Kinase; domain 1
Q9HCU4	[1560, 1621]	Laminin
Q9HCU4	[1742, 1774]	-
Q9P2D3	[1011, 1040]	Leucine-rich Repeat Variant
Q9UMW8	[218, 243]	Cysteine proteinases
Q9Y252	[618, 644]	Zinc/RING finger domain, C3HC4 (zinc finger)
O14792	[258, 276]	P-loop containing nucleotide triphosphate hydrolases
O43291	[66, 98]	Pancreatic trypsin inhibitor Kunitz domain
O60242	[831, 851]	-
O60242	[1059, 1096]	Rhodopsin 7-helix transmembrane proteins
O95487	[538, 579]	Zn-finger domain of Sec23/24
P01036	[84, 139]	-
P20155	[29, 83]	-
P20774	[58, 117]	Ribonuclease Inhibitor
Q07890	[267, 296]	Dbl homology (DH) domain
Q12918	[82, 103]	Mannose-Binding Protein A, subunit A
Q13115	[36, 64]	Rhodanese-like domain
Q5W0U4	[21, 60]	Classic Zinc Finger
Q6S9Z5	[83, 128]	Classic Zinc Finger
Q86X10	[1216, 1235]	Rap/Ran-GAP
Q8IXI1	[534, 575]	P-loop containing nucleotide triphosphate hydrolases
Q8NER5	[15, 41]	CD59
Q8NHL6	[146, 183]	Immunoglobulins
Q8TDY4	[341, 371]	Pleckstrin-homology domain (PH domain)/Phosphotyrosine-binding domain (PTB)
Q8TDY4	[426, 452]	Arf GTPase activating protein
Q96SZ5	[172, 265]	Jelly Rolls
Q9H6E5	[538, 585]	-
Q9H9J4	[89, 154]	Cysteine proteinases
Q9NRE2	[173, 245]	Classic Zinc Finger
Q9UBS8	[258, 277]	Zinc/RING finger domain, C3HC4 (zinc finger)
Q9UBS8	[307, 357]	-
Q9ULK0	[124, 141]	-
A6NI73	[51, 85]	Immunoglobulins
C9JVI0	[79, 131]	Cysteine proteinases
D6RBQ6	[79, 131]	Cysteine proteinases
O15528	[103, 125]	Cytochrome P450
P07327	[92, 130]	Medium-chain alcohol dehydrogenases, catalytic domain
P25398	[96, 124]	-
P25940	[208, 228]	-
P56715	[91, 116]	Doublecortin domain
Q5VW22	[437, 492]	Arf GTPase activating protein
Q96CS7	[33, 72]	Pleckstrin-homology domain (PH domain)/Phosphotyrosine-binding domain (PTB)
Q96QU8	[288, 308]	Leucine-rich Repeat Variant
Q9BWU0	[311, 347]	-
Q9NQR9	[90, 116]	Phosphatidic acid phosphatase type 2/haloperoxidase
Q9NRR2	[181, 265]	Trypsin-like serine proteases
Q9UIB8	[176, 211]	Immunoglobulins
Q9UKG1	[303, 389]	Pleckstrin-homology domain (PH domain)/Phosphotyrosine-binding domain (PTB)
Q9UL18	[272, 341]	paz domain
Q9UMS6	[35, 63]	-
Q9Y5U5	[35, 149]	Tumor Necrosis Factor Receptor, subunit A, domain 2
A0A5A2	[97, 113]	Immunoglobulins
O00548	[31, 70]	-
O00755	[240, 348]	-
O43526	[520, 535]	-
O43866	[57, 157]	SRCR-like domain
O94875	[1056, 1087]	SH3 Domains
P01871	[0, 28]	Immunoglobulins
P13726	[219, 242]	Immunoglobulins
P49407	[125, 149]	-
Q15139	[180, 199]	-
Q15910	[491, 614]	SET domain
Q86XK2	[850, 903]	Single-stranded right-handed beta-helix, Pectin lyase-like
Q8IU81	[493, 583]	Interferon regulatory factor 2-binding protein
Q8NDC4	[123, 144]	Histone H3 K4-specific methyltransferase SET7/9 N-terminal domain
Q96EX2	[362, 388]	Zinc/RING finger domain, C3HC4 (zinc finger)
Q96GW7	[642, 711]	Laminin
Q96GW7	[847, 869]	Complement Module, domain 1
Q9BUA6	[42, 96]	EF-hand
Q9P2D0	[750, 773]	Potassium Channel Kv1.1; Chain A
Q9UBX7	[166, 266]	Trypsin-like serine proteases
A0A3B3IT33	[35, 137]	Classic Zinc Finger
A6NFC5	[56, 77]	-
A8MUK1	[79, 131]	Cysteine proteinases
P22304	[154, 185]	Alkaline Phosphatase, subunit A
P40855	[209, 241]	Pex19, mPTS binding domain
Q01973	[58, 84]	Immunoglobulins
Q01973	[210, 253]	Frizzled cysteine-rich domain
Q01973	[273, 394]	Plasminogen Kringle 4
Q05707	[1401, 1456]	-
Q14315	[189, 220]	Calponin-like domain
Q14315	[611, 628]	Immunoglobulins
Q15116	[122, 139]	Immunoglobulins
Q15661	[209, 229]	Trypsin-like serine proteases
Q15813	[129, 158]	Ribonuclease Inhibitor
Q16671	[68, 123]	CD59
Q38SD2	[58, 83]	Ankyrin repeat-containing domain
Q4G163	[625, 684]	-
Q4KMG0	[495, 514]	Immunoglobulins
Q7RTY5	[200, 227]	Trypsin-like serine proteases
Q86YW7	[24, 129]	Cystine-knot cytokines
Q8IVU3	[973, 999]	Hect, E3 ligase catalytic domain
Q96SM3	[150, 172]	Galactose-binding domain-like
Q96T88	[285, 382]	-
Q96T88	[400, 420]	SRA-YDG
Q96T88	[728, 776]	Zinc/RING finger domain, C3HC4 (zinc finger)
Q9BTC0	[258, 326]	Zinc/RING finger domain, C3HC4 (zinc finger)
Q9P244	[25, 44]	Ribonuclease Inhibitor
Q9P244	[366, 394]	Immunoglobulins
O75326	[479, 537]	ligand-binding face of the semaphorins, domain 2
O75326	[552, 626]	Immunoglobulins
P04216	[104, 123]	Immunoglobulins
P07204	[22, 38]	Mannose-Binding Protein A, subunit A
P15289	[156, 181]	Alkaline Phosphatase, subunit A
P15289	[402, 442]	-
P51888	[66, 96]	Ribonuclease Inhibitor
Q13822	[776, 806]	Extracellular Endonuclease, subunit A
Q16515	[318, 378]	Acid-sensing ion channel domain
Q7Z407	[459, 504]	Complement Module, domain 1
Q7Z4I7	[0, 35]	Cysteine Rich Protein
Q86WS3	[99, 125]	Zona pellucida, ZP-N domain
Q8NFP7	[4, 20]	Nucleoside Triphosphate Pyrophosphohydrolase
Q8TBP0	[33, 67]	-
Q9BR61	[254, 275]	Ankyrin repeat-containing domain
Q9HBH9	[211, 234]	Transferase(Phosphotransferase) domain 1
Q9UPT8	[390, 490]	Zinc finger, CCCH-type
O00748	[79, 95]	alpha/beta hydrolase
P00519	[1014, 1055]	Nucleotidyltransferases domain 2
P01733	[93, 109]	Immunoglobulins
P50151	[32, 63]	Transducin (heterotrimeric G protein), gamma chain
Q13888	[267, 394]	Zinc/RING finger domain, C3HC4 (zinc finger)
Q15283	[724, 753]	Pleckstrin-homology domain (PH domain)/Phosphotyrosine-binding domain (PTB)
Q16790	[161, 183]	Alpha carbonic anhydrase
Q3YBR2	[240, 264]	-
Q8TEA1	[394, 424]	Vaccinia Virus protein VP39
Q8WVN8	[35, 55]	Ubiquitin Conjugating Enzyme
Q8WYQ5	[649, 671]	-
Q96FL9	[516, 551]	-
Q96LM9	[35, 58]	Glycosyl transferase family 29
Q96P44	[404, 445]	-
Q96P44	[791, 817]	6-Phosphogluconate Dehydrogenase, domain 3
Q9BZR9	[0, 191]	Classic Zinc Finger
Q9NSD7	[189, 211]	Rhodopsin 7-helix transmembrane proteins
Q9UHA3	[0, 44]	Ribosomal protein L24e
Q9UI42	[236, 281]	Zn peptidases
Q9Y5L4	[38, 82]	Mitochondrial import inner membrane translocase subunit tim13 like domains
C9JJH3	[80, 123]	Cysteine proteinases
O43187	[458, 509]	Transferase(Phosphotransferase) domain 1
O43572	[102, 118]	Regulator of G-protein Signalling 4, domain 2
O75094	[32, 60]	Ribonuclease Inhibitor
O95800	[293, 311]	Rhodopsin 7-helix transmembrane proteins
P01034	[99, 123]	-
P01178	[9, 124]	Neurohypophysial hormone domain
P09603	[161, 189]	-
P30511	[107, 134]	MHC class I-like antigen recognition-like
P30511	[281, 296]	Immunoglobulins
P51693	[56, 215]	Amyloidogenic glycoprotein, heparin-binding domain
Q13129	[1172, 1223]	Classic Zinc Finger
Q14573	[39, 71]	-
Q14953	[131, 211]	Immunoglobulins
Q5T1R4	[190, 245]	Classic Zinc Finger
Q93052	[397, 462]	Cysteine Rich Protein
Q93084	[326, 353]	Calcium-transporting ATPase, transmembrane domain
Q96F81	[1130, 1146]	Multidrug efflux transporter AcrB transmembrane domain
Q9BY15	[17, 109]	Laminin
Q9BY15	[188, 208]	-
Q9H0W7	[26, 101]	THAP domain
O14867	[522, 549]	Transcription factor, Skn-1-like, DNA-binding domain
O43189	[90, 145]	Zinc/RING finger domain, C3HC4 (zinc finger)
O95644	[670, 705]	Immunoglobulins
P01699	[27, 47]	Immunoglobulins
P05023	[348, 374]	Calcium-transporting ATPase, transmembrane domain
P05160	[39, 96]	Complement Module, domain 1
P08648	[864, 881]	ntegrin, alpha v. Chain A, domain 4
P14210	[55, 94]	Hepatocyte Growth Factor
P14210	[645, 680]	Trypsin-like serine proteases
P30566	[285, 300]	Fumarase/aspartase (Central domain)
P31267	[137, 162]	Homeodomain-like
P35030	[251, 271]	Trypsin-like serine proteases
Q15057	[395, 427]	Arf GTPase activating protein
Q15057	[698, 713]	Ankyrin repeat-containing domain
Q15437	[50, 73]	Zn-finger domain of Sec23/24
Q16760	[178, 210]	-
Q7Z2T5	[502, 524]	Vaccinia Virus protein VP39
Q7Z5L0	[140, 201]	Vitelline membrane outer layer protein I (VOMI)
Q8WTQ7	[98, 144]	Regulator of G-protein Signalling 4, domain 2
Q8WTU2	[110, 139]	SRCR-like domain
Q96EY4	[149, 180]	Translation machinery-associated protein 16-like
Q9BX93	[55, 134]	Phospholipase A2 domain
Q9ULV1	[117, 169]	Frizzled cysteine-rich domain
A1L157	[183, 200]	Tetraspanin
O43240	[155, 181]	Trypsin-like serine proteases
O94889	[224, 277]	-
P01730	[143, 165]	Immunoglobulins
P08571	[22, 41]	Ribonuclease Inhibitor
P0C7I0	[80, 128]	Cysteine proteinases
P14618	[341, 366]	Phosphoenolpyruvate-binding domains
P38567	[429, 470]	Aldolase class I
P49207	[46, 91]	-
P56277	[0, 60]	CytochromE C oxidase copper chaperone
Q07864	[642, 670]	Palm domain of DNA polymerase
Q8TCX5	[284, 303]	alix/aip1 like domains
Q96D21	[129, 152]	P-loop containing nucleotide triphosphate hydrolases
Q96HD1	[128, 352]	Plasmodium vivax P25 domain
Q9H582	[403, 565]	Classic Zinc Finger
Q9HC78	[66, 94]	Potassium Channel Kv1.1; Chain A
Q9HC78	[571, 597]	Classic Zinc Finger
Q9NR21	[44, 75]	-
Q9NSK0	[432, 500]	Tetratricopeptide repeat domain
Q9UI36	[253, 278]	Ski
A6NH00	[290, 311]	Rhodopsin 7-helix transmembrane proteins
A6NKQ9	[52, 71]	Cystine-knot cytokines
O15117	[503, 534]	SH3 Domains
O15305	[1, 18]	HAD superfamily/HAD-like
P02787	[20, 43]	Periplasmic binding protein-like II
P10589	[79, 154]	Erythroid Transcription Factor GATA-1, subunit A
P54764	[233, 339]	Tumor Necrosis Factor Receptor, subunit A, domain 2
P54764	[351, 391]	Immunoglobulins
Q13214	[513, 597]	ligand-binding face of the semaphorins, domain 2
Q5JR12	[105, 138]	PPM-type phosphatase domain
Q7Z5K2	[1003, 1023]	Leucine-rich Repeat Variant
Q8IWU6	[430, 516]	Alkaline Phosphatase, subunit A
Q96HD9	[42, 72]	Zn peptidases
Q96K80	[37, 170]	-
Q96LA6	[258, 294]	Immunoglobulins
Q96NW7	[1428, 1449]	-
Q9C0G0	[167, 283]	Classic Zinc Finger
Q9H7J1	[143, 171]	Carbohydrate binding type-21 domain
Q9NR99	[245, 287]	Ribonuclease Inhibitor
Q9NR99	[490, 508]	Immunoglobulins
Q9NS68	[19, 160]	Tumor Necrosis Factor Receptor, subunit A, domain 2
Q9UHF5	[83, 142]	Cystine-knot cytokines
Q9UNK4	[38, 107]	Phospholipase A2 domain
Q9Y210	[73, 102]	Ankyrin repeat-containing domain
O95757	[759, 783]	-
P14415	[118, 168]	Na, k-atpase alpha subunit.
P28702	[195, 276]	Erythroid Transcription Factor GATA-1, subunit A
Q07912	[442, 480]	Cdc42-like binding domain
Q07912	[961, 999]	DNA helicase RuvA subunit, C-terminal domain
Q13077	[372, 415]	Apoptosis, Tumor Necrosis Factor Receptor Associated Protein 2; Chain A
Q2VIR3	[91, 117]	P-loop containing nucleotide triphosphate hydrolases
Q5TB30	[561, 587]	Rho GTPase activation protein
Q5VUG0	[490, 511]	-
Q7Z4Q2	[44, 116]	Leucine-rich Repeat Variant
Q86UZ6	[420, 500]	Classic Zinc Finger
Q86VK4	[211, 226]	Classic Zinc Finger
Q8IUG5	[1062, 1085]	Myosin VI head, motor domain, U50 subdomain
Q8WWN9	[31, 57]	Pleckstrin-homology domain (PH domain)/Phosphotyrosine-binding domain (PTB)
Q96LA5	[259, 280]	Immunoglobulins
Q96PZ7	[209, 226]	Spermadhesin, CUB domain
Q96PZ7	[324, 387]	Complement Module, domain 1
Q96RT1	[0, 32]	Ribonuclease Inhibitor
Q99963	[285, 316]	SH3 Domains
Q9HCM9	[136, 169]	Classic Zinc Finger
Q9HCX3	[49, 68]	-
Q9NY15	[1830, 1895]	FAS1 domain
Q9UJW2	[259, 319]	Cysteine proteinases
Q9Y698	[39, 83]	-
O94929	[7, 25]	Cysteine Rich Protein
O95704	[138, 161]	Pleckstrin-homology domain (PH domain)/Phosphotyrosine-binding domain (PTB)
P22459	[162, 179]	Potassium Channel Kv1.1; Chain A
P22897	[306, 333]	Mannose-Binding Protein A, subunit A
P23759	[44, 97]	Winged helix-like DNA-binding domain superfamily/Winged helix DNA-binding domain
P37088	[371, 409]	Acid-sensing ion channels like domains
P43652	[75, 133]	-
P81274	[484, 509]	Tetratricopeptide repeat domain
Q10472	[519, 558]	-
Q13615	[1083, 1184]	Zinc/RING finger domain, C3HC4 (zinc finger)
Q14839	[362, 421]	Zinc/RING finger domain, C3HC4 (zinc finger)
Q8N9V2	[34, 64]	Zinc/RING finger domain, C3HC4 (zinc finger)
Q8N9V2	[444, 467]	-
Q8TE12	[116, 151]	Cysteine Rich Protein
Q96CA5	[247, 297]	Zinc/RING finger domain, C3HC4 (zinc finger)
Q99988	[201, 307]	Cystine-knot cytokines
Q9BYV6	[7, 91]	Zinc/RING finger domain, C3HC4 (zinc finger)
Q9BYV6	[122, 164]	Classic Zinc Finger
Q9GZR1	[778, 805]	Adenoviral Proteinase; Chain A
Q9P241	[207, 261]	Calcium-transporting ATPase, cytoplasmic transduction domain A
Q9P241	[444, 470]	Calcium-transporting ATPase, cytoplasmic domain N
Q9Y6L7	[348, 366]	Spermadhesin, CUB domain
Q9Y6L7	[584, 609]	Laminin
A0A075B6H9	[95, 118]	Immunoglobulins
O75445	[304, 336]	Galactose-binding domain-like
O75445	[1230, 1246]	Immunoglobulins
O94844	[232, 257]	Potassium Channel Kv1.1; Chain A
P04733	[0, 60]	Metallothionein Isoform II
P09093	[207, 226]	Trypsin-like serine proteases
P18858	[873, 898]	Nucleic acid-binding proteins
P22692	[18, 117]	-
P22692	[171, 257]	Thyroglobulin type-1
Q6X4U4	[70, 177]	Cystine-knot cytokines
Q75N03	[128, 193]	Zinc/RING finger domain, C3HC4 (zinc finger)
Q86YS6	[189, 211]	P-loop containing nucleotide triphosphate hydrolases
Q8TC27	[590, 662]	Galactose-binding domain-like
Q8WYQ9	[108, 131]	Phox-like domain
Q92529	[198, 213]	Pleckstrin-homology domain (PH domain)/Phosphotyrosine-binding domain (PTB)
Q9HBT6	[585, 610]	Cadherins
Q9NQX0	[161, 252]	SET domain
Q9NWH9	[391, 440]	-
P00325	[91, 120]	Medium-chain alcohol dehydrogenases, catalytic domain
P02790	[223, 238]	Hemopexin-like domain
P16871	[30, 54]	-
P26010	[32, 94]	ligand-binding face of the semaphorins, domain 2
P51689	[490, 535]	-
P51784	[690, 716]	Cysteine proteinases
P60484	[285, 312]	-
P78334	[433, 474]	Neurotransmitter-gated ion-channel transmembrane domain
Q14168	[320, 344]	SH3 Domains
Q5T7W0	[148, 222]	Classic Zinc Finger
Q5VZB9	[84, 135]	DM DNA-binding domain
Q96AT9	[0, 18]	Aldolase class I
Q96EG1	[159, 195]	Alkaline Phosphatase, subunit A
Q99424	[405, 421]	Butyryl-CoA Dehydrogenase, subunit A, domain 3
Q9BRQ0	[324, 393]	Zinc/RING finger domain, C3HC4 (zinc finger)
Q9BWF3	[140, 195]	Zinc finger, CCHC-type
Q9H9P5	[629, 679]	Zinc/RING finger domain, C3HC4 (zinc finger)
Q9NRY4	[2, 60]	P-loop containing nucleotide triphosphate hydrolases
Q9NYJ7	[170, 255]	Laminin
Q9UHC7	[52, 113]	Zinc finger, CCCH-type
Q9UHC7	[205, 343]	Zinc/RING finger domain, C3HC4 (zinc finger)
A0A075B6N4	[89, 105]	Immunoglobulins
O00507	[1722, 1738]	Cysteine proteinases
O15156	[143, 167]	Potassium Channel Kv1.1; Chain A
O15287	[336, 352]	Tetratricopeptide repeat domain
O94806	[189, 211]	-
P05231	[65, 102]	-
P18433	[228, 273]	Protein tyrosine phosphatase superfamily
P29597	[807, 848]	Transferase(Phosphotransferase) domain 1
P52746	[423, 438]	Classic Zinc Finger
P55103	[309, 351]	Cystine-knot cytokines
P68366	[27, 54]	Tubulin/FtsZ, GTPase domain
Q01954	[349, 408]	Classic Zinc Finger
Q15560	[125, 222]	Transcription elongation factor S-II, central domain
Q15560	[245, 298]	-
Q50LG9	[342, 361]	Immunoglobulins
Q8N8U3	[426, 471]	Zinc finger, CCHC-type
Q8NAG6	[45, 69]	Ankyrin repeat-containing domain
Q8WV24	[139, 160]	Pleckstrin-homology domain (PH domain)/Phosphotyrosine-binding domain (PTB)
Q92800	[495, 612]	SET domain
Q96JM3	[0, 39]	Classic Zinc Finger
Q9H461	[97, 151]	Frizzled cysteine-rich domain
Q9HCH3	[11, 30]	C2 domain
Q9NRS4	[64, 106]	Low-density Lipoprotein Receptor
Q9P104	[11, 43]	Pleckstrin-homology domain (PH domain)/Phosphotyrosine-binding domain (PTB)
O94851	[1038, 1070]	Cysteine Rich Protein
P19875	[48, 93]	-
P20749	[327, 343]	Ankyrin repeat-containing domain
P47944	[0, 61]	Metallothionein Isoform II
P48509	[146, 201]	Tetraspanin
P56705	[264, 345]	-
Q01974	[233, 328]	Frizzled cysteine-rich domain
Q01974	[361, 398]	Plasminogen Kringle 4
Q13075	[318, 395]	Inhibitor Of Apoptosis Protein (2mihbC-IAP-1); Chain A
Q8NEG5	[136, 280]	Zinc/RING finger domain, C3HC4 (zinc finger)
Q8TAG5	[109, 141]	Immunoglobulins
Q8TD26	[1394, 1421]	Homeodomain-like
Q8TE54	[531, 567]	STAS domain
Q8WWP7	[50, 103]	P-loop containing nucleotide triphosphate hydrolases
Q9BYW2	[1447, 1551]	SET domain
Q9BYW2	[2469, 2535]	Set2, Rpb1 interacting domain
Q9BZL4	[279, 310]	Ankyrin repeat-containing domain
Q9NRF2	[295, 371]	Pleckstrin-homology domain (PH domain)/Phosphotyrosine-binding domain (PTB)
Q9UM63	[184, 219]	Classic Zinc Finger
Q9Y3T6	[61, 77]	R3H-like domain
Q9Y606	[129, 147]	Pseudouridine synthase I, catalytic domain, N-terminal subdomain
Q9Y6G9	[48, 67]	P-loop containing nucleotide triphosphate hydrolases
A0A2R8Y4M4	[26, 82]	Zinc/RING finger domain, C3HC4 (zinc finger)
O00253	[80, 131]	Agouti domain
O15198	[89, 139]	SMAD MH1 domain
P08311	[112, 157]	Trypsin-like serine proteases
P09341	[32, 92]	-
P09544	[278, 357]	-
P16870	[287, 327]	Zn peptidases
P34096	[48, 146]	Ribonuclease A-like domain
P49862	[125, 240]	Trypsin-like serine proteases
P80075	[24, 72]	-
Q01151	[23, 53]	Immunoglobulins
Q02241	[19, 37]	Kinesin motor domain
Q02833	[58, 84]	Phosphatidylinositol 3-kinase Catalytic Subunit; Chain A, domain 1
Q7LGA3	[189, 208]	P-loop containing nucleotide triphosphate hydrolases
Q8IWT3	[2043, 2096]	Zinc/RING finger domain, C3HC4 (zinc finger)
Q8IWT3	[2148, 2303]	-
Q96LC7	[306, 336]	Immunoglobulins
Q9Y4C8	[67, 84]	-
A6NFH5	[109, 139]	-
O14522	[1370, 1390]	Protein tyrosine phosphatase superfamily
O15165	[0, 55]	Low-density Lipoprotein Receptor
O95785	[257, 370]	Classic Zinc Finger
P04003	[281, 310]	Complement Module, domain 1
P0CW18	[215, 314]	Trypsin-like serine proteases
P13224	[27, 46]	Ribonuclease Inhibitor
P20742	[914, 946]	-
P56373	[102, 128]	atp-gated p2x4 ion channel domain
P61129	[321, 357]	Pneumovirus matrix protein 2 (M2), zinc-binding domain
P78314	[456, 481]	SH2 domain
Q14766	[161, 221]	Laminin
Q14831	[377, 401]	-
Q14831	[514, 585]	GPCR, family 3, nine cysteines domain
Q14966	[649, 664]	-
Q14966	[1921, 1955]	Classic Zinc Finger
Q5T5C0	[38, 54]	YVTN repeat-like/Quinoprotein amine dehydrogenase
Q6ZV89	[370, 390]	SH2 domain
Q7L0R7	[336, 383]	Zinc/RING finger domain, C3HC4 (zinc finger)
Q86TJ5	[82, 107]	-
Q86XA9	[1016, 1038]	Leucine-rich Repeat Variant
Q8N3C7	[524, 548]	CAP Gly-rich-like domain
Q8NAA5	[155, 172]	Ribonuclease Inhibitor
Q8NF86	[152, 182]	Trypsin-like serine proteases
Q8TE76	[414, 474]	-
Q96KX2	[43, 59]	F-actin capping protein, alpha subunit
Q99502	[378, 395]	-
Q9GZT5	[359, 410]	-
Q9H3R1	[810, 836]	P-loop containing nucleotide triphosphate hydrolases
Q9Y6U7	[312, 335]	Zinc/RING finger domain, C3HC4 (zinc finger)
A8MUP6	[92, 112]	-
O00444	[575, 602]	-
O14905	[281, 356]	-
O15230	[63, 132]	Galactose-binding domain-like
O15230	[3647, 3674]	-
O15547	[126, 164]	atp-gated p2x4 ion channel domain
O60243	[116, 133]	P-loop containing nucleotide triphosphate hydrolases
P36551	[116, 151]	Coproporphyrinogen III oxidase, aerobic
P62736	[9, 49]	-
Q09019	[117, 157]	YVTN repeat-like/Quinoprotein amine dehydrogenase
Q0WX57	[79, 131]	Cysteine proteinases
Q70EL2	[578, 661]	Cysteine proteinases
Q7Z478	[637, 667]	P-loop containing nucleotide triphosphate hydrolases
Q96JF6	[752, 795]	Classic Zinc Finger
Q96QH8	[139, 158]	-
Q9H2E6	[349, 384]	YVTN repeat-like/Quinoprotein amine dehydrogenase
Q9H2E6	[508, 554]	ligand-binding face of the semaphorins, domain 2
Q9H4D5	[216, 241]	Ribonuclease Inhibitor
Q9HA77	[518, 545]	Cysteine-tRNA ligase, C-terminal anti-codon recognition domain
Q9NR50	[390, 433]	Hexapeptide repeat proteins
O94769	[60, 172]	-
O94769	[315, 345]	Ribonuclease Inhibitor
O95631	[43, 116]	Galactose-binding domain-like
P02679	[21, 41]	-
P08833	[27, 89]	-
P08833	[198, 258]	Thyroglobulin type-1
P17032	[91, 115]	Classic Zinc Finger
P58215	[112, 159]	SRCR-like domain
Q1EHB4	[464, 485]	Sodium/glucose cotransporter
Q2L4Q9	[140, 326]	Trypsin-like serine proteases
Q496Y0	[146, 204]	Zinc/RING finger domain, C3HC4 (zinc finger)
Q496Y0	[338, 360]	Tetratricopeptide repeat domain
Q6ZNE9	[509, 570]	Zinc/RING finger domain, C3HC4 (zinc finger)
Q7Z3D6	[50, 70]	PSTPO5379-like
Q8N554	[422, 476]	Classic Zinc Finger
Q9BQT9	[101, 125]	Cadherins
Q9H8W4	[138, 228]	Zinc/RING finger domain, C3HC4 (zinc finger)
Q9NS98	[96, 113]	YVTN repeat-like/Quinoprotein amine dehydrogenase
Q9NS98	[521, 587]	ligand-binding face of the semaphorins, domain 2
Q9UGU0	[1888, 1936]	Zinc/RING finger domain, C3HC4 (zinc finger)
Q9Y4G2	[569, 593]	Pleckstrin-homology domain (PH domain)/Phosphotyrosine-binding domain (PTB)
O60262	[20, 55]	Transducin (heterotrimeric G protein), gamma chain
P21912	[88, 119]	-
P36575	[128, 148]	-
P36952	[179, 195]	Alpha-1-antitrypsin, domain 1
Q0ZGT2	[651, 674]	Immunoglobulins
Q13324	[4, 100]	GPCR, family 2, extracellular hormone receptor domain
Q2M3G0	[72, 102]	ABC transporter type 1, transmembrane domain
Q7Z418	[197, 261]	-
Q7Z5A4	[259, 277]	Trypsin-like serine proteases
Q8IYB8	[249, 278]	-
Q8WV99	[0, 73]	AN1-like Zinc finger
Q8WWR8	[218, 280]	-
Q92551	[20, 101]	Inositol polyphosphate kinase
Q9BYE2	[498, 515]	Trypsin-like serine proteases
Q9HBL6	[11, 52]	Ribonuclease Inhibitor
Q9ULI3	[1000, 1058]	Laminin
Q9UQ72	[298, 334]	Immunoglobulins
Q9Y258	[25, 79]	-
Q9Y4B4	[457, 477]	Tandem AAA-ATPase domain
A0A578	[90, 113]	Immunoglobulins
B7Z6K7	[48, 169]	Classic Zinc Finger
O00217	[98, 209]	-
O00327	[221, 314]	PAS domain
O75529	[314, 335]	YVTN repeat-like/Quinoprotein amine dehydrogenase
O75925	[126, 168]	PINIT domain
P01225	[70, 128]	Cystine-knot cytokines
P02462	[1590, 1618]	Collagen IV, non-collagenous
P04075	[121, 138]	Aldolase class I
P23497	[617, 658]	SAND domain-like
P27216	[13, 35]	Annexin
P31997	[281, 320]	Immunoglobulins
P42229	[372, 402]	STAT transcription factor, DNA-binding domain
Q13490	[88, 124]	Inhibitor Of Apoptosis Protein (2mihbC-IAP-1); Chain A
Q13608	[648, 671]	-
Q8N5Y8	[217, 233]	-
Q8N635	[344, 367]	Nucleic acid-binding proteins
Q93015	[63, 95]	-
Q96AX9	[823, 877]	Zinc/RING finger domain, C3HC4 (zinc finger)
Q96B97	[90, 115]	SH3 Domains
Q9C035	[0, 82]	Zinc/RING finger domain, C3HC4 (zinc finger)
Q9H772	[68, 164]	Cystine-knot cytokines
Q9HCK0	[318, 388]	Classic Zinc Finger
Q9UKR8	[147, 199]	Tetraspanin
Q9Y5X4	[36, 119]	Erythroid Transcription Factor GATA-1, subunit A
A0A1B0GTH9	[0, 42]	Classic Zinc Finger
O15498	[177, 197]	-
O43567	[216, 285]	Zinc/RING finger domain, C3HC4 (zinc finger)
P06865	[513, 528]	Glycosidases
P17927	[421, 522]	Complement Module, domain 1
P21754	[292, 335]	Zona pellucida, ZP-C domain
P28799	[203, 340]	Granulin
P35414	[312, 332]	Rhodopsin 7-helix transmembrane proteins
P42677	[33, 76]	Zn-binding ribosomal proteins
Q06587	[8, 109]	Zinc/RING finger domain, C3HC4 (zinc finger)
Q06587	[267, 302]	Phosphatidylinositol 3-kinase Catalytic Subunit; Chain A, domain 1
Q5VYV0	[66, 108]	Winged helix-like DNA-binding domain superfamily/Winged helix DNA-binding domain
Q6GPH4	[255, 300]	-
Q6ZVZ8	[215, 336]	Ankyrin repeat-containing domain
Q96AX2	[203, 222]	P-loop containing nucleotide triphosphate hydrolases
Q96PD4	[96, 118]	Cystine-knot cytokines
Q9HAV4	[478, 493]	Leucine-rich Repeat Variant
Q9NTN9	[89, 117]	YVTN repeat-like/Quinoprotein amine dehydrogenase
Q9NTN9	[513, 581]	ligand-binding face of the semaphorins, domain 2
Q9NXL9	[166, 204]	Nucleic acid-binding proteins
Q9UJF2	[405, 427]	GTPase Activation - p120gap; domain 1
A2VEC9	[2392, 2448]	Low-density Lipoprotein Receptor
A2VEC9	[2749, 2784]	Thrombospondin type-1 (TSP1) repeat
A2VEC9	[3515, 3600]	Laminin
O14836	[29, 114]	Tumor necrosis factor receptor superfamily
O60711	[128, 201]	Cysteine Rich Protein
P27708	[1679, 1704]	Metal-dependent hydrolases
P29474	[618, 640]	-
P29474	[792, 811]	NADPH-cytochrome p450 Reductase; Chain A, domain 3
P33402	[123, 149]	H-NOX domain
Q01740	[12, 41]	FAD/NAD(P)-binding domain
Q13474	[635, 667]	-
Q53F39	[210, 256]	-
Q6ZU64	[1053, 1071]	Immunoglobulins
Q70J99	[115, 164]	C2 domain
Q8IZ83	[42, 69]	Aldehyde Dehydrogenase; Chain A, domain 1
Q96NL0	[31, 56]	-
Q96P09	[204, 235]	Inhibitor Of Apoptosis Protein (2mihbC-IAP-1); Chain A
Q9BX63	[31, 102]	P-loop containing nucleotide triphosphate hydrolases
Q9H0D6	[14, 42]	-
Q9H9L3	[175, 200]	Ribonuclease H-like superfamily/Ribonuclease H
Q9HCC8	[219, 253]	Phosphatidylinositol (PI) phosphodiesterase
Q9NRA1	[275, 344]	Cystine-knot cytokines
Q9UBF6	[39, 96]	Zinc/RING finger domain, C3HC4 (zinc finger)
Q9UKP5	[371, 395]	Collagenase (Catalytic Domain)
Q9Y2J0	[82, 147]	Zinc/RING finger domain, C3HC4 (zinc finger)
Q9Y2J0	[407, 439]	C2 domain
Q9Y5R6	[77, 114]	DM DNA-binding domain
O15146	[99, 123]	Immunoglobulins
O15146	[424, 455]	Frizzled cysteine-rich domain
O15146	[680, 696]	Transferase(Phosphotransferase) domain 1
O75155	[287, 315]	Leucine-rich Repeat Variant
O95376	[166, 199]	Zinc/RING finger domain, C3HC4 (zinc finger)
O95376	[233, 348]	-
P00995	[21, 78]	-
P02765	[179, 254]	-
P0C672	[159, 186]	Tetraspanin
P13497	[304, 337]	Spermadhesin, CUB domain
P13497	[546, 599]	Laminin
P54753	[262, 351]	Tumor Necrosis Factor Receptor, subunit A, domain 2
P54753	[365, 400]	Immunoglobulins
Q02643	[0, 111]	GPCR, family 2, extracellular hormone receptor domain
Q15166	[33, 49]	TolB, C-terminal domain
Q5U651	[183, 221]	Phosphatidylinositol 3-kinase Catalytic Subunit; Chain A, domain 1
Q5U651	[409, 473]	-
Q6H8Q1	[15, 30]	Cysteine Rich Protein
Q6Q8B3	[191, 220]	Immunoglobulins
Q7RTY7	[330, 360]	Spermadhesin, CUB domain
Q8IVJ1	[375, 401]	SLC41 divalent cation transporters, integral membrane domain
Q8NC67	[301, 335]	Low-density Lipoprotein Receptor
Q96HF1	[104, 192]	Frizzled cysteine-rich domain
Q9H334	[305, 332]	-
Q9H4B4	[49, 100]	Phosphorylase Kinase; domain 1
Q9HC96	[343, 360]	-
Q9UGC7	[260, 277]	-
Q9UGI8	[226, 255]	Cysteine Rich Protein
Q9UP79	[323, 356]	Collagenase (Catalytic Domain)
Q9UP79	[421, 604]	-
Q9UP79	[840, 867]	Thrombospondin type-1 (TSP1) repeat
Q9UPM6	[98, 121]	Cysteine Rich Protein
O00213	[363, 411]	Pleckstrin-homology domain (PH domain)/Phosphotyrosine-binding domain (PTB)
O15205	[0, 20]	Phosphatidylinositol 3-kinase Catalytic Subunit; Chain A, domain 1
O15355	[5, 45]	PPM-type phosphatase domain
O75689	[8, 26]	Arf GTPase activating protein
P31512	[5, 41]	FAD/NAD(P)-binding domain
P51793	[406, 421]	Clc chloride channel
P58062	[28, 84]	-
Q02108	[637, 671]	Nucleotide cyclase
Q05048	[75, 104]	YVTN repeat-like/Quinoprotein amine dehydrogenase
Q13133	[91, 174]	Erythroid Transcription Factor GATA-1, subunit A
Q13402	[1540, 1562]	Pleckstrin-homology domain (PH domain)/Phosphotyrosine-binding domain (PTB)
Q6NSI1	[5, 88]	Ankyrin repeat-containing domain
Q7KZ85	[320, 350]	RuvA domain 2-like
Q7KZ85	[517, 560]	Tex N-terminal region-like
Q7KZ85	[1233, 1262]	Nucleic acid-binding proteins
Q7LDG7	[518, 555]	-
Q8N587	[131, 159]	Classic Zinc Finger
Q8N967	[27, 62]	Ribonuclease Inhibitor
Q8NDA2	[435, 506]	Immunoglobulins
Q8WY36	[81, 101]	High mobility group box domain
Q9NQT4	[22, 49]	GHMP Kinase, N-terminal domain
Q9NYQ7	[1718, 1743]	Laminin
Q9NYQ7	[2491, 2532]	-
Q9NZL4	[79, 130]	Leucine-rich Repeat Variant
Q9P2P5	[208, 226]	C2 domain
Q9UBT6	[312, 334]	-
Q9UBT6	[755, 812]	Classic Zinc Finger
Q9UKI3	[83, 122]	Immunoglobulins
Q9Y2I2	[57, 104]	Laminin
A0A0B4J240	[93, 113]	Immunoglobulins
O60941	[243, 284]	-
P10275	[518, 636]	Erythroid Transcription Factor GATA-1, subunit A
P42226	[337, 360]	STAT transcription factor, DNA-binding domain
P81534	[28, 57]	Antimicrobial Peptide, Beta-defensin 2; Chain A
Q01201	[115, 155]	Rel homology domain (RHD), DNA-binding domain
Q08752	[177, 193]	Cyclophilin-like
Q13939	[539, 587]	Kelch-type beta propeller
Q15785	[34, 75]	Tetratricopeptide repeat domain
Q5H913	[157, 172]	P-loop containing nucleotide triphosphate hydrolases
Q6UWE0	[667, 722]	Zinc/RING finger domain, C3HC4 (zinc finger)
Q6ZMZ0	[118, 175]	Zinc/RING finger domain, C3HC4 (zinc finger)
Q6ZMZ0	[195, 264]	-
Q6ZN55	[58, 103]	Classic Zinc Finger
Q7Z6E9	[0, 19]	Phosphatidylinositol 3-kinase Catalytic Subunit; Chain A, domain 1
Q7Z6E9	[130, 199]	Zinc finger, CCHC-type
Q7Z6E9	[249, 329]	Zinc/RING finger domain, C3HC4 (zinc finger)
Q8ND23	[92, 127]	Pleckstrin-homology domain (PH domain)/Phosphotyrosine-binding domain (PTB)
Q8ND23	[147, 171]	Ribonuclease Inhibitor
Q96GZ6	[445, 477]	SLC41 divalent cation transporters, integral membrane domain
Q99661	[528, 613]	Kinesin motor domain
Q9BZR6	[23, 52]	Ribonuclease Inhibitor
Q9H609	[27, 84]	Classic Zinc Finger
Q9NNW5	[958, 999]	YVTN repeat-like/Quinoprotein amine dehydrogenase
Q9UHD1	[13, 64]	-
O75603	[66, 160]	GCM motif
P01024	[628, 645]	-
P01024	[678, 728]	Anaphylotoxins (complement system)
P01599	[30, 57]	Immunoglobulins
P07288	[192, 247]	Trypsin-like serine proteases
P17014	[458, 473]	Classic Zinc Finger
Q08708	[34, 74]	Immunoglobulins
Q08AE8	[60, 101]	Transferase(Phosphotransferase) domain 1
Q5VWQ8	[146, 191]	Pleckstrin-homology domain (PH domain)/Phosphotyrosine-binding domain (PTB)
Q5VWQ8	[448, 471]	GTPase Activation - p120gap; domain 1
Q8NBP7	[51, 72]	Peptidase S8 propeptide/proteinase inhibitor I9
Q8NBP7	[213, 245]	Peptidase S8/S53 domain
Q8NBP7	[467, 691]	Proprotein convertase subtilisin/kexin type 9
Q96Q27	[504, 520]	Ankyrin repeat-containing domain
Q9H0A6	[113, 182]	Zinc/RING finger domain, C3HC4 (zinc finger)
Q9H2Y9	[541, 622]	-
Q9H511	[585, 618]	Kelch-type beta propeller
Q9UGN4	[24, 40]	Immunoglobulins
A0AAG2TU59	[0, 40]	Zinc/RING finger domain, C3HC4 (zinc finger)
K9M1U5	[28, 43]	Interferon lambda
O75676	[400, 435]	Phosphorylase Kinase; domain 1
P00747	[29, 63]	Hepatocyte Growth Factor
P00747	[140, 357]	Plasminogen Kringle 4
P00747	[740, 763]	Trypsin-like serine proteases
P00973	[49, 65]	Beta Polymerase, domain 2
P22079	[103, 181]	Haem peroxidase domain superfamily, animal type
P32239	[389, 412]	Rhodopsin 7-helix transmembrane proteins
P37108	[24, 75]	Signal recognition particle alu RNA binding heterodimer, srp9/1
P42892	[726, 760]	Collagenase (Catalytic Domain)
P55809	[502, 519]	Glutaconate Coenzyme A-transferase
Q00872	[139, 174]	Immunoglobulins
Q03403	[25, 128]	Spasmolytic Protein, domain 1
Q17RY6	[34, 65]	CD59
Q6UXH9	[238, 300]	Laminin
Q6UXH9	[317, 358]	Complement Module, domain 1
Q6UXH9	[629, 660]	Trypsin-like serine proteases
Q7Z6J4	[448, 500]	Zinc/RING finger domain, C3HC4 (zinc finger)
Q86U86	[395, 417]	Bromodomain-like
Q8N2W9	[204, 231]	PINIT domain
Q8NA58	[327, 344]	Ribonuclease H-like superfamily/Ribonuclease H
Q8WWZ7	[1269, 1295]	P-loop containing nucleotide triphosphate hydrolases
Q96HU1	[444, 493]	-
Q9H0R6	[0, 18]	Amidase signature (AS) domain
Q9NZR2	[475, 514]	Laminin
Q9NZR2	[1516, 1564]	TolB, C-terminal domain
Q9UDY6	[2, 76]	Zinc/RING finger domain, C3HC4 (zinc finger)
Q9UDY6	[93, 121]	Classic Zinc Finger
Q9UHJ3	[365, 392]	-
Q9UHR6	[0, 68]	-
A0A1B0GX31	[93, 114]	Immunoglobulins
O43896	[9, 44]	Kinesin motor domain
O75317	[166, 245]	Cysteine proteinases
P22681	[375, 436]	Zinc/RING finger domain, C3HC4 (zinc finger)
P28068	[91, 116]	Class II Histocompatibility Antigen, M Beta Chain; Chain B, domain 1
P34130	[90, 146]	Cystine-knot cytokines
P39877	[43, 89]	Phospholipase A2 domain
P41222	[49, 74]	-
P49591	[50, 68]	Serine-tRNA synthetase, tRNA binding domain
P53675	[890, 905]	Tetratricopeptide repeat domain
P54278	[203, 225]	Histidine kinase-like ATPase, C-terminal domain
Q02156	[272, 309]	-
Q5T890	[423, 449]	P-loop containing nucleotide triphosphate hydrolases
Q5TF58	[459, 479]	-
Q6S8J3	[940, 999]	Actin; Chain A, domain 4
Q7Z3T8	[739, 812]	Zinc/RING finger domain, C3HC4 (zinc finger)
Q8NHW4	[26, 53]	-
Q8WXI9	[405, 462]	Erythroid Transcription Factor GATA-1, subunit A
Q9BXU1	[993, 1018]	Transferase(Phosphotransferase) domain 1
Q9BZP6	[429, 474]	Chitin binding domain
Q9H063	[11, 58]	Repressor of RNA polymerase III transcription Maf1
Q9H4K7	[83, 103]	GTP1/OBG domain
Q9UKP3	[0, 65]	-
Q9UKR0	[122, 143]	Trypsin-like serine proteases
Q9Y4D8	[3771, 3790]	Hect, E3 ligase catalytic domains
Q9Y4D8	[3916, 3962]	Hect, E3 ligase catalytic domain
Q9Y5Y9	[304, 338]	-
D6RJB6	[79, 131]	Cysteine proteinases
O14920	[0, 23]	Transferase(Phosphotransferase) domain 1
O60229	[249, 275]	-
O60229	[1641, 1728]	SH3 Domains
O60229	[2462, 2492]	Immunoglobulins
O60383	[371, 398]	Cystine-knot cytokines
O60494	[1606, 1621]	Spermadhesin, CUB domain
P09958	[179, 203]	Peptidase S8/S53 domain
P09958	[575, 670]	Hormone Receptor, Insulin-like Growth Factor Receptor 1; Chain A, domain 2
P0C7P4	[60, 79]	Cytochrome Bc1 Complex; Chain I
P0DN87	[21, 41]	Cystine-knot cytokines
P13639	[559, 619]	-
P16452	[397, 448]	Transglutaminase-like
P55072	[181, 206]	-
P55197	[10, 64]	Zinc/RING finger domain, C3HC4 (zinc finger)
Q13137	[392, 445]	-
Q7Z6J0	[0, 67]	Zinc/RING finger domain, C3HC4 (zinc finger)
Q7Z6J0	[127, 147]	SH3 Domains
Q86UU1	[106, 145]	-
Q8N1G4	[426, 482]	Phenylalanyl-trna Synthetase, Chain B, domain 3
Q8N456	[207, 249]	Ribonuclease Inhibitor
Q8N4C6	[174, 204]	EF-hand
Q8NAP8	[339, 436]	Classic Zinc Finger
Q96A47	[61, 77]	Cysteine Rich Protein
Q96AC1	[401, 428]	Pleckstrin-homology domain (PH domain)/Phosphotyrosine-binding domain (PTB)
Q96FV3	[170, 203]	Tetraspanin
Q96NL3	[191, 233]	Classic Zinc Finger
Q9BTN0	[31, 47]	Ribonuclease Inhibitor
Q9BTN0	[294, 351]	Immunoglobulins
Q9P107	[491, 524]	-
Q9Y4R8	[506, 523]	Telomere length regulation protein 2, C-terminal domain
A0A1B0GX78	[93, 109]	Immunoglobulins
O75362	[33, 134]	Classic Zinc Finger
P15514	[142, 197]	Laminin
Q07021	[181, 200]	Mitochondrial glycoprotein
Q7Z6M3	[99, 118]	Immunoglobulins
Q86XS8	[251, 267]	Zinc/RING finger domain, C3HC4 (zinc finger)
Q8N7C7	[289, 304]	Zinc/RING finger domain, C3HC4 (zinc finger)
Q8TB22	[234, 249]	-
Q8WY41	[235, 267]	Nanos, RNA-binding domain
Q8WZ73	[33, 97]	-
Q8WZ73	[304, 356]	Zinc/RING finger domain, C3HC4 (zinc finger)
Q92876	[122, 145]	Trypsin-like serine proteases
Q9C0B1	[162, 187]	Alpha-ketoglutarate-dependent dioxygenase AlkB-like
Q9C0B1	[339, 357]	FTO C-terminal domain
Q9H479	[133, 151]	-
Q9HCU0	[24, 39]	Mannose-Binding Protein A, subunit A
Q9UIF8	[1940, 1991]	Zinc/RING finger domain, C3HC4 (zinc finger)
Q9UIF8	[2058, 2077]	Bromodomain-like
Q9Y2N7	[143, 223]	PAS domain
O00292	[286, 340]	Cystine-knot cytokines
O14786	[277, 308]	Galactose-binding domain-like
O15303	[511, 571]	GPCR, family 3, nine cysteines domain
O95263	[364, 389]	PAS domain
O95263	[745, 766]	3'5'-cyclic nucleotide phosphodiesterase, catalytic domain
O95715	[50, 90]	-
P19320	[56, 84]	Immunoglobulins
P22736	[262, 338]	Erythroid Transcription Factor GATA-1, subunit A
P48060	[9, 25]	CAP
P50895	[118, 151]	Immunoglobulins
P56703	[271, 354]	-
Q14574	[658, 684]	Cadherins
Q14574	[797, 895]	TCF3-CBD (Catenin binding domain)
Q16549	[218, 238]	Peptidase S8/S53 domain
Q5T7N3	[744, 770]	Ankyrin repeat-containing domain
Q6ZMN7	[12, 105]	Zinc/RING finger domain, C3HC4 (zinc finger)
Q8IZC6	[1675, 1699]	-
Q8NB12	[60, 86]	-
Q8TDF5	[311, 331]	-
Q96GX9	[79, 94]	Class II aldolase/adducin N-terminal domain
Q96I82	[36, 172]	-
Q96L08	[64, 82]	Complement Module, domain 1
Q96N03	[115, 160]	Immunoglobulins
Q9H4F8	[30, 149]	Thyroglobulin type-1
Q9H4F8	[378, 433]	EF-hand
Q9NRG9	[364, 386]	YVTN repeat-like/Quinoprotein amine dehydrogenase
Q9NZU0	[20, 38]	Ribonuclease Inhibitor
Q9P126	[85, 100]	Mannose-Binding Protein A, subunit A
Q9UBS5	[141, 167]	Complement Module, domain 1
Q9UEW3	[493, 519]	SRCR-like domain
Q9Y219	[33, 115]	-
A0A1W2PQJ5	[11, 27]	-
O43707	[881, 910]	EF-hand
O95628	[5, 68]	Zinc/RING finger domain, C3HC4 (zinc finger)
P11387	[490, 507]	Topoisomerase I; Chain A, domain 3
P47224	[16, 42]	Metal Binding Protein, Guanine Nucleotide Exchange Factor; Chain A
P49796	[289, 330]	-
P55036	[0, 23]	von Willebrand factor, type A domain
P78549	[278, 303]	Helix-hairpin-Helix base-excision DNA repair enzymes (C-terminal)
P80098	[24, 69]	-
Q14112	[471, 541]	Green fluorescent protein
Q14112	[1007, 1081]	Thyroglobulin type-1
Q15772	[76, 132]	Immunoglobulins
Q15772	[1738, 1762]	Transferase(Phosphotransferase) domain 1
Q15797	[62, 135]	SMAD MH1 domain
Q53RE8	[124, 139]	Ankyrin repeat-containing domain
Q5TA31	[0, 135]	Zinc/RING finger domain, C3HC4 (zinc finger)
Q5XUX1	[424, 443]	YVTN repeat-like/Quinoprotein amine dehydrogenase
Q6DT37	[885, 931]	-
Q6IN85	[87, 105]	Pleckstrin-homology domain (PH domain)/Phosphotyrosine-binding domain (PTB)
Q6NUN9	[449, 472]	Classic Zinc Finger
Q6P1K8	[267, 394]	Zinc/RING finger domain, C3HC4 (zinc finger)
Q6UWN5	[62, 219]	CD59
Q6YHK3	[1389, 1431]	Alpha-macroglobulin, receptor-binding domain
Q7Z7F0	[99, 131]	K Homology domain, type 1
Q8NB16	[436, 458]	Transferase(Phosphotransferase) domain 1
Q8TC41	[344, 474]	-
Q8TF50	[110, 161]	Classic Zinc Finger
Q92994	[0, 38]	-
Q96L15	[28, 51]	Toxin ADP-ribosyltransferase; Chain A, domain 1
Q96SJ8	[169, 189]	Tetraspanin
Q9H4A4	[61, 92]	tricorn interacting facor f3 domain
Q9H981	[136, 162]	-
Q9UI47	[202, 267]	Alpha-catenin/vinculin-like
Q9Y232	[88, 113]	-
Q9Y6X2	[390, 415]	Zinc/RING finger domain, C3HC4 (zinc finger)
A0A0K0K1C0	[99, 114]	Immunoglobulins
A0A1B0GTS1	[143, 183]	Winged helix-like DNA-binding domain superfamily/Winged helix DNA-binding domain
A0A804HLA8	[17, 55]	Transducin (heterotrimeric G protein), gamma chain
A8MPP1	[225, 298]	P-loop containing nucleotide triphosphate hydrolases
A8MZ36	[262, 289]	-
O60294	[129, 148]	Vaccinia Virus protein VP39
O95299	[98, 116]	P-loop containing nucleotide triphosphate hydrolases
P07478	[123, 218]	Trypsin-like serine proteases
P35625	[18, 35]	Tissue inhibitor of metalloproteinase-1. Chain B, domain 1
P43627	[166, 209]	Immunoglobulins
P49765	[64, 126]	Cystine-knot cytokines
P62745	[179, 195]	P-loop containing nucleotide triphosphate hydrolases
Q04912	[86, 134]	YVTN repeat-like/Quinoprotein amine dehydrogenase
Q04912	[546, 652]	Immunoglobulins
Q13873	[77, 136]	CD59
Q14117	[317, 344]	Metal-dependent hydrolases
Q14184	[121, 169]	C2 domain
Q5MNZ6	[18, 40]	YVTN repeat-like/Quinoprotein amine dehydrogenase
Q5ST30	[873, 890]	Isoleucyl-tRNA Synthetase; Domain 1
Q86UQ0	[71, 97]	Classic Zinc Finger
Q8IVL5	[78, 118]	Tetratricopeptide repeat domain
Q8IYD8	[1826, 1874]	-
Q8TCN5	[116, 175]	Classic Zinc Finger
Q8TF66	[17, 46]	Ribonuclease Inhibitor
Q96KE9	[107, 126]	Potassium Channel Kv1.1; Chain A
Q9BTD8	[348, 371]	-
Q9H2S5	[72, 156]	Zinc/RING finger domain, C3HC4 (zinc finger)
Q9H2S5	[273, 293]	-
Q9H3U1	[25, 76]	Tetratricopeptide repeat domain
Q9UIF9	[1702, 1733]	Zinc/RING finger domain, C3HC4 (zinc finger)
Q9UL36	[558, 592]	Classic Zinc Finger
Q9Y4K3	[53, 116]	Zinc/RING finger domain, C3HC4 (zinc finger)
A6NK02	[0, 156]	Zinc/RING finger domain, C3HC4 (zinc finger)
O00139	[208, 224]	Kinesin motor domain
O15020	[590, 614]	-
O60281	[1930, 1979]	Classic Zinc Finger
O60469	[223, 254]	Immunoglobulins
O76095	[48, 102]	-
P41235	[48, 132]	Erythroid Transcription Factor GATA-1, subunit A
P51610	[1876, 1899]	Immunoglobulins
P61812	[369, 390]	Cystine-knot cytokines
Q14451	[102, 129]	Phosphatidylinositol 3-kinase Catalytic Subunit; Chain A, domain 1
Q6UXU4	[102, 127]	-
Q86UD3	[12, 107]	Zinc/RING finger domain, C3HC4 (zinc finger)
Q86YN6	[927, 998]	-
Q8IXT1	[13, 55]	Nucleic acid-binding proteins
Q8N5L8	[64, 79]	Alba-like domain
Q8TEP8	[2285, 2303]	Immunoglobulins
Q8WY21	[689, 795]	-
Q92785	[265, 390]	Zinc/RING finger domain, C3HC4 (zinc finger)
Q96FE7	[22, 107]	Plasminogen Kringle 4
Q96MI9	[985, 1001]	Zn peptidases
Q96P64	[439, 474]	Arf GTPase activating protein
Q96PV0	[191, 239]	Pleckstrin-homology domain (PH domain)/Phosphotyrosine-binding domain (PTB)
Q9BTT6	[0, 15]	Ribonuclease Inhibitor
Q9H0F5	[429, 470]	Zinc/RING finger domain, C3HC4 (zinc finger)
Q9NXN4	[6, 35]	Leucine Aminopeptidase, subunit E, domain 1
Q9UPU9	[487, 502]	Smaug, PHAT domain
Q9Y4K0	[256, 325]	SRCR-like domain
Q9Y615	[92, 110]	-
P06734	[245, 290]	Mannose-Binding Protein A, subunit A
P21291	[0, 74]	Cysteine Rich Protein
P21980	[0, 30]	Immunoglobulins
P21980	[355, 381]	Transglutaminase-like
P30307	[427, 454]	Rhodanese-like domain
P55000	[9, 102]	CD59
Q14520	[230, 309]	Plasminogen Kringle 4
Q14520	[489, 515]	Trypsin-like serine proteases
Q7Z4S6	[240, 259]	Kinesin motor domain
Q86UN3	[35, 57]	Ribonuclease Inhibitor
Q8NE62	[186, 205]	FAD/NAD(P)-binding domain
Q8WX77	[37, 138]	-
Q8WXH2	[0, 34]	Histone H3 K4-specific methyltransferase SET7/9 N-terminal domain
Q9NXW9	[148, 168]	Alpha-ketoglutarate-dependent dioxygenase AlkB-like
Q9NZM3	[792, 815]	SH3 Domains
Q9NZM3	[1574, 1608]	C2 domain
Q9UHH9	[221, 251]	Inositol polyphosphate kinase
Q9Y678	[618, 652]	Coatomer, gamma subunit, appendage domain
Q9Y6V0	[582, 649]	Zinc/RING finger domain, C3HC4 (zinc finger)
A6NGJ6	[4, 138]	Zinc/RING finger domain, C3HC4 (zinc finger)
D3W0D1	[175, 204]	Mannose-Binding Protein A, subunit A
O14511	[216, 308]	Immunoglobulins
O75312	[248, 309]	ZPR1, zinc finger domain
P00738	[138, 158]	Complement Module, domain 1
P00738	[310, 326]	Trypsin-like serine proteases
P13500	[25, 57]	-
P18084	[18, 87]	ligand-binding face of the semaphorins, domain 2
P19525	[115, 152]	-
P22102	[202, 242]	ATP-grasp fold, B domain
Q15911	[626, 754]	Classic Zinc Finger
Q494X3	[114, 136]	Classic Zinc Finger
Q5IJ48	[559, 575]	-
Q5IJ48	[596, 648]	Laminin
Q6IE37	[242, 260]	-
Q6ZN44	[254, 269]	Thrombospondin type-1 (TSP1) repeat
Q8NB37	[0, 21]	-
Q969Z4	[34, 126]	Tumor Necrosis Factor Receptor, subunit A, domain 2
Q96AE4	[142, 163]	K Homology domain, type 1
Q9BYZ8	[122, 157]	Mannose-Binding Protein A, subunit A
Q9GZT9	[12, 58]	-
Q9H270	[567, 592]	Tetratricopeptide repeat domain
Q9H270	[805, 869]	Zinc/RING finger domain, C3HC4 (zinc finger)
Q9NP73	[132, 158]	Glycogen Phosphorylase B;
O15016	[156, 219]	Classic Zinc Finger
O15016	[1098, 1195]	Zinc/RING finger domain, C3HC4 (zinc finger)
O75596	[165, 196]	Mannose-Binding Protein A, subunit A
O94991	[265, 296]	Ribonuclease Inhibitor
P06731	[279, 332]	Immunoglobulins
P07814	[313, 378]	HUPs
P07814	[1454, 1511]	C-terminal domain of ProRS
P10620	[46, 62]	Membrane associated eicosanoid/glutathione metabolism-like domain
P11047	[35, 93]	Galactose-binding domain-like
P13501	[24, 47]	-
P19075	[173, 188]	Tetraspanin
P25391	[25, 81]	Galactose-binding domain-like
P25391	[3014, 3058]	-
P51124	[178, 218]	Trypsin-like serine proteases
P78330	[0, 17]	HAD superfamily/HAD-like
P78504	[37, 81]	-
Q14249	[107, 130]	Extracellular Endonuclease, subunit A
Q16878	[123, 188]	Jelly Rolls
Q5W186	[110, 158]	-
Q6PL18	[1100, 1117]	Bromodomain-like
Q8NCL4	[126, 172]	Spore Coat Polysaccharide Biosynthesis Protein SpsA; Chain A
Q8NCL4	[564, 580]	-
Q8WUU4	[231, 278]	Classic Zinc Finger
Q96DZ1	[194, 225]	Mannose-6-phosphate receptor binding domain
Q96JK4	[748, 766]	SRCR-like domain
Q9H4I2	[67, 141]	Classic Zinc Finger
Q9H4I2	[461, 560]	Homeodomain-like
Q9P2B2	[108, 133]	Immunoglobulins
Q9ULH1	[342, 384]	Pleckstrin-homology domain (PH domain)/Phosphotyrosine-binding domain (PTB)
Q9ULH1	[446, 470]	Arf GTPase activating protein
Q9ULH1	[682, 705]	Ankyrin repeat-containing domain
Q9UQR0	[449, 465]	SLED domain
A6NDI0	[46, 67]	Zinc/RING finger domain, C3HC4 (zinc finger)
O00744	[309, 382]	-
P19174	[957, 999]	Phosphatidylinositol (PI) phosphodiesterase
P56706	[266, 348]	-
Q13434	[81, 149]	Zinc finger, CCCH-type
Q13434	[240, 366]	Zinc/RING finger domain, C3HC4 (zinc finger)
Q14807	[39, 76]	Kinesin motor domain
Q66K41	[58, 105]	Classic Zinc Finger
Q7L0X0	[23, 50]	Ribonuclease Inhibitor
Q86VZ6	[4, 22]	Classic Zinc Finger
Q86WK6	[15, 54]	Ribonuclease Inhibitor
Q8IXL7	[30, 50]	Peptide methionine sulfoxide reductase.
Q8IY33	[0, 24]	Calponin-like domain
Q8IY33	[179, 240]	Cysteine Rich Protein
Q8NEN9	[846, 916]	-
Q96FS4	[287, 317]	-
Q96L94	[28, 44]	Phox-like domain
Q96NU0	[545, 604]	Laminin
Q96NU0	[678, 764]	-
Q9H2X3	[354, 398]	Mannose-Binding Protein A, subunit A
Q9ULL4	[329, 375]	YVTN repeat-like/Quinoprotein amine dehydrogenase
Q9ULL4	[476, 499]	Immunoglobulins
Q9ULL4	[1339, 1364]	GTPase Activation - p120gap; domain 1
Q9ULL4	[1627, 1683]	Phosphatidylinositol 3-kinase Catalytic Subunit; Chain A, domain 1
A0A075B6J6	[24, 40]	Immunoglobulins
A0A5F9Z9Y6	[124, 184]	Immunoglobulins
C9J2P7	[79, 131]	Cysteine proteinases
O00187	[130, 214]	Laminin
O00187	[611, 632]	Trypsin-like serine proteases
O94941	[247, 336]	Zinc/RING finger domain, C3HC4 (zinc finger)
P00326	[30, 56]	Medium-chain alcohol dehydrogenases, catalytic domain
P12018	[93, 128]	Immunoglobulins
P13349	[55, 120]	Helix-loop-helix DNA-binding domain
P13942	[208, 226]	-
Q00341	[940, 963]	K Homology domain, type 1
Q13308	[185, 227]	Immunoglobulins
Q13464	[1221, 1295]	-
Q14416	[490, 517]	GPCR, family 3, nine cysteines domain
Q15149	[940, 988]	SH3 Domains
Q15149	[1109, 1161]	-
Q15149	[3271, 3304]	Plakin repeat
Q6DN72	[154, 204]	Immunoglobulins
Q86YC3	[31, 57]	Ribonuclease Inhibitor
Q8NEA6	[335, 356]	Classic Zinc Finger
Q92729	[26, 43]	-
Q96BF6	[391, 408]	BEN domain
Q96E14	[115, 133]	Nucleic acid-binding proteins
Q96JZ2	[112, 137]	SH2 domain
Q96SB8	[946, 965]	P-loop containing nucleotide triphosphate hydrolases
Q9BZC1	[202, 227]	-
Q9H2U2	[152, 168]	Inorganic pyrophosphatase
Q9H4W6	[155, 179]	Transcription factor COE1, DNA-binding domain
Q9UBZ4	[2, 20]	Endonuclease/exonuclease/phosphatase
Q9UKI8	[715, 730]	Transferase(Phosphotransferase) domain 1
Q9ULX5	[45, 117]	Zinc/RING finger domain, C3HC4 (zinc finger)
Q9ULX5	[347, 362]	P-loop containing nucleotide triphosphate hydrolases
O14709	[1000, 1020]	Classic Zinc Finger
O95428	[714, 806]	Pancreatic trypsin inhibitor Kunitz domain
O95428	[1055, 1087]	Immunoglobulins
P01718	[84, 109]	Immunoglobulins
P04792	[111, 146]	-
P08253	[327, 352]	Collagenase (Catalytic Domain)
Q13621	[450, 471]	Amino acid/polyamine transporter I
Q14541	[0, 83]	Erythroid Transcription Factor GATA-1, subunit A
Q3MIN7	[284, 311]	Ras guanine-nucleotide exchange factors catalytic domain
Q6P9F5	[5, 114]	Zinc/RING finger domain, C3HC4 (zinc finger)
Q86TJ2	[0, 43]	-
Q86XP1	[186, 227]	-
Q92614	[784, 807]	Myosin VI head, motor domain, U50 subdomain
Q96SQ5	[47, 68]	-
Q96SQ5	[87, 151]	Classic Zinc Finger
Q9BQF6	[963, 999]	-
Q9BRR9	[191, 242]	-
Q9BRR9	[516, 535]	Rho GTPase activation protein
Q9BUB5	[166, 183]	Transferase(Phosphotransferase) domain 1
Q9BXP8	[746, 823]	Collagenase (Catalytic Domain)
Q9H1J5	[222, 341]	-
Q9H2P9	[209, 241]	Methyltransferase, Cobalt-precorrin-4 Transmethylase; Domain 2
Q9H9K5	[426, 461]	-
Q9UBI6	[23, 71]	Transducin (heterotrimeric G protein), gamma chain
Q9UHC6	[553, 603]	Laminin
Q9UI33	[283, 328]	-
Q9Y2I1	[430, 452]	Ribonuclease Inhibitor
Q9Y371	[108, 127]	Arfaptin homology (AH) domain/BAR domain
Q9Y6I4	[12, 112]	Zinc/RING finger domain, C3HC4 (zinc finger)
Q9Y6I4	[337, 399]	Cysteine proteinases
A2CJ06	[220, 302]	-
A6NLI5	[6, 136]	Zinc/RING finger domain, C3HC4 (zinc finger)
A6NLJ0	[263, 325]	C2 domain
O00294	[296, 314]	Tubby Protein; Chain A
O43900	[249, 270]	Cysteine Rich Protein
O75607	[93, 131]	Nucleoplasmin core domain
P0C8F1	[13, 97]	CD59
P51798	[720, 746]	CBS-domain
Q08431	[13, 82]	Laminin
Q10469	[376, 394]	Spore Coat Polysaccharide Biosynthesis Protein SpsA; Chain A
Q12797	[628, 658]	B-lactam Antibiotic, Isopenicillin N Synthase; Chain
Q16134	[589, 616]	-
Q16553	[13, 36]	CD59
Q16629	[94, 124]	Zinc finger, CCHC-type
Q5EBL2	[388, 407]	Classic Zinc Finger
Q5JTZ9	[719, 741]	Threonyl-trna Synthetase; Chain A, domain 2
Q6NTF7	[6, 50]	Cytidine Deaminase, domain 2
Q6P1J6	[1267, 1285]	SGNH hydrolase
Q8IZP9	[580, 605]	-
Q8N1G0	[995, 1048]	Classic Zinc Finger
Q8N2A8	[30, 77]	Endonuclease Chain A
Q8NES8	[19, 64]	Antimicrobial Peptide, Beta-defensin 2; Chain A
Q96PZ2	[484, 510]	Trypsin-like serine proteases
Q9HB21	[174, 209]	Pleckstrin-homology domain (PH domain)/Phosphotyrosine-binding domain (PTB)
Q9NY59	[490, 592]	Endonuclease/exonuclease/phosphatase
Q9NYY3	[68, 97]	Phosphorylase Kinase; domain 1
Q9UL62	[168, 191]	Ankyrin repeat-containing domain
Q9UM73	[261, 283]	-
Q9UM73	[452, 477]	Low-density Lipoprotein Receptor
Q9UM73	[1084, 1108]	Phosphorylase Kinase; domain 1
Q9Y5K2	[181, 212]	Trypsin-like serine proteases
O43149	[197, 278]	Galactose-binding domain-like
O43149	[1803, 1822]	-
O60462	[624, 678]	-
P02750	[41, 62]	Ribonuclease Inhibitor
P05062	[328, 349]	Aldolase class I
P29459	[56, 114]	-
P48506	[97, 146]	-
P53804	[1943, 2009]	Zinc/RING finger domain, C3HC4 (zinc finger)
Q12756	[6, 40]	Kinesin motor domain
Q12756	[538, 583]	-
Q12955	[1406, 1425]	-
Q5TCQ9	[1, 67]	-
Q6P158	[282, 326]	Zinc finger, CCCH-type
Q6ZN28	[209, 232]	-
Q86Y79	[137, 182]	Peptidyl-tRNA hydrolase
Q8NFT6	[296, 317]	DBF zinc finger
Q8TF44	[339, 355]	C2 domain
Q96C24	[52, 117]	Zinc/RING finger domain, C3HC4 (zinc finger)
Q96EV2	[1098, 1126]	-
Q96P11	[353, 418]	Vaccinia Virus protein VP39
Q9H8U3	[152, 226]	AN1-like Zinc finger
Q9HBJ7	[392, 420]	Cysteine proteinases
Q9NR80	[187, 207]	SH3 Domains
Q9NZU1	[46, 66]	Ribonuclease Inhibitor
A8MYU2	[788, 826]	NAD(P)-binding Rossmann-like Domain
O00110	[70, 187]	Classic Zinc Finger
P05165	[684, 703]	-
P0CJ78	[655, 688]	Classic Zinc Finger
P10147	[20, 71]	-
P11150	[305, 327]	alpha/beta hydrolase
P38935	[879, 948]	AN1-like Zinc finger
Q01081	[48, 66]	-
Q16576	[89, 108]	YVTN repeat-like/Quinoprotein amine dehydrogenase
Q3SXY7	[12, 52]	Ribonuclease Inhibitor
Q6PJI9	[383, 456]	Ubiquitin Conjugating Enzyme
Q86TC9	[274, 316]	Immunoglobulins
Q8IV45	[160, 200]	-
Q8WXQ8	[274, 297]	Zn peptidases
Q92698	[665, 713]	P-loop containing nucleotide triphosphate hydrolases
Q9BUM1	[93, 117]	Phosphatidic acid phosphatase type 2/haloperoxidase
Q9HAW0	[9, 58]	-
O60437	[389, 422]	-
O75051	[506, 562]	Immunoglobulins
P01715	[86, 114]	Immunoglobulins
P26368	[381, 404]	-
P36896	[85, 117]	CD59
P36896	[157, 183]	Phosphorylase Kinase; domain 1
P52594	[16, 73]	Arf GTPase activating protein
P54198	[280, 306]	YVTN repeat-like/Quinoprotein amine dehydrogenase
P68543	[123, 143]	Phosphatidylinositol 3-kinase Catalytic Subunit; Chain A, domain 1
Q13064	[94, 118]	Zinc finger, CCCH-type
Q13064	[258, 374]	Zinc/RING finger domain, C3HC4 (zinc finger)
Q15365	[262, 289]	K Homology domain, type 1
Q5DT21	[20, 85]	-
Q8N139	[1277, 1302]	P-loop containing nucleotide triphosphate hydrolases
Q92625	[927, 979]	Pleckstrin-homology domain (PH domain)/Phosphotyrosine-binding domain (PTB)
Q92750	[338, 355]	TAFH/NHR1 domain
Q9H0F6	[220, 244]	Phosphatidylinositol 3-kinase Catalytic Subunit; Chain A, domain 1
Q9NRR6	[551, 581]	Endonuclease/exonuclease/phosphatase
Q9NYB5	[142, 173]	MFS general substrate transporter like domains
Q9Y240	[163, 217]	Mannose-Binding Protein A, subunit A
O60861	[178, 219]	Arfaptin homology (AH) domain/BAR domain
P62684	[482, 600]	Zinc finger, CCHC-type
Q01082	[587, 616]	-
Q04721	[1616, 1651]	-
Q13751	[19, 88]	Galactose-binding domain-like
Q3T906	[445, 492]	-
Q4VC12	[113, 143]	-
Q5T5U3	[979, 1003]	Pleckstrin-homology domain (PH domain)/Phosphotyrosine-binding domain (PTB)
Q5VTR2	[909, 974]	Zinc/RING finger domain, C3HC4 (zinc finger)
Q6ZN04	[61, 99]	K Homology domain, type 1
Q6ZN04	[513, 568]	Zinc/RING finger domain, C3HC4 (zinc finger)
Q8IUL8	[307, 330]	Immunoglobulins
Q8N0Y2	[243, 298]	Classic Zinc Finger
Q8NCQ5	[58, 76]	-
Q92817	[420, 444]	-
Q92817	[1830, 1849]	Plakin repeat
Q96FZ2	[81, 103]	SOS response associated peptidase-like
Q96JY6	[282, 345]	Cysteine Rich Protein
Q9BXR6	[198, 242]	Complement Module, domain 1
Q9BXX0	[384, 405]	-
Q9NRM6	[247, 285]	Interleukin-17 receptor A/B, fibronectin-III-like domain 2
Q9NRM6	[400, 417]	-
A6NKX4	[97, 124]	MFS general substrate transporter like domains
O15072	[337, 384]	Collagenase (Catalytic Domain)
O60266	[461, 486]	Nucleotide cyclase
O75150	[941, 1000]	Zinc/RING finger domain, C3HC4 (zinc finger)
O95780	[106, 182]	Classic Zinc Finger
P08069	[166, 350]	Receptor L-domain
P08069	[672, 716]	Immunoglobulins
P0C6A0	[207, 272]	Erythroid Transcription Factor GATA-1, subunit A
P49327	[627, 652]	Malonyl-Coenzyme A Acyl Carrier Protein, domain 2
P49327	[1102, 1120]	Vaccinia Virus protein VP39
Q13424	[210, 241]	Pleckstrin-homology domain (PH domain)/Phosphotyrosine-binding domain (PTB)
Q6ZN30	[425, 490]	Classic Zinc Finger
Q7Z713	[94, 151]	Ankyrin repeat-containing domain
Q8NHK3	[126, 197]	Immunoglobulins
Q8WWQ0	[1374, 1394]	Bromodomain-like
Q969S2	[280, 331]	-
Q9NYJ8	[16, 77]	DNA helicase RuvA subunit, C-terminal domain
Q9NYJ8	[659, 692]	Zn-finger domain of Sec23/24
Q9Y490	[232, 253]	-
Q9Y490	[688, 739]	Alpha-catenin/vinculin-like
Q9Y490	[1377, 1408]	Talin, central domain
A0A1W2PRS3	[110, 184]	Immunoglobulins
O75970	[1608, 1630]	-
O94953	[739, 806]	Zinc/RING finger domain, C3HC4 (zinc finger)
O95838	[140, 163]	GPCR, family 2, extracellular hormone receptor domain
P00441	[43, 58]	Superoxide dismutase, copper/zinc binding domain
P04731	[0, 59]	Metallothionein Isoform II
P05026	[119, 146]	Na, k-atpase alpha subunit.
P06748	[6, 33]	Nucleoplasmin core domain
P13196	[261, 286]	Type I PLP-dependent aspartate aminotransferase-like (Major domain)
P21246	[42, 142]	Pleiotrophin/Midkine, N-terminal domain
P27701	[165, 201]	Tetraspanin
P37173	[37, 79]	CD59
P37173	[464, 552]	Transferase(Phosphotransferase) domain 1
P43405	[79, 98]	SH2 domain
P54136	[91, 127]	Arginyl tRNA synthetase N-terminal domain
P61968	[14, 31]	Cysteine Rich Protein
P98153	[25, 67]	Low-density Lipoprotein Receptor
Q16651	[152, 181]	Trypsin-like serine proteases
Q504Y3	[192, 212]	-
Q5M775	[952, 998]	Calponin-like domain
Q7Z3K3	[492, 578]	Classic Zinc Finger
Q7Z6W7	[74, 91]	DnaJ domain
Q86YJ5	[99, 155]	Zinc/RING finger domain, C3HC4 (zinc finger)
Q9BTE0	[64, 80]	-
Q9HCI7	[46, 89]	Zinc/RING finger domain, C3HC4 (zinc finger)
Q9NY28	[554, 570]	-
Q9UKJ8	[396, 547]	Disintegrin domain
Q9Y337	[153, 282]	Trypsin-like serine proteases
Q9Y6X9	[505, 534]	-
O15391	[246, 266]	Classic Zinc Finger
O75081	[544, 595]	-
P09936	[172, 220]	Peptidase C12, ubiquitin carboxyl-terminal hydrolase
P13688	[281, 347]	Immunoglobulins
P17213	[152, 170]	Bactericidal permeability-increasing protein; domain 2
P35523	[802, 833]	CBS-domain
P60893	[347, 369]	Rhodopsin 7-helix transmembrane proteins
P78364	[790, 859]	-
Q0VAF6	[25, 112]	Crystallins
Q15796	[60, 87]	SMAD MH1 domain
Q5EE01	[51, 77]	Histone, subunit A
Q5KU26	[688, 741]	Mannose-Binding Protein A, subunit A
Q6P3W2	[106, 138]	DPH Zinc finger
Q86VP1	[711, 788]	-
Q8IXK2	[541, 580]	-
Q8N475	[47, 147]	-
Q8TF46	[13, 53]	5'-nuclease
Q8TF46	[309, 327]	-
Q969G2	[54, 96]	Cysteine Rich Protein
Q99616	[26, 52]	-
Q9BUL5	[331, 391]	Zinc/RING finger domain, C3HC4 (zinc finger)
Q9H3J6	[65, 81]	-
Q9H3T3	[362, 388]	YVTN repeat-like/Quinoprotein amine dehydrogenase
Q9H3T3	[529, 600]	ligand-binding face of the semaphorins, domain 2
Q9UPW0	[134, 154]	Winged helix-like DNA-binding domain superfamily/Winged helix DNA-binding domain
Q9Y225	[64, 94]	Zinc/RING finger domain, C3HC4 (zinc finger)
Q9Y2W6	[126, 170]	K Homology domain, type 1
A2RUH7	[327, 353]	Immunoglobulins
O94855	[290, 369]	beta-sandwich domain of Sec23/24
O94886	[368, 397]	-
P01717	[85, 111]	Immunoglobulins
P01877	[10, 48]	Immunoglobulins
P07585	[29, 78]	Ribonuclease Inhibitor
P20151	[197, 223]	Trypsin-like serine proteases
P49747	[502, 524]	TSP type-3 repeat
P57727	[81, 105]	Low-density Lipoprotein Receptor
P57727	[366, 409]	Trypsin-like serine proteases
P98161	[25, 64]	Ribonuclease Inhibitor
P98161	[303, 324]	Immunoglobulins
P98161	[478, 540]	Mannose-Binding Protein A, subunit A
Q15746	[1156, 1183]	Immunoglobulins
Q5JSP0	[537, 587]	Zinc/RING finger domain, C3HC4 (zinc finger)
Q68DV7	[228, 284]	Zinc/RING finger domain, C3HC4 (zinc finger)
Q7L622	[4, 27]	Zinc/RING finger domain, C3HC4 (zinc finger)
Q8N3T1	[161, 190]	Spore Coat Polysaccharide Biosynthesis Protein SpsA; Chain A
Q8N3T1	[500, 575]	-
Q8TDM5	[14, 106]	CD59
Q9BRP7	[320, 345]	Bira Bifunctional Protein; Domain 2
Q9BWV1	[375, 409]	Immunoglobulins
Q9BYX2	[80, 112]	Pleckstrin-homology domain (PH domain)/Phosphotyrosine-binding domain (PTB)
Q9UID6	[180, 203]	Classic Zinc Finger
Q9UPR6	[266, 290]	Classic Zinc Finger
Q9UPR6	[846, 866]	-
Q9Y466	[4, 98]	Erythroid Transcription Factor GATA-1, subunit A
O60337	[0, 63]	Zinc/RING finger domain, C3HC4 (zinc finger)
O60635	[142, 207]	Tetraspanin
O94782	[426, 456]	Cysteine proteinases
O95630	[387, 423]	Cytidine Deaminase, domain 2
P01876	[1, 44]	Immunoglobulins
P05452	[91, 111]	Mannose-Binding Protein A, subunit A
P23458	[885, 904]	Phosphorylase Kinase; domain 1
P32942	[180, 195]	Immunoglobulins
P59044	[286, 306]	P-loop containing nucleotide triphosphate hydrolases
P62877	[36, 83]	Zinc/RING finger domain, C3HC4 (zinc finger)
Q08AD1	[1355, 1384]	CKK domain
Q0VDD8	[3442, 3460]	-
Q14995	[91, 204]	Erythroid Transcription Factor GATA-1, subunit A
Q14995	[312, 398]	Retinoid X Receptor
Q2M2W7	[191, 213]	-
Q6ZR52	[40, 81]	Classic Zinc Finger
Q86XN8	[173, 196]	K Homology domain, type 1
Q86XN8	[594, 650]	Zinc/RING finger domain, C3HC4 (zinc finger)
Q86XW9	[157, 172]	Nucleoside diphosphate kinase-like domain
Q8TCT1	[16, 33]	HAD superfamily/HAD-like
Q8WWZ4	[1188, 1215]	P-loop containing nucleotide triphosphate hydrolases
Q96NJ5	[0, 31]	Potassium Channel Kv1.1; Chain A
Q96RE7	[412, 432]	BEN domain
Q9H159	[563, 597]	Cadherins
Q9NZK7	[63, 88]	Phospholipase A2 domain
O60333	[12, 43]	Kinesin motor domain
O60333	[565, 623]	-
O75962	[1650, 1732]	SH3 Domains
P00751	[592, 703]	-
Q6ZSB9	[109, 129]	Potassium Channel Kv1.1; Chain A
Q709F0	[503, 525]	Butyryl-CoA Dehydrogenase, subunit A, domain 2
Q7Z6V5	[18, 54]	Cytidine Deaminase, domain 2
Q86UN2	[24, 44]	Ribonuclease Inhibitor
Q92502	[975, 990]	-
Q96FV2	[5, 28]	Penicillin V Acylase; Chain A
Q96K83	[241, 333]	Classic Zinc Finger
Q96NY8	[101, 134]	Immunoglobulins
Q9NRX4	[59, 89]	Janus/Ocnus
Q9Y2L9	[620, 678]	Calponin-like domain
O15399	[443, 485]	Periplasmic binding protein-like II
O75914	[78, 95]	CRIB domain
P06213	[169, 363]	Receptor L-domain
P06213	[699, 724]	Immunoglobulins
P08962	[144, 187]	Tetraspanin
P48200	[104, 146]	Aconitase, domain 3
P51808	[0, 32]	Tctex-1
P54107	[77, 102]	CAP
P54107	[170, 248]	Crisp domain
Q12951	[176, 210]	Winged helix-like DNA-binding domain superfamily/Winged helix DNA-binding domain
Q13370	[764, 792]	3'5'-cyclic nucleotide phosphodiesterase, catalytic domain
Q149N8	[652, 687]	Zinc/RING finger domain, C3HC4 (zinc finger)
Q8IWV8	[86, 177]	-
Q8NDX6	[142, 191]	Classic Zinc Finger
Q8TE56	[395, 475]	Collagenase (Catalytic Domain)
Q96SZ4	[723, 779]	Classic Zinc Finger
Q99558	[317, 333]	Phosphorylase Kinase; domain 1
Q99558	[601, 636]	Transferase(Phosphotransferase) domain 1
Q9ULW2	[79, 148]	Frizzled cysteine-rich domain
A0A087WWS6	[22, 39]	-
O43497	[247, 335]	-
O60716	[510, 542]	Leucine-rich Repeat Variant
P21854	[327, 358]	Mannose-Binding Protein A, subunit A
P51508	[228, 286]	Classic Zinc Finger
P56199	[546, 567]	Integrin alpha, N-terminal
P56199	[1018, 1064]	ntegrin, alpha v. Chain A, domain 4
P62079	[162, 207]	Tetraspanin
Q05469	[782, 804]	alpha/beta hydrolase
Q14954	[170, 202]	Immunoglobulins
Q3MJ16	[731, 804]	Cytosolic phospholipase A2 catalytic domain
Q68EM7	[39, 70]	Arfaptin homology (AH) domain/BAR domain
Q6ZSZ6	[215, 274]	Classic Zinc Finger
Q8IV04	[75, 130]	Ypt/Rab-GAP domain of gyp1p, domain 1
Q8NF91	[2587, 2627]	-
Q8NFP4	[740, 778]	-
Q9BUE6	[109, 128]	HesB-like domain
Q9C0E4	[443, 458]	-
Q9UKQ9	[176, 238]	Trypsin-like serine proteases
Q9UNE7	[175, 208]	-
A0A1B0GXF2	[94, 114]	Immunoglobulins
O60683	[264, 323]	Zinc/RING finger domain, C3HC4 (zinc finger)
P02452	[32, 93]	Complement Module, domain 1
P02452	[1229, 1279]	-
P07202	[124, 173]	Haem peroxidase domain superfamily, animal type
P0DP57	[12, 96]	CD59
P0DTE7	[143, 173]	Glycosidases
P10646	[84, 104]	Pancreatic trypsin inhibitor Kunitz domain
P13637	[25, 65]	Calcium-transporting ATPase, cytoplasmic transduction domain A
P13637	[335, 375]	Calcium-transporting ATPase, transmembrane domain
P26640	[1079, 1100]	Isoleucyl-tRNA Synthetase; Domain 1
P29320	[218, 324]	Tumor Necrosis Factor Receptor, subunit A, domain 2
P41587	[10, 114]	GPCR, family 2, extracellular hormone receptor domain
P61587	[158, 205]	P-loop containing nucleotide triphosphate hydrolases
Q8TDB6	[551, 602]	Zinc/RING finger domain, C3HC4 (zinc finger)
Q8TDI0	[336, 389]	Zinc/RING finger domain, C3HC4 (zinc finger)
Q8TE49	[882, 920]	-
Q8TER5	[1076, 1107]	Dbl homology (DH) domain
Q96FN4	[11, 26]	C2 domain
Q96T92	[254, 314]	Classic Zinc Finger
Q99469	[103, 209]	-
Q9BQI3	[470, 503]	Transferase(Phosphotransferase) domain 1
Q9GZS9	[153, 180]	P-loop containing nucleotide triphosphate hydrolases
Q9H756	[217, 244]	Ribonuclease Inhibitor
Q9NPR2	[561, 605]	ligand-binding face of the semaphorins, domain 2
Q9UHF4	[222, 238]	Immunoglobulins
Q9UQ26	[118, 186]	Zinc/RING finger domain, C3HC4 (zinc finger)
A0A075B6J9	[27, 45]	Immunoglobulins
B2RPK0	[7, 49]	High mobility group box domain
O43903	[88, 150]	Calponin-like domain
O43903	[205, 226]	Gas2-like domain
O75325	[390, 420]	Ribonuclease Inhibitor
O95398	[511, 560]	Son of sevenless (SoS) protein Chain: S domain 1
O95754	[509, 527]	ligand-binding face of the semaphorins, domain 2
P01588	[50, 69]	-
P25800	[16, 33]	Cysteine Rich Protein
P51449	[22, 110]	Erythroid Transcription Factor GATA-1, subunit A
Q13261	[36, 96]	-
Q15029	[435, 475]	Translation factors
Q4V348	[13, 91]	Classic Zinc Finger
Q4VC44	[144, 165]	-
Q5JZY3	[232, 329]	Tumor Necrosis Factor Receptor, subunit A, domain 2
Q5JZY3	[357, 412]	Immunoglobulins
Q6QN14	[79, 131]	Cysteine proteinases
Q96I15	[380, 399]	Aspartate Aminotransferase, domain 1
Q96T76	[537, 556]	Leucine-rich Repeat Variant
Q9BXU3	[375, 408]	Zinc finger, RanBP2-type
Q9NPG1	[169, 195]	Rhodopsin 7-helix transmembrane proteins
Q9NQV6	[167, 185]	SET domain
Q9UBU2	[168, 258]	Lipase, subunit A
Q9UPV7	[121, 189]	Zinc/RING finger domain, C3HC4 (zinc finger)
O95361	[71, 177]	Classic Zinc Finger
O95460	[562, 613]	-
O95786	[796, 817]	RIG-I-like receptor, C-terminal regulatory domain
P12645	[391, 410]	Cystine-knot cytokines
P32320	[4, 34]	Cytidine Deaminase, domain 2
Q92985	[310, 331]	-
Q96ME7	[157, 211]	Classic Zinc Finger
Q96P53	[311, 334]	YVTN repeat-like/Quinoprotein amine dehydrogenase
Q9BY66	[282, 383]	Zinc/RING finger domain, C3HC4 (zinc finger)
Q9H156	[329, 375]	Ribonuclease Inhibitor
Q9NP77	[11, 37]	-
A4GXA9	[95, 134]	-
A6NNW6	[265, 284]	Enolase-like C-terminal domain
P09486	[67, 151]	-
P35247	[256, 303]	Mannose-Binding Protein A, subunit A
P63128	[486, 601]	Zinc finger, CCHC-type
P63128	[657, 679]	-
Q10471	[551, 570]	-
Q13148	[169, 191]	-
Q4G0T1	[198, 243]	SRCR-like domain
Q68D85	[210, 246]	Immunoglobulins
Q6GMV2	[84, 145]	-
Q6GMV2	[345, 386]	SET domain
Q8NCP5	[423, 491]	Classic Zinc Finger
Q8TBM8	[163, 191]	DnaJ domain
Q969Q1	[3, 24]	Zinc/RING finger domain, C3HC4 (zinc finger)
Q969Q1	[106, 163]	Classic Zinc Finger
Q96BD5	[480, 550]	Zinc/RING finger domain, C3HC4 (zinc finger)
Q96L96	[59, 87]	Immunoglobulins
Q96L96	[1530, 1553]	MHCK/EF2 kinase
Q9BQB4	[72, 181]	Cystine-knot cytokines
Q9NRD8	[1511, 1537]	Nucleotide-binding domain of ferredoxin-NADP reductase (FNR) module
Q9NVP4	[692, 719]	Ankyrin repeat-containing domain
Q9NXR8	[350, 417]	Zinc/RING finger domain, C3HC4 (zinc finger)
Q9P0V3	[357, 375]	-
Q9UBG7	[46, 158]	LAG1, DNA binding domain
Q9UK23	[304, 425]	Tie2 ligand-binding domain superfamily
A0A0B4J1U7	[32, 53]	Immunoglobulins
C9J798	[137, 157]	C2 domain
C9J798	[690, 716]	Pleckstrin-homology domain (PH domain)/Phosphotyrosine-binding domain (PTB)
O15123	[418, 435]	Gamma-fibrinogen Carboxyl Terminal Fragment, domain 2
O43313	[71, 221]	Classic Zinc Finger
P13236	[26, 57]	-
P20823	[203, 261]	Homeodomain-like
P43353	[396, 413]	Aldehyde Dehydrogenase; Chain A, domain 2
P63215	[15, 74]	Transducin (heterotrimeric G protein), gamma chain
Q13422	[486, 508]	Classic Zinc Finger
Q16849	[711, 747]	Protein tyrosine phosphatase superfamily
Q7Z333	[2026, 2059]	P-loop containing nucleotide triphosphate hydrolases
Q8N393	[183, 212]	Classic Zinc Finger
Q96JH8	[283, 317]	-
Q96SW2	[316, 335]	Peptide methionine sulfoxide reductase.
Q9BTZ2	[246, 277]	NAD(P)-binding Rossmann-like Domain
Q9NZ20	[154, 197]	Phospholipase A2 domain
O00442	[12, 66]	RNA 3'-terminal phosphate cyclase domain
O15496	[57, 164]	Phospholipase A2 domain
O60687	[260, 325]	Complement Module, domain 1
P01031	[690, 734]	Anaphylotoxins (complement system)
P01031	[867, 888]	Immunoglobulins
P01031	[1521, 1551]	-
P01889	[106, 139]	MHC class I-like antigen recognition-like
P20393	[144, 224]	Erythroid Transcription Factor GATA-1, subunit A
P20393	[409, 426]	Retinoid X Receptor
P98170	[79, 118]	Inhibitor Of Apoptosis Protein (2mihbC-IAP-1); Chain A
Q5DID0	[85, 167]	Elafin-like
Q5DID0	[505, 552]	Laminin
Q5DID0	[1225, 1242]	Zona pellucida, ZP-C domain
Q7RTP6	[750, 768]	Cysteine Rich Protein
Q8IZP2	[152, 189]	Tetratricopeptide repeat domain
Q8N370	[276, 304]	MFS general substrate transporter like domains
Q8N680	[241, 279]	Classic Zinc Finger
Q8WXI8	[47, 82]	Mannose-Binding Protein A, subunit A
Q96AY2	[242, 257]	ERCC4, Mus81-Eme1 complex, nuclease domain, subdomain 1
Q96MR9	[478, 496]	Classic Zinc Finger
Q9BS34	[88, 113]	Classic Zinc Finger
Q9C0K7	[336, 362]	Transferase(Phosphotransferase) domain 1
Q9HBX8	[29, 65]	Ribonuclease Inhibitor
Q9P0L0	[90, 134]	Immunoglobulins
A0A0J9YX75	[92, 110]	Immunoglobulins
O14981	[258, 314]	Leucine-rich Repeat Variant
O43150	[320, 379]	Pleckstrin-homology domain (PH domain)/Phosphotyrosine-binding domain (PTB)
O43150	[426, 451]	Arf GTPase activating protein
P08118	[10, 113]	Complement Module, domain 1
P12755	[80, 117]	Ski
P27635	[15, 39]	Ribosomal protein L10e/L16
P56270	[179, 210]	Classic Zinc Finger
P60022	[28, 67]	Antimicrobial Peptide, Beta-defensin 2; Chain A
Q13698	[229, 271]	-
Q13698	[1209, 1226]	Voltage-gated potassium channels. Chain C
Q5TAQ9	[272, 288]	YVTN repeat-like/Quinoprotein amine dehydrogenase
Q68CZ1	[1111, 1147]	C2 domain
Q969S8	[316, 338]	Histone deacetylase domain
Q96P20	[676, 724]	Ribonuclease Inhibitor
Q9BQ04	[140, 218]	Zinc finger, CCHC-type
Q9P2S6	[464, 514]	Ankyrin repeat-containing domain
Q9UHC1	[1389, 1412]	MutL, C-terminal domain, dimerisation subdomain
Q9Y3B2	[0, 40]	-
Q9Y4C4	[424, 455]	ROC domain from the Parkinson's disease-associated leucine-rich repeat kinase 2
Q9Y6F8	[24, 70]	-
O15392	[0, 91]	Inhibitor Of Apoptosis Protein (2mihbC-IAP-1); Chain A
O95967	[36, 91]	Laminin
O95970	[37, 64]	Ribonuclease Inhibitor
P07315	[11, 33]	Crystallins
P15882	[238, 260]	-
P23409	[81, 101]	Helix-loop-helix DNA-binding domain
P29323	[255, 383]	Tumor Necrosis Factor Receptor, subunit A, domain 2
P49736	[329, 363]	Nucleic acid-binding proteins
P49788	[114, 153]	-
Q2TB90	[691, 738]	-
Q5VW32	[4, 20]	alix/aip1 like domains
Q7L591	[119, 154]	Pleckstrin-homology domain (PH domain)/Phosphotyrosine-binding domain (PTB)
Q7L8C5	[173, 210]	C2 domain
Q8N468	[255, 297]	MFS general substrate transporter like domains
Q8WXI3	[233, 299]	Ankyrin repeat-containing domain
Q96EY5	[22, 47]	-
Q96PX1	[266, 330]	Zinc/RING finger domain, C3HC4 (zinc finger)
Q96QI5	[283, 309]	P-loop containing nucleotide triphosphate hydrolases
Q99075	[103, 154]	Laminin
Q9UPN9	[122, 261]	Zinc/RING finger domain, C3HC4 (zinc finger)
P12259	[2066, 2084]	Galactose-binding domain-like
P23945	[17, 41]	Ribonuclease Inhibitor
P52943	[0, 82]	Cysteine Rich Protein
P53667	[0, 32]	Cysteine Rich Protein
P53667	[215, 232]	-
P53667	[320, 340]	Phosphorylase Kinase; domain 1
Q05932	[499, 534]	Mur ligase, C-terminal domain
Q4FZB7	[272, 353]	SET domain
Q8IZX4	[38, 63]	TAFII-230 TBP-binding domain
Q8NHH9	[387, 413]	AHSP
Q8TF27	[324, 361]	Arf GTPase activating protein
Q8WYH8	[174, 239]	Zinc/RING finger domain, C3HC4 (zinc finger)
Q92974	[36, 99]	-
Q96PB8	[31, 55]	Ribonuclease Inhibitor
Q96T60	[424, 450]	P-loop containing nucleotide triphosphate hydrolases
Q9BXB1	[29, 51]	Ribonuclease Inhibitor
Q9GZU1	[526, 562]	-
Q9NR81	[417, 438]	Pleckstrin-homology domain (PH domain)/Phosphotyrosine-binding domain (PTB)
Q9NTG7	[262, 289]	SIR2/SIRT2 'Small Domain'
Q9NW82	[308, 333]	YVTN repeat-like/Quinoprotein amine dehydrogenase
Q9P2R6	[93, 174]	-
Q9UBV2	[119, 167]	Fibronectin, type II, collagen-binding
Q9Y4E8	[269, 325]	Cysteine proteinases
O75151	[0, 64]	Zinc/RING finger domain, C3HC4 (zinc finger)
P10071	[475, 497]	Classic Zinc Finger
P11215	[846, 868]	ntegrin, alpha v. Chain A, domain 3
P11474	[70, 150]	Erythroid Transcription Factor GATA-1, subunit A
P12955	[236, 261]	Creatinase/methionine aminopeptidase superfamily
P14410	[60, 79]	Spasmolytic Protein, domain 1
P14410	[1395, 1412]	Glycosidases
P36888	[464, 483]	Immunoglobulins
P48357	[180, 200]	Immunoglobulins
P53805	[53, 74]	-
P55198	[0, 71]	Zinc/RING finger domain, C3HC4 (zinc finger)
Q04844	[412, 438]	Neurotransmitter-gated ion-channel transmembrane domain
Q17R31	[0, 21]	Metal-dependent hydrolases
Q5JNZ3	[105, 125]	-
Q6UXD5	[165, 193]	Spermadhesin, CUB domain
Q6UXD5	[455, 545]	Complement Module, domain 1
Q86YT6	[952, 1005]	Zinc/RING finger domain, C3HC4 (zinc finger)
Q8N3K9	[3502, 3536]	Classic Zinc Finger
Q8NDP4	[114, 195]	Classic Zinc Finger
Q8WTP8	[105, 131]	Ribonuclease H-like superfamily/Ribonuclease H
Q99518	[17, 42]	FAD/NAD(P)-binding domain
Q9P2F9	[71, 169]	Classic Zinc Finger
Q9UMF0	[140, 254]	Immunoglobulins
Q9UPQ4	[15, 75]	Zinc/RING finger domain, C3HC4 (zinc finger)
Q9UPQ4	[94, 152]	Classic Zinc Finger
O75541	[108, 209]	Classic Zinc Finger
O94933	[361, 399]	Ribonuclease Inhibitor
P12107	[43, 80]	-
P14543	[1193, 1246]	Laminin
P20648	[371, 391]	Calcium-transporting ATPase, transmembrane domain
P21580	[588, 688]	-
P43235	[133, 233]	Cysteine proteinases
P62068	[160, 244]	Cysteine proteinases
Q16610	[422, 514]	-
Q2KHT4	[112, 144]	-
Q5JSJ4	[178, 206]	von Willebrand factor, type A domain
Q5T7B8	[493, 554]	Kinesin motor domain
Q8IZM8	[535, 605]	Classic Zinc Finger
Q8NCW0	[31, 78]	Plasminogen Kringle 4
Q8WUB8	[370, 486]	Zinc/RING finger domain, C3HC4 (zinc finger)
Q96EL1	[161, 201]	Phosphorylase Kinase; domain 1
Q96IV0	[251, 305]	-
Q96L34	[646, 731]	Kinase associated domain 1, KA1
Q99704	[13, 42]	Pleckstrin-homology domain (PH domain)/Phosphotyrosine-binding domain (PTB)
Q9BZZ2	[474, 510]	Immunoglobulins
Q9H336	[212, 249]	CAP
Q9H336	[285, 322]	LCCL-like domain
Q9NUL7	[137, 167]	P-loop containing nucleotide triphosphate hydrolases
Q9NYG5	[11, 60]	Zinc/RING finger domain, C3HC4 (zinc finger)
Q9UPQ0	[1011, 1078]	Cysteine Rich Protein
A1L3X4	[0, 48]	Metallothionein Isoform II
A1Z1Q3	[96, 131]	Leucine Aminopeptidase, subunit E, domain 1
A8MPS7	[240, 269]	Glycoside hydrolase/deacetylase
H3BV60	[136, 152]	Zona pellucida, ZP-C domain
O95718	[71, 173]	Erythroid Transcription Factor GATA-1, subunit A
P01033	[136, 205]	Tissue inhibitor of metalloproteinase-1. Chain B, domain 1
P0C0L4	[658, 766]	Anaphylotoxins (complement system)
P0C0L4	[1107, 1127]	-
P55286	[585, 612]	Cadherins
P57737	[20, 43]	YVTN repeat-like/Quinoprotein amine dehydrogenase
P62072	[9, 68]	Mitochondrial import inner membrane translocase subunit tim13 like domains
Q13224	[429, 454]	Periplasmic binding protein-like II
Q13634	[578, 604]	Cadherins
Q15697	[25, 65]	DNA breaking-rejoining enzymes
Q7Z408	[5, 45]	Spermadhesin, CUB domain
Q7Z408	[316, 381]	Complement Module, domain 1
Q8N4Q1	[32, 109]	-
Q96J92	[679, 705]	Phosphatidylinositol 3-kinase Catalytic Subunit; Chain A, domain 1
Q9H1F0	[35, 78]	Elafin-like
Q9NUK0	[0, 95]	-
Q9P2R3	[1119, 1149]	Zinc/RING finger domain, C3HC4 (zinc finger)
Q9UL03	[183, 213]	von Willebrand factor, type A domain
Q9Y5R5	[118, 163]	DM DNA-binding domain
A0A5F9ZH88	[128, 176]	Immunoglobulins
O95450	[377, 393]	Collagenase (Catalytic Domain)
O95450	[869, 989]	Thrombospondin type-1 (TSP1) repeat
P54284	[48, 88]	SH3 Domains
P57071	[0, 25]	SET domain
P57071	[688, 734]	Classic Zinc Finger
P85037	[175, 192]	-
P98095	[601, 646]	Laminin
P98194	[129, 170]	Calcium-transporting ATPase, cytoplasmic transduction domain A
P98194	[333, 353]	Calcium-transporting ATPase, transmembrane domain
Q13387	[752, 767]	Pleckstrin-homology domain (PH domain)/Phosphotyrosine-binding domain (PTB)
Q58DX5	[227, 254]	Zn peptidases
Q86XJ1	[97, 121]	Calponin-like domain
Q8N653	[319, 336]	Kelch-type beta propeller
Q8N6Y1	[128, 168]	Cadherins
Q8NE00	[171, 199]	Amino acid/polyamine transporter I
Q8WWF5	[273, 365]	Zinc/RING finger domain, C3HC4 (zinc finger)
Q96DU3	[195, 214]	Immunoglobulins
Q9UKS7	[492, 516]	Classic Zinc Finger
Q9Y534	[68, 89]	Nucleic acid-binding proteins
Q9Y6K5	[328, 360]	2'-5'-oligoadenylate synthetase 1, domain 2
A0A0A6YYD4	[96, 115]	Immunoglobulins
A0A1W2PQ64	[88, 172]	-
B7Z1M9	[196, 247]	C2 domain
F5H094	[452, 501]	-
O15354	[553, 580]	Rhodopsin 7-helix transmembrane proteins
O75152	[0, 31]	-
O94819	[547, 575]	Kelch-type beta propeller
P10276	[79, 159]	Erythroid Transcription Factor GATA-1, subunit A
P40818	[753, 778]	Cysteine proteinases
P55010	[94, 149]	-
P55259	[468, 488]	Zona pellucida, ZP-C domain
P57087	[99, 161]	Immunoglobulins
P58397	[359, 378]	Collagenase (Catalytic Domain)
Q03167	[711, 728]	Zona pellucida, ZP-C domain
Q12830	[403, 457]	Zinc/RING finger domain, C3HC4 (zinc finger)
Q4KWH8	[467, 486]	Phosphatidylinositol (PI) phosphodiesterase
Q5FYA8	[524, 561]	Alkaline Phosphatase, subunit A
Q7Z3E1	[526, 556]	-
Q7Z442	[163, 236]	-
Q8NHG8	[145, 241]	Zinc/RING finger domain, C3HC4 (zinc finger)
Q8WUN7	[88, 106]	Ub domain-containing protein, DC-UbP/UBTD2, N-terminal domain
Q9NQ79	[515, 604]	Laminin
Q9ULT6	[283, 356]	Zinc/RING finger domain, C3HC4 (zinc finger)
Q9Y2C4	[105, 121]	Extracellular Endonuclease, subunit A
O43439	[493, 546]	-
O60231	[701, 730]	P-loop containing nucleotide triphosphate hydrolases
P00749	[18, 91]	Laminin
P00749	[149, 165]	Plasminogen Kringle 4
P00749	[288, 304]	Trypsin-like serine proteases
P01824	[37, 56]	Immunoglobulins
P01859	[15, 121]	Immunoglobulins
P09871	[74, 89]	Spermadhesin, CUB domain
P09871	[346, 367]	Complement Module, domain 1
P09871	[581, 640]	Trypsin-like serine proteases
P13598	[44, 59]	Immunoglobulins
P50461	[0, 93]	Cysteine Rich Protein
Q02223	[0, 53]	Tumor necrosis factor receptor superfamily
Q08345	[20, 47]	Galactose-binding domain-like
Q15654	[264, 292]	Cysteine Rich Protein
Q17RB8	[101, 164]	Zinc/RING finger domain, C3HC4 (zinc finger)
Q6AHZ1	[74, 168]	Classic Zinc Finger
Q7Z419	[21, 40]	Zinc/RING finger domain, C3HC4 (zinc finger)
Q8IZK6	[521, 565]	-
Q96IQ7	[146, 176]	Immunoglobulins
Q9NQW6	[1029, 1091]	Pleckstrin-homology domain (PH domain)/Phosphotyrosine-binding domain (PTB)
Q9NRM7	[959, 976]	Transferase(Phosphotransferase) domain 1
Q9UPQ7	[13, 73]	Zinc/RING finger domain, C3HC4 (zinc finger)
Q9UPQ7	[412, 451]	-
A0AVK6	[75, 145]	Winged helix-like DNA-binding domain superfamily/Winged helix DNA-binding domain
A4D1P6	[396, 424]	YVTN repeat-like/Quinoprotein amine dehydrogenase
O15273	[4, 22]	titin domain like
P01229	[97, 124]	Cystine-knot cytokines
P02489	[110, 150]	-
P04435	[92, 114]	Immunoglobulins
P33121	[259, 313]	N-terminal domain of ligase-like
Q15013	[45, 81]	-
Q3KNV8	[147, 176]	Phosphatidylinositol 3-kinase Catalytic Subunit; Chain A, domain 1
Q5EBN2	[30, 78]	Zinc/RING finger domain, C3HC4 (zinc finger)
Q5EBN2	[94, 138]	Classic Zinc Finger
Q86SR1	[552, 602]	-
Q8N3F8	[0, 20]	Calponin-like domain
Q8N3F8	[156, 229]	Cysteine Rich Protein
Q96AP4	[169, 244]	Classic Zinc Finger
Q96EK2	[316, 418]	Zinc/RING finger domain, C3HC4 (zinc finger)
Q96IZ6	[110, 137]	Vaccinia Virus protein VP39
Q96JB6	[98, 167]	SRCR-like domain
Q96PN7	[1081, 1108]	Classic Zinc Finger
Q9BYH1	[276, 291]	Spermadhesin, CUB domain
Q9H1K0	[145, 204]	Zinc/RING finger domain, C3HC4 (zinc finger)
Q9NP61	[87, 107]	Arf GTPase activating protein
Q9P2G1	[5, 83]	Ankyrin repeat-containing domain
Q9P2G1	[324, 365]	Zinc/RING finger domain, C3HC4 (zinc finger)
Q9P2G1	[511, 547]	-
Q9Y4F5	[3, 19]	-
Q9Y5S2	[1030, 1090]	-
A0A0B4J1U3	[87, 116]	Immunoglobulins
O75841	[180, 228]	Tetraspanin
O95714	[2705, 2792]	-
P28749	[901, 918]	Cyclin-like
P50502	[167, 187]	Tetratricopeptide repeat domain
Q5K4E3	[230, 255]	Trypsin-like serine proteases
Q6ZN18	[253, 272]	Classic Zinc Finger
Q92576	[705, 781]	Zinc/RING finger domain, C3HC4 (zinc finger)
Q99645	[104, 146]	Ribonuclease Inhibitor
Q9BQ16	[70, 206]	-
Q9BQ16	[270, 286]	EF-hand
Q9BQ16	[316, 397]	Thyroglobulin type-1
Q9BYJ1	[167, 190]	Lipoxygenase-1; Domain 5
Q9H0B8	[205, 244]	CAP
Q9H0B8	[275, 315]	LCCL-like domain
Q9ULI1	[969, 999]	YVTN repeat-like/Quinoprotein amine dehydrogenase
A0A087WV62	[82, 114]	Immunoglobulins
O14879	[335, 370]	Tetratricopeptide repeat domain
O43172	[96, 125]	Pre-mRNA processing factor 4 domain
P04155	[27, 83]	Spasmolytic Protein, domain 1
P35354	[13, 54]	Laminin
P41594	[122, 138]	-
P41594	[534, 558]	GPCR, family 3, nine cysteines domain
P47872	[46, 86]	GPCR, family 2, extracellular hormone receptor domain
Q14004	[1000, 1029]	Transferase(Phosphotransferase) domain 1
Q14896	[432, 452]	Immunoglobulins
Q15111	[101, 131]	Pleckstrin-homology domain (PH domain)/Phosphotyrosine-binding domain (PTB)
Q15111	[565, 621]	Phosphatidylinositol (PI) phosphodiesterase
Q15111	[754, 778]	C2 domain
Q15424	[425, 481]	-
Q15485	[95, 110]	Gamma Fibrinogen, chain A, domain 1
Q63HQ2	[775, 822]	Laminin
Q6R6M4	[85, 129]	Cysteine proteinases
Q8NBU5	[283, 336]	-
Q8WUH1	[0, 27]	Transcription activator, Churchill
Q96BY6	[1745, 1773]	-
Q9H3S3	[191, 227]	Trypsin-like serine proteases
Q9HBD1	[14, 51]	Zinc/RING finger domain, C3HC4 (zinc finger)
Q9HBD1	[399, 453]	Zinc finger, CCCH-type
Q9HBH1	[108, 145]	Peptide deformylase
Q9HDB9	[530, 599]	Zinc finger, CCHC-type
Q9ULM0	[732, 752]	Pleckstrin-homology domain (PH domain)/Phosphotyrosine-binding domain (PTB)
A6NIM6	[273, 294]	MFS general substrate transporter like domains
O00238	[23, 106]	CD59
O14960	[27, 60]	Glucose Permease (Domain IIA)
P02778	[20, 70]	-
P10153	[69, 160]	Ribonuclease A-like domain
P17540	[26, 60]	ATP:guanido phosphotransferase, N-terminal domain
P35070	[32, 113]	Laminin
P42858	[92, 109]	Leucine-rich Repeat Variant
Q14596	[193, 286]	-
Q14681	[95, 115]	Potassium Channel Kv1.1; Chain A
Q15406	[47, 132]	Erythroid Transcription Factor GATA-1, subunit A
Q6PIV2	[229, 251]	Winged helix-like DNA-binding domain superfamily/Winged helix DNA-binding domain
Q86WV6	[298, 340]	Stimulator of interferon genes protein
Q8NFA0	[454, 528]	DUSP-like
Q8NFA0	[720, 749]	Cysteine proteinases
Q8TEW6	[13, 71]	Pleckstrin-homology domain (PH domain)/Phosphotyrosine-binding domain (PTB)
Q969R2	[750, 770]	-
Q96AZ6	[0, 27]	Ribonuclease H-like superfamily/Ribonuclease H
Q96MF7	[178, 232]	Zinc/RING finger domain, C3HC4 (zinc finger)
Q96QS1	[155, 188]	Tetraspanin
Q9H0E7	[311, 347]	Cysteine proteinases
Q9H254	[597, 628]	-
Q9NTX7	[19, 57]	Zinc/RING finger domain, C3HC4 (zinc finger)
Q9P0K1	[675, 722]	Laminin
Q9P1Y5	[1115, 1144]	CKK domain
D6R901	[79, 131]	Cysteine proteinases
O00144	[97, 150]	Frizzled cysteine-rich domain
O15197	[278, 370]	Tumor Necrosis Factor Receptor, subunit A, domain 2
O15197	[398, 460]	Immunoglobulins
O43164	[614, 683]	Zinc/RING finger domain, C3HC4 (zinc finger)
O75443	[592, 635]	Laminin
P00739	[80, 99]	Complement Module, domain 1
P0CW20	[60, 116]	Cysteine Rich Protein
P10827	[38, 117]	Erythroid Transcription Factor GATA-1, subunit A
P51948	[6, 23]	Zinc/RING finger domain, C3HC4 (zinc finger)
P56524	[648, 682]	Histone deacetylase domain
Q02509	[91, 217]	Phospholipase A2 domain
Q03405	[12, 48]	CD59
Q68DK2	[1809, 1878]	Zinc/RING finger domain, C3HC4 (zinc finger)
Q96A46	[73, 88]	Mitochondrial carrier domain
Q9H3Y0	[214, 252]	CAP
Q9H9Y6	[90, 107]	-
Q9H9Y6	[1067, 1114]	RNA polymerase alpha subunit dimerisation domain
Q9UBN4	[168, 192]	Ankyrin repeat-containing domain
Q9UK96	[48, 65]	-
Q9UK96	[771, 791]	Single-stranded right-handed beta-helix, Pectin lyase-like
Q9Y2M0	[32, 73]	Classic Zinc Finger
A0A087X1C5	[333, 366]	Cytochrome P450
O15066	[2, 30]	Kinesin motor domain
O60522	[132, 151]	-
P0C7X2	[181, 234]	Classic Zinc Finger
P10109	[97, 177]	-
P14784	[44, 72]	Immunoglobulins
P40692	[120, 145]	Histidine kinase-like ATPase, C-terminal domain
P49840	[379, 428]	Transferase(Phosphotransferase) domain 1
Q17R89	[41, 76]	Arfaptin homology (AH) domain/BAR domain
Q1MX18	[540, 578]	Leucine-rich Repeat Variant
Q6UXZ0	[188, 208]	Immunoglobulins
Q92782	[192, 225]	Classic Zinc Finger
Q92782	[257, 386]	Zinc/RING finger domain, C3HC4 (zinc finger)
Q9BZL6	[165, 194]	-
Q9NVS9	[145, 179]	Electron Transport, Fmn-binding Protein; Chain A
Q9UMN6	[2692, 2714]	SET domain
Q9Y242	[287, 344]	Zinc/RING finger domain, C3HC4 (zinc finger)
P02788	[26, 60]	Periplasmic binding protein-like II
P11362	[169, 190]	Immunoglobulins
P19387	[82, 130]	RNA polymerase, RBP11-like subunit
P21359	[1371, 1391]	GTPase Activation - p120gap; domain 1
P35590	[216, 372]	Tie2 ligand-binding domain superfamily
P48382	[147, 174]	Winged helix-like DNA-binding domain superfamily/Winged helix DNA-binding domain
P51805	[490, 547]	Immunoglobulins
P51805	[1755, 1772]	GTPase Activation - p120gap; domain 1
P78348	[321, 355]	Acid-sensing ion channel domain
Q07011	[16, 149]	Tumor Necrosis Factor Receptor, subunit A, domain 2
Q08629	[65, 204]	-
Q08629	[312, 369]	Thyroglobulin type-1
Q13203	[391, 473]	Immunoglobulins
Q14191	[914, 959]	P-loop containing nucleotide triphosphate hydrolases
Q14191	[1052, 1080]	Winged helix-like DNA-binding domain superfamily/Winged helix DNA-binding domain
Q15185	[49, 91]	-
Q2VPK5	[373, 405]	HUPs
Q5VUJ6	[681, 718]	Calponin-like domain
Q93097	[306, 390]	-
Q96P48	[629, 645]	Arf GTPase activating protein
Q99747	[250, 267]	Tetratricopeptide repeat domain
Q9BY77	[332, 359]	-
Q9BZQ6	[79, 94]	-
Q9P243	[808, 852]	Classic Zinc Finger
Q9UEG4	[559, 601]	Classic Zinc Finger
Q9Y2K1	[112, 158]	Potassium Channel Kv1.1; Chain A
Q9Y2K1	[502, 622]	Classic Zinc Finger
A1YPR0	[347, 397]	Classic Zinc Finger
A5X5Y0	[347, 363]	Neurotransmitter-gated ion-channel transmembrane domain
O95159	[80, 116]	Zinc/RING finger domain, C3HC4 (zinc finger)
P09884	[662, 692]	Ribonuclease H-like superfamily/Ribonuclease H
P09884	[1255, 1321]	DNA Polymerase alpha, zinc finger
P46721	[115, 145]	MFS general substrate transporter like domains
P51504	[183, 201]	Classic Zinc Finger
P53041	[456, 479]	-
P55317	[229, 267]	Winged helix-like DNA-binding domain superfamily/Winged helix DNA-binding domain
Q05397	[353, 369]	Pleckstrin-homology domain (PH domain)/Phosphotyrosine-binding domain (PTB)
Q12836	[112, 183]	Spasmolytic Protein, domain 1
Q12836	[433, 475]	Zona pellucida, ZP-C domain
Q13651	[189, 219]	Immunoglobulins
Q13686	[296, 372]	Alpha-ketoglutarate-dependent dioxygenase AlkB-like
Q14139	[1000, 1037]	Zinc/RING finger domain, C3HC4 (zinc finger)
Q63ZY6	[125, 151]	Vaccinia Virus protein VP39
Q86UL8	[858, 873]	-
Q86WU2	[0, 15]	Uridine Diphospho-n-acetylenolpyruvylglucosamine Reductase, domain 2
Q96AG4	[123, 154]	Ribonuclease Inhibitor
Q9H2C0	[266, 292]	Kelch-type beta propeller
Q9NQ38	[725, 756]	-
Q9NTM9	[17, 58]	Copper homeostasis (CutC) domain
O60671	[266, 281]	-
P05067	[149, 198]	Amyloidogenic glycoprotein, copper-binding domain
P05067	[281, 357]	Pancreatic trypsin inhibitor Kunitz domain
P09619	[423, 469]	Immunoglobulins
P10826	[79, 160]	Erythroid Transcription Factor GATA-1, subunit A
P17787	[342, 357]	Neurotransmitter-gated ion-channel transmembrane domain
P26715	[104, 127]	Mannose-Binding Protein A, subunit A
P26842	[20, 126]	Tumor Necrosis Factor Receptor, subunit A, domain 2
P53803	[7, 50]	RNA polymerase ii, chain L
P98175	[194, 247]	Zinc finger, RanBP2-type
Q12899	[1, 77]	Zinc/RING finger domain, C3HC4 (zinc finger)
Q12899	[93, 140]	Classic Zinc Finger
Q13029	[350, 413]	Classic Zinc Finger
Q13201	[1007, 1084]	Laminin
Q13469	[566, 583]	Immunoglobulins
Q15375	[225, 336]	Tumor Necrosis Factor Receptor, subunit A, domain 2
Q15646	[326, 345]	2'-5'-oligoadenylate synthetase 1, domain 2
Q53EL9	[764, 784]	Complement Module, domain 1
Q6NT52	[90, 124]	Cystine-knot cytokines
Q6P4A8	[462, 490]	-
Q6ZRF8	[13, 162]	Zinc/RING finger domain, C3HC4 (zinc finger)
Q7RTY9	[231, 251]	Trypsin-like serine proteases
Q86UX7	[171, 221]	Phosphatidylinositol 3-kinase Catalytic Subunit; Chain A, domain 1
Q86YI8	[221, 295]	Zinc/RING finger domain, C3HC4 (zinc finger)
Q8IXT2	[33, 87]	DM DNA-binding domain
Q96GM1	[161, 206]	Phosphatidic acid phosphatase type 2/haloperoxidase
Q9BTE6	[0, 36]	-
Q9H211	[461, 493]	DNA replication factor Cdt1, C-terminal WH domain
Q9P2V4	[280, 295]	Immunoglobulins
Q9UK53	[347, 412]	Zinc/RING finger domain, C3HC4 (zinc finger)
A6NK89	[15, 39]	Phosphatidylinositol 3-kinase Catalytic Subunit; Chain A, domain 1
O00151	[244, 273]	Cysteine Rich Protein
O00625	[72, 92]	Jelly Rolls
O15047	[1689, 1706]	SET domain
O75581	[271, 315]	Laminin
O75581	[588, 604]	TolB, C-terminal domain
P00740	[396, 417]	Trypsin-like serine proteases
P08887	[29, 54]	Immunoglobulins
P16473	[1, 47]	Ribonuclease Inhibitor
P16473	[373, 413]	Rhodopsin 7-helix transmembrane proteins
P29083	[113, 174]	Zinc/RING finger domain, C3HC4 (zinc finger)
P49913	[67, 133]	-
P55011	[550, 580]	Amino acid/polyamine transporter I
Q08426	[547, 574]	-
Q08ET2	[149, 225]	Immunoglobulins
Q13145	[18, 121]	CD59
Q5TAA0	[122, 167]	Tetratricopeptide repeat domain
Q7Z5Q1	[525, 541]	Cytoplasmic polyadenylation element-binding protein, ZZ domain
Q8IVL6	[71, 99]	Tetratricopeptide repeat domain
Q8IVL6	[566, 593]	q2cbj1_9rhob like domain
Q8IZJ3	[891, 909]	Immunoglobulins
Q8IZJ3	[1659, 1753]	-
Q8N6C8	[156, 183]	Immunoglobulins
Q8WWH5	[303, 328]	Pseudouridine synthase
Q92730	[173, 190]	P-loop containing nucleotide triphosphate hydrolases
Q96Q42	[221, 268]	Regulator of chromosome condensation 1/beta-lactamase-inhibitor protein II
Q99748	[150, 196]	Cystine-knot cytokines
Q9H4G8	[8, 71]	DPH Zinc finger
Q9HBW1	[40, 64]	Ribonuclease Inhibitor
Q9NZ32	[180, 204]	Actin; Chain A, domain 4
Q9NZU5	[236, 273]	Cysteine Rich Protein
Q9UGM5	[211, 261]	-
O14594	[309, 361]	Mannose-Binding Protein A, subunit A
O14594	[1218, 1270]	Complement Module, domain 1
O14921	[0, 23]	-
O15151	[297, 342]	Zn-finger domain of Sec23/24
O15151	[425, 488]	Zinc/RING finger domain, C3HC4 (zinc finger)
O75594	[28, 81]	Peptidoglycan recognition protein-like
P46939	[826, 876]	-
P49767	[163, 185]	Cystine-knot cytokines
P58166	[236, 254]	Cystine-knot cytokines
P78357	[718, 733]	-
P78357	[938, 999]	Laminin
Q0VDF9	[481, 506]	Substrate Binding Domain Of DNAk; Chain A, domain 1
Q15811	[1603, 1638]	C2 domain
Q16478	[69, 123]	-
Q5T1V6	[97, 142]	-
Q6UWL2	[27, 55]	Laminin
Q6UWL2	[262, 286]	Complement Module, domain 1
Q7Z5L9	[496, 583]	Interferon regulatory factor 2-binding protein
Q8N490	[317, 373]	Ribonuclease Z/Hydroxyacylglutathione hydrolase-like
Q969J5	[65, 131]	Immunoglobulins
Q96NY9	[158, 183]	Winged helix-like DNA-binding domain superfamily/Winged helix DNA-binding domain
Q9UQQ2	[232, 260]	Pleckstrin-homology domain (PH domain)/Phosphotyrosine-binding domain (PTB)
A0A0A0MS03	[77, 113]	Immunoglobulins
O00237	[649, 669]	Zinc/RING finger domain, C3HC4 (zinc finger)
O43520	[846, 870]	HAD superfamily/HAD-like
O75339	[130, 244]	Thrombospondin type-1 (TSP1) repeat
O75339	[315, 337]	Immunoglobulins
P01703	[84, 117]	Immunoglobulins
P10398	[131, 157]	-
P23352	[127, 189]	Elafin-like
P23760	[41, 98]	Winged helix-like DNA-binding domain superfamily/Winged helix DNA-binding domain
P28331	[129, 156]	-
P42684	[1075, 1174]	Nucleotidyltransferases domain 2
P49918	[85, 109]	p27
Q00975	[250, 290]	-
Q14134	[164, 261]	Classic Zinc Finger
Q6UXN2	[0, 57]	Immunoglobulins
Q86VF2	[33, 63]	Immunoglobulins
Q8N6Y2	[185, 200]	Ribonuclease Inhibitor
Q96G46	[117, 213]	Zinc finger, CCCH-type
Q96PC2	[164, 186]	Inositol polyphosphate kinase
Q99835	[63, 86]	Frizzled cysteine-rich domain
Q9H5Z1	[384, 409]	P-loop containing nucleotide triphosphate hydrolases
Q9H898	[128, 182]	Classic Zinc Finger
Q9NQW5	[169, 224]	SET domain
Q9UJ99	[589, 607]	Cadherins
Q9UKP4	[347, 378]	Collagenase (Catalytic Domain)
Q9UKP4	[492, 595]	Thrombospondin type-1 (TSP1) repeat
Q9ULI4	[541, 564]	Kinesin motor domain
Q9UNE2	[83, 146]	Zinc/RING finger domain, C3HC4 (zinc finger)
Q9Y5X9	[297, 329]	alpha/beta hydrolase
Q9Y5X9	[448, 489]	PLAT/LH2 domain
Q9Y6C2	[983, 1001]	-
A0A0A0MRZ9	[100, 119]	Immunoglobulins
O15297	[90, 107]	PPM-type phosphatase domain
O43451	[86, 129]	Spasmolytic Protein, domain 1
O43451	[1416, 1474]	Glycosidases
P0DN86	[23, 38]	Cystine-knot cytokines
P23470	[334, 356]	Immunoglobulins
P23470	[842, 874]	Protein tyrosine phosphatase superfamily
P48165	[43, 63]	Gap junction channel protein cysteine-rich domain
P54802	[507, 522]	N-acetyl-b-d-glucoasminidase
Q14990	[110, 249]	-
Q15075	[1345, 1410]	Zinc/RING finger domain, C3HC4 (zinc finger)
Q16543	[313, 342]	-
Q4G1C9	[203, 236]	CAP
Q8N7B6	[231, 247]	Leucine-rich Repeat Variant
Q8NFW1	[428, 451]	-
Q8NHY2	[117, 143]	Zinc/RING finger domain, C3HC4 (zinc finger)
Q96MI6	[68, 105]	PPM-type phosphatase domain
Q96RD9	[74, 92]	Immunoglobulins
Q9NRG4	[53, 77]	SET domain
Q9NY57	[338, 362]	Phosphorylase Kinase; domain 1
Q9P218	[613, 641]	Immunoglobulins
Q9P218	[1025, 1068]	-
Q9Y620	[600, 617]	SWI2/SNF2 ATPases, N-terminal domain
A0A1B0GWH4	[143, 183]	Winged helix-like DNA-binding domain superfamily/Winged helix DNA-binding domain
P56880	[99, 118]	-
Q08380	[99, 133]	SRCR-like domain
Q14188	[129, 160]	Winged helix-like DNA-binding domain superfamily/Winged helix DNA-binding domain
Q15027	[408, 434]	Arf GTPase activating protein
Q15027	[599, 616]	Ankyrin repeat-containing domain
Q32P44	[295, 324]	YVTN repeat-like/Quinoprotein amine dehydrogenase
Q5T6C5	[237, 277]	-
Q8NFW8	[373, 409]	HAD superfamily/HAD-like
Q92696	[334, 361]	Protein prenylyltransferase
Q96GF1	[32, 88]	Zinc/RING finger domain, C3HC4 (zinc finger)
Q9BUK0	[13, 48]	CytochromE C oxidase copper chaperone
A0A0A0MT36	[73, 99]	Immunoglobulins
O60637	[141, 197]	Tetraspanin
O60936	[66, 96]	Death Domain, Fas
O75882	[245, 332]	Laminin
P01569	[17, 32]	-
P03952	[563, 582]	Trypsin-like serine proteases
P54762	[246, 326]	Tumor Necrosis Factor Receptor, subunit A, domain 2
P54762	[348, 384]	Immunoglobulins
P57773	[48, 64]	Gap junction channel protein cysteine-rich domain
Q16288	[23, 56]	Ribonuclease Inhibitor
Q6ZVH7	[270, 334]	Ankyrin repeat-containing domain
Q7Z410	[134, 211]	Low-density Lipoprotein Receptor
Q7Z410	[931, 949]	Trypsin-like serine proteases
Q86WV1	[168, 195]	Pleckstrin-homology domain (PH domain)/Phosphotyrosine-binding domain (PTB)
Q8IUC6	[127, 144]	-
Q8NB46	[473, 531]	Ankyrin repeat-containing domain
Q96IG2	[408, 426]	Ribonuclease Inhibitor
Q9BVT8	[153, 171]	Phosphatidylinositol 3-kinase Catalytic Subunit; Chain A, domain 1
O00482	[69, 166]	Erythroid Transcription Factor GATA-1, subunit A
O14745	[1, 38]	-
O15393	[105, 146]	Low-density Lipoprotein Receptor
O43918	[294, 349]	Zinc/RING finger domain, C3HC4 (zinc finger)
P02776	[33, 64]	-
P04085	[90, 190]	Cystine-knot cytokines
P08476	[238, 256]	-
P08476	[343, 363]	Cystine-knot cytokines
P20231	[209, 229]	Trypsin-like serine proteases
P32926	[233, 268]	Cadherins
P32926	[777, 806]	TCF3-CBD (Catenin binding domain)
P33151	[568, 595]	Cadherins
P35670	[351, 420]	-
P35670	[1075, 1094]	Calcium-transporting ATPase, cytoplasmic domain N
P43121	[138, 168]	Immunoglobulins
P49619	[310, 385]	-
P78332	[539, 572]	-
Q00987	[302, 334]	Zn-finger domain of Sec23/24
Q00987	[433, 490]	Zinc/RING finger domain, C3HC4 (zinc finger)
Q05655	[183, 218]	-
Q07108	[65, 82]	Mannose-Binding Protein A, subunit A
Q14644	[19, 45]	C2 domain
Q14644	[698, 724]	Pleckstrin-homology domain (PH domain)/Phosphotyrosine-binding domain (PTB)
Q16822	[409, 439]	-
Q8N2S1	[152, 191]	Laminin
Q8NI32	[47, 156]	CD59
Q8WU90	[78, 148]	Zinc finger, CCCH-type
Q96PR1	[17, 40]	Potassium Channel Kv1.1; Chain A
Q9BXR5	[23, 43]	Ribonuclease Inhibitor
Q9NR12	[56, 77]	-
Q9NR12	[273, 290]	Cysteine Rich Protein
Q9NWS9	[332, 350]	Classic Zinc Finger
Q9NYH9	[294, 313]	Tetratricopeptide repeat domain
Q9UJW8	[68, 84]	-
Q9UPY3	[628, 664]	Dicer dimerisation domain
Q9UPY3	[1493, 1553]	Ribonuclease III domain
O15446	[30, 66]	-
P18754	[37, 67]	Regulator of chromosome condensation 1/beta-lactamase-inhibitor protein II
P20718	[124, 141]	Trypsin-like serine proteases
P22059	[512, 531]	-
P25054	[424, 449]	Leucine-rich Repeat Variant
P41732	[162, 218]	Tetraspanin
P59282	[8, 54]	EF-hand
P68133	[7, 44]	-
P84550	[131, 172]	Ski
P84550	[189, 212]	SAND domain-like
Q32MK0	[497, 535]	Phosphorylase Kinase; domain 1
Q8WWQ8	[1565, 1601]	Laminin
Q96II8	[670, 730]	Calponin-like domain
Q99250	[333, 352]	-
Q99698	[2965, 3060]	Pleckstrin-homology domain (PH domain)/Phosphotyrosine-binding domain (PTB)
Q9HBE4	[58, 89]	Interleukin-15/Interleukin-21
Q9UMR7	[79, 117]	Mannose-Binding Protein A, subunit A
I1YAP6	[0, 66]	Zinc/RING finger domain, C3HC4 (zinc finger)
P01854	[0, 27]	Immunoglobulins
P08217	[207, 222]	Trypsin-like serine proteases
P21860	[11, 37]	Receptor L-domain
P21860	[173, 351]	Hormone Receptor, Insulin-like Growth Factor Receptor 1; Chain A, domain 2
P22749	[36, 144]	Saposin-like
P54132	[1054, 1075]	P-loop containing nucleotide triphosphate hydrolases
Q00403	[11, 55]	-
Q07869	[93, 188]	Erythroid Transcription Factor GATA-1, subunit A
Q2TBC4	[169, 212]	Cysteine Rich Protein
Q5VYS8	[1330, 1382]	Zinc finger, CCHC-type
Q8TBB1	[5, 36]	Zinc/RING finger domain, C3HC4 (zinc finger)
Q96PL5	[405, 424]	-
Q9BQI9	[207, 275]	Acid Proteases
C9JLJ4	[79, 134]	Cysteine proteinases
P0CW19	[60, 116]	Cysteine Rich Protein
P31150	[384, 421]	FAD/NAD(P)-binding domain
P49841	[321, 371]	Transferase(Phosphotransferase) domain 1
Q13239	[167, 183]	SH2 domain
Q13705	[20, 66]	CD59
Q4LE39	[207, 224]	-
Q5T4F4	[330, 410]	Zinc/RING finger domain, C3HC4 (zinc finger)
Q76G19	[146, 164]	-
Q7RTU7	[123, 143]	Helix-loop-helix DNA-binding domain
Q8IZF0	[217, 252]	-
Q8N8V4	[93, 147]	Ankyrin repeat-containing domain
Q8TDP1	[12, 35]	-
Q96DX5	[182, 229]	Ankyrin repeat-containing domain
Q96DX5	[268, 285]	SOCS box
Q9BZS1	[185, 299]	-
Q9H1K6	[54, 85]	Talin, central domain
Q9NRL2	[1148, 1201]	Zinc/RING finger domain, C3HC4 (zinc finger)
Q9NX58	[0, 65]	-
A8MXY4	[146, 208]	Classic Zinc Finger
M0QZD8	[188, 209]	Lipovitellin; beta-sheet shell regions, chain A
P00533	[173, 351]	Hormone Receptor, Insulin-like Growth Factor Receptor 1; Chain A, domain 2
P04090	[159, 184]	Insulin-like
P18887	[0, 26]	Galactose-binding domain-like
P22413	[589, 649]	Extracellular Endonuclease, subunit A
P46199	[634, 655]	Translation factors
P47756	[0, 16]	-
Q00653	[106, 139]	Rel homology domain (RHD), DNA-binding domain
Q6UXS0	[146, 185]	Mannose-Binding Protein A, subunit A
Q6ZQY2	[48, 176]	Ribonuclease Inhibitor
Q7Z5J4	[1851, 1905]	Zinc/RING finger domain, C3HC4 (zinc finger)
Q86VF7	[0, 25]	Cysteine Rich Protein
Q86WI3	[613, 636]	Ribonuclease Inhibitor
Q8IZ52	[283, 330]	-
Q8TDZ2	[687, 756]	Cysteine Rich Protein
Q8WXA8	[349, 370]	Neurotransmitter-gated ion-channel transmembrane domain
Q93008	[1717, 1736]	Cysteine proteinases
Q96FC9	[241, 296]	P-loop containing nucleotide triphosphate hydrolases
Q96KQ7	[919, 999]	SET domain
Q96PQ0	[652, 771]	-
Q96RN1	[601, 650]	STAS domain
Q9BVI0	[643, 698]	Zinc/RING finger domain, C3HC4 (zinc finger)
Q9H4Q3	[12, 29]	SET domain
Q9H4Q3	[568, 651]	Classic Zinc Finger
Q9NRD9	[1514, 1546]	Nucleotide-binding domain of ferredoxin-NADP reductase (FNR) module
Q9NV70	[21, 43]	-
Q9NYA4	[1101, 1183]	Zinc/RING finger domain, C3HC4 (zinc finger)
Q9UPP1	[31, 101]	Cupin
A0AVT1	[582, 623]	NAD(P)-binding Rossmann-like Domain
A1KZ92	[302, 320]	Immunoglobulins
A1KZ92	[708, 739]	Haem peroxidase domain superfamily, animal type
A1KZ92	[1397, 1458]	-
E7ERA6	[44, 151]	Zinc/RING finger domain, C3HC4 (zinc finger)
O60609	[208, 334]	GDNF binding domain
O75954	[154, 184]	Tetraspanin
O94907	[173, 265]	Lipase, subunit A
P10828	[87, 182]	Erythroid Transcription Factor GATA-1, subunit A
P43250	[89, 115]	Phosphorylase Kinase; domain 1
P59047	[978, 994]	Ribonuclease Inhibitor
Q14142	[13, 64]	Classic Zinc Finger
Q15047	[730, 797]	SET domain
Q504Q3	[634, 671]	Cysteine proteinases
Q5JRX3	[297, 322]	Metalloenzyme, LuxS/M16 peptidase-like
Q6ZMM2	[41, 92]	Thrombospondin type-1 (TSP1) repeat
Q6ZMM2	[358, 376]	-
Q6ZNL6	[1261, 1309]	Zinc/RING finger domain, C3HC4 (zinc finger)
Q8N3P4	[287, 306]	YVTN repeat-like/Quinoprotein amine dehydrogenase
Q8N3P4	[1290, 1321]	Zinc/RING finger domain, C3HC4 (zinc finger)
Q92670	[262, 301]	Classic Zinc Finger
Q96JM2	[428, 497]	Classic Zinc Finger
Q9BSK4	[278, 297]	Tetratricopeptide repeat domain
Q9BUD6	[270, 330]	Thrombospondin type-1 (TSP1) repeat
Q9C030	[0, 73]	Zinc/RING finger domain, C3HC4 (zinc finger)
Q9C037	[0, 133]	Zinc/RING finger domain, C3HC4 (zinc finger)
Q9C0A0	[21, 46]	Galactose-binding domain-like
Q9C0A0	[563, 596]	-
Q9C0A0	[935, 999]	Laminin
Q9NQ86	[45, 71]	Zinc/RING finger domain, C3HC4 (zinc finger)
Q9NZH6	[175, 210]	-
Q9UBR4	[50, 99]	Cysteine Rich Protein
A4QPH2	[217, 311]	Phosphatidylinositol 3-kinase Catalytic Subunit; Chain A, domain 4
A6NK58	[40, 65]	Bira Bifunctional Protein; Domain 2
P03971	[477, 503]	Cystine-knot cytokines
P43632	[129, 199]	Immunoglobulins
P52333	[1081, 1122]	Transferase(Phosphotransferase) domain 1
P68106	[0, 25]	-
Q02985	[235, 300]	Complement Module, domain 1
Q05084	[101, 129]	Arfaptin homology (AH) domain/BAR domain
Q86VB7	[127, 157]	SRCR-like domain
Q86WB7	[162, 195]	MFS general substrate transporter like domains
Q8IUD6	[20, 84]	Zinc/RING finger domain, C3HC4 (zinc finger)
Q8IUD6	[247, 284]	-
Q8IUQ4	[32, 143]	Zinc/RING finger domain, C3HC4 (zinc finger)
Q969P0	[318, 352]	Immunoglobulins
Q9HCC9	[775, 886]	Zinc/RING finger domain, C3HC4 (zinc finger)
Q9NQE9	[35, 72]	HIT-like
Q9NR16	[657, 681]	SRCR-like domain
P05107	[15, 80]	ligand-binding face of the semaphorins, domain 2
P15814	[171, 194]	Immunoglobulins
P23769	[287, 393]	Erythroid Transcription Factor GATA-1, subunit A
P56730	[99, 115]	Plasminogen Kringle 4
P56730	[354, 382]	SRCR-like domain
P56730	[790, 831]	Trypsin-like serine proteases
Q04771	[22, 56]	CD59
Q0VAM2	[9, 28]	Son of sevenless (SoS) protein Chain: S domain 1
Q14526	[417, 459]	Classic Zinc Finger
Q15493	[0, 21]	TolB, C-terminal domain
Q2I0M4	[35, 70]	Ribonuclease Inhibitor
Q86XT4	[0, 26]	Zinc/RING finger domain, C3HC4 (zinc finger)
Q86XT4	[118, 138]	Classic Zinc Finger
Q8IWR0	[842, 935]	Classic Zinc Finger
Q8N149	[276, 301]	Immunoglobulins
Q8N1W1	[651, 711]	-
Q8N8N0	[0, 63]	Zinc/RING finger domain, C3HC4 (zinc finger)
Q8NCM8	[4224, 4306]	-
Q93033	[631, 662]	Immunoglobulins
Q96RP8	[0, 21]	Potassium Channel Kv1.1; Chain A
Q9HB15	[27, 48]	-
Q9NVN3	[296, 321]	Leucine-rich Repeat Variant
A6NDY0	[140, 157]	-
A6NED2	[131, 155]	Regulator of chromosome condensation 1/beta-lactamase-inhibitor protein II
C9JSJ3	[538, 596]	High mobility group box domain
O00519	[237, 278]	Amidase signature (AS) domain
O75694	[643, 658]	-
P01861	[22, 116]	Immunoglobulins
P05981	[337, 368]	Trypsin-like serine proteases
P17480	[290, 327]	High mobility group box domain
P62508	[95, 211]	Erythroid Transcription Factor GATA-1, subunit A
Q01101	[257, 317]	Classic Zinc Finger
Q15788	[183, 230]	PAS domain
Q3SY69	[447, 466]	Aldehyde Dehydrogenase; Chain A, domain 1
Q8IZF2	[962, 999]	-
Q9BXL7	[41, 60]	Death Domain, Fas
Q9HCE3	[599, 622]	Classic Zinc Finger
Q9NRM2	[159, 174]	Classic Zinc Finger
Q9Y330	[325, 342]	Classic Zinc Finger
A0A0B4J1T7	[11, 120]	CD59
O15394	[214, 232]	Immunoglobulins
O60241	[873, 928]	-
O60241	[1113, 1150]	Rhodopsin 7-helix transmembrane proteins
O96028	[458, 485]	High mobility group box domain
O96028	[1000, 1067]	SET domain
O96028	[1236, 1331]	Zinc/RING finger domain, C3HC4 (zinc finger)
P06681	[461, 478]	Trypsin-like serine proteases
P21741	[33, 127]	Pleiotrophin/Midkine, N-terminal domain
P35858	[33, 57]	Ribonuclease Inhibitor
P51452	[4, 31]	Protein tyrosine phosphatase superfamily
Q14008	[584, 610]	Leucine-rich Repeat Variant
Q14186	[118, 138]	Winged helix-like DNA-binding domain superfamily/Winged helix DNA-binding domain
Q53GL0	[70, 86]	Pleckstrin-homology domain (PH domain)/Phosphotyrosine-binding domain (PTB)
Q5HYC2	[132, 147]	Bromodomain-like
Q5TD97	[245, 283]	Cysteine Rich Protein
Q86VM9	[220, 258]	Zinc finger, CCCH-type
Q8IVH2	[306, 335]	-
Q8IYR2	[136, 157]	Tetratricopeptide repeat domain
Q8IYR2	[286, 321]	-
Q8WWV6	[76, 97]	Immunoglobulins
Q92540	[125, 151]	Tetratricopeptide repeat domain
Q96SC8	[65, 98]	DM DNA-binding domain
Q9Y4C0	[188, 257]	Laminin
P08709	[99, 205]	Laminin
P08709	[388, 406]	Trypsin-like serine proteases
P15927	[199, 225]	Winged helix-like DNA-binding domain superfamily/Winged helix DNA-binding domain
P16455	[9, 35]	Methylated DNA-protein cysteine methyltransferase domain
P32927	[68, 98]	Immunoglobulins
P34059	[298, 314]	Alkaline Phosphatase, subunit A
P53420	[1492, 1507]	Collagen IV, non-collagenous
P98174	[726, 813]	Zinc/RING finger domain, C3HC4 (zinc finger)
Q13625	[6, 36]	Phosphatidylinositol 3-kinase Catalytic Subunit; Chain A, domain 1
Q14508	[30, 123]	Elafin-like
Q16819	[274, 305]	-
Q16819	[662, 718]	Laminin
Q5T1H1	[515, 596]	Laminin
Q5U5R9	[740, 761]	Hect, E3 ligase catalytic domain
Q5VYX0	[33, 67]	-
Q6IQ16	[333, 354]	-
Q6ZSG1	[287, 345]	Zinc/RING finger domain, C3HC4 (zinc finger)
Q70CQ3	[216, 311]	Cysteine proteinases
Q70EK9	[221, 241]	Zinc/RING finger domain, C3HC4 (zinc finger)
Q70EK9	[467, 528]	Cysteine proteinases
Q7RTY8	[771, 800]	Trypsin-like serine proteases
Q86UV5	[261, 280]	Cysteine proteinases
Q86VH2	[181, 198]	Kinesin motor domain
Q96BS2	[155, 178]	EF-hand
Q96P47	[832, 849]	Ankyrin repeat-containing domain
Q9P016	[46, 65]	ph1033 like domains
Q9UBS4	[153, 228]	Urease metallochaperone UreE, N-terminal domain
Q9Y2K6	[12, 73]	Zinc/RING finger domain, C3HC4 (zinc finger)
O75509	[51, 211]	Tumor Necrosis Factor Receptor, subunit A, domain 2
O75764	[166, 220]	Transcription elongation factor S-II, central domain
O75764	[294, 347]	-
O95872	[206, 234]	Ankyrin repeat-containing domain
P08174	[74, 129]	Complement Module, domain 1
P30613	[384, 409]	Phosphoenolpyruvate-binding domains
P35557	[436, 464]	-
Q13835	[496, 539]	Leucine-rich Repeat Variant
Q5FWF4	[621, 652]	Zn-finger domain of Sec23/24
Q5FWF4	[1016, 1059]	-
Q8IV20	[393, 411]	CNF1/YfiH-like putative cysteine hydrolases
Q8N1W2	[554, 603]	Classic Zinc Finger
Q8TEU7	[92, 133]	Jelly Rolls
Q9BU89	[229, 299]	Leucine-rich Repeat Variant
Q9H5V7	[119, 162]	Classic Zinc Finger
Q9P0M4	[110, 153]	Cystine-knot cytokines
Q9P2E8	[151, 203]	Zinc/RING finger domain, C3HC4 (zinc finger)
Q9UIC8	[20, 37]	Vaccinia Virus protein VP39
Q9Y2Y4	[368, 445]	Classic Zinc Finger
Q9Y483	[100, 162]	Zinc/RING finger domain, C3HC4 (zinc finger)
Q9Y581	[144, 206]	Insulin-like
A0A1B0GX51	[98, 114]	Immunoglobulins
O14773	[512, 542]	Peptidase S8/S53 domain
O14964	[152, 227]	Zinc/RING finger domain, C3HC4 (zinc finger)
O75554	[0, 35]	Classic Zinc Finger
P02461	[26, 88]	Complement Module, domain 1
P02461	[1228, 1275]	-
P09455	[73, 107]	-
P30530	[146, 252]	Immunoglobulins
Q12933	[19, 238]	Zinc/RING finger domain, C3HC4 (zinc finger)
Q13241	[133, 178]	Mannose-Binding Protein A, subunit A
Q13637	[140, 166]	P-loop containing nucleotide triphosphate hydrolases
Q14721	[53, 84]	Potassium Channel Kv1.1; Chain A
Q8IY37	[597, 612]	P-loop containing nucleotide triphosphate hydrolases
Q8N5C8	[1, 73]	DNA helicase RuvA subunit, C-terminal domain
Q8NDX5	[773, 828]	-
Q8WXH0	[6072, 6122]	-
Q9BYV1	[216, 265]	Type I PLP-dependent aspartate aminotransferase-like (Major domain)
Q9UPQ3	[604, 642]	Arf GTPase activating protein
O15254	[411, 433]	Butyryl-CoA Dehydrogenase, subunit A, domain 3
O15523	[168, 186]	P-loop containing nucleotide triphosphate hydrolases
O43257	[94, 153]	-
P01860	[13, 52]	Immunoglobulins
P02795	[0, 59]	Metallothionein Isoform II
P12318	[92, 108]	Immunoglobulins
P20908	[1611, 1690]	-
P33992	[163, 217]	-
P54105	[110, 133]	Pleckstrin-homology domain (PH domain)/Phosphotyrosine-binding domain (PTB)
Q10588	[147, 172]	NAD(P)-binding Rossmann-like Domain
Q13263	[56, 93]	Zinc/RING finger domain, C3HC4 (zinc finger)
Q14005	[1243, 1265]	-
Q14118	[255, 276]	Dystroglycan, domain 2
Q5VST9	[109, 140]	Immunoglobulins
Q5VST9	[7900, 7934]	Transferase(Phosphotransferase) domain 1
Q6UW15	[36, 53]	Mannose-Binding Protein A, subunit A
Q8N104	[19, 64]	Antimicrobial Peptide, Beta-defensin 2; Chain A
Q8N5P1	[184, 222]	-
Q8WV22	[192, 250]	Zinc/RING finger domain, C3HC4 (zinc finger)
Q99523	[441, 464]	YVTN repeat-like/Quinoprotein amine dehydrogenase
Q99523	[669, 724]	-
Q9H5L6	[33, 80]	THAP domain
Q9NQT5	[52, 76]	-
O95292	[78, 129]	Immunoglobulins
P04278	[203, 229]	-
P28347	[307, 325]	-
P42701	[165, 213]	Immunoglobulins
P58294	[12, 104]	Lipase, subunit A
Q04206	[67, 150]	Rel homology domain (RHD), DNA-binding domain
Q5T6F2	[60, 104]	DNA helicase RuvA subunit, C-terminal domain
Q7Z7A3	[2, 26]	HUPs
Q8TEY7	[29, 96]	Zinc/RING finger domain, C3HC4 (zinc finger)
Q92791	[74, 97]	Tetratricopeptide repeat domain
Q93098	[218, 334]	-
Q9BX84	[1967, 2000]	MHCK/EF2 kinase
Q9C0B9	[1137, 1154]	Zinc finger, CCHC-type
Q9H1Z9	[226, 259]	Tetraspanin
Q9UBM4	[116, 147]	Ribonuclease Inhibitor
Q9UDY8	[711, 738]	-
O15235	[53, 132]	Nucleic acid-binding proteins
O60500	[96, 117]	Immunoglobulins
P10720	[36, 66]	-
P14770	[9, 29]	Ribonuclease Inhibitor
P16112	[2281, 2373]	Mannose-Binding Protein A, subunit A
P16112	[2435, 2508]	Complement Module, domain 1
P19876	[68, 92]	-
P34896	[373, 405]	Aspartate Aminotransferase, domain 1
Q14563	[502, 587]	ligand-binding face of the semaphorins, domain 2
Q15413	[1275, 1312]	-
Q15669	[126, 142]	P-loop containing nucleotide triphosphate hydrolases
Q6UXM1	[43, 68]	Ribonuclease Inhibitor
Q6UXM1	[503, 525]	Immunoglobulins
Q8IZF6	[2381, 2443]	GPCR, family 2, extracellular hormone receptor domain
Q8IZP7	[169, 194]	P-loop containing nucleotide triphosphate hydrolases
Q8N488	[21, 61]	Zinc finger, RanBP2-type
Q8NBF1	[187, 206]	Classic Zinc Finger
Q8TEQ6	[3, 23]	YVTN repeat-like/Quinoprotein amine dehydrogenase
Q96NW4	[694, 748]	Ankyrin repeat-containing domain
Q9BQS6	[97, 138]	-
P01127	[107, 185]	Cystine-knot cytokines
P05166	[517, 535]	2-enoyl-CoA Hydratase; Chain A, domain 1
P40313	[192, 216]	Trypsin-like serine proteases
P41091	[90, 119]	P-loop containing nucleotide triphosphate hydrolases
P43628	[166, 206]	Immunoglobulins
Q12767	[1187, 1204]	Calcium-transporting ATPase, transmembrane domain
Q1W4C9	[27, 88]	-
Q6PI73	[81, 102]	Immunoglobulins
Q6UXK5	[25, 45]	Ribonuclease Inhibitor
Q8N895	[240, 261]	Classic Zinc Finger
Q8N9S9	[282, 301]	Pleckstrin-homology domain (PH domain)/Phosphotyrosine-binding domain (PTB)
Q8NA82	[644, 686]	Zinc/RING finger domain, C3HC4 (zinc finger)
Q8WYA1	[268, 314]	PAS domain
Q92743	[35, 152]	-
Q96G61	[4, 20]	Nucleoside Triphosphate Pyrophosphohydrolase
Q96SL8	[195, 248]	Classic Zinc Finger
Q9H0M4	[245, 300]	-
Q9H195	[13103, 13195]	Laminin
Q9H4E7	[245, 309]	Pleckstrin-homology domain (PH domain)/Phosphotyrosine-binding domain (PTB)
Q9NZS9	[29, 46]	Zinc/RING finger domain, C3HC4 (zinc finger)
Q9Y263	[0, 21]	YVTN repeat-like/Quinoprotein amine dehydrogenase
Q9Y2I7	[142, 226]	Zinc/RING finger domain, C3HC4 (zinc finger)
O14686	[5019, 5045]	Zinc/RING finger domain, C3HC4 (zinc finger)
O15344	[0, 19]	Zinc/RING finger domain, C3HC4 (zinc finger)
O15344	[106, 188]	-
O60636	[135, 176]	Tetraspanin
P00748	[475, 590]	Trypsin-like serine proteases
P00750	[405, 445]	Trypsin-like serine proteases
P03372	[176, 258]	Erythroid Transcription Factor GATA-1, subunit A
P0DUB6	[143, 173]	Glycosidases
P21941	[224, 275]	Laminin
P22570	[332, 357]	NAD(P)-binding Rossmann-like Domain
P26232	[823, 862]	Alpha-catenin/vinculin-like
P43320	[21, 60]	Crystallins
P43629	[83, 101]	Immunoglobulins
P43631	[166, 202]	Immunoglobulins
P47895	[32, 71]	Aldehyde Dehydrogenase; Chain A, domain 1
P49759	[146, 161]	Phosphorylase Kinase; domain 1
Q13158	[83, 98]	Death Domain, Fas
Q5TFG8	[6, 48]	Classic Zinc Finger
Q6PJE2	[64, 101]	Zona pellucida, ZP-C domain
Q6Q0C0	[118, 169]	Zinc/RING finger domain, C3HC4 (zinc finger)
Q7Z3G6	[116, 150]	Cysteine Rich Protein
Q7Z736	[670, 720]	Pleckstrin-homology domain (PH domain)/Phosphotyrosine-binding domain (PTB)
Q86SJ2	[29, 50]	Ribonuclease Inhibitor
Q86XP0	[681, 703]	Cytosolic phospholipase A2 catalytic domain
Q8NEZ4	[327, 355]	Zinc/RING finger domain, C3HC4 (zinc finger)
Q8NEZ4	[4885, 4910]	SET domain
Q8TDW5	[49, 107]	Zinc/RING finger domain, C3HC4 (zinc finger)
Q96G91	[169, 195]	Rhodopsin 7-helix transmembrane proteins
Q9BQS8	[1195, 1233]	Zinc/RING finger domain, C3HC4 (zinc finger)
Q9P2S2	[681, 712]	Laminin
Q9ULK6	[81, 110]	-
Q9ULK6	[252, 281]	Zinc/RING finger domain, C3HC4 (zinc finger)
Q9Y5Z0	[441, 468]	Acid Proteases
A6NDA9	[22, 48]	Ribonuclease Inhibitor
P20783	[144, 163]	Cystine-knot cytokines
P21817	[4946, 4969]	-
P23467	[1352, 1376]	Immunoglobulins
P23467	[1674, 1691]	Protein tyrosine phosphatase superfamily
P38936	[0, 78]	p27
P41182	[645, 688]	Classic Zinc Finger
P43378	[316, 347]	Protein tyrosine phosphatase superfamily
P51884	[22, 56]	Ribonuclease Inhibitor
P52732	[19, 57]	Kinesin motor domain
P54252	[0, 28]	-
Q13285	[0, 104]	Erythroid Transcription Factor GATA-1, subunit A
Q16787	[72, 131]	Galactose-binding domain-like
Q6DD87	[274, 292]	Classic Zinc Finger
Q8IWB7	[312, 333]	Zinc/RING finger domain, C3HC4 (zinc finger)
Q8N228	[83, 128]	SLED domain
Q8N441	[199, 235]	Immunoglobulins
Q8TDE3	[40, 130]	Ribonuclease A-like domain
Q9BVH7	[81, 140]	Glycosyl transferase family 29
Q9H8W5	[0, 47]	Zinc/RING finger domain, C3HC4 (zinc finger)
Q9H8W5	[82, 240]	Classic Zinc Finger
Q9HBF4	[593, 666]	Zinc/RING finger domain, C3HC4 (zinc finger)
Q9P0K8	[119, 139]	Winged helix-like DNA-binding domain superfamily/Winged helix DNA-binding domain
Q9UKZ4	[1472, 1496]	TolB, C-terminal domain
Q9UM47	[1331, 1502]	-
Q9UM47	[1787, 1828]	Ankyrin repeat-containing domain
O60359	[38, 84]	-
P04196	[82, 115]	-
P0DTU3	[164, 230]	Immunoglobulins
P16234	[422, 443]	Immunoglobulins
Q0D2K5	[0, 154]	Tie2 ligand-binding domain superfamily
Q13253	[166, 231]	Cystine-knot cytokines
Q15303	[171, 354]	Hormone Receptor, Insulin-like Growth Factor Receptor 1; Chain A, domain 2
Q16568	[68, 115]	CART, C-terminal domain
Q6P179	[495, 521]	Neutral Protease Domain 2
Q6RFH5	[38, 57]	YVTN repeat-like/Quinoprotein amine dehydrogenase
Q86VH4	[27, 58]	Ribonuclease Inhibitor
Q86X76	[166, 193]	Carbon-nitrogen hydrolase
Q8IZD2	[109, 179]	Zinc/RING finger domain, C3HC4 (zinc finger)
Q8WXI4	[199, 225]	Hotdog Thioesterase
Q93099	[368, 386]	Jelly Rolls
Q96BD0	[198, 219]	MFS general substrate transporter like domains
Q96BD0	[502, 575]	-
Q96KR1	[327, 356]	Classic Zinc Finger
Q96QE5	[126, 151]	Ribonuclease H-like superfamily/Ribonuclease H
Q9GZU2	[602, 654]	Classic Zinc Finger
Q9NP62	[54, 128]	GCM motif
Q9NZP8	[100, 139]	Spermadhesin, CUB domain
Q9NZP8	[182, 251]	Complement Module, domain 1
Q9UDR5	[331, 413]	NAD(P)-binding Rossmann-like Domain
Q9UHD0	[119, 144]	-
Q9UHF7	[663, 720]	Classic Zinc Finger
Q9UHF7	[886, 943]	Erythroid Transcription Factor GATA-1, subunit A
Q9Y5L3	[67, 88]	-
Q9Y5L3	[284, 314]	Exopolyphosphatase. Domain 2
A0A1W2PQD8	[107, 146]	-
A6NC86	[14, 51]	CD59
O15353	[327, 358]	Winged helix-like DNA-binding domain superfamily/Winged helix DNA-binding domain
O60312	[433, 458]	Calcium-transporting ATPase, cytoplasmic domain N
O60312	[933, 950]	HAD superfamily/HAD-like
O95996	[388, 415]	Leucine-rich Repeat Variant
P01344	[19, 36]	Insulin-like
P49223	[43, 81]	Pancreatic trypsin inhibitor Kunitz domain
Q13506	[191, 209]	NAB conserved domain 2
Q13907	[68, 111]	Nucleoside Triphosphate Pyrophosphohydrolase
Q86VZ4	[327, 352]	Low-density Lipoprotein Receptor
Q8N6G6	[32, 100]	Thrombospondin type-1 (TSP1) repeat
Q8TE60	[494, 511]	-
Q8TE60	[589, 657]	Thrombospondin type-1 (TSP1) repeat
Q92871	[226, 260]	HAD superfamily/HAD-like
Q969H4	[197, 263]	-
Q969H4	[395, 410]	Pleckstrin-homology domain (PH domain)/Phosphotyrosine-binding domain (PTB)
Q9BW19	[477, 511]	Kinesin motor domain
Q9H977	[300, 315]	YVTN repeat-like/Quinoprotein amine dehydrogenase
Q9HC38	[14, 32]	2,3-Dihydroxybiphenyl 1,2-Dioxygenase, domain 1
Q9NSV4	[643, 681]	-
Q9UM07	[157, 184]	Protein-arginine deiminase, central domain
B2RTY4	[2030, 2058]	-
O75382	[10, 176]	Zinc/RING finger domain, C3HC4 (zinc finger)
P01834	[75, 99]	Immunoglobulins
P23771	[260, 361]	Erythroid Transcription Factor GATA-1, subunit A
P46459	[8, 32]	-
P54922	[96, 127]	ADP-ribosylation/Crystallin J1
P78552	[89, 119]	Immunoglobulins
Q00888	[389, 406]	Immunoglobulins
Q05513	[117, 184]	-
Q07866	[421, 473]	Tetratricopeptide repeat domain
Q63HR2	[37, 86]	-
Q63HR2	[1237, 1308]	Pleckstrin-homology domain (PH domain)/Phosphotyrosine-binding domain (PTB)
Q6ZMJ4	[183, 204]	Interleukin-34
Q92854	[362, 381]	YVTN repeat-like/Quinoprotein amine dehydrogenase
Q92854	[501, 570]	ligand-binding face of the semaphorins, domain 2
Q96A37	[25, 218]	Zinc/RING finger domain, C3HC4 (zinc finger)
Q96NS5	[233, 320]	Ankyrin repeat-containing domain
Q99487	[1, 18]	alpha/beta hydrolase
Q9BX67	[132, 168]	Immunoglobulins
Q9H4P4	[0, 67]	Zinc/RING finger domain, C3HC4 (zinc finger)
Q9P1U1	[0, 38]	-
Q9P2Y4	[59, 110]	Classic Zinc Finger
Q9UDV6	[305, 342]	Classic Zinc Finger
Q9UQD0	[314, 352]	-
Q9Y3I0	[468, 504]	tRNA-splicing ligase RtcB
Q9Y5B0	[81, 144]	-
Q9Y6T7	[316, 382]	-
A6NM43	[248, 270]	GroEL-like equatorial domain
O00305	[85, 116]	SH3 Domains
O43255	[71, 173]	Zinc/RING finger domain, C3HC4 (zinc finger)
O60902	[186, 215]	Homeodomain-like
P00734	[84, 302]	Plasminogen Kringle 4
P00734	[313, 347]	Thrombin light chain domain
P05556	[3, 74]	ligand-binding face of the semaphorins, domain 2
P05556	[198, 218]	ntegrin, alpha v. Chain A, domain 3
Q01484	[983, 998]	-
Q12873	[366, 429]	Zinc/RING finger domain, C3HC4 (zinc finger)
Q4G0W2	[82, 111]	Protein tyrosine phosphatase superfamily
Q6UW60	[329, 376]	Peptidase S8/S53 domain
Q6UW60	[585, 676]	Hormone Receptor, Insulin-like Growth Factor Receptor 1; Chain A, domain 2
Q96RI1	[78, 225]	Erythroid Transcription Factor GATA-1, subunit A
Q9H324	[825, 918]	Thrombospondin type-1 (TSP1) repeat
Q9P2J2	[199, 220]	Immunoglobulins
Q9Y6L6	[445, 510]	-
A6NMB1	[293, 313]	Immunoglobulins
A6NMB9	[377, 403]	P-loop containing nucleotide triphosphate hydrolases
A6NMB9	[589, 641]	-
A8MTI9	[225, 251]	Trypsin-like serine proteases
A8MTJ6	[192, 233]	Winged helix-like DNA-binding domain superfamily/Winged helix DNA-binding domain
B1AKI9	[215, 297]	Thrombospondin type-1 (TSP1) repeat
O60603	[23, 48]	Ribonuclease Inhibitor
P02458	[24, 93]	Complement Module, domain 1
P02458	[1258, 1307]	-
P06732	[135, 153]	Glutamine synthetase/guanido kinase, catalytic domain
P08631	[230, 252]	Phosphorylase Kinase; domain 1
P20023	[107, 176]	Complement Module, domain 1
P21675	[36, 62]	TAFII-230 TBP-binding domain
P36980	[100, 215]	Complement Module, domain 1
P50336	[456, 476]	FAD/NAD(P)-binding domain
Q15434	[84, 135]	-
Q3KQV3	[120, 180]	Classic Zinc Finger
Q6NVV9	[166, 237]	Disintegrin domain
Q7Z304	[490, 530]	-
Q8IUN9	[265, 307]	Mannose-Binding Protein A, subunit A
Q92613	[162, 227]	Zinc/RING finger domain, C3HC4 (zinc finger)
Q96JN8	[316, 331]	-
Q9BQ69	[178, 212]	Leucine Aminopeptidase, subunit E, domain 1
Q9BV68	[205, 278]	Zinc/RING finger domain, C3HC4 (zinc finger)
Q9H694	[140, 169]	-
Q9NQ30	[16, 160]	-
Q9NXI6	[29, 64]	Zinc/RING finger domain, C3HC4 (zinc finger)
O14753	[98, 255]	Classic Zinc Finger
O14967	[347, 388]	Calreticulin/calnexin, P domain
O15231	[610, 688]	Cysteine Rich Protein
O43345	[1214, 1233]	Classic Zinc Finger
O43374	[137, 157]	C2 domain
O43374	[690, 716]	Pleckstrin-homology domain (PH domain)/Phosphotyrosine-binding domain (PTB)
P02768	[105, 145]	-
P09429	[5, 49]	High mobility group box domain
P15692	[254, 313]	Cystine-knot cytokines
P15692	[347, 393]	Vascular endothelial growth factor, heparin-binding domain
P51606	[237, 256]	-
Q15916	[284, 312]	Classic Zinc Finger
Q2VWP7	[705, 722]	Immunoglobulins
Q5VYJ5	[212, 290]	-
Q5VYJ5	[427, 487]	Low-density Lipoprotein Receptor
Q70CQ2	[2049, 2075]	Cysteine proteinases
Q8IWS0	[11, 140]	Zinc/RING finger domain, C3HC4 (zinc finger)
Q8N1N0	[559, 576]	Mannose-Binding Protein A, subunit A
Q9BYM8	[260, 333]	Zinc/RING finger domain, C3HC4 (zinc finger)
Q9BYM8	[443, 509]	-
Q9H1B7	[704, 794]	Interferon regulatory factor 2-binding protein
Q9UHI8	[344, 403]	Collagenase (Catalytic Domain)
Q9UHI8	[871, 966]	Thrombospondin type-1 (TSP1) repeat
Q9Y4G6	[538, 579]	Talin, central domain
Q9Y4G6	[693, 760]	Alpha-catenin/vinculin-like
Q9Y4G6	[2390, 2438]	I/LWEQ domain
O14917	[74, 134]	Cadherins
O75928	[221, 240]	PINIT domain
O75928	[406, 426]	Zinc/RING finger domain, C3HC4 (zinc finger)
O94811	[60, 98]	EF-hand
O95602	[50, 76]	RNA polymerase II, clamp domain
O95602	[511, 556]	-
P01308	[80, 109]	Insulin-like
P14866	[443, 569]	-
P16562	[60, 101]	CAP
P16562	[169, 242]	Crisp domain
P23229	[75, 145]	Integrin alpha, N-terminal
P23229	[536, 561]	Integrin domains. Chain A, domain 2
P23229	[762, 781]	ntegrin, alpha v. Chain A, domain 3
P23229	[955, 999]	ntegrin, alpha v. Chain A, domain 4
P40197	[17, 40]	Ribonuclease Inhibitor
P48742	[0, 124]	Cysteine Rich Protein
P50993	[228, 248]	Calcium-transporting ATPase, cytoplasmic transduction domain A
P50993	[346, 365]	Calcium-transporting ATPase, transmembrane domain
P50993	[407, 482]	HAD superfamily/HAD-like
Q13275	[540, 584]	ligand-binding face of the semaphorins, domain 2
Q13275	[602, 636]	Immunoglobulins
Q14119	[63, 104]	Classic Zinc Finger
Q14469	[96, 117]	-
Q2VWA4	[99, 208]	SAND domain-like
Q8IZF7	[393, 430]	-
Q92506	[10, 41]	NAD(P)-binding Rossmann-like Domain
Q93086	[111, 175]	atp-gated p2x4 ion channel
Q96HC4	[409, 426]	Cysteine Rich Protein
Q9BYV2	[51, 91]	Zinc/RING finger domain, C3HC4 (zinc finger)
Q9BYV2	[107, 173]	Classic Zinc Finger
Q9H091	[305, 347]	-
Q9H2P0	[59, 87]	Classic Zinc Finger
Q9NVR0	[71, 104]	Potassium Channel Kv1.1; Chain A
Q9NVR0	[640, 685]	Kelch-type beta propeller
Q9UG22	[48, 65]	P-loop containing nucleotide triphosphate hydrolases
Q9Y616	[419, 451]	Transferase(Phosphotransferase) domain 1
A0A0C4DH68	[31, 48]	Immunoglobulins
O94822	[1732, 1765]	Zinc/RING finger domain, C3HC4 (zinc finger)
P01130	[664, 727]	Laminin
P06400	[833, 855]	-
P07942	[17, 87]	Galactose-binding domain-like
P28325	[96, 122]	-
P32298	[28, 68]	Phosphorylase Kinase; domain 1
P48995	[186, 206]	Ankyrin repeat-containing domain
Q00887	[395, 422]	Immunoglobulins
Q00G26	[239, 273]	Flagellar protein FliS
Q14982	[191, 216]	Immunoglobulins
Q5JPH6	[147, 177]	HUPs
Q6NUI6	[27, 51]	Ribonuclease Inhibitor
Q8N3E9	[567, 592]	Phosphatidylinositol (PI) phosphodiesterase
Q8TDF6	[35, 71]	Son of sevenless (SoS) protein Chain: S domain 1
Q8TDF6	[555, 591]	-
Q96P50	[410, 435]	Arf GTPase activating protein
Q99640	[145, 169]	Phosphorylase Kinase; domain 1
Q99973	[2044, 2083]	YVTN repeat-like/Quinoprotein amine dehydrogenase
Q9BR84	[77, 207]	Classic Zinc Finger
Q9NVM4	[210, 230]	Hnrnp arginine n-methyltransferase1
Q9Y4E5	[754, 838]	Classic Zinc Finger
O43278	[272, 310]	Pancreatic trypsin inhibitor Kunitz domain
O60942	[240, 260]	DNA ligase/mRNA capping enzyme
O75038	[281, 304]	EF-hand
O75038	[668, 709]	Phosphatidylinositol (PI) phosphodiesterase
P14555	[30, 143]	Phospholipase A2 domain
P14598	[68, 98]	Phox-like domain
P16619	[23, 72]	-
P29375	[332, 353]	Cupin
P29375	[1168, 1217]	Zinc/RING finger domain, C3HC4 (zinc finger)
Q02505	[2955, 3041]	Laminin
Q13641	[52, 81]	Ribonuclease Inhibitor
Q13670	[200, 245]	Histidine kinase-like ATPase, C-terminal domain
Q5TCS8	[161, 182]	P-loop containing nucleotide triphosphate hydrolases
Q6Q6R5	[0, 60]	Cysteine Rich Protein
Q8IWU5	[98, 115]	Alkaline Phosphatase, subunit A
Q8N339	[0, 59]	Metallothionein Isoform II
Q8TE57	[907, 955]	Thrombospondin type-1 (TSP1) repeat
Q92908	[382, 483]	Erythroid Transcription Factor GATA-1, subunit A
Q9BQ83	[177, 263]	Zinc/RING finger domain, C3HC4 (zinc finger)
Q9BTV6	[0, 15]	YVTN repeat-like/Quinoprotein amine dehydrogenase
Q9BXM9	[305, 324]	-
Q9Y6H5	[367, 387]	Ankyrin repeat-containing domain
A0A0K0K1E9	[88, 114]	Immunoglobulins
A6NMS7	[823, 864]	Ribonuclease Inhibitor
P0C7P0	[45, 111]	CDGSH iron-sulfur domain, mitoNEET-type
P15088	[235, 278]	Zn peptidases
P47989	[138, 204]	[2Fe-2S]-binding domain
P47989	[565, 594]	Aldehyde oxidase/xanthine dehydrogenase, molybdopterin binding domain
Q92878	[109, 133]	P-loop containing nucleotide triphosphate hydrolases
Q96T68	[258, 365]	SET domain
Q9H6B4	[140, 156]	Immunoglobulins
Q9NX38	[74, 99]	-
Q9NX46	[12, 38]	ADP-ribosylation/Crystallin J1
O94892	[507, 523]	Classic Zinc Finger
P01185	[12, 127]	Neurohypophysial hormone domain
P11308	[329, 345]	Winged helix-like DNA-binding domain superfamily/Winged helix DNA-binding domain
P12110	[590, 608]	6-Phosphogluconate Dehydrogenase, domain 3
P12110	[802, 819]	von Willebrand factor, type A domain
P29728	[663, 706]	2'-5'-oligoadenylate synthetase 1, domain 2
P49763	[73, 140]	Cystine-knot cytokines
P55290	[673, 693]	Cadherins
Q05516	[378, 432]	Classic Zinc Finger
Q5T4W7	[191, 219]	Cystine-knot cytokines
Q6NT76	[297, 321]	Homeodomain-like
Q8IYV9	[216, 238]	Immunoglobulins
Q8NC26	[28, 68]	-
Q8NFZ6	[359, 394]	Rhodopsin 7-helix transmembrane proteins
Q8TDN2	[97, 149]	Potassium Channel Kv1.1; Chain A
Q92466	[43, 67]	-
Q96T51	[636, 707]	Zinc/RING finger domain, C3HC4 (zinc finger)
Q99717	[96, 138]	SMAD MH1 domain
Q9BYC2	[489, 515]	Glutaconate Coenzyme A-transferase
Q9GZZ7	[205, 264]	GDNF binding domain
Q9H4B6	[238, 264]	-
Q9HB63	[22, 90]	Galactose-binding domain-like
Q9UGR2	[131, 161]	Tetratricopeptide repeat domain
Q9Y2X7	[13, 43]	Arf GTPase activating protein
Q9Y697	[292, 309]	Aspartate Aminotransferase, domain 1
A6NM11	[823, 864]	Ribonuclease Inhibitor
O75044	[467, 503]	Rho GTPase activation protein
O75147	[213, 228]	Immunoglobulins
O75369	[172, 202]	Calponin-like domain
O75369	[1075, 1099]	Immunoglobulins
O75792	[16, 45]	Ribonuclease H-like superfamily/Ribonuclease H
P08294	[193, 227]	Superoxide dismutase, copper/zinc binding domain
P10145	[23, 42]	-
P52735	[134, 174]	Calponin-like domain
P52735	[559, 614]	SH3 Domains
P63241	[0, 17]	-
Q16842	[46, 89]	Glycosyl transferase family 29
Q4VX76	[46, 92]	Zinc/RING finger domain, C3HC4 (zinc finger)
Q5MIZ7	[87, 104]	Pleckstrin-homology domain (PH domain)/Phosphotyrosine-binding domain (PTB)
Q8IWN7	[74, 107]	Doublecortin domain
Q8IXV7	[309, 353]	Kelch-type beta propeller
Q8IYD2	[320, 349]	Kelch-type beta propeller
Q96QT4	[1772, 1840]	MHCK/EF2 kinase
Q9BQG2	[290, 313]	-
Q9BVM4	[106, 138]	Gamma-glutamyl cyclotransferase-like
Q9H3R0	[808, 825]	Zinc/RING finger domain, C3HC4 (zinc finger)
Q9NY12	[64, 89]	Probable tRNA pseudouridine synthase domain
Q9Y3Y4	[335, 417]	Zinc/RING finger domain, C3HC4 (zinc finger)
A8MVU1	[41, 75]	Phox-like domain
B2RXF5	[287, 419]	Classic Zinc Finger
O15105	[96, 129]	SMAD MH1 domain
O95551	[21, 67]	DNA helicase RuvA subunit, C-terminal domain
P0DTL6	[126, 242]	Zinc/RING finger domain, C3HC4 (zinc finger)
P49116	[116, 189]	Erythroid Transcription Factor GATA-1, subunit A
Q02487	[662, 685]	Cadherins
Q0D2K2	[235, 261]	-
Q14515	[425, 518]	-
Q6EMK4	[24, 46]	Ribonuclease Inhibitor
Q6EMK4	[406, 449]	Laminin
Q6ZMC9	[51, 68]	Immunoglobulins
Q6ZNA4	[891, 993]	Zinc/RING finger domain, C3HC4 (zinc finger)
Q86TM6	[266, 336]	Zinc/RING finger domain, C3HC4 (zinc finger)
Q86UW8	[212, 228]	Mannose-Binding Protein A, subunit A
Q8IYR6	[55, 146]	-
Q8IYR6	[261, 319]	Laminin
Q92766	[63, 150]	Classic Zinc Finger
Q96RW7	[1261, 1280]	Immunoglobulins
Q99679	[310, 326]	Rhodopsin 7-helix transmembrane proteins
Q9C029	[4, 68]	Zinc/RING finger domain, C3HC4 (zinc finger)
Q9C029	[124, 181]	Classic Zinc Finger
Q9HCE7	[327, 351]	Hect, E3 ligase catalytic domains
Q9ULV8	[350, 409]	Zinc/RING finger domain, C3HC4 (zinc finger)
Q9UPW8	[583, 610]	-
Q9Y2K7	[467, 486]	-
Q9Y2K7	[567, 685]	Zinc/RING finger domain, C3HC4 (zinc finger)
Q9Y6N6	[30, 98]	Galactose-binding domain-like
A0A0C4DH24	[75, 113]	Immunoglobulins
O00186	[502, 519]	-
O00555	[252, 297]	-
P08861	[203, 238]	Trypsin-like serine proteases
P19397	[129, 172]	Tetraspanin
P56975	[282, 350]	Laminin
Q14185	[588, 605]	C2 domain
Q15633	[155, 195]	-
Q1L5Z9	[142, 225]	Zinc/RING finger domain, C3HC4 (zinc finger)
Q2QD12	[0, 18]	Aldolase class I
Q5U5Q3	[602, 658]	Zinc/RING finger domain, C3HC4 (zinc finger)
Q86T13	[27, 55]	Mannose-Binding Protein A, subunit A
Q8TE58	[321, 356]	Collagenase (Catalytic Domain)
Q8TE58	[852, 948]	Thrombospondin type-1 (TSP1) repeat
Q99733	[256, 271]	Nucleosome assembly protein
Q9NW08	[465, 489]	-
Q9NW08	[826, 841]	DNA-directed RNA polymerase, subunit 2, domain 6
Q9NW08	[1080, 1110]	RNA polymerase alpha subunit dimerisation domain
Q9UNI6	[15, 45]	Protein tyrosine phosphatase superfamily
O15534	[274, 345]	PAS domain
O76050	[511, 566]	Zinc/RING finger domain, C3HC4 (zinc finger)
P15918	[264, 308]	Zinc/RING finger domain, C3HC4 (zinc finger)
P15918	[355, 377]	Classic Zinc Finger
P16519	[354, 386]	Peptidase S8/S53 domain
P18206	[302, 344]	Vinculin, Vh2 four-helix bundle
P30260	[130, 190]	Tetratricopeptide repeat domain
P49790	[632, 692]	Zinc finger, RanBP2-type
P49863	[137, 163]	Trypsin-like serine proteases
P52743	[66, 84]	Classic Zinc Finger
P57057	[44, 77]	MFS general substrate transporter like domains
Q14397	[594, 610]	-
Q14872	[105, 160]	Classic Zinc Finger
Q8WWL2	[43, 66]	Transferase(Phosphotransferase) domain 1
Q8WWU7	[107, 131]	Gamma Fibrinogen, chain A, domain 1
Q9BXN1	[62, 100]	Ribonuclease Inhibitor
Q9C0K0	[426, 480]	Classic Zinc Finger
Q9NRC6	[680, 706]	-
Q9NRC6	[3589, 3613]	Pleckstrin-homology domain (PH domain)/Phosphotyrosine-binding domain (PTB)
Q9NSC2	[439, 506]	Classic Zinc Finger
Q9UJU5	[186, 225]	Winged helix-like DNA-binding domain superfamily/Winged helix DNA-binding domain
Q9Y3R4	[120, 138]	-
A1L4K1	[137, 201]	Classic Zinc Finger
A1L4K1	[378, 397]	Immunoglobulins
O60259	[112, 250]	Trypsin-like serine proteases
P30926	[322, 341]	Neurotransmitter-gated ion-channel transmembrane domain
P31689	[120, 217]	Heat shock protein DnaJ, cysteine-rich domain
Q16526	[169, 194]	-
Q16602	[90, 129]	GPCR, family 2, extracellular hormone receptor domain
Q6PJT7	[591, 661]	-
Q6UX15	[172, 191]	Mannose-Binding Protein A, subunit A
Q6VVB1	[22, 90]	Zinc/RING finger domain, C3HC4 (zinc finger)
Q86SG6	[476, 613]	Regulator of chromosome condensation 1/beta-lactamase-inhibitor protein II
Q8IWR1	[0, 22]	Zinc/RING finger domain, C3HC4 (zinc finger)
Q8IZC7	[68, 128]	Classic Zinc Finger
Q8N126	[136, 163]	Immunoglobulins
Q96FI4	[0, 23]	MutM-like, N-terminal
Q96H15	[42, 68]	Immunoglobulins
Q96RU3	[586, 616]	SH3 Domains
Q9BYG7	[190, 218]	Leucine-rich Repeat Variant
Q9H2X0	[712, 765]	-
Q9HAZ2	[81, 128]	SET domain
Q9HCM2	[90, 109]	YVTN repeat-like/Quinoprotein amine dehydrogenase
Q9HCM2	[501, 558]	Immunoglobulins
Q9NVW2	[526, 623]	Zinc/RING finger domain, C3HC4 (zinc finger)
Q9ULJ3	[121, 137]	Potassium Channel Kv1.1; Chain A
Q9ULJ3	[538, 614]	Classic Zinc Finger
Q9UPA5	[170, 229]	Zinc/RING finger domain, C3HC4 (zinc finger)
Q9UQR1	[161, 182]	Classic Zinc Finger
O43463	[379, 411]	SET domain
O95180	[271, 348]	-
O95625	[179, 200]	Potassium Channel Kv1.1; Chain A
O95625	[586, 617]	Classic Zinc Finger
P04004	[17, 69]	-
P07205	[382, 411]	Phosphoglycerate kinase, N-terminal domain
P31994	[184, 201]	Immunoglobulins
P41229	[301, 391]	Zinc/RING finger domain, C3HC4 (zinc finger)
P48059	[0, 37]	Cysteine Rich Protein
P99999	[0, 34]	Cytochrome c-like domain
Q13231	[425, 465]	Glycosidases
Q14061	[21, 62]	CytochromE C oxidase copper chaperone
Q16270	[36, 88]	-
Q16270	[240, 261]	Immunoglobulins
Q16609	[18, 130]	Plasminogen Kringle 4
Q6ZS10	[343, 377]	Mannose-Binding Protein A, subunit A
Q86SQ4	[816, 832]	-
Q8NDL9	[418, 456]	Zn peptidases
Q8WX93	[262, 289]	Immunoglobulins
Q92824	[186, 226]	Peptidase S8/S53 domain
Q9NT68	[1512, 1539]	TolB, C-terminal domain
Q9NZC7	[376, 391]	NAD(P)-binding Rossmann-like Domain
Q9P0P0	[46, 139]	Zinc/RING finger domain, C3HC4 (zinc finger)
Q9UGK8	[310, 416]	Regulator of chromosome condensation 1/beta-lactamase-inhibitor protein II
Q9UIW2	[85, 106]	YVTN repeat-like/Quinoprotein amine dehydrogenase
Q9UIW2	[536, 616]	Immunoglobulins
Q9UIW2	[1503, 1526]	GTPase Activation - p120gap; domain 1
Q9UPN3	[843, 914]	SH3 Domains
Q9UPN3	[1103, 1129]	-
Q9Y5B8	[225, 243]	Nucleoside diphosphate kinase-like domain
O15347	[7, 52]	High mobility group box domain
O75478	[2, 69]	-
O95813	[188, 219]	Cystine-knot cytokines
P04054	[35, 147]	Phospholipase A2 domain
P04233	[194, 266]	Thyroglobulin type-1
P0C7L1	[62, 96]	-
P13056	[121, 196]	Erythroid Transcription Factor GATA-1, subunit A
P24043	[57, 109]	Galactose-binding domain-like
P24592	[162, 216]	Thyroglobulin type-1
P36897	[77, 118]	CD59
P40394	[106, 122]	Medium-chain alcohol dehydrogenases, catalytic domain
P56192	[408, 448]	HUPs
Q2UY09	[231, 246]	von Willebrand factor, type A domain
Q2UY09	[1095, 1124]	Pancreatic trypsin inhibitor Kunitz domain
Q3KNT7	[63, 107]	Vaccinia Virus protein VP39
Q5J5C9	[21, 60]	Antimicrobial Peptide, Beta-defensin 2; Chain A
Q76KX8	[18, 74]	-
Q8TAT5	[244, 301]	-
Q8TAT5	[314, 375]	Zn-finger domain of Sec23/24
Q9P2Z0	[11, 80]	THAP domain
Q9UNW1	[467, 486]	Phosphoglycerate mutase-like
O76074	[429, 453]	-
O95081	[26, 52]	Arf GTPase activating protein
P05106	[24, 90]	ligand-binding face of the semaphorins, domain 2
P05106	[296, 311]	ntegrin, alpha v. Chain A, domain 3
P05997	[35, 97]	-
P24666	[101, 146]	-
P42127	[94, 131]	Agouti domain
P43354	[253, 335]	Erythroid Transcription Factor GATA-1, subunit A
Q2I0M5	[22, 176]	Hormone Receptor, Insulin-like Growth Factor Receptor 1; Chain A, domain 2
Q6P4I2	[165, 184]	YVTN repeat-like/Quinoprotein amine dehydrogenase
Q7RTZ1	[224, 278]	Trypsin-like serine proteases
Q92619	[703, 751]	Rho GTPase activation protein
Q92630	[454, 506]	Transferase(Phosphotransferase) domain 1
Q969D9	[56, 84]	Thymic stromal lymphopoietin
Q96C12	[169, 197]	Leucine-rich Repeat Variant
Q96C12	[811, 835]	Potassium Channel Kv1.1; Chain A
Q9BXF6	[79, 104]	C2 domain
Q9BZJ3	[176, 196]	Trypsin-like serine proteases
Q9GZM7	[119, 140]	Cysteine proteinases
Q9NS23	[60, 118]	-
A0A0G2JMM0	[228, 321]	Immunoglobulins
A2RUU4	[30, 117]	Lipase, subunit A
A6NLU5	[120, 140]	Immunoglobulins
O14618	[135, 154]	Superoxide dismutase, copper/zinc binding domain
O43865	[389, 405]	NAD(P)-binding Rossmann-like Domain
O75558	[268, 286]	-
O95409	[237, 276]	Classic Zinc Finger
P48443	[125, 215]	Erythroid Transcription Factor GATA-1, subunit A
P54317	[440, 468]	PLAT/LH2 domain
Q13485	[1, 25]	SMAD MH1 domain
Q13485	[308, 327]	-
Q5VUJ5	[439, 475]	Arf GTPase activating protein
Q5XPI4	[1243, 1306]	Zinc/RING finger domain, C3HC4 (zinc finger)
Q71RG4	[226, 248]	Phosphatidylinositol 3-kinase Catalytic Subunit; Chain A, domain 1
Q969P6	[218, 233]	DNA Topoisomerase I, domain 2
Q969P6	[326, 346]	Topoisomerase I; Chain A, domain 3
Q9H2R5	[126, 244]	Trypsin-like serine proteases
Q9P2P6	[548, 565]	-
O95256	[46, 167]	Immunoglobulins
O95271	[819, 837]	Ankyrin repeat-containing domain
P00387	[265, 300]	Nucleotide-binding domain of ferredoxin-NADP reductase (FNR) module
P0C7M6	[100, 134]	-
P13591	[253, 350]	Immunoglobulins
P14679	[234, 290]	Di-copper center containing domain from catechol oxidase
P29475	[337, 356]	Nitric Oxide Synthase; Chain A, domain 1
P32970	[159, 175]	-
P35125	[489, 550]	Cysteine proteinases
P35558	[16, 58]	Phosphoenolpyruvate Carboxykinase, domain 1
P35558	[389, 419]	-
P47974	[152, 225]	Zinc finger, CCCH-type
Q03181	[54, 147]	Erythroid Transcription Factor GATA-1, subunit A
Q15438	[339, 359]	Pleckstrin-homology domain (PH domain)/Phosphotyrosine-binding domain (PTB)
Q3L8U1	[2560, 2614]	-
Q53H47	[60, 132]	SET domain
Q86T96	[419, 435]	Zinc/RING finger domain, C3HC4 (zinc finger)
Q86VH5	[28, 54]	Ribonuclease Inhibitor
Q86Y97	[174, 249]	SET domain
Q8IXI2	[537, 569]	P-loop containing nucleotide triphosphate hydrolases
Q8TAA1	[77, 187]	Ribonuclease A-like domain
Q96JH7	[784, 824]	Phosphatidylinositol 3-kinase Catalytic Subunit; Chain A, domain 1
Q96P63	[55, 87]	Antithrombin, subunit I, domain 2
Q9BV36	[49, 105]	Zinc/RING finger domain, C3HC4 (zinc finger)
Q9H0H5	[289, 344]	-
Q9H6B1	[56, 111]	Classic Zinc Finger
Q9HA38	[57, 104]	Classic Zinc Finger
Q9Y639	[229, 261]	Immunoglobulins
B1AK53	[300, 341]	Ankyrin repeat-containing domain
O14495	[162, 184]	Phosphatidic acid phosphatase type 2/haloperoxidase
O75578	[66, 99]	Integrin alpha, N-terminal
O75578	[1016, 1052]	ntegrin, alpha v. Chain A, domain 4
O95639	[109, 170]	Zinc finger, CCCH-type
O95639	[243, 268]	Zinc finger, CCHC-type
P26012	[37, 95]	ligand-binding face of the semaphorins, domain 2
P36894	[44, 153]	CD59
P43403	[56, 115]	SH2 domain
P47871	[61, 82]	GPCR, family 2, extracellular hormone receptor domain
Q15195	[31, 71]	Hepatocyte Growth Factor
Q16658	[228, 277]	-
Q6FIF0	[144, 193]	AN1-like Zinc finger
Q7L985	[32, 56]	Ribonuclease Inhibitor
Q8IW52	[330, 380]	Ribonuclease Inhibitor
Q92610	[1000, 1072]	Classic Zinc Finger
Q99590	[30, 54]	Zinc/RING finger domain, C3HC4 (zinc finger)
Q99795	[187, 230]	Immunoglobulins
Q9UBL3	[108, 185]	-
Q9UKY1	[64, 87]	Classic Zinc Finger
Q9UKY1	[512, 528]	Homeodomain-like
P02751	[43, 120]	Complement Module, domain 1
P02751	[433, 479]	Fibronectin, type II, collagen-binding
P05111	[331, 365]	Cystine-knot cytokines
P20020	[458, 478]	Calcium-transporting ATPase, transmembrane domain
P29400	[1504, 1533]	Collagen IV, non-collagenous
P36578	[118, 136]	-
P49746	[705, 721]	TSP type-3 repeat
P51531	[1385, 1406]	Bromodomain-like
Q15131	[309, 330]	Transferase(Phosphotransferase) domain 1
Q16720	[454, 478]	Calcium-transporting ATPase, transmembrane domain
Q30KP9	[22, 76]	Antimicrobial Peptide, Beta-defensin 2; Chain A
Q6V0L0	[327, 359]	Cytochrome P450
Q6ZTA4	[0, 41]	Zinc/RING finger domain, C3HC4 (zinc finger)
Q6ZTA4	[159, 246]	-
Q6ZTA4	[299, 348]	Classic Zinc Finger
Q8NDV3	[1084, 1115]	P-loop containing nucleotide triphosphate hydrolases
Q8NHM5	[529, 555]	-
Q8NHM5	[606, 733]	Zinc/RING finger domain, C3HC4 (zinc finger)
Q8TAU3	[47, 68]	-
Q8TAU3	[87, 151]	Classic Zinc Finger
Q92570	[288, 364]	Erythroid Transcription Factor GATA-1, subunit A
Q92570	[397, 429]	Retinoid X Receptor
Q92784	[253, 376]	Zinc/RING finger domain, C3HC4 (zinc finger)
Q96BJ8	[550, 624]	Pleckstrin-homology domain (PH domain)/Phosphotyrosine-binding domain (PTB)
Q96EF9	[155, 222]	Tetratricopeptide repeat domain
Q99961	[76, 124]	Arfaptin homology (AH) domain/BAR domain
Q9HAU4	[335, 400]	Hect, E3 ligase catalytic domains
Q9HB58	[454, 604]	SAND domain-like
Q9Y3L5	[164, 182]	P-loop containing nucleotide triphosphate hydrolases
Q9Y5K3	[44, 71]	HUPs
Q9Y6N8	[578, 600]	Cadherins
O14893	[96, 120]	-
O43897	[320, 366]	Collagenase (Catalytic Domain)
O43897	[564, 635]	Laminin
O43897	[717, 857]	Spermadhesin, CUB domain
O75469	[31, 117]	Erythroid Transcription Factor GATA-1, subunit A
O75469	[162, 191]	Retinoid X Receptor
P21802	[171, 192]	Immunoglobulins
P22607	[60, 113]	Immunoglobulins
P78358	[73, 91]	Alpha-D-phosphohexomutase, C-terminal domain
Q6NY19	[542, 578]	Ankyrin repeat-containing domain
Q86Y13	[1147, 1200]	Zinc/RING finger domain, C3HC4 (zinc finger)
Q8IV61	[527, 552]	-
Q8WV44	[3, 53]	Zinc/RING finger domain, C3HC4 (zinc finger)
Q8WV44	[183, 266]	Classic Zinc Finger
Q8WV44	[425, 492]	-
Q96BQ3	[16, 64]	Zinc/RING finger domain, C3HC4 (zinc finger)
Q96C10	[166, 181]	P-loop containing nucleotide triphosphate hydrolases
Q96C10	[653, 677]	RIG-I-like receptor, C-terminal regulatory domain
Q9H0Y0	[49, 77]	-
Q9NWK9	[205, 262]	-
Q9UBL6	[15, 39]	C2 domain
Q9UFB7	[433, 489]	Classic Zinc Finger
A0AAG2UUX9	[548, 601]	Laminin
A0AAG2UUX9	[675, 744]	-
P0CG38	[713, 729]	-
Q06481	[185, 211]	Amyloidogenic glycoprotein, copper-binding domain
Q06481	[300, 323]	Pancreatic trypsin inhibitor Kunitz domain
Q06481	[342, 387]	Amyloid precursor protein, E2 domain
Q13547	[0, 30]	Histone deacetylase domain
Q562R1	[0, 60]	-
Q63HK5	[180, 240]	Classic Zinc Finger
Q7Z4K8	[0, 67]	Zinc/RING finger domain, C3HC4 (zinc finger)
Q86UW9	[157, 210]	-
Q86UW9	[401, 444]	Zinc/RING finger domain, C3HC4 (zinc finger)
Q96DT7	[711, 726]	Classic Zinc Finger
Q96MN9	[270, 300]	Classic Zinc Finger
Q9BQQ3	[175, 204]	-
Q9H0M5	[117, 201]	Classic Zinc Finger
Q9H4F1	[61, 115]	Glycosyl transferase family 29
Q9H6P5	[259, 297]	(Glycosyl)asparaginase
Q9NZS2	[100, 115]	Mannose-Binding Protein A, subunit A
Q9NZV6	[0, 93]	Peptide methionine sulfoxide reductase.
Q9Y2I6	[204, 245]	EF-hand
O75900	[274, 297]	-
P18507	[400, 450]	Neurotransmitter-gated ion-channel transmembrane domain
P20333	[28, 198]	Tumor Necrosis Factor Receptor, subunit A, domain 2
Q09013	[350, 382]	Phosphorylase Kinase; domain 1
Q13219	[408, 491]	Collagenase (Catalytic Domain)
Q13444	[635, 692]	Galactose-binding domain-like
Q14767	[167, 228]	Laminin
Q3KQV9	[43, 61]	Spore Coat Polysaccharide Biosynthesis Protein SpsA; Chain A
Q4VC39	[46, 94]	-
Q5T5Y3	[1469, 1499]	CKK domain
Q7L5L3	[39, 102]	Phosphatidylinositol (PI) phosphodiesterase
Q8N7C3	[4, 64]	Classic Zinc Finger
Q96PU8	[116, 134]	K Homology domain, type 1
Q99467	[32, 47]	Ribonuclease Inhibitor
Q9NQ35	[96, 114]	Acid Proteases
Q9UBN7	[406, 426]	Histone deacetylase domain
Q9UBN7	[1115, 1143]	Zinc/RING finger domain, C3HC4 (zinc finger)
A0AAG2UXZ5	[1457, 1501]	Mannose-Binding Protein A, subunit A
A6NJG2	[219, 245]	Ankyrin repeat-containing domain
A8MPX8	[516, 552]	PPM-type phosphatase domain
C9JPN9	[79, 131]	Cysteine proteinases
O43592	[648, 678]	Leucine-rich Repeat Variant
O43916	[148, 180]	P-loop containing nucleotide triphosphate hydrolases
P48740	[134, 211]	Laminin
P48740	[623, 647]	Trypsin-like serine proteases
P51991	[61, 115]	-
P62979	[109, 155]	-
Q14324	[147, 165]	Immunoglobulins
Q14331	[151, 188]	-
Q2MKA7	[32, 181]	Hormone Receptor, Insulin-like Growth Factor Receptor 1; Chain A, domain 2
Q5T0T0	[71, 138]	Zinc/RING finger domain, C3HC4 (zinc finger)
Q8IZ69	[207, 280]	-
Q92478	[115, 148]	Mannose-Binding Protein A, subunit A
Q92793	[349, 440]	TAZ domain
Q92793	[1209, 1252]	-
Q92793	[1272, 1331]	Zinc/RING finger domain, C3HC4 (zinc finger)
Q96BR6	[57, 157]	-
Q96MA1	[0, 50]	DM DNA-binding domain
Q9HAV5	[0, 129]	Tumor Necrosis Factor Receptor, subunit A, domain 2
Q9NY25	[149, 187]	Mannose-Binding Protein A, subunit A
Q9UBU9	[567, 596]	DNA helicase RuvA subunit, C-terminal domain
Q9UGI0	[0, 35]	Zinc finger, RanBP2-type
Q9UP38	[115, 149]	Frizzled cysteine-rich domain
Q9Y496	[6, 39]	Kinesin motor domain
O75054	[374, 391]	Immunoglobulins
P08572	[1690, 1711]	Collagen IV, non-collagenous
P08575	[486, 543]	Immunoglobulins
P09228	[93, 139]	-
P11678	[127, 169]	Haem peroxidase domain superfamily, animal type
P17544	[7, 51]	Classic Zinc Finger
P63151	[397, 415]	YVTN repeat-like/Quinoprotein amine dehydrogenase
Q01094	[255, 276]	-
Q06432	[59, 97]	-
Q14527	[752, 821]	P-loop containing nucleotide triphosphate hydrolases
Q16222	[468, 485]	-
Q16623	[131, 162]	-
Q32P28	[70, 106]	Tetratricopeptide repeat domain
Q6IA86	[792, 825]	YVTN repeat-like/Quinoprotein amine dehydrogenase
Q8TDD5	[516, 544]	-
Q92637	[66, 93]	Immunoglobulins
Q9BXW6	[153, 205]	Ankyrin repeat-containing domain
Q9H7C9	[7, 33]	MTH938-like
Q9H892	[457, 477]	Leucine-rich Repeat Variant
Q9NP87	[38, 153]	BRCT domain
Q9NR97	[20, 59]	Ribonuclease Inhibitor
Q9NSI8	[161, 180]	SH3 Domains
Q9NYZ4	[211, 228]	Immunoglobulins
Q9NZ71	[131, 185]	P-loop containing nucleotide triphosphate hydrolases
Q9NZ71	[965, 983]	-
Q9P0U3	[586, 631]	Adenoviral Proteinase; Chain A
Q9ULZ9	[513, 528]	Hemopexin-like domain
Q9Y3S1	[1183, 1216]	Phosphatidylinositol 3-kinase Catalytic Subunit; Chain A, domain 1
Q9Y6Q6	[29, 187]	Tumor Necrosis Factor Receptor, subunit A, domain 2
O76071	[317, 338]	YVTN repeat-like/Quinoprotein amine dehydrogenase
P09110	[119, 202]	-
P20042	[300, 318]	-
P20851	[164, 213]	Complement Module, domain 1
P22888	[24, 48]	Ribonuclease Inhibitor
P29120	[355, 386]	Peptidase S8/S53 domain
P39060	[391, 416]	Frizzled cysteine-rich domain
P39060	[1695, 1739]	Mannose-Binding Protein A, subunit A
P43897	[289, 313]	Elongation factor Ts, dimerisation domain
P61371	[50, 75]	Cysteine Rich Protein
Q08493	[576, 593]	3'5'-cyclic nucleotide phosphodiesterase, catalytic domain
Q4LDE5	[1864, 1909]	Complement Module, domain 1
Q5QP82	[401, 458]	YVTN repeat-like/Quinoprotein amine dehydrogenase
Q7RTZ2	[81, 125]	Cysteine proteinases
Q8N0Z6	[291, 318]	-
Q8NCL8	[40, 79]	Rhodopsin 7-helix transmembrane proteins
Q8WUR7	[56, 91]	YggU-like
Q96DX7	[8, 60]	-
Q96DX7	[174, 202]	Classic Zinc Finger
Q96PE2	[1951, 1968]	YVTN repeat-like/Quinoprotein amine dehydrogenase
Q96S99	[140, 216]	Zinc/RING finger domain, C3HC4 (zinc finger)
Q9BVG3	[0, 74]	Zinc/RING finger domain, C3HC4 (zinc finger)
Q9NPF7	[41, 86]	-
Q9UJJ7	[119, 140]	Pseudouridine synthase
Q9UPS6	[1727, 1762]	SET domain
Q9Y6U3	[589, 627]	Severin
A5A3E0	[963, 999]	-
A8MPY1	[374, 393]	Neurotransmitter-gated ion-channel transmembrane domain
D6RBM5	[79, 182]	Cysteine proteinases
G3V0H7	[405, 454]	-
O75019	[371, 408]	Immunoglobulins
O75636	[76, 103]	Gamma Fibrinogen, chain A, domain 1
O95865	[258, 284]	L-arginine/glycine Amidinotransferase; Chain A
P12724	[65, 150]	Ribonuclease A-like domain
P15086	[236, 278]	Zn peptidases
P41586	[99, 125]	GPCR, family 2, extracellular hormone receptor domain
P48167	[389, 441]	Neurotransmitter-gated ion-channel transmembrane domain
P52757	[249, 268]	-
P55263	[128, 149]	-
P59901	[266, 315]	Immunoglobulins
P60321	[54, 115]	Nanos, RNA-binding domain
P80294	[0, 59]	Metallothionein Isoform II
Q03001	[872, 893]	SH3 Domains
Q03001	[3975, 3997]	-
Q03395	[215, 240]	Tetraspanin
Q5VTB9	[538, 565]	Zinc/RING finger domain, C3HC4 (zinc finger)
Q6IA17	[10, 29]	Immunoglobulins
Q6MZW2	[50, 115]	-
Q8N4A0	[451, 472]	-
Q96A61	[3, 54]	Zinc/RING finger domain, C3HC4 (zinc finger)
Q96A61	[171, 261]	Classic Zinc Finger
Q96EP1	[292, 372]	Zinc/RING finger domain, C3HC4 (zinc finger)
Q96EP1	[467, 540]	-
Q9BSL1	[317, 340]	DNA helicase RuvA subunit, C-terminal domain
Q9HC29	[22, 37]	Death Domain, Fas
Q9UKS6	[398, 422]	SH3 Domains
O14514	[906, 931]	-
O75123	[456, 504]	Classic Zinc Finger
O75197	[293, 339]	Laminin
O75197	[902, 947]	TolB, C-terminal domain
P04141	[92, 118]	-
P13725	[184, 205]	-
P26358	[1212, 1236]	Vaccinia Virus protein VP39
P26358	[1452, 1496]	DNA Methylase, subunit A, domain 2
P55060	[933, 949]	Leucine-rich Repeat Variant
P83110	[22, 131]	-
Q15751	[350, 409]	Regulator of chromosome condensation 1/beta-lactamase-inhibitor protein II
Q15751	[2027, 2042]	-
Q15751	[3722, 3737]	YVTN repeat-like/Quinoprotein amine dehydrogenase
Q17RY0	[665, 681]	Cytoplasmic polyadenylation element-binding protein, ZZ domain
Q5VYY1	[37, 57]	Ankyrin repeat-containing domain
Q8WV28	[339, 373]	SH2 domain
Q8WXH4	[284, 313]	SOCS box
Q8WZ42	[2615, 2649]	Immunoglobulins
Q96I24	[318, 334]	K Homology domain, type 1
Q96MT1	[565, 589]	Zinc/RING finger domain, C3HC4 (zinc finger)
Q99853	[65, 120]	Winged helix-like DNA-binding domain superfamily/Winged helix DNA-binding domain
Q9H6T0	[545, 562]	-
Q9H6Y7	[201, 273]	Zinc/RING finger domain, C3HC4 (zinc finger)
Q9HCQ5	[524, 571]	-
Q9NQ75	[0, 32]	SH3 Domains
Q9NS62	[340, 395]	Thrombospondin type-1 (TSP1) repeat
Q9NUD5	[325, 396]	Zinc finger, CCHC-type
Q9P232	[289, 304]	Immunoglobulins
Q9UF33	[227, 334]	Tumor Necrosis Factor Receptor, subunit A, domain 2
Q9UKK9	[108, 136]	Nucleoside Triphosphate Pyrophosphohydrolase
A6NNY8	[183, 312]	Cysteine proteinases
O14607	[881, 910]	Cupin
O14733	[271, 293]	Transferase(Phosphotransferase) domain 1
O15034	[161, 181]	SH3 Domains
O43424	[125, 140]	-
P17936	[32, 128]	-
P17936	[209, 288]	Thyroglobulin type-1
P18564	[18, 81]	ligand-binding face of the semaphorins, domain 2
P19878	[394, 436]	Phosphatidylinositol 3-kinase Catalytic Subunit; Chain A, domain 1
P19878	[496, 524]	SH3 Domains
P30626	[25, 58]	-
P35869	[184, 212]	PAS domain
P98155	[700, 751]	Laminin
Q6PEZ8	[24, 52]	Ribonuclease Inhibitor
Q6PID8	[76, 100]	Kelch-type beta propeller
Q6UXK2	[214, 246]	Ribonuclease Inhibitor
Q6UXK2	[339, 368]	Immunoglobulins
Q6ZQN7	[203, 219]	MFS general substrate transporter like domains
Q86XD8	[650, 721]	AN1-like Zinc finger
Q8N448	[15, 87]	Zinc/RING finger domain, C3HC4 (zinc finger)
Q8N448	[450, 490]	-
Q8TD46	[237, 254]	Immunoglobulins
Q92769	[0, 20]	Histone deacetylase domain
Q969R5	[81, 140]	-
Q96CB8	[150, 221]	Zinc/RING finger domain, C3HC4 (zinc finger)
Q96E93	[155, 194]	Mannose-Binding Protein A, subunit A
Q96MX3	[107, 157]	Classic Zinc Finger
Q9NSY2	[142, 159]	-
Q9UKA1	[659, 690]	Ribonuclease Inhibitor
A0A087WSY4	[28, 48]	Immunoglobulins
A0A7I2V3R4	[48, 92]	Zinc/RING finger domain, C3HC4 (zinc finger)
A4D1T9	[127, 149]	Trypsin-like serine proteases
O00634	[156, 201]	Galactose-binding domain-like
O00634	[440, 462]	-
O43294	[217, 330]	Cysteine Rich Protein
P24593	[18, 115]	-
P24593	[204, 271]	Thyroglobulin type-1
Q02325	[31, 72]	Hepatocyte Growth Factor
Q07444	[214, 229]	Mannose-Binding Protein A, subunit A
Q7Z460	[846, 863]	Leucine-rich Repeat Variant
Q86X67	[166, 188]	-
Q92953	[61, 83]	Potassium Channel Kv1.1; Chain A
Q96NZ8	[32, 161]	-
Q99985	[511, 574]	ligand-binding face of the semaphorins, domain 2
Q9BRA0	[54, 124]	-
Q9H000	[0, 54]	Pneumovirus matrix protein 2 (M2), zinc-binding domain
Q9H000	[157, 221]	-
Q9H000	[250, 269]	Zinc/RING finger domain, C3HC4 (zinc finger)
O00192	[502, 537]	Leucine-rich Repeat Variant
O95185	[268, 372]	Thrombospondin type-1 (TSP1) repeat
P04114	[201, 244]	Lipovitellin; beta-sheet shell regions, chain A
P04114	[967, 999]	Lipovitellin-phosvitin complex, chain A, domain 4
P07998	[51, 155]	Ribonuclease A-like domain
P10586	[98, 221]	Immunoglobulins
P19474	[0, 129]	Zinc/RING finger domain, C3HC4 (zinc finger)
P23025	[88, 152]	XPA C-terminal domain
P63145	[486, 600]	Zinc finger, CCHC-type
P98160	[189, 243]	Low-density Lipoprotein Receptor
P98160	[1861, 1933]	Immunoglobulins
Q00839	[278, 297]	-
Q00839	[598, 636]	P-loop containing nucleotide triphosphate hydrolases
Q06141	[34, 53]	Mannose-Binding Protein A, subunit A
Q3MIP1	[207, 230]	-
Q6V0I7	[3800, 3823]	Laminin
Q6V0I7	[4071, 4087]	-
Q7Z569	[238, 317]	Zinc/RING finger domain, C3HC4 (zinc finger)
Q8NDH6	[97, 123]	Arfaptin homology (AH) domain/BAR domain
Q8WUY3	[300, 360]	DHHA2 domain
Q92556	[569, 596]	Pleckstrin-homology domain (PH domain)/Phosphotyrosine-binding domain (PTB)
Q9BSW7	[221, 247]	C2 domain
Q9BV44	[176, 231]	-
Q9H1R3	[234, 312]	Phosphorylase Kinase; domain 1
Q9NQT8	[0, 26]	Kinesin motor domain
Q9UIS9	[0, 73]	Methyl-cpg-binding Protein 2; Chain A
Q9UKV5	[324, 399]	Zinc/RING finger domain, C3HC4 (zinc finger)
Q9ULD4	[202, 235]	Zinc/RING finger domain, C3HC4 (zinc finger)
Q9Y446	[545, 574]	Leucine-rich Repeat Variant
O95490	[456, 522]	GPCR, family 2, extracellular hormone receptor domain
P05129	[21, 38]	-
P07320	[0, 43]	Crystallins
P0DTE8	[143, 173]	Glycosidases
P13611	[339, 361]	Mannose-Binding Protein A, subunit A
P13611	[3337, 3368]	Complement Module, domain 1
P19961	[130, 170]	Glycosidases
Q04656	[372, 405]	-
Q07654	[25, 79]	Spasmolytic Protein, domain 1
Q14332	[113, 151]	Frizzled cysteine-rich domain
Q5VZF2	[0, 94]	-
Q8WWY7	[27, 81]	Elafin-like
Q96LJ8	[211, 273]	Phosphatidylinositol 3-kinase Catalytic Subunit; Chain A, domain 1
Q96NX9	[141, 165]	Ski
Q96PM9	[66, 98]	Classic Zinc Finger
Q96RP9	[420, 437]	Translation factors
Q9HAK2	[152, 178]	Transcription factor COE1, DNA-binding domain
Q9HAK2	[243, 260]	Immunoglobulins
Q9HCK4	[47, 63]	Immunoglobulins
Q9NQC1	[188, 227]	Zinc/RING finger domain, C3HC4 (zinc finger)
Q9NWF9	[500, 532]	Zinc/RING finger domain, C3HC4 (zinc finger)
Q9NWF9	[596, 748]	-
Q9Y5J1	[224, 251]	YVTN repeat-like/Quinoprotein amine dehydrogenase
A8MQ27	[272, 314]	-
A8MQ27	[494, 554]	Zinc/RING finger domain, C3HC4 (zinc finger)
O96014	[239, 353]	-
P35712	[683, 707]	High mobility group box domain
P40938	[158, 215]	P-loop containing nucleotide triphosphate hydrolases
P42285	[118, 133]	P-loop containing nucleotide triphosphate hydrolases
P56704	[271, 351]	-
Q06278	[35, 59]	-
Q06278	[139, 222]	[2Fe-2S]-binding domain
Q06278	[1302, 1327]	Aldehyde oxidase/xanthine dehydrogenase, molybdopterin binding domain
Q14114	[680, 741]	Laminin
Q6ZMJ2	[471, 494]	SRCR-like domain
Q6ZVM7	[0, 27]	-
Q8IVT5	[48, 72]	-
Q8IVT5	[147, 174]	Transcription Factor, Ets-1
Q8TBE0	[684, 731]	-
Q8WV41	[222, 243]	Phox-like domain
Q8WYJ6	[204, 265]	P-loop containing nucleotide triphosphate hydrolases
Q96AC6	[401, 442]	Kinesin motor domain
Q96PE1	[62, 78]	Ribonuclease Inhibitor
Q96PE1	[380, 415]	GPCR, family 2, extracellular hormone receptor domain
Q96PE1	[590, 614]	-
Q99571	[109, 169]	atp-gated p2x4 ion channel
Q9H4H8	[112, 148]	Endonuclease Chain A
Q9H974	[297, 332]	Queuine tRNA-ribosyltransferase-like
A0A0B4J2E0	[93, 109]	Immunoglobulins
A0A191URJ7	[171, 203]	Immunoglobulins
A6NCW0	[81, 126]	Cysteine proteinases
A6NH11	[198, 217]	Glycolipid transfer protein
B7ZBB8	[201, 230]	Carbohydrate binding type-21 domain
G9CGD6	[488, 514]	Pleckstrin-homology domain (PH domain)/Phosphotyrosine-binding domain (PTB)
O00244	[0, 20]	-
O75380	[85, 106]	q5lls5 like domains
O95486	[372, 398]	Zn-finger domain of Sec23/24
P07316	[0, 33]	Crystallins
P12830	[677, 698]	Cadherins
P24386	[561, 608]	FAD/NAD(P)-binding domain
P50479	[6, 31]	-
P50479	[244, 284]	Cysteine Rich Protein
Q13191	[368, 458]	Zinc/RING finger domain, C3HC4 (zinc finger)
Q13342	[586, 601]	SAND domain-like
Q13342	[668, 760]	Zinc/RING finger domain, C3HC4 (zinc finger)
Q13733	[238, 267]	Calcium-transporting ATPase, transmembrane domain
Q6X9E4	[420, 442]	YVTN repeat-like/Quinoprotein amine dehydrogenase
Q8N7E2	[111, 136]	-
Q8NBK3	[318, 356]	paralog of FGE (formylglycine-generating enzyme)
Q8NCF0	[203, 301]	Laminin
Q96F46	[31, 63]	Interleukin-17 receptor A/B, fibronectin-III-like domain 1
Q96F46	[263, 312]	Interleukin-17 receptor A/B, fibronectin-III-like domain 2
Q9BX69	[73, 100]	Death Domain, Fas
Q9BXF3	[505, 552]	Bromodomain-like
Q9H1J7	[273, 355]	-
Q9H930	[298, 342]	SAND domain-like
Q9H930	[376, 473]	Zinc/RING finger domain, C3HC4 (zinc finger)
Q9Y467	[625, 711]	Classic Zinc Finger
Q9Y4J8	[239, 302]	-
A0A0G2JN68	[126, 197]	Immunoglobulins
O43504	[0, 44]	Dynein light chain 2a, cytoplasmic
O75610	[279, 340]	Cystine-knot cytokines
O76080	[5, 41]	-
O76080	[149, 194]	AN1-like Zinc finger
P10253	[85, 146]	Spasmolytic Protein, domain 1
P13631	[82, 162]	Erythroid Transcription Factor GATA-1, subunit A
P55283	[702, 720]	Cadherins
Q14390	[105, 125]	-
Q49AN0	[186, 217]	-
Q66K14	[348, 363]	Pleckstrin-homology domain (PH domain)/Phosphotyrosine-binding domain (PTB)
Q6UXC1	[15, 103]	-
Q6UXC1	[210, 278]	Low-density Lipoprotein Receptor
Q8N8B7	[277, 306]	-
Q8TE96	[368, 401]	P-loop containing nucleotide triphosphate hydrolases
Q96EP0	[879, 921]	-
Q9H165	[376, 429]	Classic Zinc Finger
A2RRH5	[491, 518]	YVTN repeat-like/Quinoprotein amine dehydrogenase
H3BS89	[82, 109]	-
P42679	[436, 465]	Transferase(Phosphotransferase) domain 1
P53672	[15, 44]	Crystallins
P63218	[17, 52]	Transducin (heterotrimeric G protein), gamma chain
Q0D2I5	[502, 522]	-
Q12765	[215, 264]	Penicillin V Acylase; Chain A
Q1L6U9	[33, 111]	Beta-microseminoprotein (PSP94) domain
Q5TDP6	[354, 385]	Glutamine synthetase/guanido kinase, catalytic domain
Q6PEY0	[49, 64]	Gap junction channel protein cysteine-rich domain
Q8N386	[116, 157]	Ribonuclease Inhibitor
Q8NFT8	[69, 132]	Laminin
Q92794	[159, 324]	Zinc/RING finger domain, C3HC4 (zinc finger)
Q96D59	[0, 74]	Zinc/RING finger domain, C3HC4 (zinc finger)
Q96MM7	[252, 278]	P-loop containing nucleotide triphosphate hydrolases
Q9BRP0	[105, 249]	Classic Zinc Finger
Q9BZE2	[103, 122]	Pseudouridine synthase I, catalytic domain, N-terminal subdomain
Q9GZP0	[298, 369]	Cystine-knot cytokines
Q9GZU5	[14, 59]	Ribonuclease Inhibitor
Q9H633	[47, 106]	-
Q9NQL9	[21, 66]	DM DNA-binding domain
Q9NU63	[289, 392]	Classic Zinc Finger
Q9UJ68	[183, 216]	Peptide methionine sulphoxide reductase MsrA
Q9Y2W7	[33, 58]	EF-hand
Q9Y4X5	[295, 392]	-
A1L020	[111, 149]	K Homology domain, type 1
A1L020	[461, 519]	Zinc/RING finger domain, C3HC4 (zinc finger)
A6NCK2	[16, 64]	Zinc/RING finger domain, C3HC4 (zinc finger)
M0QZC1	[58, 105]	Zinc/RING finger domain, C3HC4 (zinc finger)
O00142	[43, 63]	P-loop containing nucleotide triphosphate hydrolases
O00167	[324, 364]	-
O14543	[96, 113]	SH2 domain
O14543	[167, 220]	SOCS box
O75427	[600, 634]	Calponin-like domain
P01037	[84, 140]	-
P06870	[204, 221]	Trypsin-like serine proteases
P15924	[172, 189]	-
P15924	[2436, 2453]	Plakin repeat
P36954	[0, 56]	-
Q02246	[297, 318]	Immunoglobulins
Q12929	[116, 190]	Pleckstrin-homology domain (PH domain)/Phosphotyrosine-binding domain (PTB)
Q53GG5	[286, 340]	Cysteine Rich Protein
Q5VVJ2	[612, 640]	Cytidine Deaminase, domain 2
Q6ZMT4	[87, 110]	Zinc/RING finger domain, C3HC4 (zinc finger)
Q6ZS17	[1195, 1221]	Leucine-rich Repeat Variant
Q6ZSA7	[28, 60]	Ribonuclease Inhibitor
Q86UP0	[419, 436]	Cadherins
Q86W25	[979, 999]	Ribonuclease Inhibitor
Q86YE8	[182, 198]	Classic Zinc Finger
Q8IWK6	[57, 72]	Ribonuclease Inhibitor
Q8NE35	[634, 650]	Cytoplasmic polyadenylation element-binding protein, ZZ domain
Q8WZ74	[913, 987]	Ankyrin repeat-containing domain
Q96P31	[434, 464]	Immunoglobulins
Q99928	[407, 441]	Neurotransmitter-gated ion-channel transmembrane domain
Q9BQ24	[37, 95]	Zinc/RING finger domain, C3HC4 (zinc finger)
Q9H492	[7, 32]	Phosphatidylinositol 3-kinase Catalytic Subunit; Chain A, domain 1
Q9NX24	[118, 152]	-
Q9UDW3	[0, 21]	Classic Zinc Finger
Q9UDW3	[55, 79]	Zinc finger, CCCH-type
Q9UHX3	[493, 519]	-
O75164	[828, 864]	Zinc/RING finger domain, C3HC4 (zinc finger)
O95390	[145, 162]	-
O95390	[294, 315]	Cystine-knot cytokines
P04626	[182, 348]	Hormone Receptor, Insulin-like Growth Factor Receptor 1; Chain A, domain 2
P09874	[4, 31]	Zinc finger, PARP-type
P21333	[188, 228]	Calponin-like domain
P21333	[616, 633]	Immunoglobulins
P47985	[52, 70]	Cytochrome Bc1 Complex; Chain I
Q13107	[288, 338]	Cysteine proteinases
Q14847	[0, 91]	Cysteine Rich Protein
Q16661	[53, 111]	Guanylin
Q4G0N4	[384, 430]	Probable inorganic polyphosphate/atp-NAD kinase; domain 2
Q86WI1	[2054, 2071]	Immunoglobulins
Q86YC2	[861, 881]	YVTN repeat-like/Quinoprotein amine dehydrogenase
Q8N428	[443, 552]	-
Q8N907	[138, 171]	Cystine-knot cytokines
Q8N9I9	[157, 196]	Zinc/RING finger domain, C3HC4 (zinc finger)
Q8TAW3	[171, 219]	Classic Zinc Finger
Q96H55	[674, 698]	-
Q96KN9	[167, 188]	Gap junction channel protein cysteine-rich domain
Q9Y6R6	[322, 339]	Classic Zinc Finger
A1L4H1	[50, 118]	SRCR-like domain
D6R9N7	[79, 131]	Cysteine proteinases
O60496	[56, 80]	Pleckstrin-homology domain (PH domain)/Phosphotyrosine-binding domain (PTB)
O95125	[252, 279]	-
O95793	[509, 543]	-
P00736	[145, 223]	Laminin
P00736	[413, 468]	Complement Module, domain 1
P11388	[424, 458]	-
P19957	[71, 116]	Elafin-like
P80297	[0, 59]	Metallothionein Isoform II
P80748	[89, 109]	Immunoglobulins
Q12841	[22, 116]	-
Q14833	[382, 397]	-
Q14833	[513, 582]	GPCR, family 3, nine cysteines domain
Q2M1K9	[467, 586]	Classic Zinc Finger
Q4VNC0	[857, 885]	HAD superfamily/HAD-like
Q6PCD5	[280, 341]	Zinc/RING finger domain, C3HC4 (zinc finger)
Q6PCD5	[429, 444]	YVTN repeat-like/Quinoprotein amine dehydrogenase
Q6UX41	[191, 222]	Immunoglobulins
Q7RTX1	[344, 371]	-
Q7RTX1	[494, 547]	GPCR, family 3, nine cysteines domain
Q8IUH2	[125, 164]	Electron Transport, Fmn-binding Protein; Chain A
Q8IVL8	[168, 215]	Zn peptidases
Q8IWE5	[820, 843]	Pleckstrin-homology domain (PH domain)/Phosphotyrosine-binding domain (PTB)
Q8IYH5	[785, 897]	-
Q8N7C0	[19, 46]	Ribonuclease Inhibitor
Q8NFH8	[25, 48]	EF-hand
Q92626	[228, 265]	Immunoglobulins
Q92626	[837, 860]	Haem peroxidase domain superfamily, animal type
Q92626	[1420, 1478]	-
Q96HA8	[4, 29]	Protein N-terminal glutamine amidohydrolase, alpha beta roll
Q96L73	[1541, 1746]	Zinc/RING finger domain, C3HC4 (zinc finger)
Q96L73	[1900, 1943]	SET domain
Q96RU8	[232, 255]	Transferase(Phosphotransferase) domain 1
Q99952	[10, 59]	Protein tyrosine phosphatase superfamily
B7ZC32	[20, 43]	Kinesin motor domain
B7ZC32	[428, 450]	-
O00170	[113, 141]	-
O75679	[9, 97]	Zinc/RING finger domain, C3HC4 (zinc finger)
O75679	[285, 305]	-
O94823	[714, 733]	Calcium-transporting ATPase, cytoplasmic domain N
O95925	[17, 86]	Elafin-like
O95925	[102, 132]	Pancreatic trypsin inhibitor Kunitz domain
P17948	[37, 98]	Immunoglobulins
P35916	[46, 64]	Immunoglobulins
P40933	[122, 139]	Interleukin-15/Interleukin-21
P41743	[117, 197]	-
P41743	[509, 526]	Phosphorylase Kinase; domain 1
P43026	[455, 475]	Cystine-knot cytokines
Q03164	[1940, 1971]	Zinc/RING finger domain, C3HC4 (zinc finger)
Q03164	[2055, 2084]	-
Q03164	[3946, 3968]	SET domain
Q14197	[70, 102]	-
Q5R387	[68, 148]	Phospholipase A2 domain
Q6Q0C1	[138, 171]	Mitochondrial carrier domain
Q70CQ4	[125, 143]	Cysteine proteinases
Q7RTX0	[354, 375]	-
Q7RTX0	[487, 575]	GPCR, family 3, nine cysteines domain
Q8WW22	[122, 216]	Urease metallochaperone UreE, N-terminal domain
Q9HC16	[17, 36]	Cytidine Deaminase, domain 2
Q9UBC1	[85, 112]	Ankyrin repeat-containing domain
Q9UBL9	[118, 149]	atp-gated p2x4 ion channel domain
Q9ULB5	[574, 599]	Cadherins
Q9UMZ3	[1452, 1475]	Immunoglobulins
Q9Y2B0	[98, 136]	Saposin-like
O75022	[83, 142]	Immunoglobulins
O95235	[409, 436]	Kinesin motor domain
P06401	[595, 642]	Erythroid Transcription Factor GATA-1, subunit A
P07988	[277, 380]	Saposin-like
P10588	[47, 125]	Erythroid Transcription Factor GATA-1, subunit A
P10606	[82, 126]	Cytochrome c oxidase, subunit Vb
P17252	[569, 596]	Transferase(Phosphotransferase) domain 1
Q13507	[266, 287]	Ankyrin repeat-containing domain
Q2VPA4	[84, 105]	Complement Module, domain 1
Q52LW3	[440, 463]	Arfaptin homology (AH) domain/BAR domain
Q52LW3	[610, 628]	-
Q86Y34	[220, 247]	-
Q8IYF1	[531, 607]	-
Q92901	[265, 285]	Translation factors
Q96GC6	[229, 258]	DNA breaking-rejoining enzymes
Q96GC6	[285, 325]	-
Q99727	[30, 51]	Tissue inhibitor of metalloproteinase-1. Chain B, domain 1
Q9H3S1	[501, 545]	ligand-binding face of the semaphorins, domain 2
Q9NR96	[255, 270]	Ribonuclease Inhibitor
Q9UBV4	[275, 364]	-
Q9UM54	[352, 369]	Myosin VI head, motor domain, U50 subdomain
Q9Y4D7	[91, 117]	YVTN repeat-like/Quinoprotein amine dehydrogenase
Q9Y4D7	[554, 610]	Immunoglobulins
A6NNE9	[162, 211]	Zinc/RING finger domain, C3HC4 (zinc finger)
O43281	[27, 60]	SH3 Domains
O60840	[266, 310]	-
P01042	[82, 153]	-
P09326	[183, 221]	Immunoglobulins
P31995	[186, 204]	Immunoglobulins
P52741	[81, 115]	Classic Zinc Finger
Q13103	[93, 149]	-
Q15113	[325, 344]	-
Q15596	[181, 269]	PAS domain
Q7Z5Y6	[366, 383]	Cystine-knot cytokines
Q7Z6B7	[325, 352]	Arfaptin homology (AH) domain/BAR domain
Q8N423	[150, 185]	Immunoglobulins
Q92673	[635, 750]	-
Q969F1	[20, 151]	-
Q96JB8	[304, 328]	SH3 Domains
Q96JS3	[25, 52]	DNA breaking-rejoining enzymes
Q9H2K2	[11, 27]	Ankyrin repeat-containing domain
Q9H6S3	[110, 183]	Pleckstrin-homology domain (PH domain)/Phosphotyrosine-binding domain (PTB)
Q9UKW6	[143, 169]	Winged helix-like DNA-binding domain superfamily/Winged helix DNA-binding domain
O43157	[68, 94]	YVTN repeat-like/Quinoprotein amine dehydrogenase
O43157	[1024, 1178]	Immunoglobulins
O94812	[205, 262]	C2 domain
O94812	[822, 850]	-
P01857	[15, 121]	Immunoglobulins
P19438	[436, 454]	Death Domain, Fas
P20827	[84, 106]	Cupredoxins - blue copper proteins
P55289	[579, 603]	Cadherins
P80192	[114, 131]	SH3 Domains
Q01814	[479, 502]	Calcium-transporting ATPase, transmembrane domain
Q04756	[313, 338]	Plasminogen Kringle 4
Q04756	[524, 608]	Trypsin-like serine proteases
Q07617	[164, 181]	Tetratricopeptide repeat domain
Q07889	[422, 448]	Pleckstrin-homology domain (PH domain)/Phosphotyrosine-binding domain (PTB)
Q14524	[316, 351]	-
Q504Y2	[295, 321]	Transferase(Phosphotransferase) domain 1
Q5HY92	[699, 720]	P-loop containing nucleotide triphosphate hydrolases
Q6IE81	[183, 229]	Zinc/RING finger domain, C3HC4 (zinc finger)
Q8IU80	[747, 765]	Trypsin-like serine proteases
Q8IWZ3	[195, 222]	Ankyrin repeat-containing domain
Q96AY4	[502, 534]	Tetratricopeptide repeat domain
Q96FX2	[12, 81]	DPH Zinc finger
Q96M96	[549, 577]	Zinc/RING finger domain, C3HC4 (zinc finger)
Q96N76	[335, 354]	Urocanase like domains
Q9H3D4	[215, 231]	-
Q9HBW9	[382, 408]	-
Q9NQ69	[63, 82]	Cysteine Rich Protein
Q9NV66	[376, 422]	Aldolase class I
Q9NZ94	[157, 176]	alpha/beta hydrolase
Q9Y694	[114, 138]	MFS general substrate transporter like domains
Q9Y6F9	[301, 359]	-
P01848	[37, 65]	Immunoglobulins
P14616	[147, 352]	Receptor L-domain
P19022	[604, 622]	Cadherins
P55265	[465, 540]	-
Q00604	[30, 132]	Cystine-knot cytokines
Q15329	[157, 177]	-
Q569K4	[12, 52]	Classic Zinc Finger
Q6UXB4	[75, 107]	Mannose-Binding Protein A, subunit A
Q86UY6	[193, 225]	-
Q86XX4	[2746, 2788]	-
Q8NBF2	[381, 407]	TolB, C-terminal domain
Q96FN5	[29, 55]	Kinesin motor domain
Q9BUT1	[169, 190]	NAD(P)-binding Rossmann-like Domain
Q9BY78	[369, 432]	Zinc/RING finger domain, C3HC4 (zinc finger)
Q9BZM2	[40, 153]	Phospholipase A2 domain
Q9C0A1	[568, 598]	Classic Zinc Finger
Q9NR56	[0, 90]	-
Q9NXR5	[164, 220]	Ankyrin repeat-containing domain
Q9P283	[164, 181]	YVTN repeat-like/Quinoprotein amine dehydrogenase
Q9UBQ7	[308, 323]	NAD(P)-binding Rossmann-like Domain
Q9UGT4	[24, 54]	-
Q9UGT4	[743, 766]	Complement Module, domain 1
Q9UPZ6	[1007, 1066]	Thrombospondin type-1 (TSP1) repeat
Q9Y2E6	[399, 431]	Zinc/RING finger domain, C3HC4 (zinc finger)
A0A1W2PQC6	[110, 146]	-
P01706	[87, 118]	Immunoglobulins
P04183	[182, 199]	-
P11473	[6, 100]	Erythroid Transcription Factor GATA-1, subunit A
P13612	[91, 121]	Integrin alpha, N-terminal
P14314	[421, 515]	Mannose-6-phosphate receptor binding domain
P35228	[974, 999]	Nucleotide-binding domain of ferredoxin-NADP reductase (FNR) module
P55899	[260, 292]	Immunoglobulins
Q02779	[37, 59]	SH3 Domains
Q12840	[286, 334]	Kinesin motor domain
Q6F5E8	[391, 415]	Ribonuclease Inhibitor
Q6L8Q7	[588, 607]	Endonuclease/exonuclease/phosphatase
Q8IWA0	[191, 215]	YVTN repeat-like/Quinoprotein amine dehydrogenase
Q96GD3	[351, 386]	SLED domain
Q9BYB0	[89, 104]	Phosphatidylinositol 3-kinase Catalytic Subunit; Chain A, domain 1
Q9H5Y7	[20, 51]	Ribonuclease Inhibitor
Q9HB19	[191, 214]	Pleckstrin-homology domain (PH domain)/Phosphotyrosine-binding domain (PTB)
Q9HD43	[226, 255]	Immunoglobulins
Q9NRP7	[1185, 1201]	Leucine-rich Repeat Variant
Q9UIL4	[257, 289]	Kinesin motor domain
Q9UNA1	[301, 337]	Pleckstrin-homology domain (PH domain)/Phosphotyrosine-binding domain (PTB)
Q9UNA1	[736, 794]	SH3 Domains
Q9Y2H6	[676, 780]	Immunoglobulins
Q9Y613	[11, 60]	Leucine-rich Repeat Variant
A6NIE9	[237, 266]	Trypsin-like serine proteases
O75718	[79, 135]	Tetratricopeptide repeat domain
P04217	[164, 220]	Immunoglobulins
P07477	[125, 231]	Trypsin-like serine proteases
P31483	[191, 211]	-
P36383	[43, 62]	Gap junction channel protein cysteine-rich domain
P40763	[412, 427]	STAT transcription factor, DNA-binding domain
P40763	[679, 737]	SH2 domain
P60323	[49, 121]	Nanos, RNA-binding domain
Q06187	[148, 173]	Pleckstrin-homology domain (PH domain)/Phosphotyrosine-binding domain (PTB)
Q08554	[667, 685]	Cadherins
Q08554	[824, 893]	TCF3-CBD (Catenin binding domain)
Q13438	[170, 260]	Mannose-6-phosphate receptor binding domain
Q13797	[72, 131]	Integrin alpha, N-terminal
Q13797	[602, 628]	Integrin domains. Chain A, domain 2
Q13797	[840, 864]	ntegrin, alpha v. Chain A, domain 4
Q14160	[849, 868]	-
Q14943	[86, 105]	Immunoglobulins
Q7Z2E3	[53, 71]	-
Q7Z5L7	[52, 100]	Ribonuclease Inhibitor
Q86UR5	[97, 167]	Zinc/RING finger domain, C3HC4 (zinc finger)
Q8N6D2	[16, 43]	Zinc/RING finger domain, C3HC4 (zinc finger)
Q8TCF1	[0, 114]	AN1-like Zinc finger
Q96CW1	[219, 250]	Mu homology domain, subdomain B
Q9H089	[404, 425]	P-loop containing nucleotide triphosphate hydrolases
Q9HD89	[50, 107]	Resistin head domain
Q9P281	[1975, 2042]	-
Q9UGP4	[455, 496]	Cysteine Rich Protein
Q9Y6Y1	[1026, 1044]	Ankyrin repeat-containing domain
O00468	[1331, 1377]	Laminin
O15209	[475, 566]	Classic Zinc Finger
O60763	[10, 26]	Leucine-rich Repeat Variant
O75185	[360, 386]	Calcium-transporting ATPase, transmembrane domain
O94989	[713, 744]	Pleckstrin-homology domain (PH domain)/Phosphotyrosine-binding domain (PTB)
P55268	[36, 113]	Galactose-binding domain-like
P60002	[17, 82]	-
Q86UP6	[26, 43]	Spermadhesin, CUB domain
Q86UP6	[496, 526]	Zona pellucida, ZP-C domain
Q8IUC8	[534, 555]	-
Q8N2E2	[884, 929]	Galactose-binding domain-like
Q8N4T0	[261, 300]	Zn peptidases
Q8N556	[168, 224]	Pleckstrin-homology domain (PH domain)/Phosphotyrosine-binding domain (PTB)
Q969V5	[290, 351]	Zinc/RING finger domain, C3HC4 (zinc finger)
Q96MS0	[77, 103]	Immunoglobulins
Q96RU7	[64, 92]	Phosphorylase Kinase; domain 1
Q99572	[116, 177]	atp-gated p2x4 ion channel
Q9NTW7	[567, 597]	Classic Zinc Finger
Q9P0G3	[123, 240]	Trypsin-like serine proteases
A0A0G2JN01	[259, 322]	Immunoglobulins
A6NIN4	[5, 106]	Zinc/RING finger domain, C3HC4 (zinc finger)
B4DXR9	[161, 191]	Classic Zinc Finger
O94760	[67, 92]	L-arginine/glycine Amidinotransferase; Chain A
P00742	[407, 425]	Trypsin-like serine proteases
P02675	[98, 118]	-
P02675	[211, 249]	Gamma Fibrinogen, chain A, domain 1
P11717	[526, 555]	Mannose-6-phosphate receptor binding domain
P15172	[87, 142]	Helix-loop-helix DNA-binding domain
P29460	[156, 210]	Immunoglobulins
P49792	[1315, 1387]	Zinc finger, RanBP2-type
P50150	[15, 64]	Transducin (heterotrimeric G protein), gamma chain
P50452	[299, 373]	Alpha-1-antitrypsin, domain 1
Q07343	[658, 679]	3'5'-cyclic nucleotide phosphodiesterase, catalytic domain
Q496M5	[170, 203]	POLO box domain
Q6P0N0	[869, 920]	Homeodomain-like
Q6UWN8	[24, 79]	-
Q8NEP7	[119, 154]	Kelch-type beta propeller
Q8TAD2	[105, 120]	Cystine-knot cytokines
Q8WUI4	[517, 554]	Histone deacetylase domain
Q96CW9	[12, 29]	Laminin
Q96CW9	[48, 96]	Galactose-binding domain-like
Q99592	[347, 480]	Classic Zinc Finger
Q9NZL9	[264, 314]	NAD(P)-binding Rossmann-like Domain
Q9UIG0	[1178, 1238]	Zinc/RING finger domain, C3HC4 (zinc finger)
Q9UQ49	[237, 294]	-
Q9Y6N7	[76, 104]	Immunoglobulins
O14802	[60, 82]	RNA polymerase II, clamp domain
O60513	[73, 95]	Spore Coat Polysaccharide Biosynthesis Protein SpsA; Chain A
O75116	[1274, 1313]	-
O75677	[9, 96]	Zinc/RING finger domain, C3HC4 (zinc finger)
P08582	[24, 44]	Periplasmic binding protein-like II
P08603	[622, 658]	Complement Module, domain 1
P36507	[381, 399]	Transferase(Phosphotransferase) domain 1
P41180	[540, 604]	GPCR, family 3, nine cysteines domain
P49023	[342, 401]	Cysteine Rich Protein
P57075	[423, 471]	Phosphoglycerate mutase-like
P60608	[482, 511]	-
Q12959	[719, 764]	SH3 Domains
Q13049	[102, 147]	Classic Zinc Finger
Q13610	[124, 155]	YVTN repeat-like/Quinoprotein amine dehydrogenase
Q6PJG9	[301, 340]	Immunoglobulins
Q6R2W3	[511, 537]	Ribonuclease H-like superfamily/Ribonuclease H
Q6ZV70	[0, 22]	-
Q8IZJ6	[170, 214]	NAD(P)-binding Rossmann-like Domain
Q8WXA3	[535, 605]	Zinc/RING finger domain, C3HC4 (zinc finger)
Q92753	[6, 95]	Erythroid Transcription Factor GATA-1, subunit A
Q96N96	[126, 160]	SH3 Domains
Q99741	[140, 169]	P-loop containing nucleotide triphosphate hydrolases
Q99741	[404, 427]	-
Q9UI26	[884, 905]	Leucine-rich Repeat Variant
Q9UIM3	[217, 242]	Tetratricopeptide repeat domain
Q9ULB1	[658, 713]	Laminin
O00587	[302, 320]	-
O60488	[344, 365]	N-terminal domain of ligase-like
O95425	[1879, 1898]	Severin
P02771	[103, 154]	-
P06127	[60, 136]	SRCR-like domain
P08581	[86, 105]	YVTN repeat-like/Quinoprotein amine dehydrogenase
P08922	[1317, 1341]	TolB, C-terminal domain
P36382	[44, 63]	Gap junction channel protein cysteine-rich domain
P60008	[109, 124]	Winged helix-like DNA-binding domain superfamily/Winged helix DNA-binding domain
Q14592	[461, 502]	Classic Zinc Finger
Q29980	[103, 119]	MHC class I-like antigen recognition-like
Q6ZN17	[120, 168]	Zinc finger, CCHC-type
Q8N1E2	[21, 47]	-
Q99466	[1630, 1680]	Ankyrin repeat-containing domain
Q9BYJ4	[0, 68]	Zinc/RING finger domain, C3HC4 (zinc finger)
Q9BYJ4	[86, 103]	Classic Zinc Finger
Q9HCK5	[264, 337]	paz domain
Q9P1W9	[254, 289]	Transferase(Phosphotransferase) domain 1
Q9UBG0	[320, 411]	Mannose-Binding Protein A, subunit A
A0A1B0GX95	[99, 114]	Immunoglobulins
A0A1W2PQF6	[108, 149]	Immunoglobulins
H3BQJ8	[17, 57]	CD59
O43396	[124, 153]	PITH domain
O94955	[139, 157]	P-loop containing nucleotide triphosphate hydrolases
P01880	[51, 97]	Immunoglobulins
P02689	[105, 131]	-
P08519	[18, 111]	Plasminogen Kringle 4
P12544	[193, 252]	Trypsin-like serine proteases
P21757	[429, 450]	SRCR-like domain
P83105	[35, 165]	-
P83731	[0, 49]	Ribosomal protein L24e
Q02747	[69, 114]	Guanylin
Q16827	[764, 787]	Immunoglobulins
Q2MJR0	[20, 39]	Pleckstrin-homology domain (PH domain)/Phosphotyrosine-binding domain (PTB)
Q6PCT2	[35, 150]	Zinc/RING finger domain, C3HC4 (zinc finger)
Q6PCT2	[640, 686]	Ribonuclease Inhibitor
Q6PJ69	[2, 65]	Zinc/RING finger domain, C3HC4 (zinc finger)
Q6PJ69	[92, 132]	Classic Zinc Finger
Q6PJ69	[347, 369]	-
Q86UG4	[85, 104]	MFS general substrate transporter like domains
Q8NES3	[356, 378]	-
Q96EQ0	[52, 109]	Tetratricopeptide repeat domain
Q96F86	[74, 90]	-
Q96IC2	[218, 235]	Ribonuclease H-like superfamily/Ribonuclease H
Q96QZ7	[14, 35]	-
Q99496	[45, 116]	Zinc/RING finger domain, C3HC4 (zinc finger)
Q9HD47	[0, 34]	Mog1/PsbP, alpha/beta/alpha sandwich
Q9NQW1	[736, 773]	-
Q9NQW1	[1136, 1163]	Functional domain of the splicing factor Prp18
Q9NS56	[98, 165]	Zinc/RING finger domain, C3HC4 (zinc finger)
Q9NSE4	[365, 380]	Valyl/Leucyl/Isoleucyl-tRNA synthetase, editing domain
Q9NSE4	[975, 1011]	-
Q9NUA8	[729, 782]	Classic Zinc Finger
Q9NZC2	[26, 55]	Immunoglobulins
Q9P2A4	[305, 365]	SH3 Domains
Q9UKW4	[545, 572]	-
Q9UKW4	[646, 664]	SH3 Domains
Q9Y2I8	[452, 477]	YVTN repeat-like/Quinoprotein amine dehydrogenase
A6NI03	[4, 140]	Zinc/RING finger domain, C3HC4 (zinc finger)
O75146	[918, 948]	I/LWEQ domain
O75592	[699, 720]	Regulator of chromosome condensation 1/beta-lactamase-inhibitor protein II
O75592	[1860, 1901]	PHR domain
P12757	[244, 319]	SAND domain-like
P28907	[264, 299]	NAD(P)-binding Rossmann-like Domain
P35609	[864, 889]	EF-hand
P43626	[175, 209]	Immunoglobulins
P45974	[0, 16]	Zinc/RING finger domain, C3HC4 (zinc finger)
P53671	[0, 20]	Cysteine Rich Protein
P59510	[466, 634]	-
Q14435	[138, 182]	Spore Coat Polysaccharide Biosynthesis Protein SpsA; Chain A
Q14435	[603, 625]	-
Q15181	[102, 124]	Inorganic pyrophosphatase
Q15828	[108, 125]	-
Q6V1P9	[294, 323]	Cadherins
Q6WRI0	[23, 43]	Ribonuclease Inhibitor
Q6WRI0	[1639, 1667]	Immunoglobulins
Q70EL4	[227, 268]	Cysteine proteinases
Q8WYB5	[207, 336]	Zinc/RING finger domain, C3HC4 (zinc finger)
Q93083	[0, 59]	Metallothionein Isoform II
Q96CN5	[0, 18]	Ribonuclease Inhibitor
Q96LB8	[189, 219]	Peptidoglycan recognition protein-like
Q96PJ5	[195, 217]	Immunoglobulins
Q96PU4	[313, 401]	-
Q96PU4	[432, 452]	SRA-YDG
Q96PU4	[729, 777]	Zinc/RING finger domain, C3HC4 (zinc finger)
Q9BU70	[7, 72]	YaeB-like
Q9BXY0	[0, 60]	-
Q9H0E2	[212, 233]	DNA helicase RuvA subunit, C-terminal domain
Q9H3T2	[361, 383]	YVTN repeat-like/Quinoprotein amine dehydrogenase
Q9H3T2	[519, 546]	ligand-binding face of the semaphorins, domain 2
Q9NS84	[201, 236]	P-loop containing nucleotide triphosphate hydrolases
O14647	[403, 474]	-
O14734	[124, 152]	Acyl-CoA thioesterase, double hotdog domain
O15350	[178, 200]	-
O43657	[141, 196]	Tetraspanin
P01023	[277, 292]	-
P01023	[872, 891]	Immunoglobulins
P04746	[132, 171]	Glycosidases
P08151	[239, 278]	Classic Zinc Finger
P12814	[870, 891]	EF-hand
P13987	[15, 49]	CD59
P34931	[600, 625]	-
P54760	[210, 326]	Tumor Necrosis Factor Receptor, subunit A, domain 2
P54760	[337, 383]	Immunoglobulins
P57059	[280, 298]	Transferase(Phosphotransferase) domain 1
P58012	[110, 146]	Winged helix-like DNA-binding domain superfamily/Winged helix DNA-binding domain
Q12913	[795, 820]	Immunoglobulins
Q13217	[283, 331]	Tetratricopeptide repeat domain
Q2TB10	[225, 260]	Classic Zinc Finger
Q6PIF6	[1761, 1795]	MyTH4 domain
Q8TAT6	[382, 420]	Cytidine Deaminase, domain 2
Q8TAT6	[553, 607]	Zn-finger domain of Sec23/24
Q8WW32	[92, 113]	High mobility group box domain
Q99959	[480, 498]	Leucine-rich Repeat Variant
Q9BXB5	[508, 530]	-
Q9UFC0	[269, 321]	YVTN repeat-like/Quinoprotein amine dehydrogenase
Q9UJT1	[16, 50]	Tubulin/FtsZ, GTPase domain
O43491	[213, 240]	Phosphatidylinositol 3-kinase Catalytic Subunit; Chain A, domain 1
O94972	[8, 59]	Zinc/RING finger domain, C3HC4 (zinc finger)
O94972	[78, 107]	Classic Zinc Finger
P17643	[250, 369]	Di-copper center containing domain from catechol oxidase
P40199	[279, 316]	Immunoglobulins
P41161	[320, 359]	Winged helix-like DNA-binding domain superfamily/Winged helix DNA-binding domain
P52429	[132, 180]	-
Q12904	[277, 311]	Nucleic acid-binding proteins
Q13467	[90, 156]	Frizzled cysteine-rich domain
Q13467	[178, 220]	Rhodopsin 7-helix transmembrane proteins
Q13936	[294, 342]	-
Q15760	[333, 361]	Rhodopsin 7-helix transmembrane proteins
Q495X7	[0, 77]	Zinc/RING finger domain, C3HC4 (zinc finger)
Q86Y78	[46, 136]	CD59
Q8N4N3	[578, 594]	Kelch-type beta propeller
Q8NBV8	[128, 168]	C2 domain
Q8NCV1	[141, 201]	-
Q8NGI1	[180, 199]	Rhodopsin 7-helix transmembrane proteins
Q8TCT0	[331, 365]	-
Q96IF1	[329, 373]	Cysteine Rich Protein
Q96PX8	[15, 45]	Ribonuclease Inhibitor
Q9BY76	[176, 198]	Gamma Fibrinogen, chain A, domain 1
Q9BY76	[336, 369]	Gamma-fibrinogen Carboxyl Terminal Fragment, domain 2
Q9H4Z2	[453, 546]	Classic Zinc Finger
Q9NSD4	[95, 155]	Classic Zinc Finger
A6NIR3	[462, 488]	Arf GTPase activating protein
O15067	[484, 531]	PurM-like C-terminal domain
O15067	[1024, 1058]	-
P02549	[955, 977]	-
P02549	[2384, 2403]	EF-hand
P04118	[21, 111]	Lipase, subunit A
P08514	[155, 177]	Integrin alpha, N-terminal
P08514	[854, 882]	ntegrin, alpha v. Chain A, domain 4
P37023	[22, 100]	CD59
P39905	[165, 190]	Cystine-knot cytokines
P78509	[678, 702]	Galactose-binding domain-like
Q14126	[584, 609]	Cadherins
Q14126	[767, 851]	TCF3-CBD (Catenin binding domain)
Q6N022	[1329, 1345]	TolB, C-terminal domain
Q9H6U6	[445, 465]	YVTN repeat-like/Quinoprotein amine dehydrogenase
Q9HDC5	[16, 34]	Histone H3 K4-specific methyltransferase SET7/9 N-terminal domain
Q9NNX6	[340, 388]	Mannose-Binding Protein A, subunit A
Q9NP64	[118, 160]	Zinc finger, CCHC-type
Q9NPD3	[50, 97]	GHMP Kinase, N-terminal domain
Q9UBR2	[76, 178]	Cysteine proteinases
Q9UN37	[347, 434]	P-loop containing nucleotide triphosphate hydrolases
Q9Y312	[172, 213]	Aar2, C-terminal domain-like
A0A075B6K4	[80, 106]	Immunoglobulins
A0A0G2JNF4	[168, 207]	Immunoglobulins
A2RRP1	[428, 459]	YVTN repeat-like/Quinoprotein amine dehydrogenase
A6NIX2	[381, 424]	Cysteine Rich Protein
O15090	[266, 320]	Classic Zinc Finger
O60220	[39, 75]	Mitochondrial import inner membrane translocase subunit tim13 like domains
O75096	[679, 730]	TolB, C-terminal domain
P00746	[170, 247]	Trypsin-like serine proteases
P27037	[18, 50]	CD59
P51530	[226, 260]	-
Q14BN4	[6, 22]	-
Q2M2H8	[51, 72]	Spasmolytic Protein, domain 1
Q2M2H8	[1372, 1434]	Glycosidases
Q8N135	[25, 51]	Ribonuclease Inhibitor
Q8NHV1	[159, 177]	P-loop containing nucleotide triphosphate hydrolases
Q96IQ9	[108, 202]	Classic Zinc Finger
Q96K58	[516, 578]	Classic Zinc Finger
Q9UDT6	[125, 143]	CAP Gly-rich-like domain
Q9Y624	[140, 157]	Immunoglobulins
A2A3N6	[505, 536]	von Willebrand factor, type A domain
A6NJW4	[45, 89]	Ribonuclease Inhibitor
O15041	[512, 590]	ligand-binding face of the semaphorins, domain 2
O95696	[192, 286]	Zinc/RING finger domain, C3HC4 (zinc finger)
P04637	[100, 116]	-
P05019	[68, 118]	Insulin-like
P05164	[157, 182]	Haem peroxidase domain superfamily, animal type
P12277	[122, 147]	Glutamine synthetase/guanido kinase, catalytic domain
P27540	[233, 291]	PAS domain
P40238	[177, 208]	Immunoglobulins
Q05086	[37, 66]	Ubiquitin-protein ligase E3A, N-terminal zinc-binding domain (AZUL)
Q14643	[0, 62]	-
Q16820	[267, 312]	-
Q16820	[596, 654]	Laminin
Q17RW2	[225, 252]	-
Q5T6X5	[511, 588]	GPCR, family 3, nine cysteines domain
Q6UX07	[280, 296]	NAD(P)-binding Rossmann-like Domain
Q8NG06	[0, 151]	Zinc/RING finger domain, C3HC4 (zinc finger)
Q8TAP4	[4, 23]	Cysteine Rich Protein
Q96MU8	[21, 40]	Plasminogen Kringle 4
Q9Y6F7	[24, 69]	-
A8MYJ7	[393, 424]	Tetratricopeptide repeat domain
O00311	[333, 387]	Transferase(Phosphotransferase) domain 1
O43653	[0, 107]	CD59
P35443	[704, 723]	TSP type-3 repeat
P54098	[536, 581]	-
P84022	[111, 134]	SMAD MH1 domain
Q14CW9	[78, 117]	Classic Zinc Finger
Q14CW9	[190, 254]	-
Q3ZCN5	[1805, 1821]	Laminin
Q5GFL6	[222, 247]	von Willebrand factor, type A domain
Q5GFL6	[286, 324]	Laminin
Q63HN8	[3986, 4014]	Zinc/RING finger domain, C3HC4 (zinc finger)
Q6RI45	[1297, 1324]	Bromodomain-like
Q6UXB3	[13, 124]	CD59
Q8N5R6	[245, 262]	C2 domain
Q9H6S0	[84, 123]	R3H-like domain
Q9UGM3	[176, 211]	SRCR-like domain
Q9UGM3	[2005, 2023]	Spermadhesin, CUB domain
Q9UGM3	[2366, 2390]	Zona pellucida, ZP-C domain
Q9UPP2	[627, 648]	-
Q9Y4D2	[316, 336]	alpha/beta hydrolase
O43908	[103, 120]	Mannose-Binding Protein A, subunit A
O75077	[725, 779]	Laminin
O76075	[11, 56]	-
O76076	[193, 234]	Thrombospondin type-1 (TSP1) repeat
O96008	[70, 91]	Porin
P10746	[239, 264]	-
P16144	[20, 95]	ligand-binding face of the semaphorins, domain 2
P18621	[49, 78]	Ribosomal protein L22/L17
Q05BQ5	[37, 111]	-
Q5XLA6	[58, 87]	Death Domain, Fas
Q6ZST2	[53, 109]	Zinc finger, CCHC-type
Q70CQ1	[0, 21]	Zinc/RING finger domain, C3HC4 (zinc finger)
Q70CQ1	[317, 345]	Cysteine proteinases
Q76NI1	[168, 208]	Transferase(Phosphotransferase) domain 1
Q8TBB0	[0, 24]	THAP domain
Q8TE23	[341, 371]	-
Q8TE23	[489, 552]	GPCR, family 3, nine cysteines domain
Q9HCX4	[197, 212]	Ankyrin repeat-containing domain
Q9P2K5	[564, 582]	-
Q9Y5J9	[30, 74]	Mitochondrial import inner membrane translocase subunit tim13 like domains
A0A1B0GTU1	[0, 30]	Zinc finger, CCCH-type
O15091	[340, 361]	Tetratricopeptide repeat domain
O75976	[1128, 1158]	Zn peptidases
P04808	[153, 184]	Insulin-like
P0CG21	[13, 31]	TolB, C-terminal domain
P30203	[41, 97]	SRCR-like domain
P36406	[107, 237]	Classic Zinc Finger
Q14031	[1611, 1632]	Collagen IV, non-collagenous
Q5VTM2	[506, 541]	Arf GTPase activating protein
Q5VTM2	[654, 676]	Ankyrin repeat-containing domain
Q66K79	[28, 55]	Frizzled cysteine-rich domain
Q7Z2Z2	[945, 970]	-
Q86U28	[131, 153]	HesB-like domain
Q8IYX4	[126, 144]	-
Q8N144	[102, 131]	Gap junction channel protein cysteine-rich domain
Q8N2Y8	[1445, 1463]	SH3 Domains
Q9HCJ2	[39, 62]	Ribonuclease Inhibitor
Q9NR48	[2084, 2139]	SET domain
Q9NR48	[2576, 2641]	Zinc/RING finger domain, C3HC4 (zinc finger)
Q9NR48	[2808, 2830]	-
Q9NVS2	[64, 79]	Ribosomal protein S18
Q9NYV4	[706, 723]	Phosphorylase Kinase; domain 1
Q9NYV4	[1023, 1047]	Transferase(Phosphotransferase) domain 1
Q9P273	[1437, 1475]	TolB, C-terminal domain
A0A0B4J275	[94, 111]	Immunoglobulins
O14827	[63, 87]	Pleckstrin-homology domain (PH domain)/Phosphotyrosine-binding domain (PTB)
P0CG39	[657, 728]	-
Q01469	[35, 114]	-
Q14161	[13, 51]	Arf GTPase activating protein
Q14161	[695, 725]	Nucleotidyltransferases domain 2
Q5YKI7	[87, 102]	Phosphatidylinositol 3-kinase Catalytic Subunit; Chain A, domain 1
Q6FHJ7	[94, 145]	Frizzled cysteine-rich domain
Q6FHJ7	[164, 183]	-
Q6GQQ9	[799, 842]	-
Q6UX04	[153, 181]	Cyclophilin-like
Q71UM5	[33, 78]	Zn-binding ribosomal proteins
Q7Z5H5	[258, 292]	Rhodopsin 7-helix transmembrane proteins
Q86SE9	[0, 71]	Zinc/RING finger domain, C3HC4 (zinc finger)
Q86SE9	[131, 152]	Phosphatidylinositol 3-kinase Catalytic Subunit; Chain A, domain 1
Q86V86	[285, 303]	Transferase(Phosphotransferase) domain 1
Q8NAP3	[335, 398]	Classic Zinc Finger
Q8WVD3	[4, 117]	Zinc/RING finger domain, C3HC4 (zinc finger)
Q8WWY8	[274, 294]	alpha/beta hydrolase
Q96AP7	[115, 187]	Immunoglobulins
Q9BY12	[786, 816]	Classic Zinc Finger
Q9BYX7	[0, 35]	-
Q9H9V4	[85, 103]	Zinc/RING finger domain, C3HC4 (zinc finger)
Q9NZ09	[376, 400]	UBAP1 SOUBA domain
Q9UJQ4	[370, 400]	Classic Zinc Finger
Q9UPT9	[279, 344]	Cysteine proteinases
Q9Y2L1	[14, 35]	5'-nuclease
Q9Y577	[0, 142]	Zinc/RING finger domain, C3HC4 (zinc finger)
B9A064	[181, 197]	Immunoglobulins
O14793	[30, 47]	-
O14793	[260, 282]	Cystine-knot cytokines
O15492	[122, 178]	Regulator of G-protein Signalling 4, domain 2
O60284	[849, 910]	-
O75084	[119, 159]	Frizzled cysteine-rich domain
O95989	[3, 81]	Nucleoside Triphosphate Pyrophosphohydrolase
P0CG22	[251, 269]	NAD(P)-binding Rossmann-like Domain
P17097	[654, 684]	Classic Zinc Finger
P51575	[106, 164]	atp-gated p2x4 ion channel
P55774	[13, 43]	-
P62987	[85, 115]	-
Q16513	[321, 352]	C2 domain
Q4G0P3	[346, 366]	Immunoglobulins
Q8IUH8	[118, 138]	-
Q8NEM0	[732, 751]	BRCT domain
Q8NFY4	[348, 378]	YVTN repeat-like/Quinoprotein amine dehydrogenase
Q8NFY4	[516, 589]	ligand-binding face of the semaphorins, domain 2
Q8NG11	[159, 202]	Tetraspanin
Q8NHP8	[488, 508]	-
Q8NHY3	[84, 115]	Calponin-like domain
Q8NHY3	[263, 281]	Gas2-like domain
Q8WUA8	[312, 331]	Ribonuclease Inhibitor
Q96BH3	[112, 173]	Fibronectin, type II, collagen-binding
Q96G42	[524, 543]	Kelch-type beta propeller
Q9BZ76	[546, 604]	Laminin
Q9BZ76	[669, 752]	-
Q9H992	[532, 614]	Zinc/RING finger domain, C3HC4 (zinc finger)
Q9HBX9	[12, 71]	Low-density Lipoprotein Receptor
Q9NQV8	[612, 684]	Classic Zinc Finger
Q9NV58	[120, 148]	Zinc/RING finger domain, C3HC4 (zinc finger)
Q9NV58	[222, 273]	-
O15409	[339, 374]	-
P32456	[386, 419]	Guanylate-binding protein, C-terminal domain
P41221	[299, 376]	-
Q01668	[303, 343]	-
Q11201	[132, 159]	Glycosyl transferase family 29
Q6UXX9	[13, 205]	Hormone Receptor, Insulin-like Growth Factor Receptor 1; Chain A, domain 2
Q8IWL3	[26, 82]	DnaJ domain
Q8N3J5	[83, 106]	PPM-type phosphatase domain
Q96JM7	[527, 544]	-
Q96MF2	[92, 192]	-
Q99715	[2707, 2741]	-
Q9BZB8	[510, 551]	Cytoplasmic polyadenylation element-binding protein, ZZ domain
Q9HCB6	[752, 806]	Thrombospondin type-1 (TSP1) repeat
Q9UH73	[156, 179]	Transcription factor COE1, DNA-binding domain
Q9UHX1	[466, 488]	-
A6PVI3	[0, 30]	-
O60663	[9, 115]	Cysteine Rich Protein
O95803	[814, 831]	P-loop containing nucleotide triphosphate hydrolases
P21810	[45, 89]	Ribonuclease Inhibitor
P23276	[70, 116]	Collagenase (Catalytic Domain)
Q02388	[1225, 1248]	von Willebrand factor, type A domain
Q02388	[2873, 2935]	Pancreatic trypsin inhibitor Kunitz domain
Q06455	[500, 555]	-
Q13360	[114, 219]	Classic Zinc Finger
Q6ZS30	[696, 721]	-
Q8N884	[387, 406]	-
Q8WYK1	[560, 576]	-
Q99501	[262, 278]	Gas2-like domain
Q9BXK5	[86, 107]	Blc2-like
Q9HBZ2	[205, 268]	PAS domain
Q9NUJ7	[10, 28]	Phosphatidylinositol (PI) phosphodiesterase
Q9P0U4	[23, 50]	Zinc/RING finger domain, C3HC4 (zinc finger)
Q9UIX4	[204, 219]	Voltage-gated potassium channels. Chain C
A0A376A8Z9	[136, 173]	Immunoglobulins
O75037	[1276, 1310]	YVTN repeat-like/Quinoprotein amine dehydrogenase
P03986	[85, 110]	Immunoglobulins
P04732	[0, 59]	Metallothionein Isoform II
P07858	[133, 224]	Cysteine proteinases
P09172	[199, 220]	Copper type II, ascorbate-dependent monooxygenase, N-terminal domain
P09758	[26, 144]	Thyroglobulin type-1
P10523	[144, 165]	-
P15498	[182, 204]	Dbl homology (DH) domain
P15498	[536, 585]	-
P29322	[213, 331]	Tumor Necrosis Factor Receptor, subunit A, domain 2
P29322	[348, 382]	Immunoglobulins
Q01415	[382, 415]	-
Q13489	[70, 104]	Inhibitor Of Apoptosis Protein (2mihbC-IAP-1); Chain A
Q5T4F7	[19, 72]	Frizzled cysteine-rich domain
Q5T4F7	[170, 192]	-
Q5W0B1	[0, 86]	Zinc/RING finger domain, C3HC4 (zinc finger)
Q76LX8	[719, 809]	Thrombospondin type-1 (TSP1) repeat
Q7Z6G8	[1080, 1096]	Pleckstrin-homology domain (PH domain)/Phosphotyrosine-binding domain (PTB)
Q86YJ6	[391, 450]	-
Q8N5K1	[75, 134]	CDGSH iron-sulfur domain, mitoNEET-type
Q96T23	[890, 955]	Zinc/RING finger domain, C3HC4 (zinc finger)
Q9H0S4	[23, 39]	P-loop containing nucleotide triphosphate hydrolases
Q9H0X6	[142, 193]	Zinc/RING finger domain, C3HC4 (zinc finger)
Q9H9B1	[789, 805]	Ankyrin repeat-containing domain
Q9H9B1	[1000, 1109]	SET domain
Q9UKT4	[363, 440]	-
Q9Y2D9	[242, 309]	Classic Zinc Finger
Q9Y2J2	[102, 126]	Phosphatidylinositol 3-kinase Catalytic Subunit; Chain A, domain 1
Q9Y493	[25, 61]	-
A5D8T8	[203, 301]	Laminin
P04150	[412, 496]	Erythroid Transcription Factor GATA-1, subunit A
P0C0L5	[658, 766]	Anaphylotoxins (complement system)
P0C0L5	[1577, 1603]	-
P0C6S8	[27, 52]	Ribonuclease Inhibitor
P0C6S8	[433, 489]	Immunoglobulins
P28908	[22, 144]	Tumor Necrosis Factor Receptor, subunit A, domain 2
P48307	[108, 225]	Pancreatic trypsin inhibitor Kunitz domain
P78562	[697, 748]	Collagenase (Catalytic Domain)
P79522	[158, 186]	Zinc finger, CCCH-type
Q03591	[292, 329]	Complement Module, domain 1
Q06210	[239, 261]	Glutamine Phosphoribosylpyrophosphate, subunit 1, domain 1
Q06210	[471, 486]	Glucose-6-phosphate isomerase like protein; domain 1
Q12952	[108, 137]	Winged helix-like DNA-binding domain superfamily/Winged helix DNA-binding domain
Q13683	[78, 121]	Integrin alpha, N-terminal
Q13683	[659, 676]	Integrin domains. Chain A, domain 2
Q13683	[773, 796]	ntegrin, alpha v. Chain A, domain 3
Q5M7Z0	[356, 383]	Zinc/RING finger domain, C3HC4 (zinc finger)
Q6ZV73	[1216, 1288]	Zinc/RING finger domain, C3HC4 (zinc finger)
Q7L513	[176, 254]	Immunoglobulins
Q96FE5	[43, 66]	Ribonuclease Inhibitor
Q96KM6	[98, 163]	Classic Zinc Finger
Q96T91	[38, 128]	Cystine-knot cytokines
Q9BQ08	[50, 110]	Resistin head domain
Q9H7S9	[454, 505]	Classic Zinc Finger
Q9NY30	[49, 76]	Anti-proliferative protein, N-terminal domain
Q9UIK5	[43, 135]	-
Q9UIK5	[246, 307]	Laminin
Q9UNI1	[193, 243]	Trypsin-like serine proteases
Q9Y5K6	[99, 125]	SH3 Domains
O15018	[2783, 2799]	-
O60858	[0, 69]	Zinc/RING finger domain, C3HC4 (zinc finger)
P12314	[66, 93]	Immunoglobulins
P24468	[73, 147]	Erythroid Transcription Factor GATA-1, subunit A
P29466	[53, 97]	Death Domain, Fas
P33176	[154, 195]	Kinesin motor domain
P42575	[355, 370]	Caspase-like
P54829	[269, 287]	Protein tyrosine phosphatase superfamily
P55209	[263, 282]	Nucleosome assembly protein
Q14683	[1096, 1118]	P-loop containing nucleotide triphosphate hydrolases
Q2M3T9	[423, 480]	Aldolase class I
Q86SQ3	[0, 79]	Laminin
Q86SQ3	[142, 170]	-
Q86WK7	[25, 44]	Ribonuclease Inhibitor
Q8N1C3	[393, 440]	Neurotransmitter-gated ion-channel transmembrane domain
Q8NEM1	[161, 190]	Classic Zinc Finger
Q96IY4	[245, 283]	Zn peptidases
Q9H293	[85, 176]	Cystine-knot cytokines
Q9NSI6	[1306, 1352]	Bromodomain-like
Q9P0M6	[290, 313]	Leucine Aminopeptidase, subunit E, domain 1
Q9P2H5	[565, 598]	Cysteine proteinases
A8MUU1	[0, 75]	-
O94880	[309, 396]	Zinc/RING finger domain, C3HC4 (zinc finger)
O94880	[717, 736]	-
P07711	[106, 145]	Cysteine proteinases
P09234	[0, 35]	Classic Zinc Finger
P58753	[78, 94]	Toll/interleukin-1 receptor homology (TIR) domain
Q12906	[288, 308]	-
Q16552	[79, 105]	Cystine-knot cytokines
Q16832	[29, 49]	Galactose-binding domain-like
Q53EP0	[369, 392]	Immunoglobulins
Q6UWQ5	[131, 147]	-
Q6ZVD8	[933, 957]	PPM-type phosphatase domain
Q7Z4V0	[496, 562]	Classic Zinc Finger
Q8N0X4	[32, 87]	Phosphoenolpyruvate-binding domains
Q8NFA2	[140, 218]	SH3 Domains
Q8TCW7	[305, 321]	Zona pellucida, ZP-C domain
Q99436	[240, 260]	Glutamine Phosphoribosylpyrophosphate, subunit 1, domain 1
Q9HCC0	[255, 272]	2-enoyl-CoA Hydratase; Chain A, domain 1
Q9P0X4	[244, 324]	-
Q9UHC3	[302, 379]	Acid-sensing ion channel domain
Q9UJV3	[130, 250]	Classic Zinc Finger
Q9UKR3	[142, 237]	Trypsin-like serine proteases
A8MQ11	[44, 107]	Histidine kinase-like ATPase, C-terminal domain
P13640	[0, 60]	Metallothionein Isoform II
P15586	[428, 443]	Alkaline Phosphatase, subunit A
P16157	[922, 944]	-
P18615	[293, 347]	-
P26006	[594, 629]	Integrin domains. Chain A, domain 2
P26006	[892, 918]	ntegrin, alpha v. Chain A, domain 4
P48304	[119, 165]	Mannose-Binding Protein A, subunit A
Q08211	[0, 16]	-
Q12770	[1045, 1079]	YVTN repeat-like/Quinoprotein amine dehydrogenase
Q2KJY2	[618, 637]	Kinesin motor domain
Q86YR7	[264, 288]	-
Q8N697	[129, 153]	MFS general substrate transporter like domains
Q92736	[0, 27]	-
Q9BVN2	[841, 861]	SH3 Domains
Q9H9Z2	[102, 178]	Zinc finger, CCHC-type
Q9Y2T4	[384, 405]	YVTN repeat-like/Quinoprotein amine dehydrogenase
O00571	[176, 198]	P-loop containing nucleotide triphosphate hydrolases
O14498	[17, 35]	Ribonuclease Inhibitor
O14795	[504, 536]	-
P11498	[788, 813]	Aldolase class I
P23468	[169, 226]	Immunoglobulins
P49662	[91, 112]	-
Q12805	[20, 83]	Laminin
Q13017	[12, 45]	P-loop containing nucleotide triphosphate hydrolases
Q13332	[121, 231]	Immunoglobulins
Q5SZI1	[168, 202]	Low-density Lipoprotein Receptor
Q8N2Q7	[169, 189]	alpha/beta hydrolase
Q8NFK1	[39, 67]	Gap junction channel protein cysteine-rich domain
Q8NI51	[468, 572]	Classic Zinc Finger
Q8TC94	[40, 94]	-
Q96IT1	[114, 138]	DNA breaking-rejoining enzymes
Q96IT1	[515, 575]	Classic Zinc Finger
Q96K21	[67, 154]	Zinc/RING finger domain, C3HC4 (zinc finger)
Q99706	[132, 148]	Immunoglobulins
Q9BUR4	[150, 182]	YVTN repeat-like/Quinoprotein amine dehydrogenase
Q9BWT7	[763, 786]	SH3 Domains
Q9BWT7	[866, 884]	P-loop containing nucleotide triphosphate hydrolases
Q9BZ95	[880, 961]	Zinc/RING finger domain, C3HC4 (zinc finger)
Q9BZ95	[1073, 1161]	SET domain
Q9H0C1	[0, 36]	-
Q9NVV9	[9, 88]	THAP domain
Q9UIA0	[318, 361]	Pleckstrin-homology domain (PH domain)/Phosphotyrosine-binding domain (PTB)
Q9Y261	[210, 260]	Winged helix-like DNA-binding domain superfamily/Winged helix DNA-binding domain
Q9Y4K1	[1830, 1886]	Crystallins
Q07092	[183, 254]	-
Q14149	[400, 441]	-
Q14832	[507, 524]	GPCR, family 3, nine cysteines domain
Q29983	[59, 76]	MHC class I-like antigen recognition-like
Q5VWJ9	[294, 310]	Arfaptin homology (AH) domain/BAR domain
Q6P9A2	[555, 587]	-
Q7KYR7	[330, 379]	-
Q7RTN6	[269, 306]	Transferase(Phosphotransferase) domain 1
Q86XS5	[139, 154]	Gamma Fibrinogen, chain A, domain 1
Q8IV42	[10, 29]	P-loop containing nucleotide triphosphate hydrolases
Q8TCQ1	[69, 137]	Zinc/RING finger domain, C3HC4 (zinc finger)
Q9P121	[191, 214]	Immunoglobulins
Q9Y2Y8	[192, 224]	Mannose-Binding Protein A, subunit A
A6NE52	[508, 524]	YVTN repeat-like/Quinoprotein amine dehydrogenase
O60884	[116, 217]	Heat shock protein DnaJ, cysteine-rich domain
P01266	[296, 378]	Thyroglobulin type-1
P01266	[2255, 2275]	alpha/beta hydrolase
P53384	[236, 294]	P-loop containing nucleotide triphosphate hydrolases
Q04759	[0, 30]	C2 domain
Q04759	[188, 208]	-
Q13127	[167, 189]	Classic Zinc Finger
Q14210	[16, 104]	CD59
Q16637	[88, 154]	-
Q6UWL6	[85, 148]	Immunoglobulins
Q6UXI9	[226, 270]	Laminin
Q6UXI9	[392, 418]	-
Q86T82	[459, 525]	Cysteine proteinases
Q86US8	[1334, 1370]	5'-nuclease
Q8IY21	[1196, 1235]	P-loop containing nucleotide triphosphate hydrolases
Q8TED4	[42, 74]	MFS general substrate transporter like domains
Q96DX4	[514, 575]	Zinc/RING finger domain, C3HC4 (zinc finger)
Q9BXY4	[33, 68]	Hormone Receptor, Insulin-like Growth Factor Receptor 1; Chain A, domain 2
Q9H0J9	[187, 232]	-
A8MZH6	[106, 122]	Zona pellucida, ZP-N domain
O94966	[366, 381]	-
O94966	[1038, 1088]	Cysteine proteinases
O95071	[2267, 2286]	Hect, E3 ligase catalytic domains
P0DM35	[0, 59]	Metallothionein Isoform II
P0DTL4	[26, 48]	CD59
P24903	[465, 490]	Cytochrome P450
P26927	[636, 663]	Trypsin-like serine proteases
P33991	[308, 328]	Nucleic acid-binding proteins
P35613	[105, 120]	Immunoglobulins
P48061	[22, 39]	-
P80108	[278, 304]	Integrin alpha, N-terminal
Q86UR1	[378, 397]	Phosphatidylinositol 3-kinase Catalytic Subunit; Chain A, domain 1
Q86UR1	[412, 435]	SH3 Domains
Q8IXW5	[76, 165]	-
Q8N8Q3	[225, 247]	archaeoglobus fulgidus dsm 4304 superfamily
Q8NCB2	[0, 64]	Phosphorylase Kinase; domain 1
Q8WW38	[273, 385]	Classic Zinc Finger
Q92519	[203, 225]	Transferase(Phosphotransferase) domain 1
Q92731	[88, 256]	Erythroid Transcription Factor GATA-1, subunit A
Q96CB9	[110, 128]	-
Q96S15	[7, 30]	YVTN repeat-like/Quinoprotein amine dehydrogenase
Q9H0H3	[561, 579]	Kelch-type beta propeller
Q9NPD5	[131, 158]	MFS general substrate transporter like domains
Q9NPD5	[450, 480]	-
Q9UHN1	[68, 100]	Bira Bifunctional Protein; Domain 2
O15389	[149, 224]	Immunoglobulins
O75815	[246, 268]	SH2 domain
P07438	[0, 59]	Metallothionein Isoform II
P23946	[184, 235]	Trypsin-like serine proteases
P30622	[244, 284]	CAP Gly-rich-like domain
P50453	[319, 362]	Alpha-1-antitrypsin, domain 1
P53992	[346, 435]	Zn-finger domain of Sec23/24
P54108	[67, 100]	CAP
P54108	[181, 244]	Crisp domain
P61916	[27, 48]	-
Q14676	[27, 109]	-
Q14676	[2008, 2077]	BRCT domain
Q14934	[577, 594]	Immunoglobulins
Q15649	[0, 50]	-
Q5TC82	[1, 55]	Zinc/RING finger domain, C3HC4 (zinc finger)
Q5TC82	[405, 451]	Zinc finger, CCCH-type
Q5W5X9	[362, 378]	Tetratricopeptide repeat domain
Q6PCB0	[376, 396]	Immunoglobulins
Q6PF15	[550, 582]	Kelch-type beta propeller
Q6UWM5	[180, 221]	CAP
Q96EQ8	[27, 193]	Zinc/RING finger domain, C3HC4 (zinc finger)
Q96F45	[508, 566]	Classic Zinc Finger
Q96JA1	[39, 61]	Ribonuclease Inhibitor
Q96JA1	[759, 780]	Immunoglobulins
Q99489	[240, 303]	NAD(P)-binding Rossmann-like Domain
Q9BSJ1	[38, 136]	Classic Zinc Finger
Q9HBG7	[211, 267]	Immunoglobulins
Q9P212	[1743, 1764]	Phosphatidylinositol (PI) phosphodiesterase
Q9P212	[1861, 1899]	C2 domain
Q9P212	[2130, 2164]	Phosphatidylinositol 3-kinase Catalytic Subunit; Chain A, domain 1
Q9UGL1	[1163, 1205]	Zinc/RING finger domain, C3HC4 (zinc finger)
Q9UKY0	[94, 121]	Prion/Doppel protein, beta-ribbon domain
Q9ULD5	[547, 605]	Classic Zinc Finger
Q9UQQ1	[691, 710]	Transferrin receptor-like, dimerisation domain
Q9Y6X8	[71, 151]	Classic Zinc Finger
O75112	[541, 595]	Cysteine Rich Protein
P26374	[563, 608]	FAD/NAD(P)-binding domain
P41271	[25, 133]	Cystine-knot cytokines
P57730	[54, 89]	Death Domain, Fas
P61158	[0, 22]	-
Q5VT25	[337, 367]	Phosphorylase Kinase; domain 1
Q5VT25	[1003, 1071]	-
Q6DHV5	[878, 911]	C2 domain
Q6UXF7	[203, 301]	Laminin
Q86SJ6	[587, 605]	Cadherins
Q86SJ6	[781, 897]	TCF3-CBD (Catenin binding domain)
Q86UP3	[610, 721]	Classic Zinc Finger
Q8TEJ3	[51, 101]	Zinc/RING finger domain, C3HC4 (zinc finger)
Q92496	[114, 232]	Complement Module, domain 1
Q96LD4	[0, 40]	Zinc/RING finger domain, C3HC4 (zinc finger)
Q96LD4	[132, 217]	Classic Zinc Finger
Q9BRP1	[40, 60]	YwqG-like
Q9C026	[0, 42]	Zinc/RING finger domain, C3HC4 (zinc finger)
Q9C026	[118, 206]	-
Q9C026	[224, 345]	Classic Zinc Finger
Q9NRL3	[393, 426]	YVTN repeat-like/Quinoprotein amine dehydrogenase
Q9UKU0	[243, 269]	N-terminal domain of ligase-like
Q9UQB3	[947, 964]	Leucine-rich Repeat Variant
O00635	[3, 136]	Zinc/RING finger domain, C3HC4 (zinc finger)
O43295	[290, 366]	Arfaptin homology (AH) domain/BAR domain
P01893	[266, 294]	Immunoglobulins
P15374	[186, 227]	Peptidase C12, ubiquitin carboxyl-terminal hydrolase
P53602	[95, 119]	-
Q12882	[33, 97]	Alpha-helical ferredoxin
Q12882	[954, 1017]	-
Q13472	[639, 735]	Bacterial Topoisomerase I, domain 1
Q13884	[236, 262]	Pleckstrin-homology domain (PH domain)/Phosphotyrosine-binding domain (PTB)
Q15399	[514, 536]	Ribonuclease Inhibitor
Q58FF6	[256, 276]	-
Q8IYW5	[4, 91]	Zinc/RING finger domain, C3HC4 (zinc finger)
Q8N6C5	[742, 759]	Immunoglobulins
Q8NE65	[193, 209]	Classic Zinc Finger
Q8WZ75	[35, 60]	Immunoglobulins
Q96A25	[31, 78]	-
Q96MT3	[241, 312]	Cysteine Rich Protein
Q9H1E1	[39, 132]	Ribonuclease A-like domain
Q9UPU3	[713, 813]	-
Q9Y385	[131, 179]	Ubiquitin Conjugating Enzyme
O00463	[41, 71]	Zinc/RING finger domain, C3HC4 (zinc finger)
O14646	[261, 292]	-
O15164	[45, 88]	Zinc/RING finger domain, C3HC4 (zinc finger)
O15164	[212, 254]	Classic Zinc Finger
O60565	[84, 183]	Cystine-knot cytokines
P01215	[23, 115]	Cystine-knot cytokines
P01589	[22, 87]	-
P02671	[35, 71]	-
P02671	[803, 818]	Gamma-fibrinogen Carboxyl Terminal Fragment, domain 2
P0DP58	[14, 107]	CD59
P10114	[165, 182]	P-loop containing nucleotide triphosphate hydrolases
P14222	[492, 511]	C2 domain
P20160	[130, 220]	Trypsin-like serine proteases
P49005	[68, 99]	-
P58658	[83, 127]	-
P63267	[6, 48]	-
Q02413	[238, 275]	Cadherins
Q02413	[660, 765]	TCF3-CBD (Catenin binding domain)
Q02846	[752, 776]	Transferase(Phosphotransferase) domain 1
Q2Q1W2	[54, 120]	Zinc/RING finger domain, C3HC4 (zinc finger)
Q2Q1W2	[197, 242]	-
Q2Q1W2	[259, 313]	Classic Zinc Finger
Q58A45	[452, 486]	Transferase(Phosphotransferase) domain 1
Q5TAX3	[1285, 1320]	Zinc finger, CCHC-type
Q8IZQ1	[3444, 3523]	Zinc/RING finger domain, C3HC4 (zinc finger)
Q8N4N8	[199, 229]	Kinesin motor domain
Q8WWX8	[342, 361]	Sodium/glucose cotransporter
Q96BV0	[99, 220]	Classic Zinc Finger
Q99614	[130, 161]	Tetratricopeptide repeat domain
Q99728	[43, 125]	Zinc/RING finger domain, C3HC4 (zinc finger)
Q9HAR2	[99, 119]	-
Q9HAR2	[495, 550]	GPCR, family 2, extracellular hormone receptor domain
Q9NSA2	[213, 230]	Voltage-gated potassium channels. Chain C
Q9UBX5	[22, 89]	Laminin
Q9UBY9	[92, 147]	-
Q9UJQ1	[170, 192]	-
Q9UKF5	[338, 362]	Collagenase (Catalytic Domain)
Q9Y3D2	[44, 181]	Peptide methionine sulfoxide reductase.
A0ABJ7H351	[81, 149]	Zinc finger, CCCH-type
A0ABJ7H351	[240, 366]	Zinc/RING finger domain, C3HC4 (zinc finger)
O15111	[698, 727]	-
O75604	[464, 489]	Cysteine proteinases
O95243	[154, 169]	Methyl-cpg-binding Protein 2; Chain A
P23743	[695, 713]	-
P34947	[422, 474]	Transferase(Phosphotransferase) domain 1
P34947	[499, 539]	Phosphorylase Kinase; domain 1
P35680	[241, 310]	Homeodomain-like
P55201	[252, 346]	Zinc/RING finger domain, C3HC4 (zinc finger)
P56159	[307, 331]	GDNF binding domain
Q05639	[397, 424]	Translation factors
Q17R98	[373, 469]	Classic Zinc Finger
Q6NUJ1	[24, 100]	Saposin-like
Q6VAB6	[119, 161]	Transcription Factor, Ets-1
Q6VAB6	[409, 485]	-
Q6XE24	[75, 119]	-
Q7Z7M0	[139, 206]	Laminin
Q86TB3	[86, 114]	Immunoglobulins
Q8N196	[191, 245]	Homeodomain-like
Q8N8J6	[48, 74]	-
Q8NB14	[556, 628]	Cysteine proteinases
Q8ND71	[1, 25]	P-loop containing nucleotide triphosphate hydrolases
Q96E35	[149, 220]	-
Q9BYK8	[2366, 2383]	P-loop containing nucleotide triphosphate hydrolases
Q9H7F0	[885, 923]	HAD superfamily/HAD-like
Q9NPC7	[125, 159]	Potassium Channel Kv1.1; Chain A
Q9NXA8	[157, 217]	SIR2/SIRT2 'Small Domain'
Q9NXA8	[246, 309]	TPP-binding domain
Q9NYQ6	[1631, 1668]	Laminin
Q9ULY5	[174, 189]	Mannose-Binding Protein A, subunit A
Q9Y614	[305, 380]	-
C9J1S8	[431, 451]	-
O14896	[99, 115]	Winged helix-like DNA-binding domain superfamily/Winged helix DNA-binding domain
O60291	[270, 329]	Zinc/RING finger domain, C3HC4 (zinc finger)
P05156	[21, 111]	-
P09382	[0, 20]	-
P24928	[61, 93]	RNA polymerase II, clamp domain
P24928	[1441, 1485]	-
P54707	[245, 279]	Calcium-transporting ATPase, transmembrane domain
P59817	[377, 398]	Classic Zinc Finger
Q5JWF8	[95, 135]	-
Q6P3S6	[332, 361]	Kelch-type beta propeller
Q8IZT6	[1158, 1183]	Calponin-like domain
Q8N8J0	[214, 261]	Phosphatidylinositol 3-kinase Catalytic Subunit; Chain A, domain 4
Q96QK1	[650, 688]	Vacuolar protein sorting-associated protein 35, helical subcomplex Vps35-C
Q9BW30	[1, 59]	EF-hand
Q9NR09	[293, 396]	Inhibitor Of Apoptosis Protein (2mihbC-IAP-1); Chain A
Q9P0N8	[58, 142]	Zinc/RING finger domain, C3HC4 (zinc finger)
Q9UK22	[126, 144]	Galactose-binding domain-like
Q9Y561	[153, 221]	Low-density Lipoprotein Receptor
A0A1W2PRP0	[90, 121]	Winged helix-like DNA-binding domain superfamily/Winged helix DNA-binding domain
O14746	[498, 533]	-
O43196	[572, 590]	P-loop containing nucleotide triphosphate hydrolases
O43541	[204, 281]	SMAD MH1 domain
O75398	[191, 218]	SAND domain-like
O75398	[483, 557]	-
O75800	[384, 439]	-
O94772	[18, 119]	CD59
P25103	[313, 332]	Rhodopsin 7-helix transmembrane proteins
P25713	[0, 67]	Metallothionein Isoform II
P36405	[164, 181]	P-loop containing nucleotide triphosphate hydrolases
P51671	[26, 78]	-
P54646	[534, 551]	Kinase associated domain 1, KA1
P55789	[69, 101]	ERV/ALR sulfhydryl oxidase domain
Q13470	[98, 117]	Phosphorylase Kinase; domain 1
Q13470	[372, 414]	Transferase(Phosphotransferase) domain 1
Q8IX05	[141, 171]	Mannose-Binding Protein A, subunit A
Q8N7B1	[250, 299]	HORMA domain
Q99969	[68, 155]	-
Q9NYU2	[1470, 1505]	Spore Coat Polysaccharide Biosynthesis Protein SpsA; Chain A
Q9UJ71	[283, 327]	Mannose-Binding Protein A, subunit A
Q9UNA0	[369, 399]	Collagenase (Catalytic Domain)
Q9UNA0	[481, 499]	-
Q9UNA0	[873, 929]	Thrombospondin type-1 (TSP1) repeat
Q9UNE0	[5, 152]	Tumor Necrosis Factor Receptor, subunit A, domain 2
A6NCQ9	[13, 33]	Zinc/RING finger domain, C3HC4 (zinc finger)
O60575	[27, 85]	-
O95238	[220, 243]	Winged helix-like DNA-binding domain superfamily/Winged helix DNA-binding domain
P09913	[129, 169]	Tetratricopeptide repeat domain
P23219	[26, 44]	Laminin
P29122	[232, 250]	Peptidase S8/S53 domain
P42574	[33, 66]	-
Q12891	[419, 451]	Aldolase class I
Q8IV16	[55, 142]	CD59
Q8IWZ5	[240, 260]	-
Q8IY57	[20, 52]	Zinc finger, RanBP2-type
Q8N7M2	[345, 383]	Classic Zinc Finger
Q8NCJ5	[326, 367]	-
Q8NHJ6	[111, 187]	Immunoglobulins
Q8WY64	[353, 444]	Zinc/RING finger domain, C3HC4 (zinc finger)
Q969K3	[50, 106]	-
Q969K3	[317, 371]	Zinc/RING finger domain, C3HC4 (zinc finger)
Q96A28	[188, 214]	Immunoglobulins
Q96F44	[4, 143]	Zinc/RING finger domain, C3HC4 (zinc finger)
Q96F44	[259, 334]	-
Q96JG9	[3111, 3182]	Classic Zinc Finger
Q96JL9	[24, 50]	-
Q99062	[113, 191]	Immunoglobulins
Q9BWX1	[30, 228]	Zinc/RING finger domain, C3HC4 (zinc finger)
Q9NPY3	[25, 49]	Mannose-Binding Protein A, subunit A
Q9NZI8	[240, 262]	K Homology domain, type 1
Q9UBF2	[720, 749]	Coatomer, gamma subunit, appendage domain
Q9UNN5	[233, 262]	Phosphatidylinositol 3-kinase Catalytic Subunit; Chain A, domain 1
O75582	[688, 740]	Transferase(Phosphotransferase) domain 1
O75626	[8, 83]	SET domain
O75717	[293, 310]	YVTN repeat-like/Quinoprotein amine dehydrogenase
O94762	[421, 459]	P-loop containing nucleotide triphosphate hydrolases
O95858	[149, 196]	Tetraspanin
P04629	[29, 63]	Ribonuclease Inhibitor
P22362	[30, 72]	-
P42345	[343, 366]	Leucine-rich Repeat Variant
P52179	[937, 960]	Immunoglobulins
Q13702	[355, 411]	Zinc/RING finger domain, C3HC4 (zinc finger)
Q14246	[436, 465]	-
Q15858	[315, 336]	-
Q5GAN3	[86, 155]	Ribonuclease A-like domain
Q6ZRF7	[71, 110]	Classic Zinc Finger
Q8WTR7	[205, 291]	Classic Zinc Finger
Q92563	[74, 208]	-
Q92563	[328, 377]	Thyroglobulin type-1
Q9GZY0	[573, 588]	DNA helicase RuvA subunit, C-terminal domain
Q9H7B4	[10, 99]	-
Q9H7B4	[258, 273]	SET domain
Q9Y6W6	[143, 200]	Rhodanese-like domain
A0A0K0K1A3	[96, 113]	Immunoglobulins
O00159	[574, 595]	-
O00716	[310, 325]	-
O15015	[234, 316]	Classic Zinc Finger
P05362	[325, 355]	Immunoglobulins
P38570	[115, 144]	Integrin alpha, N-terminal
P38570	[739, 814]	Integrin domains. Chain A, domain 2
P50238	[0, 72]	Cysteine Rich Protein
P78310	[204, 226]	Immunoglobulins
Q00978	[242, 261]	-
Q06546	[32, 71]	Phosphatidylinositol 3-kinase Catalytic Subunit; Chain A, domain 1
Q14145	[379, 416]	Kelch-type beta propeller
Q5GAN6	[91, 215]	Ribonuclease A-like domain
Q6ZQN5	[150, 195]	Winged helix-like DNA-binding domain superfamily/Winged helix DNA-binding domain
Q86Y01	[394, 415]	Zinc/RING finger domain, C3HC4 (zinc finger)
Q8NGF1	[296, 314]	Rhodopsin 7-helix transmembrane proteins
Q92959	[143, 165]	MFS general substrate transporter like domains
Q92959	[417, 511]	-
Q9BZY9	[22, 63]	Zinc/RING finger domain, C3HC4 (zinc finger)
Q9H0B6	[420, 480]	Tetratricopeptide repeat domain
Q9HC62	[530, 555]	Adenoviral Proteinase; Chain A
Q9NQV7	[169, 228]	SET domain
Q9NQV7	[376, 412]	Classic Zinc Finger
Q9UBT3	[140, 223]	Lipase, subunit A
Q9Y6X3	[555, 593]	Tetratricopeptide repeat domain
O14638	[559, 586]	Extracellular Endonuclease, subunit A
O60449	[301, 324]	Mannose-Binding Protein A, subunit A
O75110	[473, 495]	Calcium-transporting ATPase, cytoplasmic domain N
O75110	[779, 795]	HAD superfamily/HAD-like
P02774	[69, 151]	-
P07225	[654, 675]	-
P12111	[2022, 2040]	von Willebrand factor, type A domain
P12111	[3141, 3176]	Pancreatic trypsin inhibitor Kunitz domain
P52849	[820, 841]	P-loop containing nucleotide triphosphate hydrolases
P57721	[299, 352]	K Homology domain, type 1
Q5VT06	[2529, 2575]	CAP Gly-rich-like domain
Q6AZZ1	[49, 73]	Zinc/RING finger domain, C3HC4 (zinc finger)
Q6AZZ1	[109, 137]	Classic Zinc Finger
Q6PIW4	[597, 633]	P-loop containing nucleotide triphosphate hydrolases
Q6ZT12	[138, 199]	-
Q9GZX3	[132, 158]	P-loop containing nucleotide triphosphate hydrolases
Q9H832	[225, 254]	Ubiquitin Conjugating Enzyme
Q9NZ08	[476, 512]	Neutral Protease Domain 2
Q9P1U0	[0, 125]	-
A0A0A0MS06	[80, 114]	Immunoglobulins
D6RA61	[79, 131]	Cysteine proteinases
O75912	[173, 206]	-
O75912	[983, 1017]	Ankyrin repeat-containing domain
O94910	[499, 536]	GPCR, family 2, extracellular hormone receptor domain
P07306	[138, 159]	Mannose-Binding Protein A, subunit A
P11226	[208, 247]	Mannose-Binding Protein A, subunit A
P14735	[959, 985]	Metalloenzyme, LuxS/M16 peptidase-like
P30876	[869, 892]	-
P30876	[927, 999]	DNA-directed RNA polymerase, subunit 2, domain 6
P30876	[1072, 1091]	RNA polymerase alpha subunit dimerisation domain
P48052	[248, 280]	Zn peptidases
P68032	[8, 44]	-
Q12967	[782, 801]	Phosphatidylinositol 3-kinase Catalytic Subunit; Chain A, domain 1
Q13233	[437, 508]	Zinc/RING finger domain, C3HC4 (zinc finger)
Q13233	[1242, 1257]	Transferase(Phosphotransferase) domain 1
Q15109	[125, 144]	Immunoglobulins
Q15326	[137, 152]	Zinc/RING finger domain, C3HC4 (zinc finger)
Q5T440	[35, 51]	Probable tRNA modification gtpase trme; domain 1
Q6P4F2	[93, 180]	-
Q86WS5	[240, 271]	Trypsin-like serine proteases
Q8N1N4	[398, 433]	-
Q8WXI7	[12124, 12158]	SEA domain
Q96EY1	[234, 308]	Urease metallochaperone UreE, N-terminal domain
Q96K31	[187, 251]	Tetratricopeptide repeat domain
Q9H9D4	[57, 89]	SET domain
Q9HAU8	[52, 74]	tricorn interacting facor f3 domain
B4E2M5	[126, 164]	Ankyrin repeat-containing domain
O15553	[369, 417]	Classic Zinc Finger
O75771	[288, 304]	P-loop containing nucleotide triphosphate hydrolases
O95025	[530, 594]	ligand-binding face of the semaphorins, domain 2
P08235	[589, 674]	Erythroid Transcription Factor GATA-1, subunit A
P22455	[25, 79]	Immunoglobulins
P26651	[101, 171]	Zinc finger, CCCH-type
P46013	[0, 67]	-
P51841	[765, 788]	Transferase(Phosphotransferase) domain 1
P78539	[265, 321]	Complement Module, domain 1
Q14566	[171, 192]	Nucleic acid-binding proteins
Q5JU85	[964, 999]	Pleckstrin-homology domain (PH domain)/Phosphotyrosine-binding domain (PTB)
Q6UWE3	[22, 99]	Lipase, subunit A
Q86UE8	[703, 747]	Transferase(Phosphotransferase) domain 1
Q86YV0	[531, 558]	GTPase Activation - p120gap; domain 1
Q8N1G2	[128, 178]	-
Q8N3C0	[1857, 1899]	Sec63 N-terminal domain-like domain
Q8ND24	[632, 702]	Zinc/RING finger domain, C3HC4 (zinc finger)
Q9BWP8	[164, 179]	Mannose-Binding Protein A, subunit A
Q9HBA0	[638, 665]	-
Q9NR19	[248, 275]	N-terminal domain of ligase-like
Q9P2G3	[24, 61]	Potassium Channel Kv1.1; Chain A
Q9P2G3	[608, 627]	Kelch-type beta propeller
Q9UIR0	[368, 392]	Immunoglobulins
Q9UK80	[396, 453]	Cysteine proteinases
Q9Y2T5	[324, 346]	Rhodopsin 7-helix transmembrane proteins
B1ANS9	[707, 725]	YVTN repeat-like/Quinoprotein amine dehydrogenase
O14578	[1353, 1449]	-
O43543	[247, 277]	P-loop containing nucleotide triphosphate hydrolases
O94885	[1198, 1223]	Transcription Factor, Ets-1
O95405	[696, 765]	Zinc/RING finger domain, C3HC4 (zinc finger)
P08123	[1138, 1169]	-
P35398	[62, 157]	Erythroid Transcription Factor GATA-1, subunit A
P47928	[30, 84]	Helix-loop-helix DNA-binding domain
P62906	[45, 84]	-
Q02880	[452, 474]	-
Q06330	[74, 113]	LAG1, DNA binding domain
Q13449	[183, 206]	Immunoglobulins
Q16663	[57, 112]	-
Q6ZMT9	[399, 433]	-
Q86WA8	[273, 296]	-
Q8NG27	[576, 642]	Zinc/RING finger domain, C3HC4 (zinc finger)
Q93091	[32, 142]	Ribonuclease A-like domain
Q96L21	[21, 39]	Ribosomal protein L10e/L16
Q96L21	[186, 210]	-
Q96NC0	[49, 123]	Classic Zinc Finger
Q9BXT4	[153, 236]	-
Q9UKC9	[395, 422]	Ribonuclease Inhibitor
Q9ULU4	[78, 133]	Zinc/RING finger domain, C3HC4 (zinc finger)
Q9ULU4	[1027, 1063]	-
Q9Y5J6	[25, 59]	Mitochondrial import inner membrane translocase subunit tim13 like domains
A0A2R8YCY7	[125, 185]	Immunoglobulins
A0AAQ5BIG5	[601, 670]	Zinc finger, CCHC-type
O14924	[949, 998]	Phosphatidylinositol 3-kinase Catalytic Subunit; Chain A, domain 1
O43298	[345, 460]	Classic Zinc Finger
O75023	[269, 302]	Immunoglobulins
O75064	[64, 80]	-
O75569	[273, 301]	-
O95171	[605, 665]	Cysteine Rich Protein
P19793	[122, 206]	Erythroid Transcription Factor GATA-1, subunit A
P23786	[486, 518]	Chloramphenicol acetyltransferase-like domain
P26583	[7, 49]	High mobility group box domain
P48728	[314, 334]	Aminomethyltransferase beta-barrel domains
P48960	[498, 533]	-
Q13501	[0, 45]	Phosphatidylinositol 3-kinase Catalytic Subunit; Chain A, domain 1
Q13501	[102, 180]	-
Q6UVK1	[333, 417]	-
Q6ZUT9	[11, 38]	-
Q8IXK0	[633, 686]	-
Q8IYM9	[0, 15]	Zinc/RING finger domain, C3HC4 (zinc finger)
Q8NFW9	[45, 105]	Zinc/RING finger domain, C3HC4 (zinc finger)
Q9BQW3	[156, 179]	Transcription factor COE1, DNA-binding domain
Q9GZL7	[185, 200]	YVTN repeat-like/Quinoprotein amine dehydrogenase
Q9H160	[205, 266]	Zinc/RING finger domain, C3HC4 (zinc finger)
Q9HCR9	[436, 459]	-
Q9UBT7	[236, 259]	Alpha-catenin/vinculin-like
Q9Y5Q5	[130, 146]	Frizzled cysteine-rich domain
Q9Y5Q5	[776, 821]	Trypsin-like serine proteases
O14904	[291, 364]	-
O14983	[328, 353]	Calcium-transporting ATPase, transmembrane domain
O14983	[488, 518]	HAD superfamily/HAD-like
O15031	[66, 93]	YVTN repeat-like/Quinoprotein amine dehydrogenase
O15031	[466, 524]	Immunoglobulins
O60542	[119, 147]	Cystine-knot cytokines
O60883	[423, 438]	Rhodopsin 7-helix transmembrane proteins
O75593	[81, 112]	Winged helix-like DNA-binding domain superfamily/Winged helix DNA-binding domain
P01705	[73, 111]	Immunoglobulins
P0DQW0	[0, 31]	Zinc finger, CCCH-type
P10144	[148, 243]	Trypsin-like serine proteases
P10721	[135, 160]	Immunoglobulins
P14373	[0, 142]	Zinc/RING finger domain, C3HC4 (zinc finger)
P23193	[246, 300]	-
Q02297	[53, 156]	Immunoglobulins
Q02297	[172, 240]	Laminin
Q09472	[336, 422]	TAZ domain
Q09472	[1171, 1216]	-
Q09472	[1234, 1297]	Zinc/RING finger domain, C3HC4 (zinc finger)
Q13349	[833, 862]	ntegrin, alpha v. Chain A, domain 3
Q13349	[1000, 1023]	ntegrin, alpha v. Chain A, domain 4
Q13642	[0, 109]	Cysteine Rich Protein
Q5VT99	[26, 53]	Ribonuclease Inhibitor
Q6XQN6	[441, 498]	nicotinate phosphoribosyltransferase
Q7L273	[345, 388]	E3 ubiquitin-protein ligase SopA
Q92771	[242, 315]	P-loop containing nucleotide triphosphate hydrolases
Q96NU7	[184, 209]	Metal-dependent hydrolases
Q99743	[199, 217]	PAS domain
Q99942	[20, 75]	Zinc/RING finger domain, C3HC4 (zinc finger)
Q9BSN7	[47, 64]	-
Q9BSY4	[0, 92]	-
Q9GZZ9	[292, 316]	NAD(P)-binding Rossmann-like Domain
Q9HBJ0	[107, 175]	Zona pellucida, ZP-N domain
Q9P2E2	[0, 57]	Kinesin motor domain
Q9UIL8	[65, 165]	Zinc/RING finger domain, C3HC4 (zinc finger)
A0A0C4DH59	[85, 113]	Immunoglobulins
O00584	[195, 222]	Ribonuclease T2-like
P28329	[650, 730]	Chloramphenicol acetyltransferase-like domain
Q02763	[210, 375]	Tie2 ligand-binding domain superfamily
Q6P1Q9	[110, 141]	Vaccinia Virus protein VP39
Q7Z4W2	[129, 147]	-
Q8IY34	[121, 156]	MFS general substrate transporter like domains
Q8N109	[126, 197]	Immunoglobulins
Q8NCQ7	[51, 167]	Phospholipase A2 domain
Q9BZQ2	[551, 572]	Single-stranded right-handed beta-helix, Pectin lyase-like
Q9HBT7	[25, 65]	DNA breaking-rejoining enzymes
Q9NQC7	[790, 832]	Cysteine proteinases
Q9NXH9	[137, 152]	Vaccinia Virus protein VP39
Q9UL52	[363, 378]	Trypsin-like serine proteases
Q9ULM2	[111, 228]	Classic Zinc Finger
Q9Y5T5	[43, 100]	Zinc/RING finger domain, C3HC4 (zinc finger)
Q9Y5T5	[596, 624]	Cysteine proteinases
A0AAG2TTP8	[166, 190]	-
O15143	[323, 369]	YVTN repeat-like/Quinoprotein amine dehydrogenase
O43614	[379, 395]	Rhodopsin 7-helix transmembrane proteins
P03951	[249, 281]	Hepatocyte Growth Factor
P03951	[540, 580]	Trypsin-like serine proteases
P0CF51	[87, 104]	Immunoglobulins
P18065	[28, 125]	-
P18065	[227, 320]	Thyroglobulin type-1
P29590	[52, 103]	Zinc/RING finger domain, C3HC4 (zinc finger)
P29590	[173, 236]	Classic Zinc Finger
P29803	[92, 107]	-
P54756	[255, 367]	Tumor Necrosis Factor Receptor, subunit A, domain 2
P61221	[0, 39]	P-loop containing nucleotide triphosphate hydrolases
Q14151	[424, 491]	-
Q16527	[0, 78]	Cysteine Rich Protein
Q6ZUV0	[0, 23]	Hotdog Thioesterase
Q8N0V4	[30, 53]	Ribonuclease Inhibitor
Q8N568	[644, 714]	Transferase(Phosphotransferase) domain 1
Q8N688	[18, 64]	Antimicrobial Peptide, Beta-defensin 2; Chain A
Q8TBF4	[99, 126]	Zinc finger, CCHC-type
Q96K62	[400, 505]	Classic Zinc Finger
Q9BXA6	[251, 272]	Transferase(Phosphotransferase) domain 1
Q9BXI2	[12, 30]	Mitochondrial carrier domain
Q9H2A2	[4, 46]	Aldehyde Dehydrogenase; Chain A, domain 1
Q9H3U7	[25, 150]	Thyroglobulin type-1
Q9H3U7	[301, 330]	EF-hand
Q9HAT1	[160, 177]	-
Q9P260	[1157, 1184]	Leucine-rich Repeat Variant
Q9P2N4	[442, 462]	Collagenase (Catalytic Domain)
Q9P2N4	[696, 758]	-
Q9Y4L5	[215, 272]	Zinc/RING finger domain, C3HC4 (zinc finger)
Q9Y663	[348, 374]	P-loop containing nucleotide triphosphate hydrolases
A4D1S0	[372, 404]	Mannose-Binding Protein A, subunit A
O15550	[942, 968]	Cupin
P00558	[382, 406]	Phosphoglycerate kinase, N-terminal domain
P02760	[193, 288]	Pancreatic trypsin inhibitor Kunitz domain
P03950	[27, 146]	Ribonuclease A-like domain
P11465	[298, 313]	Immunoglobulins
P54315	[450, 466]	PLAT/LH2 domain
P57081	[31, 49]	YVTN repeat-like/Quinoprotein amine dehydrogenase
Q14994	[0, 85]	Erythroid Transcription Factor GATA-1, subunit A
Q6UWV2	[123, 150]	Immunoglobulins
Q6UXN8	[191, 221]	Mannose-Binding Protein A, subunit A
Q6UY14	[895, 997]	Thrombospondin type-1 (TSP1) repeat
Q96GM8	[254, 332]	-
Q99497	[35, 56]	-
Q9NT99	[54, 84]	Ribonuclease Inhibitor
Q9UNL4	[183, 248]	Zinc/RING finger domain, C3HC4 (zinc finger)
A8MW92	[679, 698]	Zinc/RING finger domain, C3HC4 (zinc finger)
O75828	[240, 265]	NAD(P)-binding Rossmann-like Domain
P15529	[263, 289]	Complement Module, domain 1
P28328	[231, 256]	Zinc/RING finger domain, C3HC4 (zinc finger)
P29558	[86, 127]	-
P37231	[122, 211]	Erythroid Transcription Factor GATA-1, subunit A
P38398	[42, 73]	Zinc/RING finger domain, C3HC4 (zinc finger)
P42356	[1757, 1778]	Phosphatidylinositol 3-kinase Catalytic Subunit; Chain A, domain 4
P84103	[57, 85]	-
Q14626	[109, 160]	Immunoglobulins
Q2VIQ3	[187, 220]	Kinesin motor domain
Q68G74	[105, 149]	Cysteine Rich Protein
Q8N687	[18, 38]	Antimicrobial Peptide, Beta-defensin 2; Chain A
Q8NI17	[23, 40]	Immunoglobulins
Q9H1H9	[5, 24]	Kinesin motor domain
Q9HBE1	[3, 27]	Potassium Channel Kv1.1; Chain A
Q9HBE1	[604, 625]	Classic Zinc Finger
Q9HBL0	[0, 71]	-
Q9NS15	[1134, 1186]	TGF-beta binding (TB) domain
Q9NS15	[1217, 1299]	Laminin
A4D0S4	[13, 43]	Galactose-binding domain-like
E7ETH6	[47, 172]	Classic Zinc Finger
O00204	[258, 278]	P-loop containing nucleotide triphosphate hydrolases
O75106	[719, 755]	Copper amine oxidase, catalytic domain
O95267	[568, 600]	-
P07902	[104, 131]	HIT-like
P35498	[1725, 1741]	-
P50458	[44, 64]	Cysteine Rich Protein
P51617	[479, 520]	Transferase(Phosphotransferase) domain 1
P53004	[279, 295]	Dihydrodipicolinate Reductase; domain 2
P55795	[278, 293]	-
P61550	[102, 124]	ENV polyprotein, receptor-binding domain
P78317	[124, 189]	Zinc/RING finger domain, C3HC4 (zinc finger)
Q6K0P9	[349, 377]	Nucleic acid-binding proteins
Q7L590	[383, 410]	Nucleic acid-binding proteins
Q7Z5U6	[4, 26]	YVTN repeat-like/Quinoprotein amine dehydrogenase
Q8NER1	[615, 630]	-
Q8WU17	[581, 598]	Zinc/RING finger domain, C3HC4 (zinc finger)
Q96QT6	[55, 114]	Zinc/RING finger domain, C3HC4 (zinc finger)
Q9HC23	[32, 63]	Lipase, subunit A
Q9NSB2	[450, 481]	-
Q9NZL6	[632, 657]	Phosphatidylinositol 3-kinase Catalytic Subunit; Chain A, domain 1
Q9UN36	[266, 299]	alpha/beta hydrolase
P49916	[251, 266]	DNA ligase, ATP-dependent, N-terminal domain
P49916	[797, 819]	Nucleic acid-binding proteins
Q86W42	[305, 333]	YVTN repeat-like/Quinoprotein amine dehydrogenase
Q9BZM1	[54, 134]	Phospholipase A2 domain
Q9P227	[895, 916]	Rho GTPase activation protein
Q9ULT8	[473, 490]	Ankyrin repeat-containing domain
