Accession_number	Region	Domain
O75093	[33, 54]	Ribonuclease Inhibitor
O75678	[99, 150]	Zinc/RING finger domain, C3HC4 (zinc finger)
P49821	[374, 391]	NADH-ubiquinone oxidoreductase 51kDa subunit, iron-sulphur binding domain
Q5VWG9	[860, 921]	Zinc/RING finger domain, C3HC4 (zinc finger)
Q6UWY2	[191, 226]	Trypsin-like serine proteases
Q6ZMT1	[113, 170]	-
Q7Z7K2	[151, 202]	Classic Zinc Finger
Q8IWV7	[100, 128]	-
Q8NAF0	[38, 86]	Classic Zinc Finger
Q8WWI1	[1603, 1620]	Cysteine Rich Protein
Q9BRZ2	[28, 68]	Zinc/RING finger domain, C3HC4 (zinc finger)
Q9BT23	[29, 48]	Cysteine Rich Protein
Q9C0I4	[1027, 1055]	Thrombospondin type-1 (TSP1) repeat
Q9UL59	[237, 286]	Classic Zinc Finger
D6RCP7	[101, 135]	Cysteine proteinases
O43820	[352, 376]	Aldolase class I
O43915	[103, 156]	Cystine-knot cytokines
P06858	[289, 305]	alpha/beta hydrolase
Q12802	[1796, 1847]	-
Q5TC79	[420, 464]	Classic Zinc Finger
Q92954	[23, 113]	-
Q96C00	[375, 397]	Classic Zinc Finger
Q96QE4	[510, 535]	Ribonuclease Inhibitor
O00321	[167, 241]	Winged helix-like DNA-binding domain superfamily/Winged helix DNA-binding domain
O00451	[217, 298]	GDNF binding domain
O95274	[32, 65]	CD59
P0DH78	[13, 80]	Zinc/RING finger domain, C3HC4 (zinc finger)
P20701	[62, 83]	Integrin alpha, N-terminal
P24723	[211, 233]	-
Q13114	[42, 248]	Zinc/RING finger domain, C3HC4 (zinc finger)
Q13118	[360, 415]	Classic Zinc Finger
Q2TV78	[116, 262]	Plasminogen Kringle 4
Q5VTJ3	[503, 519]	Kelch-type beta propeller
Q6PEW0	[198, 224]	Trypsin-like serine proteases
Q7Z4F1	[147, 191]	Low-density Lipoprotein Receptor
Q86UF1	[170, 190]	Tetraspanin
Q8NBB4	[311, 334]	Classic Zinc Finger
Q8TDJ6	[54, 71]	YVTN repeat-like/Quinoprotein amine dehydrogenase
Q96NJ3	[503, 554]	Classic Zinc Finger
Q9BY79	[280, 306]	Low-density Lipoprotein Receptor
A8MWY0	[599, 675]	Tumor Necrosis Factor Receptor, subunit A, domain 2
O00222	[505, 540]	GPCR, family 3, nine cysteines domain
O14727	[693, 712]	YVTN repeat-like/Quinoprotein amine dehydrogenase
O43766	[95, 153]	Aldolase class I
O60309	[820, 845]	Ribonuclease Inhibitor
O75078	[381, 397]	Collagenase (Catalytic Domain)
P29274	[144, 160]	Rhodopsin 7-helix transmembrane proteins
P55285	[580, 600]	Cadherins
P55773	[92, 114]	-
P98073	[198, 226]	Low-density Lipoprotein Receptor
P98164	[658, 681]	TolB, C-terminal domain
Q15031	[495, 515]	HUPs
Q5SQ80	[90, 108]	Ankyrin repeat-containing domain
Q6UXB8	[109, 206]	CAP
Q86YH2	[390, 429]	Classic Zinc Finger
Q8TEX9	[556, 578]	Leucine-rich Repeat Variant
Q99675	[263, 282]	Zinc/RING finger domain, C3HC4 (zinc finger)
Q9BV97	[172, 189]	Classic Zinc Finger
Q9UHB6	[379, 417]	Cysteine Rich Protein
Q9Y2H8	[245, 278]	Classic Zinc Finger
Q9Y5Y6	[395, 417]	Spermadhesin, CUB domain
A6NCW7	[105, 131]	Cysteine proteinases
O95445	[146, 163]	-
P55055	[76, 167]	Erythroid Transcription Factor GATA-1, subunit A
Q07954	[467, 515]	TolB, C-terminal domain
Q6PK81	[182, 233]	Classic Zinc Finger
Q7RTV3	[158, 211]	Classic Zinc Finger
Q9H5I1	[219, 249]	SET domain
Q9HCU4	[1560, 1618]	Laminin
Q9UMW8	[223, 242]	Cysteine proteinases
Q9Y252	[621, 681]	Zinc/RING finger domain, C3HC4 (zinc finger)
A8MQ14	[214, 264]	Classic Zinc Finger
O43291	[75, 97]	Pancreatic trypsin inhibitor Kunitz domain
P20155	[35, 66]	-
Q2QGD7	[171, 224]	Classic Zinc Finger
Q5W0U4	[17, 60]	Classic Zinc Finger
Q6S9Z5	[276, 315]	Classic Zinc Finger
Q8TDY4	[340, 389]	Pleckstrin-homology domain (PH domain)/Phosphotyrosine-binding domain (PTB)
Q96BW5	[25, 47]	Metal-dependent hydrolases
Q9H6E5	[555, 583]	-
Q9H9J4	[134, 166]	Cysteine proteinases
Q9UBS8	[257, 277]	Zinc/RING finger domain, C3HC4 (zinc finger)
C9JVI0	[101, 135]	Cysteine proteinases
D6RBQ6	[101, 135]	Cysteine proteinases
P07327	[87, 135]	Medium-chain alcohol dehydrogenases, catalytic domain
P0DPI3	[190, 234]	-
Q5T764	[127, 152]	Tetratricopeptide repeat domain
Q5VW22	[579, 607]	Ankyrin repeat-containing domain
Q96CS7	[42, 91]	Pleckstrin-homology domain (PH domain)/Phosphotyrosine-binding domain (PTB)
Q9NRR2	[187, 230]	Trypsin-like serine proteases
Q9Y5U5	[16, 160]	Tumor Necrosis Factor Receptor, subunit A, domain 2
O00548	[37, 57]	-
O00755	[267, 348]	-
O43866	[27, 76]	SRCR-like domain
P10600	[342, 357]	Cystine-knot cytokines
P57682	[311, 334]	Classic Zinc Finger
Q14584	[72, 104]	Classic Zinc Finger
Q15139	[285, 329]	-
Q15910	[489, 613]	SET domain
Q6ZMP0	[58, 89]	Thrombospondin type-1 (TSP1) repeat
Q86XK2	[352, 367]	Single-stranded right-handed beta-helix, Pectin lyase-like
Q8IU81	[491, 560]	Interferon regulatory factor 2-binding protein
Q96BR5	[13, 42]	Tetratricopeptide repeat domain
Q96GW7	[639, 688]	Laminin
Q9P2D0	[200, 239]	Regulator of chromosome condensation 1/beta-lactamase-inhibitor protein II
Q9UBX7	[171, 247]	Trypsin-like serine proteases
A0A3B3IT33	[49, 73]	Zinc/RING finger domain, C3HC4 (zinc finger)
A8MUK1	[101, 135]	Cysteine proteinases
Q01973	[232, 255]	Frizzled cysteine-rich domain
Q05707	[1421, 1460]	-
Q14315	[1092, 1121]	Immunoglobulins
Q15661	[207, 232]	Trypsin-like serine proteases
Q15813	[130, 150]	Ribonuclease Inhibitor
Q16671	[67, 125]	CD59
Q38SD2	[67, 89]	Ankyrin repeat-containing domain
Q4G163	[629, 660]	-
Q5W111	[38, 59]	-
Q7RTY5	[204, 225]	Trypsin-like serine proteases
Q96T88	[291, 372]	-
Q9BTC0	[250, 328]	Zinc/RING finger domain, C3HC4 (zinc finger)
O75326	[489, 510]	ligand-binding face of the semaphorins, domain 2
O76096	[97, 113]	-
P07204	[19, 34]	Mannose-Binding Protein A, subunit A
P15289	[150, 177]	Alkaline Phosphatase, subunit A
P51888	[62, 88]	Ribonuclease Inhibitor
Q16515	[311, 348]	Acid-sensing ion channel domain
Q7Z407	[1747, 1771]	Complement Module, domain 1
Q7Z4I7	[114, 140]	Cysteine Rich Protein
Q9BR61	[248, 276]	Ankyrin repeat-containing domain
Q9HBH9	[237, 253]	Transferase(Phosphotransferase) domain 1
Q9UPT8	[385, 472]	Zinc finger, CCCH-type
Q15283	[724, 750]	Pleckstrin-homology domain (PH domain)/Phosphotyrosine-binding domain (PTB)
Q3YBR2	[224, 245]	-
Q8N8U9	[578, 684]	Laminin
Q96LM9	[32, 54]	Glycosyl transferase family 29
Q96P44	[405, 453]	-
Q9BZR9	[29, 71]	Zinc/RING finger domain, C3HC4 (zinc finger)
Q9HCL3	[191, 242]	Classic Zinc Finger
Q9Y5L4	[35, 72]	Mitochondrial import inner membrane translocase subunit tim13 like domains
C9JJH3	[105, 131]	Cysteine proteinases
O43187	[433, 500]	Transferase(Phosphotransferase) domain 1
O75094	[28, 49]	Ribonuclease Inhibitor
O75820	[136, 190]	Classic Zinc Finger
P01178	[20, 124]	Neurohypophysial hormone domain
P03999	[317, 336]	Rhodopsin 7-helix transmembrane proteins
P51693	[73, 218]	Amyloidogenic glycoprotein, heparin-binding domain
Q13129	[705, 747]	Classic Zinc Finger
Q5T1R4	[1748, 1796]	Classic Zinc Finger
Q6P6B7	[0, 44]	Ankyrin repeat-containing domain
Q8NB50	[132, 183]	Classic Zinc Finger
Q8WWW0	[113, 179]	-
Q93052	[405, 439]	Cysteine Rich Protein
Q93084	[593, 612]	Calcium-transporting ATPase, transmembrane domain
Q9BXK1	[120, 173]	Classic Zinc Finger
Q9BY15	[22, 76]	Laminin
O14867	[546, 590]	Transcription factor, Skn-1-like, DNA-binding domain
O43189	[84, 135]	Zinc/RING finger domain, C3HC4 (zinc finger)
P05160	[61, 94]	Complement Module, domain 1
P14210	[429, 484]	Plasminogen Kringle 4
P35030	[242, 267]	Trypsin-like serine proteases
P43694	[206, 244]	Erythroid Transcription Factor GATA-1, subunit A
Q15057	[396, 421]	Arf GTPase activating protein
Q16760	[176, 214]	-
Q3SXZ3	[162, 213]	Classic Zinc Finger
Q7Z2T5	[502, 522]	Vaccinia Virus protein VP39
Q7Z5L0	[158, 183]	Vitelline membrane outer layer protein I (VOMI)
Q8WTU2	[116, 144]	SRCR-like domain
Q9BX93	[64, 123]	Phospholipase A2 domain
Q9ULV1	[35, 54]	Frizzled cysteine-rich domain
O43240	[154, 184]	Trypsin-like serine proteases
O76015	[131, 154]	Vasodilator-stimulated phosphoprotein
P01730	[434, 457]	transmembrane domain of human cd4
P08571	[19, 40]	Ribonuclease Inhibitor
P0C7I0	[101, 131]	Cysteine proteinases
P35789	[192, 243]	Classic Zinc Finger
P56277	[0, 67]	CytochromE C oxidase copper chaperone
Q07864	[640, 663]	Palm domain of DNA polymerase
Q6DN03	[88, 116]	Histone, subunit A
Q7Z434	[34, 50]	Death Domain, Fas
Q96HD1	[129, 336]	Plasmodium vivax P25 domain
Q9H582	[439, 462]	Classic Zinc Finger
Q9HC78	[569, 586]	Classic Zinc Finger
A6NKQ9	[50, 169]	Cystine-knot cytokines
P02787	[182, 197]	Periplasmic binding protein-like II
P10589	[75, 155]	Erythroid Transcription Factor GATA-1, subunit A
P54764	[222, 334]	Tumor Necrosis Factor Receptor, subunit A, domain 2
Q15928	[218, 269]	Classic Zinc Finger
Q7Z5K2	[998, 1018]	Leucine-rich Repeat Variant
Q8IWU6	[434, 485]	Alkaline Phosphatase, subunit A
Q96K80	[31, 101]	-
Q96MH2	[267, 285]	-
Q9C0G0	[185, 252]	Classic Zinc Finger
Q9NS68	[27, 72]	Tumor Necrosis Factor Receptor, subunit A, domain 2
Q9UHF5	[110, 172]	Cystine-knot cytokines
Q9UNK4	[48, 74]	Phospholipase A2 domain
Q9Y210	[245, 267]	Ankyrin repeat-containing domain
P28702	[180, 274]	Erythroid Transcription Factor GATA-1, subunit A
P45880	[0, 21]	Porin
P50579	[215, 240]	Creatinase/methionine aminopeptidase superfamily
Q07912	[964, 986]	DNA helicase RuvA subunit, C-terminal domain
Q2VIR3	[90, 114]	P-loop containing nucleotide triphosphate hydrolases
Q53GT1	[505, 532]	Kelch-type beta propeller
Q7Z4Q2	[46, 68]	Leucine-rich Repeat Variant
Q86UZ6	[424, 460]	Classic Zinc Finger
Q86VK4	[210, 226]	Classic Zinc Finger
Q96PZ7	[2307, 2325]	Complement Module, domain 1
Q9BU19	[319, 375]	Classic Zinc Finger
Q9HCX3	[242, 293]	Classic Zinc Finger
Q9UJW2	[265, 284]	Cysteine proteinases
A0A096LP55	[26, 79]	Ubiquinol-cytochrome C reductase hinge domain
O14901	[415, 468]	Classic Zinc Finger
O94929	[0, 49]	Cysteine Rich Protein
P43652	[76, 114]	-
P81274	[499, 519]	Tetratricopeptide repeat domain
Q10472	[515, 548]	-
Q13615	[1141, 1183]	Zinc/RING finger domain, C3HC4 (zinc finger)
Q14839	[362, 423]	Zinc/RING finger domain, C3HC4 (zinc finger)
Q8N9V2	[43, 65]	Zinc/RING finger domain, C3HC4 (zinc finger)
Q96CA5	[272, 287]	Zinc/RING finger domain, C3HC4 (zinc finger)
Q96JB3	[433, 456]	Classic Zinc Finger
Q99988	[192, 216]	Cystine-knot cytokines
Q9BYV6	[64, 88]	Zinc/RING finger domain, C3HC4 (zinc finger)
Q9GZR1	[785, 824]	Adenoviral Proteinase; Chain A
Q9Y6L7	[577, 614]	Laminin
O14639	[59, 126]	Cysteine Rich Protein
O15541	[272, 308]	Zinc/RING finger domain, C3HC4 (zinc finger)
O75445	[4807, 4823]	Immunoglobulins
P04733	[0, 60]	Metallothionein Isoform II
P09093	[204, 228]	Trypsin-like serine proteases
P22692	[11, 109]	-
Q6X4U4	[64, 102]	Cystine-knot cytokines
Q75N03	[100, 119]	Zinc/RING finger domain, C3HC4 (zinc finger)
Q8N806	[133, 158]	Zinc/RING finger domain, C3HC4 (zinc finger)
Q8TC27	[332, 358]	Collagenase (Catalytic Domain)
Q8WYQ9	[897, 930]	Zinc finger, CCHC-type
Q9HBT6	[586, 606]	Cadherins
Q9NQX0	[188, 219]	SET domain
P00325	[87, 138]	Medium-chain alcohol dehydrogenases, catalytic domain
P26010	[34, 100]	ligand-binding face of the semaphorins, domain 2
P51689	[486, 512]	-
P78334	[400, 443]	Neurotransmitter-gated ion-channel transmembrane domain
P98168	[291, 308]	Classic Zinc Finger
Q147U1	[187, 240]	Classic Zinc Finger
Q5VZB9	[63, 135]	DM DNA-binding domain
Q96EG1	[166, 191]	Alkaline Phosphatase, subunit A
Q9BRQ0	[319, 381]	Zinc/RING finger domain, C3HC4 (zinc finger)
Q9BWF3	[151, 174]	Zinc finger, CCHC-type
Q9H9P5	[628, 679]	Zinc/RING finger domain, C3HC4 (zinc finger)
Q9NRY4	[20, 40]	P-loop containing nucleotide triphosphate hydrolases
Q9UHC7	[50, 85]	Zinc finger, CCCH-type
O15156	[337, 388]	Classic Zinc Finger
O94806	[286, 330]	-
P52746	[154, 205]	Classic Zinc Finger
Q01954	[348, 401]	Classic Zinc Finger
Q15560	[250, 298]	-
Q5JVG2	[212, 237]	Classic Zinc Finger
Q8N8U3	[447, 474]	Zinc finger, CCHC-type
Q92800	[483, 613]	SET domain
Q96JM3	[5, 28]	Classic Zinc Finger
Q9C040	[49, 70]	Zinc/RING finger domain, C3HC4 (zinc finger)
Q9H461	[96, 157]	Frizzled cysteine-rich domain
Q9NRS4	[72, 101]	Low-density Lipoprotein Receptor
O94851	[1048, 1068]	Cysteine Rich Protein
P47944	[0, 61]	Metallothionein Isoform II
P56705	[269, 323]	-
Q01974	[236, 346]	Frizzled cysteine-rich domain
Q13075	[319, 351]	Inhibitor Of Apoptosis Protein (2mihbC-IAP-1); Chain A
Q8NEG5	[223, 245]	-
Q8TD26	[1619, 1636]	Homeodomain-like
Q8TE54	[530, 569]	STAS domain
Q9BXR0	[306, 329]	Queuine tRNA-ribosyltransferase-like
Q9BYW2	[1438, 1548]	SET domain
Q9UM63	[147, 173]	Classic Zinc Finger
A0A2R8Y4M4	[16, 77]	Zinc/RING finger domain, C3HC4 (zinc finger)
O00253	[76, 110]	Agouti domain
P09544	[278, 357]	-
P34096	[83, 146]	Ribonuclease A-like domain
P49862	[126, 242]	Trypsin-like serine proteases
Q01151	[15, 38]	Immunoglobulins
Q02833	[54, 82]	Phosphatidylinositol 3-kinase Catalytic Subunit; Chain A, domain 1
Q8IWT3	[2045, 2091]	Zinc/RING finger domain, C3HC4 (zinc finger)
Q8N988	[136, 187]	Classic Zinc Finger
Q96HQ0	[194, 239]	Classic Zinc Finger
Q9BWW7	[182, 236]	Classic Zinc Finger
Q9UPX8	[283, 306]	Ankyrin repeat-containing domain
O15165	[26, 56]	Low-density Lipoprotein Receptor
O95785	[295, 318]	Classic Zinc Finger
P04003	[154, 184]	Complement Module, domain 1
P0CW18	[202, 234]	Trypsin-like serine proteases
P13224	[19, 41]	Ribonuclease Inhibitor
P17040	[701, 752]	Classic Zinc Finger
P56373	[105, 132]	atp-gated p2x4 ion channel domain
P61129	[267, 302]	Zinc finger, CCCH-type
Q14766	[158, 227]	Laminin
Q14831	[512, 578]	GPCR, family 3, nine cysteines domain
Q6ZV89	[378, 406]	SH2 domain
Q7L0R7	[403, 429]	Zinc/RING finger domain, C3HC4 (zinc finger)
Q8NF86	[139, 168]	Trypsin-like serine proteases
Q96KX2	[44, 60]	F-actin capping protein, alpha subunit
Q9GZT5	[327, 401]	-
Q9Y6U7	[307, 325]	Zinc/RING finger domain, C3HC4 (zinc finger)
A8MUP6	[34, 61]	-
O14905	[280, 325]	-
O15547	[127, 162]	atp-gated p2x4 ion channel domain
O60243	[105, 131]	P-loop containing nucleotide triphosphate hydrolases
P17031	[249, 300]	Classic Zinc Finger
P51460	[104, 130]	Insulin-like
P62736	[0, 21]	-
Q0WX57	[101, 135]	Cysteine proteinases
Q70EL2	[88, 110]	Zinc/RING finger domain, C3HC4 (zinc finger)
Q7Z478	[636, 664]	P-loop containing nucleotide triphosphate hydrolases
Q7Z6M1	[18, 45]	Kelch-type beta propeller
Q96JF6	[118, 169]	Classic Zinc Finger
Q9H2E6	[510, 551]	ligand-binding face of the semaphorins, domain 2
O94769	[106, 166]	-
O95631	[30, 103]	Galactose-binding domain-like
P02679	[154, 174]	-
P08833	[23, 113]	-
P17032	[262, 313]	Classic Zinc Finger
P52798	[142, 162]	Cupredoxins - blue copper proteins
P58215	[104, 153]	SRCR-like domain
Q2L4Q9	[184, 234]	Trypsin-like serine proteases
Q496Y0	[174, 192]	Zinc/RING finger domain, C3HC4 (zinc finger)
Q6ZNE9	[509, 570]	Zinc/RING finger domain, C3HC4 (zinc finger)
Q7Z3D6	[141, 191]	PSTPO5379-like
Q8N554	[414, 481]	Classic Zinc Finger
Q96JP5	[302, 358]	Classic Zinc Finger
Q9H8W4	[147, 233]	Zinc/RING finger domain, C3HC4 (zinc finger)
Q9HCK1	[0, 20]	DBF zinc finger
Q9NS98	[517, 556]	ligand-binding face of the semaphorins, domain 2
Q9UGU0	[1876, 1959]	Zinc/RING finger domain, C3HC4 (zinc finger)
Q9Y4G2	[570, 586]	Pleckstrin-homology domain (PH domain)/Phosphotyrosine-binding domain (PTB)
O75473	[26, 49]	Ribonuclease Inhibitor
P21912	[85, 118]	-
Q7Z5A4	[250, 273]	Trypsin-like serine proteases
Q8WV99	[0, 71]	AN1-like Zinc finger
Q9BYE2	[494, 519]	Trypsin-like serine proteases
Q9ULI3	[978, 1053]	Laminin
B7Z6K7	[83, 106]	Classic Zinc Finger
O00217	[100, 118]	-
O00327	[229, 279]	PAS domain
O75129	[742, 769]	Laminin
O75925	[197, 237]	PINIT domain
P01225	[89, 128]	Cystine-knot cytokines
P02462	[1651, 1668]	Collagen IV, non-collagenous
Q8N635	[337, 362]	Nucleic acid-binding proteins
Q96AX9	[84, 102]	-
Q9C035	[29, 67]	Zinc/RING finger domain, C3HC4 (zinc finger)
Q9H772	[70, 86]	Cystine-knot cytokines
Q9UKR8	[169, 196]	Tetraspanin
Q9UL40	[57, 88]	Classic Zinc Finger
Q9Y5X4	[36, 117]	Erythroid Transcription Factor GATA-1, subunit A
A0A1B0GTH9	[73, 107]	Classic Zinc Finger
A0A7P0TAN4	[222, 273]	Classic Zinc Finger
O43567	[263, 290]	Zinc/RING finger domain, C3HC4 (zinc finger)
O60260	[314, 391]	-
P17927	[92, 113]	Complement Module, domain 1
P21754	[280, 336]	Zona pellucida, ZP-C domain
P35414	[321, 340]	Rhodopsin 7-helix transmembrane proteins
P42677	[54, 83]	Zn-binding ribosomal proteins
Q06587	[45, 96]	Zinc/RING finger domain, C3HC4 (zinc finger)
Q6GPH4	[0, 18]	Zinc/RING finger domain, C3HC4 (zinc finger)
Q6ZVZ8	[249, 285]	Ankyrin repeat-containing domain
Q96FT7	[279, 305]	Acid-sensing ion channels like domains
Q96H40	[201, 224]	Classic Zinc Finger
Q9NXL9	[166, 204]	Nucleic acid-binding proteins
Q9UJF2	[404, 423]	GTPase Activation - p120gap; domain 1
Q9Y473	[230, 321]	Classic Zinc Finger
A2VEC9	[2216, 2278]	Low-density Lipoprotein Receptor
O60711	[141, 191]	Cysteine Rich Protein
Q12809	[58, 75]	PAS domain
Q13398	[204, 226]	Classic Zinc Finger
Q14393	[54, 79]	Coagulation Factor IX
Q9BX63	[75, 99]	P-loop containing nucleotide triphosphate hydrolases
Q9H0D6	[217, 236]	-
Q9NRA1	[280, 305]	Cystine-knot cytokines
Q9UBF6	[48, 80]	Zinc/RING finger domain, C3HC4 (zinc finger)
Q9UKP5	[371, 393]	Collagenase (Catalytic Domain)
Q9Y2J0	[87, 144]	Zinc/RING finger domain, C3HC4 (zinc finger)
Q9Y5R6	[65, 114]	DM DNA-binding domain
O95376	[128, 143]	Zinc/RING finger domain, C3HC4 (zinc finger)
O95388	[213, 264]	Thrombospondin type-1 (TSP1) repeat
P00995	[21, 78]	-
P02765	[19, 41]	-
P13497	[545, 600]	Laminin
P54753	[258, 345]	Tumor Necrosis Factor Receptor, subunit A, domain 2
Q02643	[21, 53]	GPCR, family 2, extracellular hormone receptor domain
Q6H8Q1	[0, 30]	Cysteine Rich Protein
Q6PDB4	[173, 226]	Classic Zinc Finger
Q7RTY7	[744, 770]	Trypsin-like serine proteases
Q9UGI8	[225, 248]	Cysteine Rich Protein
Q9UP79	[407, 521]	-
Q9Y2Q1	[306, 360]	Classic Zinc Finger
A0A8I5KTY6	[35, 58]	Classic Zinc Finger
O15355	[484, 509]	PPM-type phosphatase domain
P04628	[267, 369]	-
Q13133	[87, 176]	Erythroid Transcription Factor GATA-1, subunit A
Q13402	[1539, 1565]	Pleckstrin-homology domain (PH domain)/Phosphotyrosine-binding domain (PTB)
Q7LDG7	[528, 557]	-
Q8N587	[440, 463]	Classic Zinc Finger
Q8NDA2	[2182, 2204]	Immunoglobulins
Q96MU6	[172, 267]	Classic Zinc Finger
Q9NYQ7	[1718, 1742]	Laminin
Q9NZL4	[337, 357]	Leucine-rich Repeat Variant
Q9Y2I2	[69, 101]	Laminin
O60941	[264, 279]	-
P07919	[26, 79]	Ubiquinol-cytochrome C reductase hinge domain
P10275	[549, 575]	Erythroid Transcription Factor GATA-1, subunit A
P81534	[42, 66]	Antimicrobial Peptide, Beta-defensin 2; Chain A
Q01201	[194, 233]	Rel homology domain (RHD), DNA-binding domain
Q13939	[561, 577]	Kelch-type beta propeller
Q15785	[56, 73]	Tetratricopeptide repeat domain
Q5H913	[154, 173]	P-loop containing nucleotide triphosphate hydrolases
Q6UWE0	[686, 718]	Zinc/RING finger domain, C3HC4 (zinc finger)
Q6ZMZ0	[108, 176]	Zinc/RING finger domain, C3HC4 (zinc finger)
Q6ZN55	[300, 350]	Classic Zinc Finger
Q7Z6E9	[153, 183]	Zinc finger, CCHC-type
Q86Y25	[207, 258]	Classic Zinc Finger
Q969T3	[294, 310]	Tetratricopeptide repeat domain
Q99661	[246, 269]	Kinesin motor domain
Q9BZR6	[28, 51]	Ribonuclease Inhibitor
Q9H609	[103, 157]	Classic Zinc Finger
Q9UHD1	[0, 45]	-
O75603	[70, 132]	GCM motif
P01024	[683, 704]	Anaphylotoxins (complement system)
P07288	[193, 241]	Trypsin-like serine proteases
P17014	[568, 610]	Classic Zinc Finger
Q08AE8	[55, 74]	Transferase(Phosphotransferase) domain 1
Q5JNZ5	[12, 35]	Ribosomal protein S26e
Q5KSL6	[334, 351]	-
Q5VWQ8	[448, 470]	GTPase Activation - p120gap; domain 1
Q8NBP7	[461, 571]	Proprotein convertase subtilisin/kexin type 9
Q8TBC5	[432, 455]	Classic Zinc Finger
Q9H0A6	[157, 175]	-
A0AAG2TU59	[23, 40]	Zinc/RING finger domain, C3HC4 (zinc finger)
K9M1U5	[60, 82]	Interferon lambda
P00747	[41, 81]	Hepatocyte Growth Factor
P22079	[121, 144]	Haem peroxidase domain superfamily, animal type
P32239	[400, 418]	Rhodopsin 7-helix transmembrane proteins
Q03403	[19, 101]	Spasmolytic Protein, domain 1
Q17RY6	[32, 59]	CD59
Q6UXH9	[255, 289]	Laminin
Q7Z6J4	[456, 489]	Zinc/RING finger domain, C3HC4 (zinc finger)
Q8IWY8	[669, 720]	Classic Zinc Finger
Q8N2W9	[389, 424]	Zinc/RING finger domain, C3HC4 (zinc finger)
Q8WWZ7	[1272, 1292]	P-loop containing nucleotide triphosphate hydrolases
Q9NZR2	[1520, 1550]	TolB, C-terminal domain
Q9UDY6	[5, 69]	Zinc/RING finger domain, C3HC4 (zinc finger)
Q9UHJ3	[597, 636]	SLED domain
Q9UHR6	[0, 66]	-
O43506	[410, 548]	Disintegrin domain
O75317	[223, 242]	Cysteine proteinases
P01133	[734, 789]	TolB, C-terminal domain
P22681	[373, 430]	Zinc/RING finger domain, C3HC4 (zinc finger)
P34130	[134, 168]	Cystine-knot cytokines
P35368	[361, 379]	Rhodopsin 7-helix transmembrane proteins
P54278	[201, 225]	Histidine kinase-like ATPase, C-terminal domain
Q02156	[213, 229]	-
Q5T890	[421, 448]	P-loop containing nucleotide triphosphate hydrolases
Q7Z3T8	[742, 792]	Zinc/RING finger domain, C3HC4 (zinc finger)
Q9BXU1	[995, 1018]	Transferase(Phosphotransferase) domain 1
Q9UKP3	[0, 74]	-
Q9UKR0	[122, 150]	Trypsin-like serine proteases
Q9Y4D8	[3920, 3936]	Hect, E3 ligase catalytic domain
A6NN14	[367, 418]	Classic Zinc Finger
D6RJB6	[101, 135]	Cysteine proteinases
O60229	[2487, 2504]	Immunoglobulins
O60383	[375, 395]	Cystine-knot cytokines
O60494	[2136, 2181]	Spermadhesin, CUB domain
P09958	[576, 684]	Hormone Receptor, Insulin-like Growth Factor Receptor 1; Chain A, domain 2
P0DN87	[22, 53]	Cystine-knot cytokines
P55197	[14, 47]	Zinc/RING finger domain, C3HC4 (zinc finger)
Q13137	[386, 426]	-
Q7Z6J0	[16, 60]	Zinc/RING finger domain, C3HC4 (zinc finger)
Q86UU1	[74, 129]	-
Q8NAP8	[360, 435]	Classic Zinc Finger
Q9P107	[494, 525]	-
O75362	[112, 133]	Classic Zinc Finger
P15514	[139, 190]	Laminin
Q8WY41	[234, 274]	Nanos, RNA-binding domain
Q8WZ73	[325, 349]	Zinc/RING finger domain, C3HC4 (zinc finger)
Q92876	[120, 233]	Trypsin-like serine proteases
Q9HCU0	[115, 146]	Mannose-Binding Protein A, subunit A
Q9UIF8	[1939, 1980]	Zinc/RING finger domain, C3HC4 (zinc finger)
Q9ULX3	[276, 294]	Nin one binding (NOB1), Zn-ribbon-like
O00292	[240, 269]	Cystine-knot cytokines
O15303	[507, 536]	GPCR, family 3, nine cysteines domain
O95263	[745, 766]	3'5'-cyclic nucleotide phosphodiesterase, catalytic domain
O95571	[236, 253]	Ribonuclease Z/Hydroxyacylglutathione hydrolase-like
P04070	[92, 126]	Laminin
P22736	[256, 325]	Erythroid Transcription Factor GATA-1, subunit A
P48060	[182, 207]	CAP
P56703	[273, 336]	-
Q14574	[660, 680]	Cadherins
Q6ZMN7	[17, 36]	Zinc/RING finger domain, C3HC4 (zinc finger)
Q8IZC6	[1715, 1732]	-
Q8NB12	[60, 87]	-
Q8TDF5	[315, 335]	-
Q8WXD0	[59, 82]	Low-density Lipoprotein Receptor
Q96I82	[42, 177]	-
Q9H4F8	[32, 167]	Thyroglobulin type-1
Q9NRG9	[321, 340]	YVTN repeat-like/Quinoprotein amine dehydrogenase
Q9UBS5	[129, 166]	Complement Module, domain 1
Q9UEW3	[487, 519]	SRCR-like domain
Q9Y219	[40, 78]	-
O95628	[3, 28]	Zinc/RING finger domain, C3HC4 (zinc finger)
P78549	[283, 301]	Helix-hairpin-Helix base-excision DNA repair enzymes (C-terminal)
Q14112	[477, 532]	Green fluorescent protein
Q15772	[1457, 1480]	Immunoglobulins
Q53RE8	[80, 105]	Ankyrin repeat-containing domain
Q5TA31	[0, 65]	Zinc/RING finger domain, C3HC4 (zinc finger)
Q6DT37	[881, 936]	-
Q6NUN9	[444, 484]	Classic Zinc Finger
Q6UWN5	[70, 224]	CD59
Q6YHK3	[1402, 1421]	Alpha-macroglobulin, receptor-binding domain
Q8N9V3	[92, 112]	YVTN repeat-like/Quinoprotein amine dehydrogenase
Q8TC41	[412, 450]	-
Q8TF50	[99, 154]	Classic Zinc Finger
Q92994	[0, 26]	-
Q9Y6X2	[390, 427]	Zinc/RING finger domain, C3HC4 (zinc finger)
O60294	[468, 484]	Kelch-type beta propeller
P46934	[496, 524]	C2 domain
P49765	[61, 98]	Cystine-knot cytokines
P62745	[178, 195]	P-loop containing nucleotide triphosphate hydrolases
Q04912	[90, 116]	YVTN repeat-like/Quinoprotein amine dehydrogenase
Q13873	[80, 115]	CD59
Q86UQ0	[239, 290]	Classic Zinc Finger
Q8IZ26	[186, 209]	Classic Zinc Finger
Q8TCN5	[146, 169]	Classic Zinc Finger
Q8TF66	[21, 39]	Ribonuclease Inhibitor
Q9H2S5	[77, 147]	Zinc/RING finger domain, C3HC4 (zinc finger)
Q9UIF9	[1684, 1720]	Zinc/RING finger domain, C3HC4 (zinc finger)
Q9UL36	[188, 239]	Classic Zinc Finger
Q9Y4K3	[59, 114]	Zinc/RING finger domain, C3HC4 (zinc finger)
A6NK02	[46, 69]	Zinc/RING finger domain, C3HC4 (zinc finger)
O76095	[60, 94]	-
P41235	[49, 129]	Erythroid Transcription Factor GATA-1, subunit A
Q13459	[1664, 1703]	-
Q5VTL7	[403, 426]	Immunoglobulins
Q6UXU4	[30, 61]	-
Q86UD3	[60, 100]	Zinc/RING finger domain, C3HC4 (zinc finger)
Q8TD94	[186, 241]	Classic Zinc Finger
Q8WY21	[691, 736]	-
Q92785	[200, 223]	Classic Zinc Finger
Q96FE7	[59, 110]	Plasminogen Kringle 4
Q96MI9	[983, 1008]	Zn peptidases
Q96P64	[585, 607]	Ankyrin repeat-containing domain
Q9H0F5	[452, 467]	Zinc/RING finger domain, C3HC4 (zinc finger)
Q9UJU3	[280, 304]	Classic Zinc Finger
Q9Y4K0	[384, 433]	SRCR-like domain
Q9Y4X4	[308, 333]	Classic Zinc Finger
P21291	[0, 132]	Cysteine Rich Protein
P30307	[426, 456]	Rhodanese-like domain
P35555	[1721, 1787]	TGF-beta binding (TB) domain
P55000	[21, 80]	CD59
Q14520	[235, 258]	Plasminogen Kringle 4
Q5T0B9	[218, 269]	Classic Zinc Finger
Q86UN3	[31, 46]	Ribonuclease Inhibitor
Q8IZH2	[583, 598]	-
Q8N474	[248, 267]	-
Q8WX77	[22, 160]	-
Q9Y678	[720, 744]	Coatomer, gamma subunit, appendage domain
Q9Y6V0	[580, 647]	Zinc/RING finger domain, C3HC4 (zinc finger)
A6NGJ6	[31, 64]	Zinc/RING finger domain, C3HC4 (zinc finger)
O14511	[334, 350]	Laminin
O75312	[40, 55]	ZPR1, zinc finger domain
P00738	[138, 158]	Complement Module, domain 1
P18084	[50, 82]	ligand-binding face of the semaphorins, domain 2
Q15911	[616, 685]	Classic Zinc Finger
Q16587	[239, 290]	Classic Zinc Finger
Q494X3	[208, 229]	Classic Zinc Finger
Q5IJ48	[595, 649]	Laminin
Q6ZN44	[255, 297]	Thrombospondin type-1 (TSP1) repeat
Q8NB42	[293, 346]	Classic Zinc Finger
Q969Z4	[24, 130]	Tumor Necrosis Factor Receptor, subunit A, domain 2
Q96LW1	[205, 228]	Classic Zinc Finger
Q96QV1	[525, 542]	TolB, C-terminal domain
Q9BQI7	[384, 404]	Arf Nucleotide-binding Site Opener,domain 2
Q9GZT9	[10, 67]	-
Q9H270	[844, 869]	Zinc/RING finger domain, C3HC4 (zinc finger)
O15016	[186, 211]	Classic Zinc Finger
O94991	[364, 389]	Ribonuclease Inhibitor
P07814	[1469, 1496]	C-terminal domain of ProRS
P11047	[28, 101]	Galactose-binding domain-like
P17027	[109, 210]	Classic Zinc Finger
P25391	[32, 78]	Galactose-binding domain-like
P46063	[467, 486]	P-loop containing nucleotide triphosphate hydrolases
P51124	[192, 213]	Trypsin-like serine proteases
P62854	[12, 38]	Ribosomal protein S26e
P78504	[43, 82]	-
Q5W186	[125, 151]	-
Q6P2D0	[203, 254]	Classic Zinc Finger
Q8NCL4	[586, 619]	-
Q8WUU4	[222, 275]	Classic Zinc Finger
Q96JK4	[748, 781]	SRCR-like domain
Q9NSJ1	[91, 144]	Classic Zinc Finger
Q9ULH1	[444, 468]	Arf GTPase activating protein
A6NDI0	[113, 136]	Classic Zinc Finger
O00744	[307, 362]	-
P56706	[267, 319]	-
Q13434	[203, 254]	-
Q66K41	[212, 235]	Classic Zinc Finger
Q6PI77	[302, 322]	Leucine-rich Repeat Variant
Q7L0X0	[20, 50]	Ribonuclease Inhibitor
Q86VZ6	[164, 189]	Classic Zinc Finger
Q8IXL7	[26, 49]	Peptide methionine sulfoxide reductase.
Q8IY33	[177, 247]	Cysteine Rich Protein
Q8N883	[196, 246]	Classic Zinc Finger
Q8NEN9	[870, 900]	-
Q96NU0	[542, 601]	Laminin
Q9H2X3	[357, 379]	Mannose-Binding Protein A, subunit A
Q9NRC8	[214, 237]	TPP-binding domain
Q9ULL4	[468, 516]	Immunoglobulins
C9J2P7	[101, 135]	Cysteine proteinases
O00187	[137, 161]	Laminin
O94941	[472, 536]	Zinc/RING finger domain, C3HC4 (zinc finger)
P00326	[87, 135]	Medium-chain alcohol dehydrogenases, catalytic domain
P13942	[1566, 1621]	-
P17036	[191, 242]	Classic Zinc Finger
P23942	[210, 231]	Tetraspanin
Q13308	[189, 210]	Immunoglobulins
Q13464	[1245, 1286]	-
Q14416	[490, 511]	GPCR, family 3, nine cysteines domain
Q8NEA6	[335, 387]	Classic Zinc Finger
Q92729	[16, 37]	-
Q9H4W6	[149, 179]	Transcription factor COE1, DNA-binding domain
Q9ULX5	[42, 137]	Zinc/RING finger domain, C3HC4 (zinc finger)
Q9Y2Y9	[158, 213]	Classic Zinc Finger
O14709	[361, 412]	Classic Zinc Finger
O95428	[708, 813]	Pancreatic trypsin inhibitor Kunitz domain
P08253	[275, 344]	Fibronectin, type II, collagen-binding
P17029	[368, 419]	Classic Zinc Finger
Q14541	[0, 81]	Erythroid Transcription Factor GATA-1, subunit A
Q5VUR7	[90, 108]	Ankyrin repeat-containing domain
Q6P9F5	[0, 83]	Zinc/RING finger domain, C3HC4 (zinc finger)
Q86TJ2	[21, 42]	-
Q86XP1	[188, 226]	-
Q96PM5	[126, 155]	Zinc/RING finger domain, C3HC4 (zinc finger)
Q96S42	[274, 289]	Cystine-knot cytokines
Q9BUB5	[208, 265]	Transferase(Phosphotransferase) domain 1
Q9BXP8	[745, 825]	Collagenase (Catalytic Domain)
Q9H1J5	[260, 350]	-
Q9UHC6	[554, 601]	Laminin
Q9Y6I4	[0, 90]	Zinc/RING finger domain, C3HC4 (zinc finger)
A2CJ06	[217, 234]	-
A6NLI5	[31, 64]	Zinc/RING finger domain, C3HC4 (zinc finger)
O95294	[670, 713]	Pleckstrin-homology domain (PH domain)/Phosphotyrosine-binding domain (PTB)
P0C8F1	[66, 86]	CD59
Q08431	[24, 79]	Laminin
Q10469	[374, 395]	Spore Coat Polysaccharide Biosynthesis Protein SpsA; Chain A
Q16134	[575, 601]	-
Q16629	[96, 124]	Zinc finger, CCHC-type
Q5EBL2	[27, 78]	Classic Zinc Finger
Q6P1J6	[1265, 1285]	SGNH hydrolase
Q8N1G0	[661, 764]	Classic Zinc Finger
Q8NES8	[22, 47]	Antimicrobial Peptide, Beta-defensin 2; Chain A
Q9P1Y6	[97, 153]	Zinc/RING finger domain, C3HC4 (zinc finger)
Q9UL58	[370, 449]	Classic Zinc Finger
Q9UM73	[449, 474]	Low-density Lipoprotein Receptor
Q9Y5K2	[187, 211]	Trypsin-like serine proteases
O75688	[156, 181]	PPM-type phosphatase domain
P12931	[479, 508]	Transferase(Phosphotransferase) domain 1
P53804	[1946, 2005]	Zinc/RING finger domain, C3HC4 (zinc finger)
Q8NFT6	[290, 313]	DBF zinc finger
Q96BT7	[332, 358]	-
Q96C24	[52, 107]	Zinc/RING finger domain, C3HC4 (zinc finger)
Q96P11	[356, 371]	Vaccinia Virus protein VP39
Q9H8U3	[7, 44]	-
O00110	[61, 189]	Classic Zinc Finger
P0CJ78	[218, 277]	Classic Zinc Finger
P38935	[886, 941]	AN1-like Zinc finger
Q3SXY7	[23, 43]	Ribonuclease Inhibitor
Q86TC9	[988, 1011]	Immunoglobulins
Q92698	[675, 708]	P-loop containing nucleotide triphosphate hydrolases
Q9HAW0	[0, 42]	-
O75051	[504, 550]	Immunoglobulins
P10073	[259, 310]	Classic Zinc Finger
P13945	[255, 282]	Rhodopsin 7-helix transmembrane proteins
P52594	[18, 47]	Arf GTPase activating protein
P54198	[285, 301]	YVTN repeat-like/Quinoprotein amine dehydrogenase
Q13064	[98, 119]	Zinc finger, CCCH-type
Q5DT21	[28, 55]	-
Q8IZP6	[284, 302]	Zinc/RING finger domain, C3HC4 (zinc finger)
Q9H0F6	[343, 386]	Zn-finger domain of Sec23/24
Q9Y468	[611, 655]	-
P25490	[287, 339]	Classic Zinc Finger
P62684	[537, 604]	Zinc finger, CCHC-type
Q13751	[41, 78]	Galactose-binding domain-like
Q3T906	[439, 477]	-
Q5VTR2	[894, 931]	Zinc/RING finger domain, C3HC4 (zinc finger)
Q6ZN04	[507, 564]	Zinc/RING finger domain, C3HC4 (zinc finger)
Q8IUL8	[112, 215]	Thrombospondin type-1 (TSP1) repeat
Q8N0Y2	[170, 193]	Classic Zinc Finger
Q8N446	[9, 47]	Classic Zinc Finger
Q92547	[233, 255]	BRCT domain
Q96FZ2	[0, 48]	SOS response associated peptidase-like
Q96JY6	[275, 321]	Cysteine Rich Protein
Q9BQ90	[279, 306]	Kelch-type beta propeller
Q9BXR6	[112, 156]	Complement Module, domain 1
Q9BXX0	[655, 675]	-
O75150	[938, 958]	Zinc/RING finger domain, C3HC4 (zinc finger)
P08048	[443, 498]	Classic Zinc Finger
P08069	[169, 262]	Receptor L-domain
P0C6A0	[197, 272]	Erythroid Transcription Factor GATA-1, subunit A
P49327	[623, 649]	Malonyl-Coenzyme A Acyl Carrier Protein, domain 2
Q03112	[200, 241]	Classic Zinc Finger
Q58WW2	[121, 145]	YVTN repeat-like/Quinoprotein amine dehydrogenase
Q6ZN30	[818, 838]	Classic Zinc Finger
Q7Z713	[19, 37]	Ankyrin repeat-containing domain
Q8N8Y5	[78, 129]	Classic Zinc Finger
Q92804	[354, 379]	Zinc finger, RanBP2-type
Q969S2	[307, 331]	-
Q9NYJ8	[30, 51]	DNA helicase RuvA subunit, C-terminal domain
Q9Y490	[1467, 1495]	Alpha-catenin/vinculin-like
A6NDX5	[198, 221]	Classic Zinc Finger
P04731	[0, 60]	Metallothionein Isoform II
P16233	[310, 330]	alpha/beta hydrolase
P21246	[36, 99]	Pleiotrophin/Midkine, N-terminal domain
P27701	[165, 202]	Tetraspanin
P37173	[54, 76]	CD59
P61968	[47, 65]	Cysteine Rich Protein
P98153	[23, 75]	Low-density Lipoprotein Receptor
Q13886	[134, 189]	Classic Zinc Finger
Q16651	[200, 243]	Trypsin-like serine proteases
Q5UAW9	[290, 307]	Rhodopsin 7-helix transmembrane proteins
Q70EL1	[214, 234]	Cysteine proteinases
Q7Z3K3	[485, 508]	Classic Zinc Finger
Q86YJ5	[104, 138]	Zinc/RING finger domain, C3HC4 (zinc finger)
Q99684	[275, 326]	Classic Zinc Finger
Q9HCI7	[47, 88]	Zinc/RING finger domain, C3HC4 (zinc finger)
Q9NY28	[551, 573]	-
Q9Y337	[167, 279]	Trypsin-like serine proteases
O15391	[245, 297]	Classic Zinc Finger
O75081	[545, 601]	-
P19544	[314, 369]	Classic Zinc Finger
P35523	[808, 828]	CBS-domain
P78364	[789, 840]	-
Q0VAF6	[17, 56]	Crystallins
Q15796	[59, 83]	SMAD MH1 domain
Q86VP1	[746, 769]	-
Q8N3J9	[22, 39]	Classic Zinc Finger
Q8N475	[62, 123]	-
Q8TF46	[28, 48]	5'-nuclease
Q969G2	[52, 70]	Cysteine Rich Protein
Q9BUL5	[331, 393]	Zinc/RING finger domain, C3HC4 (zinc finger)
Q9BYN7	[341, 364]	Classic Zinc Finger
Q9H3T3	[528, 543]	ligand-binding face of the semaphorins, domain 2
O15060	[334, 386]	Classic Zinc Finger
O94855	[288, 325]	beta-sandwich domain of Sec23/24
O94886	[293, 311]	-
P01877	[66, 119]	Immunoglobulins
P20151	[198, 240]	Trypsin-like serine proteases
P57727	[389, 409]	Trypsin-like serine proteases
P98161	[23, 53]	Ribonuclease Inhibitor
Q15746	[1164, 1192]	Immunoglobulins
Q5JSP0	[527, 592]	Zinc/RING finger domain, C3HC4 (zinc finger)
Q68DV7	[249, 276]	Zinc/RING finger domain, C3HC4 (zinc finger)
Q7L622	[0, 33]	Zinc/RING finger domain, C3HC4 (zinc finger)
Q8IVE3	[1077, 1096]	MyTH4 domain
Q8N3T1	[459, 476]	Spore Coat Polysaccharide Biosynthesis Protein SpsA; Chain A
Q8TDM5	[18, 106]	CD59
Q9BRP7	[325, 342]	Bira Bifunctional Protein; Domain 2
Q9UID6	[225, 240]	Classic Zinc Finger
Q9UPR6	[262, 289]	Classic Zinc Finger
Q9Y466	[5, 87]	Erythroid Transcription Factor GATA-1, subunit A
O14525	[700, 728]	Laminin
O60337	[0, 23]	Zinc/RING finger domain, C3HC4 (zinc finger)
O60635	[173, 194]	Tetraspanin
O95630	[386, 408]	Cytidine Deaminase, domain 2
P01876	[3, 29]	Immunoglobulins
P23458	[799, 830]	Transferase(Phosphotransferase) domain 1
P52740	[105, 156]	Classic Zinc Finger
P62877	[48, 69]	Zinc/RING finger domain, C3HC4 (zinc finger)
Q14995	[110, 173]	Erythroid Transcription Factor GATA-1, subunit A
Q2M2W7	[182, 206]	-
Q6ZR52	[41, 82]	Classic Zinc Finger
Q86W24	[744, 761]	Ribonuclease Inhibitor
Q86XN8	[589, 648]	Zinc/RING finger domain, C3HC4 (zinc finger)
Q8IZ20	[341, 364]	Classic Zinc Finger
Q8TCT1	[160, 183]	HAD superfamily/HAD-like
Q96NJ6	[132, 183]	Classic Zinc Finger
Q9NZK7	[96, 141]	Phospholipase A2 domain
P00751	[87, 112]	Complement Module, domain 1
P14780	[242, 314]	Fibronectin, type II, collagen-binding
P52742	[197, 256]	Classic Zinc Finger
Q13574	[119, 138]	-
Q8TF61	[715, 735]	Ribonuclease Inhibitor
Q96I27	[54, 72]	Classic Zinc Finger
Q96K83	[237, 324]	Classic Zinc Finger
Q9NRX4	[60, 80]	Janus/Ocnus
O14978	[369, 420]	Classic Zinc Finger
O60765	[205, 256]	Classic Zinc Finger
P06213	[173, 355]	Receptor L-domain
P17023	[180, 234]	Classic Zinc Finger
P30518	[338, 367]	Rhodopsin 7-helix transmembrane proteins
P54107	[167, 212]	CAP
Q05586	[434, 452]	Periplasmic binding protein-like II
Q149N8	[1421, 1440]	Zinc/RING finger domain, C3HC4 (zinc finger)
Q8IWV8	[94, 117]	-
Q8IYX8	[346, 371]	-
Q8TE56	[395, 415]	Collagenase (Catalytic Domain)
Q96SZ4	[338, 361]	Classic Zinc Finger
Q99558	[600, 631]	Transferase(Phosphotransferase) domain 1
Q9ULW2	[19, 51]	Frizzled cysteine-rich domain
P0CG23	[476, 527]	Classic Zinc Finger
P17039	[195, 246]	Classic Zinc Finger
P56199	[539, 567]	Integrin alpha, N-terminal
P59046	[730, 754]	Ribonuclease Inhibitor
Q3MJ16	[732, 749]	Cytosolic phospholipase A2 catalytic domain
Q8IV04	[90, 120]	Ypt/Rab-GAP domain of gyp1p, domain 1
Q9NQX1	[423, 476]	Classic Zinc Finger
Q9UKQ9	[188, 232]	Trypsin-like serine proteases
P07202	[133, 155]	Haem peroxidase domain superfamily, animal type
P0DP57	[27, 68]	CD59
P10646	[81, 130]	Pancreatic trypsin inhibitor Kunitz domain
P26640	[1081, 1102]	Isoleucyl-tRNA Synthetase; Domain 1
P29320	[219, 331]	Tumor Necrosis Factor Receptor, subunit A, domain 2
P41587	[23, 47]	GPCR, family 2, extracellular hormone receptor domain
Q8TDB6	[550, 608]	Zinc/RING finger domain, C3HC4 (zinc finger)
Q8TE49	[867, 919]	-
Q96T92	[254, 311]	Classic Zinc Finger
Q99469	[123, 168]	-
Q9NPR2	[579, 606]	ligand-binding face of the semaphorins, domain 2
Q9UQ26	[112, 171]	Zinc/RING finger domain, C3HC4 (zinc finger)
O43903	[204, 227]	Gas2-like domain
O95754	[506, 522]	ligand-binding face of the semaphorins, domain 2
P51449	[20, 100]	Erythroid Transcription Factor GATA-1, subunit A
Q5JZY3	[229, 343]	Tumor Necrosis Factor Receptor, subunit A, domain 2
Q6QN14	[101, 135]	Cysteine proteinases
Q6ZNA1	[209, 260]	Classic Zinc Finger
Q7L3T8	[280, 301]	Bira Bifunctional Protein; Domain 2
Q96T76	[538, 556]	Leucine-rich Repeat Variant
Q9BXU3	[371, 408]	Zinc finger, RanBP2-type
Q9NQV6	[167, 195]	SET domain
Q9UPV7	[109, 142]	Zinc/RING finger domain, C3HC4 (zinc finger)
O95361	[66, 163]	-
O95460	[570, 590]	-
P13385	[69, 129]	Laminin
P32320	[0, 21]	Cytidine Deaminase, domain 2
Q6NXE6	[462, 480]	Leucine-rich Repeat Variant
Q7Z7L9	[213, 264]	Classic Zinc Finger
Q86UD4	[194, 245]	Classic Zinc Finger
Q8WV37	[362, 413]	Classic Zinc Finger
Q96ME7	[163, 211]	Classic Zinc Finger
Q96P53	[306, 329]	YVTN repeat-like/Quinoprotein amine dehydrogenase
Q9BY66	[1164, 1180]	Zinc/RING finger domain, C3HC4 (zinc finger)
Q9H156	[333, 358]	Ribonuclease Inhibitor
Q9UNY5	[294, 345]	Classic Zinc Finger
A6NGD5	[33, 53]	DNA breaking-rejoining enzymes
P09486	[61, 158]	-
P35442	[901, 955]	TSP type-3 repeat
P63128	[537, 604]	Zinc finger, CCHC-type
Q02447	[589, 637]	Classic Zinc Finger
Q4G0T1	[189, 249]	SRCR-like domain
Q6GMV2	[90, 145]	-
Q8NCP5	[393, 441]	Classic Zinc Finger
Q969Q1	[64, 86]	Zinc/RING finger domain, C3HC4 (zinc finger)
Q96BD5	[480, 515]	Zinc/RING finger domain, C3HC4 (zinc finger)
Q96L96	[1526, 1551]	MHCK/EF2 kinase
Q9BQB4	[80, 176]	Cystine-knot cytokines
Q9NXR8	[352, 415]	Zinc/RING finger domain, C3HC4 (zinc finger)
Q9UBG7	[49, 74]	LAG1, DNA binding domain
Q9UK23	[295, 438]	Tie2 ligand-binding domain superfamily
Q9Y6R0	[184, 213]	Pleckstrin-homology domain (PH domain)/Phosphotyrosine-binding domain (PTB)
C9J798	[684, 713]	Pleckstrin-homology domain (PH domain)/Phosphotyrosine-binding domain (PTB)
O43313	[75, 100]	Classic Zinc Finger
O60658	[90, 108]	-
P43353	[210, 225]	Aldehyde Dehydrogenase; Chain A, domain 2
P51523	[199, 249]	Classic Zinc Finger
P63215	[40, 59]	Transducin (heterotrimeric G protein), gamma chain
Q13422	[481, 504]	Classic Zinc Finger
Q5JT82	[274, 324]	Classic Zinc Finger
Q8N393	[185, 205]	Classic Zinc Finger
Q96SW2	[315, 336]	Peptide methionine sulfoxide reductase.
Q9BZE0	[192, 212]	Classic Zinc Finger
Q9NSI5	[229, 248]	Immunoglobulins
Q9NW64	[162, 182]	Zinc finger, CCCH-type
Q9NZ20	[148, 193]	Phospholipase A2 domain
O15496	[73, 139]	Phospholipase A2 domain
O60687	[63, 86]	Complement Module, domain 1
P01031	[696, 721]	Anaphylotoxins (complement system)
P20393	[139, 202]	Erythroid Transcription Factor GATA-1, subunit A
Q52M93	[289, 312]	Classic Zinc Finger
Q5DID0	[110, 163]	Elafin-like
Q5T6S3	[91, 107]	Zinc/RING finger domain, C3HC4 (zinc finger)
Q8N680	[354, 477]	Classic Zinc Finger
Q96AY2	[269, 289]	ERCC4, Mus81-Eme1 complex, nuclease domain, subdomain 1
Q96MR9	[339, 390]	Classic Zinc Finger
Q9BS34	[92, 111]	Classic Zinc Finger
Q9HBX8	[17, 52]	Ribonuclease Inhibitor
O43150	[343, 394]	Pleckstrin-homology domain (PH domain)/Phosphotyrosine-binding domain (PTB)
P08118	[24, 85]	Complement Module, domain 1
P27635	[0, 24]	Ribosomal protein L10e/L16
P56270	[270, 321]	Classic Zinc Finger
Q13698	[243, 263]	-
Q6BEB4	[260, 312]	Classic Zinc Finger
Q9BQ04	[153, 174]	Zinc finger, CCHC-type
Q9UC07	[153, 206]	Classic Zinc Finger
Q9Y4C4	[426, 451]	ROC domain from the Parkinson's disease-associated leucine-rich repeat kinase 2
O15392	[24, 62]	Inhibitor Of Apoptosis Protein (2mihbC-IAP-1); Chain A
O95970	[36, 60]	Ribonuclease Inhibitor
P07315	[12, 31]	Crystallins
P15882	[236, 262]	-
P29323	[257, 330]	Tumor Necrosis Factor Receptor, subunit A, domain 2
P49736	[334, 364]	Nucleic acid-binding proteins
P59923	[476, 499]	Classic Zinc Finger
Q8WXI3	[231, 269]	Ankyrin repeat-containing domain
Q92585	[19, 46]	-
Q99075	[119, 151]	Laminin
Q99814	[195, 213]	PAS domain
Q9BRG2	[269, 297]	Ras guanine-nucleotide exchange factors catalytic domain
Q9UPN9	[115, 197]	Zinc/RING finger domain, C3HC4 (zinc finger)
A8MTY0	[161, 189]	Classic Zinc Finger
P52943	[0, 65]	Cysteine Rich Protein
P53667	[7, 29]	Cysteine Rich Protein
Q02930	[7, 32]	Classic Zinc Finger
Q15776	[313, 364]	Classic Zinc Finger
Q4FZB7	[274, 300]	SET domain
Q6IQ21	[207, 230]	Classic Zinc Finger
Q8TF27	[472, 494]	Ankyrin repeat-containing domain
Q8WYH8	[178, 239]	Zinc/RING finger domain, C3HC4 (zinc finger)
Q92974	[51, 95]	-
Q9BXB1	[21, 52]	Ribonuclease Inhibitor
Q9P2R6	[123, 162]	-
O75151	[39, 62]	Zinc/RING finger domain, C3HC4 (zinc finger)
P10071	[471, 529]	Classic Zinc Finger
P11215	[95, 114]	Integrin alpha, N-terminal
P11474	[103, 142]	Erythroid Transcription Factor GATA-1, subunit A
P14410	[77, 93]	Spasmolytic Protein, domain 1
P36888	[463, 483]	Immunoglobulins
P55198	[0, 25]	Zinc/RING finger domain, C3HC4 (zinc finger)
Q6UXD5	[330, 358]	Complement Module, domain 1
Q86YT6	[74, 99]	-
Q8NDP4	[175, 200]	Classic Zinc Finger
Q9BRH9	[228, 281]	Classic Zinc Finger
Q9P2F9	[36, 146]	Classic Zinc Finger
Q9UBP4	[136, 279]	Lipase, subunit A
Q9UMF0	[414, 452]	Immunoglobulins
Q9UPQ4	[30, 71]	Zinc/RING finger domain, C3HC4 (zinc finger)
O00154	[81, 106]	Hotdog Thioesterase
O60911	[163, 184]	Cysteine proteinases
O75541	[107, 164]	Classic Zinc Finger
O94933	[362, 388]	Ribonuclease Inhibitor
P14543	[379, 432]	Green fluorescent protein
P21580	[376, 416]	-
P62068	[206, 241]	Cysteine proteinases
Q16610	[209, 297]	-
Q8NCW0	[78, 101]	Plasminogen Kringle 4
Q8WUB8	[369, 497]	Zinc/RING finger domain, C3HC4 (zinc finger)
Q96L34	[675, 702]	Kinase associated domain 1, KA1
Q9BZZ2	[642, 668]	Immunoglobulins
Q9H336	[211, 250]	CAP
Q9NYG5	[24, 49]	Zinc/RING finger domain, C3HC4 (zinc finger)
Q9UPQ0	[983, 1025]	Cysteine Rich Protein
Q9Y2A4	[160, 183]	Classic Zinc Finger
Q9Y5J7	[31, 58]	Mitochondrial import inner membrane translocase subunit tim13 like domains
A1L3X4	[0, 48]	Metallothionein Isoform II
A1Z1Q3	[105, 130]	Leucine Aminopeptidase, subunit E, domain 1
A8MPS7	[246, 270]	Glycoside hydrolase/deacetylase
O95718	[132, 161]	Erythroid Transcription Factor GATA-1, subunit A
P0C0L4	[691, 745]	Anaphylotoxins (complement system)
P62072	[18, 63]	Mitochondrial import inner membrane translocase subunit tim13 like domains
Q15034	[325, 346]	Regulator of chromosome condensation 1/beta-lactamase-inhibitor protein II
Q15697	[28, 62]	DNA breaking-rejoining enzymes
Q7Z408	[2112, 2132]	Complement Module, domain 1
Q8N4Q1	[42, 103]	-
Q9H1F0	[21, 69]	Elafin-like
Q9NUK0	[18, 76]	-
Q9P2R3	[703, 754]	Ankyrin repeat-containing domain
Q9Y5R5	[111, 161]	DM DNA-binding domain
O43296	[44, 75]	-
O95450	[516, 542]	-
P07996	[924, 950]	TSP type-3 repeat
P36508	[156, 211]	Classic Zinc Finger
P57071	[390, 413]	Classic Zinc Finger
P98095	[577, 646]	Laminin
Q06828	[65, 90]	Ribonuclease Inhibitor
Q14392	[416, 438]	Ribonuclease Inhibitor
Q86XJ1	[196, 225]	Gas2-like domain
Q8TF47	[202, 225]	Classic Zinc Finger
Q8WWF5	[334, 360]	Zinc/RING finger domain, C3HC4 (zinc finger)
Q9UKS7	[489, 513]	Classic Zinc Finger
B7Z1M9	[247, 267]	C2 domain
F5H094	[452, 474]	-
O15354	[469, 485]	Rhodopsin 7-helix transmembrane proteins
O75152	[19, 89]	-
P10276	[77, 157]	Erythroid Transcription Factor GATA-1, subunit A
P55010	[91, 147]	-
P55259	[467, 482]	Zona pellucida, ZP-C domain
P58397	[354, 382]	Collagenase (Catalytic Domain)
Q03167	[711, 727]	Zona pellucida, ZP-C domain
Q12830	[2901, 2924]	Zinc/RING finger domain, C3HC4 (zinc finger)
Q4KWH8	[341, 356]	Phosphatidylinositol (PI) phosphodiesterase
Q6NUM6	[341, 359]	Aldolase class I
Q7Z442	[117, 144]	Mannose-Binding Protein A, subunit A
Q8NHG8	[150, 217]	Zinc/RING finger domain, C3HC4 (zinc finger)
Q96KV7	[1482, 1499]	YVTN repeat-like/Quinoprotein amine dehydrogenase
Q9NQ79	[534, 614]	Laminin
Q9ULT6	[268, 289]	Zinc/RING finger domain, C3HC4 (zinc finger)
O43439	[496, 552]	-
O43829	[268, 319]	Classic Zinc Finger
P00749	[54, 131]	Plasminogen Kringle 4
P01859	[3, 29]	Immunoglobulins
P09871	[332, 368]	Complement Module, domain 1
P13598	[37, 61]	Immunoglobulins
P16109	[368, 409]	Complement Module, domain 1
Q02223	[23, 45]	Tumor necrosis factor receptor superfamily
Q15654	[268, 291]	Cysteine Rich Protein
Q17RB8	[129, 167]	Zinc/RING finger domain, C3HC4 (zinc finger)
Q6AHZ1	[81, 105]	Classic Zinc Finger
Q7Z419	[5, 49]	Zinc/RING finger domain, C3HC4 (zinc finger)
Q8TAX0	[194, 250]	Classic Zinc Finger
Q9UKZ9	[290, 310]	-
Q9UPQ7	[15, 35]	Zinc/RING finger domain, C3HC4 (zinc finger)
A4D1P6	[407, 423]	YVTN repeat-like/Quinoprotein amine dehydrogenase
O15273	[0, 17]	titin domain like
P01229	[97, 135]	Cystine-knot cytokines
Q15013	[39, 66]	-
Q3KNV8	[37, 64]	Zinc/RING finger domain, C3HC4 (zinc finger)
Q5EBN2	[86, 102]	Classic Zinc Finger
Q86SR1	[556, 577]	-
Q8N3F8	[153, 224]	Cysteine Rich Protein
Q8N972	[93, 154]	Classic Zinc Finger
Q8TD17	[334, 415]	Classic Zinc Finger
Q96AP4	[145, 211]	Classic Zinc Finger
Q96EK2	[333, 405]	Zinc/RING finger domain, C3HC4 (zinc finger)
Q96IZ6	[122, 152]	Vaccinia Virus protein VP39
Q96JB6	[101, 141]	SRCR-like domain
Q96PN7	[1004, 1029]	Classic Zinc Finger
Q9BYH1	[799, 815]	Complement Module, domain 1
Q9H1K0	[155, 199]	Zinc/RING finger domain, C3HC4 (zinc finger)
Q9P2G1	[171, 193]	Ankyrin repeat-containing domain
Q9Y5S2	[1028, 1084]	-
O95714	[2699, 2779]	-
Q5K4E3	[226, 255]	Trypsin-like serine proteases
Q6ZN18	[252, 280]	Classic Zinc Finger
Q8IVP9	[259, 310]	Classic Zinc Finger
Q92576	[709, 779]	Zinc/RING finger domain, C3HC4 (zinc finger)
Q9BQ16	[79, 163]	-
Q9H0B8	[141, 174]	CAP
Q9NXT0	[53, 111]	Classic Zinc Finger
P04155	[21, 83]	Spasmolytic Protein, domain 1
P35354	[17, 37]	Laminin
Q14896	[1248, 1273]	Immunoglobulins
Q63HQ2	[777, 820]	Laminin
Q6R6M4	[78, 131]	Cysteine proteinases
Q8WUH1	[0, 20]	Transcription activator, Churchill
Q9H3S3	[390, 413]	Trypsin-like serine proteases
Q9HBD1	[22, 52]	Zinc/RING finger domain, C3HC4 (zinc finger)
Q9HDB9	[534, 604]	Zinc finger, CCHC-type
Q9NTI5	[562, 586]	Leucine-rich Repeat Variant
O00238	[21, 111]	CD59
O14960	[23, 59]	Glucose Permease (Domain IIA)
P10153	[42, 64]	Ribonuclease A-like domain
P35070	[30, 99]	Laminin
P58549	[52, 75]	Single helix bin
P98182	[246, 294]	Classic Zinc Finger
Q14596	[223, 252]	-
Q14681	[91, 111]	Potassium Channel Kv1.1; Chain A
Q15406	[15, 129]	Erythroid Transcription Factor GATA-1, subunit A
Q6ZT77	[137, 162]	Classic Zinc Finger
Q8NFA0	[1532, 1555]	Cysteine proteinases
Q8TEW6	[41, 59]	Pleckstrin-homology domain (PH domain)/Phosphotyrosine-binding domain (PTB)
Q96MF7	[203, 224]	Zinc/RING finger domain, C3HC4 (zinc finger)
Q96QS1	[163, 180]	Tetraspanin
Q9NTX7	[0, 44]	Zinc/RING finger domain, C3HC4 (zinc finger)
Q9P0K1	[384, 402]	Collagenase (Catalytic Domain)
D6R901	[101, 135]	Cysteine proteinases
O00144	[100, 161]	Frizzled cysteine-rich domain
O15197	[251, 375]	Tumor Necrosis Factor Receptor, subunit A, domain 2
O43164	[622, 644]	Zinc/RING finger domain, C3HC4 (zinc finger)
O75443	[583, 652]	Laminin
P0CW20	[67, 84]	Cysteine Rich Protein
P10827	[0, 114]	Erythroid Transcription Factor GATA-1, subunit A
P51948	[0, 58]	Zinc/RING finger domain, C3HC4 (zinc finger)
Q02509	[93, 177]	Phospholipase A2 domain
Q03405	[20, 42]	CD59
Q68DK2	[1807, 1880]	Zinc/RING finger domain, C3HC4 (zinc finger)
Q8IW36	[343, 382]	Classic Zinc Finger
Q9BSG1	[164, 215]	Classic Zinc Finger
Q9H3Y0	[217, 240]	CAP
Q9Y2M0	[27, 73]	Classic Zinc Finger
P0C7X2	[202, 222]	Classic Zinc Finger
P52747	[228, 283]	Classic Zinc Finger
Q92782	[186, 209]	Classic Zinc Finger
Q9BZL6	[172, 197]	-
Q9C019	[5, 69]	Zinc/RING finger domain, C3HC4 (zinc finger)
Q9NVS9	[75, 91]	Electron Transport, Fmn-binding Protein; Chain A
Q9UMN6	[1193, 1210]	Zinc/RING finger domain, C3HC4 (zinc finger)
Q9Y242	[281, 344]	Zinc/RING finger domain, C3HC4 (zinc finger)
P02788	[181, 203]	Periplasmic binding protein-like II
P35590	[213, 353]	Tie2 ligand-binding domain superfamily
P49711	[486, 579]	Classic Zinc Finger
P51805	[485, 532]	Immunoglobulins
P78348	[315, 342]	Acid-sensing ion channel domain
Q08629	[75, 205]	-
Q14191	[925, 947]	P-loop containing nucleotide triphosphate hydrolases
Q2VPK5	[377, 396]	HUPs
Q8TDD2	[259, 310]	Classic Zinc Finger
Q93097	[310, 388]	-
Q96RE9	[258, 311]	Classic Zinc Finger
Q9P243	[290, 313]	Classic Zinc Finger
Q9UEG4	[560, 583]	Classic Zinc Finger
Q9Y2K1	[113, 133]	Potassium Channel Kv1.1; Chain A
A1YPR0	[355, 406]	Classic Zinc Finger
O95159	[81, 109]	Zinc/RING finger domain, C3HC4 (zinc finger)
P09884	[1265, 1314]	DNA Polymerase alpha, zinc finger
P51504	[178, 197]	Classic Zinc Finger
Q12836	[117, 186]	Spasmolytic Protein, domain 1
Q15262	[1187, 1208]	Protein tyrosine phosphatase superfamily
Q16665	[197, 233]	PAS domain
Q16667	[102, 126]	Protein tyrosine phosphatase superfamily
Q63ZY6	[172, 187]	Vaccinia Virus protein VP39
Q8NCK3	[149, 200]	Classic Zinc Finger
Q96AG4	[125, 149]	Ribonuclease Inhibitor
Q9NQ38	[286, 342]	-
O60671	[265, 281]	-
P05067	[51, 68]	Amyloidogenic glycoprotein, heparin-binding domain
P10826	[77, 157]	Erythroid Transcription Factor GATA-1, subunit A
P15976	[188, 237]	Erythroid Transcription Factor GATA-1, subunit A
P26842	[17, 151]	Tumor Necrosis Factor Receptor, subunit A, domain 2
P53803	[8, 48]	RNA polymerase ii, chain L
P98175	[211, 242]	Zinc finger, RanBP2-type
Q12899	[28, 63]	Zinc/RING finger domain, C3HC4 (zinc finger)
Q13029	[351, 404]	Classic Zinc Finger
Q13201	[1034, 1069]	Laminin
Q15375	[223, 337]	Tumor Necrosis Factor Receptor, subunit A, domain 2
Q53EL9	[759, 780]	Complement Module, domain 1
Q6NT52	[18, 137]	Cystine-knot cytokines
Q6P4A8	[463, 485]	-
Q6ZRF8	[10, 74]	Zinc/RING finger domain, C3HC4 (zinc finger)
Q7RTY9	[237, 254]	Trypsin-like serine proteases
Q86YI8	[224, 286]	Zinc/RING finger domain, C3HC4 (zinc finger)
Q8IXT2	[31, 80]	DM DNA-binding domain
Q96GM1	[168, 189]	Phosphatidic acid phosphatase type 2/haloperoxidase
Q9P2V4	[23, 38]	Ribonuclease Inhibitor
Q9UK53	[345, 408]	Zinc/RING finger domain, C3HC4 (zinc finger)
Q9UPG8	[182, 205]	Classic Zinc Finger
O00151	[249, 316]	Cysteine Rich Protein
O15047	[1690, 1706]	SET domain
O75581	[588, 606]	TolB, C-terminal domain
P16473	[18, 40]	Ribonuclease Inhibitor
Q13145	[48, 113]	CD59
Q7Z5Q1	[516, 538]	Cytoplasmic polyadenylation element-binding protein, ZZ domain
Q8IZJ3	[1699, 1765]	-
Q96Q42	[218, 266]	Regulator of chromosome condensation 1/beta-lactamase-inhibitor protein II
Q99748	[153, 174]	Cystine-knot cytokines
Q9C0F3	[129, 180]	Classic Zinc Finger
Q9H4G8	[13, 47]	DPH Zinc finger
Q9NZU5	[232, 255]	Cysteine Rich Protein
Q9UGM5	[210, 234]	-
O14594	[1173, 1279]	Complement Module, domain 1
O14921	[3, 18]	-
O15151	[419, 475]	Zinc/RING finger domain, C3HC4 (zinc finger)
O75594	[60, 83]	Peptidoglycan recognition protein-like
P07358	[94, 163]	Low-density Lipoprotein Receptor
P49767	[154, 176]	Cystine-knot cytokines
P51522	[120, 165]	Classic Zinc Finger
P58166	[229, 252]	Cystine-knot cytokines
P78357	[946, 969]	-
P82921	[40, 62]	Ribosomal protein S8
Q13126	[134, 152]	Nucleoside phosphorylase domain
Q15811	[1610, 1630]	C2 domain
Q5T1V6	[100, 140]	-
Q6ZN79	[107, 134]	Classic Zinc Finger
Q7Z5L9	[494, 563]	Interferon regulatory factor 2-binding protein
Q9H116	[308, 391]	Classic Zinc Finger
Q9HAJ7	[18, 39]	-
O00237	[618, 639]	Zinc/RING finger domain, C3HC4 (zinc finger)
O75339	[108, 230]	Thrombospondin type-1 (TSP1) repeat
P10398	[128, 153]	-
P23352	[135, 181]	Elafin-like
P28331	[117, 146]	-
Q14134	[162, 196]	-
Q6UXN2	[46, 69]	Immunoglobulins
Q86VF2	[1161, 1187]	Immunoglobulins
Q8NCA9	[92, 143]	Classic Zinc Finger
Q96G46	[113, 186]	Zinc finger, CCCH-type
Q96PC2	[167, 193]	Inositol polyphosphate kinase
Q99835	[53, 80]	Frizzled cysteine-rich domain
Q9BRX9	[230, 250]	YVTN repeat-like/Quinoprotein amine dehydrogenase
Q9H898	[44, 86]	Classic Zinc Finger
Q9UKP4	[349, 381]	Collagenase (Catalytic Domain)
Q9UNE2	[111, 141]	Zinc/RING finger domain, C3HC4 (zinc finger)
O43451	[82, 127]	Spasmolytic Protein, domain 1
P0DN86	[20, 139]	Cystine-knot cytokines
Q05996	[622, 643]	Zona pellucida, ZP-C domain
Q14990	[125, 249]	-
Q15075	[1347, 1410]	Zinc/RING finger domain, C3HC4 (zinc finger)
Q4G1C9	[199, 224]	CAP
Q8N7K0	[133, 186]	Classic Zinc Finger
Q8NFW1	[424, 445]	-
Q8NHY2	[156, 176]	Zinc/RING finger domain, C3HC4 (zinc finger)
Q96MI6	[80, 98]	PPM-type phosphatase domain
Q96RD9	[154, 182]	Immunoglobulins
Q9NRG4	[254, 276]	SET domain
Q9NY57	[334, 355]	Phosphorylase Kinase; domain 1
Q9P218	[1034, 1071]	-
Q9Y620	[598, 615]	SWI2/SNF2 ATPases, N-terminal domain
O76014	[131, 154]	Vasodilator-stimulated phosphoprotein
Q08380	[82, 132]	SRCR-like domain
Q15027	[409, 434]	Arf GTPase activating protein
Q3KNS6	[147, 170]	Classic Zinc Finger
Q5T6C5	[232, 269]	-
Q8TB69	[228, 252]	Classic Zinc Finger
Q96GF1	[28, 48]	Zinc/RING finger domain, C3HC4 (zinc finger)
Q9BUK0	[5, 39]	CytochromE C oxidase copper chaperone
Q9H4T2	[227, 278]	Classic Zinc Finger
O60637	[163, 189]	Tetraspanin
O75882	[246, 301]	Laminin
P03952	[93, 114]	Hepatocyte Growth Factor
P54762	[242, 328]	Tumor Necrosis Factor Receptor, subunit A, domain 2
Q06889	[296, 347]	Classic Zinc Finger
Q16288	[35, 54]	Ribonuclease Inhibitor
Q5HY98	[206, 257]	Classic Zinc Finger
Q6ZNG0	[201, 228]	Classic Zinc Finger
Q7Z410	[143, 200]	Low-density Lipoprotein Receptor
Q8NB46	[473, 499]	Ankyrin repeat-containing domain
Q9BVT8	[158, 178]	Phosphatidylinositol 3-kinase Catalytic Subunit; Chain A, domain 1
O00482	[78, 155]	Erythroid Transcription Factor GATA-1, subunit A
O15393	[111, 149]	Low-density Lipoprotein Receptor
O43918	[288, 349]	Zinc/RING finger domain, C3HC4 (zinc finger)
P04085	[118, 149]	Cystine-knot cytokines
P08476	[303, 318]	-
P20231	[207, 232]	Trypsin-like serine proteases
P32926	[565, 604]	Cadherins
P35670	[351, 369]	-
P78332	[543, 568]	-
Q00987	[294, 328]	Zn-finger domain of Sec23/24
Q05655	[188, 217]	-
Q08ER8	[330, 383]	Classic Zinc Finger
Q14644	[696, 721]	Pleckstrin-homology domain (PH domain)/Phosphotyrosine-binding domain (PTB)
Q16822	[414, 434]	-
Q5TEC3	[252, 298]	Classic Zinc Finger
Q6PF04	[195, 246]	Classic Zinc Finger
Q8N2S1	[142, 189]	Laminin
Q8NI32	[54, 157]	CD59
Q8WU90	[102, 128]	Zinc finger, CCCH-type
Q96PR1	[67, 94]	Potassium Channel Kv1.1; Chain A
Q9NR12	[271, 289]	Cysteine Rich Protein
Q9NWS9	[323, 346]	Classic Zinc Finger
Q9NYW8	[448, 499]	Classic Zinc Finger
Q9UJW8	[344, 395]	Classic Zinc Finger
P41732	[169, 192]	Tetraspanin
Q8IVC4	[205, 256]	Classic Zinc Finger
Q8WWQ8	[2209, 2229]	Mannose-Binding Protein A, subunit A
Q96N22	[217, 242]	Classic Zinc Finger
B7ZLF3	[28, 82]	Classic Zinc Finger
P08217	[202, 225]	Trypsin-like serine proteases
P0CG36	[79, 131]	Laminin
P21860	[172, 340]	Hormone Receptor, Insulin-like Growth Factor Receptor 1; Chain A, domain 2
P22749	[121, 144]	Saposin-like
P54132	[1052, 1075]	P-loop containing nucleotide triphosphate hydrolases
Q07869	[91, 118]	Erythroid Transcription Factor GATA-1, subunit A
Q2TBC4	[73, 97]	Cysteine Rich Protein
Q5VYS8	[1336, 1369]	Zinc finger, CCHC-type
Q6DJT9	[176, 227]	Classic Zinc Finger
Q8N9L1	[162, 180]	Classic Zinc Finger
Q8TBB1	[3, 31]	Zinc/RING finger domain, C3HC4 (zinc finger)
C9JLJ4	[101, 135]	Cysteine proteinases
O95396	[222, 240]	NAD(P)-binding Rossmann-like Domain
P0CW19	[67, 84]	Cysteine Rich Protein
P11229	[249, 272]	Rhodopsin 7-helix transmembrane proteins
P31150	[391, 417]	FAD/NAD(P)-binding domain
P52738	[152, 203]	Classic Zinc Finger
Q13705	[17, 60]	CD59
Q5T4F4	[339, 410]	Zinc/RING finger domain, C3HC4 (zinc finger)
Q96I34	[123, 144]	Ankyrin repeat-containing domain
Q96KQ4	[24, 44]	Phosphatidylinositol 3-kinase Catalytic Subunit; Chain A, domain 1
Q9H1K6	[320, 346]	Talin, central domain
Q9NRL2	[1150, 1204]	Zinc/RING finger domain, C3HC4 (zinc finger)
Q9NX58	[12, 29]	-
A8MXY4	[388, 439]	Classic Zinc Finger
O43692	[227, 242]	CAP
P00533	[177, 344]	Hormone Receptor, Insulin-like Growth Factor Receptor 1; Chain A, domain 2
P22413	[603, 632]	Extracellular Endonuclease, subunit A
Q5T5D7	[178, 229]	Classic Zinc Finger
Q7Z5J4	[1769, 1827]	Zinc/RING finger domain, C3HC4 (zinc finger)
Q86WI3	[609, 627]	Ribonuclease Inhibitor
Q8TDZ2	[686, 755]	Cysteine Rich Protein
Q93008	[1721, 1736]	Cysteine proteinases
Q96KQ7	[931, 984]	SET domain
Q96PQ0	[704, 747]	-
Q9BUY5	[135, 187]	Classic Zinc Finger
Q9BVI0	[657, 699]	Zinc/RING finger domain, C3HC4 (zinc finger)
Q9C000	[882, 906]	Ribonuclease Inhibitor
Q9H4Q3	[592, 644]	Classic Zinc Finger
Q9NYA4	[1121, 1178]	Zinc/RING finger domain, C3HC4 (zinc finger)
Q9UPP1	[75, 98]	Cupin
A1KZ92	[707, 731]	Haem peroxidase domain superfamily, animal type
E7ERA6	[40, 168]	Zinc/RING finger domain, C3HC4 (zinc finger)
O14829	[364, 384]	-
O60609	[305, 335]	GDNF binding domain
O75954	[163, 184]	Tetraspanin
P10828	[80, 168]	Erythroid Transcription Factor GATA-1, subunit A
P43250	[118, 141]	Phosphorylase Kinase; domain 1
Q14142	[8, 38]	Classic Zinc Finger
Q15047	[722, 801]	SET domain
Q504Q3	[652, 672]	Cysteine proteinases
Q6ZMM2	[61, 107]	Thrombospondin type-1 (TSP1) repeat
Q6ZNL6	[1250, 1285]	Zinc/RING finger domain, C3HC4 (zinc finger)
Q8NHM4	[188, 206]	Trypsin-like serine proteases
Q92670	[311, 327]	Classic Zinc Finger
Q96JM2	[461, 500]	Classic Zinc Finger
Q9BUD6	[305, 330]	Thrombospondin type-1 (TSP1) repeat
Q9C030	[29, 68]	Zinc/RING finger domain, C3HC4 (zinc finger)
Q9C037	[1, 61]	Zinc/RING finger domain, C3HC4 (zinc finger)
Q9C0A0	[711, 743]	-
Q9NQ86	[104, 127]	Zinc/RING finger domain, C3HC4 (zinc finger)
Q9UBR4	[53, 71]	Cysteine Rich Protein
A4QPH2	[281, 306]	Phosphatidylinositol 3-kinase Catalytic Subunit; Chain A, domain 4
P03971	[477, 501]	Cystine-knot cytokines
Q02985	[103, 154]	Complement Module, domain 1
Q6U7Q0	[52, 103]	Classic Zinc Finger
Q86VB7	[49, 76]	SRCR-like domain
Q8IUD6	[50, 71]	Zinc/RING finger domain, C3HC4 (zinc finger)
Q8IUQ4	[53, 84]	Zinc/RING finger domain, C3HC4 (zinc finger)
Q9HCC9	[824, 868]	Zinc/RING finger domain, C3HC4 (zinc finger)
Q9NR16	[232, 253]	SRCR-like domain
P05107	[24, 82]	ligand-binding face of the semaphorins, domain 2
P56730	[127, 174]	Plasminogen Kringle 4
Q04771	[24, 54]	CD59
Q14526	[498, 549]	Classic Zinc Finger
Q15493	[3, 22]	TolB, C-terminal domain
Q2I0M4	[35, 53]	Ribonuclease Inhibitor
Q6P9A1	[230, 281]	Classic Zinc Finger
Q86XT4	[80, 95]	Classic Zinc Finger
Q8IWR0	[854, 875]	Classic Zinc Finger
Q8N1W1	[655, 708]	-
Q8N8N0	[19, 63]	Zinc/RING finger domain, C3HC4 (zinc finger)
Q9NQ03	[146, 200]	Classic Zinc Finger
Q9P0L1	[374, 425]	Classic Zinc Finger
C9JSJ3	[532, 566]	High mobility group box domain
O75694	[626, 654]	-
P05981	[337, 363]	Trypsin-like serine proteases
P15622	[190, 241]	Classic Zinc Finger
P62508	[152, 188]	Erythroid Transcription Factor GATA-1, subunit A
Q01101	[258, 315]	Classic Zinc Finger
Q9HCE3	[663, 680]	Classic Zinc Finger
Q9Y314	[34, 61]	Zinc/RING finger domain, C3HC4 (zinc finger)
Q9Y330	[378, 429]	Classic Zinc Finger
A0A0B4J1T7	[29, 62]	CD59
O60241	[551, 567]	GPCR, family 2, extracellular hormone receptor domain
O96028	[659, 739]	Zinc/RING finger domain, C3HC4 (zinc finger)
P06681	[47, 98]	Complement Module, domain 1
P35858	[32, 51]	Ribonuclease Inhibitor
Q14993	[235, 259]	-
Q5TD97	[38, 70]	Cysteine Rich Protein
Q8IVH2	[300, 327]	-
Q8IYR2	[295, 318]	-
Q8N720	[203, 254]	Classic Zinc Finger
Q96SC8	[59, 99]	DM DNA-binding domain
Q99612	[191, 246]	Classic Zinc Finger
Q9Y4C0	[191, 243]	Laminin
P08709	[66, 89]	Coagulation Factor IX
P23921	[404, 423]	-
P32927	[74, 98]	Immunoglobulins
P52736	[205, 256]	Classic Zinc Finger
P53420	[1569, 1589]	Collagen IV, non-collagenous
P98174	[725, 808]	Zinc/RING finger domain, C3HC4 (zinc finger)
Q08AG5	[92, 117]	Classic Zinc Finger
Q13625	[24, 52]	Phosphatidylinositol 3-kinase Catalytic Subunit; Chain A, domain 1
Q14508	[27, 123]	Elafin-like
Q16819	[663, 691]	Laminin
Q5T1H1	[311, 353]	Laminin
Q5VYX0	[40, 63]	-
Q6ZSG1	[285, 313]	Zinc/RING finger domain, C3HC4 (zinc finger)
Q70CQ3	[223, 246]	Cysteine proteinases
Q70EK9	[223, 243]	Zinc/RING finger domain, C3HC4 (zinc finger)
Q7RTY8	[778, 795]	Trypsin-like serine proteases
Q8WY91	[0, 19]	THAP domain
Q96P47	[833, 852]	Ankyrin repeat-containing domain
Q9BXA9	[670, 753]	Classic Zinc Finger
Q9Y2K6	[0, 46]	Zinc/RING finger domain, C3HC4 (zinc finger)
O75509	[56, 220]	Tumor Necrosis Factor Receptor, subunit A, domain 2
O75764	[299, 343]	-
P08174	[90, 107]	Complement Module, domain 1
Q13835	[460, 485]	Leucine-rich Repeat Variant
Q5FWF4	[616, 653]	Zn-finger domain of Sec23/24
Q8IV20	[390, 405]	CNF1/YfiH-like putative cysteine hydrolases
Q8N1W2	[286, 303]	Classic Zinc Finger
Q8NB66	[1127, 1156]	-
Q96GE5	[160, 183]	Classic Zinc Finger
Q9BY31	[246, 314]	Classic Zinc Finger
Q9H5V7	[355, 418]	Classic Zinc Finger
Q9P0M4	[118, 143]	Cystine-knot cytokines
Q9P2E8	[158, 191]	Zinc/RING finger domain, C3HC4 (zinc finger)
Q9UIC8	[2, 33]	Vaccinia Virus protein VP39
Q9Y2Y4	[362, 415]	Classic Zinc Finger
Q9Y483	[98, 144]	Zinc/RING finger domain, C3HC4 (zinc finger)
Q9Y581	[168, 186]	Insulin-like
O14773	[517, 535]	Peptidase S8/S53 domain
O14964	[155, 224]	Zinc/RING finger domain, C3HC4 (zinc finger)
P02461	[1251, 1281]	-
Q12933	[63, 79]	Zinc/RING finger domain, C3HC4 (zinc finger)
Q13241	[150, 174]	Mannose-Binding Protein A, subunit A
Q8N5C8	[22, 51]	DNA helicase RuvA subunit, C-terminal domain
Q8NDX5	[793, 817]	-
Q96AP0	[127, 160]	-
Q9BYV1	[213, 268]	Type I PLP-dependent aspartate aminotransferase-like (Major domain)
A0A0U1RRI6	[190, 207]	-
O43257	[94, 153]	-
O75373	[164, 215]	Classic Zinc Finger
P01860	[3, 36]	Immunoglobulins
P02795	[0, 60]	Metallothionein Isoform II
P17019	[439, 490]	Classic Zinc Finger
P33992	[186, 215]	-
Q10588	[147, 166]	NAD(P)-binding Rossmann-like Domain
Q13263	[54, 193]	Zinc/RING finger domain, C3HC4 (zinc finger)
Q5MCW4	[205, 256]	Classic Zinc Finger
Q5VST9	[487, 510]	Immunoglobulins
Q8N104	[24, 45]	Antimicrobial Peptide, Beta-defensin 2; Chain A
Q8N5P1	[186, 273]	Zinc finger, CCCH-type
Q8N859	[277, 328]	Classic Zinc Finger
Q8WV22	[194, 240]	Zinc/RING finger domain, C3HC4 (zinc finger)
Q99523	[709, 749]	-
Q9NQT5	[56, 90]	-
O15535	[245, 296]	Classic Zinc Finger
P42701	[185, 205]	Immunoglobulins
P58294	[49, 91]	Lipase, subunit A
Q04206	[88, 129]	Rel homology domain (RHD), DNA-binding domain
Q5VV52	[106, 157]	Classic Zinc Finger
Q7L3S4	[57, 105]	Classic Zinc Finger
Q7Z7A3	[0, 18]	HUPs
Q8TEY7	[50, 93]	Zinc/RING finger domain, C3HC4 (zinc finger)
Q8WUA4	[542, 563]	YVTN repeat-like/Quinoprotein amine dehydrogenase
Q93098	[245, 350]	-
Q9C0B9	[1122, 1155]	Zinc finger, CCHC-type
Q9H1Z9	[236, 258]	Tetraspanin
O00602	[100, 120]	Gamma Fibrinogen, chain A, domain 1
O15235	[53, 102]	Nucleic acid-binding proteins
O95633	[27, 74]	TGF-beta binding (TB) domain
P14770	[16, 33]	Ribonuclease Inhibitor
P16112	[2272, 2357]	Laminin
P28698	[478, 527]	Classic Zinc Finger
P34896	[373, 396]	Aspartate Aminotransferase, domain 1
P52739	[282, 331]	Classic Zinc Finger
Q6UXM1	[36, 62]	Ribonuclease Inhibitor
Q8IZP7	[164, 193]	P-loop containing nucleotide triphosphate hydrolases
Q8N488	[16, 52]	Zinc finger, RanBP2-type
Q8NBF1	[196, 212]	Classic Zinc Finger
Q96NW4	[700, 729]	Ankyrin repeat-containing domain
Q9HC57	[55, 113]	Elafin-like
Q9NQZ8	[401, 452]	Classic Zinc Finger
Q9Y336	[152, 173]	Immunoglobulins
P01127	[119, 150]	Cystine-knot cytokines
P40313	[200, 219]	Trypsin-like serine proteases
P41091	[90, 114]	P-loop containing nucleotide triphosphate hydrolases
Q8N141	[161, 212]	Classic Zinc Finger
Q8N895	[244, 295]	Classic Zinc Finger
Q8NA82	[648, 682]	Zinc/RING finger domain, C3HC4 (zinc finger)
Q92743	[21, 139]	-
Q96BH1	[187, 210]	Zinc/RING finger domain, C3HC4 (zinc finger)
Q96SE7	[280, 331]	Classic Zinc Finger
Q96SL8	[191, 242]	Classic Zinc Finger
Q9H195	[13101, 13162]	Laminin
Q9Y2I7	[150, 206]	Zinc/RING finger domain, C3HC4 (zinc finger)
O14686	[120, 145]	Zinc/RING finger domain, C3HC4 (zinc finger)
O15344	[33, 68]	Zinc/RING finger domain, C3HC4 (zinc finger)
O60636	[152, 170]	Tetraspanin
P00748	[151, 280]	Laminin
P00750	[66, 98]	Complement Module, domain 1
P03372	[205, 254]	Erythroid Transcription Factor GATA-1, subunit A
P17025	[225, 276]	Classic Zinc Finger
P21941	[229, 268]	Laminin
Q6PJE2	[118, 174]	Zona pellucida, ZP-C domain
Q6Q0C0	[129, 170]	Zinc/RING finger domain, C3HC4 (zinc finger)
Q7Z3G6	[119, 143]	Cysteine Rich Protein
Q7Z736	[399, 421]	Phosphatidylinositol 3-kinase Catalytic Subunit; Chain A, domain 1
Q8NEZ4	[279, 311]	Zinc/RING finger domain, C3HC4 (zinc finger)
Q8TDW5	[53, 107]	Zinc/RING finger domain, C3HC4 (zinc finger)
Q96HA7	[218, 239]	Tetratricopeptide repeat domain
Q9BQS8	[1168, 1190]	Zinc/RING finger domain, C3HC4 (zinc finger)
Q9P2S2	[195, 250]	Laminin
P11161	[331, 384]	Classic Zinc Finger
P38936	[2, 43]	p27
P51884	[31, 52]	Ribonuclease Inhibitor
P83881	[1, 24]	-
Q02386	[183, 206]	Classic Zinc Finger
Q13285	[31, 82]	Erythroid Transcription Factor GATA-1, subunit A
Q16787	[296, 460]	Laminin
Q5VTD9	[183, 234]	Classic Zinc Finger
Q6DD87	[271, 294]	Classic Zinc Finger
Q8IWB7	[305, 329]	Zinc/RING finger domain, C3HC4 (zinc finger)
Q8TDE3	[39, 59]	Ribonuclease A-like domain
Q9H8W5	[18, 33]	Zinc/RING finger domain, C3HC4 (zinc finger)
Q9HBF4	[595, 663]	Zinc/RING finger domain, C3HC4 (zinc finger)
Q9UJL9	[270, 321]	Classic Zinc Finger
Q9UKZ4	[1465, 1488]	TolB, C-terminal domain
Q9Y3A3	[84, 103]	MOB kinase activator
Q0D2K5	[16, 187]	Tie2 ligand-binding domain superfamily
Q13253	[178, 193]	Cystine-knot cytokines
Q14929	[393, 447]	Classic Zinc Finger
Q15303	[175, 273]	Hormone Receptor, Insulin-like Growth Factor Receptor 1; Chain A, domain 2
Q16568	[74, 104]	CART, C-terminal domain
Q6P1L6	[260, 311]	Classic Zinc Finger
Q86X76	[48, 69]	Carbon-nitrogen hydrolase
Q8IZD2	[110, 172]	Zinc/RING finger domain, C3HC4 (zinc finger)
Q8WXI4	[76, 93]	Hotdog Thioesterase
Q96BD0	[498, 514]	-
Q96KR1	[322, 349]	Classic Zinc Finger
Q9GZU2	[496, 549]	Classic Zinc Finger
Q9NP62	[97, 125]	GCM motif
Q9UHD0	[117, 137]	-
Q9UHF7	[655, 725]	Classic Zinc Finger
A6NC86	[27, 63]	CD59
O00585	[20, 41]	-
Q13907	[75, 95]	Nucleoside Triphosphate Pyrophosphohydrolase
Q86VZ4	[322, 353]	Low-density Lipoprotein Receptor
Q8N6G6	[336, 368]	Thrombospondin type-1 (TSP1) repeat
Q8TE60	[442, 462]	Collagenase (Catalytic Domain)
Q9H7R5	[169, 220]	Classic Zinc Finger
Q9H977	[287, 307]	YVTN repeat-like/Quinoprotein amine dehydrogenase
Q9NSV4	[676, 696]	-
B2RTY4	[2032, 2056]	-
B4DU55	[223, 274]	Classic Zinc Finger
O75382	[29, 71]	Zinc/RING finger domain, C3HC4 (zinc finger)
P23771	[238, 296]	Erythroid Transcription Factor GATA-1, subunit A
P78552	[84, 133]	Immunoglobulins
Q05513	[37, 81]	Phosphatidylinositol 3-kinase Catalytic Subunit; Chain A, domain 1
Q14258	[0, 71]	Zinc/RING finger domain, C3HC4 (zinc finger)
Q63HR2	[35, 88]	-
Q6ZMJ4	[184, 208]	Interleukin-34
Q96A37	[8, 81]	Zinc/RING finger domain, C3HC4 (zinc finger)
Q96NS5	[240, 269]	Ankyrin repeat-containing domain
Q9H4P4	[15, 62]	Zinc/RING finger domain, C3HC4 (zinc finger)
Q9P0K7	[90, 123]	Ankyrin repeat-containing domain
Q9P2Y4	[76, 99]	Classic Zinc Finger
Q9UDV6	[360, 399]	Classic Zinc Finger
O43255	[84, 123]	Zinc/RING finger domain, C3HC4 (zinc finger)
P00734	[49, 138]	Plasminogen Kringle 4
P05556	[17, 84]	ligand-binding face of the semaphorins, domain 2
P51815	[356, 407]	Classic Zinc Finger
Q12873	[351, 432]	Zinc/RING finger domain, C3HC4 (zinc finger)
Q6UW60	[585, 610]	Hormone Receptor, Insulin-like Growth Factor Receptor 1; Chain A, domain 2
Q8IYU2	[161, 191]	Ankyrin repeat-containing domain
Q92537	[38, 60]	Complement Module, domain 1
Q96RI1	[126, 226]	Erythroid Transcription Factor GATA-1, subunit A
Q9H2U9	[339, 373]	Collagenase (Catalytic Domain)
Q9H324	[360, 382]	Collagenase (Catalytic Domain)
Q9P255	[384, 435]	Classic Zinc Finger
Q9Y6L6	[448, 474]	-
A8MTI9	[224, 248]	Trypsin-like serine proteases
B1AKI9	[222, 270]	Thrombospondin type-1 (TSP1) repeat
P02458	[1304, 1325]	-
P20023	[199, 224]	Complement Module, domain 1
P36980	[103, 158]	Complement Module, domain 1
Q3KQV3	[116, 146]	Classic Zinc Finger
Q68DX3	[130, 167]	Transferase(Phosphotransferase) domain 1
Q6NSZ9	[339, 389]	Classic Zinc Finger
Q7Z304	[495, 518]	-
Q8IUN9	[162, 190]	Mannose-Binding Protein A, subunit A
Q8N8A2	[388, 446]	Ankyrin repeat-containing domain
Q8WUT4	[351, 386]	Ribonuclease Inhibitor
Q9BV68	[218, 278]	Zinc/RING finger domain, C3HC4 (zinc finger)
Q9NQ30	[18, 135]	-
Q9NXI6	[0, 55]	Zinc/RING finger domain, C3HC4 (zinc finger)
O15231	[604, 644]	Cysteine Rich Protein
O43345	[146, 183]	Classic Zinc Finger
O43374	[684, 713]	Pleckstrin-homology domain (PH domain)/Phosphotyrosine-binding domain (PTB)
P02768	[104, 134]	-
P15692	[252, 283]	Cystine-knot cytokines
Q15916	[292, 314]	Classic Zinc Finger
Q5VYJ5	[31, 89]	Low-density Lipoprotein Receptor
Q6S5L8	[313, 330]	Pleckstrin-homology domain (PH domain)/Phosphotyrosine-binding domain (PTB)
Q8IWS0	[6, 54]	Zinc/RING finger domain, C3HC4 (zinc finger)
Q8N819	[319, 334]	PPM-type phosphatase domain
Q8WXB4	[420, 442]	Classic Zinc Finger
Q9BYM8	[191, 226]	Zn-finger domain of Sec23/24
Q9GZV8	[419, 440]	Classic Zinc Finger
Q9H1B7	[703, 773]	Interferon regulatory factor 2-binding protein
Q9UHI8	[360, 394]	Collagenase (Catalytic Domain)
P16562	[162, 242]	Crisp domain
P23229	[660, 680]	ntegrin, alpha v. Chain A, domain 3
P48742	[29, 44]	Cysteine Rich Protein
Q03936	[472, 523]	Classic Zinc Finger
Q13275	[544, 582]	ligand-binding face of the semaphorins, domain 2
Q14119	[165, 216]	Classic Zinc Finger
Q15915	[260, 278]	Classic Zinc Finger
Q93086	[118, 156]	atp-gated p2x4 ion channel
Q96HC4	[409, 427]	Cysteine Rich Protein
Q9BYV2	[67, 83]	Zinc/RING finger domain, C3HC4 (zinc finger)
Q9H091	[315, 341]	-
Q9NVR0	[642, 660]	Kelch-type beta propeller
Q9NX47	[20, 35]	Zinc/RING finger domain, C3HC4 (zinc finger)
Q9UG22	[178, 202]	P-loop containing nucleotide triphosphate hydrolases
P01130	[665, 707]	Laminin
P28325	[94, 116]	-
P32241	[26, 71]	GPCR, family 2, extracellular hormone receptor domain
P48995	[187, 204]	Ankyrin repeat-containing domain
P78536	[412, 432]	Collagenase (Catalytic Domain)
Q13105	[606, 628]	Classic Zinc Finger
Q14586	[258, 285]	Classic Zinc Finger
Q2M3W8	[220, 279]	Classic Zinc Finger
Q6NUI6	[29, 57]	Ribonuclease Inhibitor
Q96P50	[407, 432]	Arf GTPase activating protein
Q99973	[2043, 2076]	YVTN repeat-like/Quinoprotein amine dehydrogenase
Q9BR84	[96, 212]	Classic Zinc Finger
Q9H4Q4	[290, 313]	Classic Zinc Finger
Q9NVM4	[623, 649]	Hnrnp arginine n-methyltransferase1
Q9Y4E5	[780, 819]	Classic Zinc Finger
O14682	[457, 478]	Kelch-type beta propeller
O15529	[324, 345]	Rhodopsin 7-helix transmembrane proteins
O43278	[239, 256]	Pancreatic trypsin inhibitor Kunitz domain
O60942	[86, 110]	Protein tyrosine phosphatase superfamily
P14555	[45, 76]	Phospholipase A2 domain
P21709	[220, 340]	Tumor Necrosis Factor Receptor, subunit A, domain 2
P29375	[326, 354]	Cupin
Q02505	[2947, 3008]	Laminin
Q13641	[51, 77]	Ribonuclease Inhibitor
Q13670	[37, 53]	Zinc/RING finger domain, C3HC4 (zinc finger)
Q6Q6R5	[0, 65]	Cysteine Rich Protein
Q6ZN19	[192, 243]	Classic Zinc Finger
Q8N339	[0, 60]	Metallothionein Isoform II
Q92908	[379, 423]	Erythroid Transcription Factor GATA-1, subunit A
Q9BQ83	[174, 260]	Zinc/RING finger domain, C3HC4 (zinc finger)
Q9BUZ4	[14, 51]	Zinc/RING finger domain, C3HC4 (zinc finger)
A6NM28	[143, 194]	Classic Zinc Finger
A6NMS7	[820, 845]	Ribonuclease Inhibitor
O14775	[103, 120]	YVTN repeat-like/Quinoprotein amine dehydrogenase
O43361	[289, 340]	Classic Zinc Finger
P0C7P0	[87, 118]	CDGSH iron-sulfur domain, mitoNEET-type
P47989	[37, 54]	-
P60852	[535, 554]	Zona pellucida, ZP-C domain
Q6DRA6	[88, 116]	Histone, subunit A
Q96T68	[341, 365]	SET domain
Q9HCZ1	[228, 279]	Classic Zinc Finger
Q9UII5	[95, 137]	Classic Zinc Finger
O94892	[196, 247]	Classic Zinc Finger
P01185	[20, 163]	Neurohypophysial hormone domain
P10643	[598, 623]	Complement Module, domain 1
P12110	[591, 616]	von Willebrand factor, type A domain
P49763	[72, 103]	Cystine-knot cytokines
Q05481	[621, 672]	Classic Zinc Finger
Q05516	[395, 418]	Classic Zinc Finger
Q13351	[270, 325]	Classic Zinc Finger
Q5T4W7	[139, 163]	Cystine-knot cytokines
Q6P9A3	[266, 318]	Classic Zinc Finger
Q6UXZ4	[259, 302]	Thrombospondin type-1 (TSP1) repeat
Q92466	[27, 58]	-
Q96T51	[637, 707]	Zinc/RING finger domain, C3HC4 (zinc finger)
Q9GZZ7	[206, 237]	GDNF binding domain
Q9HB63	[21, 49]	Galactose-binding domain-like
Q9UGR2	[839, 856]	Classic Zinc Finger
Q9Y2X7	[0, 29]	Arf GTPase activating protein
A6NM11	[820, 845]	Ribonuclease Inhibitor
O75147	[1868, 1889]	Immunoglobulins
O75369	[1075, 1096]	Immunoglobulins
O75792	[3, 34]	Ribonuclease H-like superfamily/Ribonuclease H
P08294	[196, 222]	Superoxide dismutase, copper/zinc binding domain
P35637	[422, 449]	Zinc finger, RanBP2-type
P52735	[559, 581]	-
Q4VX76	[51, 77]	Zinc/RING finger domain, C3HC4 (zinc finger)
Q5JVG8	[360, 411]	Classic Zinc Finger
Q96QT4	[1801, 1824]	MHCK/EF2 kinase
Q9BQG2	[284, 316]	-
Q9NY12	[75, 95]	Probable tRNA pseudouridine synthase domain
Q9P0T4	[75, 95]	Classic Zinc Finger
Q9Y3Y4	[332, 404]	Zinc/RING finger domain, C3HC4 (zinc finger)
A6NCL2	[24, 61]	-
B2RXF5	[283, 308]	Classic Zinc Finger
O15105	[114, 144]	SMAD MH1 domain
P0DTL6	[140, 218]	Zinc/RING finger domain, C3HC4 (zinc finger)
P49116	[109, 186]	Erythroid Transcription Factor GATA-1, subunit A
Q02487	[665, 683]	Cadherins
Q14515	[422, 508]	-
Q6EMK4	[21, 47]	Ribonuclease Inhibitor
Q6ZNA4	[917, 952]	Zinc/RING finger domain, C3HC4 (zinc finger)
Q86TM6	[312, 338]	Zinc/RING finger domain, C3HC4 (zinc finger)
Q8IYR6	[263, 309]	Laminin
Q92766	[57, 111]	Classic Zinc Finger
Q9C029	[27, 90]	Zinc/RING finger domain, C3HC4 (zinc finger)
Q9UJW7	[340, 393]	Classic Zinc Finger
Q9ULV8	[351, 392]	Zinc/RING finger domain, C3HC4 (zinc finger)
Q9UPW8	[576, 612]	-
Q9Y2K7	[560, 684]	Zinc/RING finger domain, C3HC4 (zinc finger)
Q9Y6N6	[20, 86]	Galactose-binding domain-like
O00555	[270, 290]	-
P08861	[203, 236]	Trypsin-like serine proteases
P53355	[569, 597]	Ankyrin repeat-containing domain
P56975	[305, 337]	Laminin
Q05923	[136, 152]	Rhodanese-like domain
Q15633	[322, 346]	-
Q1L5Z9	[132, 175]	Zinc/RING finger domain, C3HC4 (zinc finger)
Q5U5Q3	[597, 656]	Zinc/RING finger domain, C3HC4 (zinc finger)
Q86T13	[20, 61]	Mannose-Binding Protein A, subunit A
Q8IUX8	[214, 267]	Laminin
Q8TE58	[325, 354]	Collagenase (Catalytic Domain)
Q9BS31	[169, 220]	Classic Zinc Finger
P15918	[357, 372]	Classic Zinc Finger
P49790	[653, 690]	Zinc finger, RanBP2-type
P49863	[190, 226]	Trypsin-like serine proteases
P52743	[64, 106]	Classic Zinc Finger
Q14872	[118, 156]	Classic Zinc Finger
Q9C0K0	[446, 469]	Classic Zinc Finger
Q9H7Z3	[882, 898]	Tetratricopeptide repeat domain
Q9NSC2	[697, 780]	Classic Zinc Finger
O60259	[134, 243]	Trypsin-like serine proteases
P31689	[123, 205]	Heat shock protein DnaJ, cysteine-rich domain
Q07352	[109, 144]	Zinc finger, CCCH-type
Q5VTT5	[411, 439]	Immunoglobulins
Q6VVB1	[26, 52]	Zinc/RING finger domain, C3HC4 (zinc finger)
Q86SG6	[489, 505]	Regulator of chromosome condensation 1/beta-lactamase-inhibitor protein II
Q8IZC7	[65, 116]	Classic Zinc Finger
Q8N9K5	[198, 251]	Classic Zinc Finger
Q8WUP2	[172, 257]	Cysteine Rich Protein
Q96H15	[51, 68]	Immunoglobulins
Q9H2X0	[694, 793]	-
Q9HAZ2	[221, 249]	Classic Zinc Finger
Q9HCM2	[499, 565]	Immunoglobulins
Q9NVW2	[559, 617]	Zinc/RING finger domain, C3HC4 (zinc finger)
Q9NXJ5	[79, 117]	Peptidase C15, pyroglutamyl peptidase I-like
Q9ULJ3	[900, 938]	Classic Zinc Finger
Q9UPA5	[159, 227]	Zinc/RING finger domain, C3HC4 (zinc finger)
Q9UQR1	[162, 213]	Classic Zinc Finger
Q9Y5Y2	[188, 208]	P-loop containing nucleotide triphosphate hydrolases
A0A8Q3WKH5	[0, 26]	Histone, subunit A
O43463	[178, 204]	SET domain
O95625	[563, 611]	Classic Zinc Finger
P02749	[116, 144]	Complement Module, domain 1
P04004	[19, 67]	-
P41229	[361, 385]	Cupin
P48059	[0, 24]	Cysteine Rich Protein
Q13231	[409, 462]	Glycosidases
Q14061	[12, 62]	CytochromE C oxidase copper chaperone
Q16270	[19, 165]	-
Q16609	[66, 114]	Plasminogen Kringle 4
Q9NT68	[1511, 1537]	TolB, C-terminal domain
Q9NZC7	[373, 389]	NAD(P)-binding Rossmann-like Domain
Q9P0P0	[65, 95]	Zinc/RING finger domain, C3HC4 (zinc finger)
Q9UGK8	[124, 148]	Regulator of chromosome condensation 1/beta-lactamase-inhibitor protein II
Q9UIW2	[509, 561]	Immunoglobulins
Q9Y5A6	[268, 319]	Classic Zinc Finger
Q9Y5B8	[227, 242]	Nucleoside diphosphate kinase-like domain
O75478	[6, 28]	-
O95813	[158, 218]	Cystine-knot cytokines
P04054	[51, 79]	Phospholipase A2 domain
P04233	[202, 239]	Thyroglobulin type-1
P13056	[147, 209]	Erythroid Transcription Factor GATA-1, subunit A
P24592	[20, 113]	-
P36897	[82, 115]	CD59
P40394	[99, 130]	Medium-chain alcohol dehydrogenases, catalytic domain
P56192	[406, 431]	HUPs
Q2UY09	[229, 244]	von Willebrand factor, type A domain
Q3KNT7	[90, 105]	Vaccinia Virus protein VP39
Q68DY9	[163, 192]	Classic Zinc Finger
Q8TAT5	[242, 294]	-
Q96MM3	[179, 226]	Classic Zinc Finger
Q96SR6	[278, 338]	Classic Zinc Finger
Q9P2Z0	[0, 19]	THAP domain
O43623	[119, 199]	Classic Zinc Finger
O95081	[19, 53]	Arf GTPase activating protein
O95600	[325, 348]	Classic Zinc Finger
P05106	[21, 77]	ligand-binding face of the semaphorins, domain 2
P05997	[30, 105]	-
P17026	[46, 97]	Classic Zinc Finger
P42127	[82, 126]	Agouti domain
P43354	[252, 332]	Erythroid Transcription Factor GATA-1, subunit A
Q2I0M5	[21, 46]	Hormone Receptor, Insulin-like Growth Factor Receptor 1; Chain A, domain 2
Q3ZCX4	[241, 292]	Classic Zinc Finger
Q6P4I2	[243, 272]	YVTN repeat-like/Quinoprotein amine dehydrogenase
Q7RTZ1	[222, 249]	Trypsin-like serine proteases
Q92619	[703, 747]	Rho GTPase activation protein
Q96C12	[133, 150]	Leucine-rich Repeat Variant
Q9BZJ3	[207, 241]	Trypsin-like serine proteases
Q9GZM7	[116, 148]	Cysteine proteinases
Q9NS23	[95, 115]	-
A2RUU4	[35, 65]	Lipase, subunit A
O43865	[377, 404]	NAD(P)-binding Rossmann-like Domain
O75558	[264, 285]	-
O95409	[254, 316]	Classic Zinc Finger
P07911	[572, 587]	Zona pellucida, ZP-C domain
P29317	[219, 334]	Tumor Necrosis Factor Receptor, subunit A, domain 2
P48443	[128, 208]	Erythroid Transcription Factor GATA-1, subunit A
P54317	[309, 332]	alpha/beta hydrolase
Q5VUJ5	[585, 607]	Ankyrin repeat-containing domain
Q5XPI4	[1256, 1284]	Zinc/RING finger domain, C3HC4 (zinc finger)
Q8WWA0	[30, 45]	Gamma Fibrinogen, chain A, domain 1
Q9H2R5	[120, 147]	Trypsin-like serine proteases
A6NFI3	[336, 387]	Classic Zinc Finger
O60486	[448, 500]	ligand-binding face of the semaphorins, domain 2
O95256	[141, 186]	Immunoglobulins
O95271	[815, 839]	Ankyrin repeat-containing domain
P0DKX0	[147, 173]	Classic Zinc Finger
P21506	[197, 279]	Classic Zinc Finger
P35125	[1266, 1290]	Cysteine proteinases
P47974	[148, 221]	Zinc finger, CCCH-type
Q03181	[50, 133]	Erythroid Transcription Factor GATA-1, subunit A
Q03938	[304, 355]	Classic Zinc Finger
Q53H47	[1, 47]	SET domain
Q5VV63	[212, 227]	Laminin
Q86T96	[453, 470]	Zinc/RING finger domain, C3HC4 (zinc finger)
Q86VH5	[28, 47]	Ribonuclease Inhibitor
Q86Y97	[183, 243]	SET domain
Q8TAA1	[86, 108]	Ribonuclease A-like domain
Q92664	[53, 75]	Classic Zinc Finger
Q9BV36	[53, 108]	Zinc/RING finger domain, C3HC4 (zinc finger)
Q9H0H5	[289, 342]	-
Q9HA38	[50, 84]	Classic Zinc Finger
O75578	[65, 95]	Integrin alpha, N-terminal
O95639	[122, 171]	Zinc finger, CCCH-type
P13671	[678, 711]	Complement Module, domain 1
P26012	[402, 435]	ntegrin, alpha v. Chain A, domain 3
P36894	[50, 74]	CD59
P43403	[79, 111]	SH2 domain
P55291	[569, 591]	Cadherins
Q14192	[0, 18]	Cysteine Rich Protein
Q15195	[41, 64]	Hepatocyte Growth Factor
Q6FIF0	[3, 42]	-
Q8IW52	[331, 360]	Ribonuclease Inhibitor
Q92610	[883, 906]	Classic Zinc Finger
Q99590	[113, 135]	Zinc/RING finger domain, C3HC4 (zinc finger)
Q99795	[200, 227]	Immunoglobulins
P02751	[41, 61]	Complement Module, domain 1
P05111	[316, 337]	Cystine-knot cytokines
P29400	[1667, 1684]	Collagen IV, non-collagenous
Q49A33	[0, 18]	Classic Zinc Finger
Q6ZTA4	[0, 39]	Zinc/RING finger domain, C3HC4 (zinc finger)
Q8IX07	[281, 317]	Classic Zinc Finger
Q8NHM5	[602, 732]	Zinc/RING finger domain, C3HC4 (zinc finger)
Q8TEC5	[24, 58]	Zinc/RING finger domain, C3HC4 (zinc finger)
Q92570	[281, 361]	Erythroid Transcription Factor GATA-1, subunit A
Q92784	[189, 212]	Classic Zinc Finger
Q9HB58	[450, 497]	SAND domain-like
Q9UK12	[300, 321]	Classic Zinc Finger
Q9Y5K3	[32, 64]	HUPs
O43897	[567, 627]	Laminin
O75469	[6, 111]	Erythroid Transcription Factor GATA-1, subunit A
P17010	[447, 502]	Classic Zinc Finger
Q86Y13	[1138, 1196]	Zinc/RING finger domain, C3HC4 (zinc finger)
Q8IZJ4	[265, 290]	Ras guanine-nucleotide exchange factors catalytic domain
Q8WV44	[9, 50]	Zinc/RING finger domain, C3HC4 (zinc finger)
Q96BQ3	[36, 64]	Zinc/RING finger domain, C3HC4 (zinc finger)
Q96C10	[194, 228]	P-loop containing nucleotide triphosphate hydrolases
Q9H2S9	[548, 572]	Classic Zinc Finger
Q9NWK9	[200, 263]	-
Q9UFB7	[427, 500]	Classic Zinc Finger
A0AAG2UUX9	[542, 601]	Laminin
Q06481	[69, 86]	Amyloidogenic glycoprotein, heparin-binding domain
Q13480	[107, 124]	Pleckstrin-homology domain (PH domain)/Phosphotyrosine-binding domain (PTB)
Q7Z4K8	[22, 65]	Zinc/RING finger domain, C3HC4 (zinc finger)
Q86UW9	[401, 424]	Zinc/RING finger domain, C3HC4 (zinc finger)
Q8TAQ5	[121, 181]	Classic Zinc Finger
Q8TF32	[195, 233]	Classic Zinc Finger
Q96MN9	[308, 331]	Classic Zinc Finger
Q9H0M5	[185, 202]	Classic Zinc Finger
Q9H6P5	[343, 360]	(Glycosyl)asparaginase
Q9NZV6	[60, 83]	Peptide methionine sulfoxide reductase.
O60481	[286, 304]	Classic Zinc Finger
Q13219	[410, 494]	Collagenase (Catalytic Domain)
Q13444	[624, 692]	Galactose-binding domain-like
Q14767	[158, 227]	Laminin
Q8N7C3	[8, 58]	Classic Zinc Finger
Q8ND82	[404, 420]	Classic Zinc Finger
Q96ND8	[203, 254]	Classic Zinc Finger
Q9UBN7	[518, 548]	Histone deacetylase domain
C9JPN9	[101, 135]	Cysteine proteinases
O43916	[155, 178]	P-loop containing nucleotide triphosphate hydrolases
O95389	[213, 279]	Thrombospondin type-1 (TSP1) repeat
P29074	[760, 782]	Protein tyrosine phosphatase superfamily
P48740	[132, 158]	Laminin
P62979	[110, 136]	-
Q2MKA7	[27, 52]	Hormone Receptor, Insulin-like Growth Factor Receptor 1; Chain A, domain 2
Q5CZA5	[362, 379]	Classic Zinc Finger
Q5T0T0	[69, 102]	Zinc/RING finger domain, C3HC4 (zinc finger)
Q6KF10	[408, 427]	Cystine-knot cytokines
Q92793	[356, 439]	TAZ domain
Q96MA1	[0, 49]	DM DNA-binding domain
Q9HAV5	[0, 127]	Tumor Necrosis Factor Receptor, subunit A, domain 2
Q9UGI0	[16, 36]	Zinc finger, RanBP2-type
Q9UP38	[105, 122]	Frizzled cysteine-rich domain
P11678	[246, 272]	Haem peroxidase domain superfamily, animal type
P17544	[0, 23]	Classic Zinc Finger
Q14527	[781, 821]	P-loop containing nucleotide triphosphate hydrolases
Q6IA86	[694, 714]	YVTN repeat-like/Quinoprotein amine dehydrogenase
Q8TBZ8	[94, 117]	Classic Zinc Finger
Q969Q0	[1, 24]	-
Q9NR97	[25, 52]	Ribonuclease Inhibitor
Q9UKF2	[342, 365]	Collagenase (Catalytic Domain)
Q9Y6Q6	[26, 151]	Tumor Necrosis Factor Receptor, subunit A, domain 2
O76071	[223, 244]	YVTN repeat-like/Quinoprotein amine dehydrogenase
P20851	[63, 90]	Complement Module, domain 1
P22888	[24, 45]	Ribonuclease Inhibitor
P26717	[103, 119]	Mannose-Binding Protein A, subunit A
P39060	[323, 341]	Frizzled cysteine-rich domain
P55211	[164, 189]	-
Q3KP44	[46, 68]	Ankyrin repeat-containing domain
Q4LDE5	[1672, 1700]	Complement Module, domain 1
Q5HYK9	[312, 344]	Classic Zinc Finger
Q5QP82	[401, 466]	YVTN repeat-like/Quinoprotein amine dehydrogenase
Q7RTZ2	[105, 131]	Cysteine proteinases
Q96DX7	[21, 50]	-
Q96S99	[147, 184]	Zinc/RING finger domain, C3HC4 (zinc finger)
Q9BVG3	[39, 60]	Zinc/RING finger domain, C3HC4 (zinc finger)
Q9NPF7	[62, 86]	-
Q9UJJ7	[120, 147]	Pseudouridine synthase
D6RBM5	[101, 135]	Cysteine proteinases
G3V0H7	[405, 427]	-
O75636	[75, 99]	Gamma Fibrinogen, chain A, domain 1
P12724	[80, 101]	Ribonuclease A-like domain
P52757	[244, 271]	-
P60321	[52, 123]	Nanos, RNA-binding domain
P80294	[0, 60]	Metallothionein Isoform II
Q03395	[209, 234]	Tetraspanin
Q5VTB9	[538, 560]	Zinc/RING finger domain, C3HC4 (zinc finger)
Q6MZW2	[54, 115]	-
Q8N4A0	[496, 527]	-
Q8WWX0	[162, 180]	Ankyrin repeat-containing domain
Q96A61	[204, 233]	Classic Zinc Finger
Q96EP1	[293, 359]	Zinc/RING finger domain, C3HC4 (zinc finger)
O75123	[395, 439]	Classic Zinc Finger
O75197	[292, 335]	Laminin
P04141	[94, 115]	-
P26358	[1210, 1234]	Vaccinia Virus protein VP39
P83110	[13, 131]	-
Q8WZ42	[5943, 5972]	Immunoglobulins
Q9H6Y7	[237, 277]	Zinc/RING finger domain, C3HC4 (zinc finger)
Q9NQ75	[10, 35]	SH3 Domains
Q9NS62	[345, 401]	Thrombospondin type-1 (TSP1) repeat
Q9NUD5	[328, 402]	Zinc finger, CCHC-type
Q9UF33	[225, 252]	ephrin a2 ectodomain
Q9UKK9	[120, 136]	Nucleoside Triphosphate Pyrophosphohydrolase
A6NNY8	[179, 221]	Cysteine proteinases
P17936	[25, 115]	-
P18564	[20, 63]	ligand-binding face of the semaphorins, domain 2
P98155	[703, 758]	Laminin
Q6PEZ8	[28, 49]	Ribonuclease Inhibitor
Q86XD8	[656, 709]	AN1-like Zinc finger
Q8N448	[120, 146]	Zinc/RING finger domain, C3HC4 (zinc finger)
Q8TF68	[219, 270]	Classic Zinc Finger
Q96CB8	[154, 218]	Zinc/RING finger domain, C3HC4 (zinc finger)
Q96MX3	[103, 154]	Classic Zinc Finger
Q9C0B0	[79, 156]	Zinc finger, CCCH-type
Q9NSY2	[131, 169]	-
Q9UJN7	[98, 151]	Classic Zinc Finger
Q9UKA1	[658, 690]	Ribonuclease Inhibitor
O00634	[19, 76]	Galactose-binding domain-like
O43294	[217, 268]	Cysteine Rich Protein
P07602	[127, 147]	Saposin-like
P0CG37	[78, 131]	Laminin
P24593	[19, 109]	-
P31040	[178, 194]	FAD/NAD(P)-binding domain
Q02325	[38, 64]	Hepatocyte Growth Factor
Q07444	[103, 119]	Mannose-Binding Protein A, subunit A
Q8N567	[119, 235]	Zinc finger, CCHC-type
Q8NB15	[143, 160]	Classic Zinc Finger
Q96NZ8	[482, 500]	-
Q9BRA0	[58, 83]	-
Q9H000	[0, 60]	Pneumovirus matrix protein 2 (M2), zinc-binding domain
Q9H963	[0, 22]	Classic Zinc Finger
Q9Y2V2	[58, 78]	Nucleic acid-binding proteins
A6NK75	[425, 476]	Classic Zinc Finger
O43559	[0, 16]	Pleckstrin-homology domain (PH domain)/Phosphotyrosine-binding domain (PTB)
O95185	[267, 372]	Thrombospondin type-1 (TSP1) repeat
P07998	[43, 147]	Ribonuclease A-like domain
P0CG40	[383, 406]	Classic Zinc Finger
P19474	[20, 61]	Zinc/RING finger domain, C3HC4 (zinc finger)
P63145	[537, 604]	Zinc finger, CCHC-type
P98160	[194, 243]	Low-density Lipoprotein Receptor
Q3MIP1	[273, 295]	-
Q6V0I7	[3799, 3823]	Laminin
Q7Z569	[288, 319]	Zinc/RING finger domain, C3HC4 (zinc finger)
Q8WUY3	[300, 337]	DHHA2 domain
Q9ULD4	[262, 282]	Zinc/RING finger domain, C3HC4 (zinc finger)
Q9Y2X9	[252, 303]	Classic Zinc Finger
A0A0U1RR11	[190, 234]	-
P05129	[78, 101]	-
P05771	[79, 95]	-
P07320	[9, 33]	Crystallins
P13611	[3082, 3146]	Laminin
Q07654	[24, 64]	Spasmolytic Protein, domain 1
Q13685	[205, 227]	YVTN repeat-like/Quinoprotein amine dehydrogenase
Q14332	[101, 159]	Frizzled cysteine-rich domain
Q5SVQ8	[352, 403]	Classic Zinc Finger
Q5VZF2	[13, 75]	-
Q6ZMS7	[340, 363]	Classic Zinc Finger
Q8TA94	[160, 204]	Classic Zinc Finger
Q8WWY7	[24, 110]	Elafin-like
Q9HAK2	[139, 177]	Transcription factor COE1, DNA-binding domain
Q9NQC1	[191, 222]	Zinc/RING finger domain, C3HC4 (zinc finger)
Q9NWF9	[552, 573]	Zinc/RING finger domain, C3HC4 (zinc finger)
Q9P2J8	[267, 320]	Classic Zinc Finger
A8MQ27	[492, 551]	Zinc/RING finger domain, C3HC4 (zinc finger)
O95365	[373, 424]	Classic Zinc Finger
O96014	[272, 353]	-
P17041	[68, 119]	Classic Zinc Finger
P56704	[272, 334]	-
Q06278	[37, 61]	-
Q14114	[686, 732]	Laminin
Q6ZMJ2	[461, 494]	SRCR-like domain
Q6ZN57	[93, 144]	Classic Zinc Finger
Q8IVT5	[145, 166]	Transcription Factor, Ets-1
Q96N95	[242, 293]	Classic Zinc Finger
Q96PE1	[33, 55]	Ribonuclease Inhibitor
Q99571	[115, 152]	atp-gated p2x4 ion channel
A6NCW0	[105, 131]	Cysteine proteinases
B7ZBB8	[208, 245]	Carbohydrate binding type-21 domain
P07316	[11, 31]	Crystallins
P24386	[558, 614]	FAD/NAD(P)-binding domain
P50479	[244, 268]	Cysteine Rich Protein
Q13191	[338, 422]	Zinc/RING finger domain, C3HC4 (zinc finger)
Q13342	[675, 756]	Zinc/RING finger domain, C3HC4 (zinc finger)
Q8NCF0	[217, 287]	Laminin
Q8NCN4	[57, 115]	Zinc/RING finger domain, C3HC4 (zinc finger)
Q9H1J7	[276, 331]	-
Q9H930	[388, 469]	Zinc/RING finger domain, C3HC4 (zinc finger)
Q9Y467	[392, 415]	Classic Zinc Finger
Q9Y4J8	[264, 279]	-
O75610	[240, 270]	Cystine-knot cytokines
O76080	[3, 42]	-
P10253	[71, 117]	Spasmolytic Protein, domain 1
P13631	[79, 159]	Erythroid Transcription Factor GATA-1, subunit A
Q02086	[494, 541]	Classic Zinc Finger
Q16342	[106, 181]	-
Q5U4P2	[251, 275]	B-lactam Antibiotic, Isopenicillin N Synthase; Chain
Q6UXC1	[209, 274]	Low-density Lipoprotein Receptor
Q8IYN0	[196, 221]	Classic Zinc Finger
Q8N8B7	[279, 305]	-
Q8TF20	[88, 111]	Classic Zinc Finger
Q96EP0	[739, 755]	Zinc/RING finger domain, C3HC4 (zinc finger)
Q9H165	[396, 421]	Classic Zinc Finger
P08912	[386, 414]	Rhodopsin 7-helix transmembrane proteins
P53672	[26, 42]	Crystallins
Q1L6U9	[65, 138]	Beta-microseminoprotein (PSP94) domain
Q5TYW2	[90, 108]	Ankyrin repeat-containing domain
Q92794	[171, 248]	Zinc/RING finger domain, C3HC4 (zinc finger)
Q96D59	[0, 36]	Zinc/RING finger domain, C3HC4 (zinc finger)
Q96MM7	[245, 273]	P-loop containing nucleotide triphosphate hydrolases
Q9BRP0	[102, 197]	Classic Zinc Finger
Q9GZP0	[297, 327]	Cystine-knot cytokines
Q9H633	[51, 104]	-
Q9NQL9	[18, 64]	DM DNA-binding domain
Q9NS67	[350, 370]	Rhodopsin 7-helix transmembrane proteins
Q9NU63	[319, 342]	Classic Zinc Finger
Q9Y4X5	[221, 237]	Zinc/RING finger domain, C3HC4 (zinc finger)
A1L020	[458, 515]	Zinc/RING finger domain, C3HC4 (zinc finger)
A6NCK2	[36, 64]	Zinc/RING finger domain, C3HC4 (zinc finger)
M0QZC1	[53, 120]	Zinc/RING finger domain, C3HC4 (zinc finger)
P06870	[174, 238]	Trypsin-like serine proteases
P17024	[134, 198]	Classic Zinc Finger
P36954	[6, 60]	-
Q53GG5	[283, 323]	Cysteine Rich Protein
Q5VVJ2	[611, 632]	Cytidine Deaminase, domain 2
Q6ZMT4	[29, 45]	Zinc/RING finger domain, C3HC4 (zinc finger)
Q6ZSA7	[219, 236]	Ribonuclease Inhibitor
Q86UP0	[606, 626]	Cadherins
Q86W25	[1023, 1042]	Ribonuclease Inhibitor
Q86YE8	[181, 232]	Classic Zinc Finger
Q8IV38	[314, 357]	-
Q8NE35	[625, 647]	Cytoplasmic polyadenylation element-binding protein, ZZ domain
Q8TEU8	[317, 404]	Pancreatic trypsin inhibitor Kunitz domain
Q8WZ74	[929, 960]	Ankyrin repeat-containing domain
Q9BQ24	[36, 90]	Zinc/RING finger domain, C3HC4 (zinc finger)
O75164	[743, 790]	Zinc/RING finger domain, C3HC4 (zinc finger)
O95390	[294, 315]	Cystine-knot cytokines
P04626	[181, 344]	Hormone Receptor, Insulin-like Growth Factor Receptor 1; Chain A, domain 2
P21333	[1097, 1129]	Immunoglobulins
Q07157	[1716, 1731]	-
Q14847	[34, 62]	Cysteine Rich Protein
Q3KNW1	[143, 183]	Classic Zinc Finger
Q86WI1	[2042, 2075]	Immunoglobulins
Q8N428	[531, 552]	-
Q8N907	[171, 188]	Cystine-knot cytokines
Q8N9I9	[153, 211]	Zinc/RING finger domain, C3HC4 (zinc finger)
Q8TAW3	[276, 327]	Classic Zinc Finger
Q96H55	[668, 703]	-
Q96JK9	[73, 100]	-
Q96KN9	[105, 131]	Gap junction channel protein cysteine-rich domain
Q96PQ6	[213, 264]	Classic Zinc Finger
Q9UPS8	[93, 132]	Ankyrin repeat-containing domain
Q9Y6R6	[744, 791]	Classic Zinc Finger
A1L4H1	[78, 128]	SRCR-like domain
D6R9N7	[101, 135]	Cysteine proteinases
O95125	[388, 439]	Classic Zinc Finger
P00736	[144, 202]	Laminin
P19957	[65, 116]	Elafin-like
P80297	[0, 60]	Metallothionein Isoform II
P98169	[433, 451]	Classic Zinc Finger
Q12841	[27, 116]	-
Q14833	[509, 575]	GPCR, family 3, nine cysteines domain
Q2M1K9	[254, 309]	Classic Zinc Finger
Q5T619	[270, 321]	Classic Zinc Finger
Q6PCD5	[276, 307]	Zinc/RING finger domain, C3HC4 (zinc finger)
Q6UXG2	[274, 342]	Tumor Necrosis Factor Receptor, subunit A, domain 2
Q7RTX1	[347, 363]	-
Q8IWE5	[815, 865]	Pleckstrin-homology domain (PH domain)/Phosphotyrosine-binding domain (PTB)
Q8IYH5	[812, 865]	-
Q92626	[721, 745]	Haem peroxidase domain superfamily, animal type
Q96L73	[1530, 1663]	Zinc/RING finger domain, C3HC4 (zinc finger)
Q96SK3	[66, 128]	Classic Zinc Finger
Q99952	[215, 233]	Protein tyrosine phosphatase superfamily
O00443	[477, 498]	Phosphatidylinositol 3-kinase Catalytic Subunit; Chain A, domain 1
O75679	[38, 90]	Zinc/RING finger domain, C3HC4 (zinc finger)
O95925	[26, 82]	Elafin-like
P10323	[211, 250]	Trypsin-like serine proteases
P17948	[474, 489]	Immunoglobulins
P19883	[25, 65]	TGF-beta binding (TB) domain
P35916	[645, 674]	Immunoglobulins
P41743	[179, 199]	-
P43026	[454, 472]	Cystine-knot cytokines
Q03164	[1453, 1551]	Zinc/RING finger domain, C3HC4 (zinc finger)
Q5R387	[96, 148]	Phospholipase A2 domain
Q6Q0C1	[137, 167]	Mitochondrial carrier domain
Q6ZSS3	[279, 305]	Classic Zinc Finger
Q70CQ4	[287, 302]	Cysteine proteinases
Q7RTX0	[359, 381]	-
Q8WW22	[126, 206]	Urease metallochaperone UreE, N-terminal domain
P06401	[600, 630]	Erythroid Transcription Factor GATA-1, subunit A
P07988	[134, 152]	Saposin-like
P10588	[45, 125]	Erythroid Transcription Factor GATA-1, subunit A
P10606	[110, 125]	Cytochrome c oxidase, subunit Vb
P17252	[124, 160]	-
Q13507	[262, 281]	Ankyrin repeat-containing domain
Q2VPA4	[86, 105]	Complement Module, domain 1
Q52LW3	[613, 632]	-
Q6P9G9	[317, 366]	Classic Zinc Finger
Q70EK8	[213, 235]	Cysteine proteinases
Q99727	[25, 40]	Tissue inhibitor of metalloproteinase-1. Chain B, domain 1
Q9BWE0	[79, 99]	Classic Zinc Finger
Q9H3S1	[500, 533]	ligand-binding face of the semaphorins, domain 2
Q9NR96	[251, 274]	Ribonuclease Inhibitor
Q9UBV4	[283, 364]	-
Q9Y4D7	[97, 119]	YVTN repeat-like/Quinoprotein amine dehydrogenase
A6NNE9	[159, 189]	Zinc/RING finger domain, C3HC4 (zinc finger)
O60840	[279, 301]	-
P01042	[81, 154]	-
P16581	[534, 556]	Complement Module, domain 1
P52741	[41, 90]	Classic Zinc Finger
Q02556	[216, 236]	-
Q15113	[311, 331]	-
Q53H54	[432, 447]	Vaccinia Virus protein VP39
Q8NDQ6	[318, 358]	Classic Zinc Finger
Q92673	[623, 750]	-
Q9NS40	[51, 75]	PAS domain
O43157	[502, 524]	Immunoglobulins
P01857	[77, 121]	Immunoglobulins
P19438	[33, 132]	Tumor Necrosis Factor Receptor, subunit A, domain 2
Q04756	[329, 349]	Plasminogen Kringle 4
Q07617	[498, 515]	Tetratricopeptide repeat domain
Q14554	[446, 469]	Glutaredoxin
Q6IE81	[195, 226]	Zinc/RING finger domain, C3HC4 (zinc finger)
Q86TH1	[58, 126]	Thrombospondin type-1 (TSP1) repeat
Q96FX2	[15, 47]	DPH Zinc finger
Q96M96	[554, 579]	Zinc/RING finger domain, C3HC4 (zinc finger)
Q9H3D4	[334, 355]	-
Q9HBW9	[14, 114]	Laminin
Q9NQ69	[50, 74]	Cysteine Rich Protein
Q9NV66	[394, 425]	Aldolase class I
Q9Y6F9	[283, 364]	-
A0A087WUV0	[240, 291]	Classic Zinc Finger
P14616	[165, 338]	Receptor L-domain
P37275	[161, 214]	Classic Zinc Finger
Q00604	[55, 110]	Cystine-knot cytokines
Q6UXB4	[82, 104]	Mannose-Binding Protein A, subunit A
Q86UY6	[195, 236]	-
Q86XX4	[1083, 1105]	Hormone Receptor, Insulin-like Growth Factor Receptor 1; Chain A, domain 2
Q8N3Z6	[232, 273]	Zinc finger, CCHC-type
Q8N9F8	[169, 192]	Classic Zinc Finger
Q8NB78	[140, 189]	-
Q969E1	[51, 76]	-
Q9BY78	[369, 426]	Zinc/RING finger domain, C3HC4 (zinc finger)
Q9BZM2	[48, 167]	Phospholipase A2 domain
Q9C0A1	[560, 583]	Classic Zinc Finger
Q9NR56	[12, 75]	-
Q9NXR5	[117, 137]	Ankyrin repeat-containing domain
Q9UGT4	[20, 53]	-
Q9UPZ6	[1448, 1472]	Thrombospondin type-1 (TSP1) repeat
Q9Y2E6	[398, 421]	Zinc/RING finger domain, C3HC4 (zinc finger)
P11473	[13, 93]	Erythroid Transcription Factor GATA-1, subunit A
P13612	[86, 127]	Integrin alpha, N-terminal
P14314	[462, 513]	Mannose-6-phosphate receptor binding domain
P50876	[60, 86]	Zinc/RING finger domain, C3HC4 (zinc finger)
Q6ZW61	[287, 304]	TCP-1-like chaperonin intermediate domain
Q8N2I2	[179, 230]	Classic Zinc Finger
Q8TE59	[564, 712]	-
Q9H5Y7	[25, 46]	Ribonuclease Inhibitor
Q9Y2H6	[739, 783]	Immunoglobulins
A6NIE9	[247, 264]	Trypsin-like serine proteases
O60315	[202, 255]	Classic Zinc Finger
O75718	[81, 97]	Tetratricopeptide repeat domain
P07477	[185, 221]	Trypsin-like serine proteases
P60323	[47, 118]	Nanos, RNA-binding domain
Q08554	[658, 680]	Cadherins
Q13797	[76, 125]	Integrin alpha, N-terminal
Q7Z5L7	[57, 83]	Ribonuclease Inhibitor
Q86UR5	[45, 76]	Zinc/RING finger domain, C3HC4 (zinc finger)
Q8N6D2	[7, 40]	Zinc/RING finger domain, C3HC4 (zinc finger)
Q8TCF1	[0, 107]	AN1-like Zinc finger
Q9HD89	[51, 107]	Resistin head domain
Q9UGP4	[616, 675]	Cysteine Rich Protein
O00468	[1328, 1370]	Laminin
O15209	[477, 527]	Classic Zinc Finger
O60279	[121, 149]	Mannose-Binding Protein A, subunit A
P55268	[31, 78]	Galactose-binding domain-like
P60002	[15, 62]	-
P62273	[10, 31]	30s Ribosomal Protein S14; Chain N
Q03924	[100, 136]	Classic Zinc Finger
Q86UP6	[503, 521]	Zona pellucida, ZP-C domain
Q8N2E2	[894, 933]	Galactose-binding domain-like
Q99572	[113, 161]	atp-gated p2x4 ion channel
Q9NTW7	[571, 606]	Classic Zinc Finger
Q9P0G3	[125, 150]	Trypsin-like serine proteases
Q9Y5W3	[263, 288]	Classic Zinc Finger
A6NIN4	[7, 89]	Zinc/RING finger domain, C3HC4 (zinc finger)
B4DXR9	[217, 237]	Classic Zinc Finger
O94761	[544, 561]	P-loop containing nucleotide triphosphate hydrolases
P00742	[230, 255]	Trypsin-like serine proteases
P02675	[95, 115]	-
P11717	[217, 243]	Mannose-6-phosphate receptor binding domain
P15822	[2079, 2127]	Classic Zinc Finger
P49792	[1354, 1384]	Zinc finger, RanBP2-type
Q02446	[614, 663]	Classic Zinc Finger
Q6UWN8	[27, 60]	-
Q8NEP7	[117, 146]	Kelch-type beta propeller
Q8TAD2	[139, 178]	Cystine-knot cytokines
Q96CW9	[53, 90]	Galactose-binding domain-like
Q96NG8	[190, 241]	Classic Zinc Finger
Q99707	[321, 350]	Homocysteine-binding-like domain
Q9GZX5	[197, 215]	Classic Zinc Finger
Q9UIG0	[1176, 1240]	Zinc/RING finger domain, C3HC4 (zinc finger)
Q9UQ49	[222, 304]	-
A0A0U1RQI7	[279, 327]	Serralysin-like metalloprotease, C-terminal
O14802	[58, 76]	RNA polymerase II, clamp domain
O75116	[1277, 1313]	-
O75677	[57, 84]	Zinc/RING finger domain, C3HC4 (zinc finger)
P08582	[171, 202]	Periplasmic binding protein-like II
P08603	[73, 94]	Complement Module, domain 1
P17021	[376, 428]	Classic Zinc Finger
P41180	[556, 593]	GPCR, family 3, nine cysteines domain
P49023	[347, 412]	Cysteine Rich Protein
Q13049	[27, 44]	Zinc/RING finger domain, C3HC4 (zinc finger)
Q8WXA3	[545, 605]	Zinc/RING finger domain, C3HC4 (zinc finger)
Q92753	[0, 90]	Erythroid Transcription Factor GATA-1, subunit A
Q9ULB1	[217, 264]	Laminin
P02771	[104, 129]	-
P06127	[61, 85]	SRCR-like domain
P08581	[84, 108]	YVTN repeat-like/Quinoprotein amine dehydrogenase
Q14592	[299, 315]	Classic Zinc Finger
Q2M3X9	[243, 294]	Classic Zinc Finger
Q53GI3	[349, 400]	Classic Zinc Finger
Q6ZN17	[118, 173]	Zinc finger, CCHC-type
Q8NCG7	[304, 321]	alpha/beta hydrolase
Q99466	[1585, 1634]	Ankyrin repeat-containing domain
Q9BYJ4	[31, 65]	Zinc/RING finger domain, C3HC4 (zinc finger)
O43396	[129, 146]	PITH domain
O94955	[138, 160]	P-loop containing nucleotide triphosphate hydrolases
P08519	[66, 114]	Plasminogen Kringle 4
P12544	[195, 218]	Trypsin-like serine proteases
P21757	[424, 450]	SRCR-like domain
P83105	[30, 136]	-
Q02747	[60, 114]	Guanylin
Q6PCT2	[28, 157]	Zinc/RING finger domain, C3HC4 (zinc finger)
Q6PJ69	[15, 59]	Zinc/RING finger domain, C3HC4 (zinc finger)
Q99496	[48, 99]	Zinc/RING finger domain, C3HC4 (zinc finger)
Q9NS56	[92, 111]	Zinc/RING finger domain, C3HC4 (zinc finger)
Q9NSE4	[985, 1011]	-
Q9NUA8	[746, 780]	Classic Zinc Finger
Q9UKW4	[182, 204]	Dbl homology (DH) domain
Q9Y2I8	[448, 464]	YVTN repeat-like/Quinoprotein amine dehydrogenase
A6NI03	[31, 64]	Zinc/RING finger domain, C3HC4 (zinc finger)
O75592	[697, 724]	Regulator of chromosome condensation 1/beta-lactamase-inhibitor protein II
P12757	[298, 317]	SAND domain-like
P17020	[144, 180]	Classic Zinc Finger
P28907	[281, 299]	NAD(P)-binding Rossmann-like Domain
P59510	[475, 631]	-
Q14435	[607, 627]	-
Q15181	[103, 126]	Inorganic pyrophosphatase
Q6WRI0	[243, 265]	Ribonuclease Inhibitor
Q8IYI8	[133, 186]	Classic Zinc Finger
Q8WYB5	[205, 326]	Zinc/RING finger domain, C3HC4 (zinc finger)
Q93083	[0, 60]	Metallothionein Isoform II
Q96PU4	[320, 366]	-
Q9BU70	[5, 55]	YaeB-like
Q9H3T2	[516, 554]	ligand-binding face of the semaphorins, domain 2
O43657	[172, 192]	Tetraspanin
P08151	[226, 284]	Classic Zinc Finger
P13987	[25, 43]	CD59
P54760	[212, 329]	Tumor Necrosis Factor Receptor, subunit A, domain 2
P58317	[163, 214]	Classic Zinc Finger
Q2TB10	[221, 244]	Classic Zinc Finger
Q6P280	[301, 352]	Classic Zinc Finger
Q8TAT6	[576, 607]	Zn-finger domain of Sec23/24
Q9UFC0	[305, 320]	YVTN repeat-like/Quinoprotein amine dehydrogenase
Q9UJT1	[27, 53]	Tubulin/FtsZ, GTPase domain
O94972	[41, 64]	Zinc/RING finger domain, C3HC4 (zinc finger)
P16422	[88, 133]	Thyroglobulin type-1
P52429	[133, 175]	-
Q13467	[94, 127]	Frizzled cysteine-rich domain
Q13936	[314, 335]	-
Q86Y78	[42, 154]	CD59
Q8NBV8	[151, 176]	C2 domain
Q8TCT0	[336, 360]	-
Q96HN2	[460, 485]	NAD(P)-binding Rossmann-like Domain
Q96IF1	[327, 347]	Cysteine Rich Protein
Q96PX8	[330, 358]	Ribonuclease Inhibitor
Q9H4Z2	[486, 503]	Classic Zinc Finger
Q9NSD4	[172, 223]	Classic Zinc Finger
A6NIR3	[608, 630]	Ankyrin repeat-containing domain
P04118	[26, 64]	Lipase, subunit A
P37023	[23, 91]	CD59
P78509	[216, 240]	Galactose-binding domain-like
Q14126	[581, 606]	Cadherins
Q53RD9	[70, 90]	Complement Module, domain 1
Q6N022	[1504, 1530]	TolB, C-terminal domain
Q8WU20	[0, 16]	Pleckstrin-homology domain (PH domain)/Phosphotyrosine-binding domain (PTB)
Q96KP6	[163, 198]	Nemo cc2-lz domain - 1d5 darpin complex
Q9NP64	[125, 149]	Zinc finger, CCHC-type
Q9NRJ3	[21, 82]	-
Q9UBR2	[117, 178]	Cysteine proteinases
A6NIX2	[242, 266]	Cysteine Rich Protein
O14771	[308, 359]	Classic Zinc Finger
O15090	[149, 172]	Classic Zinc Finger
O60220	[32, 62]	Mitochondrial import inner membrane translocase subunit tim13 like domains
O75096	[691, 732]	TolB, C-terminal domain
P00746	[168, 235]	Trypsin-like serine proteases
P27037	[31, 55]	CD59
Q2M2H8	[37, 64]	Spasmolytic Protein, domain 1
Q6AW86	[248, 299]	Classic Zinc Finger
Q8N135	[24, 42]	Ribonuclease Inhibitor
Q8NHV1	[155, 173]	P-loop containing nucleotide triphosphate hydrolases
Q96IQ9	[105, 161]	Classic Zinc Finger
Q96K58	[355, 406]	Classic Zinc Finger
O95696	[188, 229]	Zinc/RING finger domain, C3HC4 (zinc finger)
P04637	[165, 191]	-
P05019	[84, 118]	Insulin-like
P05164	[273, 328]	Haem peroxidase domain superfamily, animal type
P27540	[245, 300]	PAS domain
P40238	[182, 215]	Immunoglobulins
Q05086	[33, 61]	Ubiquitin-protein ligase E3A, N-terminal zinc-binding domain (AZUL)
Q16820	[597, 639]	Laminin
Q5T6X5	[511, 568]	GPCR, family 3, nine cysteines domain
Q8NG06	[5, 69]	Zinc/RING finger domain, C3HC4 (zinc finger)
Q96MU8	[71, 96]	Plasminogen Kringle 4
Q9H707	[82, 105]	Classic Zinc Finger
O00311	[340, 372]	Transferase(Phosphotransferase) domain 1
Q13887	[364, 389]	Classic Zinc Finger
Q14593	[197, 239]	Classic Zinc Finger
Q14CW9	[75, 114]	Classic Zinc Finger
Q3ZCN5	[760, 786]	Laminin
Q5GFL6	[217, 258]	von Willebrand factor, type A domain
Q6NX45	[142, 193]	Classic Zinc Finger
Q6UXB3	[20, 106]	CD59
Q9H5J0	[463, 514]	Classic Zinc Finger
Q9UGM3	[129, 145]	SRCR-like domain
Q9UKN5	[581, 597]	Classic Zinc Finger
Q9Y3M9	[199, 250]	Classic Zinc Finger
Q9Y4D2	[319, 342]	alpha/beta hydrolase
O43908	[104, 122]	Mannose-Binding Protein A, subunit A
O75077	[439, 472]	Collagenase (Catalytic Domain)
O96008	[63, 95]	Porin
P16144	[23, 72]	ligand-binding face of the semaphorins, domain 2
Q13394	[271, 295]	-
Q6ZST2	[46, 115]	Zinc finger, CCHC-type
Q70CQ1	[510, 528]	Cysteine proteinases
Q8TE23	[491, 506]	GPCR, family 3, nine cysteines domain
Q93038	[20, 190]	Tumor Necrosis Factor Receptor, subunit A, domain 2
Q9HCX4	[193, 211]	Ankyrin repeat-containing domain
Q9Y576	[18, 45]	Ankyrin repeat-containing domain
Q9Y5J9	[33, 62]	Mitochondrial import inner membrane translocase subunit tim13 like domains
A0A1B0GTU1	[19, 89]	Zinc finger, CCCH-type
A6NHJ4	[221, 242]	Classic Zinc Finger
O95201	[299, 350]	Classic Zinc Finger
P30203	[43, 97]	SRCR-like domain
P36406	[117, 219]	Classic Zinc Finger
Q5VTM2	[659, 677]	Ankyrin repeat-containing domain
Q66K79	[19, 60]	Frizzled cysteine-rich domain
Q6PJ21	[250, 291]	-
Q7Z2Z2	[923, 955]	-
Q8IYX4	[121, 142]	-
Q9HCJ2	[322, 340]	Ribonuclease Inhibitor
Q9NR48	[2086, 2145]	SET domain
Q9P273	[1439, 1465]	TolB, C-terminal domain
O14827	[63, 82]	Pleckstrin-homology domain (PH domain)/Phosphotyrosine-binding domain (PTB)
O60304	[316, 367]	Classic Zinc Finger
P0C869	[670, 698]	Cytosolic phospholipase A2 catalytic domain
Q14161	[0, 44]	Arf GTPase activating protein
Q6FHJ7	[94, 118]	Frizzled cysteine-rich domain
Q6GQQ9	[791, 831]	-
Q71UM5	[55, 83]	Zn-binding ribosomal proteins
Q7L945	[90, 115]	Classic Zinc Finger
Q86SE9	[29, 65]	Zinc/RING finger domain, C3HC4 (zinc finger)
Q8NAP3	[333, 402]	Classic Zinc Finger
Q8WVD3	[15, 114]	Zinc/RING finger domain, C3HC4 (zinc finger)
Q8WWY8	[264, 290]	alpha/beta hydrolase
Q9UJQ4	[557, 640]	Classic Zinc Finger
Q9UPT9	[204, 220]	Cysteine proteinases
Q9Y2L1	[25, 46]	5'-nuclease
Q9Y577	[13, 74]	Zinc/RING finger domain, C3HC4 (zinc finger)
A6NJL1	[346, 397]	Classic Zinc Finger
O14793	[263, 283]	Cystine-knot cytokines
O75084	[111, 169]	Frizzled cysteine-rich domain
P17097	[653, 676]	Classic Zinc Finger
P51575	[115, 150]	atp-gated p2x4 ion channel
P62987	[80, 124]	-
Q8NFY4	[517, 550]	ligand-binding face of the semaphorins, domain 2
Q9BZ76	[542, 601]	Laminin
Q9H992	[544, 580]	Zinc/RING finger domain, C3HC4 (zinc finger)
Q9HBX9	[41, 65]	Low-density Lipoprotein Receptor
Q9NQV8	[657, 680]	Classic Zinc Finger
Q9NV58	[139, 155]	Zinc/RING finger domain, C3HC4 (zinc finger)
A6NC05	[29, 53]	Glutaredoxin
O15409	[340, 362]	-
P41221	[298, 352]	-
Q01668	[315, 335]	-
Q6UXX9	[20, 51]	Hormone Receptor, Insulin-like Growth Factor Receptor 1; Chain A, domain 2
Q86VD1	[516, 537]	-
Q8IWL3	[23, 64]	DnaJ domain
Q8WVD5	[126, 200]	Zinc/RING finger domain, C3HC4 (zinc finger)
Q96MF2	[106, 149]	-
Q99715	[2709, 2748]	-
Q9HCB6	[741, 806]	Thrombospondin type-1 (TSP1) repeat
Q9NZB8	[78, 93]	Aldolase class I
Q9UH73	[144, 178]	Transcription factor COE1, DNA-binding domain
Q9UHI6	[407, 423]	P-loop containing nucleotide triphosphate hydrolases
O00339	[263, 299]	Laminin
Q02388	[2865, 2938]	Pancreatic trypsin inhibitor Kunitz domain
Q06455	[504, 560]	-
Q8N884	[385, 408]	-
Q8WYK1	[546, 593]	-
Q9HBZ2	[228, 252]	PAS domain
Q9P0U4	[18, 82]	Zinc/RING finger domain, C3HC4 (zinc finger)
O75037	[19, 39]	Kinesin motor domain
P04732	[0, 60]	Metallothionein Isoform II
P07858	[83, 111]	Cysteine proteinases
P09758	[97, 146]	Thyroglobulin type-1
P15498	[544, 573]	-
P27694	[475, 503]	Nucleic acid-binding proteins
P29322	[222, 252]	ephrin a2 ectodomain
P51814	[304, 327]	Classic Zinc Finger
Q01415	[365, 382]	-
Q5T4F7	[173, 194]	-
Q5W0B1	[50, 74]	Zinc/RING finger domain, C3HC4 (zinc finger)
Q6UWB4	[236, 258]	Trypsin-like serine proteases
Q76LX8	[294, 466]	-
Q96N58	[222, 251]	Classic Zinc Finger
Q96T23	[883, 953]	Zinc/RING finger domain, C3HC4 (zinc finger)
Q9H0X6	[132, 166]	Zinc/RING finger domain, C3HC4 (zinc finger)
Q9H9B1	[1019, 1082]	SET domain
Q9UKT4	[367, 446]	-
Q9Y2D9	[228, 309]	Classic Zinc Finger
A5D8T8	[217, 287]	Laminin
P04150	[410, 490]	Erythroid Transcription Factor GATA-1, subunit A
P0C0L5	[691, 745]	Anaphylotoxins (complement system)
P28908	[18, 175]	Tumor Necrosis Factor Receptor, subunit A, domain 2
P46100	[204, 236]	Zinc/RING finger domain, C3HC4 (zinc finger)
P48307	[125, 147]	Pancreatic trypsin inhibitor Kunitz domain
P51864	[71, 129]	Laminin
P79522	[154, 185]	Zinc finger, CCCH-type
Q03591	[103, 217]	Complement Module, domain 1
Q6H9L7	[328, 379]	Thrombospondin type-1 (TSP1) repeat
Q6ZV73	[1229, 1285]	Zinc/RING finger domain, C3HC4 (zinc finger)
Q7RTX9	[249, 275]	MFS general substrate transporter like domains
Q96KM6	[501, 554]	Classic Zinc Finger
Q96T91	[32, 61]	Cystine-knot cytokines
Q9BQ08	[48, 106]	Resistin head domain
Q9H7S9	[453, 476]	Classic Zinc Finger
Q9UKN7	[3109, 3129]	MyTH4 domain
Q9Y5Q6	[110, 134]	Insulin-like
O60858	[44, 66]	Zinc/RING finger domain, C3HC4 (zinc finger)
O75426	[430, 446]	Regulator of chromosome condensation 1/beta-lactamase-inhibitor protein II
P24468	[69, 148]	Erythroid Transcription Factor GATA-1, subunit A
P42575	[162, 178]	-
P54829	[478, 496]	Protein tyrosine phosphatase superfamily
Q2M3T9	[437, 460]	Aldolase class I
Q86SQ3	[15, 67]	Laminin
Q8N145	[27, 54]	Ribonuclease Inhibitor
Q8NEM1	[191, 211]	Classic Zinc Finger
Q9H293	[100, 124]	Cystine-knot cytokines
Q9P2H5	[568, 592]	Cysteine proteinases
A8MUU1	[0, 18]	-
O75437	[257, 308]	Classic Zinc Finger
O94880	[311, 398]	Zinc/RING finger domain, C3HC4 (zinc finger)
P07711	[164, 184]	Cysteine proteinases
Q53EP0	[365, 390]	Immunoglobulins
Q7Z4V0	[498, 549]	Classic Zinc Finger
Q9H5H4	[254, 303]	Classic Zinc Finger
Q9UHC3	[256, 291]	Acid-sensing ion channel domain
Q9UJV3	[59, 79]	Zinc/RING finger domain, C3HC4 (zinc finger)
Q9UKR3	[146, 225]	Trypsin-like serine proteases
P13640	[0, 61]	Metallothionein Isoform II
P15586	[418, 450]	Alkaline Phosphatase, subunit A
Q12770	[797, 817]	YVTN repeat-like/Quinoprotein amine dehydrogenase
Q9H9Z2	[128, 183]	Zinc finger, CCHC-type
O14795	[500, 545]	-
O75467	[248, 299]	Classic Zinc Finger
P53582	[196, 211]	Creatinase/methionine aminopeptidase superfamily
Q0D2J5	[163, 186]	Classic Zinc Finger
Q12805	[18, 66]	Laminin
Q14590	[282, 333]	Classic Zinc Finger
Q5QGZ9	[119, 134]	Mannose-Binding Protein A, subunit A
Q5SZI1	[169, 217]	Low-density Lipoprotein Receptor
Q6ZMU5	[17, 65]	Zinc/RING finger domain, C3HC4 (zinc finger)
Q8NGU9	[364, 384]	Rhodopsin 7-helix transmembrane proteins
Q8NI51	[276, 327]	Classic Zinc Finger
Q92618	[22, 76]	Classic Zinc Finger
Q96IT1	[426, 477]	Classic Zinc Finger
Q96K21	[84, 137]	Zinc/RING finger domain, C3HC4 (zinc finger)
Q9BWT7	[876, 896]	P-loop containing nucleotide triphosphate hydrolases
Q9BZ95	[693, 770]	Zinc/RING finger domain, C3HC4 (zinc finger)
Q9NVV9	[0, 19]	THAP domain
Q9Y2L8	[337, 388]	Classic Zinc Finger
B1APH4	[177, 206]	Classic Zinc Finger
Q07092	[228, 256]	-
Q14832	[500, 525]	GPCR, family 3, nine cysteines domain
Q7Z3K6	[261, 279]	-
Q8TCQ1	[62, 105]	Zinc/RING finger domain, C3HC4 (zinc finger)
Q9HBT8	[234, 285]	Classic Zinc Finger
A6NE52	[505, 528]	YVTN repeat-like/Quinoprotein amine dehydrogenase
O60884	[132, 213]	Heat shock protein DnaJ, cysteine-rich domain
P01266	[52, 93]	Thyroglobulin type-1
P21728	[235, 259]	Rhodopsin 7-helix transmembrane proteins
Q04759	[9, 25]	C2 domain
Q13127	[150, 173]	Classic Zinc Finger
Q14210	[17, 106]	CD59
Q14587	[519, 570]	Classic Zinc Finger
Q6UXI9	[47, 109]	Laminin
Q96DX4	[526, 554]	Zinc/RING finger domain, C3HC4 (zinc finger)
Q9BXY4	[21, 52]	Hormone Receptor, Insulin-like Growth Factor Receptor 1; Chain A, domain 2
Q9H0J9	[188, 204]	-
Q9H8G1	[196, 233]	Classic Zinc Finger
O94966	[783, 834]	-
P0DM35	[0, 60]	Metallothionein Isoform II
P26927	[45, 140]	Hepatocyte Growth Factor
Q6PG37	[121, 154]	Classic Zinc Finger
Q86UR1	[373, 398]	Phosphatidylinositol 3-kinase Catalytic Subunit; Chain A, domain 1
Q8N8Q3	[218, 251]	archaeoglobus fulgidus dsm 4304 superfamily
Q8WW38	[287, 312]	Classic Zinc Finger
Q92731	[174, 250]	Erythroid Transcription Factor GATA-1, subunit A
Q9NPD5	[456, 474]	-
Q9Y462	[405, 428]	Classic Zinc Finger
O60318	[1184, 1208]	-
P07438	[0, 60]	Metallothionein Isoform II
P53992	[365, 392]	Zn-finger domain of Sec23/24
P54108	[181, 209]	CAP
Q15649	[7, 51]	-
Q5TC82	[21, 59]	Zinc/RING finger domain, C3HC4 (zinc finger)
Q6PF15	[7, 31]	Potassium Channel Kv1.1; Chain A
Q96EQ8	[26, 84]	Zinc/RING finger domain, C3HC4 (zinc finger)
Q96JA1	[34, 57]	Ribonuclease Inhibitor
Q9BSJ1	[49, 70]	Zinc/RING finger domain, C3HC4 (zinc finger)
Q9UGL1	[316, 370]	Cupin
O75112	[540, 558]	Cysteine Rich Protein
P26374	[566, 591]	FAD/NAD(P)-binding domain
P41271	[37, 132]	Cystine-knot cytokines
P57730	[67, 86]	Death Domain, Fas
Q5VT25	[1015, 1071]	-
Q6UXF7	[217, 287]	Laminin
Q7Z7K6	[205, 249]	-
Q86UP3	[604, 658]	Classic Zinc Finger
Q8TEJ3	[61, 104]	Zinc/RING finger domain, C3HC4 (zinc finger)
Q92496	[78, 95]	Complement Module, domain 1
Q96LD4	[0, 82]	Zinc/RING finger domain, C3HC4 (zinc finger)
Q9BRP1	[38, 62]	YwqG-like
Q9C026	[0, 42]	Zinc/RING finger domain, C3HC4 (zinc finger)
Q9HAH1	[361, 384]	Classic Zinc Finger
Q9P1Z0	[216, 265]	Classic Zinc Finger
O00635	[5, 71]	Zinc/RING finger domain, C3HC4 (zinc finger)
O76013	[293, 309]	Single helix bin
Q12882	[18, 97]	Alpha-helical ferredoxin
Q13472	[647, 670]	Bacterial Topoisomerase I, domain 1
Q8IYW5	[3, 52]	Zinc/RING finger domain, C3HC4 (zinc finger)
Q8NE65	[195, 220]	Classic Zinc Finger
Q8WUU5	[0, 42]	Erythroid Transcription Factor GATA-1, subunit A
Q96A25	[49, 68]	-
Q96MT3	[180, 204]	Cysteine Rich Protein
Q9H1E1	[40, 143]	Ribonuclease A-like domain
Q9UPU3	[714, 746]	-
Q9Y385	[138, 158]	Ubiquitin Conjugating Enzyme
O00463	[45, 68]	Zinc/RING finger domain, C3HC4 (zinc finger)
O15164	[45, 90]	Zinc/RING finger domain, C3HC4 (zinc finger)
O60565	[83, 183]	Cystine-knot cytokines
O60733	[139, 160]	Ankyrin repeat-containing domain
O75840	[200, 265]	Classic Zinc Finger
P01215	[27, 45]	Cystine-knot cytokines
P01589	[16, 91]	-
P20160	[171, 222]	Trypsin-like serine proteases
P58658	[82, 128]	-
P63267	[0, 20]	-
P82279	[874, 949]	Laminin
Q02413	[658, 726]	TCF3-CBD (Catenin binding domain)
Q13443	[352, 516]	Disintegrin domain
Q2Q1W2	[50, 103]	Zinc/RING finger domain, C3HC4 (zinc finger)
Q5TAX3	[1287, 1308]	Zinc finger, CCHC-type
Q8IZQ1	[3206, 3228]	YVTN repeat-like/Quinoprotein amine dehydrogenase
Q8NCN2	[419, 445]	Classic Zinc Finger
Q92765	[101, 127]	Frizzled cysteine-rich domain
Q96BV0	[126, 177]	Classic Zinc Finger
Q96LX8	[175, 226]	Classic Zinc Finger
Q99728	[39, 93]	Zinc/RING finger domain, C3HC4 (zinc finger)
Q9HAR2	[51, 105]	-
Q9UKF5	[336, 367]	Collagenase (Catalytic Domain)
Q9Y3D2	[88, 114]	Peptide methionine sulfoxide reductase.
A0ABJ7H351	[203, 254]	-
O75173	[325, 354]	Collagenase (Catalytic Domain)
O75604	[464, 486]	Cysteine proteinases
P17028	[222, 293]	Classic Zinc Finger
P23743	[266, 290]	-
P46531	[1430, 1567]	-
P49757	[154, 183]	Pleckstrin-homology domain (PH domain)/Phosphotyrosine-binding domain (PTB)
P55201	[265, 293]	Zinc/RING finger domain, C3HC4 (zinc finger)
P56159	[303, 320]	GDNF binding domain
Q17R98	[365, 382]	Classic Zinc Finger
Q4UJ75	[90, 108]	Ankyrin repeat-containing domain
Q6NUJ1	[88, 111]	Saposin-like
Q6VAB6	[117, 158]	Transcription Factor, Ets-1
Q7Z7M0	[140, 202]	Laminin
Q86TB3	[94, 115]	Immunoglobulins
Q8N8J6	[223, 274]	Classic Zinc Finger
Q96E35	[186, 221]	-
Q9NPC7	[490, 513]	Classic Zinc Finger
Q9NXA8	[196, 219]	SIR2/SIRT2 'Small Domain'
Q9NYQ6	[1635, 1668]	Laminin
Q9P0J7	[0, 16]	-
Q9Y614	[311, 329]	-
O60291	[268, 284]	Zinc/RING finger domain, C3HC4 (zinc finger)
P05156	[57, 115]	-
P24928	[60, 89]	RNA polymerase II, clamp domain
P48448	[128, 144]	Aldehyde Dehydrogenase; Chain A, domain 1
Q5JWF8	[101, 121]	-
Q6P3S6	[334, 354]	Kelch-type beta propeller
Q8NA19	[368, 408]	-
Q96JP2	[804, 825]	Kinesin motor domain
Q9NR09	[336, 402]	Inhibitor Of Apoptosis Protein (2mihbC-IAP-1); Chain A
Q9P0N8	[53, 93]	Zinc/RING finger domain, C3HC4 (zinc finger)
Q9Y561	[155, 215]	Low-density Lipoprotein Receptor
O43541	[240, 279]	SMAD MH1 domain
O75398	[262, 294]	SAND domain-like
O75800	[385, 439]	-
O94772	[25, 73]	CD59
P25713	[0, 67]	Metallothionein Isoform II
P55789	[60, 104]	ERV/ALR sulfhydryl oxidase domain
Q15052	[299, 315]	Dbl homology (DH) domain
Q6ZMS4	[150, 201]	Classic Zinc Finger
Q8N7B1	[258, 290]	HORMA domain
Q8WXK3	[114, 129]	Ankyrin repeat-containing domain
Q99969	[76, 102]	-
Q9NP84	[28, 65]	-
Q9UNA0	[373, 400]	Collagenase (Catalytic Domain)
Q9UNE0	[0, 122]	Tumor Necrosis Factor Receptor, subunit A, domain 2
A6NCQ9	[3, 35]	Zinc/RING finger domain, C3HC4 (zinc finger)
O60575	[32, 57]	-
Q12891	[364, 382]	Aldolase class I
Q6N043	[409, 425]	Classic Zinc Finger
Q8IV16	[54, 145]	CD59
Q8IY57	[16, 48]	Zinc finger, RanBP2-type
Q8N7M2	[338, 376]	Classic Zinc Finger
Q8TE04	[383, 403]	-
Q8WY64	[349, 433]	Zinc/RING finger domain, C3HC4 (zinc finger)
Q969K3	[95, 111]	-
Q96F44	[0, 68]	Zinc/RING finger domain, C3HC4 (zinc finger)
Q96JG9	[3134, 3186]	Classic Zinc Finger
Q96JL9	[27, 59]	-
Q96T25	[425, 483]	Classic Zinc Finger
Q99062	[156, 190]	Immunoglobulins
Q9BWX1	[237, 339]	Zinc/RING finger domain, C3HC4 (zinc finger)
Q9NPY3	[154, 179]	Mannose-Binding Protein A, subunit A
Q9NQX6	[122, 173]	Classic Zinc Finger
B4DX44	[304, 355]	Classic Zinc Finger
O75626	[566, 617]	Classic Zinc Finger
O94762	[419, 443]	P-loop containing nucleotide triphosphate hydrolases
P04629	[33, 59]	Ribonuclease Inhibitor
P31629	[180, 228]	Classic Zinc Finger
Q13702	[370, 411]	Zinc/RING finger domain, C3HC4 (zinc finger)
Q15072	[7, 59]	Classic Zinc Finger
Q8WTR7	[200, 223]	Classic Zinc Finger
Q92563	[79, 206]	-
Q9H7B4	[46, 98]	-
Q9Y6W6	[151, 179]	Rhodanese-like domain
O15015	[0, 22]	Classic Zinc Finger
P50238	[0, 76]	Cysteine Rich Protein
Q14145	[602, 623]	Kelch-type beta propeller
Q5GAN6	[108, 192]	Ribonuclease A-like domain
Q6P3V2	[233, 256]	Classic Zinc Finger
Q86Y01	[400, 423]	Zinc/RING finger domain, C3HC4 (zinc finger)
Q8N7Q3	[114, 151]	Classic Zinc Finger
Q92959	[433, 455]	-
Q9BZY9	[84, 103]	Classic Zinc Finger
Q9NQV7	[379, 403]	Classic Zinc Finger
Q9UBT3	[134, 223]	Lipase, subunit A
O14638	[53, 85]	-
O15084	[463, 480]	Ankyrin repeat-containing domain
P02774	[67, 131]	-
P07225	[47, 72]	Coagulation Factor IX
P12111	[3138, 3171]	Pancreatic trypsin inhibitor Kunitz domain
P15621	[264, 315]	Classic Zinc Finger
P82987	[380, 410]	Thrombospondin type-1 (TSP1) repeat
Q13368	[314, 333]	SH3 Domains
Q6AZZ1	[52, 69]	Zinc/RING finger domain, C3HC4 (zinc finger)
Q6ZT12	[139, 196]	-
Q9H832	[232, 269]	Ubiquitin Conjugating Enzyme
Q9P1U0	[67, 125]	-
Q9Y2P7	[81, 104]	Classic Zinc Finger
A0A0A0MS06	[77, 100]	Immunoglobulins
D6RA61	[101, 135]	Cysteine proteinases
O94910	[94, 110]	-
P07306	[142, 159]	Mannose-Binding Protein A, subunit A
P30876	[1126, 1147]	RNA polymerase alpha subunit dimerisation domain
Q13233	[432, 493]	Zinc/RING finger domain, C3HC4 (zinc finger)
Q15326	[517, 601]	-
Q6P4F2	[100, 123]	-
Q96EY1	[225, 301]	Urease metallochaperone UreE, N-terminal domain
Q9HAU8	[121, 137]	tricorn interacting facor f3 domain
A6NKH3	[34, 60]	-
B4E2M5	[126, 148]	Ankyrin repeat-containing domain
O15553	[316, 407]	Classic Zinc Finger
P08235	[592, 672]	Erythroid Transcription Factor GATA-1, subunit A
P26651	[98, 171]	Zinc finger, CCCH-type
P61927	[8, 46]	-
P78539	[72, 135]	Complement Module, domain 1
Q49A17	[551, 572]	-
Q86YV0	[527, 561]	GTPase Activation - p120gap; domain 1
Q8ND24	[644, 702]	Zinc/RING finger domain, C3HC4 (zinc finger)
Q92499	[101, 120]	-
Q9UK80	[424, 449]	Cysteine proteinases
Q9Y2T5	[334, 360]	Rhodopsin 7-helix transmembrane proteins
B1ANS9	[717, 740]	YVTN repeat-like/Quinoprotein amine dehydrogenase
O14578	[1365, 1435]	-
O95405	[694, 729]	Zinc/RING finger domain, C3HC4 (zinc finger)
P10075	[174, 225]	Classic Zinc Finger
P35398	[62, 142]	Erythroid Transcription Factor GATA-1, subunit A
P47928	[7, 80]	Helix-loop-helix DNA-binding domain
Q15436	[420, 448]	beta-sandwich domain of Sec23/24
Q16663	[91, 108]	-
Q86XF7	[60, 105]	Classic Zinc Finger
Q8NEK5	[188, 229]	Classic Zinc Finger
Q8NG27	[583, 605]	Zinc/RING finger domain, C3HC4 (zinc finger)
Q8TBJ5	[362, 394]	Classic Zinc Finger
Q93091	[43, 64]	Ribonuclease A-like domain
Q96L21	[0, 24]	Ribosomal protein L10e/L16
Q99944	[85, 192]	Laminin
Q9BXT4	[159, 215]	-
Q9ULU4	[99, 139]	Zinc/RING finger domain, C3HC4 (zinc finger)
Q9Y5J6	[29, 56]	Mitochondrial import inner membrane translocase subunit tim13 like domains
A0AAQ5BIG5	[605, 675]	Zinc finger, CCHC-type
O43298	[364, 414]	Classic Zinc Finger
O95171	[610, 656]	Cysteine Rich Protein
P08218	[202, 228]	Trypsin-like serine proteases
P19793	[124, 204]	Erythroid Transcription Factor GATA-1, subunit A
P48960	[507, 523]	-
Q13501	[19, 51]	Phosphatidylinositol 3-kinase Catalytic Subunit; Chain A, domain 1
Q64LD2	[509, 524]	YVTN repeat-like/Quinoprotein amine dehydrogenase
Q8IXK0	[660, 675]	-
Q8IYM9	[44, 68]	Zinc/RING finger domain, C3HC4 (zinc finger)
Q9BQW3	[151, 179]	Transcription factor COE1, DNA-binding domain
Q9H160	[204, 267]	Zinc/RING finger domain, C3HC4 (zinc finger)
Q9H7R0	[105, 197]	Classic Zinc Finger
Q9NR11	[263, 324]	Classic Zinc Finger
Q9Y508	[0, 76]	Zinc/RING finger domain, C3HC4 (zinc finger)
Q9Y5Q5	[200, 222]	Frizzled cysteine-rich domain
O14904	[279, 364]	-
O14983	[663, 678]	HAD superfamily/HAD-like
O15031	[341, 373]	YVTN repeat-like/Quinoprotein amine dehydrogenase
O60542	[112, 133]	Cystine-knot cytokines
O60883	[334, 355]	Rhodopsin 7-helix transmembrane proteins
O95218	[4, 43]	Zinc finger, RanBP2-type
P0DQW0	[19, 89]	Zinc finger, CCCH-type
P14373	[0, 127]	Zinc/RING finger domain, C3HC4 (zinc finger)
P23193	[252, 300]	-
Q02297	[171, 230]	Laminin
Q09472	[340, 423]	TAZ domain
Q13642	[0, 54]	Cysteine Rich Protein
Q5VT99	[28, 50]	Ribonuclease Inhibitor
Q7L0Q8	[92, 113]	P-loop containing nucleotide triphosphate hydrolases
Q7L273	[335, 367]	E3 ubiquitin-protein ligase SopA
Q8TB52	[0, 33]	TRAF-like zinc-finger, N-terminal subdomain
Q99942	[16, 36]	Zinc/RING finger domain, C3HC4 (zinc finger)
Q9P2E2	[3, 47]	Kinesin motor domain
Q9UIL8	[69, 141]	Zinc/RING finger domain, C3HC4 (zinc finger)
P04035	[815, 841]	3-hydroxy-3-methylglutaryl-coenzyme A Reductase; Chain A, domain 2
Q02763	[209, 349]	Tie2 ligand-binding domain superfamily
Q13427	[36, 60]	Cyclophilin-like
Q6P1Q9	[113, 152]	Vaccinia Virus protein VP39
Q8IY34	[133, 150]	MFS general substrate transporter like domains
Q8NCQ7	[50, 147]	Phospholipase A2 domain
Q9HBT7	[359, 410]	Classic Zinc Finger
Q9NXH9	[366, 396]	Vaccinia Virus protein VP39
Q9UK33	[86, 134]	Classic Zinc Finger
Q9ULM2	[114, 208]	Classic Zinc Finger
Q9Y5T5	[37, 91]	Zinc/RING finger domain, C3HC4 (zinc finger)
P03951	[125, 144]	Hepatocyte Growth Factor
P17900	[115, 137]	Ganglioside GM2 activator
P18065	[32, 140]	-
P29590	[46, 100]	Zinc/RING finger domain, C3HC4 (zinc finger)
P54756	[251, 363]	Tumor Necrosis Factor Receptor, subunit A, domain 2
P61221	[5, 37]	P-loop containing nucleotide triphosphate hydrolases
Q6ZUV0	[4, 26]	Hotdog Thioesterase
Q96K62	[394, 439]	Classic Zinc Finger
Q9H3U7	[29, 162]	Thyroglobulin type-1
Q9P2N4	[698, 758]	-
Q9UIH9	[372, 395]	Classic Zinc Finger
Q9Y4L5	[218, 247]	Zinc/RING finger domain, C3HC4 (zinc finger)
A4D1S0	[372, 408]	Mannose-Binding Protein A, subunit A
O14843	[324, 345]	Rhodopsin 7-helix transmembrane proteins
O15550	[365, 389]	Tetratricopeptide repeat domain
P02760	[220, 290]	Pancreatic trypsin inhibitor Kunitz domain
P03950	[39, 132]	Ribonuclease A-like domain
P54315	[308, 331]	alpha/beta hydrolase
Q14994	[0, 75]	Erythroid Transcription Factor GATA-1, subunit A
Q5S007	[0, 15]	Leucine-rich Repeat Variant
Q6UXN8	[101, 118]	Mannose-Binding Protein A, subunit A
Q6UY14	[49, 80]	Thrombospondin type-1 (TSP1) repeat
Q96GM8	[276, 324]	-
Q9NT99	[46, 72]	Ribonuclease Inhibitor
Q9UNL4	[188, 248]	Zinc/RING finger domain, C3HC4 (zinc finger)
Q9Y324	[127, 144]	5'-nuclease
O94813	[25, 43]	Ribonuclease Inhibitor
P13489	[197, 221]	Ribonuclease Inhibitor
P16035	[141, 162]	Tissue inhibitor of metalloproteinase-1. Chain B, domain 1
P37231	[177, 198]	Erythroid Transcription Factor GATA-1, subunit A
P38398	[53, 73]	Zinc/RING finger domain, C3HC4 (zinc finger)
P42356	[1815, 1839]	Phosphatidylinositol 3-kinase Catalytic Subunit; Chain A, domain 4
P84103	[0, 19]	-
Q14626	[21, 57]	Immunoglobulins
Q3SY56	[305, 328]	Classic Zinc Finger
Q68G74	[133, 148]	Cysteine Rich Protein
Q6W4X9	[658, 721]	Laminin
Q969J2	[311, 362]	Classic Zinc Finger
Q9HBE1	[346, 397]	Classic Zinc Finger
Q9HBL0	[23, 76]	-
A4D0S4	[19, 39]	Galactose-binding domain-like
E7ETH6	[83, 106]	Classic Zinc Finger
O75808	[141, 175]	Zn-finger domain of Sec23/24
O95267	[571, 600]	-
P51617	[475, 509]	Transferase(Phosphotransferase) domain 1
P78317	[121, 185]	Zinc/RING finger domain, C3HC4 (zinc finger)
Q7L590	[389, 411]	Nucleic acid-binding proteins
Q8WWZ8	[502, 522]	Zona pellucida, ZP-C domain
Q96QT6	[48, 111]	Zinc/RING finger domain, C3HC4 (zinc finger)
Q9HC23	[24, 45]	Lipase, subunit A
Q9ULW8	[149, 181]	Protein-arginine deiminase, central domain
Q9Y2Y1	[58, 107]	-
Q96NG5	[143, 194]	Classic Zinc Finger
Q9BZM1	[58, 157]	Phospholipase A2 domain
