Accession_number	Region	Domain
O75093	[33, 54]	Leucine rich repeat N-terminal domain
O75678	[99, 150]	zinc finger of C3HC4-type, RING
P04275	[423, 446]	von Willebrand factor type D domain
P04275	[518, 534]	von Willebrand factor type D domain
P04275	[1029, 1108]	C8 domain
P04275	[1984, 2010]	von Willebrand factor type D domain
P49821	[374, 391]	NADH-ubiquinone oxidoreductase-F iron-sulfur binding region
Q5T0L3	[68, 89]	Spermatogenesis-associated protein 46
Q5T0L3	[118, 158]	Spermatogenesis-associated protein 46
Q5VWG9	[860, 921]	PHD-finger
Q6UWY2	[191, 226]	Trypsin
Q6ZMT1	[113, 170]	Phorbol esters/diacylglycerol binding domain (C1 domain)
Q8IWV7	[100, 128]	Putative zinc finger in N-recognin (UBR box)
Q8IWV7	[138, 186]	Putative zinc finger in N-recognin (UBR box)
Q8IWV7	[1607, 1622]	Proteolysis_6 C-terminal
Q8WWI1	[1638, 1680]	LIM domain
Q9BRZ2	[28, 68]	RING-type zinc-finger
Q9BRZ2	[158, 211]	B-box zinc finger
Q9C0I4	[41, 62]	Thrombospondin type 1 domain
Q9C0I4	[76, 94]	Thrombospondin type 1 domain
Q9C0I4	[1027, 1055]	Spondin-like TSP1 domain
Q9NRY6	[114, 174]	Scramblase
Q9NRY6	[204, 225]	Scramblase
D6RCP7	[101, 135]	Ubiquitin carboxyl-terminal hydrolase
O43820	[352, 376]	Hyaluronidase
O43820	[400, 415]	Hyaluronidase
O43915	[103, 156]	PDGF/VEGF domain
P06858	[289, 305]	Lipase
Q5TCM9	[0, 117]	Late cornified envelope
Q92918	[599, 615]	CNH domain
Q9BYR6	[0, 97]	Keratin, high-sulphur matrix protein
A0A1B0GVY7	[607, 625]	GM130 C-terminal binding motif
O00451	[29, 98]	GDNF/GAS1 domain
O00451	[150, 207]	GDNF/GAS1 domain
O00451	[217, 298]	GDNF/GAS1 domain
O00451	[312, 356]	GDNF/GAS1 domain
O95274	[32, 65]	u-PAR/Ly-6 domain
O95274	[110, 230]	u-PAR/Ly-6 domain
P0DH78	[13, 80]	RING-type zinc-finger
P24723	[211, 233]	Phorbol esters/diacylglycerol binding domain (C1 domain)
Q2TV78	[50, 74]	PAN domain
Q2TV78	[116, 262]	Kringle domain
Q2TV78	[336, 384]	Kringle domain
Q2TV78	[635, 660]	Trypsin
Q2YD98	[566, 586]	Uncharacterized conserved protein (DUF2043)
Q6PEW0	[198, 224]	Trypsin
Q7Z4F1	[147, 191]	Low-density lipoprotein receptor domain class A
Q86UF1	[170, 190]	Tetraspanin family
Q8NBB4	[311, 334]	Zinc finger, C2H2 type
Q8NBB4	[371, 394]	Zinc finger, C2H2 type
Q9BY79	[280, 306]	Low-density lipoprotein receptor domain class A
Q9BY79	[526, 578]	Fz domain
Q9P2E3	[1856, 1881]	RZ type zinc finger domain
A8MWY0	[450, 471]	ELAPOR1-like, galactose binding domain
A8MWY0	[827, 854]	ELAPOR1-like, mannose 6-phosphate receptor homology domain
O00222	[505, 540]	Nine Cysteines Domain of family 3 GPCR
O14727	[693, 712]	IFT122 first beta-propeller
O75078	[381, 397]	Reprolysin (M12B) family zinc metalloprotease
P10912	[414, 434]	Growth hormone receptor binding
P10912	[503, 523]	Growth hormone receptor binding
P29274	[144, 160]	7 transmembrane receptor (rhodopsin family)
P55773	[92, 114]	Small cytokines (intecrine/chemokine), interleukin-8 like
P98073	[198, 226]	Low-density lipoprotein receptor domain class A
P98073	[632, 683]	Low-density lipoprotein receptor domain class A
P98073	[759, 781]	Scavenger receptor cysteine-rich domain
P98073	[930, 979]	Trypsin
P98164	[1387, 1426]	Calcium-binding EGF domain
P98164	[2011, 2034]	Coagulation Factor Xa inhibitory site
P98164	[2338, 2363]	LRP2-like, EGF-like domain
Q15031	[495, 515]	tRNA synthetases class I (I, L, M and V)
Q5SQ80	[90, 108]	Ankyrin repeats (3 copies)
Q64ET8	[84, 127]	Facioscapulohumeral muscular dystrophy candidate 2
Q6UXB8	[109, 206]	Cysteine-rich secretory protein family
Q99675	[263, 282]	Zinc finger, C3HC4 type (RING finger)
Q9UHB6	[379, 417]	LIM domain
Q9Y5Y6	[395, 417]	CUB domain
A6NCW7	[105, 131]	Ubiquitin carboxyl-terminal hydrolase
O95445	[146, 163]	ApoM domain
P26436	[179, 264]	u-PAR/Ly-6 domain
P55055	[76, 167]	Double treble clef zinc finger, C4 type
P78386	[61, 103]	Keratin type II head
Q13535	[505, 523]	Serine/threonine-protein kinase ATR, N-HEAT region
Q3BBV2	[628, 655]	Olduvai domain
Q3BBV2	[778, 812]	Olduvai domain
Q496H8	[76, 96]	Neuritin protein family
Q6ZVN8	[30, 51]	Repulsive guidance molecule (RGM) N-terminal domain
Q6ZVN8	[69, 106]	Repulsive guidance molecule (RGM) N-terminal domain
Q8N7R7	[0, 21]	Aspartate-rich protein 1-like
Q9H5I1	[219, 249]	Pre-SET motif
Q9HCU4	[1560, 1618]	EGF-like domain
Q9HCU4	[1750, 1770]	Laminin G domain
Q9UH90	[0, 104]	TRAF-like zinc-finger
Q9UMW8	[223, 242]	Ubiquitin carboxyl-terminal hydrolase
Q9Y252	[621, 681]	Ring finger domain
O43291	[75, 97]	Kunitz/Bovine pancreatic trypsin inhibitor domain
O43291	[171, 189]	Kunitz/Bovine pancreatic trypsin inhibitor domain
O60242	[176, 206]	Adhesion GPCR B N-terminal region
P20155	[35, 66]	Kazal-type serine protease inhibitor domain
P22528	[0, 82]	Cornifin (SPRR) family
Q0VG06	[616, 646]	Fanconi anemia-associated
Q5SVZ6	[121, 150]	MYM-type Zinc finger with FCS sequence motif
Q5VWM6	[445, 470]	PRAME C-terminal domain
Q6S9Z5	[276, 315]	zinc-finger of a C2HC-type
Q8TDY4	[340, 389]	PH domain
Q8TDY4	[430, 459]	Putative GTPase activating protein for Arf
Q96BW5	[25, 47]	Phosphotriesterase family
Q9H9J4	[134, 166]	Ubiquitin carboxyl-terminal hydrolase
Q9UBS8	[310, 331]	IBR domain, a half RING-finger domain
Q9UBS8	[393, 419]	IBR domain
C9JVI0	[101, 135]	Ubiquitin carboxyl-terminal hydrolase
D6RBQ6	[101, 135]	Ubiquitin carboxyl-terminal hydrolase
O15021	[322, 342]	Domain of unknown function (DUF1908)
O15079	[287, 317]	Golgi-localised syntaxin-1-binding clamp
P07327	[87, 135]	Alcohol dehydrogenase GroES-like domain
P0DPI3	[190, 234]	Glutathione-dependent formaldehyde-activating enzyme
Q5VW22	[579, 607]	Ankyrin repeats (3 copies)
Q76L83	[1389, 1429]	PHD domain of transcriptional enhancer, Asx
Q86VQ1	[349, 390]	Protein Family FAM117
Q96CS7	[42, 91]	PH domain
Q9H8J5	[52, 72]	MANEC domain
Q9NRQ2	[184, 214]	Scramblase
Q9NRR2	[187, 230]	Trypsin
A0A1B0GTH6	[465, 507]	Casein kinase II subunit alpha'-interacting protein
O00548	[37, 57]	N terminus of Notch ligand C2-like domain
O00755	[121, 148]	wnt family
O00755	[189, 220]	wnt family
O00755	[267, 348]	wnt family
O43526	[809, 858]	Ankyrin-G binding motif of KCNQ2-3
O43866	[27, 76]	Scavenger receptor cysteine-rich domain
P10600	[342, 357]	Transforming growth factor beta like domain
P57682	[311, 334]	Zinc finger, C2H2 type
Q15139	[285, 329]	Phorbol esters/diacylglycerol binding domain (C1 domain)
Q15910	[275, 333]	Ezh2, MCSS domain
Q6ZMP0	[58, 89]	Thrombospondin type 1 domain
Q6ZMP0	[336, 415]	ADAMTS cysteine-rich domain
Q6ZMP0	[994, 1017]	PLAC (protease and lacunin) domain
Q6ZWJ8	[1333, 1354]	von Willebrand factor type D domain
Q86XK2	[383, 411]	Right handed beta helix region
Q86XK2	[847, 926]	Putative zinc finger in N-recognin (UBR box)
Q8IU81	[491, 560]	IRF-2BP1/2 C3HC4 zinc finger domain
Q96GW7	[639, 688]	EGF-like domain
Q96GW7	[849, 880]	Sushi repeat (SCR repeat)
Q9BYD5	[0, 83]	PLAC8 family
Q9P2D0	[200, 239]	Regulator of chromosome condensation (RCC1) repeat
Q9UBX7	[171, 247]	Trypsin
A0A3B3IT33	[84, 102]	B-box zinc finger
A0A3B3IT33	[112, 136]	B-box zinc finger
A0AAG2UYG2	[36, 72]	Zinc knuckle
A8MUK1	[101, 135]	Ubiquitin carboxyl-terminal hydrolase
Q01973	[232, 255]	Fz domain
Q01973	[275, 379]	Kringle domain
Q14315	[1092, 1121]	Filamin/ABP280 repeat
Q14315	[2085, 2105]	Filamin/ABP280 repeat
Q15661	[207, 232]	Trypsin
Q16671	[67, 125]	Activin types I and II receptor domain
Q7RTY5	[204, 225]	Trypsin
Q96T88	[291, 372]	PHD-finger
Q9BTC0	[250, 328]	PHD-finger
O75326	[489, 510]	Plexin repeat
O75326	[572, 599]	Semaphorin-7A-like, immunoglobulin-like domain
O76096	[97, 113]	Cystatin domain
P15289	[150, 177]	Sulfatase
P15289	[477, 506]	C-terminal region of aryl-sulfatase
Q16515	[311, 348]	Amiloride-sensitive sodium channel
Q7Z407	[2666, 2695]	Sushi repeat (SCR repeat)
Q7Z407	[2752, 2770]	Sushi repeat (SCR repeat)
Q7Z407	[2857, 2884]	Sushi repeat (SCR repeat)
Q7Z407	[2903, 2943]	Sushi repeat (SCR repeat)
Q7Z407	[2977, 3065]	Sushi repeat (SCR repeat)
Q7Z407	[3143, 3182]	Sushi repeat (SCR repeat)
Q7Z407	[3195, 3242]	Sushi repeat (SCR repeat)
Q7Z407	[3273, 3300]	Sushi repeat (SCR repeat)
Q7Z407	[3377, 3420]	Sushi repeat (SCR repeat)
Q7Z4I7	[114, 140]	LIM domain
Q7Z4I7	[156, 210]	LIM domain
Q9HBH9	[237, 253]	Protein kinase domain
Q9HBH9	[297, 323]	Protein kinase domain
Q9NQZ6	[179, 212]	Zinc finger-containing protein
A0A0J9YWL9	[948, 987]	Putative testis-expressed protein 13C, zinc finger domain
Q15283	[724, 750]	BTK motif
Q3YBR2	[224, 245]	F/Y-rich N-terminus
Q6IPT4	[17, 36]	Oxidoreductase-like protein, N-terminal
Q8N8U9	[490, 506]	von Willebrand factor type D domain
Q8N8U9	[578, 684]	Trypsin Inhibitor like cysteine rich domain
Q9BZR9	[29, 71]	RING-type zinc-finger
Q9Y5L4	[35, 72]	Tim10/DDP family zinc finger
C9JJH3	[105, 131]	Ubiquitin carboxyl-terminal hydrolase
O75094	[28, 49]	Leucine rich repeat N-terminal domain
O75094	[705, 747]	Leucine rich repeat N-terminal domain
O95868	[18, 104]	u-PAR/Ly-6 domain
P01178	[20, 124]	Neurohypophysial hormones, C-terminal Domain
P51693	[73, 218]	Amyloid A4 N-terminal heparin-binding
Q13129	[1163, 1186]	Zinc finger, C2H2 type
Q13129	[1529, 1565]	Zinc finger protein 292, C2H2-type zinc finger
Q14573	[1939, 1961]	RyR and IP3R Homology associated
Q8WWW0	[113, 179]	Phorbol esters/diacylglycerol binding domain (C1 domain)
Q93052	[405, 439]	LIM domain
Q93052	[466, 491]	LIM domain
Q93052	[531, 548]	LIM domain
Q93052	[566, 592]	LIM domain
Q93084	[593, 612]	P-type ATPase, cytoplasmic domain N
Q9BY15	[94, 126]	Calcium-binding EGF domain
Q9P055	[29, 47]	JNK1/MAPK8-associated membrane protein
O14867	[546, 590]	bZIP Maf transcription factor
O43189	[84, 135]	PHD-finger
P05160	[61, 94]	Sushi repeat (SCR repeat)
P05160	[116, 162]	Sushi repeat (SCR repeat)
P05160	[257, 345]	Sushi repeat (SCR repeat)
P05160	[363, 405]	Sushi repeat (SCR repeat)
P05160	[429, 463]	Sushi repeat (SCR repeat)
P14210	[429, 484]	Kringle domain
P14210	[642, 678]	Trypsin
P31276	[35, 78]	Hox protein A13 N terminal
P31276	[131, 154]	Hox protein A13 N terminal
P35030	[242, 267]	Trypsin
P43694	[206, 244]	GATA zinc finger
P43694	[260, 304]	GATA zinc finger
Q15057	[396, 421]	Putative GTPase activating protein for Arf
Q16760	[176, 214]	Phorbol esters/diacylglycerol binding domain (C1 domain)
Q7Z2T5	[502, 522]	N2,N2-dimethylguanosine tRNA methyltransferase
Q7Z5L0	[158, 183]	Vitelline membrane outer layer protein I (VOMI)
Q8WTU2	[116, 144]	Scavenger receptor cysteine-rich domain
Q8WTU2	[214, 232]	Scavenger receptor cysteine-rich domain
Q8WTU2	[252, 297]	Scavenger receptor cysteine-rich domain
Q8WTU2	[342, 452]	Scavenger receptor cysteine-rich domain
Q8WTU2	[469, 490]	Scavenger receptor cysteine-rich domain
Q8WTU2	[504, 525]	Scavenger receptor cysteine-rich domain
Q8WTU2	[547, 574]	Scavenger receptor cysteine-rich domain
Q9BX93	[64, 123]	Group XII secretory phospholipase A2 precursor (PLA2G12)
Q9BX93	[179, 194]	Group XII secretory phospholipase A2 precursor (PLA2G12)
Q9ULV1	[35, 54]	Fz domain
O43240	[154, 184]	Trypsin
O43240	[213, 235]	Trypsin
O76015	[131, 154]	Intermediate filament protein
O76015	[304, 358]	Intermediate filament protein
O76031	[94, 122]	CLPX-like, zinc ribbon domain
P01730	[434, 457]	T cell CD4 receptor C terminal region
P0C7I0	[101, 131]	Ubiquitin carboxyl-terminal hydrolase
P0C7I0	[243, 263]	Ubiquitin carboxyl-terminal hydrolase
P0DV74	[36, 72]	Zinc knuckle
P56277	[0, 67]	Cx9C motif-containing protein 4
Q7Z434	[34, 50]	Caspase recruitment domain
Q96HD1	[35, 58]	TLR4 regulator and MIR-interacting MSAP
Q96HD1	[87, 108]	TLR4 regulator and MIR-interacting MSAP
Q9BU40	[69, 187]	VWC2L-like domain
Q9BU40	[245, 342]	von Willebrand factor type C domain
Q9C086	[309, 343]	HIT zinc finger
Q9H582	[439, 462]	Zinc finger, C2H2 type
Q9HC78	[569, 586]	Zinc finger, C2H2 type
Q9HC78	[630, 648]	Zinc finger, C2H2 type
A3QJZ6	[452, 473]	PRAME C-terminal domain
A6NKQ9	[50, 169]	Cystine-knot domain
O60381	[322, 343]	Ataxin-1 and HBP1 module (AXH)
O75132	[471, 505]	BED zinc finger
P02787	[182, 197]	Transferrin
P02787	[426, 446]	Transferrin
P02787	[496, 532]	Transferrin
P02787	[571, 633]	Transferrin
P10589	[75, 155]	Double treble clef zinc finger, C4 type
P54764	[355, 389]	Fibronectin type III domain
Q1RN00	[82, 140]	Domain of unknown function (DUF4672)
Q5T2Q4	[0, 36]	Aspartate-rich protein 1-like
Q5TA81	[0, 109]	Late cornified envelope
Q8IWU6	[664, 686]	Sulfatase protein
Q8IWU6	[728, 754]	Sulfatase protein
Q96K80	[129, 163]	Zinc finger C-x8-C-x5-C-x3-H type (and similar)
Q9BYQ8	[0, 209]	Keratin, high sulfur B2 protein
Q9C0G0	[1615, 1642]	Zinc finger, C2H2 type
Q9NS68	[128, 158]	TNFRSF19 second TNFR Cys domain
Q9UHF5	[110, 172]	Interleukin-17
Q9UK28	[85, 133]	Brain specific membrane anchored protein
Q9UNK4	[48, 74]	Phospholipase A2
Q9UNK4	[95, 111]	Phospholipase A2
Q9Y210	[245, 267]	Transient receptor ion channel II
P28702	[180, 274]	Double treble clef zinc finger, C4 type
P50579	[215, 240]	Metallopeptidase family M24
Q2VIR3	[90, 114]	Elongation factor Tu GTP binding domain
Q30KQ8	[43, 96]	Beta defensin
Q53GT1	[505, 532]	Kelch motif
Q6NZ36	[132, 179]	Ubiquitin-binding zinc-finger
Q6T4R5	[723, 750]	NHS-like protein
Q6URK8	[49, 75]	Sperm microtubule inner protein 8
Q6ZUB0	[116, 134]	Domain of unknown function (DUF4599)
Q7Z4Q2	[46, 68]	HEAT-like repeat
Q86UZ6	[424, 460]	Zinc-finger double domain
Q96GX1	[160, 195]	N-terminal domain of DUF1619
Q96PZ7	[2459, 2504]	Sushi repeat (SCR repeat)
Q96PZ7	[2521, 2560]	Sushi repeat (SCR repeat)
Q96PZ7	[2662, 2689]	Sushi repeat (SCR repeat)
Q96PZ7	[2769, 2805]	Sushi repeat (SCR repeat)
Q96PZ7	[2885, 2987]	Sushi repeat (SCR repeat)
Q96PZ7	[3011, 3046]	Sushi repeat (SCR repeat)
Q96PZ7	[3065, 3106]	Sushi repeat (SCR repeat)
Q96PZ7	[3243, 3284]	Sushi repeat (SCR repeat)
Q9GZZ6	[377, 394]	Neurotransmitter-gated ion-channel transmembrane region
Q9UJW2	[265, 284]	Papain family cysteine protease
Q9UJW2	[305, 355]	Papain family cysteine protease
A0A096LP55	[26, 79]	Ubiquinol-cytochrome C reductase hinge protein
O94929	[0, 49]	LIM domain
O94929	[212, 248]	LIM domain
P43652	[76, 114]	Serum albumin family
P43652	[189, 204]	Serum albumin family
P43652	[268, 322]	Serum albumin family
P43652	[379, 402]	Serum albumin family
P43652	[484, 502]	Serum albumin family
P43652	[580, 598]	Serum albumin family
P81274	[499, 519]	GoLoco motif
Q10472	[515, 548]	Ricin-type beta-trefoil lectin domain
Q13615	[323, 340]	Myotubularin-like phosphatase domain
Q13615	[1141, 1183]	FYVE zinc finger
Q14839	[362, 423]	PHD-finger
Q14839	[441, 504]	PHD-finger
Q8N9V2	[43, 65]	zinc finger of C3HC4-type, RING
Q8NDY8	[77, 107]	Transmembrane 52
Q8NEB7	[57, 77]	Proacrosin binding protein sp32
Q96CA5	[272, 287]	Zinc finger, C3HC4 type (RING finger)
Q96HI0	[188, 209]	Sentrin-specific protease 3/5 N-terminal
Q99988	[235, 283]	Transforming growth factor beta like domain
Q9BYV6	[64, 88]	RING-type zinc-finger
Q9BYV6	[113, 138]	B-box zinc finger
Q9GZR1	[785, 824]	Ulp1 protease family, C-terminal catalytic domain
Q9H158	[710, 743]	Cadherin cytoplasmic C-terminal
Q9Y6L7	[577, 614]	Coagulation Factor Xa inhibitory site
Q9Y6L7	[725, 785]	Calcium-binding EGF domain
O14639	[148, 239]	LIM domain
O14639	[256, 280]	LIM domain
O14639	[290, 323]	LIM domain
O15541	[272, 308]	Zinc finger, C3HC4 type (RING finger)
O43597	[160, 255]	Sprouty protein (Spry)
P04733	[0, 60]	Metallothionein
P09093	[204, 228]	Trypsin
P22692	[11, 109]	Insulin-like growth factor binding protein
P22692	[193, 257]	Thyroglobulin type-1 repeat
Q6X4U4	[64, 102]	Sclerostin (SOST)
Q6X4U4	[123, 174]	Sclerostin (SOST)
Q8N806	[24, 80]	Putative zinc finger in N-recognin (UBR box)
Q8N806	[99, 120]	Putative zinc finger in N-recognin (UBR box)
Q8TC27	[332, 358]	Reprolysin (M12B) family zinc metalloprotease
Q8TC27	[550, 566]	ADAM cysteine-rich
Q9NP50	[9, 28]	Protein Family FAM60A
Q9NP50	[187, 205]	Protein Family FAM60A
P00325	[87, 138]	Alcohol dehydrogenase GroES-like domain
P26010	[34, 100]	Integrin plexin domain
P51689	[486, 512]	C-terminal region of aryl-sulfatase
P51689	[577, 592]	C-terminal region of aryl-sulfatase
P78334	[400, 443]	Neurotransmitter-gated ion-channel transmembrane region
P98168	[291, 308]	Zinc finger, C2H2 type
P98168	[471, 496]	Zinc finger, C2H2 type
Q17RN3	[89, 107]	Protein of unknown function (DUF2465)
Q5VZB9	[63, 135]	DM DNA binding domain
Q96EG1	[166, 191]	Sulfatase
Q96EG1	[501, 524]	C-terminal region of aryl-sulfatase
Q9BRQ0	[319, 381]	Pygopus, PHD-type zinc finger
Q9BWF3	[151, 174]	Zinc knuckle
Q9H9P5	[25, 46]	Unkempt Zinc finger domain 1 (Znf1)
Q9H9P5	[628, 679]	Zinc finger, C3HC4 type (RING finger)
Q9UHC7	[50, 85]	CCCH-type zinc finger
Q9UHC7	[98, 113]	Zinc finger C-x8-C-x5-C-x3-H type (and similar)
Q9Y282	[131, 167]	Endoplasmic reticulum vesicle transporter
O94806	[286, 330]	Phorbol esters/diacylglycerol binding domain (C1 domain)
P29597	[542, 559]	SH2 domain
P81172	[62, 83]	Hepcidin
Q0P6D6	[885, 908]	Coiled-coil domain-containing protein 15 C-terminal domain
Q15560	[250, 298]	Transcription factor S-II (TFIIS)
Q8WXE1	[385, 408]	ATRIP C-terminal domain
Q8WXE1	[758, 790]	ATRIP C-terminal domain
Q96GL9	[51, 107]	FAM163 family
Q9C040	[49, 70]	RING-type zinc-finger
Q9C040	[107, 150]	B-box zinc finger
Q9H461	[96, 157]	Fz domain
Q9H461	[558, 575]	Frizzled/Smoothened family membrane region
Q9P1T7	[148, 170]	MyoD family inhibitor
Q9P1T7	[189, 245]	MyoD family inhibitor
A6NL88	[96, 137]	Shisa, N-terminal domain
O94851	[1048, 1068]	LIM domain
P47944	[0, 61]	Metallothionein
P56705	[125, 152]	wnt family
P56705	[195, 229]	wnt family
P56705	[269, 323]	wnt family
Q01974	[236, 346]	Fz domain
Q13075	[319, 351]	Inhibitor of Apoptosis domain
Q8N812	[101, 122]	Family of unknown function (DUF5541)
Q8NEG5	[223, 245]	Zinc finger, ZZ type
Q8TE54	[530, 569]	STAS domain
Q9BXR0	[306, 329]	Queuine tRNA-ribosyltransferase
Q9BYW2	[1614, 1643]	SET domain
A0A2R8Y4M4	[16, 77]	zinc-RING finger domain
A0AAG2UXK7	[1049, 1083]	Olduvai domain
A0AAG2UXK7	[1294, 1328]	Olduvai domain
A0AAG2UXK7	[1539, 1571]	Olduvai domain
O00253	[76, 110]	Agouti protein
P09544	[124, 151]	wnt family
P09544	[195, 215]	wnt family
P09544	[278, 357]	wnt family
P0DPF2	[13, 41]	Olduvai domain
P0DPF2	[163, 197]	Olduvai domain
P0DPF2	[257, 291]	Olduvai domain
P0DPF2	[407, 441]	Olduvai domain
P0DPF2	[508, 528]	Olduvai domain
P0DPF2	[651, 685]	Olduvai domain
P0DPF2	[745, 779]	Olduvai domain
P0DPF2	[895, 929]	Olduvai domain
P0DPF2	[996, 1016]	Olduvai domain
P0DPF2	[1139, 1173]	Olduvai domain
P0DPF2	[1240, 1260]	Olduvai domain
P0DPF2	[1383, 1417]	Olduvai domain
P0DPF2	[1484, 1504]	Olduvai domain
P0DPF2	[1627, 1661]	Olduvai domain
P0DPF2	[1728, 1748]	Olduvai domain
P0DPF2	[1871, 1905]	Olduvai domain
P0DPF2	[1965, 1999]	Olduvai domain
P0DPF2	[2115, 2149]	Olduvai domain
P0DPF2	[2209, 2243]	Olduvai domain
P0DPF2	[2359, 2393]	Olduvai domain
P0DPF2	[2453, 2487]	Olduvai domain
P0DPF2	[2603, 2637]	Olduvai domain
P0DPF2	[2704, 2724]	Olduvai domain
P0DPF2	[2847, 2881]	Olduvai domain
P0DPF2	[2948, 2968]	Olduvai domain
P0DPF2	[3091, 3125]	Olduvai domain
P0DPF2	[3192, 3212]	Olduvai domain
P0DPF2	[3335, 3369]	Olduvai domain
P0DPF2	[3436, 3456]	Olduvai domain
P0DPF2	[3579, 3613]	Olduvai domain
P0DPF2	[3673, 3707]	Olduvai domain
P0DPF2	[3823, 3857]	Olduvai domain
P0DPF2	[3917, 3951]	Olduvai domain
P0DPF2	[4067, 4101]	Olduvai domain
P0DPF2	[4161, 4195]	Olduvai domain
P0DPF2	[4311, 4345]	Olduvai domain
P0DPF2	[4480, 4514]	Olduvai domain
P0DPF2	[4649, 4681]	Olduvai domain
P0DPF2	[4799, 4833]	Olduvai domain
P0DPF2	[4893, 4927]	Olduvai domain
P0DPF2	[5043, 5077]	Olduvai domain
P34096	[83, 146]	Pancreatic ribonuclease
P49862	[126, 242]	Trypsin
Q01151	[15, 38]	Immunoglobulin V-set domain
Q01151	[89, 114]	Immunoglobulin V-set domain
Q02833	[54, 82]	Ras association (RalGDS/AF-6) domain
Q3V5L5	[726, 749]	Glycosyltransferase family 18
Q6ZWE6	[704, 732]	Rubicon Homology Domain
Q8IWT3	[2152, 2212]	IBR domain, a half RING-finger domain
Q8IWT3	[2225, 2257]	IBR domain
Q969H9	[17, 58]	Disrupted in renal carcinoma protein 1
Q96HQ0	[194, 239]	Zinc finger, C2H2 type
O00622	[218, 361]	Cystine-knot domain
O15165	[26, 56]	Low-density lipoprotein receptor domain class A
P04003	[154, 184]	Sushi repeat (SCR repeat)
P04003	[218, 248]	Sushi repeat (SCR repeat)
P04003	[273, 308]	Sushi repeat (SCR repeat)
P04003	[321, 434]	Sushi repeat (SCR repeat)
P04003	[468, 567]	Sushi repeat (SCR repeat)
P0CW18	[202, 234]	Trypsin
P0CW18	[245, 322]	Trypsin
P56373	[105, 132]	ATP P2X receptor
P61129	[267, 302]	Zinc finger domain
P61129	[331, 354]	KIAA1064-like, CCCH zinc finger
Q14831	[512, 578]	Nine Cysteines Domain of family 3 GPCR
Q15650	[160, 217]	Putative zinc finger motif, C2HC5-type
Q7L0R7	[403, 429]	Ring finger domain
Q8NF86	[139, 168]	Trypsin
Q8NF86	[209, 239]	Trypsin
Q96KX2	[44, 60]	F-actin capping protein alpha subunit
Q9BYJ0	[32, 126]	FGF binding protein 1 (FGF-BP1)
Q9GZT5	[146, 168]	wnt family
Q9GZT5	[251, 285]	wnt family
Q9GZT5	[327, 401]	wnt family
A2RUT3	[38, 55]	TMEM89 protein family
A8MUP6	[34, 61]	GSG1-like protein
O14905	[44, 75]	wnt family
O14905	[129, 156]	wnt family
O14905	[199, 232]	wnt family
O14905	[280, 325]	wnt family
O15230	[53, 115]	Laminin N-terminal (Domain VI)
O15547	[127, 162]	ATP P2X receptor
O60243	[105, 131]	Sulfotransferase family
O60243	[202, 232]	Sulfotransferase family
P51460	[104, 130]	Insulin/IGF/Relaxin family
P62736	[0, 21]	Actin
Q0WX57	[101, 135]	Ubiquitin carboxyl-terminal hydrolase
Q6ZVC0	[698, 724]	Neuronal tyrosine-phosphorylated phosphoinositide-3-kinase adapter
Q6ZVC0	[777, 813]	Neuronal tyrosine-phosphorylated phosphoinositide-3-kinase adapter
Q70EL2	[88, 110]	Zn-finger in ubiquitin-hydrolases and other protein
Q70EL2	[635, 653]	Ubiquitin carboxyl-terminal hydrolase
Q7Z478	[636, 664]	DEAD/DEAH box helicase
Q9H2E6	[510, 551]	Plexin repeat
Q9H4D5	[271, 291]	NXF1/2/3/5 leucine-rich repeat domain
D6RGX4	[36, 72]	Zinc knuckle
O94769	[106, 166]	von Willebrand factor type C domain
O95631	[30, 103]	Laminin N-terminal (Domain VI)
P02679	[154, 174]	Fibrinogen alpha/beta chain family
P08833	[23, 113]	Insulin-like growth factor binding protein
P08833	[195, 227]	Thyroglobulin type-1 repeat
P58215	[104, 153]	Scavenger receptor cysteine-rich domain
P58215	[259, 290]	Scavenger receptor cysteine-rich domain
P58215	[365, 415]	Scavenger receptor cysteine-rich domain
P58215	[485, 521]	Scavenger receptor cysteine-rich domain
P58215	[629, 655]	Lysyl oxidase
P58215	[702, 721]	Lysyl oxidase
Q2L4Q9	[184, 234]	Trypsin
Q496Y0	[174, 192]	Zinc finger, C3HC4 type (RING finger)
Q496Y0	[465, 515]	Zinc finger, C3HC4 type (RING finger)
Q5T871	[8, 97]	Late cornified envelope-like proline-rich protein 1
Q6UW56	[146, 186]	ATRAID-like, EGF domain
Q7Z3D6	[141, 191]	D-glutamate cyclase
Q7Z3D6	[234, 274]	D-glutamate cyclase
Q8N554	[68, 91]	Zinc-finger associated domain (zf-AD)
Q96JP5	[391, 418]	Zinc finger, C2H2 type
Q96QU4	[84, 127]	Facioscapulohumeral muscular dystrophy candidate 2
Q9H8W4	[147, 233]	FYVE zinc finger
Q9HCK1	[0, 20]	DBF zinc finger
Q9UGU0	[1876, 1959]	PHD-like zinc-binding domain
Q9Y4G2	[1025, 1052]	Rubicon Homology Domain
A8MVM7	[387, 423]	Domain of unknown function (DUF4553)
O75473	[26, 49]	Leucine rich repeat N-terminal domain
P21128	[157, 188]	Endoribonuclease XendoU
P21912	[85, 118]	2Fe-2S iron-sulfur cluster binding domain
P21912	[241, 262]	4Fe-4S dicluster domain
Q7Z5A4	[250, 273]	Trypsin
Q8IV63	[0, 31]	zinc-ribbon domain
Q8NF67	[10, 44]	CCDC144C protein coiled-coil region
Q8WV99	[0, 71]	AN1-like Zinc finger
Q9BYE2	[494, 519]	Trypsin
A6NGY1	[85, 128]	Facioscapulohumeral muscular dystrophy candidate 2
O75129	[509, 556]	Astrotactin 1/2 N-terminal
O75129	[648, 722]	Astrotactin 1/2 N-terminal
O75925	[197, 237]	PINIT domain
P01225	[89, 128]	Cystine-knot domain
P02462	[1651, 1668]	C-terminal tandem repeated domain in type 4 procollagen
Q6PEX3	[0, 91]	PMG protein
Q6PEX3	[107, 209]	PMG protein
Q6ZSJ9	[127, 151]	Shisa, N-terminal domain
Q96AX9	[84, 102]	Zinc finger, ZZ type
Q96AX9	[844, 875]	Zinc finger, C3HC4 type (RING finger)
Q96AX9	[919, 944]	Zinc finger, C3HC4 type (RING finger)
Q9C035	[29, 67]	RING-type zinc-finger
Q9H772	[70, 86]	DAN domain
Q9H772	[127, 166]	DAN domain
Q9HCK0	[264, 286]	Zinc finger, C2H2 type
Q9UKR8	[169, 196]	Tetraspanin family
Q9UL40	[124, 148]	Zinc-finger of C2H2 type
Q9UL40	[176, 199]	Zinc-finger of C2H2 type
Q9Y5X4	[36, 117]	Double treble clef zinc finger, C4 type
A0A1B0GTH9	[73, 107]	zinc-finger of a C2HC-type
O43567	[263, 290]	Ring finger domain
O60260	[139, 216]	RING/Ubox like zinc-binding domain
O60260	[406, 451]	IBR domain
P17927	[147, 175]	Sushi repeat (SCR repeat)
P17927	[215, 247]	Sushi repeat (SCR repeat)
P17927	[264, 362]	Sushi repeat (SCR repeat)
P17927	[412, 502]	Sushi repeat (SCR repeat)
P17927	[542, 625]	Sushi repeat (SCR repeat)
P17927	[665, 697]	Sushi repeat (SCR repeat)
P17927	[715, 812]	Sushi repeat (SCR repeat)
P17927	[862, 944]	Sushi repeat (SCR repeat)
P17927	[992, 1075]	Sushi repeat (SCR repeat)
P17927	[1115, 1147]	Sushi repeat (SCR repeat)
P17927	[1165, 1262]	Sushi repeat (SCR repeat)
P17927	[1339, 1405]	Sushi repeat (SCR repeat)
P17927	[1444, 1528]	Sushi repeat (SCR repeat)
P17927	[1621, 1719]	Sushi repeat (SCR repeat)
P17927	[1792, 1856]	Sushi repeat (SCR repeat)
P42677	[54, 83]	Ribosomal protein S27
Q06587	[45, 96]	Zinc finger, C3HC4 type (RING finger)
Q5T753	[0, 117]	Late cornified envelope
Q6GPH4	[0, 18]	XIAP-associated factor 1-like, N-terminal zinc finger
Q6GPH4	[256, 279]	XIAP-associated factor 1 C-terminal domain
Q6ZVZ8	[249, 285]	Ankyrin repeats (3 copies)
Q96FT7	[279, 305]	Amiloride-sensitive sodium channel
Q96FT7	[320, 377]	Amiloride-sensitive sodium channel
Q96H40	[201, 224]	Zinc finger, C2H2 type
Q96H40	[257, 274]	Zinc finger, C2H2 type
Q9NXL9	[166, 204]	MCM OB domain
Q9UJF2	[404, 423]	GTPase-activator protein for Ras-like GTPase
A2VEC9	[229, 252]	von Willebrand factor type D domain
A2VEC9	[384, 446]	C8 domain
A2VEC9	[2216, 2278]	Low-density lipoprotein receptor domain class A
A2VEC9	[2381, 2431]	Low-density lipoprotein receptor domain class A
O60711	[141, 191]	LIM domain
Q12809	[58, 75]	PAS domain
Q13398	[248, 289]	Zinc finger, C2H2 type
Q14393	[54, 79]	Vitamin K-dependent carboxylation/gamma-carboxyglutamic (GLA) domain
Q5VUB5	[795, 815]	FAM171A1/A2/B C-terminal
Q6ZMV5	[484, 502]	Phosphatase 4 regulatory subunit 3
Q9BX63	[272, 307]	DEAD_2
Q9H0D6	[217, 236]	XRN 5'-3' exonuclease N-terminus
Q9H2A7	[29, 49]	C-X-C motif chemokine 16 domain
Q9NRA1	[280, 305]	PDGF/VEGF domain
Q9NRA1	[320, 344]	PDGF/VEGF domain
Q9UBF6	[48, 80]	RING-H2 zinc finger domain
Q9UKP5	[371, 393]	Reprolysin (M12B) family zinc metalloprotease
Q9UKP5	[662, 723]	ADAMTS cysteine-rich domain
Q9Y2J0	[87, 144]	FYVE-type zinc finger
Q9Y2X0	[779, 847]	Mediator complex subunit 16, C-terminal
Q9Y5R6	[65, 114]	DM DNA binding domain
Q9Y5R6	[146, 171]	Double-sex mab3 related transcription factor 1
O95388	[30, 107]	Insulin-like growth factor binding protein
O95388	[120, 200]	von Willebrand factor type C domain
O95388	[213, 264]	CCN3 Nov like TSP1 domain
P00995	[21, 78]	Kazal-type serine protease inhibitor domain
P02765	[197, 239]	Cystatin domain
P13497	[545, 600]	Coagulation Factor Xa inhibitory site
P13497	[696, 756]	Calcium-binding EGF domain
P54753	[366, 401]	Fibronectin type III domain
Q6X784	[275, 335]	Zona-pellucida-binding protein (Sp38) C-terminal EGF-like domain
Q7RTY7	[744, 770]	Trypsin
Q9H334	[297, 322]	FOXP coiled-coil domain
Q9UGI8	[225, 248]	LIM domain
Q9UGI8	[290, 312]	LIM domain
Q9UGI8	[351, 372]	LIM domain
Q9UP79	[407, 521]	ADAMTS cysteine-rich domain 2
Q9UP79	[612, 631]	ADAMTS cysteine-rich domain
Q9UP79	[647, 697]	ADAMTS cysteine-rich domain
Q9UP79	[842, 888]	Thrombospondin type 1 domain
A0A8I5KTY6	[35, 58]	Zinc finger, C2H2 type
A6NNM3	[395, 415]	RIMB1-like, N-terminal domain
E9PI22	[207, 223]	Protein of unknown function (DUF2476)
P04628	[136, 169]	wnt family
P04628	[207, 238]	wnt family
P04628	[267, 369]	wnt family
P22531	[0, 71]	Small proline-rich 2
P55056	[111, 126]	Apolipoprotein C4
Q13133	[87, 176]	Double treble clef zinc finger, C4 type
Q7LDG7	[528, 557]	Phorbol esters/diacylglycerol binding domain (C1 domain)
Q86UU5	[581, 607]	Gametogenetin
Q8N587	[440, 463]	Zinc finger, C2H2 type
Q8NDA2	[2182, 2204]	Immunoglobulin I-set domain
Q8NDA2	[2234, 2255]	Immunoglobulin I-set domain
Q96MU6	[696, 728]	Zinc finger, C2H2 type
Q9NR71	[358, 385]	Neutral/alkaline non-lysosomal ceramidase, N-terminal
Q9NYQ7	[1718, 1742]	EGF-like domain
Q9NYQ7	[1903, 1920]	Laminin G domain
Q9NYQ7	[2501, 2520]	GPCR proteolysis site, GPS, motif
Q9Y2I2	[69, 101]	Laminin N-terminal (Domain VI)
O00287	[130, 165]	Regulatory factor X-associated C-terminal binding domain
O60941	[264, 279]	Zinc finger, ZZ type
P07919	[26, 79]	Ubiquinol-cytochrome C reductase hinge protein
P10275	[256, 299]	Androgen receptor
P10275	[549, 575]	Double treble clef zinc finger, C4 type
P10275	[588, 628]	Double treble clef zinc finger, C4 type
P81408	[138, 163]	CD20-like family
P81534	[42, 66]	Beta defensin
Q01201	[194, 233]	Rel homology DNA-binding domain
Q13939	[561, 577]	Calicin, beta-propeller domain
Q5H913	[154, 173]	ADP-ribosylation factor family
Q6B9Z1	[35, 57]	Insulin growth factor-like family
Q6B9Z1	[88, 122]	Insulin growth factor-like family
Q6UWE0	[686, 718]	Zinc finger, C3HC4 type (RING finger)
Q6ZMZ0	[192, 310]	IBR domain, a half RING-finger domain
Q7Z6E9	[153, 183]	Zinc knuckle
Q7Z6E9	[248, 308]	U-box domain
Q9UHD1	[0, 45]	CHORD
Q9UHD1	[146, 173]	CHORD
O43609	[170, 259]	Sprouty protein (Spry)
O75603	[70, 132]	GCM motif protein
P01024	[683, 704]	Anaphylotoxin-like domain
P07288	[193, 241]	Trypsin
P17014	[568, 610]	Zinc finger, C2H2 type
P17014	[652, 678]	Zinc finger, C2H2 type
Q08AE8	[55, 74]	Kinase non-catalytic C-lobe domain
Q5JNZ5	[12, 35]	Ribosomal protein S26e
Q5JNZ5	[77, 101]	Ribosomal protein S26e
Q5KSL6	[401, 420]	Phorbol esters/diacylglycerol binding domain (C1 domain)
Q5VWQ8	[448, 470]	GTPase-activator protein for Ras-like GTPase
Q6P988	[407, 458]	Pectinacetylesterase
Q86W47	[109, 128]	Calcium-activated potassium channel, beta subunit
Q8NBP7	[461, 571]	Proprotein convertase subtilisin-like/kexin type 9 C-terminal domain
Q9H0A6	[157, 175]	Ring finger domain
Q9H2Y9	[544, 565]	Organic Anion Transporter Polypeptide (OATP) family
A0AAG2TU59	[23, 40]	Ring finger domain
K9M1U5	[60, 82]	Interleukin-28A
P00747	[41, 81]	PAN domain
P00747	[742, 765]	Trypsin
Q03403	[19, 101]	Trefoil (P-type) domain
Q17RY6	[32, 59]	Snake toxin and toxin-like protein
Q6UXH9	[319, 355]	Sushi repeat (SCR repeat)
Q6ZVN7	[93, 127]	Family of unknown function (DUF5543)
Q7Z6J4	[456, 489]	FYVE zinc finger
Q9NZR2	[1827, 1865]	Coagulation Factor Xa inhibitory site
Q9NZR2	[3297, 3312]	Coagulation Factor Xa inhibitory site
Q9UDY6	[5, 69]	Zinc finger, C3HC4 type (RING finger)
Q9UDY6	[88, 109]	B-box zinc finger
Q9UHJ3	[597, 636]	SLED domain
O43506	[410, 548]	Disintegrin
O43610	[191, 218]	Sprouty protein (Spry)
O43610	[240, 287]	Sprouty protein (Spry)
O75317	[223, 242]	Ubiquitin carboxyl-terminal hydrolase
P01133	[734, 789]	Coagulation Factor Xa inhibitory site
P22681	[373, 430]	Zinc finger, C3HC4 type (RING finger)
P34130	[134, 168]	Nerve growth factor family
Q02156	[213, 229]	Phorbol esters/diacylglycerol binding domain (C1 domain)
Q02156	[272, 301]	Phorbol esters/diacylglycerol binding domain (C1 domain)
Q5T890	[421, 448]	SNF2-related domain
Q7Z3T8	[742, 792]	FYVE zinc finger
Q7Z6J8	[41, 61]	HECT-like Ubiquitin-conjugating enzyme (E2)-binding
Q7Z6J8	[95, 113]	HECT-like Ubiquitin-conjugating enzyme (E2)-binding
Q7Z6J8	[182, 204]	HECT-like Ubiquitin-conjugating enzyme (E2)-binding
Q92900	[135, 164]	RNA helicase (UPF2 interacting domain)
Q9P1Z9	[1397, 1419]	Domain of unknown function (DUF4456)
Q9UKP3	[0, 74]	CHORD
Q9UKP3	[138, 184]	CHORD
Q9UKR0	[122, 150]	Trypsin
Q9UKR0	[174, 207]	Trypsin
Q9Y4D8	[3920, 3936]	HECT-domain (ubiquitin-transferase)
Q9Y5Y9	[1107, 1127]	Sodium ion transport-associated
D6RJB6	[101, 135]	Ubiquitin carboxyl-terminal hydrolase
O60229	[2487, 2504]	Immunoglobulin I-set domain
O60383	[375, 395]	Transforming growth factor beta like domain
O60494	[2136, 2181]	CUB domain
P0DN87	[22, 53]	Cystine-knot domain
P0DN87	[81, 139]	Cystine-knot domain
P55197	[126, 203]	PHD-zinc-finger like domain
Q5SW24	[126, 152]	Dapper
Q7Z6J0	[16, 60]	Zinc finger, C3HC4 type (RING finger)
Q86UU1	[74, 129]	FHA domain
Q8IUG1	[0, 166]	Keratin, high sulfur B2 protein
Q8WYQ3	[92, 127]	CHCH domain
Q96MH7	[170, 232]	C5orf34-like, second domain
A0AAG2UXS2	[1049, 1081]	Olduvai domain
A0AAG2UXS2	[1294, 1326]	Olduvai domain
A0AAG2UXS2	[1539, 1571]	Olduvai domain
E9PGG2	[63, 86]	Transcriptional regulator, SIX1, N-terminal SD domain
O75362	[369, 389]	Zinc finger, C2H2 type
Q5TA82	[0, 109]	Late cornified envelope
Q8WY41	[234, 274]	Nanos RNA binding domain
Q8WZ73	[325, 349]	Zinc finger, C3HC4 type (RING finger)
Q92876	[120, 233]	Trypsin
Q9BUN1	[200, 222]	Protein missing in infertile sperm 1, putative
Q9BUN1	[237, 283]	Protein missing in infertile sperm 1, putative
Q9HCU0	[115, 146]	Lectin C-type domain
Q9UIF8	[1939, 1980]	PHD-finger
Q9ULX3	[276, 294]	Nin one binding (NOB1) Zn-ribbon like
O00292	[340, 362]	Transforming growth factor beta like domain
O15303	[507, 536]	Nine Cysteines Domain of family 3 GPCR
O15303	[548, 578]	Nine Cysteines Domain of family 3 GPCR
O60477	[253, 281]	BRNP1-3, EGF domain
O60477	[412, 434]	BRINP C-terminal domain
O60477	[451, 470]	BRINP C-terminal domain
O95263	[0, 25]	PDE8 phosphodiesterase
O95263	[745, 766]	3'5'-cyclic nucleotide phosphodiesterase
P04070	[147, 192]	Coagulation Factor Xa inhibitory site
P22736	[256, 325]	Double treble clef zinc finger, C4 type
P56703	[128, 160]	wnt family
P56703	[195, 222]	wnt family
P56703	[273, 336]	wnt family
Q14574	[855, 876]	Cadherin, Y-type LIR-motif
Q5TGY3	[621, 641]	Domain of unknown function (DUF4683)
Q658T7	[36, 72]	Zinc knuckle
Q6ZMN7	[17, 36]	Zinc finger, C3HC4 type (RING finger)
Q6ZMN7	[46, 62]	Zinc finger, C3HC4 type (RING finger)
Q8IZC6	[1715, 1732]	Fibrillar collagen C-terminal domain
Q8NB12	[60, 87]	SET domain
Q8TDF5	[315, 335]	Low-density lipoprotein receptor domain class A
Q8WXD0	[59, 82]	Low-density lipoprotein receptor domain class A
Q9H4F8	[240, 278]	Thyroglobulin type-1 repeat
Q9NRG9	[321, 340]	Aladin seven-bladed propeller
Q9UBS5	[129, 166]	Sushi repeat (SCR repeat)
Q9UEW3	[487, 519]	Scavenger receptor cysteine-rich domain
Q9Y219	[40, 78]	N terminus of Notch ligand C2-like domain
O95628	[3, 28]	RING/Ubox like zinc-binding domain
O95628	[38, 65]	RING/Ubox like zinc-binding domain
Q14112	[1032, 1093]	Thyroglobulin type-1 repeat
Q15637	[271, 291]	Zinc knuckle
Q15772	[1457, 1480]	Immunoglobulin I-set domain
Q53RE8	[80, 105]	Ankyrin repeats (3 copies)
Q5TA31	[0, 65]	zinc finger of C3HC4-type, RING
Q6DT37	[881, 936]	Phorbol esters/diacylglycerol binding domain (C1 domain)
Q6NUN9	[444, 484]	Zinc finger, C2H2 type
Q6UWN5	[70, 224]	u-PAR/Ly-6 domain
Q86YD7	[36, 72]	Zinc knuckle
Q8N9V3	[92, 112]	WD domain, G-beta repeat
Q8NBI3	[263, 348]	Draxin
Q8TC41	[338, 361]	IBR domain, a half RING-finger domain
Q8TC41	[412, 450]	IBR domain
Q8TE02	[124, 140]	Elongator subunit Iki1
Q92994	[0, 26]	TFIIB zinc-binding
Q9C0B6	[287, 316]	BRNP1-3, EGF domain
Q9C0B6	[434, 490]	BRINP C-terminal domain
P49765	[61, 98]	PDGF/VEGF domain
Q04912	[541, 576]	Plexin repeat
Q04912	[809, 826]	IPT/TIG domain
Q13873	[80, 115]	Activin types I and II receptor domain
Q3ZCQ2	[128, 152]	Annexin-2 receptor
Q49A92	[513, 537]	Family of unknown function (DUF5586)
Q8IZ26	[186, 209]	Zinc finger, C2H2 type
Q9BXJ7	[194, 255]	Amnionless
Q9H714	[315, 333]	Rubicon, PI3K-binding domain
Q9H714	[623, 651]	Rubicon Homology Domain
Q9UIF9	[1684, 1720]	PHD-finger
Q9UL36	[557, 580]	Zinc finger, C2H2 type
Q9UL36	[732, 765]	Zinc finger, C2H2 type
Q9Y4K3	[59, 114]	Zinc finger, C3HC4 type (RING finger)
Q9Y4K3	[223, 259]	TRAF-type zinc finger
A6NK02	[86, 128]	B-box zinc finger
O60281	[2367, 2440]	Zinc finger protein 292, C2H2-type zinc finger
O76095	[60, 94]	Jumping translocation breakpoint protein (JTB)
P41235	[49, 129]	Double treble clef zinc finger, C4 type
Q6UXU4	[30, 61]	GSG1-like protein
Q7Z699	[324, 395]	Sprouty protein (Spry)
Q7Z699	[420, 443]	Sprouty protein (Spry)
Q86UA6	[157, 196]	Replication protein A interacting C-terminal
Q86UD3	[60, 100]	RING-variant domain
Q8N4S0	[411, 431]	Domain of unknown function (DUF4211)
Q8WY21	[691, 736]	Sortilin, neurotensin receptor 3, C-terminal
Q8WY21	[756, 801]	Sortilin, neurotensin receptor 3, C-terminal
Q96FE7	[59, 110]	Kringle domain
Q96P64	[585, 607]	Ankyrin repeats (3 copies)
Q9H0F5	[486, 512]	Ring finger domain
Q9Y4K0	[384, 433]	Scavenger receptor cysteine-rich domain
Q9Y4K0	[503, 545]	Scavenger receptor cysteine-rich domain
Q9Y4K0	[572, 588]	Lysyl oxidase
Q9Y4K0	[650, 677]	Lysyl oxidase
Q9Y4X4	[308, 333]	Zinc finger, C2H2 type
Q9Y4X4	[368, 391]	Zinc finger, C2H2 type
P55000	[21, 80]	u-PAR/Ly-6 domain
Q0P670	[78, 148]	Spermatid maturation protein 1
Q14520	[235, 258]	Kringle domain
Q14520	[482, 515]	Trypsin
Q86T75	[198, 227]	Olduvai domain
Q8IZH2	[583, 598]	Xrn1 helical domain
Q8N474	[248, 267]	UNC-6/NTR/C345C module
Q96H79	[92, 134]	PARP12-like CCCH zinc finger tandem
Q9Y678	[720, 744]	Coatomer gamma subunit appendage platform subdomain
Q9Y6V0	[580, 647]	Piccolo Zn-finger
Q9Y6V0	[1048, 1118]	Piccolo Zn-finger
A6NGJ6	[31, 64]	Zinc finger, C3HC4 type (RING finger)
A6NGJ6	[79, 135]	B-box zinc finger
A6NJQ4	[36, 72]	Zinc knuckle
O14511	[427, 455]	Neuregulin intracellular region
O75312	[40, 55]	ZPR1 zinc-finger domain
P18084	[50, 82]	Integrin plexin domain
Q494X3	[208, 229]	Zinc finger, C2H2 type
Q5IJ48	[595, 649]	EGF-like domain
Q6UWN0	[131, 159]	u-PAR/Ly-6 domain
Q86UK7	[14, 55]	ZNF598 RING finger domain
Q86UK7	[238, 256]	C2H2-type zinc finger
Q86UK7	[853, 879]	ZNF598 C2H2 zinc finger domain
Q96LW1	[205, 228]	Zinc finger, C2H2 type
Q96QV1	[105, 124]	Folate receptor family
Q9BQI7	[384, 404]	Sec7 domain
Q9GZT9	[10, 67]	MYND finger
Q9H270	[844, 869]	Zinc finger, C3HC4 type (RING finger)
Q9P2N5	[277, 299]	Zinc finger C-x8-C-x5-C-x3-H type (and similar)
O15016	[92, 155]	Trim66, B-box zinc-binding domain
O15016	[186, 211]	B-box zinc finger
O15016	[1097, 1125]	PHD-finger
P07814	[1469, 1496]	Prolyl-tRNA synthetase, C-terminal
P11047	[28, 101]	Laminin N-terminal (Domain VI)
P25391	[32, 78]	Laminin N-terminal (Domain VI)
P25391	[700, 722]	Laminin EGF domain
P46063	[467, 486]	RecQ zinc-binding
P51124	[192, 213]	Trypsin
P62854	[12, 38]	Ribosomal protein S26e
P78504	[43, 82]	N terminus of Notch ligand C2-like domain
P98088	[606, 677]	C8 domain
P98088	[922, 959]	von Willebrand factor type D domain
P98088	[1113, 1143]	C8 domain
P98088	[1410, 1490]	Mucin-2 protein WxxW repeating region
P98088	[1605, 1686]	Mucin-2 protein WxxW repeating region
P98088	[1770, 1850]	Mucin-2 protein WxxW repeating region
P98088	[1978, 2059]	Mucin-2 protein WxxW repeating region
P98088	[2143, 2229]	Mucin-2 protein WxxW repeating region
P98088	[3249, 3329]	Mucin-2 protein WxxW repeating region
P98088	[3547, 3633]	Mucin-2 protein WxxW repeating region
P98088	[3980, 4060]	Mucin-2 protein WxxW repeating region
P98088	[4654, 4740]	Mucin-2 protein WxxW repeating region
Q5SYE7	[601, 633]	NHS-like protein
Q7Z3S7	[870, 887]	Neuronal voltage-dependent calcium channel alpha 2acd
Q7Z3S7	[1073, 1119]	Neuronal voltage-dependent calcium channel alpha 2acd
Q8NCL4	[586, 619]	Ricin-type beta-trefoil lectin domain
Q96JK4	[748, 781]	Scavenger receptor cysteine-rich domain
Q9NSJ1	[382, 427]	Zinc finger, C2H2 type
Q9ULH1	[444, 468]	Putative GTPase activating protein for Arf
A6NDI0	[113, 136]	B-box zinc finger
A8MWA6	[36, 72]	Zinc knuckle
O00744	[71, 103]	wnt family
O00744	[138, 155]	wnt family
O00744	[236, 270]	wnt family
O00744	[307, 362]	wnt family
O43151	[46, 98]	CXXC zinc finger domain
O43151	[1042, 1109]	Oxygenase domain of the 2OGFeDO superfamily
P0DV73	[36, 72]	Zinc knuckle
P56706	[119, 146]	wnt family
P56706	[189, 222]	wnt family
P56706	[267, 319]	wnt family
P56706	[331, 348]	wnt family
P59025	[180, 195]	Zinc-binding domain
Q13434	[394, 415]	RNA-binding, Nab2-type zinc finger
Q66K41	[212, 235]	Zinc-finger of C2H2 type
Q66K41	[281, 304]	Zinc-finger of C2H2 type
Q8IXL7	[124, 167]	SelR domain
Q8IY33	[177, 247]	LIM domain
Q8NEN9	[870, 900]	Phorbol esters/diacylglycerol binding domain (C1 domain)
Q96NU0	[542, 601]	EGF-like domain
Q9H2X3	[357, 379]	Lectin C-type domain
Q9NRC8	[214, 237]	Sir2 family
Q9ULL4	[468, 516]	Plexin repeat
Q9ULL4	[569, 589]	TIG domain
Q9ULL4	[647, 667]	Plexin A/B, PSI domain
Q9ULL4	[791, 841]	Plexin-B, PSI domain
Q9ULL4	[867, 902]	IPT/TIG domain
Q9ULL4	[963, 983]	IPT/TIG domain
C9J2P7	[101, 135]	Ubiquitin carboxyl-terminal hydrolase
O00187	[137, 161]	Calcium-binding EGF domain
O00187	[344, 375]	Sushi repeat (SCR repeat)
O94941	[472, 536]	zinc-RING finger domain
P00326	[87, 135]	Alcohol dehydrogenase GroES-like domain
P13349	[6, 29]	Myogenic Basic domain
P13349	[56, 84]	Myogenic Basic domain
P13349	[142, 174]	Myogenic determination factor 5
P13942	[1566, 1621]	Fibrillar collagen C-terminal domain
P23942	[210, 231]	Tetraspanin family
Q13308	[189, 210]	Immunoglobulin domain
Q13308	[653, 670]	Immunoglobulin domain
Q14416	[490, 511]	Nine Cysteines Domain of family 3 GPCR
Q6PH81	[5, 41]	Uncharacterised protein family UPF0547
Q6UX71	[321, 380]	Plexin repeat
Q8IYX7	[0, 32]	Stabilizer of axonemal microtubules 1/2
Q8IYX7	[302, 336]	Stabilizer of axonemal microtubules 1/2
Q92729	[16, 37]	MAM domain, meprin/A5/mu
Q9H4W6	[149, 179]	Transcription factor COE1 DNA-binding domain
Q9NY47	[861, 886]	Neuronal voltage-dependent calcium channel alpha 2acd
Q9NY47	[1064, 1116]	Neuronal voltage-dependent calcium channel alpha 2acd
Q9UBT2	[150, 170]	ThiF family
Q9UBZ4	[461, 514]	GRF zinc finger
Q9UL68	[694, 724]	Myelin transcription factor 1
Q9UL68	[775, 825]	Myelin transcription factor 1
O14709	[613, 636]	Zinc finger, C2H2 type
O95428	[27, 190]	ADAMTS cysteine-rich domain
O95428	[708, 813]	Kunitz/Bovine pancreatic trypsin inhibitor domain
O95428	[1224, 1249]	PLAC (protease and lacunin) domain
P08253	[275, 344]	Fibronectin type II domain
Q14541	[0, 81]	Double treble clef zinc finger, C4 type
Q5VUR7	[90, 108]	Ankyrin repeats (3 copies)
Q6P9F5	[0, 83]	Zinc finger, C3HC4 type (RING finger)
Q7Z5Q5	[254, 271]	DNA polymerase nu pseudo-exo
Q86TJ2	[21, 42]	ADA2 ZZ-type zing finger
Q86XP1	[188, 226]	Phorbol esters/diacylglycerol binding domain (C1 domain)
Q86XP1	[1016, 1045]	Diacylglycerol kinase delta, helical domain
Q8IZF5	[192, 227]	ADGRF3-like, N-terminal domain
Q96PM5	[0, 81]	CHY zinc finger
Q96PM5	[211, 239]	Zinc-ribbon
Q96S42	[274, 289]	Transforming growth factor beta like domain
Q96S42	[304, 320]	Transforming growth factor beta like domain
Q9BUB5	[208, 265]	Protein kinase domain
Q9BUB5	[303, 323]	Protein kinase domain
Q9BXP8	[745, 825]	Pregnancy-associated plasma protein-A
Q9BXP8	[872, 897]	Pappalysin-1, SD scarf domain, C-terminal
Q9BXP8	[1034, 1056]	Pappalysin-1, SD scarf domain, C-terminal
Q9BXP8	[1544, 1565]	Sushi repeat (SCR repeat)
Q9H1C7	[68, 96]	Cysteine-rich TM module stress tolerance
Q9H1J5	[106, 130]	wnt family
Q9H1J5	[169, 189]	wnt family
Q9H1J5	[260, 350]	wnt family
Q9Y6I4	[0, 90]	Zn-finger in ubiquitin-hydrolases and other protein
Q9Y6I4	[351, 369]	Ubiquitin carboxyl-terminal hydrolase
A2CJ06	[217, 234]	Zinc finger, ZZ type
A6NLI5	[81, 134]	B-box zinc finger
O43900	[135, 155]	PET Domain
O95294	[670, 713]	BTK motif
P0C8F1	[66, 86]	u-PAR/Ly-6 domain
P35052	[19, 34]	Glypican
P35052	[52, 77]	Glypican
P35052	[261, 278]	Glypican
P49901	[0, 108]	Sperm mitochondrial-associated cysteine-rich protein
Q08431	[24, 79]	EGF-like domain
Q10469	[374, 395]	N-acetylglucosaminyltransferase II (MGAT2)
Q16134	[575, 601]	Electron transfer flavoprotein-ubiquinone oxidoreductase, 4Fe-4S
Q6P1J6	[1265, 1285]	GDSL-like Lipase/Acylhydrolase
Q8IZP9	[202, 254]	ADGRG2, N-terminal domain
Q8N1G0	[1126, 1152]	zinc-finger C2H2-type
Q8N1G0	[1191, 1218]	Zinc finger, C2H2 type
Q8NES8	[22, 47]	Beta defensin
Q96QC0	[910, 936]	Zinc finger C-x8-C-x5-C-x3-H type (and similar)
Q9P1Y6	[97, 153]	Ring finger domain
Q9P1Y6	[175, 239]	PHD-finger
Q9Y5K2	[187, 211]	Trypsin
O75688	[156, 181]	Protein phosphatase 2C
P12931	[479, 508]	Protein tyrosine and serine/threonine kinase
P53804	[1946, 2005]	Ring finger domain
Q3SY46	[0, 124]	PMG protein
Q8IWV1	[162, 182]	Lymphocyte activation family X
Q8IWV1	[224, 250]	Lymphocyte activation family X
Q8NFT6	[290, 313]	DBF zinc finger
Q96C24	[52, 107]	FYVE-type zinc finger
Q96P11	[356, 371]	16S rRNA methyltransferase RsmB/F
Q9P242	[278, 327]	Neuronal tyrosine-phosphorylated phosphoinositide-3-kinase adapter
A6NMN3	[158, 203]	Spermatogenesis-associated protein 46
P0CJ78	[432, 455]	C2H2-type zinc finger
P0CJ78	[923, 946]	Zinc finger, C2H2 type
P38935	[886, 941]	AN1-like Zinc finger
Q01081	[144, 172]	Zinc finger C-x8-C-x5-C-x3-H type (and similar)
Q14512	[186, 213]	FGF binding protein 1 (FGF-BP1)
Q5T751	[0, 117]	Late cornified envelope
Q6PJI9	[932, 972]	RING/Ubox like zinc-binding domain
Q86TC9	[988, 1011]	Immunoglobulin I-set domain
Q9HAW0	[0, 42]	TFIIB zinc-binding
A0AAG2TTZ7	[571, 589]	GM130 C-terminal binding motif
O75051	[504, 550]	Plexin repeat
O75051	[673, 702]	Plexin A/B, PSI domain
O75051	[811, 852]	Plexin repeat
O75051	[918, 946]	IPT/TIG domain
P13945	[255, 282]	7 transmembrane receptor (rhodopsin family)
P28290	[820, 908]	Sperm-specific antigen 2 C-terminus
P52594	[18, 47]	Putative GTPase activating protein for Arf
Q13064	[98, 119]	CCCH-type zinc finger
Q5DT21	[28, 55]	Kazal-type serine protease inhibitor domain
Q5SWA1	[584, 628]	Phosphatase-1 catalytic subunit binding region
Q86YF9	[96, 112]	Iguana/Dzip1-like DAZ-interacting protein N-terminal
Q8IZP6	[284, 302]	Zinc finger, C3HC4 type (RING finger)
Q8N271	[128, 144]	Prominin
Q8NA69	[214, 254]	Stabilizer of axonemal microtubules 5
Q9NYB5	[469, 489]	Organic Anion Transporter Polypeptide (OATP) family
Q9Y468	[611, 655]	Zinc finger, C2HC type
Q13751	[41, 78]	Laminin N-terminal (Domain VI)
Q3T906	[439, 477]	LNR domain
Q5VTR2	[947, 966]	Zinc finger, C3HC4 type (RING finger)
Q6ZN04	[507, 564]	Zinc finger, C3HC4 type (RING finger)
Q8IUL8	[374, 477]	Cartilage intermediate layer protein 1-like domain
Q92547	[233, 255]	BRCA1 C Terminus (BRCT) domain
Q96FZ2	[0, 48]	SOS response associated peptidase (SRAP)
Q96JY6	[275, 321]	LIM domain
Q9BQ90	[279, 306]	KLHDC2/KLHL20/DRC7 Kelch-repeats domain
Q9BXR6	[112, 156]	Sushi repeat (SCR repeat)
Q9BXR6	[251, 267]	Sushi repeat (SCR repeat)
Q9BXR6	[423, 460]	Sushi repeat (SCR repeat)
Q9BXR6	[475, 516]	Sushi repeat (SCR repeat)
Q9BXX0	[105, 124]	EMI domain
O75150	[938, 958]	Zinc finger, C3HC4 type (RING finger)
O75150	[974, 992]	Zinc finger, C3HC4 type (RING finger)
P08069	[169, 262]	Furin-like cysteine rich region
P08069	[279, 344]	Furin-like cysteine rich region
P49327	[623, 649]	Acyl transferase domain
Q7Z713	[87, 107]	Ankyrin repeats (3 copies)
Q8NHX4	[71, 138]	Spermatogenesis-associated protein 3 family
Q8NHX4	[152, 191]	Spermatogenesis-associated protein 3 family
Q9NYF0	[172, 242]	Dapper
Q9NYJ8	[30, 51]	CUE domain
Q9Y490	[1467, 1495]	Talin IBS2B domain
A6NDX5	[198, 221]	Zinc finger, C2H2 type
O43422	[0, 70]	THAP domain
P04731	[0, 60]	Metallothionein
P16233	[310, 330]	Lipase
P21246	[36, 99]	PTN/MK heparin-binding protein family, N-terminal domain
P21246	[120, 150]	PTN/MK heparin-binding protein family, C-terminal domain
P27701	[165, 202]	Tetraspanin family
P37173	[54, 76]	Transforming growth factor beta receptor 2 ectodomain
P37173	[118, 138]	Transforming growth factor beta receptor 2 ectodomain
P61968	[47, 65]	LIM domain
P98153	[23, 75]	Low-density lipoprotein receptor domain class A
Q16651	[200, 243]	Trypsin
Q70EL1	[214, 234]	Ubiquitin carboxyl-terminal hydrolase
Q86YJ5	[104, 138]	RING-variant domain
Q8WTV1	[0, 20]	THAP domain
Q9HCI7	[47, 88]	zinc RING finger of MSL2
Q9HCI7	[451, 507]	CXC domain of E3 ubiquitin-protein ligase MSL2
Q9NY28	[551, 573]	Ricin-type beta-trefoil lectin domain
Q9Y337	[167, 279]	Trypsin
H3BPF8	[613, 630]	GM130 C-terminal binding motif
O60308	[773, 878]	Centrosomal protein CEP104, ZnF
O75081	[545, 601]	MYND finger
P19544	[191, 215]	Wilm's tumour protein
P78364	[789, 840]	Zinc finger, FCS-type
Q0VAF6	[17, 56]	Syncollin
Q15796	[59, 83]	MH1 domain
Q86VP1	[746, 769]	Autophagy receptor zinc finger-C2H2 domain
Q8N3J9	[51, 73]	Zinc finger, C2H2 type
Q8N475	[62, 123]	Kazal-type serine protease inhibitor domain
Q969G2	[52, 70]	LIM domain
Q969G2	[82, 101]	LIM domain
Q9BUL5	[331, 393]	PHD-finger
Q9BYN7	[341, 364]	Zinc finger, C2H2 type
Q9H3T3	[528, 543]	Plexin repeat
Q9NZF1	[49, 110]	PLAC8 family
Q9UGL9	[0, 98]	Cysteine-rich C-terminal 1 family
Q9UJW0	[38, 88]	Dynactin p62 family
A5YKK6	[1489, 1513]	CCR4-Not complex, Not1 subunit, domain of unknown function DUF3819
O94886	[293, 311]	Cytosolic domain of 10TM putative phosphate transporter
P01877	[156, 200]	Immunoglobulin domain
P20151	[198, 240]	Trypsin
P57727	[389, 409]	Trypsin
P98161	[481, 535]	Lectin C-type domain
P98161	[2456, 2479]	REJ domain
Q14D33	[86, 110]	Zinc-binding domain
Q14D33	[123, 161]	Zinc-binding domain
Q15746	[1164, 1192]	Immunoglobulin I-set domain
Q15746	[1862, 1902]	Immunoglobulin I-set domain
Q5JSP0	[527, 592]	FYVE zinc finger
Q68DV7	[297, 321]	Ring finger domain
Q7L622	[74, 96]	PHD-like zinc-binding domain
Q7L622	[226, 271]	G2E3-like, PHD zinc finger domain
Q8IVE3	[1077, 1096]	MyTH4 domain
Q8N3T1	[506, 545]	Ricin-type beta-trefoil lectin domain
Q8N3T1	[608, 629]	Ricin-type beta-trefoil lectin domain
Q8TDM5	[18, 106]	u-PAR/Ly-6 domain
Q9UPR6	[262, 289]	Zinc-finger of C2H2 type
Q9UPR6	[310, 337]	Zinc-finger of C2H2 type
Q9UPR6	[459, 484]	Zinc-finger of C2H2 type
Q9Y466	[5, 87]	Double treble clef zinc finger, C4 type
A0PJX4	[65, 87]	Shisa, N-terminal domain
O00198	[0, 27]	Activator of apoptosis harakiri
O14525	[459, 495]	Astrotactin 1/2 N-terminal
O14525	[606, 679]	Astrotactin 1/2 N-terminal
O60337	[0, 23]	RING-variant domain
O60635	[173, 194]	Tetraspanin family
O95521	[445, 473]	PRAME C-terminal domain
P01876	[3, 29]	Immunoglobulin C1-set domain
P01876	[169, 213]	Immunoglobulin domain
P23458	[799, 830]	Protein tyrosine and serine/threonine kinase
P52740	[282, 305]	Zinc finger, C2H2 type
P62877	[48, 69]	RING-H2 zinc finger domain
Q14995	[110, 173]	Double treble clef zinc finger, C4 type
Q5T5B0	[0, 91]	Late cornified envelope
Q5VUE5	[104, 132]	Family of unknown function (DUF5522)
Q6ZNE5	[36, 64]	Vacuolar sorting 38 and autophagy-related subunit 14
Q86XN8	[589, 648]	Zinc finger, C3HC4 type (RING finger)
Q8IZ20	[341, 364]	Zinc finger, C2H2 type
Q8TCT1	[160, 183]	Putative Phosphatase
Q9NZK7	[96, 141]	Phospholipase A2
Q9P021	[47, 95]	Microtubule-associated protein CRIPT
A8K0R7	[160, 211]	Domain of unknown function (DUF4764)
A8K0R7	[232, 279]	Domain of unknown function (DUF4764)
O95567	[80, 101]	Domain of unknown function (DUF4662)
P00751	[590, 621]	Trypsin
P00751	[680, 704]	Trypsin
Q13574	[173, 193]	Phorbol esters/diacylglycerol binding domain (C1 domain)
Q5JQS6	[110, 132]	Germinal center-associated lymphoma
Q8TF61	[1, 19]	F-box only protein 41 C2H2 zinc finger
Q96HA4	[65, 124]	Domain of unknown function (DUF4501)
Q96I27	[88, 111]	Zinc finger, C2H2 type
Q96K83	[656, 677]	Zinc finger, C2H2 type
Q96K83	[1129, 1152]	Zinc-finger of C2H2 type
Q9NRX4	[60, 80]	Janus/Ocnus family (Ocnus)
A6NNJ1	[36, 72]	Zinc knuckle
O95158	[227, 257]	Neurexophilin
P06213	[173, 355]	Furin-like cysteine rich region
P0C7W9	[36, 72]	Zinc knuckle
P0DV60	[0, 94]	Late cornified envelope
P43681	[398, 419]	Neurotransmitter-gated ion-channel transmembrane region
P43681	[473, 501]	Neurotransmitter-gated ion-channel transmembrane region
P43681	[518, 542]	Neurotransmitter-gated ion-channel transmembrane region
Q149N8	[590, 686]	SNF2-related domain
Q149N8	[1002, 1023]	E3 ubiquitin-protein ligase SHPRH, first helical domain
Q5T4S7	[1647, 1701]	Putative zinc finger in N-recognin (UBR box)
Q5T4S7	[3754, 3774]	E3 ubiquitin-protein ligase UBR4-like domain
Q5T4S7	[4828, 4843]	E3 ubiquitin-protein ligase UBR4
Q8IWV8	[94, 117]	Putative zinc finger in N-recognin (UBR box)
Q8IWV8	[138, 172]	Putative zinc finger in N-recognin (UBR box)
Q8IWV8	[1460, 1478]	Proteolysis_6 C-terminal
Q8IWV8	[1610, 1662]	Proteolysis_6 C-terminal
Q8IYX8	[346, 371]	Centrosome microtubule-binding domain of Cep57
Q8TE56	[395, 415]	Reprolysin (M12B) family zinc metalloprotease
Q8TE56	[458, 541]	ADAMTS cysteine-rich domain 2
Q8TE56	[1064, 1093]	ADAMTS C-terminal helical domain
Q92622	[910, 941]	Rubicon Homology Domain
Q96SZ4	[338, 361]	Zinc finger, C2H2 type
Q99558	[600, 631]	Protein kinase domain
Q9BWT1	[243, 344]	Zinc-finger domain of monoamine-oxidase A repressor R1
Q9NWW7	[17, 55]	Putative treble-clef, zinc-finger, Zn-binding
Q9ULW2	[19, 51]	Fz domain
Q9ULW2	[93, 156]	Fz domain
Q14956	[420, 443]	PKAT, KLD domain
Q3MJ16	[234, 257]	Cytosolic phospholipases A2 C2-domain
Q3MJ16	[277, 310]	Cytosolic phospholipases A2 C2-domain
Q8IV04	[90, 120]	Rab-GTPase-TBC domain
Q96Q91	[604, 620]	HCO3- transporter integral membrane domain
Q9NQX1	[593, 616]	Zinc finger, C2H2 type
Q9UKQ9	[188, 232]	Trypsin
P02452	[29, 101]	von Willebrand factor type C domain
P07202	[251, 278]	Animal haem peroxidase
P08842	[563, 581]	C-terminal region of aryl-sulfatase
P0DP57	[27, 68]	u-PAR/Ly-6 domain
P10646	[147, 187]	Kunitz/Bovine pancreatic trypsin inhibitor domain
P10646	[243, 276]	Kunitz/Bovine pancreatic trypsin inhibitor domain
P26640	[1081, 1102]	Anticodon-binding domain of tRNA ligase
P29320	[355, 385]	Fibronectin type III domain
Q30KQ5	[35, 75]	Beta defensin
Q3LI83	[0, 176]	PMG protein
Q8NA70	[400, 433]	FAM47 family
Q8TDB6	[550, 608]	Zinc finger, C3HC4 type (RING finger)
Q99469	[123, 168]	Phorbol esters/diacylglycerol binding domain (C1 domain)
Q9NPR2	[579, 606]	Semaphorin-7A-like, immunoglobulin-like domain
Q9NUL5	[113, 232]	Uncharacterised protein UPF0515
Q9ULJ6	[646, 667]	ZMIZ1/ZMIZ2 GBD-like domain
Q9UQ26	[112, 171]	RIM2-alpha zinc finger
O43903	[204, 227]	Growth-Arrest-Specific Protein 2 Domain
O95754	[506, 522]	Plexin repeat
P51449	[20, 100]	Double treble clef zinc finger, C4 type
Q5JZY3	[366, 401]	Fibronectin type III domain
Q6QN14	[101, 135]	Ubiquitin carboxyl-terminal hydrolase
Q7L3T8	[280, 301]	tRNA synthetase class II core domain (G, H, P, S and T)
Q86SU0	[195, 221]	Lipolysis stimulated receptor (LSR)
Q96M43	[440, 490]	Olduvai domain
Q9BXU3	[371, 408]	Putative testis-expressed protein 13C, zinc finger domain
Q9HBG6	[1224, 1240]	IFT122, C-terminal zinc ribbon domain
Q9NQV6	[547, 574]	Zinc-finger of C2H2 type
Q9UPV7	[109, 142]	KIAA1045 RING finger
Q9UPV7	[174, 189]	KIAA1045 RING finger
D6RF30	[605, 623]	GM130 C-terminal binding motif
O95460	[570, 590]	Trimeric coiled-coil oligomerisation domain of matrilin
Q2MV58	[67, 101]	N-terminal domain of DUF1619
Q5H9J9	[257, 277]	T-complex protein 11
Q86XR5	[29, 63]	Proline-rich membrane anchor 1
Q96ME7	[163, 211]	Zinc finger protein 512, C2HC zinc finger
Q96ME7	[275, 301]	Zinc finger, C2H2 type
Q96P53	[306, 329]	FYVE zinc finger
Q9BYE4	[0, 72]	Small proline-rich 2
A6NGD5	[33, 53]	SCAN domain
P09486	[61, 158]	Kazal-type serine protease inhibitor domain
P35442	[901, 955]	Thrombospondin type 3 repeat
Q02447	[672, 695]	Zinc finger, C2H2 type
Q14159	[144, 164]	Domain of unknown function (DUF4502)
Q14159	[793, 823]	Domain of unknown function (DUF4503)
Q4G0T1	[189, 249]	Scavenger receptor cysteine-rich domain
Q4G0T1	[286, 347]	Scavenger receptor cysteine-rich domain
Q4G0T1	[399, 451]	Scavenger receptor cysteine-rich domain
Q4G0T1	[465, 542]	Scavenger receptor cysteine-rich domain
Q6GMV2	[90, 145]	SET domain
Q6GMV2	[309, 327]	SET domain
Q7Z5P9	[850, 870]	von Willebrand factor type D domain
Q7Z5P9	[976, 1054]	C8 domain
Q7Z5P9	[1405, 1420]	von Willebrand factor type D domain
Q7Z5P9	[1475, 1498]	C8 domain
Q7Z5P9	[1536, 1569]	Otogelin-like/Mucin TIL domain
Q8N690	[28, 51]	Big defensin
Q969Q1	[64, 86]	RING-type zinc-finger
Q969Q1	[106, 136]	B-box zinc finger
Q96BD5	[480, 515]	PHD-finger
Q96L96	[1526, 1551]	Alpha-kinase family
Q99575	[167, 193]	Ribonucleases P/MRP protein subunit POP1, N-terminal
Q99575	[219, 238]	Ribonucleases P/MRP protein subunit POP1, N-terminal
Q9BQB4	[80, 176]	Sclerostin (SOST)
Q9NVP4	[359, 384]	Double zinc ribbon
Q9Y6R0	[184, 213]	Phosphotyrosine interaction domain (PTB/PID)
C9J798	[684, 713]	BTK motif
C9JLR9	[274, 294]	Spin-doc/GT2D2, zinc finger domain
O43313	[75, 100]	ASCIZ first and second C2H2 zinc finger domains
O60658	[90, 108]	PDE8A-like, N-terminal domain
P43353	[210, 225]	Aldehyde dehydrogenase family
P63215	[40, 59]	GGL domain
Q3LHN2	[13, 42]	Keratin-associated matrix
Q5JT82	[334, 357]	Zinc finger, C2H2 type
Q6ZNC4	[377, 411]	Zinc finger protein 704 C-terminal domain
Q86UT8	[0, 22]	Coiled coil protein 84
Q86UT8	[57, 78]	Coiled coil protein 84
Q8N393	[231, 263]	Zinc finger, C2H2 type
Q96SW2	[315, 336]	Yippee zinc-binding/DNA-binding /Mis18, centromere assembly
Q9NW64	[25, 45]	STL11, N-terminal
Q9NW64	[62, 82]	STL11, N-terminal
Q9NW64	[162, 182]	RBM22 CCCH zinc finger domain
Q9NZ20	[148, 193]	Phospholipase A2
Q9NZ20	[204, 225]	Phospholipase A2
Q9NZ20	[350, 406]	Phospholipase A2
A0AAG2SUX2	[507, 539]	Olduvai domain
O15496	[73, 139]	Phospholipase A2
O60687	[121, 195]	Sushi repeat (SCR repeat)
O60687	[253, 326]	Sushi repeat (SCR repeat)
P01031	[696, 721]	Anaphylotoxin-like domain
P0C7W8	[36, 72]	Zinc knuckle
P0C7X0	[36, 72]	Zinc knuckle
P20393	[139, 202]	Double treble clef zinc finger, C4 type
P35321	[10, 82]	Cornifin (SPRR) family
Q52M93	[289, 312]	Zinc finger, C2H2 type
Q52M93	[373, 396]	Zinc finger, C2H2 type
Q5DID0	[110, 163]	WAP-type (Whey Acidic Protein) 'four-disulfide core'
Q5DID0	[506, 560]	Calcium-binding EGF domain
Q5DID0	[896, 945]	Calcium-binding EGF domain
Q5T6S3	[91, 107]	PHD-finger
Q6ZRP0	[0, 20]	Protein of unknown function (DUF2476)
Q96AY2	[269, 289]	ERCC4 domain
Q96FA3	[322, 341]	Pellino, RING domain
Q96FA3	[356, 380]	Pellino, RING domain
O14981	[895, 948]	Domain of unknown function (DUF3535)
O43150	[343, 394]	PH domain
O43150	[425, 452]	Putative GTPase activating protein for Arf
O43150	[497, 513]	Putative GTPase activating protein for Arf
O43790	[45, 86]	Keratin type II head
P08118	[24, 85]	Beta-microseminoprotein (PSP-94)
P27635	[0, 24]	Ribosomal protein L16p/L10e
Q07627	[0, 176]	Keratin, high sulfur B2 protein
Q13698	[243, 263]	Ion transport protein
Q2LD37	[615, 635]	BLTP1-like family N-terminal region
Q569H4	[161, 182]	Domain of unknown function (DUF4589)
Q569H4	[202, 229]	Domain of unknown function (DUF4589)
Q6BEB4	[347, 370]	Zinc finger, C2H2 type
Q9BQ04	[153, 174]	Zinc knuckle
Q9C0B7	[280, 297]	TANGO6 N-terminal domain
Q9GZP1	[38, 54]	Neurensin/Transmembrane protein 74
O15392	[24, 62]	Inhibitor of Apoptosis domain
P07315	[12, 31]	Beta/Gamma crystallin
P15882	[236, 262]	Phorbol esters/diacylglycerol binding domain (C1 domain)
P23409	[62, 94]	Myogenic Basic domain
P29323	[351, 384]	Fibronectin type III domain
P49736	[334, 364]	MCM OB domain
P59923	[476, 499]	Zinc finger, C2H2 type
Q8N9H8	[683, 708]	Mut7-C RNAse domain
Q8N9H8	[720, 737]	Mut7-C RNAse domain
Q8TC90	[11, 58]	Coiled-coil domain-containing glutamate-rich protein family 1
Q8TC90	[85, 100]	Coiled-coil domain-containing glutamate-rich protein family 1
Q92585	[19, 46]	MamL-1 domain
Q96EK4	[0, 20]	THAP domain
Q96EK4	[43, 68]	THAP domain
Q99750	[76, 170]	MyoD family inhibitor
Q99750	[182, 241]	MyoD family inhibitor
Q9UPN9	[284, 308]	B-box zinc finger
Q9UPN9	[879, 907]	PHD-finger
A8MTY0	[161, 189]	Zinc finger, C2H2 type
A8MTY0	[217, 240]	Zinc finger, C2H2 type
P52943	[0, 65]	LIM domain
P52943	[115, 187]	LIM domain
P53667	[193, 217]	PDZ domain
Q4FZB7	[274, 300]	SET domain
Q6IQ21	[644, 667]	Zinc finger, C2H2 type
Q8IZX4	[1274, 1295]	Zinc knuckle
Q8TF27	[472, 494]	Ankyrin repeats (3 copies)
Q9BXB1	[21, 52]	Leucine rich repeat N-terminal domain
Q9P2R6	[123, 162]	BAH domain
A8MQ03	[25, 143]	Protein of unknown function (DUF2477)
O75151	[39, 62]	PHD-finger
P11474	[103, 142]	Double treble clef zinc finger, C4 type
P14410	[77, 93]	Trefoil (P-type) domain
P14410	[944, 969]	Trefoil (P-type) domain
P55198	[116, 167]	PHD-zinc-finger like domain
Q6P3W6	[635, 655]	Olduvai domain
Q6P3W6	[778, 812]	Olduvai domain
Q6P3W6	[872, 904]	Olduvai domain
Q6P3W6	[1022, 1056]	Olduvai domain
Q6P3W6	[1116, 1150]	Olduvai domain
Q6P3W6	[1266, 1300]	Olduvai domain
Q6P3W6	[1360, 1394]	Olduvai domain
Q6P3W6	[1510, 1544]	Olduvai domain
Q6P3W6	[1604, 1638]	Olduvai domain
Q6P3W6	[1754, 1788]	Olduvai domain
Q6P3W6	[1848, 1882]	Olduvai domain
Q6P3W6	[1998, 2032]	Olduvai domain
Q6P3W6	[2092, 2126]	Olduvai domain
Q6P3W6	[2242, 2276]	Olduvai domain
Q6P3W6	[2336, 2370]	Olduvai domain
Q6P3W6	[2486, 2520]	Olduvai domain
Q6P3W6	[2580, 2614]	Olduvai domain
Q6P3W6	[2730, 2764]	Olduvai domain
Q6P3W6	[2824, 2858]	Olduvai domain
Q6P3W6	[2974, 3008]	Olduvai domain
Q6P3W6	[3068, 3102]	Olduvai domain
Q6P3W6	[3218, 3252]	Olduvai domain
Q6P3W6	[3312, 3335]	Olduvai domain
Q6P3W6	[3462, 3496]	Olduvai domain
Q6P3W6	[3556, 3590]	Olduvai domain
Q6UXD5	[330, 358]	Sushi repeat (SCR repeat)
Q6UXD5	[741, 780]	Sushi repeat (SCR repeat)
Q86YT6	[74, 99]	Zinc finger, ZZ type
Q86YT6	[975, 997]	Zinc finger, C3HC4 type (RING finger)
Q8IZF3	[41, 98]	ADGRF2P-like, N-terminal domain
Q9UPQ4	[30, 71]	RING-type zinc-finger
Q9UPQ4	[116, 132]	B-box zinc finger
O00154	[81, 106]	Thioesterase superfamily
O60911	[163, 184]	Papain family cysteine protease
P21580	[376, 416]	A20-like zinc finger
P62068	[206, 241]	Ubiquitin carboxyl-terminal hydrolase
Q16610	[209, 297]	Extracellular matrix protein 1 (ECM1)
Q16610	[337, 402]	Extracellular matrix protein 1 (ECM1)
Q16610	[415, 507]	Extracellular matrix protein 1 (ECM1)
Q6P387	[20, 52]	Protein of unknown function (DUF4529)
Q6P387	[84, 114]	Protein of unknown function (DUF4529)
Q8NCW0	[78, 101]	Kringle domain
Q8NCW0	[121, 136]	WSC domain
Q8NCW0	[176, 219]	WSC domain
Q9H336	[284, 343]	LCCL domain
Q9H336	[394, 429]	LCCL domain
Q9NYG5	[24, 49]	Anaphase-promoting complex subunit 11 RING-H2 finger
Q9NYG5	[65, 83]	Anaphase-promoting complex subunit 11 RING-H2 finger
Q9UBI9	[83, 131]	Headcase N-terminal
Q9UBI9	[145, 189]	Headcase N-terminal
Q9UPQ0	[1037, 1080]	LIM domain
Q9Y2A4	[160, 183]	Zinc finger, C2H2 type
Q9Y5J7	[31, 58]	Tim10/DDP family zinc finger
A0A1B0GVS7	[73, 107]	MyoD family inhibitor
A0A1B0GVS7	[125, 184]	MyoD family inhibitor
A1L3X4	[0, 48]	Metallothionein
A1Z1Q3	[105, 130]	Macro domain
A8K979	[586, 627]	GRF zinc finger
A8MPS7	[246, 270]	YdjC-like protein
O95718	[132, 161]	Double treble clef zinc finger, C4 type
P0C0L4	[691, 745]	Anaphylotoxin-like domain
P36544	[351, 373]	Neurotransmitter-gated ion-channel transmembrane region
P36544	[397, 421]	Neurotransmitter-gated ion-channel transmembrane region
P62072	[18, 63]	Tim10/DDP family zinc finger
Q08397	[490, 509]	Lysyl oxidase
Q13224	[1207, 1254]	N-methyl D-aspartate receptor 2B3 C-terminus
Q15034	[325, 346]	RCC1-like domain
Q15697	[28, 62]	SCAN domain
Q7Z408	[2143, 2191]	Sushi repeat (SCR repeat)
Q7Z408	[2571, 2597]	Sushi repeat (SCR repeat)
Q7Z408	[2639, 2667]	Sushi repeat (SCR repeat)
Q7Z408	[2800, 2902]	Sushi repeat (SCR repeat)
Q7Z408	[2926, 2961]	Sushi repeat (SCR repeat)
Q7Z408	[2984, 3018]	Sushi repeat (SCR repeat)
Q7Z408	[3096, 3199]	Sushi repeat (SCR repeat)
Q7Z408	[3216, 3254]	Sushi repeat (SCR repeat)
Q7Z5A7	[57, 130]	TAFA family
Q8N4Q1	[42, 103]	CHCH domain
Q99932	[109, 129]	Cilia- and flagella-associated protein 143
Q9H1F0	[21, 69]	WAP-type (Whey Acidic Protein) 'four-disulfide core'
Q9P2R3	[703, 754]	Ankyrin repeats (3 copies)
Q9P2R3	[1114, 1135]	FYVE zinc finger
Q9Y5R5	[111, 161]	DM DNA binding domain
A0A8V8TNH8	[36, 72]	Zinc knuckle
O43296	[394, 415]	Zinc finger, C2H2 type
O43296	[530, 553]	Zinc finger, C2H2 type
O95450	[516, 542]	ADAMTS cysteine-rich domain 2
P07996	[924, 950]	Thrombospondin type 3 repeat
P0C2L3	[80, 106]	FAM163 family
P0C7H8	[0, 127]	Keratin, high sulfur B2 protein
P15173	[54, 79]	Myogenic Basic domain
P15328	[29, 74]	Folate receptor family
P57071	[527, 563]	C2H2-type zinc finger
P57071	[617, 640]	PRDM15 C2H2 zinc finger domain
Q06828	[65, 90]	Leucine rich repeat N-terminal domain
Q5T3F8	[305, 324]	Cytosolic domain of 10TM putative phosphate transporter
Q5T3F8	[383, 399]	Cytosolic domain of 10TM putative phosphate transporter
Q6ZRI0	[111, 156]	Otogelin-like N-terminal
Q6ZRI0	[188, 203]	von Willebrand factor type D domain
Q6ZRI0	[1198, 1219]	C8 domain
Q6ZRI0	[1414, 1473]	Otogelin-like/Mucin TIL domain
Q8TF47	[202, 225]	Zinc finger, C2H2 type
Q8WWF5	[334, 360]	Ring finger domain
B7Z1M9	[247, 267]	C2 domain
F5H094	[452, 474]	Kazal-type serine protease inhibitor domain
O15354	[469, 485]	7 transmembrane receptor (rhodopsin family)
O75152	[19, 89]	Zinc-finger containing family
P07949	[504, 632]	RET, Cysteine Rich Domain
P10276	[77, 157]	Double treble clef zinc finger, C4 type
P28340	[1012, 1038]	C4-type zinc-finger of DNA polymerase delta
P55010	[91, 147]	Domain found in IF2B/IF5
P55259	[467, 482]	ZP-C domain
P58397	[354, 382]	Reprolysin (M12B) family zinc metalloprotease
P58397	[398, 418]	Reprolysin (M12B) family zinc metalloprotease
P58397	[473, 494]	ADAMTS cysteine-rich domain 2
P58397	[645, 709]	ADAMTS cysteine-rich domain
Q03167	[711, 727]	ZP-C domain
Q12830	[2901, 2924]	PHD-finger
Q4KWH8	[341, 356]	Phosphatidylinositol-specific phospholipase C, X domain
Q5FYA8	[543, 560]	C-terminal region of aryl-sulfatase
Q6NUM6	[341, 359]	Radical SAM superfamily
Q7Z442	[117, 144]	Lectin C-type domain
Q7Z442	[183, 233]	D-galactoside/L-rhamnose binding SUEL lectin domain
Q96KV7	[1482, 1499]	WDR90, 4th beta-propeller
Q9NQ79	[534, 614]	Calcium-binding EGF domain
O43439	[496, 552]	MYND finger
O95260	[61, 88]	Arginine-tRNA-protein transferase, N terminus
P00749	[54, 131]	Kringle domain
P00749	[277, 306]	Trypsin
P00749	[342, 384]	Trypsin
P01859	[3, 29]	Immunoglobulin C1-set domain
P09871	[332, 368]	Sushi repeat (SCR repeat)
P13598	[37, 61]	Intercellular adhesion molecule (ICAM), N-terminal domain
P16109	[368, 409]	Sushi repeat (SCR repeat)
P16109	[677, 714]	Sushi repeat (SCR repeat)
P16109	[736, 766]	Sushi repeat (SCR repeat)
P78333	[50, 77]	Glypican
P78333	[336, 367]	Glypican
Q02223	[23, 45]	BCMA, TALL-1 binding
Q15654	[268, 291]	LIM domain
Q15654	[397, 412]	LIM domain
Q17RB8	[129, 167]	Zinc finger, C3HC4 type (RING finger)
Q17RB8	[493, 513]	Zinc finger, C3HC4 type (RING finger)
Q6UWQ7	[26, 48]	Insulin growth factor-like family
Q6UWQ7	[100, 118]	Insulin growth factor-like family
Q7Z419	[113, 175]	IBR domain, a half RING-finger domain
Q7Z419	[191, 214]	IBR domain
Q8TBN0	[288, 311]	Rabin 8-like C-terminal domain
Q9UPQ7	[15, 35]	Zinc finger, C3HC4 type (RING finger)
A4D1P6	[407, 423]	WD domain, G-beta repeat
O15273	[0, 17]	Telethonin protein
P01229	[97, 135]	Cystine-knot domain
P23490	[5, 283]	Major keratinocyte cell envelope protein
P51172	[603, 628]	Amiloride-sensitive sodium channel
Q13591	[722, 775]	SEMA5B-like, TSP-1 type 1
Q14153	[103, 126]	Family of FAM53
Q14153	[170, 251]	Family of FAM53
Q15013	[39, 66]	Mad1 and Cdc20-bound-Mad2 binding
Q3KNT9	[29, 49]	TMEM95 family
Q3KNT9	[98, 123]	TMEM95 family
Q3KNV8	[37, 64]	Zinc finger, C3HC4 type (RING finger)
Q5EBN2	[86, 102]	B-box zinc finger
Q5EBN2	[115, 135]	B-box zinc finger
Q6ZVW7	[160, 178]	Interleukin-17 receptor extracellular region
Q6ZVW7	[302, 324]	Interleukin-17 receptor extracellular region
Q6ZVW7	[389, 415]	Interleukin-17 receptor extracellular region
Q86SR1	[556, 577]	Ricin-type beta-trefoil lectin domain
Q8N3F8	[153, 224]	LIM domain
Q96EK2	[333, 405]	PHD-finger
Q96JB6	[101, 141]	Scavenger receptor cysteine-rich domain
Q96JB6	[248, 295]	Scavenger receptor cysteine-rich domain
Q96JB6	[371, 419]	Scavenger receptor cysteine-rich domain
Q96JB6	[489, 525]	Scavenger receptor cysteine-rich domain
Q96JB6	[635, 659]	Lysyl oxidase
Q96JB6	[720, 740]	Lysyl oxidase
Q9BYH1	[799, 815]	Sushi repeat (SCR repeat)
Q9BYH1	[852, 878]	Sushi repeat (SCR repeat)
Q9H1K0	[155, 199]	FYVE zinc finger
Q9H1K0	[240, 264]	FYVE zinc finger
Q9P2G1	[171, 193]	Ankyrin repeats (3 copies)
Q9P2G1	[415, 436]	IBR domain, a half RING-finger domain
Q9P2G1	[461, 487]	IBR domain, a half RING-finger domain
Q9P2G1	[507, 540]	IBR domain
Q9Y5S2	[1028, 1084]	Phorbol esters/diacylglycerol binding domain (C1 domain)
O95714	[2699, 2779]	Zinc finger, ZZ type
Q02817	[588, 634]	C8 domain
Q02817	[1068, 1099]	C8 domain
Q02817	[1291, 1399]	Mucin-2 protein WxxW repeating region
Q02817	[1771, 1885]	Mucin-2 protein WxxW repeating region
Q02817	[4628, 4651]	von Willebrand factor type D domain
Q15527	[21, 47]	Surfeit locus protein 2 (SURF2)
Q15527	[72, 136]	Surfeit locus protein 2 (SURF2)
Q5K4E3	[226, 255]	Trypsin
Q5K4E3	[751, 770]	Trypsin
Q5TBA9	[2806, 2826]	Furry protein C-terminal
Q92576	[709, 779]	PHD-finger
Q9BQ16	[302, 389]	Thyroglobulin type-1 repeat
Q9H0B8	[141, 174]	Cysteine-rich secretory protein family
Q9H0B8	[279, 313]	LCCL domain
Q9H0B8	[393, 421]	LCCL domain
Q9Y253	[624, 645]	Ubiquitin-Binding Zinc Finger
A6NNH2	[35, 67]	Zinc knuckle
P04155	[21, 83]	Trefoil (P-type) domain
Q14533	[45, 86]	Keratin type II head
Q14896	[1248, 1273]	Immunoglobulin I-set domain
Q5T848	[316, 335]	GPR158/179 extracellular domain
Q63HQ2	[352, 380]	Pikachurin, EGF-like domain
Q63HQ2	[560, 579]	EGF-like domain
Q63HQ2	[777, 820]	EGF-like domain
Q6R6M4	[78, 131]	Ubiquitin carboxyl-terminal hydrolase
Q8N4L8	[185, 204]	Coiled-coil domain-containing protein 24 family
Q8WUH1	[0, 20]	Churchill protein
Q9H3S3	[390, 413]	Trypsin
Q9HBD1	[22, 52]	zinc-RING finger domain
Q9HBD1	[414, 434]	Zinc finger C-x8-C-x5-C-x3-H type (and similar)
Q9NQ29	[32, 53]	LUC7 N_terminus
Q9NTI5	[562, 586]	Sister chromatid cohesion protein PDS5 protein
Q9UBW7	[525, 580]	MYM-type Zinc finger with FCS sequence motif
Q9UBW7	[721, 788]	MYM-type Zinc finger with FCS sequence motif
O00238	[21, 111]	Activin types I and II receptor domain
P10153	[42, 64]	Pancreatic ribonuclease
P10153	[80, 147]	Pancreatic ribonuclease
Q14596	[223, 252]	Zinc finger, ZZ type
Q14681	[91, 111]	BTB/POZ domain
Q15406	[15, 129]	Double treble clef zinc finger, C4 type
Q53T94	[2, 17]	Zinc-finger of RNA-polymerase I-specific TFIIB, Rrn7
Q6ZT77	[137, 162]	Zinc finger, C2H2 type
Q8N158	[11, 34]	Glypican
Q8N158	[58, 77]	Glypican
Q8N2C7	[1518, 1543]	Protein UNC80 central region
Q8NFA0	[1532, 1555]	Ubiquitin carboxyl-terminal hydrolase
Q8TEW6	[41, 59]	PH domain
Q8WU68	[143, 178]	Zinc finger C-x8-C-x5-C-x3-H type (and similar)
Q96MF7	[203, 224]	Zinc-finger of the MIZ type in Nse subunit
Q96QS1	[163, 180]	Tetraspanin family
Q9H019	[200, 231]	Mitochondrial fission regulator
Q9P0K1	[384, 402]	Reprolysin (M12B) family zinc metalloprotease
Q9P0K1	[679, 720]	EGF-like domain
D6R901	[101, 135]	Ubiquitin carboxyl-terminal hydrolase
O00144	[100, 161]	Fz domain
O43164	[622, 644]	Ring finger domain
O43164	[665, 683]	Ring finger domain
O75443	[583, 652]	Trypsin Inhibitor like cysteine rich domain
O75443	[676, 712]	TILa domain
O75443	[1353, 1409]	Trypsin Inhibitor like cysteine rich domain
O75443	[1449, 1477]	TILa domain
O95985	[640, 659]	DNA topoisomerase 3-beta zinc ribbon domain
P0C874	[116, 134]	Domain of unknown function (DUF4599)
P0CW20	[67, 84]	LIM domain
P10827	[0, 114]	Double treble clef zinc finger, C4 type
P51948	[0, 58]	Zinc finger, C3HC4 type (RING finger)
Q02509	[93, 177]	Phospholipase A2
Q02509	[303, 434]	Phospholipase A2
Q03405	[20, 42]	u-PAR/Ly-6 domain
Q03405	[55, 76]	u-PAR/Ly-6 domain
Q5VWM3	[450, 474]	PRAME C-terminal domain
Q68DK2	[1807, 1880]	FYVE zinc finger
Q8IW36	[343, 382]	Zinc finger, C2H2 type
Q9UKN8	[736, 758]	Putative zinc-finger of transcription factor IIIC complex
Q9Y2A7	[577, 596]	Nck-associated protein 1
Q9Y2A7	[611, 642]	Nck-associated protein 1
Q9Y6H1	[105, 145]	CHCH domain
O60522	[1548, 1566]	Tudor domain
P0C7X2	[202, 222]	Zinc finger, C2H2 type
Q96A56	[58, 100]	DOR family
Q96A56	[207, 239]	DOR family
Q9BYE3	[0, 91]	Late cornified envelope
Q9BZL6	[172, 197]	Phorbol esters/diacylglycerol binding domain (C1 domain)
Q9BZL6	[267, 323]	Phorbol esters/diacylglycerol binding domain (C1 domain)
Q9C019	[5, 69]	Zinc finger, C3HC4 type (RING finger)
Q9NVS9	[75, 91]	Pyridoxamine 5'-phosphate oxidase
Q9UMN6	[955, 1014]	CXXC zinc finger domain
Q9Y242	[281, 344]	PHD-finger
P02788	[181, 203]	Transferrin
P02788	[504, 543]	Transferrin
P51805	[485, 532]	Plexin repeat
P51805	[578, 604]	TIG domain
P51805	[644, 692]	Plexin A/B, PSI domain
P51805	[706, 753]	TIG domain found in plexin
P51805	[790, 846]	Plexin repeat
P51805	[884, 927]	IPT/TIG domain
P78348	[315, 342]	Amiloride-sensitive sodium channel
Q08629	[333, 385]	Thyroglobulin type-1 repeat
Q14191	[925, 947]	RecQ zinc-binding
Q2VPK5	[377, 396]	Cytoplasmic tRNA 2-thiolation protein 2
Q2VPK5	[422, 475]	Cytoplasmic tRNA 2-thiolation protein 2
Q8TDD2	[345, 368]	Zinc finger, C2H2 type
Q93097	[155, 186]	wnt family
Q93097	[310, 388]	wnt family
Q9P243	[290, 313]	C2H2-type zinc-finger domain
Q9UEG4	[705, 728]	Zinc finger, C2H2 type
A5X5Y0	[355, 370]	Neurotransmitter-gated ion-channel transmembrane region
O95159	[81, 109]	ZFPL1-like, U-box domain
P09884	[1265, 1314]	DNA Polymerase alpha zinc finger
P09884	[1347, 1381]	DNA Polymerase alpha zinc finger
Q12836	[117, 186]	Trefoil (P-type) domain
Q12836	[434, 468]	ZP-C domain
Q16667	[102, 126]	Cyclin-dependent kinase inhibitor 3 (CDKN3)
Q63ZY6	[172, 187]	16S rRNA methyltransferase RsmB/F
Q9NQ38	[286, 342]	Kazal-type serine protease inhibitor domain
Q9NQ38	[696, 752]	Kazal-type serine protease inhibitor domain
Q9NQ38	[763, 819]	Kazal-type serine protease inhibitor domain
Q9NQ38	[905, 961]	Kazal-type serine protease inhibitor domain
Q9NQ38	[982, 1055]	Kazal-type serine protease inhibitor domain
P05067	[51, 68]	Amyloid A4 N-terminal heparin-binding
P05067	[90, 110]	Amyloid A4 N-terminal heparin-binding
P05067	[132, 195]	Copper-binding of amyloid precursor, CuBD
P05067	[313, 350]	Kunitz/Bovine pancreatic trypsin inhibitor domain
P10826	[77, 157]	Double treble clef zinc finger, C4 type
P15976	[188, 237]	GATA zinc finger
P15976	[247, 291]	GATA zinc finger
P17787	[409, 427]	Neurotransmitter-gated ion-channel transmembrane region
P53803	[8, 48]	DNA directed RNA polymerase, 7 kDa subunit
P98175	[211, 242]	Zn-finger in Ran binding protein and others
Q12899	[28, 63]	zinc finger of C3HC4-type, RING
Q12899	[91, 133]	B-box zinc finger
Q13029	[474, 497]	C2H2-type zinc finger
Q13029	[1445, 1469]	C2H2-type zinc finger
Q13201	[227, 289]	EMI domain
Q13201	[1034, 1069]	EGF-like domain
Q15375	[358, 391]	Fibronectin type III domain
Q53EL9	[805, 847]	Sushi repeat (SCR repeat)
Q6NT52	[18, 137]	Cystine-knot domain
Q6P4A8	[463, 485]	Phospholipase B
Q6UW32	[88, 109]	Insulin growth factor-like family
Q6UXV0	[149, 168]	GDNF/GAS1 domain
Q6UXV0	[188, 274]	GDNF/GAS1 domain
Q6ZRF8	[10, 74]	Zinc finger, C3HC4 type (RING finger)
Q6ZRF8	[91, 136]	B-box zinc finger
Q7RTY9	[237, 254]	Trypsin
Q86YI8	[224, 286]	PhD finger domain
Q8IXT2	[31, 80]	DM DNA binding domain
Q8N912	[22, 52]	Domain of unknown function (DUF4658)
Q96GM1	[168, 189]	PAP2 superfamily
Q9BYS1	[0, 173]	Keratin, high sulfur B2 protein
A0A0G2JLG4	[361, 379]	Amiloride-sensitive sodium channel
B4DH59	[890, 922]	Olduvai domain
B4DH59	[965, 997]	Olduvai domain
B4DH59	[1040, 1072]	Olduvai domain
B4DH59	[1190, 1224]	Olduvai domain
B4DH59	[1284, 1318]	Olduvai domain
B4DH59	[1359, 1393]	Olduvai domain
B4DH59	[1509, 1543]	Olduvai domain
O00151	[249, 316]	LIM domain
O75581	[588, 606]	Coagulation Factor Xa inhibitory site
Q13145	[48, 113]	BMP and activin membrane-bound inhibitor (BAMBI) N-terminal domain
Q13145	[214, 233]	BMP and activin membrane-bound inhibitor homolog C-terminus
Q7Z5Q1	[516, 538]	Cytoplasmic polyadenylation element-binding protein ZZ domain
Q96A83	[33, 83]	EMI domain
Q99748	[153, 174]	Transforming growth factor beta like domain
Q9H4G8	[13, 47]	CSL zinc finger
Q9NX70	[119, 140]	Mediator complex subunit 29
Q9NX70	[173, 190]	Mediator complex subunit 29
Q9UGM5	[210, 234]	Cystatin domain
Q9UQC9	[195, 210]	Calcium-activated chloride channel N terminal
O14594	[1173, 1279]	Sushi repeat (SCR repeat)
O15151	[419, 475]	Zinc finger, C3HC4 type (RING finger)
O75594	[60, 83]	N-acetylmuramoyl-L-alanine amidase
P07358	[94, 163]	Low-density lipoprotein receptor domain class A
P49767	[154, 176]	PDGF/VEGF domain
P51522	[120, 165]	Zinc finger, C2H2 type
P58166	[270, 289]	Transforming growth factor beta like domain
P82921	[40, 62]	Ribosomal protein S21
Q13126	[134, 152]	Phosphorylase superfamily
Q15811	[1610, 1630]	C2 domain
Q5T1V6	[100, 140]	HIT zinc finger
Q7Z5L9	[494, 563]	IRF-2BP1/2 C3HC4 zinc finger domain
Q8N9Q2	[0, 30]	Zinc knuckle
Q9HAJ7	[18, 39]	SAP30 zinc-finger
A8MXU0	[22, 68]	Beta defensin
O00237	[618, 639]	Ring finger domain
O75339	[391, 494]	Cartilage intermediate layer protein 1-like domain
P10398	[128, 153]	Phorbol esters/diacylglycerol binding domain (C1 domain)
P23352	[74, 110]	Anosmin cysteine rich domain
P23352	[135, 181]	WAP-type (Whey Acidic Protein) 'four-disulfide core'
P28331	[117, 146]	NADH-ubiquinone oxidoreductase-G iron-sulfur binding region
Q14134	[214, 256]	B-box zinc finger
Q5T0J7	[166, 196]	Testis-specific protein 35
Q5VWK0	[440, 490]	Olduvai domain
Q6UXN2	[46, 69]	Immunoglobulin V-set domain
Q86VF2	[1161, 1187]	Immunoglobulin I-set domain
Q96G46	[318, 341]	Dihydrouridine synthase (Dus)
Q96PC2	[228, 252]	Inositol polyphosphate kinase
Q96QK8	[0, 47]	Protein of unknown function (DUF2615)
Q99835	[122, 213]	Fz domain
Q9BRX9	[230, 250]	WD domain, G-beta repeat
Q9UKP4	[349, 381]	Reprolysin (M12B) family zinc metalloprotease
Q9UKP4	[501, 529]	ADAMTS cysteine-rich domain 2
Q9UKP4	[551, 607]	Thrombospondin type 1 domain
Q9UKP4	[621, 646]	ADAMTS cysteine-rich domain
Q9UKP4	[673, 705]	ADAMTS cysteine-rich domain
Q9ULI4	[59, 137]	Kinesin-like protein KIF26A/B, tri-helical
Q9UNE2	[111, 141]	FYVE-type zinc finger
Q9Y6C2	[78, 98]	EMI domain
Q9Y6C2	[111, 134]	EMI domain
A0AVI4	[277, 315]	Putative transmembrane protein precursor
O43451	[82, 127]	Trefoil (P-type) domain
O43451	[1862, 1882]	Trefoil (P-type) domain
P0DN86	[20, 139]	Cystine-knot domain
Q15075	[1347, 1410]	FYVE zinc finger
Q86T03	[73, 161]	Transmembrane protein 55A
Q86YP4	[408, 450]	GATA zinc finger
Q8NHY2	[156, 176]	Zinc finger, C3HC4 type (RING finger)
Q96RD9	[154, 182]	Immunoglobulin domain
Q96S65	[226, 284]	Cysteine/serine-rich nuclear protein N-terminus
Q9BR11	[371, 387]	SWIM zinc finger
Q9Y2G9	[1140, 1155]	SBNO alpha/beta domain
A0AAG2TWJ7	[42, 65]	GM130 C-terminal binding motif
O76014	[131, 154]	Intermediate filament protein
O76014	[304, 358]	Intermediate filament protein
Q08380	[82, 132]	Scavenger receptor cysteine-rich domain
Q15027	[409, 434]	Putative GTPase activating protein for Arf
Q3KNS6	[147, 170]	Zinc finger, C2H2 type
Q495C1	[14, 54]	zinc-RING finger domain
Q5T6C5	[232, 269]	SCA7, zinc-binding domain
Q96GF1	[60, 88]	Zinc finger, C3HC4 type (RING finger)
Q9BUK0	[5, 39]	Cytochrome oxidase c subunit VIb
Q9NT22	[111, 138]	EMI domain
O60637	[163, 189]	Tetraspanin family
O75882	[246, 301]	Teneurin-like EGF domain
P03952	[93, 114]	PAN domain
P03952	[126, 141]	PAN domain
P03952	[552, 586]	Trypsin
P54762	[349, 385]	Fibronectin type III domain
Q16288	[35, 54]	Leucine rich repeat N-terminal domain
Q5T754	[0, 117]	Late cornified envelope
Q5XKK7	[171, 197]	Protein family FAM219A
Q7Z410	[143, 200]	Low-density lipoprotein receptor domain class A
Q7Z410	[372, 394]	Trypsin
Q7Z410	[674, 694]	Trypsin
Q7Z410	[929, 958]	Trypsin
Q7Z410	[994, 1020]	Trypsin
Q8NA57	[0, 15]	Zinc-finger containing family
Q9BT49	[0, 20]	THAP domain
Q9BVT8	[158, 178]	Ubiquitin family
O00482	[78, 155]	Double treble clef zinc finger, C4 type
O43918	[288, 349]	PHD-finger
P04085	[118, 149]	PDGF/VEGF domain
P04085	[166, 188]	PDGF/VEGF domain
P08476	[343, 363]	Transforming growth factor beta like domain
P20231	[207, 232]	Trypsin
Q00987	[294, 328]	Zn-finger in Ran binding protein and others
Q00987	[427, 485]	Zinc finger, C3HC4 type (RING finger)
Q05655	[188, 217]	Phorbol esters/diacylglycerol binding domain (C1 domain)
Q05655	[260, 279]	Phorbol esters/diacylglycerol binding domain (C1 domain)
Q14644	[696, 721]	BTK motif
Q16822	[414, 434]	Phosphoenolpyruvate carboxykinase C-terminal P-loop domain
Q5TEC3	[183, 203]	Zinc finger, C2H2 type
Q5TEC3	[308, 331]	Zinc finger, C2H2 type
Q8N6Q3	[38, 60]	u-PAR/Ly-6 domain
Q8N6Q3	[122, 220]	u-PAR/Ly-6 domain
Q8N6Q3	[314, 378]	u-PAR/Ly-6 domain
Q8NI32	[54, 157]	Ly6/PLAUR domain-containing protein 6, Lypd6
Q8WU90	[102, 128]	Zinc finger C-x8-C-x5-C-x3-H type (and similar)
Q9NYW8	[558, 581]	Zinc finger, C2H2 type
P41732	[169, 192]	Tetraspanin family
Q6P1W5	[354, 386]	Domain of unknown function (DUF4688)
Q8WWQ8	[2209, 2229]	Extracellular link domain
B7ZLF3	[157, 180]	Zinc finger, C2H2 type
O60870	[23, 54]	KIN17 C2H2-type zinc finger domain
O95980	[332, 379]	RECK, frizzled-like domain
O95980	[409, 525]	RECK, frizzled-like domain
P08217	[202, 225]	Trypsin
P0CG36	[143, 170]	Cripto_Frl-1_Cryptic (CFC)
P21860	[172, 340]	Furin-like cysteine rich region
P21860	[482, 633]	Growth factor receptor domain IV
P22749	[121, 144]	Saposin-like type B, region 2
P54132	[1052, 1075]	RecQ zinc-binding
Q07869	[91, 118]	Double treble clef zinc finger, C4 type
Q07869	[136, 161]	Double treble clef zinc finger, C4 type
Q2TBC4	[73, 97]	LIM domain
Q2TBC4	[138, 209]	LIM domain
Q5VYS8	[960, 987]	Zinc knuckle
Q5VYS8	[1442, 1475]	Zinc knuckle
Q9Y334	[201, 219]	VWA7 N-terminal domain
C9JLJ4	[101, 135]	Ubiquitin carboxyl-terminal hydrolase
O95396	[222, 240]	ThiF family
P0CW19	[67, 84]	LIM domain
P11229	[249, 272]	7 transmembrane receptor (rhodopsin family)
P31150	[391, 417]	GDP dissociation inhibitor
Q13705	[83, 107]	Activin types I and II receptor domain
Q5T4F4	[339, 410]	FYVE zinc finger
Q96I34	[123, 144]	Ankyrin repeats (3 copies)
Q96KQ4	[24, 44]	Apoptosis-stimulating of p53 protein 2-like, N-terminal RA domain
Q9NRL2	[1150, 1204]	PHD-finger
Q9NX58	[12, 29]	Acetyl-CoA carboxylase zinc finger domain
Q9Y4F3	[950, 989]	MARF1 LOTUS domain
P00533	[177, 344]	Furin-like cysteine rich region
P00533	[488, 645]	Growth factor receptor domain IV
Q5T5D7	[318, 335]	Zinc finger, C2H2 type
Q5T5D7	[346, 369]	Zinc finger, C2H2 type
Q7Z5J4	[1846, 1905]	PHD-like zinc-binding domain
Q86WI3	[609, 627]	NLRC4 helical domain HD2
Q8TDZ2	[686, 755]	LIM domain
Q93008	[1721, 1736]	Ubiquitin carboxyl-terminal hydrolase
Q96KQ7	[415, 545]	Histone-lysine N-methyltransferase EHMT1/EHMT2, Cys-rich region
Q96KQ7	[931, 984]	Pre-SET motif
Q96MD7	[34, 97]	Uncharacterized conserved protein (DUF2039)
Q96PQ0	[704, 747]	Sortilin, neurotensin receptor 3, C-terminal
Q9BUY5	[215, 238]	Zinc finger, C2H2 type
Q9BVI0	[657, 699]	PhD finger domain
Q9NYA4	[141, 161]	Myotubularin-like phosphatase domain
Q9NYA4	[317, 334]	Myotubularin-like phosphatase domain
Q9NYA4	[1121, 1178]	FYVE zinc finger
Q9UPP1	[75, 98]	PHD-finger
A1KZ92	[821, 878]	Animal haem peroxidase
A1KZ92	[1384, 1459]	VWC2L-like domain
A6NGG3	[4, 59]	Family of unknown function (DUF5540)
O14829	[364, 384]	Calcineurin-like phosphoesterase
O60609	[33, 105]	GDNF/GAS1 domain
O60609	[173, 256]	GDNF/GAS1 domain
O60609	[305, 335]	GDNF/GAS1 domain
O75954	[163, 184]	Tetraspanin family
P10828	[80, 168]	Double treble clef zinc finger, C4 type
P43250	[118, 141]	Regulator of G protein signaling domain
P43250	[414, 436]	Protein kinase domain
Q14142	[8, 38]	B-box zinc finger
Q15047	[722, 801]	Pre-SET motif
Q504Q3	[652, 672]	Ubiquitin carboxyl-terminal hydrolase
Q504Q3	[711, 731]	Ubiquitin carboxyl-terminal hydrolase
Q6ZMM2	[61, 107]	Thrombospondin type 1 domain
Q6ZMM2	[156, 201]	ADAMTS cysteine-rich domain
Q6ZMM2	[414, 436]	UNC-6/NTR/C345C module
Q6ZNL6	[1250, 1285]	FYVE zinc finger
Q8IW70	[400, 509]	TMEM151 family
Q8N2H9	[65, 88]	Pellino, FHA domain
Q8N2H9	[367, 431]	Pellino, RING domain
Q8NHM4	[188, 206]	Trypsin
Q92670	[367, 384]	Zinc finger, C2H2 type
Q92670	[395, 418]	Zinc finger, C2H2 type
Q96JM2	[1184, 1200]	Zinc finger protein 462, seventh C2H2 zinc finger
Q9BUD6	[305, 330]	Spondin-like TSP1 domain
Q9C030	[29, 68]	RING-type zinc-finger
Q9C037	[1, 61]	zinc finger of C3HC4-type, RING
Q9C037	[76, 118]	B-box zinc finger
Q9NQ86	[146, 191]	ANCHR-like B-box zinc-binding domain
Q9NQ86	[201, 244]	B-box zinc finger
Q9UBR4	[53, 71]	LIM domain
A6NFK2	[186, 247]	GRXCR1/2, C-terminal domain
F5H4A9	[37, 63]	Domain of unknown function (DUF4719)
P03971	[477, 501]	Transforming growth factor beta like domain
P03971	[517, 534]	Transforming growth factor beta like domain
P14138	[86, 105]	Endothelin family
Q02985	[103, 154]	Sushi repeat (SCR repeat)
Q02985	[174, 219]	Sushi repeat (SCR repeat)
Q02985	[236, 277]	Sushi repeat (SCR repeat)
Q14254	[0, 15]	SPFH domain / Band 7 family
Q5TA79	[0, 105]	Late cornified envelope
Q76B58	[272, 298]	BRNP1-3, EGF domain
Q76B58	[417, 474]	BRINP C-terminal domain
Q86VB7	[49, 76]	Scavenger receptor cysteine-rich domain
Q86VB7	[109, 178]	Scavenger receptor cysteine-rich domain
Q86VB7	[231, 257]	Scavenger receptor cysteine-rich domain
Q86VB7	[297, 317]	Scavenger receptor cysteine-rich domain
Q86VB7	[335, 390]	Scavenger receptor cysteine-rich domain
Q86VB7	[460, 503]	Scavenger receptor cysteine-rich domain
Q86VB7	[536, 635]	Scavenger receptor cysteine-rich domain
Q86VB7	[853, 981]	Scavenger receptor cysteine-rich domain
Q8IUD6	[50, 71]	zinc finger of C3HC4-type, RING
Q8IUQ4	[53, 84]	E3 ubiquitin-protein ligase sina/sinah, RING finger
Q8IUQ4	[100, 143]	Sina, zinc finger
Q9HCC9	[824, 868]	FYVE zinc finger
Q9NR16	[232, 253]	Scavenger receptor cysteine-rich domain
Q9NR16	[652, 707]	Scavenger receptor cysteine-rich domain
Q9NR16	[782, 820]	Scavenger receptor cysteine-rich domain
Q9NR16	[866, 891]	Scavenger receptor cysteine-rich domain
Q9NR16	[927, 943]	Scavenger receptor cysteine-rich domain
Q9NR16	[1108, 1132]	Scavenger receptor cysteine-rich domain
Q9NR16	[1237, 1263]	Scavenger receptor cysteine-rich domain
Q9NR16	[1320, 1351]	Scavenger receptor cysteine-rich domain
P05107	[24, 82]	Integrin plexin domain
P10321	[332, 365]	MHC_I C-terminus
P56730	[127, 174]	Kringle domain
P56730	[339, 388]	Scavenger receptor cysteine-rich domain
P56730	[444, 490]	Scavenger receptor cysteine-rich domain
P56730	[558, 620]	Scavenger receptor cysteine-rich domain
P56730	[803, 834]	Trypsin
Q04771	[24, 54]	Activin types I and II receptor domain
Q04771	[73, 108]	Activin types I and II receptor domain
Q14526	[582, 605]	Zinc finger, C2H2 type
Q86XT4	[80, 95]	B-box zinc finger
Q8IWR0	[905, 930]	Zinc finger C-x8-C-x5-C-x3-H type (and similar)
Q8N1W1	[655, 708]	Phorbol esters/diacylglycerol binding domain (C1 domain)
Q8N8N0	[19, 63]	zinc-RING finger domain
Q96G27	[91, 110]	WW domain-binding protein 1
C9JSJ3	[532, 566]	HMG (high mobility group) box
P05981	[337, 363]	Trypsin
P62508	[152, 188]	Double treble clef zinc finger, C4 type
Q01101	[358, 381]	Zinc finger, C2H2 type
Q01101	[478, 505]	Zinc finger, C2H2 type
Q9HCE3	[663, 680]	ZNF592-like C2H2 zinc finger
Q9HCE3	[1255, 1278]	C2H2-type zinc finger
Q9Y314	[0, 17]	Zinc-finger of nitric oxide synthase-interacting protein
Q9Y314	[34, 61]	Zinc-finger of nitric oxide synthase-interacting protein
O60241	[195, 234]	Adhesion GPCR B N-terminal region
O60241	[887, 904]	GPCR proteolysis site, GPS, motif
O60811	[447, 473]	PRAME C-terminal domain
O96028	[659, 739]	Histone-lysine N-methyltransferase NSD-like, PHD zinc finger 1
O96028	[757, 794]	Histone-lysine N-methyltransferase NSD-like, variant PHD zinc finger
O96028	[1005, 1065]	AWS domain
O96028	[1133, 1156]	SET domain
P06681	[114, 160]	Sushi repeat (SCR repeat)
P06681	[175, 213]	Sushi repeat (SCR repeat)
P06681	[662, 680]	Trypsin
P21741	[26, 142]	PTN/MK heparin-binding protein family, C-terminal domain
P35858	[32, 51]	Leucine rich repeat N-terminal domain
Q5TD97	[38, 70]	LIM domain
Q5TD97	[128, 148]	LIM domain
Q5TI25	[628, 655]	Olduvai domain
Q5TI25	[778, 812]	Olduvai domain
Q5TI25	[947, 981]	Olduvai domain
Q5TI25	[1041, 1075]	Olduvai domain
Q5TI25	[1191, 1225]	Olduvai domain
Q5TI25	[1285, 1319]	Olduvai domain
Q5TI25	[1435, 1469]	Olduvai domain
Q5TI25	[1529, 1563]	Olduvai domain
Q5TI25	[1679, 1713]	Olduvai domain
Q5TI25	[1773, 1807]	Olduvai domain
Q5TI25	[1923, 1957]	Olduvai domain
Q5TI25	[2017, 2051]	Olduvai domain
Q5TI25	[2167, 2201]	Olduvai domain
Q5TI25	[2261, 2295]	Olduvai domain
Q5TI25	[2411, 2445]	Olduvai domain
Q5TI25	[2505, 2539]	Olduvai domain
Q5TI25	[2655, 2689]	Olduvai domain
Q5TI25	[2749, 2783]	Olduvai domain
Q6NW40	[46, 68]	Repulsive guidance molecule (RGM) N-terminal domain
Q6NW40	[82, 103]	Repulsive guidance molecule (RGM) N-terminal domain
Q7Z6K1	[0, 19]	THAP domain
Q8IVH2	[300, 327]	FOXP coiled-coil domain
Q8IYR2	[295, 318]	SET domain
Q8NEQ6	[74, 137]	Steroid receptor-associated and regulated protein
Q8NEQ6	[152, 168]	Steroid receptor-associated and regulated protein
Q96SC8	[59, 99]	DM DNA binding domain
Q9H1D9	[286, 304]	RNA polymerase Rpc34 subunit
Q9NXF7	[172, 188]	DDB1- and CUL4-associated factor 16
P08709	[66, 89]	Vitamin K-dependent carboxylation/gamma-carboxyglutamic (GLA) domain
P0DMB1	[207, 223]	Protein of unknown function (DUF2476)
P23921	[404, 423]	Ribonucleotide reductase, barrel domain
P32927	[74, 98]	GM-CSF/IL-3/IL-5 receptor common beta subunit, N-terminal
P34059	[490, 521]	C-terminal region of aryl-sulfatase
P53420	[1569, 1589]	C-terminal tandem repeated domain in type 4 procollagen
P98174	[725, 808]	FYVE zinc finger
Q13625	[24, 52]	Apoptosis-stimulating of p53 protein 2-like, N-terminal RA domain
Q16819	[663, 691]	EGF-like domain
Q5VYX0	[40, 63]	NAD(P)-binding Rossmann-like domain
Q5VYX0	[283, 312]	Flavin containing amine oxidoreductase
Q6P5W5	[51, 71]	Zinc transporter ZIP4 domain
Q6ZSG1	[285, 313]	Ring finger domain
Q6ZSG1	[326, 343]	Ring finger domain
Q70CQ3	[223, 246]	Ubiquitin carboxyl-terminal hydrolase
Q70CQ3	[274, 296]	Ubiquitin carboxyl-terminal hydrolase
Q70EK9	[467, 506]	Ubiquitin carboxyl-terminal hydrolase
Q70EK9	[541, 584]	Ubiquitin carboxyl-terminal hydrolase
Q7RTY8	[778, 795]	Trypsin
Q8WWY6	[1, 21]	p55-binding region of Methyl-CpG-binding domain proteins MBD
Q8WY91	[0, 19]	THAP domain
Q96K78	[98, 119]	GPR128, N-terminal domain
Q96P47	[833, 852]	Ankyrin repeats (3 copies)
A7E2F4	[605, 628]	GM130 C-terminal binding motif
O75764	[299, 343]	Transcription factor S-II (TFIIS)
P08174	[90, 107]	Sushi repeat (SCR repeat)
P08174	[124, 172]	Sushi repeat (SCR repeat)
P08174	[207, 292]	Sushi repeat (SCR repeat)
Q5FWF4	[616, 653]	Zn-finger in Ran binding protein and others
Q5FWF4	[1025, 1053]	HNH endonuclease
Q5VZL5	[330, 401]	MYM-type Zinc finger with FCS sequence motif
Q5VZL5	[527, 543]	Zinc finger MYM-type protein 4-like, TRASH domain
Q8IV20	[390, 405]	Multi-copper polyphenol oxidoreductase laccase
Q8N1W2	[482, 505]	Zinc finger, C2H2 type
Q8NB66	[1127, 1156]	Phorbol esters/diacylglycerol binding domain (C1 domain)
Q96GE5	[160, 183]	Zinc finger, C2H2 type
Q9P0M4	[118, 143]	Interleukin-17
Q9P2E8	[158, 191]	RING-variant domain
Q9Y483	[98, 144]	PHD-finger
Q9Y581	[168, 186]	Insulin/IGF/Relaxin family
O14964	[155, 224]	FYVE zinc finger
P02461	[21, 94]	von Willebrand factor type C domain
P02461	[1251, 1281]	Fibrillar collagen C-terminal domain
P78385	[60, 91]	Keratin type II head
Q12933	[63, 79]	Zinc finger, C3HC4 type (RING finger)
Q13241	[150, 174]	Lectin C-type domain
Q7Z6W1	[153, 178]	Transmembrane and coiled-coil domain-containing protein 2
Q8N5C8	[22, 51]	CUE domain
Q8NDX5	[793, 817]	Zinc finger, FCS-type
Q96AP0	[127, 160]	Shelterin complex subunit, TPP1/ACD
Q9BYV1	[213, 268]	Aminotransferase class-III
A0A0U1RRI6	[190, 207]	Glutathione-dependent formaldehyde-activating enzyme
A0AAG2TVJ1	[370, 406]	GM130 C-terminal binding motif
P01213	[23, 47]	Vertebrate endogenous opioids neuropeptide
P01860	[3, 36]	Immunoglobulin C1-set domain
P02795	[0, 60]	Metallothionein
P33992	[186, 215]	MCM OB domain
Q10588	[147, 166]	ADP-ribosyl cyclase
Q13263	[617, 678]	PHD-finger
Q5VST9	[1402, 1430]	Immunoglobulin I-set domain
Q5VST9	[3336, 3355]	Immunoglobulin I-set domain
Q5VST9	[3424, 3443]	Immunoglobulin I-set domain
Q5VST9	[3580, 3619]	Immunoglobulin I-set domain
Q5VST9	[3756, 3795]	Immunoglobulin I-set domain
Q5VST9	[3844, 3883]	Immunoglobulin I-set domain
Q5VST9	[3931, 3972]	Immunoglobulin I-set domain
Q5VST9	[3988, 4007]	Immunoglobulin I-set domain
Q5VST9	[7910, 7937]	Protein kinase domain
Q8N104	[24, 45]	Beta defensin
Q8WV22	[194, 240]	RING-like domain
Q96J86	[108, 135]	Cysteine and tyrosine-rich protein 1
Q99523	[709, 749]	Sortilin, neurotensin receptor 3, C-terminal
Q9NQT5	[56, 90]	Mammalian exosome complex component RRP40, N-terminal
Q9UJ78	[233, 298]	MYM-type Zinc finger with FCS sequence motif
A6NJZ7	[395, 415]	RIMB1-like, N-terminal domain
P58294	[49, 91]	Prokineticin
Q04206	[88, 129]	Rel homology DNA-binding domain
Q49AR2	[184, 236]	UPF0489 domain
Q5VV52	[106, 157]	Zinc-finger double domain
Q6PRD1	[271, 304]	GPR158/179 extracellular domain
Q7Z7A3	[276, 311]	Zinc-ribbon
Q8TEY7	[50, 93]	Zn-finger in ubiquitin-hydrolases and other protein
Q8TEY7	[310, 333]	Ubiquitin carboxyl-terminal hydrolase
Q93098	[104, 129]	wnt family
Q93098	[169, 203]	wnt family
Q93098	[245, 350]	wnt family
Q9C0B9	[1122, 1155]	Zinc knuckle
Q9H1Z9	[236, 258]	Tetraspanin family
O15235	[53, 102]	Ribosomal protein S12/S23
O15235	[121, 137]	Ribosomal protein S12/S23
O15375	[194, 215]	Major Facilitator Superfamily
O95633	[27, 74]	Follistatin, N-terminal
P14770	[16, 33]	Leucine rich repeat N-terminal domain
P16112	[2429, 2512]	Sushi repeat (SCR repeat)
P34896	[373, 396]	Serine hydroxymethyltransferase
Q15413	[1875, 1897]	Ryanodine receptor junctional solenoid repeat
Q6UXB2	[39, 86]	VEGF co-regulated chemokine 1
Q8IZP7	[164, 193]	Sulfotransferase family
Q8IZP7	[214, 237]	Sulfotransferase family
Q8IZP7	[262, 286]	Sulfotransferase family
Q8N488	[16, 52]	Zn-finger in Ran binding protein and others
Q8TEQ6	[1410, 1430]	GEMI5 RBS C-terminal domain
Q9HC57	[55, 113]	WAP-type (Whey Acidic Protein) 'four-disulfide core'
Q9UFP1	[437, 459]	FAM198 protein
Q9Y336	[152, 173]	Immunoglobulin domain
Q9Y4A5	[1488, 1505]	Tra1 HEAT repeat ring region
Q9Y4A5	[2656, 2677]	Tra1 HEAT repeat ring region
A0A8V8TPE2	[36, 72]	Zinc knuckle
P01127	[119, 150]	PDGF/VEGF domain
P01127	[167, 189]	PDGF/VEGF domain
P40313	[200, 219]	Trypsin
P41091	[90, 114]	Elongation factor Tu GTP binding domain
Q5T7P2	[0, 109]	Late cornified envelope
Q8N895	[496, 519]	C2H2-type zinc finger
Q8NA82	[648, 682]	RING-variant domain
Q96D46	[6, 30]	NMD3 family
Q9ULV3	[645, 694]	CIZ1-like, C2H2-type zinc finger
Q9Y2I7	[150, 206]	FYVE zinc finger
Q9Y6H3	[70, 118]	Peptidase M76 family
O14686	[155, 198]	PHD-like zinc-binding domain
O14686	[1377, 1407]	PHD-finger
O14686	[1428, 1445]	PHD-finger
O14686	[5021, 5044]	PHD-zinc-finger like domain
O14686	[5090, 5112]	PHD-zinc-finger like domain
O15344	[33, 68]	RING-type zinc-finger
O15344	[108, 154]	ANCHR-like B-box zinc-binding domain
O15344	[164, 189]	B-box zinc finger
O60636	[152, 170]	Tetraspanin family
P00748	[406, 446]	Trypsin
P00748	[477, 506]	Trypsin
P00748	[547, 574]	Trypsin
P00750	[111, 190]	Kringle domain
P00750	[256, 278]	Kringle domain
P00750	[417, 453]	Trypsin
P00750	[465, 521]	Trypsin
P03372	[205, 254]	Double treble clef zinc finger, C4 type
P21941	[229, 268]	Coagulation Factor Xa inhibitory site
P32297	[385, 403]	Neurotransmitter-gated ion-channel transmembrane region
Q15695	[175, 195]	Zinc finger C-x8-C-x5-C-x3-H type (and similar)
Q52M58	[30, 115]	Family of unknown function (DUF5544)
Q6Q0C0	[129, 170]	RING-type zinc-finger
Q7Z3G6	[119, 143]	LIM domain
Q7Z3G6	[184, 208]	LIM domain
Q7Z3G6	[254, 319]	LIM domain
Q7Z736	[399, 421]	RA like domain
Q8NEZ4	[279, 311]	PHD-like zinc-binding domain
Q8NEZ4	[957, 981]	PHD-finger
Q8NEZ4	[1003, 1029]	PHD-finger
Q8NEZ4	[4391, 4414]	PHD-zinc-finger like domain
Q8TDW5	[53, 107]	FYVE-type zinc finger
Q96BY7	[1618, 1634]	Autophagy-related protein 2
Q96BY7	[1672, 1705]	Autophagy-related protein 2
Q9BQS8	[1168, 1190]	FYVE zinc finger
Q9BQS8	[1207, 1235]	FYVE zinc finger
Q9Y383	[32, 53]	LUC7 N_terminus
P38936	[2, 43]	Cyclin-dependent kinase inhibitor
P83881	[61, 97]	Ribosomal protein L44
Q02386	[183, 206]	Zinc finger, C2H2 type
Q13285	[31, 82]	Double treble clef zinc finger, C4 type
Q3MIR4	[65, 85]	LEM3 (ligand-effect modulator 3) family / CDC50 family
Q8IWB7	[305, 329]	FYVE zinc finger
Q8TDE3	[39, 59]	Pancreatic ribonuclease
Q8TDE3	[77, 144]	Pancreatic ribonuclease
Q9H8W5	[208, 231]	B-box zinc finger
Q9HBF4	[595, 663]	FYVE zinc finger
Q9HBF4	[710, 776]	FYVE zinc finger
Q9HC84	[929, 950]	von Willebrand factor type D domain
Q9HC84	[1361, 1441]	Mucin-2 protein WxxW repeating region
Q9HC84	[1530, 1612]	Mucin-2 protein WxxW repeating region
Q9HC84	[1811, 1894]	Mucin-2 protein WxxW repeating region
Q9HC84	[2341, 2423]	Mucin-2 protein WxxW repeating region
Q9HC84	[2898, 2980]	Mucin-2 protein WxxW repeating region
Q9HC84	[3598, 3680]	Mucin-2 protein WxxW repeating region
Q9HC84	[4155, 4237]	Mucin-2 protein WxxW repeating region
Q9UJL9	[270, 321]	Zinc-finger double domain
Q9UKZ4	[66, 93]	Teneurin Intracellular Region
Q9UKZ4	[156, 177]	Teneurin Intracellular Region
Q9UKZ4	[524, 843]	Teneurin EGF domain
Q9UKZ4	[1465, 1488]	Teneurin NHL domain
Q9Y3A3	[84, 103]	Mob1/phocein family
Q13253	[178, 193]	Noggin
Q15303	[175, 273]	Furin-like cysteine rich region
Q15303	[295, 343]	Furin-like cysteine rich region
Q15303	[485, 641]	Growth factor receptor domain IV
Q16568	[74, 104]	Cocaine and amphetamine regulated transcript protein (CART)
Q5BLP8	[37, 79]	Neuropeptide-like
Q5TA78	[0, 98]	Late cornified envelope
Q6UWX4	[111, 139]	Folate receptor family
Q70Z44	[351, 368]	Neurotransmitter-gated ion-channel transmembrane region
Q86X76	[48, 69]	Carbon-nitrogen hydrolase
Q86X76	[161, 185]	Carbon-nitrogen hydrolase
Q8IZD2	[110, 172]	PhD finger domain
Q8WXI4	[76, 93]	Thioesterase superfamily
Q93099	[3, 52]	Homogentisate 1,2-dioxygenase N-terminal
Q96BD0	[498, 514]	Kazal-type serine protease inhibitor domain
Q96KR1	[322, 349]	Zinc-finger of C2H2 type
Q96KR1	[373, 400]	Zinc-finger of C2H2 type
Q9GZU2	[962, 986]	Zinc finger, C2H2 type
Q9GZU2	[1101, 1142]	Zinc finger, C2H2 type
Q9GZU2	[1154, 1177]	Zinc finger, C2H2 type
Q9GZU2	[1555, 1578]	Zinc finger, C2H2 type
Q9H8Y5	[677, 722]	Vms1-associating treble clef domain
Q9NP62	[97, 125]	GCM motif protein
Q9NZV8	[518, 539]	Domain of unknown function (DUF3399)
Q9UHD0	[117, 137]	Interleukin 10
Q9UHF7	[548, 624]	Trps1 zinc finger C2H2-type 4
A6NC86	[27, 63]	Phospholipase A2 inhibitor
O00585	[20, 41]	Small cytokines (intecrine/chemokine), interleukin-8 like
O95382	[63, 88]	Deoxyribohydrolase (DRHyd) domain of the ASK signalosome
O95996	[926, 954]	Armadillo-associated region on APC
P01591	[92, 140]	Immunoglobulin J chain
P59991	[0, 52]	PMG protein
P59991	[66, 137]	PMG protein
Q13907	[75, 95]	NUDIX domain
Q86VZ4	[126, 150]	MANEC domain
Q86VZ4	[322, 353]	Low-density lipoprotein receptor domain class A
Q8N6G6	[45, 194]	ADAMTS cysteine-rich domain
Q8N6G6	[336, 368]	Thrombospondin type 1 domain
Q8N6G6	[523, 541]	Thrombospondin type 1 domain
Q8N6G6	[556, 593]	Thrombospondin type 1 domain
Q8N6G6	[1682, 1761]	Thrombospondin type 1 domain
Q8TE60	[442, 462]	Reprolysin (M12B) family zinc metalloprotease
Q8TE60	[485, 502]	Reprolysin (M12B) family zinc metalloprotease
Q8TE60	[544, 571]	ADAMTS cysteine-rich domain 2
Q8TE60	[602, 655]	Thrombospondin type 1 domain
Q8TE60	[701, 743]	ADAMTS cysteine-rich domain
Q9H977	[287, 307]	WDR54
Q9NSV4	[676, 696]	Formin Homology 2 Domain
B2RTY4	[2032, 2056]	Phorbol esters/diacylglycerol binding domain (C1 domain)
O15304	[58, 84]	Cd27 binding protein (Siva)
O15304	[103, 174]	Cd27 binding protein (Siva)
O75382	[29, 71]	Zinc finger, C3HC4 type (RING finger)
O75382	[104, 147]	B-box zinc finger
P23771	[238, 296]	GATA zinc finger
P23771	[306, 350]	GATA zinc finger
P78552	[84, 133]	Interleukin-13 receptor subunit alpha Ig-like domain
Q05513	[37, 81]	PB1 domain
Q14258	[0, 71]	RING-type zinc-finger
Q5T7M9	[332, 361]	Protein-kinase domain of FAM69
Q63HR2	[35, 88]	Phorbol esters/diacylglycerol binding domain (C1 domain)
Q96NS5	[281, 296]	Ankyrin repeat
Q9BUH6	[0, 33]	PAXX, PAralog of XRCC4 and XLF, also called C9orf142
Q9H4P4	[15, 62]	Zinc finger, C3HC4 type (RING finger)
Q9P0K7	[90, 123]	Ankyrin repeats (3 copies)
Q9P2Y4	[76, 99]	Zinc finger, C2H2 type
Q9P2Y4	[296, 316]	Zinc finger, C2H2 type
Q9UDV6	[360, 399]	C2H2-type zinc finger
O43255	[84, 123]	E3 ubiquitin-protein ligase sina/sinah, RING finger
O43255	[143, 180]	Sina, zinc finger
P00734	[251, 300]	Kringle domain
P05556	[17, 84]	Integrin plexin domain
Q12873	[351, 432]	PHD-finger
Q12873	[448, 503]	PHD-finger
Q5T1A1	[602, 622]	E3 ubiquitin-protein ligase DCST1-like, C-terminal RING domain
Q8IYU2	[161, 191]	Ankyrin repeats (many copies)
Q92537	[38, 60]	Sushi repeat (SCR repeat)
Q96RI1	[126, 226]	Double treble clef zinc finger, C4 type
Q9H2U9	[339, 373]	Reprolysin (M12B) family zinc metalloprotease
Q9H2U9	[401, 583]	ADAM cysteine-rich
Q9H324	[360, 382]	Reprolysin (M12B) family zinc metalloprotease
Q9H324	[398, 418]	Reprolysin (M12B) family zinc metalloprotease
Q9H324	[652, 714]	ADAMTS cysteine-rich domain
Q9Y6L6	[448, 474]	Organic Anion Transporter Polypeptide (OATP) family
A8MTI9	[224, 248]	Trypsin
B1AKI9	[222, 270]	Thrombospondin type 1 domain
B1AKI9	[310, 332]	AMOP domain
B1AKI9	[377, 395]	AMOP domain
O00470	[96, 112]	TALE/MEIS homeobox family N-terminal domain
O15162	[137, 195]	Scramblase
P02458	[21, 97]	von Willebrand factor type C domain
P02458	[1304, 1325]	Fibrillar collagen C-terminal domain
P20023	[267, 285]	Sushi repeat (SCR repeat)
P20023	[297, 360]	Sushi repeat (SCR repeat)
P20023	[386, 419]	Sushi repeat (SCR repeat)
P20023	[545, 593]	Sushi repeat (SCR repeat)
P20023	[750, 799]	Sushi repeat (SCR repeat)
P20023	[821, 860]	Sushi repeat (SCR repeat)
P20023	[941, 967]	Sushi repeat (SCR repeat)
P21675	[1276, 1297]	Zinc knuckle
P36980	[103, 158]	Sushi repeat (SCR repeat)
P36980	[175, 211]	Sushi repeat (SCR repeat)
P36980	[246, 269]	Sushi repeat (SCR repeat)
P55001	[86, 114]	Microfibril-associated glycoprotein (MAGP)
Q3B820	[389, 435]	Protein FAM161A/B
Q3B820	[490, 520]	Protein FAM161A/B
Q8N8A2	[388, 446]	Ankyrin repeats (3 copies)
Q8ND04	[557, 585]	Smg8_Smg9
Q8ND04	[600, 651]	Smg8_Smg9
Q9BV68	[2, 41]	zinc-ribbon
Q9BV68	[218, 278]	Ring finger domain
O43345	[684, 735]	Zinc-finger double domain
O43374	[684, 713]	BTK motif
P02768	[104, 134]	Serum albumin family
P02768	[280, 322]	Serum albumin family
P02768	[450, 474]	Serum albumin family
P02768	[487, 514]	Serum albumin family
P15692	[252, 283]	PDGF/VEGF domain
P15692	[294, 319]	PDGF/VEGF domain
P15692	[335, 394]	VEGF heparin-binding domain
Q5VYJ5	[431, 476]	Low-density lipoprotein receptor domain class A
Q5VYJ5	[1039, 1089]	Low-density lipoprotein receptor domain class A
Q5VYJ5	[1251, 1301]	Low-density lipoprotein receptor domain class A
Q6P5X5	[30, 74]	Synaptic plasticity regulator PANTS-like
Q6S5L8	[313, 330]	Phosphotyrosine interaction domain (PTB/PID)
Q7Z7B7	[21, 47]	Beta defensin
Q8IWS0	[71, 137]	PHD-like zinc-binding domain
Q8IWS0	[269, 313]	PHD-like zinc-binding domain
Q8N660	[357, 384]	Olduvai domain
Q8N660	[507, 541]	Olduvai domain
Q8N819	[319, 334]	Protein serine/threonine phosphatase 2C, C-terminal domain
Q8WXB4	[420, 442]	Zinc finger, C2H2 type
Q9BYM8	[271, 292]	RING-type zinc-finger
Q9BYM8	[304, 329]	RING-type zinc-finger
Q9H1B7	[703, 773]	IRF-2BP1/2 C3HC4 zinc finger domain
Q9H8H0	[546, 580]	Nucleolar protein 11 C-terminal domain
Q9UHI8	[360, 394]	Reprolysin (M12B) family zinc metalloprotease
Q9UHI8	[671, 732]	ADAMTS cysteine-rich domain
Q9UHI8	[870, 966]	Thrombospondin type 1 domain
P16562	[162, 242]	Crisp
P23229	[660, 680]	Integrin alpha Ig-like domain 2
P48742	[29, 44]	LIM domain
P48742	[60, 75]	LIM domain
Q15257	[83, 103]	Phosphotyrosyl phosphate activator (PTPA) protein
Q8IZF7	[70, 144]	ADGRF2P-like, N-terminal domain
Q93086	[118, 156]	ATP P2X receptor
Q9BYV2	[67, 83]	RING-type zinc-finger
Q9BYV2	[115, 140]	B-box zinc finger
Q9H091	[315, 341]	MYND finger
Q9NVR0	[642, 660]	Calicin, beta-propeller domain
Q9NX47	[20, 35]	RING-variant domain
Q9UG22	[178, 202]	AIG1 family
P01130	[665, 707]	Coagulation Factor Xa inhibitory site
P07942	[728, 751]	Laminin IV type B domain
P28325	[94, 116]	Cystatin domain
P48995	[187, 204]	Transient receptor ion channel II
P78536	[412, 432]	Metallo-peptidase family M12B Reprolysin-like
P78536	[625, 641]	Membrane-proximal domain, switch, for ADAM17
Q09328	[638, 656]	Glycosyltransferase family 18
Q09328	[714, 731]	Glycosyltransferase family 18
Q13105	[606, 628]	Zinc finger, C2H2 type
Q2M3W8	[368, 408]	Zinc finger, C2H2 type
Q5VZI3	[311, 328]	Domain of unknown function (DUF4481)
Q8N2G4	[93, 119]	u-PAR/Ly-6 domain
Q96P50	[407, 432]	Putative GTPase activating protein for Arf
Q99973	[2043, 2076]	TEP-1 second beta-propeller
Q9BR84	[232, 255]	Zinc finger, C2H2 type
Q9NVM4	[623, 649]	Arginine methyltransferase oligomerization subdomain
Q9Y4E5	[780, 819]	Two consecutive Zinc fingers C2H2 type, ZNF451
O14682	[457, 478]	KLHDC2/KLHL20/DRC7 Kelch-repeats domain
O43278	[76, 92]	MANEC domain
O43278	[417, 446]	Kunitz/Bovine pancreatic trypsin inhibitor domain
O43805	[12, 36]	Microtubule nucleation factor SSNA1
O60942	[86, 110]	Dual specificity phosphatase, catalytic domain
P10909	[284, 314]	Clusterin
P14555	[45, 76]	Phospholipase A2
P14555	[93, 143]	Phospholipase A2
P21709	[359, 395]	Fibronectin type III domain
P29375	[326, 354]	PHD-finger
P29375	[694, 718]	C5HC2 zinc finger
Q13641	[51, 77]	Leucine rich repeat N-terminal domain
Q6Q6R5	[0, 65]	LIM domain
Q6Q6R5	[112, 185]	LIM domain
Q8IWU5	[649, 671]	Sulfatase protein
Q8N339	[0, 60]	Metallothionein
Q8TE57	[698, 752]	ADAMTS cysteine-rich domain
Q8TE57	[1206, 1223]	PLAC (protease and lacunin) domain
Q92908	[379, 423]	GATA zinc finger
Q92908	[433, 477]	GATA zinc finger
Q9BQ83	[174, 260]	Structure-specific endonuclease subunit SLX1, C-terminal
Q9BUZ4	[14, 51]	Zinc finger, C3HC4 type (RING finger)
O14775	[103, 120]	G protein beta WD-40 repeat protein
O43361	[547, 570]	C2H2-type zinc finger
O43361	[603, 645]	Zinc finger, C2H2 type
P0C7P0	[87, 118]	Iron-binding zinc finger CDGSH type
P47989	[37, 54]	2Fe-2S iron-sulfur cluster binding domain
P47989	[102, 125]	[2Fe-2S] binding domain
Q6N021	[1347, 1405]	Oxygenase domain of the 2OGFeDO superfamily
Q8WXE9	[124, 147]	Stonin 2
Q96T68	[341, 365]	Pre-SET motif
Q9UII5	[95, 137]	Zinc finger, C2H2 type
P01185	[20, 163]	Neurohypophysial hormones, C-terminal Domain
P10643	[598, 623]	Sushi repeat (SCR repeat)
P49763	[72, 103]	PDGF/VEGF domain
P49763	[117, 139]	PDGF/VEGF domain
Q05516	[461, 478]	C2H2-type zinc finger
Q30KQ9	[27, 57]	Beta defensin
Q5T4W7	[139, 163]	Transforming growth factor beta like domain
Q5T4W7	[176, 197]	Transforming growth factor beta like domain
Q6UWJ8	[51, 120]	Multi-glycosylated core protein 24 (MGC-24), sialomucin
Q6UXZ4	[259, 302]	Thrombospondin type 1 domain
Q6UXZ4	[321, 368]	Thrombospondin type 1 domain
Q6ZNM6	[0, 21]	Sperm-associated microtubule inner protein 10
Q96T51	[637, 707]	FYVE zinc finger
Q9GZZ7	[22, 141]	GDNF/GAS1 domain
Q9GZZ7	[206, 237]	GDNF/GAS1 domain
Q9HB63	[21, 49]	Laminin N-terminal (Domain VI)
Q9HB63	[63, 87]	Laminin N-terminal (Domain VI)
Q9HB63	[223, 245]	Laminin N-terminal (Domain VI)
Q9UGR2	[890, 918]	Zinc finger C-x8-C-x5-C-x3-H type (and similar)
Q9Y2X7	[0, 29]	Putative GTPase activating protein for Arf
O75147	[1868, 1889]	Immunoglobulin I-set domain
O75369	[1075, 1096]	Filamin/ABP280 repeat
P08294	[196, 222]	Copper/zinc superoxide dismutase (SODC)
P35637	[422, 449]	Zn-finger in Ran binding protein and others
P52735	[559, 581]	Phorbol esters/diacylglycerol binding domain (C1 domain)
Q4KMG9	[67, 91]	Transmembrane 52
Q4VX76	[51, 77]	FYVE-type zinc finger
Q96QT4	[1801, 1824]	Alpha-kinase family
Q9BQG2	[284, 316]	NADH pyrophosphatase zinc ribbon domain
Q9BSG5	[28, 93]	Folate receptor family
Q9BSG5	[113, 190]	Folate receptor family
Q9NY12	[75, 95]	Gar1/Naf1 RNA binding region
Q9Y3Y4	[332, 404]	Pygopus, PHD-type zinc finger
A6NCL2	[72, 158]	Colipase-like
O15105	[114, 144]	MH1 domain
O15105	[168, 234]	MH1 domain
P49116	[109, 186]	Double treble clef zinc finger, C4 type
Q02487	[860, 881]	Cadherin, Y-type LIR-motif
Q14515	[422, 508]	Kazal-type serine protease inhibitor domain
Q6EMK4	[403, 448]	EGF-like domain
Q7Z698	[298, 373]	Sprouty protein (Spry)
Q7Z698	[397, 417]	Sprouty protein (Spry)
Q86TM6	[312, 338]	Ring finger domain
Q8NDY4	[103, 139]	MDS2-like, C-terminal domain
Q92766	[1237, 1257]	Zinc finger, C2H2 type
Q9C029	[27, 90]	zinc finger of C3HC4-type, RING
Q9C029	[116, 161]	B-box zinc finger
Q9UIG8	[459, 482]	Organic Anion Transporter Polypeptide (OATP) family
Q9ULV8	[351, 392]	Zinc finger, C3HC4 type (RING finger)
Q9UPW8	[576, 612]	Phorbol esters/diacylglycerol binding domain (C1 domain)
Q9Y2K7	[560, 684]	PHD-finger
Q9Y6N6	[20, 86]	Laminin N-terminal (Domain VI)
Q9Y6R7	[605, 620]	von Willebrand factor type D domain
Q9Y6R7	[996, 1012]	von Willebrand factor type D domain
Q9Y6R7	[1383, 1399]	von Willebrand factor type D domain
Q9Y6R7	[1694, 1713]	von Willebrand factor type D domain
Q9Y6R7	[1807, 1824]	von Willebrand factor type D domain
Q9Y6R7	[1847, 1924]	C8 domain
Q9Y6R7	[2585, 2600]	von Willebrand factor type D domain
Q9Y6R7	[3008, 3025]	von Willebrand factor type D domain
Q9Y6R7	[3786, 3801]	von Willebrand factor type D domain
Q9Y6R7	[4209, 4226]	von Willebrand factor type D domain
O00555	[270, 290]	Ion transport protein
O43612	[29, 52]	Prepro-orexin
O43612	[99, 124]	Prepro-orexin
P08861	[203, 236]	Trypsin
P53355	[569, 597]	Ankyrin repeats (3 copies)
Q1L5Z9	[465, 491]	Zinc finger, C3HC4 type (RING finger)
Q5HYJ3	[0, 140]	FAM76 protein
Q5U5Q3	[597, 656]	Zinc finger, C3HC4 type (RING finger)
Q7Z4M0	[29, 54]	Meiotic recombination protein REC114-like
Q7Z7K0	[20, 55]	Cytochrome c oxidase biogenesis protein Cmc1 like
Q8IUX8	[214, 267]	Calcium-binding EGF domain
Q8IVN8	[157, 226]	SBSPON-like, C-terminal
Q8IZL8	[589, 640]	PELP1, middle domain
Q8TE58	[325, 354]	Reprolysin (M12B) family zinc metalloprotease
Q8TE58	[415, 431]	Reprolysin (M12B) family zinc metalloprotease
Q8TE58	[638, 687]	ADAMTS cysteine-rich domain
Q9BYT5	[0, 122]	Keratin, high sulfur B2 protein
A0JNW5	[474, 489]	Bridge-like lipid transfer protein family member 3A/B
P15918	[195, 223]	RAG1 importin binding
P15918	[357, 372]	Recombination-activating protein 1 zinc-finger domain
P49790	[653, 690]	Zn-finger in Ran binding protein and others
P49790	[717, 762]	Zn-finger in Ran binding protein and others
P49790	[788, 825]	Zn-finger in Ran binding protein and others
P49790	[846, 883]	Zn-finger in Ran binding protein and others
P49863	[190, 226]	Trypsin
P52743	[64, 106]	Zinc finger, C2H2 type
P52743	[147, 170]	Zinc finger, C2H2 type
Q6UXB0	[242, 267]	Putative cell signalling
Q6UXB0	[303, 341]	Putative cell signalling
Q8NAC3	[395, 417]	Interleukin-17 receptor extracellular region
Q8NAC3	[473, 495]	Interleukin-17 receptor extracellular region
Q9C0K0	[47, 97]	BCL-11A-like CCHC zinc finger
Q9C0K0	[446, 469]	Zinc finger, C2H2 type
Q9NSC2	[996, 1015]	Zinc-finger of C2H2 type
Q9NYP9	[118, 139]	Yippee zinc-binding/DNA-binding /Mis18, centromere assembly
O60259	[134, 243]	Trypsin
P31689	[123, 205]	DnaJ central domain
Q07352	[109, 144]	Zinc finger C-x8-C-x5-C-x3-H type (and similar)
Q14190	[569, 590]	Single-minded protein C-terminus
Q5VTT5	[411, 439]	Fibronectin type III domain
Q6VVB1	[26, 52]	zinc-RING finger domain
Q6VVB1	[62, 85]	zinc-RING finger domain
Q86SG6	[489, 505]	RCC1-like domain
Q86SG6	[662, 683]	RCC1-like domain
Q8IW19	[368, 394]	PBZ domain
Q8IZC7	[160, 185]	Zinc finger, C2H2 type
Q8WUP2	[172, 257]	LIM domain
Q8WUP2	[302, 372]	LIM domain
Q96B54	[155, 175]	Zinc finger protein 428
Q96H15	[51, 68]	Immunoglobulin V-set domain
Q96PX6	[168, 203]	CCDC85 family
Q9H2X0	[66, 134]	von Willebrand factor type C domain
Q9H2X0	[694, 793]	von Willebrand factor type C domain
Q9HAZ2	[221, 249]	C2H2-type zinc finger
Q9HCM2	[499, 565]	Plexin repeat
Q9HCM2	[662, 702]	Plexin A/B, PSI domain
Q9HCM2	[727, 771]	TIG domain found in plexin
Q9HCM2	[793, 864]	Plexin repeat
Q9NVW2	[559, 617]	Ring finger domain
Q9NXJ5	[79, 117]	Pyroglutamyl peptidase
Q9UBC3	[423, 454]	DNMT3, cysteine rich ADD domain, GATA1-like zinc finger
Q9UPA5	[159, 227]	Piccolo Zn-finger
Q9UPA5	[454, 524]	Piccolo Zn-finger
Q9Y5Y2	[188, 208]	NUBPL iron-transfer P-loop NTPase
A0A8Q3WKH5	[0, 26]	Core histone H2A/H2B/H3/H4 domain
O43463	[178, 204]	Pre-SET motif
O95625	[563, 611]	C2H2-type zinc finger
O95625	[670, 693]	Zinc finger, C2H2 type
O95625	[848, 872]	Zinc finger, C2H2 type
O95625	[905, 928]	Zinc finger, C2H2 type
P02749	[116, 144]	Sushi repeat (SCR repeat)
P02749	[176, 214]	Sushi repeat (SCR repeat)
P02749	[231, 273]	Sushi repeat (SCR repeat)
P02749	[291, 323]	Beta-2-glycoprotein-1 fifth domain
P04004	[19, 67]	Somatomedin B domain
P48059	[0, 24]	LIM domain
P48059	[109, 136]	LIM domain
P48059	[150, 205]	LIM domain
P49754	[819, 847]	Vps41 C-terminal RING finger domain
Q13231	[409, 462]	Chitin binding Peritrophin-A domain
Q14061	[12, 62]	Cytochrome C oxidase copper chaperone (COX17)
Q16609	[66, 114]	Kringle domain
Q30KQ4	[29, 77]	Beta defensin
Q5JQC9	[505, 532]	A-kinase anchor protein 110 kDa (AKAP 110)
Q5JQC9	[555, 596]	A-kinase anchor protein 110 kDa (AKAP 110)
Q5JQC9	[634, 694]	A-kinase anchor protein 110 kDa (AKAP 110)
Q86V15	[536, 567]	CASZ1-like, zinc finger
Q86V15	[584, 634]	CASZ1-like, zinc finger
Q86V15	[1158, 1174]	CASZ1-like, zinc finger
Q86V15	[1190, 1211]	CASZ1-like, zinc finger
Q86V15	[1275, 1301]	CASZ1-like, zinc finger
Q86V15	[1460, 1479]	CASZ1-like, zinc finger
Q8NAX2	[91, 121]	Domain of unknown function (DUF4656)
Q8NAX2	[176, 197]	Domain of unknown function (DUF4656)
Q9NT68	[5, 41]	Teneurin Intracellular Region
Q9NT68	[76, 106]	Teneurin Intracellular Region
Q9NT68	[565, 888]	Teneurin EGF domain
Q9NT68	[1511, 1537]	Teneurin NHL domain
Q9P0P0	[65, 95]	Ring finger domain
Q9P0P0	[108, 125]	Ring finger domain
Q9UGK8	[124, 148]	RCC1-like domain
Q9UGK8	[307, 344]	RCC1-like domain
Q9UIW2	[509, 561]	Plexin repeat
Q9UIW2	[596, 626]	TIG domain
Q9UIW2	[812, 870]	Plexin repeat
A6NFZ4	[50, 104]	FAM24 family
A6NMD2	[607, 625]	GM130 C-terminal binding motif
O75478	[6, 28]	ADA2 ZZ-type zing finger
O75478	[93, 113]	Myb-like DNA-binding domain
O95813	[158, 218]	DAN domain
P04054	[51, 79]	Phospholipase A2
P04054	[96, 147]	Phospholipase A2
P04233	[251, 280]	Thyroglobulin type-1 repeat
P13056	[147, 209]	Double treble clef zinc finger, C4 type
P24592	[179, 224]	Thyroglobulin type-1 repeat
P36897	[82, 115]	Activin types I and II receptor domain
P40394	[99, 130]	Alcohol dehydrogenase GroES-like domain
P56192	[406, 431]	tRNA synthetases class I (M)
Q13875	[15, 72]	FYVE-type zinc finger
Q2UY09	[1061, 1124]	Kunitz/Bovine pancreatic trypsin inhibitor domain
Q3KNT7	[90, 105]	16S rRNA methyltransferase RsmB/F
Q8TAT5	[319, 349]	Zn-finger in Ran binding protein and others
Q8TAT5	[496, 537]	GRF zinc finger
Q96MM3	[236, 253]	Zinc finger, C2H2 type
Q96MM3	[266, 291]	Zinc finger, C2H2 type
Q96QF0	[389, 405]	Rabin 8-like C-terminal domain
Q9P2Z0	[0, 19]	THAP domain
A6NP61	[250, 307]	Zinc-binding domain
O14633	[0, 109]	Late cornified envelope
O95600	[325, 348]	Zinc finger, C2H2 type
P05106	[21, 77]	Integrin plexin domain
P05997	[30, 105]	von Willebrand factor type C domain
P15509	[65, 82]	IL-3 receptor alpha chain N-terminal domain
P41439	[26, 75]	Folate receptor family
P42127	[82, 126]	Agouti protein
P43354	[252, 332]	Double treble clef zinc finger, C4 type
Q2I0M5	[64, 205]	Furin-like repeat, cysteine-rich
Q7RTZ1	[222, 249]	Trypsin
Q96C12	[133, 150]	ARMC5
Q96C12	[177, 204]	ARMC5
Q9BZJ3	[207, 241]	Trypsin
Q9GZM7	[254, 271]	Papain family cysteine protease
Q9NS23	[95, 115]	Phorbol esters/diacylglycerol binding domain (C1 domain)
O43865	[377, 404]	S-adenosyl-L-homocysteine hydrolase, NAD binding domain
O60320	[142, 161]	CD20-like family
O95409	[254, 316]	Zic proteins zinc finger domain
P07911	[212, 233]	Uromodulin-like, D8C domain
P07911	[572, 587]	ZP-C domain
P0C7V4	[36, 72]	Zinc knuckle
P29317	[355, 388]	Fibronectin type III domain
P48443	[128, 208]	Double treble clef zinc finger, C4 type
P54317	[309, 332]	Lipase
Q5SNT2	[55, 79]	Ima1 N-terminal domain
Q5SNT2	[110, 126]	Ima1 N-terminal domain
Q5VUJ5	[585, 607]	Ankyrin repeats (3 copies)
Q5XPI4	[1256, 1284]	Zinc finger, C3HC4 type (RING finger)
Q6UWH4	[340, 360]	FAM198 protein
Q6UWH4	[383, 407]	FAM198 protein
Q6UXU6	[34, 49]	WW domain-binding protein 1
Q6UXU6	[77, 103]	WW domain-binding protein 1
Q8NFU7	[580, 633]	CXXC zinc finger domain
Q8NFU7	[1637, 1687]	Oxygenase domain of the 2OGFeDO superfamily
Q9H2R5	[120, 147]	Trypsin
Q9H2R5	[158, 245]	Trypsin
A0A183	[6, 79]	Late cornified envelope protein 6A family
O60486	[448, 500]	Plexin repeat
O95256	[141, 186]	Immunoglobulin domain
O95271	[815, 839]	Ankyrin repeats (3 copies)
O95271	[1224, 1244]	Poly(ADP-ribose) polymerase catalytic domain
P35125	[1266, 1290]	Ubiquitin carboxyl-terminal hydrolase
P35125	[1334, 1357]	Ubiquitin carboxyl-terminal hydrolase
P47974	[63, 96]	Tis11B like protein, N terminus
Q03181	[50, 133]	Double treble clef zinc finger, C4 type
Q53H47	[63, 132]	Pre-SET motif
Q5VV63	[212, 227]	Teneurin-like EGF domain
Q86T96	[453, 470]	Zinc finger, C3HC4 type (RING finger)
Q86Y97	[183, 243]	SET domain
Q8TAA1	[86, 108]	Pancreatic ribonuclease
Q8TAA1	[126, 172]	Pancreatic ribonuclease
Q96JH7	[38, 82]	VCIP135 N-terminal
Q9BV36	[53, 108]	FYVE-type zinc finger
Q9H0H5	[289, 342]	Phorbol esters/diacylglycerol binding domain (C1 domain)
Q9HA38	[138, 161]	Zinc-finger of C2H2 type
O95639	[234, 267]	Zinc knuckle
P13671	[678, 711]	Sushi repeat (SCR repeat)
P36894	[50, 74]	Activin types I and II receptor domain
P36894	[93, 134]	Activin types I and II receptor domain
Q14192	[0, 18]	FHL2/3 N-terminal LIM domain
Q15195	[41, 64]	PAN domain
Q16655	[56, 102]	Protein melan-A
Q6FIF0	[3, 42]	A20-like zinc finger
Q6FIF0	[138, 190]	AN1-like Zinc finger
Q92830	[104, 159]	PCAF (P300/CBP-associated factor) N-terminal domain
Q99795	[200, 227]	Immunoglobulin domain
A8K7I4	[176, 214]	Calcium-activated chloride channel N terminal
P02751	[75, 151]	Fibronectin type I domain
P02751	[532, 570]	Fibronectin type I domain
P02751	[2325, 2395]	Fibronectin type I domain
P05111	[316, 337]	Transforming growth factor beta like domain
P29400	[1667, 1684]	C-terminal tandem repeated domain in type 4 procollagen
Q6ZTA4	[197, 247]	ANCHR-like B-box zinc-binding domain
Q6ZTA4	[270, 335]	B-box zinc finger
Q8IX07	[281, 317]	Zinc finger, C2H2 type
Q8IX07	[968, 988]	ZFPM2-like CCHC zinc finger
Q8NHM5	[602, 732]	PHD-finger
Q8TEC5	[24, 58]	Ring finger domain
Q8WYN3	[201, 259]	Cysteine/serine-rich nuclear protein N-terminus
Q92570	[281, 361]	Double treble clef zinc finger, C4 type
Q96A22	[0, 22]	Domain of unknown function (DUF4578)
Q9HB58	[450, 497]	SAND domain
A8MX19	[36, 72]	Zinc knuckle
O43897	[567, 627]	Coagulation Factor Xa inhibitory site
O43897	[723, 783]	Coagulation Factor Xa inhibitory site
O75469	[6, 111]	Double treble clef zinc finger, C4 type
P0C5Y4	[0, 120]	Keratin, high sulfur B2 protein
Q86Y13	[1138, 1196]	Ring finger domain
Q8IUK5	[295, 323]	Plexin repeat
Q8IZJ4	[265, 290]	RasGEF domain
Q8N1H7	[26, 85]	Six6 opposite strand transcript 1 family
Q8WV44	[9, 50]	zinc finger of C3HC4-type, RING
Q96BQ3	[36, 64]	zinc finger of C3HC4-type, RING
A0AAG2UUX9	[542, 601]	EGF-like domain
O95867	[26, 46]	u-PAR/Ly-6 domain
O95867	[63, 107]	u-PAR/Ly-6 domain
P22532	[0, 71]	Small proline-rich 2
Q06481	[69, 86]	Amyloid A4 N-terminal heparin-binding
Q06481	[108, 123]	Amyloid A4 N-terminal heparin-binding
Q06481	[149, 174]	Copper-binding of amyloid precursor, CuBD
Q06481	[191, 212]	Copper-binding of amyloid precursor, CuBD
Q06481	[337, 365]	Kunitz/Bovine pancreatic trypsin inhibitor domain
Q13480	[107, 124]	PH domain
Q7Z4K8	[22, 65]	RING-type zinc-finger
Q7Z4K8	[216, 258]	B-box zinc finger
Q96C01	[24, 95]	Eukaryotic protein of unknown function (DUF842)
Q96PH6	[21, 64]	Beta defensin
Q9H0M5	[185, 202]	Zinc finger, C2H2 type
Q9NZV6	[60, 83]	SelR domain
Q9Y2I6	[704, 724]	Ninein long Coiled-coil domain
A8MXD5	[228, 249]	GRXCR1/2, C-terminal domain
A8MXD5	[262, 289]	GRXCR1/2, C-terminal domain
Q13219	[578, 626]	Pregnancy-associated plasma protein-A
Q13219	[637, 654]	Pregnancy-associated plasma protein-A
Q13219	[764, 779]	Pappalysin-1, SD scarf domain, C-terminal
Q5JRC9	[18, 38]	FAM47 family
Q8IUC0	[28, 108]	PMG protein
Q8IUC0	[152, 167]	PMG protein
Q8N7C3	[8, 58]	B-box zinc finger
Q8ND82	[702, 736]	Z280C/D-like C2H2 zinc finger
Q8TAT2	[48, 108]	FGF binding protein 1 (FGF-BP1)
Q9UBN7	[518, 548]	Histone deacetylase domain
C9JPN9	[101, 135]	Ubiquitin carboxyl-terminal hydrolase
O43916	[155, 178]	Sulfotransferase domain
O95389	[15, 105]	Insulin-like growth factor binding protein
O95389	[213, 279]	CCN3 Nov like TSP1 domain
O95389	[291, 318]	Cystine-knot domain
P29074	[760, 782]	Protein-tyrosine phosphatase
P62979	[110, 136]	Ribosomal protein S27a
Q2MKA7	[70, 215]	Furin-like repeat, cysteine-rich
Q5CZA5	[362, 379]	Zinc finger, C2H2 type
Q5T0T0	[69, 102]	RING-variant domain
Q6KF10	[408, 427]	Transforming growth factor beta like domain
Q92793	[356, 439]	TAZ zinc finger
Q92793	[1272, 1288]	Histone acetyltransferase p300-like, PHD domain
Q92793	[1697, 1721]	Zinc finger, ZZ type
Q92793	[1752, 1853]	TAZ zinc finger
Q96MA1	[0, 49]	DM DNA binding domain
Q9UGI0	[16, 36]	Zn-finger in Ran binding protein and others
Q9UP38	[177, 236]	Fz domain
P08575	[249, 297]	Leukocyte receptor CD45
P11678	[246, 272]	Animal haem peroxidase
Q8NCR6	[171, 258]	Spermatid-specific manchette-related protein 1
Q8TBZ8	[94, 117]	Zinc finger, C2H2 type
Q8WTW4	[337, 365]	Nitrogen permease regulator 2
Q8WUU8	[217, 238]	Transmembrane protein 174
Q969Q0	[61, 97]	Ribosomal protein L44
Q96MP5	[62, 79]	Zinc finger SWIM domain-containing protein 3, N-terminal
Q96MP5	[536, 555]	SWIM zinc finger
Q9UKF2	[342, 365]	Reprolysin (M12B) family zinc metalloprotease
Q9Y6Q6	[169, 203]	TNFR/NGFR cysteine-rich region
O76071	[302, 331]	WD domain, G-beta repeat
P20851	[63, 90]	Sushi repeat (SCR repeat)
P20851	[113, 148]	Sushi repeat (SCR repeat)
P31271	[142, 164]	Hox protein A13 N terminal
P39060	[396, 418]	Fz domain
P55211	[164, 189]	Caspase domain
Q4LDE5	[544, 578]	HYR domain
Q4LDE5	[1149, 1169]	Tyrosine-protein kinase ephrin type A/B receptor-like
Q4LDE5	[1837, 1859]	Sushi repeat (SCR repeat)
Q4LDE5	[1873, 1911]	Sushi repeat (SCR repeat)
Q4LDE5	[2003, 2030]	Sushi repeat (SCR repeat)
Q4LDE5	[2058, 2082]	Sushi repeat (SCR repeat)
Q4LDE5	[2176, 2273]	Sushi repeat (SCR repeat)
Q4LDE5	[2296, 2332]	Sushi repeat (SCR repeat)
Q4LDE5	[2414, 2449]	Sushi repeat (SCR repeat)
Q4LDE5	[2469, 2499]	Sushi repeat (SCR repeat)
Q4LDE5	[2521, 2565]	Sushi repeat (SCR repeat)
Q4LDE5	[2689, 2784]	Sushi repeat (SCR repeat)
Q4LDE5	[2801, 2843]	Sushi repeat (SCR repeat)
Q4LDE5	[2873, 2900]	Sushi repeat (SCR repeat)
Q4LDE5	[2919, 2961]	Sushi repeat (SCR repeat)
Q4LDE5	[2975, 3027]	Sushi repeat (SCR repeat)
Q4LDE5	[3046, 3073]	Sushi repeat (SCR repeat)
Q4LDE5	[3104, 3190]	Sushi repeat (SCR repeat)
Q4LDE5	[3261, 3364]	Sushi repeat (SCR repeat)
Q4LDE5	[3386, 3428]	Sushi repeat (SCR repeat)
Q5T7P3	[0, 117]	Late cornified envelope
Q7RTZ2	[105, 131]	Ubiquitin carboxyl-terminal hydrolase
Q7RTZ2	[174, 189]	Ubiquitin carboxyl-terminal hydrolase
Q7Z2W4	[62, 93]	PARP12-like CCCH zinc finger tandem
Q96DX7	[179, 207]	B-box zinc finger
Q96S99	[147, 184]	FYVE zinc finger
Q96S99	[201, 216]	FYVE zinc finger
Q9BVG3	[39, 60]	zinc finger of C3HC4-type, RING
Q9NPF7	[62, 86]	Interleukin 23 subunit alpha
Q9UJJ7	[120, 147]	RNA pseudouridylate synthase
A6NGG8	[392, 421]	Retinal protein
D6RBM5	[101, 135]	Ubiquitin carboxyl-terminal hydrolase
G3V0H7	[405, 427]	Organic Anion Transporter Polypeptide (OATP) family
P12724	[80, 101]	Pancreatic ribonuclease
P12724	[113, 147]	Pancreatic ribonuclease
P41223	[99, 143]	Pre-mRNA-splicing factor BUD31
P52757	[244, 271]	Phorbol esters/diacylglycerol binding domain (C1 domain)
P60321	[52, 123]	Nanos RNA binding domain
P80294	[0, 60]	Metallothionein
Q03395	[209, 234]	Tetraspanin family
Q4ZG55	[77, 104]	GREB1 N-terminal domain
Q4ZG55	[327, 345]	GREB1, second domain
Q5VTB9	[538, 560]	Zinc finger, C3HC4 type (RING finger)
Q8N4A0	[496, 527]	Ricin-type beta-trefoil lectin domain
Q8N4A0	[541, 573]	Ricin-type beta-trefoil lectin domain
Q8TEF2	[58, 73]	Family of unknown function (DUF5527)
Q96AB6	[77, 98]	Protein N-terminal asparagine amidohydrolase
Q96EP1	[293, 359]	Zinc finger, C3HC4 type (RING finger)
Q96EP1	[465, 497]	Cysteine rich domain with multizinc binding regions
Q9NRP2	[3, 22]	Cytochrome c oxidase biogenesis protein Cmc1 like
A6NKC0	[36, 72]	Zinc knuckle
O75123	[395, 439]	Zinc finger, C2H2 type
O75197	[292, 335]	Coagulation Factor Xa inhibitory site
O75197	[902, 937]	Coagulation Factor Xa inhibitory site
P04141	[94, 115]	Granulocyte-macrophage colony-stimulating factor
P26358	[642, 700]	CXXC zinc finger domain
P26358	[1210, 1234]	C-5 cytosine-specific DNA methylase
P26358	[1465, 1502]	C-5 cytosine-specific DNA methylase
Q86TG1	[35, 66]	Frag1/DRAM/Sfk1/Cwh43P N-terminal domain
Q8IUC1	[0, 162]	PMG protein
Q8NA92	[0, 19]	THAP domain
Q8NA92	[36, 63]	THAP domain
Q8WZ42	[5943, 5972]	Immunoglobulin I-set domain
Q8WZ42	[6513, 6534]	Immunoglobulin I-set domain
Q8WZ42	[7454, 7477]	Immunoglobulin I-set domain
Q8WZ42	[8676, 8701]	Immunoglobulin I-set domain
Q8WZ42	[19232, 19261]	Fibronectin type III domain
Q9H6Y7	[237, 277]	Ring finger domain
Q9NQ75	[10, 35]	Variant SH3 domain
Q9NS62	[345, 401]	Thrombospondin type 1 domain
Q9UF33	[225, 252]	Ephrin cysteine rich domain
Q9UF33	[279, 337]	Tyrosine-protein kinase ephrin type A/B receptor-like
Q9UF33	[358, 389]	Fibronectin type III domain
Q9UKK9	[120, 136]	NUDIX domain
A6NMK8	[451, 474]	FAM196 family
A6NNY8	[179, 221]	Ubiquitin carboxyl-terminal hydrolase
A6NNY8	[255, 298]	Ubiquitin carboxyl-terminal hydrolase
P17936	[25, 115]	Insulin-like growth factor binding protein
P17936	[229, 290]	Thyroglobulin type-1 repeat
P18564	[20, 63]	Integrin plexin domain
P61568	[0, 18]	Retro-transcribing viruses envelope glycoprotein
Q52LG2	[31, 108]	PMG protein
Q52LG2	[142, 174]	PMG protein
Q86XD8	[656, 709]	AN1-like Zinc finger
Q96CB8	[154, 218]	PHD-finger
Q96MX3	[470, 493]	Zinc finger, C2H2 type
Q9C0B0	[34, 55]	Unkempt Zinc finger domain 1 (Znf1)
Q9NSY2	[131, 169]	START domain
C9J6K1	[70, 88]	Domain of unknown function (DUF4732)
O00634	[19, 76]	Laminin N-terminal (Domain VI)
O43294	[217, 268]	LIM domain
O43294	[304, 331]	LIM domain
O43294	[380, 412]	LIM domain
O95561	[72, 92]	Domain of unknown function (DUF4548)
P07602	[127, 147]	Saposin-like type B, region 2
P07602	[499, 523]	Saposin A-type domain
P0CG37	[143, 170]	Cripto_Frl-1_Cryptic (CFC)
P24593	[19, 109]	Insulin-like growth factor binding protein
P24593	[208, 245]	Thyroglobulin type-1 repeat
P31040	[178, 194]	FAD binding domain
Q02325	[38, 64]	PAN domain
Q1XH10	[590, 619]	Elongin BC and Polycomb repressive complex 2-associated protein
Q1XH10	[698, 720]	Elongin BC and Polycomb repressive complex 2-associated protein
Q5TA77	[0, 94]	Late cornified envelope
Q86SQ7	[274, 295]	Centrosomal colon cancer autoantigen protein family
Q8IYX3	[0, 36]	Domain of unknown function (DUF4702)
Q96RY5	[557, 582]	Cramped PI3K-like domain
Q9BRA0	[58, 83]	LSM domain
Q9Y2V2	[58, 78]	'Cold-shock' DNA-binding domain
P07998	[43, 147]	Pancreatic ribonuclease
P0CG40	[383, 406]	Zinc finger, C2H2 type
P19474	[20, 61]	Zinc finger, C3HC4 type (RING finger)
P19474	[81, 101]	B-box zinc finger
P98160	[194, 243]	Low-density lipoprotein receptor domain class A
P98160	[1735, 1757]	Immunoglobulin domain
Q5QGT7	[144, 159]	Zinc-binding domain
Q6V0I7	[4148, 4206]	EGF-like domain
Q7Z569	[288, 319]	Ring finger domain
Q8WUY3	[300, 337]	DHHA2 domain
Q9UHC9	[232, 265]	Niemann-Pick C1 N terminus
Q9UIS9	[305, 386]	CXXC zinc finger domain
Q9ULD4	[262, 282]	PHD-zinc-finger like domain
A0A0U1RR11	[190, 234]	Glutathione-dependent formaldehyde-activating enzyme
O76061	[181, 220]	Stanniocalcin family
P05129	[117, 159]	Phorbol esters/diacylglycerol binding domain (C1 domain)
P05771	[79, 95]	Phorbol esters/diacylglycerol binding domain (C1 domain)
P05771	[131, 160]	Phorbol esters/diacylglycerol binding domain (C1 domain)
P07320	[9, 33]	Beta/Gamma crystallin
P13611	[3191, 3206]	Lectin C-type domain
Q07654	[24, 64]	Trefoil (P-type) domain
Q13685	[205, 227]	WD domain, G-beta repeat
Q14332	[101, 159]	Fz domain
Q15846	[105, 133]	Clusterin
Q15846	[294, 337]	Clusterin
Q5SVQ8	[462, 505]	Zinc finger, C2H2 type
Q5VZF2	[172, 207]	Zinc finger C-x8-C-x5-C-x3-H type (and similar)
Q6ZMS7	[340, 363]	Zinc finger, C2H2 type
Q7Z5A9	[24, 132]	TAFA family
Q8N3H0	[33, 130]	TAFA family
Q8WWY7	[24, 110]	WAP-type (Whey Acidic Protein) 'four-disulfide core'
Q96ME1	[448, 467]	F-box/LRR-repeat protein 18, LRR
Q9H305	[131, 150]	LITAF-like zinc ribbon domain
Q9HAK2	[139, 177]	Transcription factor COE1 DNA-binding domain
Q9NQC1	[246, 270]	PHD-zinc-finger like domain
Q9NQC1	[283, 336]	PHD-zinc-finger like domain
Q9NWF9	[552, 573]	RNF216 RING finger HC subclass domain
Q9NWF9	[612, 739]	RNF216 Rcat domain
A1A519	[219, 242]	Spermatogenesis-associated protein 46
A8MQ27	[492, 551]	Zinc finger, C3HC4 type (RING finger)
O96014	[125, 159]	wnt family
O96014	[198, 232]	wnt family
O96014	[272, 353]	wnt family
P56704	[125, 156]	wnt family
P56704	[192, 219]	wnt family
P56704	[272, 334]	wnt family
Q06278	[37, 61]	2Fe-2S iron-sulfur cluster binding domain
Q06278	[98, 126]	[2Fe-2S] binding domain
Q06278	[136, 189]	[2Fe-2S] binding domain
Q6ZMJ2	[461, 494]	Scavenger receptor cysteine-rich domain
Q8IYY4	[63, 78]	Iguana/Dzip1-like DAZ-interacting protein N-terminal
Q8WW18	[109, 173]	C17orf50 C-terminal zinc-binding domain
Q99571	[115, 152]	ATP P2X receptor
Q9BXS4	[89, 119]	Brain specific membrane anchored protein
A6NCW0	[105, 131]	Ubiquitin carboxyl-terminal hydrolase
B7ZBB8	[208, 245]	Carbohydrate/starch-binding module (family 21)
B7ZBB8	[288, 314]	Carbohydrate/starch-binding module (family 21)
P07316	[11, 31]	Beta/Gamma crystallin
P50479	[244, 268]	LIM domain
Q13342	[675, 756]	PHD-finger
Q17RM4	[651, 689]	Coiled-coil protein 142
Q6UWK7	[29, 65]	G-protein coupled receptor ligand 15
Q8IW50	[160, 184]	Protein family FAM219A
Q8NCN4	[57, 115]	Zinc finger, C3HC4 type (RING finger)
Q9H1J7	[122, 157]	wnt family
Q9H1J7	[206, 229]	wnt family
Q9H1J7	[276, 331]	wnt family
Q9H930	[388, 469]	PHD-finger
Q9NV96	[80, 102]	LEM3 (ligand-effect modulator 3) family / CDC50 family
Q9Y467	[392, 415]	Zinc finger, C2H2 type
Q9Y4J8	[264, 279]	Zinc finger, ZZ type
A6NCC3	[607, 625]	GM130 C-terminal binding motif
O75610	[340, 362]	Transforming growth factor beta like domain
O76080	[3, 42]	A20-like zinc finger
O76080	[144, 195]	AN1-like Zinc finger
P0DX53	[623, 641]	GM130 C-terminal binding motif
P10253	[71, 117]	Trefoil (P-type) domain
P13631	[79, 159]	Double treble clef zinc finger, C4 type
Q02086	[576, 599]	Zinc finger, C2H2 type
Q16342	[106, 181]	MYND finger
Q5U4P2	[251, 275]	Aspartyl/Asparaginyl beta-hydroxylase
Q5U4P2	[297, 335]	Aspartyl/Asparaginyl beta-hydroxylase
Q6UXC1	[209, 274]	Low-density lipoprotein receptor domain class A
Q8TF20	[88, 111]	C2H2-type zinc finger
Q8TF20	[144, 167]	Zinc finger, C2H2 type
Q96EP0	[814, 850]	IBR domain
Q96EP0	[872, 928]	IBR domain
Q96EP0	[956, 998]	E3 Ubiquitin Ligase RBR C-terminal domain
Q9H165	[37, 85]	BCL-11A-like CCHC zinc finger
Q9H165	[396, 421]	Zinc finger, C2H2 type
Q9H9L4	[17, 97]	KANL2-like, probable zinc-finger domain
Q9H9L4	[291, 369]	KANL2-like, probable zinc-finger domain
Q9HBV2	[89, 124]	Sperm acrosome membrane-associated protein 1
P08912	[386, 414]	7 transmembrane receptor (rhodopsin family)
P53672	[26, 42]	Beta/Gamma crystallin
Q1L6U9	[65, 138]	Beta-microseminoprotein (PSP-94)
Q5TYW2	[90, 108]	Ankyrin repeats (3 copies)
Q92561	[310, 329]	Phytanoyl-CoA hydroxylase-interacting protein C-terminus
Q92794	[171, 248]	PHD-finger
Q96MM7	[245, 273]	Sulfotransferase family
Q96MM7	[342, 369]	Sulfotransferase family
Q9GZP0	[297, 327]	PDGF/VEGF domain
Q9GZP0	[349, 369]	PDGF/VEGF domain
Q9H633	[51, 104]	RNAse P Rpr2/Rpp21/SNM1 subunit domain
Q9NQL9	[18, 64]	DM DNA binding domain
Q9NU63	[319, 342]	Zinc finger, C2H2 type
Q9Y4X5	[221, 237]	Zinc finger, C3HC4 type (RING finger)
Q9Y4X5	[271, 311]	IBR domain, a half RING-finger domain
Q9Y4X5	[329, 367]	IBR domain
A0A455ZAR2	[0, 86]	Transcriptional regulator PINT87aa
A1L020	[458, 515]	Zinc finger, C3HC4 type (RING finger)
A6NCK2	[36, 64]	zinc finger of C3HC4-type, RING
A6NCK2	[93, 124]	B-box zinc finger
A8MQB3	[99, 119]	Family of unknown function (DUF5545)
A8MQB3	[167, 220]	Family of unknown function (DUF5545)
M0QZC1	[53, 120]	RING-type zinc-finger
O43715	[0, 56]	Uncharacterised protein family (UPF0203)
P06870	[174, 238]	Trypsin
P36954	[6, 60]	RNA polymerases M/15 Kd subunit
P36954	[75, 124]	Transcription factor S-II (TFIIS)
Q53GG5	[283, 323]	LIM domain
Q5VVJ2	[611, 632]	JAB1/Mov34/MPN/PAD-1 ubiquitin protease
Q8IV38	[314, 357]	MYND finger
Q8NE35	[625, 647]	Cytoplasmic polyadenylation element-binding protein ZZ domain
Q8TAV5	[79, 129]	Family of unknown function (DUF5570)
Q8TEU8	[317, 404]	Kunitz/Bovine pancreatic trypsin inhibitor domain
Q9BQ24	[36, 90]	FYVE zinc finger
Q9GZX9	[34, 93]	Twisted gastrulation (Tsg) protein N-terminal domain
Q9GZX9	[128, 167]	Twisted gastrulation (Tsg) protein conserved region
F8WBI6	[607, 625]	GM130 C-terminal binding motif
H3BQW9	[91, 113]	UPF0731 family
O75164	[743, 790]	PHD-finger
O75164	[836, 863]	PHD-zinc-finger like domain
O95390	[359, 381]	Transforming growth factor beta like domain
P04626	[181, 344]	Furin-like cysteine rich region
P04626	[492, 650]	Growth factor receptor domain IV
P21333	[1097, 1129]	Filamin/ABP280 repeat
P21333	[1149, 1207]	Filamin/ABP280 repeat
Q14847	[34, 62]	LIM domain
Q71H61	[213, 240]	Lipolysis stimulated receptor (LSR)
Q86WI1	[2042, 2075]	IPT/TIG domain
Q8N428	[531, 552]	Ricin-type beta-trefoil lectin domain
Q8N907	[171, 188]	DAN domain
Q8N9I9	[153, 211]	Zinc finger, C3HC4 type (RING finger)
Q96JK9	[73, 100]	MamL-1 domain
Q96KN9	[105, 131]	Connexin
Q9NRY7	[133, 182]	Scramblase
Q9UPS8	[93, 132]	Ankyrin repeats (3 copies)
A1L4H1	[78, 128]	Scavenger receptor cysteine-rich domain
A1L4H1	[196, 250]	Scavenger receptor cysteine-rich domain
A1L4H1	[465, 519]	Scavenger receptor cysteine-rich domain
A1L4H1	[535, 572]	Scavenger receptor cysteine-rich domain
A1L4H1	[798, 873]	Scavenger receptor cysteine-rich domain
D6R9N7	[101, 135]	Ubiquitin carboxyl-terminal hydrolase
I6L899	[606, 624]	GM130 C-terminal binding motif
P00736	[144, 202]	Coagulation Factor Xa inhibitory site
P00736	[354, 385]	Sushi repeat (SCR repeat)
P00736	[418, 460]	Sushi repeat (SCR repeat)
P19957	[65, 116]	WAP-type (Whey Acidic Protein) 'four-disulfide core'
P80297	[0, 60]	Metallothionein
P98169	[475, 500]	Zinc finger, C2H2 type
Q12841	[27, 116]	Kazal-type serine protease inhibitor domain
Q12841	[221, 276]	Von Willebrand factor-like domain
Q14833	[509, 575]	Nine Cysteines Domain of family 3 GPCR
Q6PCD5	[276, 307]	Ring finger domain
Q6PCD5	[320, 339]	Ring finger domain
Q6PCD5	[673, 689]	E3 ubiquitin-protein ligase RFWD3 WD40 domain
Q6UXG2	[360, 417]	ELAPOR1-like, TNF receptor-like
Q6UXG2	[705, 723]	ELAPOR1-like, mannose 6-phosphate receptor homology domain
Q6UXG2	[806, 836]	ELAPOR1-like, mannose 6-phosphate receptor homology domain
Q7RTX1	[347, 363]	Receptor family ligand binding region
Q8IWE5	[815, 865]	PH domain
Q8IYH5	[812, 865]	Zinc finger, ZZ type
Q92626	[840, 866]	Animal haem peroxidase
Q92626	[1404, 1478]	VWC2L-like domain
Q96L73	[1884, 1942]	AWS domain
Q96L73	[2011, 2036]	SET domain
Q99952	[215, 233]	Protein-tyrosine phosphatase
O00443	[477, 498]	PI3-kinase family, ras-binding domain
O75679	[38, 90]	zinc finger of C3HC4-type, RING
O95925	[26, 82]	WAP-type (Whey Acidic Protein) 'four-disulfide core'
O95925	[103, 132]	Kunitz/Bovine pancreatic trypsin inhibitor domain
P10323	[211, 250]	Trypsin
P17948	[474, 489]	VEGFR-1-like, immunoglobulin-like domain
P19883	[25, 65]	Follistatin, N-terminal
P41743	[179, 199]	Phorbol esters/diacylglycerol binding domain (C1 domain)
P43026	[454, 472]	Transforming growth factor beta like domain
Q03164	[1147, 1203]	CXXC zinc finger domain
Q03164	[1563, 1633]	PHD-finger
Q03164	[1922, 1954]	PHD-like zinc-binding domain
Q03164	[2064, 2083]	F/Y-rich N-terminus
Q3LI77	[39, 93]	PMG protein
Q5R387	[96, 148]	Phospholipase A2
Q6Q0C1	[137, 167]	Mitochondrial carrier protein
Q6ZSS3	[279, 305]	Zinc finger, C2H2 type
Q70CQ4	[287, 302]	Ubiquitin carboxyl-terminal hydrolase
Q7RTX0	[359, 381]	Receptor family ligand binding region
Q7RTX0	[405, 423]	Receptor family ligand binding region
Q7RTX0	[488, 552]	Nine Cysteines Domain of family 3 GPCR
Q8NDB6	[117, 137]	PGC7/Stella/Dppa3 domain
Q8WW22	[126, 206]	DnaJ C terminal domain
Q96GN5	[343, 421]	Zinc-finger domain of monoamine-oxidase A repressor R1
O15118	[37, 55]	Niemann-Pick C1 N terminus
O15118	[156, 178]	Niemann-Pick C1 N terminus
O15118	[216, 256]	Niemann-Pick C1 N terminus
P06401	[474, 497]	Progesterone receptor
P06401	[600, 630]	Double treble clef zinc finger, C4 type
P07988	[134, 152]	Saposin-like type B, region 2
P07988	[349, 380]	Saposin-like type B, region 2
P10588	[45, 125]	Double treble clef zinc finger, C4 type
P10606	[110, 125]	Cytochrome c oxidase subunit Vb
P17252	[124, 160]	Phorbol esters/diacylglycerol binding domain (C1 domain)
Q0D2H9	[405, 423]	GM130 C-terminal binding motif
Q13507	[262, 281]	Transient receptor ion channel II
Q2VPA4	[86, 105]	Sushi repeat (SCR repeat)
Q2VPA4	[207, 239]	Sushi repeat (SCR repeat)
Q2VPA4	[256, 358]	Sushi repeat (SCR repeat)
Q2VPA4	[432, 484]	Sushi repeat (SCR repeat)
Q52LW3	[613, 632]	Phorbol esters/diacylglycerol binding domain (C1 domain)
Q5SZB4	[254, 276]	Domain of unknown function (DUF4685)
Q70EK8	[213, 235]	Ubiquitin carboxyl-terminal hydrolase
Q99727	[25, 40]	Tissue inhibitor of metalloproteinase
Q9BWE0	[79, 99]	Zinc finger, C2H2 type
Q9H3S1	[500, 533]	Plexin repeat
Q9UBV4	[134, 165]	wnt family
Q9UBV4	[210, 237]	wnt family
Q9UBV4	[283, 364]	wnt family
Q9Y4D7	[569, 609]	Plexin repeat
Q9Y4D7	[933, 958]	IPT/TIG domain
Q9Y4D7	[1022, 1052]	IPT/TIG domain
Q9Y5F6	[719, 740]	Cadherin cytoplasmic C-terminal
A6NNE9	[159, 189]	RING-variant domain
O60840	[279, 301]	Ion transport protein
P01042	[328, 349]	Cystatin domain
P16581	[534, 556]	Sushi repeat (SCR repeat)
Q02556	[216, 236]	Interferon-regulatory factor 3
Q15113	[375, 398]	UNC-6/NTR/C345C module
Q8NDQ6	[318, 358]	Zinc finger, C2H2 type
Q8NDQ6	[374, 397]	Zinc finger, C2H2 type
Q92673	[623, 750]	Sortilin, neurotensin receptor 3, C-terminal
Q9NS40	[51, 75]	PAS domain
O43157	[502, 524]	Plexin repeat
O43157	[572, 597]	TIG domain
O43157	[629, 675]	Plexin A/B, PSI domain
O43157	[941, 989]	TIG domain found in plexin
O43157	[1014, 1076]	Plexin-B, PSI domain
O43157	[1301, 1339]	IPT/TIG domain
Q04756	[329, 349]	Kringle domain
Q04756	[510, 542]	Trypsin
Q04756	[583, 604]	Trypsin
Q14524	[1156, 1182]	Sodium ion transport-associated
Q14554	[446, 469]	Thioredoxin
Q6IE81	[245, 274]	PHD-zinc-finger like domain
Q86TH1	[58, 126]	Thrombospondin type 1 domain
Q86X29	[286, 311]	Lipolysis stimulated receptor (LSR)
Q96FX2	[15, 47]	CSL zinc finger
Q96M96	[554, 579]	FYVE zinc finger
Q9H3D4	[334, 355]	P53 DNA-binding domain
Q9HBW9	[383, 398]	GPCR proteolysis site, GPS, motif
Q9NQ69	[152, 175]	LIM domain
Q9Y6F9	[38, 68]	wnt family
Q9Y6F9	[117, 143]	wnt family
Q9Y6F9	[211, 245]	wnt family
Q9Y6F9	[283, 364]	wnt family
P14616	[165, 338]	Furin-like cysteine rich region
P37275	[161, 214]	Drought induced 19 protein (Di19), zinc-binding
Q00604	[55, 110]	Cystine-knot domain
Q494W8	[261, 283]	Neurotransmitter-gated ion-channel transmembrane region
Q494W8	[307, 331]	Neurotransmitter-gated ion-channel transmembrane region
Q5SWL7	[447, 473]	PRAME C-terminal domain
Q6UXB4	[276, 292]	Lectin C-type domain
Q8N9F8	[169, 192]	Zinc finger, C2H2 type
Q8NB78	[140, 189]	CW-type Zinc Finger
Q969E1	[51, 76]	Liver-expressed antimicrobial peptide 2 precursor (LEAP-2)
Q96LC9	[45, 65]	Bcl-2-modifying factor, apoptosis
Q9BY78	[369, 426]	Zinc finger, C3HC4 type (RING finger)
Q9BZM2	[48, 167]	Phospholipase A2
Q9C0A1	[812, 835]	Zinc finger homeobox protein 3-like, C2H2 type zinc-finger
Q9NR56	[179, 213]	Zinc finger C-x8-C-x5-C-x3-H type (and similar)
Q9NXR5	[117, 137]	Ankyrin repeats (3 copies)
Q9P283	[791, 844]	SEMA5B-like, TSP-1 type 1
Q9UGT4	[298, 376]	AMOP domain
Q9UGT4	[757, 779]	Sushi repeat (SCR repeat)
Q9UPZ6	[58, 114]	Thrombospondin type 1 domain
Q9UPZ6	[1448, 1472]	Spondin-like TSP1 domain
Q9UPZ6	[1487, 1562]	THS7A/B C-terminal TSP1 domain
Q9Y2E6	[398, 421]	Zinc finger, C3HC4 type (RING finger)
Q9Y2E6	[453, 476]	Zinc finger, C3HC4 type (RING finger)
B8ZZ34	[49, 115]	Shisa, N-terminal domain
O43462	[361, 385]	Peptidase family M50
P11473	[13, 93]	Double treble clef zinc finger, C4 type
P14314	[27, 125]	Glucosidase II beta subunit-like
P14314	[462, 513]	Glucosidase II beta subunit-like protein
P31249	[386, 413]	Domain of unknown function (DUF4074)
P50876	[103, 203]	IBR domain, a half RING-finger domain
Q86WS4	[560, 651]	Regulator of DNA class I crossover intermediates 1-like
Q8TE59	[1187, 1212]	ADAMTS C-terminal helical domain
Q9BYR9	[0, 127]	Keratin, high sulfur B2 protein
A6NIE9	[247, 264]	Trypsin
O60315	[202, 255]	Drought induced 19 protein (Di19), zinc-binding
O75718	[81, 97]	Leprecan family TPR-like repeat region
P07477	[185, 221]	Trypsin
P20933	[54, 78]	Asparaginase
P60323	[47, 118]	Nanos RNA binding domain
Q53TQ3	[47, 81]	KANL2-like, probable zinc-finger domain
Q5VWN6	[888, 923]	Protein of unknown function (DUF3715)
Q86UR5	[105, 174]	RIM2-alpha zinc finger
Q9HD89	[51, 107]	Resistin
Q9UGP4	[616, 675]	LIM domain
O00468	[1328, 1370]	EGF-like domain
P55268	[31, 78]	Laminin N-terminal (Domain VI)
P55268	[738, 765]	Laminin IV type B domain
P60002	[15, 62]	Transcription elongation factor Elf1 like
P62273	[10, 31]	Ribosomal protein S14p/S29e
Q86UP6	[503, 521]	ZP-C domain
Q8N2E2	[74, 94]	Uromodulin-like, D8C domain
Q8NBA8	[58, 84]	DTW domain
Q96FC7	[356, 375]	Phytanoyl-CoA hydroxylase-interacting protein C-terminus
Q96IU2	[58, 81]	BED zinc finger
Q96M86	[4735, 4752]	Dynein heavy chain C-terminal domain
Q99572	[113, 161]	ATP P2X receptor
Q99572	[466, 505]	P2X purinoreceptor 7 intracellular domain
Q9P0G3	[125, 150]	Trypsin
Q9P0G3	[161, 222]	Trypsin
Q9Y5W3	[263, 288]	Zinc finger, C2H2 type
Q9Y5W3	[323, 346]	Zinc finger, C2H2 type
B4DXR9	[217, 237]	Zinc finger, C2H2 type
O94761	[544, 561]	DEAD/DEAH box helicase
P00742	[230, 255]	Trypsin
P02675	[95, 115]	Fibrinogen alpha/beta chain family
P02675	[216, 240]	Fibrinogen alpha/beta chain family
P11717	[217, 243]	Cation-independent mannose-6-phosphate receptor repeat
P11717	[279, 304]	Cation-independent mannose-6-phosphate receptor repeat
P11717	[322, 337]	Cation-independent mannose-6-phosphate receptor repeat
P11717	[508, 547]	Cation-independent mannose-6-phosphate receptor repeat
P11717	[561, 599]	Cation-independent mannose-6-phosphate receptor repeat
P11717	[662, 688]	Cation-independent mannose-6-phosphate receptor repeat
P11717	[760, 776]	Cation-independent mannose-6-phosphate receptor repeat
P11717	[816, 839]	Cation-independent mannose-6-phosphate receptor repeat
P11717	[918, 943]	Cation-independent mannose-6-phosphate receptor repeat
P11717	[975, 996]	Cation-independent mannose-6-phosphate receptor repeat
P11717	[1219, 1236]	Cation-independent mannose-6-phosphate receptor repeat
P11717	[1268, 1291]	Cation-independent mannose-6-phosphate receptor repeat
P11717	[1401, 1436]	Cation-independent mannose-6-phosphate receptor repeat
P11717	[1460, 1525]	Cation-independent mannose-6-phosphate receptor repeat
P11717	[1548, 1571]	Cation-independent mannose-6-phosphate receptor repeat
P11717	[1645, 1661]	Cation-independent mannose-6-phosphate receptor repeat
P11717	[1684, 1722]	Cation-independent mannose-6-phosphate receptor repeat
P11717	[1787, 1805]	Cation-independent mannose-6-phosphate receptor repeat
P11717	[1835, 1861]	Cation-independent mannose-6-phosphate receptor repeat
P11717	[1883, 1903]	Cation-independent mannose-6-phosphate receptor repeat
P11717	[2036, 2053]	Cation-independent mannose-6-phosphate receptor repeat
P11717	[2181, 2203]	Cation-independent mannose-6-phosphate receptor repeat
P15172	[82, 110]	Myogenic Basic domain
P49792	[1354, 1384]	Zn-finger in Ran binding protein and others
P49792	[1410, 1447]	Zn-finger in Ran binding protein and others
P49792	[1474, 1511]	Zn-finger in Ran binding protein and others
P49792	[1538, 1575]	Zn-finger in Ran binding protein and others
P49792	[1601, 1638]	Zn-finger in Ran binding protein and others
P49792	[1660, 1709]	Zn-finger in Ran binding protein and others
P49792	[1719, 1758]	Zn-finger in Ran binding protein and others
P49792	[1776, 1813]	Zn-finger in Ran binding protein and others
Q02446	[698, 721]	Zinc finger, C2H2 type
Q32MQ0	[16, 66]	Zinc-finger
Q3BBV0	[1049, 1081]	Olduvai domain
Q6UWN8	[27, 60]	Kazal-type serine protease inhibitor domain
Q8N114	[132, 148]	Shisa-5 N-terminal domain
Q8NEP7	[117, 146]	KLHDC2/KLHL20/DRC7 Kelch-repeats domain
Q8TAD2	[139, 178]	Interleukin-17
Q96CW9	[53, 90]	Laminin N-terminal (Domain VI)
Q96PE3	[541, 623]	INPP4A four helix bundle domain
Q99707	[321, 350]	Homocysteine S-methyltransferase
Q9GZX5	[197, 215]	Zinc finger, C2H2 type
Q9H7T0	[909, 931]	CATSPERB, C-terminal domain
Q9UIG0	[1176, 1240]	PHD-finger
Q9UQ49	[222, 304]	BNR repeat-like domain
O14802	[58, 76]	RNA polymerase Rpb1, domain 1
O14802	[139, 162]	RNA polymerase Rpb1, domain 1
O60269	[439, 457]	G protein-regulated inducer of neurite outgrowth C-terminus
O75677	[57, 84]	zinc finger of C3HC4-type, RING
P08582	[171, 202]	Transferrin
P08582	[517, 551]	Transferrin
P08603	[118, 155]	Sushi repeat (SCR repeat)
P08603	[176, 219]	Sushi repeat (SCR repeat)
P08603	[234, 334]	Sushi repeat (SCR repeat)
P08603	[415, 456]	Sushi repeat (SCR repeat)
P08603	[477, 513]	Sushi repeat (SCR repeat)
P08603	[533, 553]	Sushi repeat (SCR repeat)
P08603	[787, 887]	Sushi repeat (SCR repeat)
P08603	[965, 1057]	Sushi repeat (SCR repeat)
P08603	[1132, 1171]	Sushi repeat (SCR repeat)
P41180	[556, 593]	Nine Cysteines Domain of family 3 GPCR
P49023	[347, 412]	LIM domain
P49023	[524, 548]	LIM domain
Q13049	[27, 44]	RING-type zinc-finger
Q6P9B9	[789, 804]	Integrator complex subunit 5 C-terminus
Q6R2W3	[592, 656]	SCAN domain-containing protein 3-like zinc finger
Q8WXA3	[545, 605]	FYVE zinc finger
Q92753	[0, 90]	Double treble clef zinc finger, C4 type
Q96B70	[37, 65]	Zinc finger C-x8-C-x5-C-x3-H type (and similar)
Q9H175	[202, 260]	Cysteine/serine-rich nuclear protein N-terminus
Q9ULB1	[661, 714]	EGF-like domain
A6ND01	[121, 145]	Folate receptor family
P02771	[104, 129]	Serum albumin family
P02771	[285, 322]	Serum albumin family
P02771	[381, 402]	Serum albumin family
P02771	[489, 505]	Serum albumin family
P06127	[61, 85]	Scavenger receptor cysteine-rich domain
P06127	[107, 139]	Scavenger receptor cysteine-rich domain
P08581	[520, 553]	Plexin repeat
P36382	[248, 279]	Connexin 40 C-terminal domain
P54289	[828, 846]	Neuronal voltage-dependent calcium channel alpha 2acd
P54289	[1025, 1065]	Neuronal voltage-dependent calcium channel alpha 2acd
Q14592	[327, 368]	Zinc finger, C2H2 type
Q14592	[383, 400]	Zinc finger, C2H2 type
Q2KHM9	[42, 86]	Protein moonraker
Q49A88	[240, 322]	Coiled-coil domain-containing protein 14
Q7Z5A8	[35, 85]	TAFA family
Q7Z5A8	[102, 132]	TAFA family
Q8TAL5	[3, 52]	Domain of unknown function (DUF4647)
Q9BYJ4	[31, 65]	zinc finger of C3HC4-type, RING
Q9BYJ4	[115, 138]	B-box zinc finger
O43396	[129, 146]	PITH domain
O94955	[138, 160]	Ras family
O95789	[311, 332]	MYM-type Zinc finger with FCS sequence motif
P08519	[66, 114]	Kringle domain
P08519	[180, 228]	Kringle domain
P08519	[294, 342]	Kringle domain
P08519	[408, 456]	Kringle domain
P08519	[522, 570]	Kringle domain
P08519	[636, 684]	Kringle domain
P08519	[750, 798]	Kringle domain
P08519	[864, 912]	Kringle domain
P08519	[978, 1014]	Kringle domain
P08519	[1091, 1116]	Kringle domain
P08519	[1206, 1254]	Kringle domain
P08519	[1312, 1360]	Kringle domain
P08519	[1426, 1474]	Kringle domain
P08519	[1540, 1588]	Kringle domain
P08519	[1605, 1702]	Kringle domain
P08519	[1973, 1995]	Trypsin
P12544	[195, 218]	Trypsin
P21757	[424, 450]	Scavenger receptor cysteine-rich domain
P51168	[433, 450]	Amiloride-sensitive sodium channel
P83105	[30, 136]	Insulin-like growth factor binding protein
Q02747	[60, 114]	Guanylin precursor
Q2MJR0	[286, 328]	Sprouty protein (Spry)
Q2MJR0	[342, 370]	Sprouty protein (Spry)
Q2MJR0	[390, 409]	Sprouty protein (Spry)
Q6PCT2	[28, 157]	PHD-finger
Q6PJ69	[15, 59]	Zinc finger, C3HC4 type (RING finger)
Q6PJ69	[91, 131]	B-box zinc finger
Q6PJ69	[396, 423]	SPRY domain
Q6UXB1	[27, 64]	Insulin growth factor-like family
Q6UXB1	[104, 124]	Insulin growth factor-like family
Q99496	[48, 99]	Zinc finger, C3HC4 type (RING finger)
Q9NS56	[126, 150]	Zinc finger, C3HC4 type (RING finger)
Q9NSE4	[985, 1011]	Zinc finger found in FPG and IleRS
Q9NUA8	[1126, 1149]	Zinc-finger of C2H2 type
Q9UKW4	[549, 571]	Phorbol esters/diacylglycerol binding domain (C1 domain)
Q9Y2I8	[448, 464]	WD domain, G-beta repeat
A6NI03	[31, 64]	Zinc finger, C3HC4 type (RING finger)
A6NI03	[79, 135]	B-box zinc finger
O75592	[697, 724]	Regulator of chromosome condensation (RCC1) repeat
P12757	[298, 317]	c-SKI Smad4 binding domain
P28907	[281, 299]	ADP-ribosyl cyclase
P51843	[27, 52]	Nuclear receptor repeat
P51843	[188, 224]	Nuclear receptor repeat
P59510	[667, 725]	ADAMTS cysteine-rich domain
P59510	[1683, 1719]	Thrombospondin type 1 domain
P59510	[1774, 1795]	GON domain
Q14435	[607, 627]	Ricin-type beta-trefoil lectin domain
Q15181	[103, 126]	Inorganic pyrophosphatase
Q5TAG4	[198, 227]	Olduvai domain
Q5TAG4	[1053, 1083]	Olduvai domain
Q5TAG4	[1293, 1327]	Olduvai domain
Q86T90	[293, 315]	Uncharacterised protein KIAA1328
Q86T90	[327, 347]	Uncharacterised protein KIAA1328
Q93083	[0, 60]	Metallothionein
Q96PU4	[379, 401]	PHD-finger
I3L1E1	[74, 96]	piRNA-mediated silencing protein C19orf84
O43657	[172, 192]	Tetraspanin family
P13987	[25, 43]	CD59 glycoprotein
P54760	[350, 382]	Fibronectin type III domain
Q2TB10	[348, 370]	zinc-finger C2H2-type
Q5SRR4	[85, 118]	u-PAR/Ly-6 domain
Q6NSI3	[198, 223]	Family of FAM53
Q6NSI3	[247, 272]	Family of FAM53
Q8NG35	[41, 72]	Beta defensin
Q8TAT6	[119, 143]	NPL4 family, putative zinc binding region
Q8TAT6	[190, 216]	NPL4 family, putative zinc binding region
Q9UFC0	[305, 320]	Leucine-rich repeat and WD repeat-containing protein 1, WD domain
Q9UJT1	[27, 53]	Tubulin/FtsZ family, GTPase domain
Q9UNY4	[0, 18]	GRF zinc finger
Q9Y3S2	[11, 88]	NOA36 protein
Q9Y3S2	[106, 225]	NOA36 protein
O94972	[74, 107]	B-box zinc finger
P16422	[30, 56]	Epithelial cell adhesion molecule, N-terminal domain
P16422	[88, 133]	Thyroglobulin type-1 repeat
Q13467	[94, 127]	Fz domain
Q13936	[314, 335]	Ion transport protein
Q53SZ7	[247, 292]	Domain of unknown function (DUF4679)
Q86Y78	[42, 154]	Ly6/PLAUR domain-containing protein 6, Lypd6
Q8NBV8	[151, 176]	C2 domain
Q8NCV1	[431, 454]	Adenosine-deaminase (editase) domain
Q8TCT0	[336, 360]	Ceramide kinase C-terminal domain
Q8TCT0	[393, 409]	Ceramide kinase C-terminal domain
Q8TCT0	[473, 507]	Ceramide kinase C-terminal domain
Q96HN2	[460, 485]	S-adenosyl-L-homocysteine hydrolase, NAD binding domain
Q96IF1	[455, 479]	LIM domain
Q96IF1	[489, 537]	LIM domain
Q9H4Z2	[553, 599]	C2H2-type zinc finger
Q9UBC9	[30, 107]	Cornifin (SPRR) family
A6NIR3	[0, 20]	Aspartate-rich protein 1-like
A6NIR3	[608, 630]	Ankyrin repeats (3 copies)
H3BV12	[607, 625]	GM130 C-terminal binding motif
P04118	[26, 64]	Colipase, N-terminal domain
P04118	[94, 111]	Colipase, C-terminal domain
P35325	[0, 71]	Small proline-rich 2
P78509	[216, 240]	Reelin subrepeat B
P78509	[1026, 1068]	Teneurin-like EGF domain
P78509	[1341, 1356]	Reelin subrepeat B
P78509	[2122, 2168]	EGF-like domain
Q6N022	[555, 878]	Teneurin EGF domain
Q6N022	[1504, 1530]	Teneurin NHL domain
Q6ZQQ2	[106, 137]	Domain of unknown function (DUF4599)
Q8WU49	[11, 31]	Family of unknown function (DUF5548)
Q96KP6	[163, 198]	Leucine zipper of domain CC2 of NEMO, NF-kappa-B essential modulator
Q9H6U6	[249, 264]	BCAS3, WD40 repeat
Q9NRJ3	[21, 82]	Small cytokines (intecrine/chemokine), interleukin-8 like
Q9UBR2	[117, 178]	Papain family cysteine protease
A2RRP1	[1132, 1156]	Secretory pathway protein Sec39
A6NIX2	[242, 266]	LIM domain
A6NIX2	[348, 428]	LIM domain
O15090	[149, 172]	C2H2-type zinc-finger domain
O60220	[32, 62]	Tim10/DDP family zinc finger
O75096	[1002, 1039]	Coagulation Factor Xa inhibitory site
O75096	[1306, 1345]	Coagulation Factor Xa inhibitory site
P00746	[168, 235]	Trypsin
P0DV76	[36, 72]	Zinc knuckle
Q13228	[0, 17]	56kDa selenium binding protein (SBP56)
Q13228	[69, 92]	56kDa selenium binding protein (SBP56)
Q2M2H8	[37, 64]	Trefoil (P-type) domain
Q2M2H8	[917, 942]	Trefoil (P-type) domain
Q5T197	[677, 693]	E3 ubiquitin-protein ligase DCST1-like, C-terminal RING domain
Q7RTV0	[41, 93]	PHF5-like protein
Q8NHV1	[155, 173]	AIG1 family
Q92831	[89, 117]	PCAF (P300/CBP-associated factor) N-terminal domain
Q96IQ9	[105, 161]	C2H2-type zinc ribbon
Q96M02	[153, 176]	Centrosomal C10orf90
Q96M02	[486, 530]	Centrosomal C10orf90
Q9C091	[104, 127]	GREB1 N-terminal domain
Q9NQX5	[31, 76]	Neural proliferation differentiation control-1 protein (NPDC1)
A6NJB7	[171, 199]	Proline-rich 19
B4DS77	[106, 129]	Shisa, N-terminal domain
O95696	[256, 285]	PHD-zinc-finger like domain
P04553	[0, 50]	Protamine P1
P04637	[165, 191]	P53 DNA-binding domain
P04637	[218, 251]	P53 DNA-binding domain
P04637	[264, 284]	P53 DNA-binding domain
P05019	[84, 118]	Insulin/IGF/Relaxin family
P05164	[273, 328]	Animal haem peroxidase
P55160	[577, 606]	Nck-associated protein 1
Q05086	[33, 61]	Amino-terminal Zinc-binding domain of ubiquitin ligase E3A
Q14643	[2043, 2066]	RyR and IP3R Homology associated
Q3LI76	[39, 110]	PMG protein
Q5T6X5	[511, 568]	Nine Cysteines Domain of family 3 GPCR
Q658N2	[193, 231]	WSC domain
Q6PGQ1	[0, 32]	Aspartate-rich protein 1-like
Q86UD1	[193, 213]	Out at first, C-terminal
Q8NG06	[5, 69]	zinc finger of C3HC4-type, RING
Q8NG06	[85, 127]	B-box zinc finger
Q96MU8	[71, 96]	Kringle domain
Q96MU8	[115, 146]	WSC domain
Q13887	[364, 389]	Zinc finger, C2H2 type
Q13887	[424, 447]	Zinc finger, C2H2 type
Q14593	[253, 276]	Zinc finger, C2H2 type
Q14CW9	[75, 114]	Sgf11 (transcriptional regulation protein)
Q14CW9	[209, 229]	SCA7, zinc-binding domain
Q3ZCN5	[760, 786]	Trypsin Inhibitor like cysteine rich domain
Q3ZCN5	[1074, 1093]	von Willebrand factor type D domain
Q3ZCN5	[1153, 1173]	C8 domain
Q5GFL6	[287, 322]	EGF-like domain
Q5GFL6	[706, 754]	EGF-like domain
Q63HN8	[4498, 4537]	RZ type zinc finger domain
Q6UXB3	[20, 106]	Snake toxin and toxin-like protein
Q96N21	[280, 306]	Tepsin VHS/ENTH-like domain
Q9BSJ5	[0, 23]	Mitochondrial nucleoid-associated protein 1 zinc finger domain
Q9UGM3	[129, 145]	Scavenger receptor cysteine-rich domain
Q9UGM3	[160, 210]	Scavenger receptor cysteine-rich domain
Q9UGM3	[256, 342]	Scavenger receptor cysteine-rich domain
Q9UGM3	[361, 415]	Scavenger receptor cysteine-rich domain
Q9UGM3	[440, 471]	Scavenger receptor cysteine-rich domain
Q9UGM3	[502, 531]	Scavenger receptor cysteine-rich domain
Q9UGM3	[731, 841]	Scavenger receptor cysteine-rich domain
Q9UGM3	[860, 914]	Scavenger receptor cysteine-rich domain
Q9UGM3	[939, 970]	Scavenger receptor cysteine-rich domain
Q9UGM3	[1000, 1101]	Scavenger receptor cysteine-rich domain
Q9UGM3	[1120, 1174]	Scavenger receptor cysteine-rich domain
Q9UGM3	[1249, 1303]	Scavenger receptor cysteine-rich domain
Q9UGM3	[1378, 1432]	Scavenger receptor cysteine-rich domain
Q9UGM3	[1529, 1617]	Scavenger receptor cysteine-rich domain
Q9UGM3	[1648, 1692]	Scavenger receptor cysteine-rich domain
Q9UGM3	[1717, 1748]	Scavenger receptor cysteine-rich domain
Q9UGM3	[1946, 1989]	Scavenger receptor cysteine-rich domain
Q9Y3M9	[619, 664]	Zinc finger, C2H2 type
O75077	[439, 472]	Reprolysin (M12B) family zinc metalloprotease
O96008	[63, 95]	Eukaryotic porin
P16144	[23, 72]	Integrin plexin domain
Q13394	[271, 295]	Mab-21 protein HhH/H2TH-like domain
Q3LI81	[0, 206]	PMG protein
Q70CQ1	[510, 528]	Ubiquitin carboxyl-terminal hydrolase
Q86YB8	[83, 109]	Endoplasmic Reticulum Oxidoreductin 1 (ERO1)
Q8TB03	[51, 88]	Domain of unknown function (DUF4559)
Q8TE23	[491, 506]	Nine Cysteines Domain of family 3 GPCR
Q96B86	[65, 102]	Repulsive guidance molecule (RGM) N-terminal domain
Q9HCX4	[193, 211]	Transient receptor ion channel II
Q9Y5J9	[33, 62]	Tim10/DDP family zinc finger
A0A1B0GTU1	[19, 89]	Zinc-finger containing family
A6NNM8	[192, 216]	Tubulin-tyrosine ligase family
P01189	[0, 59]	Pro-opiomelanocortin, N-terminal region
P21917	[251, 319]	7 transmembrane receptor (rhodopsin family)
P30203	[43, 97]	Scavenger receptor cysteine-rich domain
P30203	[218, 283]	Scavenger receptor cysteine-rich domain
P30203	[296, 317]	Scavenger receptor cysteine-rich domain
Q15696	[170, 190]	Zinc finger C-x8-C-x5-C-x3-H type (and similar)
Q5TH74	[149, 176]	Sperm-tail PG-rich repeat
Q6WN34	[235, 340]	von Willebrand factor type C domain
Q7LFL8	[252, 305]	CXXC zinc finger domain
Q8NG41	[84, 108]	Neuropeptides B and W
Q9HAT8	[324, 343]	Pellino, RING domain
Q9HAT8	[357, 374]	Pellino, RING domain
Q9NR48	[2086, 2145]	AWS domain
Q9NR48	[2214, 2233]	SET domain
Q9NR48	[2602, 2637]	PhD finger domain
Q9P273	[507, 825]	Teneurin EGF domain
Q9P273	[1439, 1465]	Teneurin NHL domain
O14827	[63, 82]	PH domain
Q14135	[156, 214]	Transcription cofactor vestigial-like protein 4
Q14147	[1110, 1133]	DHX34-like, C2H2-type zinc finger
Q14161	[0, 44]	Putative GTPase activating protein for Arf
Q15003	[285, 325]	Condensin complex subunit 2
Q6FHJ7	[94, 118]	Fz domain
Q6FHJ7	[232, 254]	UNC-6/NTR/C345C module
Q6GQQ9	[791, 831]	A20-like zinc finger
Q71UM5	[55, 83]	Ribosomal protein S27
Q86SE9	[29, 65]	Zinc finger, C3HC4 type (RING finger)
Q8WVD3	[148, 175]	Drought induced 19 protein (Di19), zinc-binding
Q8WWY8	[264, 290]	Lipase
Q99567	[383, 409]	Nuclear pore component
Q9P2E7	[745, 780]	Cadherin cytoplasmic C-terminal
Q9P2E7	[800, 862]	Cadherin cytoplasmic C-terminal
Q9UPT9	[204, 220]	Ubiquitin carboxyl-terminal hydrolase
Q9UPT9	[276, 303]	Ubiquitin carboxyl-terminal hydrolase
Q9UPT9	[354, 395]	Ubiquitin carboxyl-terminal hydrolase
Q9Y2L1	[465, 497]	RNB domain
Q9Y577	[13, 74]	RING-type zinc-finger
Q9Y577	[88, 130]	B-box zinc finger
O14793	[327, 349]	Transforming growth factor beta like domain
O75084	[111, 169]	Fz domain
P17097	[653, 676]	Zinc finger, C2H2 type
P51575	[115, 150]	ATP P2X receptor
P62987	[80, 124]	Ribosomal L40e family
Q53FE4	[15, 59]	SPATIAL
Q8NEM0	[487, 528]	Microcephalin protein
Q8NEM0	[574, 599]	Microcephalin protein
Q8NFY4	[517, 550]	Plexin repeat
Q96JN2	[306, 331]	CCDC136 coiled-coil domain
Q96JN2	[501, 545]	CCDC136 coiled-coil domain
Q96JN2	[816, 844]	CCDC136 coiled-coil domain
Q96JN2	[887, 917]	CCDC136 coiled-coil domain
Q9BZ76	[542, 601]	EGF-like domain
Q9H992	[544, 580]	RING-variant domain
Q9HBX9	[41, 65]	Low-density lipoprotein receptor domain class A
Q9NQV8	[657, 680]	C2H2-type zinc finger
Q9NV58	[226, 273]	IBR domain, a half RING-finger domain
A6NC05	[29, 53]	Glutaredoxin-like domain (DUF836)
O15409	[340, 362]	FOXP coiled-coil domain
P18089	[312, 332]	7 transmembrane receptor (rhodopsin family)
P41221	[149, 176]	wnt family
P41221	[227, 247]	wnt family
P41221	[298, 352]	wnt family
Q01523	[54, 79]	Mammalian defensin
Q01668	[315, 335]	Ion transport protein
Q5JXC2	[204, 224]	Migration and invasion-inhibitory
Q6UXX9	[70, 172]	Furin-like repeat, cysteine-rich
Q86VD1	[516, 537]	CW-type Zinc Finger
Q8IWL3	[23, 64]	Co-chaperone HscB tetracysteine metal binding motif
Q8WVD5	[126, 200]	Ring finger domain
Q96MF2	[106, 149]	Phorbol esters/diacylglycerol binding domain (C1 domain)
Q9HCB6	[741, 806]	Thrombospondin type 1 domain
Q9NZB8	[78, 93]	Radical SAM superfamily
Q9UH73	[144, 178]	Transcription factor COE1 DNA-binding domain
A0ABB0MV52	[95, 115]	Tumour-suppressor protein CtIP N-terminal domain
Q02388	[2865, 2938]	Kunitz/Bovine pancreatic trypsin inhibitor domain
Q06455	[504, 560]	MYND finger
Q5TA76	[0, 88]	Late cornified envelope
Q6IC83	[0, 39]	Aspartate-rich protein 1-like
Q9HBZ2	[228, 252]	PAS fold
Q9P0U4	[18, 82]	PHD-finger
Q9P0U4	[161, 217]	CXXC zinc finger domain
Q9P0U4	[475, 514]	CpG binding protein C-terminal domain
Q9P0U4	[539, 570]	CpG binding protein C-terminal domain
Q9Y6K1	[531, 554]	DNMT3, ADD PHD zinc finger
Q9Y6K9	[385, 418]	C2H2 type zinc-finger
A0AAG2UXD8	[1049, 1083]	Olduvai domain
A0AAG2UXD8	[1294, 1328]	Olduvai domain
A0AAG2UXD8	[1539, 1571]	Olduvai domain
O75037	[19, 39]	Kinesin motor domain
O75487	[49, 75]	Glypican
O75487	[494, 516]	Glypican
P04732	[0, 60]	Metallothionein
P07858	[83, 111]	Papain family cysteine protease
P07858	[121, 156]	Papain family cysteine protease
P07858	[172, 220]	Papain family cysteine protease
P09758	[23, 82]	Epithelial cell adhesion molecule, N-terminal domain
P09758	[97, 146]	Thyroglobulin type-1 repeat
P15498	[544, 573]	Phorbol esters/diacylglycerol binding domain (C1 domain)
P27694	[475, 503]	Replication factor-A C terminal domain
P29322	[222, 252]	Ephrin cysteine rich domain
P29322	[355, 388]	Fibronectin type III domain
P51814	[304, 327]	Zinc finger, C2H2 type
Q01415	[365, 382]	GHMP kinases C terminal
Q6UWB4	[236, 258]	Trypsin
Q6ZUJ4	[57, 93]	Domain of unknown function (DUF4712)
Q8IWI9	[1036, 1091]	MGA, conserved domain
Q96T23	[883, 953]	PHD-finger
Q9H9B1	[509, 639]	Histone-lysine N-methyltransferase EHMT1/EHMT2, Cys-rich region
Q9H9B1	[1019, 1082]	Pre-SET motif
Q9UKT4	[367, 446]	IBR domain
Q9Y493	[1674, 1689]	von Willebrand factor type D domain
A8MXZ1	[36, 72]	Zinc knuckle
P04150	[410, 490]	Double treble clef zinc finger, C4 type
P0C0L5	[691, 745]	Anaphylotoxin-like domain
P46100	[160, 183]	Cysteine Rich ADD domain
P46100	[1564, 1595]	SNF2-related domain
P48307	[125, 147]	Kunitz/Bovine pancreatic trypsin inhibitor domain
P48307	[184, 217]	Kunitz/Bovine pancreatic trypsin inhibitor domain
P79522	[154, 185]	Zinc finger C-x8-C-x5-C-x3-H type (and similar)
Q03591	[231, 270]	Sushi repeat (SCR repeat)
Q14202	[532, 555]	MYM-type Zinc finger with FCS sequence motif
Q14202	[622, 643]	MYM-type Zinc finger with FCS sequence motif
Q14202	[674, 701]	MYM-type Zinc finger with FCS sequence motif
Q14202	[720, 763]	MYM-type Zinc finger with FCS sequence motif
Q6H9L7	[328, 379]	Thrombospondin type 1 domain
Q6H9L7	[424, 440]	AMOP domain
Q6H9L7	[484, 502]	AMOP domain
Q6ZV73	[1229, 1285]	FYVE zinc finger
Q7RTX9	[249, 275]	Major Facilitator Superfamily
Q86SH2	[353, 411]	Zinc-binding domain
Q96KM6	[501, 554]	Zinc finger protein 512, C2HC zinc finger
Q96KM6	[741, 798]	Zinc finger protein 512, C2HC zinc finger
Q9BQ08	[48, 106]	Resistin
Q9H972	[8, 31]	Domain of unknown function (DUF4616)
Q9NXC5	[764, 808]	Zinc-ribbon like family
Q9NXC5	[833, 874]	Zinc-ribbon like family
Q9P2H0	[854, 892]	Susceptibility to monomelic amyotrophy
Q9UKN7	[3109, 3129]	MyTH4 domain
Q9Y5Q6	[110, 134]	Insulin/IGF/Relaxin family
O60858	[44, 66]	RING-type zinc-finger
O75446	[56, 81]	SAP30 zinc-finger
P0DPF3	[635, 655]	Olduvai domain
P0DPF3	[782, 810]	Olduvai domain
P0DPF3	[947, 981]	Olduvai domain
P14207	[21, 69]	Folate receptor family
P14207	[128, 144]	Folate receptor family
P24468	[69, 148]	Double treble clef zinc finger, C4 type
P42575	[418, 434]	Caspase domain
P54826	[107, 252]	GDNF/GAS1 domain
P54829	[478, 496]	Protein-tyrosine phosphatase
P54829	[517, 543]	Protein-tyrosine phosphatase
Q2M3T9	[437, 460]	Hyaluronidase
Q5W0Q7	[389, 406]	Ubiquitin-specific peptidase-like, SUMO isopeptidase
Q5W0Q7	[1016, 1049]	Domain of unknown function (DUF4650)
Q8NEM1	[191, 211]	Zinc finger, C2H2 type
Q8NEM1	[231, 252]	Zinc finger, C2H2 type
Q92628	[849, 870]	Domain of unknown function (DUF4603)
Q92628	[1199, 1259]	Domain of unknown function (DUF4603)
Q92628	[1291, 1314]	Domain of unknown function (DUF4603)
Q9H293	[100, 124]	Interleukin-17
Q9H293	[134, 163]	Interleukin-17
Q9P2H5	[568, 592]	Ubiquitin carboxyl-terminal hydrolase
O60232	[51, 82]	Sjogren's syndrome/scleroderma autoantigen 1 (Autoantigen p27)
O94880	[717, 785]	PHD-finger
O94880	[860, 927]	PHD-finger
P07711	[164, 184]	Papain family cysteine protease
P49908	[164, 195]	Selenoprotein P, N terminal region
P49908	[266, 352]	Selenoprotein P, C terminal region
Q53EP0	[547, 574]	Fibronectin type III domain
Q53EP0	[642, 683]	Fibronectin type III domain
Q8NET1	[22, 68]	Beta defensin
Q9UHC3	[256, 291]	Amiloride-sensitive sodium channel
Q9UHC3	[304, 378]	Amiloride-sensitive sodium channel
Q9UJV3	[59, 79]	RING-type zinc-finger
Q9UJV3	[128, 174]	ANCHR-like B-box zinc-binding domain
Q9UJV3	[184, 209]	B-box zinc finger
Q9UKR3	[146, 225]	Trypsin
A6NIJ5	[36, 72]	Zinc knuckle
B7Z368	[49, 127]	Family of unknown function (DUF5558)
P0CG20	[28, 78]	Zinc-finger
P13640	[0, 61]	Metallothionein
Q12770	[797, 817]	SCAP Beta-propeller
Q14571	[1986, 2009]	RyR and IP3R Homology associated
Q2KJY2	[173, 193]	Kinesin-like protein KIF26A/B, tri-helical
Q6ZRM9	[101, 144]	Domain of unknown function (DUF4705)
Q9BQQ7	[143, 159]	Zinc-binding domain
O14795	[500, 545]	Phorbol esters/diacylglycerol binding domain (C1 domain)
P53582	[0, 33]	zf-MYND-like zinc finger, mRNA-binding
P53582	[196, 211]	Metallopeptidase family M24
Q5SZI1	[169, 217]	Low-density lipoprotein receptor domain class A
Q6ZMU5	[17, 65]	zinc finger of C3HC4-type, RING
Q6ZMU5	[75, 98]	B-box zinc finger
Q8NI51	[551, 577]	Zinc finger, C2H2 type
Q92618	[267, 290]	Zinc finger, C2H2 type
Q92896	[107, 207]	Cysteine rich repeat
Q92896	[316, 331]	Cysteine rich repeat
Q92896	[375, 391]	Cysteine rich repeat
Q92896	[408, 428]	Cysteine rich repeat
Q92896	[440, 518]	Cysteine rich repeat
Q92896	[562, 585]	Cysteine rich repeat
Q92896	[639, 663]	Cysteine rich repeat
Q92896	[700, 737]	Cysteine rich repeat
Q92896	[840, 926]	Cysteine rich repeat
Q92896	[1000, 1034]	Cysteine rich repeat
Q96K21	[84, 137]	FYVE zinc finger
Q96K21	[411, 453]	ANCHR-like B-box zinc-binding domain
Q9BZ95	[693, 770]	Histone-lysine N-methyltransferase NSD-like, PHD zinc finger 1
Q9BZ95	[784, 827]	Histone-lysine N-methyltransferase NSD-like, variant PHD zinc finger
Q9BZ95	[1087, 1147]	AWS domain
Q9BZ95	[1215, 1239]	SET domain
Q9NVV9	[0, 19]	THAP domain
Q9NVV9	[30, 92]	THAP domain
A6NH21	[26, 51]	Serine incorporator (Serinc)
Q14832	[500, 525]	Nine Cysteines Domain of family 3 GPCR
Q8N888	[65, 92]	BCL-6 co-repressor, non-ankyrin-repeat region
Q8TCQ1	[62, 105]	RING-variant domain
Q96M29	[454, 484]	Tektin family
Q99687	[76, 109]	TALE/MEIS homeobox family N-terminal domain
O60884	[132, 213]	DnaJ C terminal domain
P01266	[52, 93]	Thyroglobulin type-1 repeat
P01266	[109, 192]	Thyroglobulin type-1 repeat
P01266	[296, 371]	Thyroglobulin type-1 repeat
P01266	[597, 671]	Thyroglobulin type-1 repeat
P01266	[752, 776]	Thyroglobulin type-1 repeat
P01266	[1020, 1086]	Thyroglobulin type-1 repeat
P21728	[235, 259]	7 transmembrane receptor (rhodopsin family)
Q04759	[9, 25]	Protein kinase C delta/epsilon/eta/theta, C2 domain
Q04759	[189, 209]	Phorbol esters/diacylglycerol binding domain (C1 domain)
Q13127	[150, 173]	REST-like, C2H2-type zinc finger
Q14210	[17, 106]	Snake toxin and toxin-like protein
Q56P03	[170, 210]	E2F-associated phosphoprotein
Q56P03	[248, 265]	E2F-associated phosphoprotein
Q5BKU9	[79, 107]	Oxidoreductase-like protein, N-terminal
Q5T5A8	[0, 93]	Late cornified envelope
Q6UXI9	[47, 109]	Platelet endothelial aggregation receptor 1-like, EGF domain
Q6UXI9	[213, 262]	EGF domain
Q8NBL1	[44, 60]	Glycosyl transferase family 90
Q8TED4	[257, 277]	Major Facilitator Superfamily
Q96DX4	[526, 554]	Zinc finger, C3HC4 type (RING finger)
Q9C004	[125, 233]	Sprouty protein (Spry)
Q9H0J9	[68, 87]	PARP12-like CCCH zinc finger tandem
Q9H0J9	[188, 204]	PARP12-like CCCH zinc finger tandem
A4D161	[64, 105]	Protein FAM221A/B
A4D161	[120, 168]	Protein FAM221A/B
O94966	[783, 834]	Ubiquitin carboxyl-terminal hydrolase
P0DM35	[0, 60]	Metallothionein
P26927	[45, 140]	PAN domain
P26927	[632, 656]	Trypsin
Q86UR1	[373, 398]	PB1 domain
Q8N8Q3	[218, 251]	Endonuclease V
Q8N8R7	[212, 246]	ARF7 effector protein C-terminus
Q8WYR1	[0, 15]	Phosphoinositide 3-kinase gamma adapter protein p101 subunit
Q8WYR1	[825, 847]	Phosphoinositide 3-kinase gamma adapter protein p101 subunit
Q92731	[174, 250]	Double treble clef zinc finger, C4 type
Q9NPD5	[456, 474]	Organic Anion Transporter Polypeptide (OATP) family
A0A1B0GTW7	[465, 504]	Leishmanolysin
A0A1B0GTW7	[542, 570]	Leishmanolysin
O60318	[1184, 1208]	Binding region of GANP to ENY2
P07438	[0, 60]	Metallothionein
P30622	[1368, 1394]	CLIP1 zinc knuckle
P30622	[1408, 1437]	CLIP1 zinc knuckle
P54108	[181, 209]	Crisp
P54108	[222, 244]	Crisp
Q15649	[7, 51]	HIT zinc finger
Q5T752	[0, 113]	Late cornified envelope
Q5TC82	[21, 59]	zinc-RING finger domain
Q6NTE8	[1, 61]	MRN-interacting protein
Q96EQ8	[26, 84]	Zinc finger, C3HC4 type (RING finger)
Q96EQ8	[153, 176]	Drought induced 19 protein (Di19), zinc-binding
Q9UGL1	[316, 370]	PHD-finger
Q9UGL1	[1476, 1543]	PHD-finger
P26374	[566, 591]	RAE1/2 domain I, C-terminal region
P35326	[0, 71]	Small proline-rich 2
P41271	[37, 132]	DAN domain
P57730	[67, 86]	Caspase recruitment domain
Q5VT25	[1015, 1071]	Phorbol esters/diacylglycerol binding domain (C1 domain)
Q5VUD6	[323, 360]	Protein-kinase domain of FAM69
Q5VY09	[165, 240]	Immediate early response protein (IER)
Q7Z7K6	[205, 249]	Glutathione-dependent formaldehyde-activating enzyme
Q8TEJ3	[61, 104]	RING-type zinc-finger
Q92496	[109, 136]	Sushi repeat (SCR repeat)
Q92496	[175, 220]	Sushi repeat (SCR repeat)
Q92496	[243, 280]	Sushi repeat (SCR repeat)
Q92496	[363, 383]	Sushi repeat (SCR repeat)
Q92496	[429, 467]	Sushi repeat (SCR repeat)
Q92496	[485, 525]	Sushi repeat (SCR repeat)
Q96LD4	[171, 213]	B-box zinc finger
Q9BRP1	[329, 348]	Programmed cell death protein 2, C-terminal putative domain
Q9BYC8	[99, 140]	Ribosomal L32p protein family
Q9C026	[0, 42]	Zinc finger, C3HC4 type (RING finger)
Q9P1Z0	[759, 782]	Zinc finger, C2H2 type
A0A087WUL8	[357, 384]	Olduvai domain
A0A087WUL8	[507, 541]	Olduvai domain
A0A087WUL8	[601, 641]	Olduvai domain
A0A087WUL8	[751, 785]	Olduvai domain
A0A087WUL8	[845, 882]	Olduvai domain
A0A087WUL8	[995, 1029]	Olduvai domain
A0A087WUL8	[1089, 1129]	Olduvai domain
A0A087WUL8	[1239, 1273]	Olduvai domain
A0A087WUL8	[1333, 1373]	Olduvai domain
A0A087WUL8	[1483, 1517]	Olduvai domain
A0A087WUL8	[1577, 1617]	Olduvai domain
A0A087WUL8	[1727, 1761]	Olduvai domain
A0A087WUL8	[1821, 1861]	Olduvai domain
A0A087WUL8	[1971, 2005]	Olduvai domain
A0A087WUL8	[2065, 2105]	Olduvai domain
A0A087WUL8	[2215, 2249]	Olduvai domain
A0A087WUL8	[2309, 2349]	Olduvai domain
A0A087WUL8	[2459, 2493]	Olduvai domain
A0A087WUL8	[2553, 2593]	Olduvai domain
A0A087WUL8	[2703, 2737]	Olduvai domain
A0A087WUL8	[2797, 2837]	Olduvai domain
A0A087WUL8	[2947, 2981]	Olduvai domain
A0A087WUL8	[3041, 3081]	Olduvai domain
A0A087WUL8	[3191, 3225]	Olduvai domain
A0A087WUL8	[3285, 3325]	Olduvai domain
A0A087WUL8	[3435, 3469]	Olduvai domain
A0A087WUL8	[3529, 3569]	Olduvai domain
A0A087WUL8	[3679, 3713]	Olduvai domain
O00635	[5, 71]	zinc finger of C3HC4-type, RING
O00635	[82, 135]	B-box zinc finger
O14770	[96, 114]	TALE/MEIS homeobox family N-terminal domain
O76013	[293, 309]	Intermediate filament protein
P17405	[215, 237]	Calcineurin-like phosphoesterase
P17405	[582, 600]	Acid sphingomyelin phosphodiesterase C-terminal region
Q12882	[18, 97]	Dihydroprymidine dehydrogenase domain II, 4Fe-4S cluster
Q12882	[951, 990]	4Fe-4S dicluster domain
Q13472	[647, 670]	Topoisomerase DNA binding C4 zinc finger
Q13472	[802, 852]	GRF zinc finger
Q13472	[886, 939]	GRF zinc finger
Q7LC44	[85, 105]	Arc MA domain
Q8IYW5	[3, 52]	Prokaryotic RING finger family 4
Q8NE65	[335, 358]	Zinc finger, C2H2 type
Q8WU39	[160, 187]	TLR4 regulator and MIR-interacting MSAP
Q96A25	[49, 68]	Transmembrane protein 106 N-terminal region
Q96MT3	[180, 204]	LIM domain
Q96MT3	[248, 315]	LIM domain
Q9H1E1	[40, 143]	Pancreatic ribonuclease
Q9H8L6	[75, 101]	EMI domain
Q9H8L6	[116, 134]	EMI domain
Q9UPU3	[714, 746]	Sortilin, neurotensin receptor 3, C-terminal
Q9UPU3	[780, 825]	Sortilin, neurotensin receptor 3, C-terminal
C9J302	[58, 93]	Domain of unknown function (DUF4722)
C9J302	[126, 188]	Domain of unknown function (DUF4722)
H3BQL2	[606, 624]	GM130 C-terminal binding motif
O00463	[45, 68]	TNF receptor-associated factor 2/3/5, RING domain
O00463	[185, 238]	TRAF-type zinc finger
O15164	[232, 251]	B-box zinc finger
O15164	[818, 854]	PHD-finger
O60565	[83, 183]	DAN domain
P01215	[27, 45]	Glycoprotein hormone
P01589	[16, 91]	Sushi repeat (SCR repeat)
P20160	[171, 222]	Trypsin
P51654	[61, 81]	Glypican
P58658	[82, 128]	D-galactoside/L-rhamnose binding SUEL lectin domain
P63267	[0, 20]	Actin
Q13443	[536, 579]	ADAM cysteine-rich
Q13443	[593, 630]	ADAM cysteine-rich
Q2Q1W2	[50, 103]	Zinc finger, C3HC4 type (RING finger)
Q2Q1W2	[275, 310]	B-box zinc finger
Q5SWL8	[450, 475]	PRAME C-terminal domain
Q5TAX3	[954, 975]	Poly(A) RNA polymerase, mitochondrial-like, central palm domain
Q5TAX3	[1287, 1308]	Zinc knuckle
Q5TAX3	[1348, 1381]	Zinc knuckle
Q8IZQ1	[3206, 3228]	WD domain, G-beta repeat
Q8IZQ1	[3449, 3525]	FYVE zinc finger
Q8NCN2	[419, 445]	Zinc finger, C2H2 type
Q92765	[101, 127]	Fz domain
Q99728	[39, 93]	zf-RING of BARD1-type protein
Q9BYR8	[0, 97]	Keratin, high-sulphur matrix protein
Q9HAR2	[51, 105]	D-galactoside/L-rhamnose binding SUEL lectin domain
Q9HAR2	[1112, 1130]	Latrophilin Cytoplasmic C-terminal region
Q9NSA2	[521, 542]	Domain of unknown function (DUF3399)
Q9UKF5	[336, 367]	Reprolysin (M12B) family zinc metalloprotease
Q9Y3D2	[88, 114]	SelR domain
Q9Y3D2	[135, 176]	SelR domain
A0AAG2TVR5	[599, 617]	GM130 C-terminal binding motif
A0ABJ7H351	[394, 415]	RNA-binding, Nab2-type zinc finger
O15265	[341, 367]	SCA7, zinc-binding domain
O75173	[325, 354]	Reprolysin (M12B) family zinc metalloprotease
O75173	[608, 691]	ADAMTS cysteine-rich domain
O75604	[464, 486]	Ubiquitin carboxyl-terminal hydrolase
P23743	[266, 290]	Phorbol esters/diacylglycerol binding domain (C1 domain)
P49757	[154, 183]	Phosphotyrosine interaction domain (PTB/PID)
P55201	[315, 344]	PHD-zinc-finger like domain
P55201	[381, 411]	PHD-zinc-finger like domain
P56159	[25, 51]	GDNF/GAS1 domain
P56159	[70, 92]	GDNF/GAS1 domain
P56159	[145, 199]	GDNF/GAS1 domain
P56159	[212, 251]	GDNF/GAS1 domain
P56159	[303, 320]	GDNF/GAS1 domain
Q17R98	[365, 382]	Zinc finger, C2H2 type
Q4UJ75	[90, 108]	Ankyrin repeats (3 copies)
Q6NUJ1	[15, 76]	Saposin A-type domain
Q6NUJ1	[88, 111]	Saposin-like type B, region 1
Q6NUJ1	[459, 514]	Saposin A-type domain
Q6VAB6	[117, 158]	SAM like domain present in kinase suppressor RAS 1
Q86TB3	[94, 115]	Immunoglobulin I-set domain
Q8WTQ1	[30, 50]	Beta defensin
Q96E35	[186, 221]	MYND finger
Q9NPC7	[490, 513]	C2H2-type zinc finger
Q9NXA8	[196, 219]	Sir2 family
Q9NYQ6	[2067, 2100]	Hormone receptor domain
Q9P0J7	[0, 16]	Zinc finger, ZZ type
Q9P0J7	[32, 58]	Zinc finger, ZZ type
Q9P0J7	[69, 122]	Drought induced 19 protein (Di19), zinc-binding
Q9Y614	[311, 329]	Actin
A6NCS6	[259, 289]	Domain of unknown function (DUF4630)
A8MZG2	[68, 91]	Domain of unknown function (DUF4644)
A8MZG2	[157, 180]	Domain of unknown function (DUF4644)
O60291	[268, 284]	Zinc finger, C3HC4 type (RING finger)
P05156	[57, 115]	Complement factor I, KAZAL domain
P05156	[179, 201]	Scavenger receptor cysteine-rich domain
P05156	[236, 302]	Low-density lipoprotein receptor domain class A
P05156	[513, 529]	Trypsin
P24928	[60, 89]	RNA polymerase Rpb1, domain 1
P24928	[137, 163]	RNA polymerase Rpb1, domain 1
P48448	[128, 144]	Aldehyde dehydrogenase family
Q2TBF2	[180, 213]	WSC domain
Q2TBF2	[282, 307]	WSC domain
Q5JWF8	[101, 121]	Actin
Q8NA19	[368, 408]	Zinc finger, C2HC type
Q96JP2	[804, 825]	Myosin head (motor domain)
Q9BY14	[43, 59]	u-PAR/Ly-6 domain
Q9BY14	[130, 186]	u-PAR/Ly-6 domain
Q9BYU5	[0, 127]	Keratin, high sulfur B2 protein
Q9P0N8	[53, 93]	RING-variant domain
Q9UJK0	[55, 79]	Possible Fer4-like domain in RNase L inhibitor, RLI
Q9Y561	[155, 215]	Low-density lipoprotein receptor domain class A
Q9Y561	[238, 254]	Low-density lipoprotein receptor domain class A
A6NN73	[572, 596]	GM130 C-terminal binding motif
O43541	[240, 279]	MH1 domain
O75398	[493, 549]	MYND finger
O75800	[385, 439]	MYND finger
O94772	[25, 73]	u-PAR/Ly-6 domain
P25713	[0, 67]	Metallothionein
P55789	[142, 204]	Erv1 / Alr family
Q15052	[299, 315]	RhoGEF domain
Q8WXK3	[114, 129]	Ankyrin repeats (3 copies)
Q9NP84	[28, 65]	Tumour necrosis factor receptor stn_TNFRSF12A_TNFR domain
Q9NP84	[108, 128]	Tumour necrosis factor receptor stn_TNFRSF12A_TNFR domain
Q9UNA0	[373, 400]	Reprolysin (M12B) family zinc metalloprotease
Q9UNA0	[485, 506]	ADAMTS cysteine-rich domain 2
Q9UNA0	[687, 737]	ADAMTS cysteine-rich domain
Q9UNA0	[880, 928]	Thrombospondin type 1 domain
A6NCQ9	[3, 35]	RING-type zinc-finger
F2Z333	[6, 78]	Fibronectin type III domain-containing protein 10
O60575	[32, 57]	Kazal-type serine protease inhibitor domain
P40967	[508, 545]	PKAT, KLD domain
Q12891	[364, 382]	Hyaluronidase
Q5VYV7	[265, 285]	Uncharacterized protein family UPF0492
Q6N043	[615, 639]	POGZ-like double zinc finger
Q6N043	[708, 738]	Z280C/D-like C2H2 zinc finger
Q8IV16	[54, 145]	Snake toxin and toxin-like protein
Q8IY57	[16, 48]	Zn-finger in Ran binding protein and others
Q8N7M2	[338, 376]	Zinc finger, C2H2 type
Q8TAV0	[0, 123]	FAM76 protein
Q8TE04	[383, 403]	Fumble
Q8WY64	[349, 433]	Zinc finger, C3HC4 type (RING finger)
Q92752	[114, 332]	Teneurin EGF domain
Q969K3	[95, 111]	E3 ubiquitin-protein ligase CARP1/2, FYVE/PHD zinc finger
Q969K3	[136, 158]	RNF34/RFFL SAP domain
Q969K3	[314, 358]	Zinc finger, C3HC4 type (RING finger)
Q96F44	[0, 68]	zinc finger of C3HC4-type, RING
Q96F44	[81, 123]	B-box zinc finger
Q96T25	[425, 483]	C2H2 zinc finger
Q9BWX1	[237, 339]	G2E3-like, PHD zinc finger domain
Q9NPC3	[34, 49]	zinc-RING finger domain
Q9NPY3	[154, 179]	Lectin C-type domain
O75717	[685, 700]	Minichromosome loss protein, Mcl1, middle region
O94762	[419, 443]	RecQ zinc-binding
P0CJ92	[607, 626]	GM130 C-terminal binding motif
P31629	[1797, 1813]	Zinc finger, C2H2 type
P54793	[565, 583]	C-terminal region of aryl-sulfatase
Q13702	[370, 411]	Ring finger domain
Q6ZSG2	[296, 322]	FAM196 family
Q6ZSG2	[396, 419]	FAM196 family
Q86WW8	[0, 47]	Cytochrome c oxidase assembly protein PET191
Q8IYA8	[493, 522]	Interactor of HORMAD1 protein 1
Q8WTR7	[200, 223]	Zinc finger, C2H2 type
Q92563	[326, 385]	Thyroglobulin type-1 repeat
Q9BS86	[306, 341]	Zona-pellucida-binding protein (Sp38) C-terminal EGF-like domain
Q9H7B4	[46, 98]	SET domain
O15015	[233, 253]	Zinc finger, C2H2 type
O15015	[285, 308]	Zinc finger, C2H2 type
O15015	[1355, 1378]	Zinc finger, C2H2 type
P50238	[0, 76]	LIM domain
Q5GAN6	[108, 192]	Pancreatic ribonuclease
Q5T953	[239, 309]	Immediate early response protein (IER)
Q5T953	[323, 352]	Immediate early response protein (IER)
Q6P3V2	[233, 256]	Zinc finger, C2H2 type
Q6P3V2	[289, 312]	Zinc finger, C2H2 type
Q6P3V2	[373, 396]	Zinc finger, C2H2 type
Q8N7Q3	[524, 575]	Zinc-finger double domain
Q8WXA2	[52, 79]	u-PAR/Ly-6 domain
Q92959	[433, 455]	Organic Anion Transporter Polypeptide (OATP) family
Q9BZY9	[84, 103]	B-box zinc finger
Q9NQV7	[379, 403]	C2H2-type zinc finger
Q9NQV7	[571, 588]	Zinc finger, C2H2 type
Q9UBT3	[30, 113]	Dickkopf N-terminal cysteine-rich region
Q9UBT3	[134, 223]	Dickkopf-related protein 1/2/4, C-terminal subdomain 2
Q9Y4P1	[281, 310]	Peptidase C54 catalytic domain
A6NDY2	[36, 72]	Zinc knuckle
O14638	[53, 85]	Somatomedin B domain
O14638	[105, 157]	Somatomedin B domain
O15084	[463, 480]	Ankyrin repeat
P02774	[67, 131]	Serum albumin family
P02774	[256, 302]	Serum albumin family
P02774	[364, 388]	Serum albumin family
P02774	[441, 467]	Vitamin D binding protein, domain III
P07225	[47, 72]	Vitamin K-dependent carboxylation/gamma-carboxyglutamic (GLA) domain
P12111	[3138, 3171]	Kunitz/Bovine pancreatic trypsin inhibitor domain
P82987	[380, 410]	Thrombospondin type 1 domain
P82987	[423, 448]	Thrombospondin type 1 domain
P82987	[497, 543]	Thrombospondin type 1 domain
P82987	[565, 634]	Thrombospondin type 1 domain
Q6AZZ1	[52, 69]	zinc finger of C3HC4-type, RING
Q6AZZ1	[107, 129]	B-box zinc finger
Q6ZT12	[139, 196]	Putative zinc finger in N-recognin (UBR box)
Q8NAN2	[169, 189]	Mitoguardin
Q9P1U0	[67, 125]	Transcription factor S-II (TFIIS)
A0A0A0MS06	[77, 100]	Immunoglobulin V-set domain
D6RA61	[101, 135]	Ubiquitin carboxyl-terminal hydrolase
O60516	[37, 69]	Eukaryotic translation initiation factor 4E binding protein (EIF4EBP)
O75912	[252, 272]	Phorbol esters/diacylglycerol binding domain (C1 domain)
O94910	[94, 110]	D-galactoside/L-rhamnose binding SUEL lectin domain
P30876	[1126, 1147]	RNA polymerase Rpb2, domain 7
Q6P4F2	[100, 123]	2Fe-2S iron-sulfur cluster binding domain
Q6UWI4	[73, 97]	Shisa, N-terminal domain
Q96EY1	[225, 301]	DnaJ C terminal domain
A2RRL7	[39, 61]	TMEM213 family
A6NKH3	[34, 60]	Ribosomal L37ae protein family
P08235	[592, 672]	Double treble clef zinc finger, C4 type
P15248	[37, 77]	Interleukin-9
P15248	[99, 120]	Interleukin-9
P61927	[8, 46]	Ribosomal protein L37e
P78539	[72, 135]	Sushi repeat (SCR repeat)
P78539	[240, 296]	Sushi repeat (SCR repeat)
Q49A17	[551, 572]	Ricin-type beta-trefoil lectin domain
Q6ZN54	[473, 501]	Rubicon Homology Domain
Q86YV0	[527, 561]	GTPase-activator protein for Ras-like GTPase
Q92499	[531, 553]	Helicase conserved C-terminal domain
Q96RM1	[0, 71]	Small proline-rich 2
Q9UK80	[424, 449]	Ubiquitin carboxyl-terminal hydrolase
A8MXJ8	[36, 72]	Zinc knuckle
O95405	[694, 729]	FYVE zinc finger
O95405	[772, 792]	Smad anchor for receptor activation (SARA)
P0DX52	[611, 629]	GM130 C-terminal binding motif
P35398	[62, 142]	Double treble clef zinc finger, C4 type
Q15436	[420, 448]	Sec23/Sec24 beta-sandwich domain
Q16663	[91, 108]	Small cytokines (intecrine/chemokine), interleukin-8 like
Q6A162	[114, 139]	Intermediate filament protein
Q86XF7	[60, 105]	Zinc finger, C2H2 type
Q8N4L2	[47, 130]	Transmembrane protein 55A
Q8NEK5	[188, 229]	Zinc finger, C2H2 type
Q8NEK5	[244, 289]	Zinc finger, C2H2 type
Q8NEK5	[300, 323]	Zinc finger, C2H2 type
Q8NEK5	[384, 428]	Zinc finger, C2H2 type
Q8NG27	[583, 605]	Ring finger domain
Q8TBJ5	[362, 394]	Zinc finger, C2H2 type
Q8TBJ5	[408, 436]	Zinc finger, C2H2 type
Q93091	[43, 64]	Pancreatic ribonuclease
Q93091	[84, 112]	Pancreatic ribonuclease
Q969P5	[324, 341]	F-box only protein 25 C-terminal domain
Q96DM1	[530, 566]	DDE_Tnp_1-like zinc finger
Q96L21	[0, 24]	Ribosomal protein L16p/L10e
Q99944	[27, 46]	EMI domain
Q9BXT4	[159, 215]	MYND finger
Q9ULU4	[99, 139]	PHD-finger
Q9ULU4	[1045, 1064]	ZMYND11/ZMYD8, MYND zinc finger
Q9Y5J6	[29, 56]	Tim10/DDP family zinc finger
O14924	[919, 972]	Unstructured region of RGS12
P08218	[202, 228]	Trypsin
P19793	[124, 204]	Double treble clef zinc finger, C4 type
P48960	[507, 523]	GPCR proteolysis site, GPS, motif
Q13501	[99, 163]	Zinc finger, ZZ type
Q8IXK0	[660, 675]	Zinc finger, FCS-type
Q8IYM9	[44, 68]	RING-type zinc-finger
Q8IYM9	[86, 106]	B-box zinc finger
Q9BQW3	[151, 179]	Transcription factor COE1 DNA-binding domain
Q9H741	[64, 80]	SREBP regulating gene protein
Q9H741	[99, 132]	SREBP regulating gene protein
Q9H741	[168, 198]	SREBP regulating gene protein
Q9Y508	[132, 169]	Drought induced 19 protein (Di19), zinc-binding
Q9Y5Q5	[200, 222]	Fz domain
Q9Y5Q5	[703, 738]	Scavenger receptor cysteine-rich domain
Q9Y5Q5	[775, 799]	Scavenger receptor cysteine-rich domain
A6H8Z2	[323, 398]	Protein FAM221A/B
O14904	[136, 166]	wnt family
O14904	[205, 238]	wnt family
O14904	[279, 364]	wnt family
O15031	[341, 373]	Sema domain
O15031	[463, 511]	Plexin repeat
O15031	[547, 583]	TIG domain
O15031	[763, 809]	Plexin-B, PSI domain
O15255	[0, 83]	CAAX box cerebral protein 1
O60542	[112, 133]	Transforming growth factor beta like domain
O60883	[334, 355]	7 transmembrane receptor (rhodopsin family)
O95218	[4, 43]	Zn-finger in Ran binding protein and others
O95218	[60, 97]	Zn-finger in Ran binding protein and others
P05305	[42, 59]	Endothelin family
P0DQW0	[19, 89]	Zinc-finger containing family
P23193	[252, 300]	Transcription factor S-II (TFIIS)
Q02297	[171, 230]	EGF-like domain
Q09472	[340, 423]	TAZ zinc finger
Q09472	[1236, 1258]	Histone acetyltransferase p300-like, PHD domain
Q13642	[0, 54]	FHL2/3 N-terminal LIM domain
Q13642	[71, 110]	LIM domain
Q13642	[151, 177]	LIM domain
Q7L0Q8	[92, 113]	Ras family
Q7L0Q8	[169, 189]	Ras family
Q7L273	[335, 367]	Pentapeptide repeats (8 copies)
Q8NAA6	[145, 170]	Family of unknown function (DUF5556)
Q8TB52	[0, 33]	TRAF-like zinc-finger
Q8TB52	[61, 89]	TRAF-like zinc-finger
Q99942	[16, 36]	Zinc finger, C3HC4 type (RING finger)
Q99942	[48, 76]	Zinc finger, C3HC4 type (RING finger)
Q9P2E2	[3, 47]	Kinesin motor domain
Q9UIL8	[69, 141]	PHD-like zinc-binding domain
A6NLC5	[17, 49]	UPF0524 of C3orf70
P04035	[815, 841]	Hydroxymethylglutaryl-coenzyme A reductase
Q13427	[36, 60]	Cyclophilin type peptidyl-prolyl cis-trans isomerase/CLD
Q6IQ49	[17, 50]	Vertebrate Splicing regulator sde2, N-terminal ubiquitin domain
Q8IY34	[133, 150]	POT family
Q8NCQ7	[50, 147]	Phospholipase A2
Q9H7H0	[390, 414]	Mitochondrial small ribosomal subunit Rsm22
Q9NXH9	[366, 396]	N2,N2-dimethylguanosine tRNA methyltransferase
Q9NXH9	[595, 630]	Zinc finger C-x8-C-x5-C-x3-H type (and similar)
Q9Y5T5	[37, 91]	Zn-finger in ubiquitin-hydrolases and other protein
Q9Y5T5	[647, 671]	Ubiquitin carboxyl-terminal hydrolase
P03951	[125, 144]	PAN domain
P03951	[339, 355]	PAN domain
P03951	[534, 583]	Trypsin
P0DV75	[36, 72]	Zinc knuckle
P17900	[115, 137]	ML domain
P18065	[32, 140]	Insulin-like growth factor binding protein
P18065	[250, 315]	Thyroglobulin type-1 repeat
P29590	[46, 100]	Zinc finger, C3HC4 type (RING finger)
P54756	[384, 417]	Fibronectin type III domain
P61221	[5, 37]	Possible Fer4-like domain in RNase L inhibitor, RLI
Q6ZUV0	[4, 26]	Thioesterase superfamily
Q96K62	[394, 439]	Zinc finger, C2H2 type
Q9BYR7	[0, 97]	Keratin, high-sulphur matrix protein
Q9H3U7	[229, 290]	Thyroglobulin type-1 repeat
Q9P2N4	[698, 758]	ADAMTS cysteine-rich domain
Q9P2N4	[1792, 1822]	GON domain
Q9P2N4	[1852, 1871]	GON domain
Q9P2N4	[1904, 1931]	GON domain
Q9UIH9	[372, 395]	Zinc finger, C2H2 type
Q9Y4L5	[218, 247]	Ring finger domain
Q9Y4L5	[259, 277]	Ring finger domain
A4D1S0	[372, 408]	Lectin C-type domain
P02760	[220, 290]	Kunitz/Bovine pancreatic trypsin inhibitor domain
P02760	[319, 346]	Kunitz/Bovine pancreatic trypsin inhibitor domain
P03950	[39, 132]	Pancreatic ribonuclease
P54315	[308, 331]	Lipase
Q14994	[0, 75]	Double treble clef zinc finger, C4 type
Q66K64	[182, 214]	DDB1-and CUL4-substrate receptor 15, WD repeat
Q68D42	[135, 229]	TMEM215 family
Q6UY14	[49, 80]	Thrombospondin type 1 domain
Q6UY14	[353, 493]	ADAMTS cysteine-rich domain
Q96GM8	[276, 324]	CAF1 family ribonuclease
Q9HCM1	[1161, 1224]	Domain of unknown function (DUF4617)
Q9NYJ1	[23, 73]	CHCH domain
Q9Y324	[127, 144]	Fcf1
O94813	[25, 43]	Leucine rich repeat N-terminal domain
O94813	[265, 295]	Leucine rich repeat N-terminal domain
P16035	[141, 162]	Tissue inhibitor of metalloproteinase
P37231	[177, 198]	Double treble clef zinc finger, C4 type
P38398	[53, 73]	Zinc finger, C3HC4 type (RING finger)
Q3SY56	[305, 328]	Zinc finger, C2H2 type
Q68G74	[133, 148]	LIM domain
Q6W4X9	[658, 721]	Trypsin Inhibitor like cysteine rich domain
Q6W4X9	[1080, 1109]	C8 domain
Q7Z2Y8	[2280, 2305]	Interferon-induced very large GTPase 1, C-terminal domain
Q8IZS8	[1040, 1072]	Neuronal voltage-dependent calcium channel alpha 2acd
Q96HE7	[86, 113]	Endoplasmic Reticulum Oxidoreductin 1 (ERO1)
Q96RJ3	[8, 26]	BAFF-R, TALL-1 binding
Q9HBE1	[530, 562]	Putative zinc-finger between two C2H2 zinc-fingers on Patz
Q9HBL0	[23, 76]	Phorbol esters/diacylglycerol binding domain (C1 domain)
A4D0S4	[19, 39]	Laminin N-terminal (Domain VI)
A8MQT2	[577, 600]	GM130 C-terminal binding motif
O60927	[49, 71]	Protein phosphatase inhibitor
O75808	[141, 175]	Zn-finger in Ran binding protein and others
O95267	[571, 600]	Phorbol esters/diacylglycerol binding domain (C1 domain)
P0DKL9	[82, 134]	ARF7 effector protein C-terminus
P51617	[475, 509]	Protein kinase domain
P78317	[121, 185]	Ring finger domain
Q14CN2	[176, 214]	Calcium-activated chloride channel N terminal
Q7L590	[389, 411]	Primase zinc finger
Q7L590	[804, 845]	Mcm10, C-terminal zinc binding motif
Q8WWZ8	[69, 120]	Uromodulin-like, D8C domain
Q96QT6	[48, 111]	PHD-finger
Q96QT6	[263, 286]	PHD-finger
Q9HC23	[24, 45]	Prokineticin
Q9HC23	[59, 80]	Prokineticin
Q9HC23	[93, 115]	Prokineticin
Q9P2D8	[367, 423]	Protein unc-79 homolog, N-terminal region
Q9ULW8	[149, 181]	Protein-arginine deiminase (PAD) middle domain
Q9Y2Y1	[5, 37]	RNA polymerases M/15 Kd subunit
Q9Y2Y1	[58, 107]	Transcription factor S-II (TFIIS)
Q04900	[50, 71]	Multi-glycosylated core protein 24 (MGC-24), sialomucin
Q04900	[83, 118]	Multi-glycosylated core protein 24 (MGC-24), sialomucin
Q96LR4	[33, 92]	TAFA family
Q96LR4	[109, 139]	TAFA family
Q9BZM1	[58, 157]	Group XII secretory phospholipase A2 precursor (PLA2G12)
Q9BZM1	[168, 188]	Group XII secretory phospholipase A2 precursor (PLA2G12)
