Accession_number	Region	Domain
A6NGW2	[315, 361]	No_PFAM_overlap
A6NGW2	[494, 525]	No_PFAM_overlap
A6NGW2	[1106, 1130]	No_PFAM_overlap
A6NGW2	[1425, 1480]	No_PFAM_overlap
A6NIY4	[135, 159]	No_PFAM_overlap
O43182	[181, 196]	No_PFAM_overlap
O43182	[236, 257]	No_PFAM_overlap
O43304	[216, 232]	No_PFAM_overlap
O43304	[656, 676]	No_PFAM_overlap
O43827	[110, 133]	Fibrinogen beta and gamma chains, C-terminal globular domain
O75093	[241, 306]	Leucine rich repeat N-terminal domain
O75093	[460, 545]	Leucine rich repeat C-terminal domain
O75093	[704, 753]	Leucine rich repeat N-terminal domain
O75093	[886, 1164]	Human growth factor-like EGF
O75093	[1330, 1532]	No_PFAM_overlap
O75678	[77, 160]	RFPL defining motif (RDM)
O75678	[345, 366]	SPRY domain
P04275	[187, 392]	C8 domain
P04275	[518, 750]	C8 domain
P04275	[761, 863]	Von Willebrand factor-like domain
P04275	[1013, 1263]	C8 domain
P04275	[1900, 1954]	von Willebrand factor type D domain
P04275	[2156, 2587]	C8 domain
P04275	[2614, 2812]	von Willebrand factor type C domain
P0C875	[208, 234]	No_PFAM_overlap
P58005	[6, 44]	PA26 p53-induced protein (sestrin)
Q05329	[44, 91]	No_PFAM_overlap
Q13018	[208, 233]	Fibronectin type II domain
Q14585	[0, 65]	Zinc finger, C2H2 type
Q14585	[76, 487]	Zinc finger, C2H2 type
Q15818	[27, 80]	No_PFAM_overlap
Q16394	[87, 104]	No_PFAM_overlap
Q53EZ4	[440, 463]	No_PFAM_overlap
Q7Z7K2	[148, 321]	Zinc finger, C2H2 type
Q7Z7K2	[349, 392]	No_PFAM_overlap
Q7Z7K2	[426, 563]	Zinc finger, C2H2 type
Q8IWV7	[572, 601]	No_PFAM_overlap
Q8IWV7	[1088, 1149]	No_PFAM_overlap
Q8IXZ3	[330, 433]	Zinc finger, C2H2 type
Q8N4H0	[138, 157]	No_PFAM_overlap
Q8NAF0	[211, 244]	No_PFAM_overlap
Q8NAF0	[267, 320]	Zinc finger, C2H2 type
Q8NAF0	[381, 468]	Zinc finger, C2H2 type
Q8WWI1	[545, 579]	No_PFAM_overlap
Q8WWI1	[593, 648]	Domain of unknown function (DUF4757)
Q96Q89	[644, 673]	No_PFAM_overlap
Q9BRZ2	[1, 232]	RING-type zinc-finger
Q9BRZ2	[342, 369]	No_PFAM_overlap
Q9BRZ2	[485, 529]	No_PFAM_overlap
Q9C0I4	[123, 264]	Spondin-like TSP1 domain
Q9C0I4	[304, 899]	Spondin-like TSP1 domain
Q9P203	[615, 643]	No_PFAM_overlap
Q9UL59	[212, 603]	Zinc finger, C2H2 type
A0A1W2PQ72	[108, 125]	No_PFAM_overlap
O00411	[153, 193]	No_PFAM_overlap
O43915	[107, 343]	CXCXC repeat
O75069	[215, 236]	No_PFAM_overlap
O75179	[226, 248]	No_PFAM_overlap
Q09MP3	[36, 79]	No_PFAM_overlap
Q09MP3	[312, 380]	No_PFAM_overlap
Q09MP3	[693, 720]	No_PFAM_overlap
Q09MP3	[762, 832]	No_PFAM_overlap
Q09MP3	[1138, 1158]	RAD51 interacting motif
Q12802	[245, 278]	No_PFAM_overlap
Q12802	[1799, 1842]	No_PFAM_overlap
Q15723	[298, 336]	No_PFAM_overlap
Q15723	[460, 485]	No_PFAM_overlap
Q5EBM0	[30, 54]	No_PFAM_overlap
Q5EBM0	[178, 221]	No_PFAM_overlap
Q5I0X7	[34, 60]	Tetratricopeptide repeat
Q5TC79	[385, 458]	Zinc finger, C2H2 type
Q6ZUB1	[290, 325]	No_PFAM_overlap
Q6ZUB1	[1348, 1374]	No_PFAM_overlap
Q8N823	[67, 124]	No_PFAM_overlap
Q8N823	[228, 703]	Zinc finger, C2H2 type
Q8WTW3	[622, 642]	No_PFAM_overlap
Q92918	[803, 821]	No_PFAM_overlap
Q92954	[21, 109]	Somatomedin B domain
Q96C00	[384, 463]	No_PFAM_overlap
Q96LP6	[11, 121]	Domain of unknown function (DUF4607)
Q96QE4	[515, 554]	No_PFAM_overlap
Q96QE4	[734, 762]	No_PFAM_overlap
Q9NQ11	[874, 910]	No_PFAM_overlap
Q9NZV7	[325, 412]	C2H2-type zinc finger
Q9NZV7	[442, 526]	Zinc finger, C2H2 type
Q9UK11	[87, 118]	No_PFAM_overlap
Q9UK11	[143, 481]	Zinc finger, C2H2 type
Q9Y297	[1, 136]	No_PFAM_overlap
A0AAQ5BHU3	[942, 990]	Retro-transcribing viruses envelope glycoprotein
A6NC57	[400, 444]	No_PFAM_overlap
M0R2J8	[920, 975]	No_PFAM_overlap
M0R2J8	[1093, 1117]	No_PFAM_overlap
M0R2J8	[1149, 1172]	No_PFAM_overlap
O00451	[145, 359]	GDNF/GAS1 domain
O14545	[0, 142]	TRAFD1/XAF1, zinc finger
O14545	[239, 304]	No_PFAM_overlap
O75969	[0, 26]	No_PFAM_overlap
O75969	[106, 121]	No_PFAM_overlap
O75969	[141, 186]	A-kinase anchor protein 110 kDa (AKAP 110)
P0DH78	[15, 87]	RING-type zinc-finger
P20701	[1000, 1018]	No_PFAM_overlap
P24278	[327, 414]	Zinc finger, C2H2 type
P25445	[40, 191]	TNFR/NGFR cysteine-rich region
Q13114	[137, 266]	TRAF-type zinc finger
Q13118	[372, 462]	Zinc finger, C2H2 type
Q14957	[418, 448]	No_PFAM_overlap
Q14957	[1103, 1179]	No_PFAM_overlap
Q15849	[77, 96]	No_PFAM_overlap
Q2TV78	[42, 250]	Kringle domain
Q2TV78	[289, 318]	No_PFAM_overlap
Q2TV78	[461, 481]	No_PFAM_overlap
Q2YD98	[185, 209]	No_PFAM_overlap
Q2YD98	[298, 315]	No_PFAM_overlap
Q5THR3	[971, 999]	No_PFAM_overlap
Q5VVW2	[441, 488]	No_PFAM_overlap
Q659A1	[358, 397]	No_PFAM_overlap
Q7Z4F1	[312, 430]	Low-density lipoprotein receptor domain class A
Q8TC92	[59, 143]	No_PFAM_overlap
Q8TDJ6	[2776, 2791]	No_PFAM_overlap
Q8WXS8	[463, 742]	ADAMTS cysteine-rich domain
Q8WXS8	[861, 1100]	Thrombospondin type 1 domain
Q96L91	[2385, 2430]	No_PFAM_overlap
Q96NJ3	[173, 202]	No_PFAM_overlap
Q96NJ3	[222, 587]	Zinc finger, C2H2 type
Q9BY79	[419, 474]	Fz domain
Q9P2E3	[1255, 1575]	No_PFAM_overlap
Q9P2P1	[1022, 1071]	No_PFAM_overlap
Q9Y6Q9	[169, 284]	PAS domain
A5YM72	[217, 266]	No_PFAM_overlap
A5YM72	[524, 547]	No_PFAM_overlap
A5YM72	[783, 802]	No_PFAM_overlap
A8MWY0	[54, 142]	ELAPOR1-like, galactose-binding domain
A8MWY0	[285, 437]	ELAPOR1-like, galactose-binding domain
A8MWY0	[594, 677]	ELAPOR1-like, galactose binding domain
O14512	[367, 387]	No_PFAM_overlap
O60309	[823, 864]	No_PFAM_overlap
O60309	[1042, 1073]	No_PFAM_overlap
O75078	[140, 212]	Reprolysin family propeptide
O75078	[420, 592]	ADAM cysteine-rich
O75078	[656, 715]	Teneurin-like EGF domain
P16615	[324, 356]	No_PFAM_overlap
P17081	[185, 204]	No_PFAM_overlap
P55285	[577, 603]	Cadherin domain
P98164	[20, 376]	Low-density lipoprotein receptor domain class A
P98164	[967, 1425]	Low-density lipoprotein receptor domain class A
P98164	[2625, 3199]	Low-density lipoprotein receptor domain class A
P98164	[3464, 4056]	Low-density lipoprotein receptor domain class A
P98164	[4336, 4425]	No_PFAM_overlap
Q03426	[318, 395]	GHMP kinases C terminal
Q14865	[225, 250]	No_PFAM_overlap
Q14865	[616, 660]	No_PFAM_overlap
Q5H8A4	[602, 629]	No_PFAM_overlap
Q86YH2	[290, 485]	No_PFAM_overlap
Q8N4C7	[276, 293]	No_PFAM_overlap
Q8TEB1	[130, 147]	No_PFAM_overlap
Q8WWU5	[43, 77]	T-complex protein 11
Q96A70	[428, 456]	No_PFAM_overlap
Q9BV97	[173, 285]	Zinc finger, C2H2 type
Q9BV97	[313, 329]	No_PFAM_overlap
Q9UJJ9	[125, 155]	Glucosidase II beta subunit-like protein
Q9UKV0	[636, 664]	Histone deacetylase domain
Q9Y2H8	[131, 270]	No_PFAM_overlap
Q9Y2H8	[397, 682]	Zinc finger, C2H2 type
Q9Y5Y6	[449, 624]	Low-density lipoprotein receptor domain class A
A2VDJ0	[1246, 1277]	No_PFAM_overlap
A2VDJ0	[1559, 1608]	No_PFAM_overlap
A6NCL7	[257, 307]	No_PFAM_overlap
A6NCL7	[318, 343]	No_PFAM_overlap
O60353	[508, 529]	Frizzled/Smoothened family membrane region
P26022	[35, 58]	No_PFAM_overlap
P36269	[36, 54]	Gamma-glutamyltranspeptidase
P78386	[3, 126]	Intermediate filament protein
Q07954	[23, 200]	Calcium-binding EGF domain
Q07954	[462, 523]	No_PFAM_overlap
Q07954	[792, 1254]	Coagulation Factor Xa inhibitory site
Q07954	[1530, 1555]	No_PFAM_overlap
Q07954	[1839, 1899]	No_PFAM_overlap
Q07954	[2153, 2188]	No_PFAM_overlap
Q07954	[2468, 3023]	Complement Clr-like EGF-like
Q07954	[3286, 3866]	Coagulation Factor Xa inhibitory site
Q07954	[4146, 4407]	No_PFAM_overlap
Q13535	[940, 960]	No_PFAM_overlap
Q15366	[217, 238]	No_PFAM_overlap
Q5VV67	[299, 322]	No_PFAM_overlap
Q5VV67	[1603, 1659]	No_PFAM_overlap
Q6PK81	[183, 440]	Zinc finger, C2H2 type
Q6ZVN8	[21, 48]	Repulsive guidance molecule (RGM) N-terminal domain
Q6ZVN8	[143, 169]	Repulsive guidance molecule (RGM) C-terminal domain
Q76I76	[1253, 1297]	No_PFAM_overlap
Q7RTV3	[13, 28]	No_PFAM_overlap
Q7RTV3	[157, 253]	Zinc finger, C2H2 type
Q8IV33	[926, 960]	No_PFAM_overlap
Q8IZ73	[414, 430]	No_PFAM_overlap
Q8IZ73	[487, 508]	No_PFAM_overlap
Q8N7R7	[115, 133]	No_PFAM_overlap
Q8NEC7	[351, 366]	No_PFAM_overlap
Q8NEC7	[573, 627]	No_PFAM_overlap
Q8NG08	[49, 73]	No_PFAM_overlap
Q8NG08	[741, 798]	No_PFAM_overlap
Q8TBE9	[224, 241]	No_PFAM_overlap
Q8WUF8	[345, 397]	Arb2 domain
Q9H5I1	[0, 25]	No_PFAM_overlap
Q9H5I1	[375, 409]	No_PFAM_overlap
Q9HA64	[0, 16]	Fructosamine kinase
Q9HCU4	[38, 143]	No_PFAM_overlap
Q9HCU4	[1227, 1368]	No_PFAM_overlap
Q9HCU4	[1560, 1621]	EGF-like domain
Q9HCU4	[1785, 2019]	Laminin EGF domain
Q9P2D3	[1011, 1040]	No_PFAM_overlap
Q9P2D3	[1099, 1115]	No_PFAM_overlap
Q9P2D3	[1130, 1150]	No_PFAM_overlap
Q9Y5H2	[775, 811]	No_PFAM_overlap
A0ABB0MV19	[554, 581]	No_PFAM_overlap
A0ABB0MV19	[593, 611]	No_PFAM_overlap
A8MQ14	[76, 99]	No_PFAM_overlap
A8MQ14	[211, 1089]	Zinc finger, C2H2 type
O43155	[23, 44]	No_PFAM_overlap
O43155	[621, 652]	No_PFAM_overlap
O60242	[215, 245]	No_PFAM_overlap
O60242	[296, 556]	Thrombospondin type 1 domain
O60242	[1162, 1225]	No_PFAM_overlap
O95487	[538, 579]	No_PFAM_overlap
P02748	[34, 192]	Thrombospondin type 1 domain
P02748	[240, 262]	No_PFAM_overlap
P20774	[58, 117]	No_PFAM_overlap
Q06730	[157, 183]	No_PFAM_overlap
Q06730	[212, 778]	Zinc finger, C2H2 type
Q06732	[163, 188]	No_PFAM_overlap
Q06732	[205, 777]	Zinc finger, C2H2 type
Q0VG06	[151, 166]	No_PFAM_overlap
Q0VG06	[183, 217]	No_PFAM_overlap
Q0VG06	[338, 455]	Fanconi anemia-associated
Q0VGE8	[157, 176]	No_PFAM_overlap
Q0VGE8	[191, 650]	Zinc finger, C2H2 type
Q12918	[82, 103]	No_PFAM_overlap
Q13115	[142, 195]	Rhodanese-like domain
Q2QGD7	[176, 449]	Zinc finger, C2H2 type
Q5SVZ6	[12, 309]	Zinc finger MYM-type protein 4-like, TRASH domain
Q5SVZ6	[444, 500]	ZMYM1/FAM200, RNase-like domain
Q5SVZ6	[920, 936]	No_PFAM_overlap
Q5W0U4	[21, 60]	No_PFAM_overlap
Q6S9Z5	[83, 128]	zinc-finger of a C2HC-type
Q6S9Z5	[210, 257]	zinc-finger of a C2HC-type
Q6ZMQ8	[487, 542]	No_PFAM_overlap
Q86X10	[442, 475]	No_PFAM_overlap
Q86X10	[500, 525]	No_PFAM_overlap
Q86X10	[1216, 1235]	No_PFAM_overlap
Q8IVF1	[61, 152]	NUT protein
Q8IXI1	[534, 575]	No_PFAM_overlap
Q8NHL6	[146, 183]	No_PFAM_overlap
Q8TDY4	[687, 713]	No_PFAM_overlap
Q8TER0	[271, 920]	EGF-like domain
Q8TER0	[1308, 1396]	EGF-like domain
Q96CM8	[54, 82]	AMP-binding enzyme
Q96SZ5	[1, 17]	No_PFAM_overlap
Q9BRP4	[0, 46]	No_PFAM_overlap
Q9H6E5	[538, 585]	Cid1 family poly A polymerase
Q9H6E5	[595, 618]	No_PFAM_overlap
Q9NRE2	[137, 156]	No_PFAM_overlap
Q9NRE2	[173, 245]	No_PFAM_overlap
Q9NRE2	[259, 302]	No_PFAM_overlap
Q9NRE2	[357, 421]	No_PFAM_overlap
Q9NRE2	[999, 1021]	No_PFAM_overlap
Q9NTG1	[191, 226]	No_PFAM_overlap
Q9NTG1	[1039, 1054]	No_PFAM_overlap
Q9UBS8	[258, 277]	No_PFAM_overlap
Q9UBS8	[391, 470]	IBR domain
O15014	[250, 266]	No_PFAM_overlap
O15014	[289, 316]	ZNF609 small beta sheet domain
O15079	[452, 469]	No_PFAM_overlap
O75528	[0, 17]	No_PFAM_overlap
P25940	[208, 228]	No_PFAM_overlap
P56715	[1237, 1321]	No_PFAM_overlap
P56715	[2090, 2117]	No_PFAM_overlap
Q5VW22	[94, 115]	No_PFAM_overlap
Q76L83	[1122, 1159]	No_PFAM_overlap
Q7Z6R9	[116, 147]	No_PFAM_overlap
Q7Z6R9	[178, 222]	Transcription factor AP-2
Q8N9Z9	[52, 91]	No_PFAM_overlap
Q96PG2	[184, 206]	No_PFAM_overlap
Q96QU8	[288, 308]	No_PFAM_overlap
Q9NQ32	[233, 304]	No_PFAM_overlap
Q9UMS6	[89, 139]	No_PFAM_overlap
A0A1B0GTH6	[149, 175]	No_PFAM_overlap
A6NI61	[201, 220]	No_PFAM_overlap
O00548	[182, 527]	Delta serrate ligand
O15537	[26, 86]	F5/8 type C domain
O75095	[107, 456]	Complement Clr-like EGF-like
O75095	[502, 1504]	Laminin EGF domain
P01871	[0, 28]	Immunoglobulin C1-set domain
P57682	[259, 344]	Zinc finger, C2H2 type
Q14584	[80, 547]	Zinc finger, C2H2 type
Q15910	[69, 94]	No_PFAM_overlap
Q15910	[491, 614]	CXC domain
Q2KHN1	[6, 168]	Zinc finger, C3HC4 type (RING finger)
Q68CJ9	[134, 235]	No_PFAM_overlap
Q6ZMP0	[287, 341]	ADAMTS cysteine-rich domain
Q6ZMP0	[627, 1017]	PLAC (protease and lacunin) domain
Q6ZVT6	[72, 109]	No_PFAM_overlap
Q6ZWJ8	[77, 664]	von Willebrand factor type C domain
Q6ZWJ8	[683, 1221]	von Willebrand factor type C domain
Q6ZWJ8	[1337, 1546]	von Willebrand factor type D domain
Q86UE6	[21, 48]	No_PFAM_overlap
Q86UE6	[501, 521]	No_PFAM_overlap
Q8NDC4	[123, 144]	No_PFAM_overlap
Q8NDT2	[299, 327]	No_PFAM_overlap
Q96EX2	[362, 388]	Ring finger domain
Q96GW7	[642, 711]	Lectin C-type domain
Q9BUA6	[42, 96]	EF-hand domain
Q9Y2G3	[388, 429]	No_PFAM_overlap
Q9Y2G3	[496, 520]	No_PFAM_overlap
Q9Y2G3	[1098, 1156]	Phospholipid-translocating P-type ATPase C-terminal
A0A3B3IT33	[35, 137]	zinc finger of C3HC4-type, RING
O75486	[264, 287]	No_PFAM_overlap
O95069	[372, 422]	No_PFAM_overlap
Q05707	[1401, 1456]	No_PFAM_overlap
Q08999	[399, 427]	Retinoblastoma-associated protein A domain
Q09327	[159, 176]	No_PFAM_overlap
Q15813	[129, 158]	No_PFAM_overlap
Q16671	[13, 33]	No_PFAM_overlap
Q38SD2	[58, 83]	No_PFAM_overlap
Q4G163	[625, 684]	No_PFAM_overlap
Q4KMG0	[914, 931]	Fibronectin type III domain
Q4KMG0	[1102, 1132]	No_PFAM_overlap
Q5D0E6	[261, 282]	No_PFAM_overlap
Q5UE93	[257, 277]	Phosphoinositide 3-kinase gamma adapter protein p101 subunit
Q5W111	[0, 18]	No_PFAM_overlap
Q96BZ4	[85, 110]	No_PFAM_overlap
Q96BZ4	[488, 505]	No_PFAM_overlap
Q96T88	[285, 382]	PHD-finger
Q96T88	[400, 420]	SAD/SRA domain
Q96T88	[728, 776]	No_PFAM_overlap
Q9BTC0	[386, 431]	No_PFAM_overlap
Q9HC10	[766, 795]	No_PFAM_overlap
Q9HC10	[1245, 1290]	No_PFAM_overlap
Q9NZT2	[61, 99]	Opioid growth factor receptor (OGFr) conserved region
Q9P244	[25, 44]	No_PFAM_overlap
Q9ULH4	[0, 21]	No_PFAM_overlap
A6NCL1	[0, 30]	No_PFAM_overlap
A6NCL1	[271, 304]	Geminin coiled-coil domain-containing protein 1, C-terminal domain
O15244	[45, 125]	No_PFAM_overlap
O75326	[479, 537]	Plexin repeat
O75460	[329, 346]	No_PFAM_overlap
P07204	[22, 38]	No_PFAM_overlap
P07204	[171, 477]	Thrombomodulin like fifth domain, EGF-like
P0CH99	[122, 299]	Zinc finger, C2H2 type
P51888	[66, 96]	No_PFAM_overlap
P55196	[917, 950]	No_PFAM_overlap
P55196	[963, 984]	No_PFAM_overlap
Q01850	[317, 339]	No_PFAM_overlap
Q12769	[10, 46]	No_PFAM_overlap
Q13822	[46, 162]	Somatomedin B domain
Q14314	[27, 63]	No_PFAM_overlap
Q14314	[87, 105]	No_PFAM_overlap
Q14314	[180, 202]	No_PFAM_overlap
Q5K651	[146, 171]	No_PFAM_overlap
Q6ZN32	[203, 245]	No_PFAM_overlap
Q6ZN32	[281, 308]	No_PFAM_overlap
Q7Z407	[459, 504]	Sushi repeat (SCR repeat)
Q86WG5	[1623, 1642]	No_PFAM_overlap
Q8NFP7	[4, 20]	NUDIX domain
Q8TBP0	[33, 67]	No_PFAM_overlap
Q8TBP0	[362, 384]	No_PFAM_overlap
Q8TBP0	[697, 725]	No_PFAM_overlap
Q9BR61	[254, 275]	Ankyrin repeats (3 copies)
Q9HBH9	[358, 402]	Protein kinase domain
Q9UL17	[328, 357]	No_PFAM_overlap
Q9UPT8	[390, 490]	CCCH-type zinc finger
P00519	[0, 37]	No_PFAM_overlap
P16471	[593, 620]	No_PFAM_overlap
Q00532	[297, 355]	No_PFAM_overlap
Q03923	[90, 589]	Zinc finger, C2H2 type
Q13888	[267, 394]	TFIIH C1-like domain
Q3YBR2	[171, 186]	F/Y-rich N-terminus
Q3YBR2	[317, 342]	F/Y rich C-terminus
Q60I27	[566, 656]	No_PFAM_overlap
Q8N8U9	[6, 62]	No_PFAM_overlap
Q8N8U9	[527, 684]	C8 domain
Q8TEA1	[394, 424]	16S rRNA methyltransferase RsmB/F
Q8WYQ5	[72, 111]	No_PFAM_overlap
Q8WYQ5	[143, 164]	No_PFAM_overlap
Q96N67	[1264, 1279]	No_PFAM_overlap
Q96P44	[404, 445]	No_PFAM_overlap
Q96P44	[791, 817]	No_PFAM_overlap
Q9BZQ8	[4, 29]	No_PFAM_overlap
Q9BZR9	[0, 191]	RING-type zinc-finger
Q9BZR9	[461, 488]	No_PFAM_overlap
Q9HCL3	[163, 532]	C2H2-type zinc finger
Q9NSD7	[189, 211]	7 transmembrane receptor (rhodopsin family)
Q9UJX5	[544, 560]	No_PFAM_overlap
A8MT70	[414, 437]	No_PFAM_overlap
A8MT70	[576, 612]	No_PFAM_overlap
O43187	[458, 509]	No_PFAM_overlap
O43307	[71, 101]	No_PFAM_overlap
O43572	[102, 118]	No_PFAM_overlap
O75094	[250, 303]	Leucine rich repeat N-terminal domain
O75094	[457, 527]	Leucine rich repeat C-terminal domain
O75094	[691, 745]	Leucine rich repeat N-terminal domain
O75094	[880, 1144]	Human growth factor-like EGF
O75094	[1291, 1522]	EGF-like domain
O75820	[135, 625]	Zinc finger, C2H2 type
P0C7V9	[0, 29]	No_PFAM_overlap
P11926	[428, 460]	No_PFAM_overlap
P30511	[281, 296]	Immunoglobulin C1-set domain
Q01538	[778, 857]	Zinc finger, C2HC type
Q13129	[650, 738]	No_PFAM_overlap
Q13129	[930, 987]	No_PFAM_overlap
Q13129	[1039, 1066]	No_PFAM_overlap
Q13129	[1172, 1223]	Zinc finger, C2H2 type
Q13129	[1301, 1497]	No_PFAM_overlap
Q14573	[1552, 1574]	No_PFAM_overlap
Q14573	[2128, 2157]	No_PFAM_overlap
Q53RY4	[188, 235]	Beta-casein like protein
Q5T1R4	[190, 245]	Zinc finger, C2H2 type
Q5T1R4	[635, 674]	No_PFAM_overlap
Q5T1R4	[1614, 1640]	No_PFAM_overlap
Q5T1R4	[1732, 1818]	Zinc finger, C2H2 type
Q5TIA1	[1249, 1271]	No_PFAM_overlap
Q63HN1	[70, 117]	No_PFAM_overlap
Q6NSW7	[213, 300]	No_PFAM_overlap
Q6ZP01	[321, 483]	No_PFAM_overlap
Q6ZP01	[549, 587]	No_PFAM_overlap
Q7RTS6	[428, 460]	Otopetrin
Q8NB50	[136, 347]	C2H2-type zinc finger
Q8NB50	[358, 876]	Zinc finger, C2H2 type
Q8WWW0	[117, 218]	Phorbol esters/diacylglycerol binding domain (C1 domain)
Q93084	[326, 353]	No_PFAM_overlap
Q93084	[655, 678]	No_PFAM_overlap
Q96CX6	[324, 341]	No_PFAM_overlap
Q96F81	[68, 159]	No_PFAM_overlap
Q96F81	[324, 353]	No_PFAM_overlap
Q96F81	[1130, 1146]	No_PFAM_overlap
Q96F81	[1250, 1323]	No_PFAM_overlap
Q96F81	[1365, 1418]	No_PFAM_overlap
Q96F81	[1459, 1523]	No_PFAM_overlap
Q9BQ31	[420, 436]	No_PFAM_overlap
Q9BXK1	[128, 207]	Zinc finger, C2H2 type
Q9BY15	[17, 109]	Calcium-binding EGF domain
Q9BY15	[188, 208]	No_PFAM_overlap
Q9C0C7	[287, 318]	No_PFAM_overlap
Q9P0L9	[59, 87]	No_PFAM_overlap
Q9P2J9	[61, 76]	No_PFAM_overlap
Q9UNQ0	[585, 620]	ABC-2 type transporter
O14867	[130, 181]	No_PFAM_overlap
O14867	[456, 476]	No_PFAM_overlap
P05023	[348, 374]	No_PFAM_overlap
P05160	[114, 182]	Sushi repeat (SCR repeat)
P05160	[507, 525]	Sushi repeat (SCR repeat)
P14210	[109, 453]	Kringle domain
P31267	[137, 162]	Homeodomain
P35030	[47, 86]	Trypsin
P43694	[203, 310]	GATA zinc finger
P50851	[1461, 1477]	No_PFAM_overlap
P50851	[1678, 1703]	No_PFAM_overlap
Q15057	[698, 713]	Ankyrin repeats (3 copies)
Q16760	[953, 977]	Diacylglycerol kinase delta, helical domain
Q3SXZ3	[89, 476]	Zinc finger, C2H2 type
Q7Z2T5	[120, 144]	No_PFAM_overlap
Q7Z2T5	[154, 251]	N2,N2-dimethylguanosine tRNA methyltransferase
Q86YR6	[23, 124]	No_PFAM_overlap
Q8NCT3	[191, 234]	No_PFAM_overlap
Q8WTQ7	[533, 550]	No_PFAM_overlap
Q96EY4	[149, 180]	Translation machinery-associated protein 16
Q96PT3	[11, 38]	No_PFAM_overlap
O15056	[17, 38]	No_PFAM_overlap
O76015	[30, 122]	Intermediate filament protein
O76015	[407, 455]	Intermediate filament protein
O94889	[224, 277]	KLHDC2/KLHL20/DRC7 Kelch-repeats domain
P08571	[22, 41]	No_PFAM_overlap
P08571	[311, 334]	No_PFAM_overlap
P35713	[321, 383]	No_PFAM_overlap
P35789	[106, 618]	Zinc finger, C2H2 type
P38567	[429, 470]	Hyaluronidase
Q07864	[642, 670]	No_PFAM_overlap
Q304Z4	[322, 353]	No_PFAM_overlap
Q6IQ55	[438, 514]	No_PFAM_overlap
Q6ZS27	[13, 89]	No_PFAM_overlap
Q6ZS27	[197, 425]	Zinc finger, C2H2 type
Q71F56	[590, 645]	No_PFAM_overlap
Q71F56	[956, 972]	No_PFAM_overlap
Q71F56	[1151, 1171]	No_PFAM_overlap
Q8NE63	[374, 394]	No_PFAM_overlap
Q96F07	[1258, 1277]	No_PFAM_overlap
Q96HD1	[128, 352]	Calcium-binding EGF domain
Q9BU40	[27, 192]	VWC2L-like domain
Q9BV87	[255, 364]	No_PFAM_overlap
Q9H1A4	[982, 999]	Anaphase-promoting complex subunit 1 middle domain
Q9H582	[403, 565]	Zinc finger, C2H2 type
Q9H582	[943, 1019]	No_PFAM_overlap
Q9H9S0	[213, 300]	No_PFAM_overlap
Q9HC78	[66, 94]	BTB/POZ domain
Q9HC78	[233, 258]	No_PFAM_overlap
Q9NSK0	[432, 500]	Tetratricopeptide repeat
Q9NYL9	[145, 186]	Tropomodulin
Q9UET6	[207, 245]	No_PFAM_overlap
A2RUB1	[23, 70]	No_PFAM_overlap
A2RUB1	[254, 339]	No_PFAM_overlap
A2RUB1	[735, 754]	Meiosis-specific coiled-coil domain-containing protein MEIOC
A3QJZ6	[122, 153]	PRAME C-terminal domain
O00161	[69, 95]	SNAP-25 family
O15194	[33, 62]	No_PFAM_overlap
O15305	[1, 18]	No_PFAM_overlap
O60381	[180, 208]	No_PFAM_overlap
P02787	[678, 697]	Transferrin
P26599	[10, 33]	No_PFAM_overlap
P54764	[233, 339]	Ephrin cysteine rich domain
P85299	[215, 239]	No_PFAM_overlap
Q12791	[675, 750]	No_PFAM_overlap
Q13214	[513, 597]	Immunoglobulin domain
Q15928	[101, 473]	C2H2-type zinc finger
Q56VL3	[114, 145]	Ovarian carcinoma immunoreactive antigen (OCIA)
Q5JR12	[105, 138]	No_PFAM_overlap
Q6ZQQ6	[1240, 1261]	No_PFAM_overlap
Q7Z5K2	[268, 306]	No_PFAM_overlap
Q7Z5K2	[1003, 1023]	No_PFAM_overlap
Q8IWU6	[430, 516]	No_PFAM_overlap
Q8IWU6	[734, 765]	Sulfatase protein
Q8IWU6	[834, 853]	No_PFAM_overlap
Q8N302	[515, 554]	No_PFAM_overlap
Q8NF50	[180, 218]	No_PFAM_overlap
Q8NF50	[881, 898]	No_PFAM_overlap
Q96K80	[37, 170]	RNA-binding, Nab2-type zinc finger
Q96NW7	[469, 523]	No_PFAM_overlap
Q96NW7	[1428, 1449]	No_PFAM_overlap
Q9C0G0	[167, 283]	No_PFAM_overlap
Q9C0G0	[464, 494]	No_PFAM_overlap
Q9C0G0	[518, 642]	No_PFAM_overlap
Q9C0G0	[703, 787]	No_PFAM_overlap
Q9C0G0	[848, 910]	No_PFAM_overlap
Q9C0G0	[1014, 1071]	No_PFAM_overlap
Q9C0G0	[1360, 1428]	No_PFAM_overlap
Q9C0G0	[1441, 1503]	No_PFAM_overlap
Q9C0G0	[1525, 1560]	No_PFAM_overlap
Q9C0G0	[1672, 1833]	Zinc finger, C2H2 type
Q9H7J1	[143, 171]	Carbohydrate/starch-binding module (family 21)
Q9NR99	[245, 287]	No_PFAM_overlap
Q9NS68	[19, 160]	TNFRSF19 second TNFR Cys domain
Q9NS68	[209, 269]	No_PFAM_overlap
Q9Y210	[73, 102]	No_PFAM_overlap
C9JH25	[646, 672]	No_PFAM_overlap
C9JH25	[684, 703]	No_PFAM_overlap
C9JH25	[713, 744]	No_PFAM_overlap
O95436	[296, 334]	No_PFAM_overlap
O95436	[618, 649]	No_PFAM_overlap
P0CI00	[119, 299]	Zinc finger, C2H2 type
Q07912	[961, 999]	No_PFAM_overlap
Q13077	[19, 65]	No_PFAM_overlap
Q13077	[103, 184]	TNF receptor-associated factor BIRC3 binding domain
Q30KQ8	[33, 102]	Beta defensin
Q5TB30	[351, 393]	No_PFAM_overlap
Q5TB30	[561, 587]	No_PFAM_overlap
Q5VUG0	[490, 511]	No_PFAM_overlap
Q5VUG0	[625, 671]	SLED domain
Q6S8J7	[16, 54]	No_PFAM_overlap
Q6URK8	[185, 214]	No_PFAM_overlap
Q7Z4Q2	[367, 409]	No_PFAM_overlap
Q86UZ6	[420, 500]	Zinc-finger double domain
Q86VK4	[211, 226]	No_PFAM_overlap
Q86VK4	[266, 357]	Zinc finger, C2H2 type
Q86Z14	[963, 999]	Glycosyl hydrolase family 1
Q8N1L9	[63, 101]	bZIP transcription factor
Q8N5S9	[103, 124]	No_PFAM_overlap
Q96B67	[316, 345]	No_PFAM_overlap
Q96CM4	[175, 190]	No_PFAM_overlap
Q96PZ7	[2438, 2560]	Sushi repeat (SCR repeat)
Q96RT1	[0, 32]	No_PFAM_overlap
Q9BU19	[23, 38]	No_PFAM_overlap
Q9BU19	[57, 120]	No_PFAM_overlap
Q9BU19	[320, 465]	Zinc finger, C2H2 type
Q9GZU7	[32, 82]	No_PFAM_overlap
Q9HCM9	[136, 169]	B-box zinc finger
Q9HCX3	[49, 68]	KRAB box
Q9HCX3	[112, 641]	Zinc finger, C2H2 type
Q9NY15	[18, 359]	Stabilin-1/2, EGF-like domain
Q9NY15	[658, 687]	No_PFAM_overlap
Q9NY15	[705, 997]	EGF domain
Q9NY15	[1258, 1583]	EGF domain
Q9NY15	[1934, 2242]	Extracellular link domain
Q9UJW2	[47, 152]	No_PFAM_overlap
H3BUK9	[22, 89]	No_PFAM_overlap
O14901	[6, 53]	No_PFAM_overlap
O14901	[208, 257]	No_PFAM_overlap
O14901	[351, 481]	Zinc finger, C2H2 type
O94929	[7, 25]	LIM domain
O95704	[252, 272]	Phosphotyrosine interaction domain (PTB/PID)
P08F94	[1870, 1901]	No_PFAM_overlap
P08F94	[3295, 3333]	No_PFAM_overlap
P08F94	[3992, 4029]	No_PFAM_overlap
P22459	[162, 179]	BTB/POZ domain
P22897	[624, 663]	Lectin C-type domain
P35913	[0, 58]	No_PFAM_overlap
Q3B7T1	[562, 598]	No_PFAM_overlap
Q3B7T1	[608, 624]	No_PFAM_overlap
Q5JTJ3	[2, 49]	Cytochrome oxidase c subunit VIb
Q68DI1	[140, 159]	No_PFAM_overlap
Q68DI1	[175, 517]	Zinc finger, C2H2 type
Q6UWB1	[37, 52]	No_PFAM_overlap
Q8N9V2	[247, 267]	No_PFAM_overlap
Q8N9V2	[444, 467]	SPRY domain
Q8NEB7	[360, 407]	No_PFAM_overlap
Q8NEB7	[478, 542]	No_PFAM_overlap
Q969M2	[250, 288]	No_PFAM_overlap
Q96JB3	[504, 614]	Zinc finger, C2H2 type
Q9GZR1	[218, 247]	No_PFAM_overlap
Q9GZR1	[958, 982]	Ulp1 protease family, C-terminal catalytic domain
Q9H158	[792, 822]	Cadherin C-terminal cytoplasmic tail, catenin-binding region
Q9P241	[207, 261]	No_PFAM_overlap
Q9P241	[444, 470]	No_PFAM_overlap
Q9P241	[706, 726]	No_PFAM_overlap
O14544	[327, 362]	No_PFAM_overlap
O14639	[44, 109]	LIM domain
O14639	[179, 342]	LIM domain
O15541	[191, 318]	Zinc finger C-x8-C-x5-C-x3-H type (and similar)
O75445	[45, 138]	No_PFAM_overlap
O75445	[513, 1069]	Laminin EGF domain
O75445	[1230, 1246]	Fibronectin type III domain
O75445	[2221, 2242]	No_PFAM_overlap
O75445	[3159, 3456]	No_PFAM_overlap
O75445	[4330, 4353]	No_PFAM_overlap
O75445	[4801, 4830]	No_PFAM_overlap
O94844	[232, 257]	No_PFAM_overlap
P18858	[873, 898]	ATP dependent DNA ligase C terminal region
P22692	[131, 148]	No_PFAM_overlap
P82675	[21, 43]	No_PFAM_overlap
P82675	[62, 86]	No_PFAM_overlap
Q14289	[350, 412]	FAK1/PYK2, FERM domain C-lobe
Q5JXM2	[139, 166]	Methyltransferase domain
Q68D06	[369, 390]	No_PFAM_overlap
Q75N03	[128, 193]	C2H2 Hakai zinc finger domain
Q7Z7G8	[3149, 3167]	No_PFAM_overlap
Q7Z7G8	[3908, 3990]	No_PFAM_overlap
Q86YS6	[189, 211]	No_PFAM_overlap
Q8TC27	[329, 541]	Reprolysin (M12B) family zinc metalloprotease
Q8TC27	[590, 662]	Teneurin-like EGF domain
Q8WYP3	[227, 283]	No_PFAM_overlap
Q8WYQ9	[108, 131]	No_PFAM_overlap
Q8WYQ9	[778, 818]	No_PFAM_overlap
Q9H013	[160, 191]	No_PFAM_overlap
Q9H013	[335, 681]	Reprolysin (M12B) family zinc metalloprotease
Q9H093	[336, 351]	No_PFAM_overlap
Q9H093	[598, 627]	No_PFAM_overlap
Q9HBT6	[585, 610]	Cadherin domain
Q9NQX0	[161, 252]	No_PFAM_overlap
Q9NQX0	[385, 416]	No_PFAM_overlap
Q9NQX0	[484, 582]	Zinc finger, C2H2 type
A4D2B8	[1, 29]	No_PFAM_overlap
A4D2B8	[369, 404]	No_PFAM_overlap
A6NKG5	[523, 559]	No_PFAM_overlap
B1AJZ9	[554, 583]	No_PFAM_overlap
B1AJZ9	[1207, 1232]	No_PFAM_overlap
P02790	[425, 461]	No_PFAM_overlap
P16871	[273, 327]	No_PFAM_overlap
P21453	[324, 340]	No_PFAM_overlap
P26010	[469, 680]	EGF-like domain
P51784	[20, 47]	No_PFAM_overlap
P98168	[285, 584]	C2H2-type zinc finger
Q14168	[320, 344]	No_PFAM_overlap
Q14674	[31, 53]	No_PFAM_overlap
Q14674	[1138, 1156]	No_PFAM_overlap
Q147U1	[169, 297]	Zinc finger, C2H2 type
Q147U1	[380, 532]	Zinc-finger double domain
Q17RN3	[20, 36]	Protein of unknown function (DUF2465)
Q587J7	[256, 311]	No_PFAM_overlap
Q587J7	[357, 376]	No_PFAM_overlap
Q5T7W0	[148, 222]	No_PFAM_overlap
Q5T7W0	[245, 280]	No_PFAM_overlap
Q5TYW1	[115, 178]	No_PFAM_overlap
Q5TYW1	[193, 329]	No_PFAM_overlap
Q5TYW1	[340, 1058]	Zinc finger, C2H2 type
Q86YV5	[0, 44]	No_PFAM_overlap
Q86YV5	[984, 999]	No_PFAM_overlap
Q86YV5	[1053, 1070]	No_PFAM_overlap
Q8N4L1	[361, 384]	TMEM151 family
Q9BWF3	[140, 195]	Zinc knuckle
Q9H0H0	[1161, 1180]	No_PFAM_overlap
Q9H9P5	[27, 160]	Unkempt Zinc finger domain 1 (Znf1)
Q9H9P5	[184, 324]	Zinc finger C-x8-C-x5-C-x3-H type (and similar)
Q9NRY4	[2, 60]	No_PFAM_overlap
Q9NYJ7	[170, 255]	N terminus of Notch ligand C2-like domain
Q9NYJ7	[265, 468]	Human growth factor-like EGF
Q9NZC4	[152, 182]	No_PFAM_overlap
Q9UBN6	[88, 175]	TNFR/NGFR cysteine-rich region
Q9UHC7	[52, 113]	Zinc finger C-x8-C-x5-C-x3-H type (and similar)
Q9UHC7	[205, 343]	Zinc finger, C3HC4 type (RING finger)
Q9UHV7	[0, 20]	No_PFAM_overlap
Q9UHV7	[370, 397]	No_PFAM_overlap
Q9UHV7	[633, 689]	No_PFAM_overlap
Q9UHV7	[883, 961]	No_PFAM_overlap
Q9UHV7	[1170, 1185]	No_PFAM_overlap
Q9UHV7	[1233, 1266]	No_PFAM_overlap
Q9UKT9	[97, 272]	Zinc finger, C2H2 type
O15156	[143, 167]	BTB/POZ domain
O15156	[341, 465]	Zinc finger, C2H2 type
O15287	[336, 352]	No_PFAM_overlap
O94806	[542, 557]	No_PFAM_overlap
P10070	[398, 444]	No_PFAM_overlap
P10070	[498, 582]	C2H2 zinc finger
P18433	[228, 273]	Protein-tyrosine phosphatase
P52746	[155, 407]	C2H2-type zinc finger
P52746	[423, 438]	No_PFAM_overlap
P52746	[474, 604]	Zinc finger protein 142 C2H2 domain
P52746	[808, 889]	No_PFAM_overlap
P52746	[1023, 1049]	No_PFAM_overlap
P52746	[1101, 1151]	ZNF142, C2H2-type zinc finger
P52746	[1167, 1302]	C2H2 zinc finger
P52746	[1325, 1405]	No_PFAM_overlap
P52746	[1417, 1638]	C2H2 zinc finger
Q01954	[30, 71]	No_PFAM_overlap
Q01954	[198, 213]	No_PFAM_overlap
Q01954	[349, 408]	Zinc-finger of C2H2 type
Q01954	[661, 778]	No_PFAM_overlap
Q01954	[899, 975]	Zinc finger, C2H2 type
Q13772	[173, 222]	Nuclear coactivator
Q13772	[320, 435]	Nuclear coactivator
Q13772	[575, 591]	No_PFAM_overlap
Q50LG9	[342, 361]	Immunoglobulin domain
Q5JVG2	[167, 811]	Zinc finger, C2H2 type
Q6ZN11	[112, 399]	Zinc finger, C2H2 type
Q7RTS3	[44, 70]	No_PFAM_overlap
Q8IXQ8	[243, 263]	No_PFAM_overlap
Q8N103	[26, 50]	No_PFAM_overlap
Q8N1G1	[945, 1035]	ElonginA binding-protein 1
Q8N8U3	[370, 394]	No_PFAM_overlap
Q8N8U3	[426, 471]	Zinc knuckle
Q8NAG6	[114, 136]	No_PFAM_overlap
Q8NHY6	[377, 832]	Zinc finger, C2H2 type
Q8TB24	[37, 52]	No_PFAM_overlap
Q8TB24	[205, 246]	No_PFAM_overlap
Q92800	[284, 364]	Ezh2, MCSS domain
Q92800	[495, 612]	CXC domain
Q96NS1	[8, 44]	Yippee zinc-binding/DNA-binding /Mis18, centromere assembly
Q9C040	[28, 167]	B-box zinc finger
Q9H1B5	[161, 223]	No_PFAM_overlap
Q9H1B5	[804, 830]	No_PFAM_overlap
Q9HCH3	[11, 30]	C2 domain
Q9NRS4	[64, 106]	No_PFAM_overlap
Q9P104	[11, 43]	No_PFAM_overlap
O94851	[504, 523]	Calponin homology (CH) domain
P51587	[130, 173]	No_PFAM_overlap
P51587	[472, 505]	No_PFAM_overlap
P51587	[612, 630]	No_PFAM_overlap
P51587	[1038, 1064]	No_PFAM_overlap
P51587	[1134, 1163]	No_PFAM_overlap
P51587	[1265, 1318]	No_PFAM_overlap
P51587	[1351, 1395]	No_PFAM_overlap
P51587	[1566, 1644]	No_PFAM_overlap
P51587	[1824, 1840]	No_PFAM_overlap
P51587	[1873, 1936]	No_PFAM_overlap
P51587	[2326, 2347]	No_PFAM_overlap
P51587	[2375, 2430]	No_PFAM_overlap
P51587	[3182, 3238]	BRCA2, oligonucleotide/oligosaccharide-binding, domain 3
P51828	[640, 658]	No_PFAM_overlap
Q13075	[318, 395]	Inhibitor of Apoptosis domain
Q15466	[20, 56]	No_PFAM_overlap
Q7RTM1	[461, 479]	No_PFAM_overlap
Q86V20	[57, 93]	No_PFAM_overlap
Q86V20	[122, 235]	No_PFAM_overlap
Q86V20	[349, 397]	No_PFAM_overlap
Q8IXZ2	[650, 800]	Zinc finger C-x8-C-x5-C-x3-H type (and similar)
Q8NEG5	[136, 280]	Zinc finger, ZZ type
Q8NEG5	[444, 556]	No_PFAM_overlap
Q8NEG5	[567, 616]	No_PFAM_overlap
Q8TC21	[180, 500]	Zinc-finger double domain
Q8TD26	[1394, 1421]	No_PFAM_overlap
Q8TD26	[1615, 1651]	No_PFAM_overlap
Q8TD26	[1929, 1961]	No_PFAM_overlap
Q8TE54	[12, 36]	No_PFAM_overlap
Q96QE2	[421, 488]	No_PFAM_overlap
Q9BYW2	[816, 842]	No_PFAM_overlap
Q9BYW2	[898, 922]	No_PFAM_overlap
Q9BYW2	[1447, 1551]	AWS domain
Q9BYW2	[1676, 1700]	No_PFAM_overlap
Q9BZL4	[279, 310]	Ankyrin repeats (3 copies)
Q9NPF2	[39, 68]	No_PFAM_overlap
Q9NPF2	[79, 105]	No_PFAM_overlap
Q9UM63	[0, 172]	Zinc finger, C2H2 type
Q9UM63	[184, 219]	No_PFAM_overlap
Q9Y606	[129, 147]	No_PFAM_overlap
A0AUZ9	[94, 112]	No_PFAM_overlap
A0AUZ9	[130, 227]	No_PFAM_overlap
A0AUZ9	[269, 301]	No_PFAM_overlap
P09544	[29, 56]	wnt family
P50747	[101, 131]	No_PFAM_overlap
Q02241	[19, 37]	Kinesin motor domain
Q02241	[438, 463]	No_PFAM_overlap
Q02241	[763, 799]	No_PFAM_overlap
Q3V5L5	[145, 167]	No_PFAM_overlap
Q5FWF6	[159, 423]	Zinc finger, C2H2 type
Q6ZNH5	[100, 493]	Zinc finger, C2H2 type
Q6ZTR5	[2485, 2521]	No_PFAM_overlap
Q6ZWE6	[57, 128]	No_PFAM_overlap
Q6ZWE6	[507, 539]	Rubicon Homology Domain
Q7Z745	[1185, 1211]	No_PFAM_overlap
Q8IWT3	[2043, 2096]	E3 ubiquitin-protein ligase ARIH2, N-terminal UBA domain
Q8IWT3	[2107, 2122]	No_PFAM_overlap
Q8IWT3	[2148, 2303]	IBR domain, a half RING-finger domain
Q8N988	[85, 422]	Zinc finger, C2H2 type
Q96EH3	[32, 60]	No_PFAM_overlap
Q96HQ0	[95, 130]	No_PFAM_overlap
Q96HQ0	[193, 507]	Zinc finger, C2H2 type
Q96LC7	[386, 491]	Immunoglobulin domain
Q9BWW7	[202, 327]	C2H2-type zinc finger
Q9UMQ6	[61, 95]	Calpain family cysteine protease
Q9UPX8	[578, 601]	Variant SH3 domain
Q9Y4C8	[67, 84]	RNA recognition motif
O00622	[18, 172]	Insulin-like growth factor binding protein
O00622	[184, 375]	Cystine-knot domain
O95785	[257, 370]	No_PFAM_overlap
O95785	[404, 446]	No_PFAM_overlap
O95785	[845, 905]	No_PFAM_overlap
O95785	[1039, 1087]	No_PFAM_overlap
O95785	[1217, 1275]	No_PFAM_overlap
O95785	[1368, 1405]	No_PFAM_overlap
P04003	[281, 310]	Sushi repeat (SCR repeat)
P04003	[323, 455]	Sushi repeat (SCR repeat)
P04003	[467, 581]	Oligomerization domain of C4b-binding protein alpha
P0CW18	[336, 395]	No_PFAM_overlap
P13224	[27, 46]	No_PFAM_overlap
P17040	[274, 290]	No_PFAM_overlap
P17040	[692, 821]	Zinc finger, C2H2 type
P17040	[872, 1036]	Zinc finger, C2H2 type
P20742	[914, 946]	No_PFAM_overlap
P51811	[392, 408]	No_PFAM_overlap
P78314	[456, 481]	SH2 domain
Q14766	[161, 221]	No_PFAM_overlap
Q14766	[354, 444]	No_PFAM_overlap
Q14766	[537, 735]	TB domain
Q14766	[867, 1716]	TB domain
Q14966	[404, 468]	No_PFAM_overlap
Q14966	[649, 664]	No_PFAM_overlap
Q14966	[1061, 1087]	No_PFAM_overlap
Q15650	[148, 251]	Putative zinc finger motif, C2HC5-type
Q15650	[545, 563]	No_PFAM_overlap
Q5T5C0	[38, 54]	No_PFAM_overlap
Q6ZMY9	[86, 102]	No_PFAM_overlap
Q6ZMY9	[171, 338]	Zinc finger, C2H2 type
Q6ZMY9	[366, 478]	Zinc finger, C2H2 type
Q7L0R7	[336, 383]	Ring finger domain
Q86TJ5	[82, 107]	KRAB box
Q86TJ5	[228, 537]	Zinc-finger double domain
Q86WR6	[138, 180]	No_PFAM_overlap
Q86XA9	[1016, 1038]	No_PFAM_overlap
Q86XA9	[1176, 1191]	No_PFAM_overlap
Q8IVW1	[96, 118]	ADP-ribosylation factor-like protein 17
Q8IZC4	[77, 100]	Cell division protein anillin
Q8N3C7	[680, 704]	CAP-Gly domain
Q96QE3	[826, 841]	No_PFAM_overlap
Q96QE3	[1425, 1462]	No_PFAM_overlap
Q96QE3	[1630, 1671]	No_PFAM_overlap
Q96QE3	[1699, 1718]	No_PFAM_overlap
A6NEQ0	[418, 460]	No_PFAM_overlap
O00444	[575, 602]	Polo-like Kinase 4 Polo Box 1
O15230	[293, 878]	Laminin/attractin EGF domain
O15230	[944, 979]	No_PFAM_overlap
O15230	[1032, 1088]	No_PFAM_overlap
O15230	[1197, 1249]	No_PFAM_overlap
O15230	[1420, 1680]	Laminin EGF domain
O15230	[1819, 2176]	Laminin/attractin EGF domain
O75444	[29, 51]	No_PFAM_overlap
P13798	[14, 33]	No_PFAM_overlap
P17031	[150, 322]	Zinc finger, C2H2 type
P17031	[353, 532]	Zinc finger, C2H2 type
P36551	[116, 151]	Coproporphyrinogen III oxidase
Q08AI8	[93, 142]	No_PFAM_overlap
Q09019	[117, 157]	No_PFAM_overlap
Q15468	[600, 672]	No_PFAM_overlap
Q15468	[1000, 1034]	No_PFAM_overlap
Q155Q3	[147, 200]	No_PFAM_overlap
Q5RL73	[161, 217]	RNA-binding protein 48 helical domain
Q5VU36	[1205, 1272]	No_PFAM_overlap
Q70EL2	[170, 189]	No_PFAM_overlap
Q7Z6M1	[339, 371]	No_PFAM_overlap
Q8N8Z8	[64, 692]	C2H2-type zinc finger
Q8NHS4	[138, 173]	Translin-associated factor X-interacting N-terminus
Q92870	[391, 430]	Phosphotyrosine interaction domain (PTB/PID)
Q92870	[553, 574]	Phosphotyrosine interaction domain (PTB/PID)
Q96EG3	[261, 523]	Zinc finger, C2H2 type
Q96JF6	[114, 735]	Zinc finger, C2H2 type
Q96JF6	[752, 795]	Zinc finger, C2H2 type
Q96KR6	[35, 53]	No_PFAM_overlap
Q96QH8	[139, 158]	C-type lysozyme/alpha-lactalbumin family
Q9H4D5	[216, 241]	No_PFAM_overlap
Q9HA77	[518, 545]	No_PFAM_overlap
Q9UHK0	[162, 215]	No_PFAM_overlap
Q9Y233	[265, 283]	No_PFAM_overlap
A8MUZ8	[117, 299]	Zinc finger, C2H2 type
O75128	[703, 748]	No_PFAM_overlap
O94769	[60, 172]	von Willebrand factor type C domain
O94769	[315, 345]	Leucine rich repeat
O95631	[251, 489]	Laminin N-terminal (Domain VI)
P17032	[91, 115]	No_PFAM_overlap
P17032	[169, 553]	Zinc finger, C2H2 type
Q1EHB4	[464, 485]	No_PFAM_overlap
Q2L4Q9	[529, 552]	No_PFAM_overlap
Q496Y0	[338, 360]	No_PFAM_overlap
Q5THK1	[812, 834]	No_PFAM_overlap
Q5THK1	[1027, 1091]	No_PFAM_overlap
Q5THK1	[1123, 1163]	No_PFAM_overlap
Q5THK1	[1267, 1321]	No_PFAM_overlap
Q5THK1	[1723, 1755]	No_PFAM_overlap
Q6UW56	[3, 35]	No_PFAM_overlap
Q6ZNE9	[509, 570]	No_PFAM_overlap
Q7L0Y3	[62, 90]	No_PFAM_overlap
Q7Z3D6	[50, 70]	No_PFAM_overlap
Q7Z3V5	[72, 317]	Zinc finger, C2H2 type
Q7Z3V5	[468, 608]	Zinc finger, C2H2 type
Q86T24	[405, 433]	No_PFAM_overlap
Q8N554	[173, 190]	No_PFAM_overlap
Q8N554	[422, 476]	No_PFAM_overlap
Q8N554	[503, 577]	Zinc finger, C2H2 type
Q8NC60	[140, 181]	No_PFAM_overlap
Q8TCV5	[34, 138]	WAP-type (Whey Acidic Protein) 'four-disulfide core'
Q96JP5	[308, 467]	Zinc finger, C2H2 type
Q96JP5	[491, 541]	No_PFAM_overlap
Q9BT17	[0, 19]	No_PFAM_overlap
Q9HCK1	[1144, 1225]	No_PFAM_overlap
Q9HCK1	[1447, 1468]	No_PFAM_overlap
Q9HCK1	[1507, 1628]	No_PFAM_overlap
Q9HCK1	[1851, 1869]	No_PFAM_overlap
Q9NS98	[96, 113]	No_PFAM_overlap
Q9NS98	[160, 179]	No_PFAM_overlap
Q9NS98	[521, 587]	No_PFAM_overlap
Q9NS98	[724, 764]	No_PFAM_overlap
Q9UGU0	[1625, 1657]	No_PFAM_overlap
Q9UGU0	[1689, 1733]	No_PFAM_overlap
Q9Y4E6	[850, 871]	No_PFAM_overlap
Q9Y4E6	[976, 999]	No_PFAM_overlap
Q9Y4E6	[1100, 1117]	No_PFAM_overlap
Q9Y4G2	[569, 593]	No_PFAM_overlap
A6NJR5	[96, 122]	No_PFAM_overlap
A8MVM7	[557, 584]	Domain of unknown function (DUF4553)
B5MCY1	[1146, 1162]	No_PFAM_overlap
B5MCY1	[1196, 1247]	No_PFAM_overlap
P21128	[9, 154]	Somatomedin B domain
Q14940	[562, 581]	No_PFAM_overlap
Q14940	[597, 652]	No_PFAM_overlap
Q16828	[143, 169]	No_PFAM_overlap
Q7Z418	[197, 261]	No_PFAM_overlap
Q8N7R0	[140, 227]	No_PFAM_overlap
Q8WWR8	[463, 482]	No_PFAM_overlap
Q92551	[20, 101]	No_PFAM_overlap
Q96BN2	[229, 263]	No_PFAM_overlap
Q9BYE2	[192, 224]	No_PFAM_overlap
Q9BYG4	[101, 130]	No_PFAM_overlap
Q9HBL6	[11, 52]	No_PFAM_overlap
Q9ULI3	[1165, 1270]	No_PFAM_overlap
Q9ULI3	[1329, 1345]	No_PFAM_overlap
B7Z6K7	[48, 169]	KRAB box
B7Z6K7	[199, 854]	Zinc finger, C2H2 type
O00217	[98, 209]	4Fe-4S dicluster domain
O00327	[221, 314]	PAS fold
O75129	[646, 770]	Astrotactin 1/2 N-terminal
O75129	[967, 998]	No_PFAM_overlap
O75529	[2, 72]	WD40 associated region in TFIID subunit, NTD2 domain
O75529	[314, 335]	WD domain, G-beta repeat
O75747	[1223, 1241]	No_PFAM_overlap
P01225	[0, 27]	Cystine-knot domain
P23497	[668, 717]	SAND domain
P40126	[10, 129]	No_PFAM_overlap
Q13608	[138, 160]	No_PFAM_overlap
Q13608	[648, 671]	No_PFAM_overlap
Q3SYG4	[813, 831]	PTHB1 C-terminal helix bundle
Q8IXF0	[20, 45]	No_PFAM_overlap
Q8N635	[344, 367]	No_PFAM_overlap
Q93015	[63, 95]	No_PFAM_overlap
Q96B97	[90, 115]	Variant SH3 domain
Q96MR6	[331, 349]	No_PFAM_overlap
Q9BXT8	[22, 128]	No_PFAM_overlap
Q9BXT8	[271, 317]	No_PFAM_overlap
Q9BXT8	[1140, 1165]	No_PFAM_overlap
Q9BXT8	[1399, 1434]	No_PFAM_overlap
Q9H2F5	[517, 553]	No_PFAM_overlap
Q9HCK0	[318, 388]	Zinc finger, C2H2 type
Q9NUP7	[9, 94]	CCCH zinc finger in TRM13 protein
Q9UL40	[62, 264]	Zinc-finger of C2H2 type
A0A1B0GTH9	[0, 42]	zinc-finger of a C2HC-type
A0A7P0TAN4	[199, 640]	Zinc finger, C2H2 type
O00337	[614, 648]	No_PFAM_overlap
O60260	[314, 464]	IBR domain
P06865	[513, 528]	No_PFAM_overlap
P17927	[229, 360]	Sushi repeat (SCR repeat)
P17927	[673, 811]	Sushi repeat (SCR repeat)
P17927	[871, 1014]	Sushi repeat (SCR repeat)
P17927	[1129, 1263]	Sushi repeat (SCR repeat)
P17927	[1444, 1464]	Sushi repeat (SCR repeat)
P21754	[292, 335]	ZP-C domain
P28799	[12, 182]	Granulin
P28799	[203, 340]	Granulin
P28799	[437, 584]	Granulin
P35414	[312, 332]	No_PFAM_overlap
Q06587	[8, 109]	Zinc finger, C3HC4 type (RING finger)
Q495A1	[214, 243]	No_PFAM_overlap
Q6B0I6	[1, 21]	jmjN domain
Q6GPH4	[0, 187]	TRAFD1/XAF1, zinc finger
Q6ZMV8	[110, 383]	Zinc-finger double domain
Q6ZMV8	[397, 502]	Zinc finger, C2H2 type
Q7Z2W7	[32, 92]	No_PFAM_overlap
Q7Z2W7	[1028, 1044]	No_PFAM_overlap
Q8TDX9	[0, 28]	No_PFAM_overlap
Q8TDX9	[174, 208]	No_PFAM_overlap
Q8TDX9	[270, 313]	No_PFAM_overlap
Q8TDX9	[2226, 2247]	No_PFAM_overlap
Q8TDX9	[2353, 2456]	Polycystin domain
Q8TF17	[36, 76]	No_PFAM_overlap
Q8TF17	[327, 385]	No_PFAM_overlap
Q8TF17	[1262, 1282]	No_PFAM_overlap
Q92520	[44, 70]	No_PFAM_overlap
Q93074	[1639, 1672]	No_PFAM_overlap
Q96AX2	[203, 222]	No_PFAM_overlap
Q96H40	[111, 180]	No_PFAM_overlap
Q96H40	[199, 462]	Zinc finger, C2H2 type
Q96MC4	[0, 32]	No_PFAM_overlap
Q96RS6	[380, 426]	No_PFAM_overlap
Q9NTN9	[89, 117]	No_PFAM_overlap
Q9NTN9	[513, 581]	Plexin repeat
Q9UFD9	[950, 972]	No_PFAM_overlap
Q9UFD9	[1193, 1220]	No_PFAM_overlap
Q9Y2G0	[0, 17]	No_PFAM_overlap
Q9Y2G0	[801, 816]	No_PFAM_overlap
Q9Y473	[237, 457]	Zinc finger, C2H2 type
A0A1W2PPM1	[92, 127]	No_PFAM_overlap
A0A1W2PPM1	[262, 323]	No_PFAM_overlap
A2VEC9	[73, 167]	No_PFAM_overlap
A2VEC9	[357, 569]	C8 domain
A2VEC9	[727, 1019]	Von Willebrand factor-like domain
A2VEC9	[1167, 1524]	C8 domain
A2VEC9	[1564, 1690]	Low-density lipoprotein receptor domain class A
A2VEC9	[1702, 1932]	Thrombospondin type 1 domain
A2VEC9	[1944, 2032]	No_PFAM_overlap
A2VEC9	[2219, 2295]	Low-density lipoprotein receptor domain class A
A2VEC9	[2460, 2581]	Thrombospondin type 1 domain
A2VEC9	[2592, 2738]	Thrombospondin type 1 domain
A2VEC9	[2831, 3010]	Thrombospondin type 1 domain
A2VEC9	[3022, 3211]	Thrombospondin type 1 domain
A2VEC9	[3238, 3446]	Thrombospondin type 1 domain
A2VEC9	[3613, 3673]	Thrombospondin type 1 domain
A2VEC9	[3700, 3769]	No_PFAM_overlap
A2VEC9	[3883, 4026]	Thrombospondin type 1 domain
A2VEC9	[4046, 4177]	Thrombospondin type 1 domain
A2VEC9	[4200, 4545]	Thrombospondin type 1 domain
A2VEC9	[4600, 5149]	Thrombospondin type 1 domain
A6NI47	[86, 124]	No_PFAM_overlap
C9JN71	[102, 530]	Zinc finger, C2H2 type
O14559	[281, 332]	RhoGAP domain
O14836	[29, 114]	TACI, cysteine-rich domain
O60296	[634, 688]	No_PFAM_overlap
P0DPK3	[19, 269]	Calcium-binding EGF domain
P27708	[1679, 1704]	No_PFAM_overlap
P33402	[123, 149]	No_PFAM_overlap
Q13398	[198, 563]	Zinc finger, C2H2 type
Q13474	[635, 667]	Zinc finger, ZZ type
Q14393	[47, 285]	Complement Clr-like EGF-like
Q5T5J6	[543, 568]	No_PFAM_overlap
Q6UX06	[82, 104]	No_PFAM_overlap
Q6ZU64	[609, 633]	No_PFAM_overlap
Q6ZU64	[1548, 1574]	No_PFAM_overlap
Q8IZ83	[514, 535]	No_PFAM_overlap
Q8N4W9	[228, 902]	Zinc finger, C2H2 type
Q8NAT2	[727, 762]	No_PFAM_overlap
Q96LW9	[149, 177]	No_PFAM_overlap
Q96LW9	[239, 404]	Zinc finger, C2H2 type
Q96NL0	[31, 56]	No_PFAM_overlap
Q9BX63	[31, 102]	No_PFAM_overlap
Q9BX63	[902, 920]	No_PFAM_overlap
Q9H0D6	[251, 294]	XRN 5'-3' exonuclease N-terminus
Q9HCJ3	[612, 687]	No_PFAM_overlap
Q9UBJ2	[55, 85]	No_PFAM_overlap
Q9UKP5	[452, 723]	ADAM-TS Spacer 1
Q9UKP5	[842, 1116]	PLAC (protease and lacunin) domain
A0A0A6YYL3	[22, 89]	No_PFAM_overlap
O15146	[99, 123]	Immunoglobulin I-set domain
O75155	[287, 315]	No_PFAM_overlap
O95376	[124, 141]	Zinc finger, C3HC4 type (RING finger)
O95376	[233, 348]	IBR domain
O95388	[39, 264]	CCN3 Nov like TSP1 domain
P02765	[128, 155]	Cystatin domain
P13497	[304, 337]	Astacin (Peptidase family M12A)
P13497	[690, 787]	Calcium-binding EGF domain
P54753	[262, 351]	Ephrin cysteine rich domain
Q15166	[33, 49]	No_PFAM_overlap
Q5T3J3	[3, 26]	Ligand-dependent nuclear receptor-interacting factor 1
Q5U651	[409, 473]	No_PFAM_overlap
Q5U651	[492, 524]	No_PFAM_overlap
Q6H8Q1	[15, 30]	LIM domain
Q6H8Q1	[120, 163]	LIM domain
Q6H8Q1	[250, 275]	LIM domain
Q6PDB4	[105, 142]	No_PFAM_overlap
Q6PDB4	[184, 575]	Zinc finger, C2H2 type
Q6ZTR7	[276, 303]	No_PFAM_overlap
Q7RTY7	[330, 360]	No_PFAM_overlap
Q8NC67	[382, 433]	No_PFAM_overlap
Q8NCS7	[186, 209]	No_PFAM_overlap
Q8NDW4	[148, 179]	No_PFAM_overlap
Q8NDW4	[216, 239]	No_PFAM_overlap
Q8NDW4	[351, 575]	Zinc finger, C2H2 type
Q8NFJ8	[346, 380]	No_PFAM_overlap
Q9UGI8	[7, 57]	No_PFAM_overlap
Q9UP79	[116, 133]	No_PFAM_overlap
Q9UP79	[421, 604]	Thrombospondin type 1 domain
Q9UPM6	[305, 362]	No_PFAM_overlap
Q9Y2Q1	[54, 82]	No_PFAM_overlap
Q9Y2Q1	[103, 561]	Zinc finger, C2H2 type
A0A8I5KTY6	[33, 268]	Zinc finger, C2H2 type
A6NNM3	[950, 971]	No_PFAM_overlap
A6NNM3	[1194, 1220]	No_PFAM_overlap
A6NNM3	[1367, 1384]	No_PFAM_overlap
O14763	[82, 181]	TNFR/NGFR cysteine-rich region
O15205	[0, 20]	Ubiquitin family
O15355	[5, 45]	Protein phosphatase 2C
O15355	[483, 521]	Protein phosphatase 2C
O95400	[224, 245]	No_PFAM_overlap
O95841	[257, 280]	Fibrinogen beta and gamma chains, C-terminal globular domain
Q02108	[637, 671]	Adenylate and Guanylate cyclase catalytic domain
Q05048	[75, 104]	No_PFAM_overlap
Q13402	[1540, 1562]	Myosin-X FERM PH domain-like
Q17RS7	[241, 329]	No_PFAM_overlap
Q17RS7	[628, 662]	No_PFAM_overlap
Q17RS7	[675, 706]	No_PFAM_overlap
Q495Y8	[135, 159]	No_PFAM_overlap
Q6A163	[6, 84]	No_PFAM_overlap
Q6A163	[415, 490]	No_PFAM_overlap
Q6FI81	[237, 306]	Cytokine-induced anti-apoptosis inhibitor 1, Fe-S biogenesis
Q6NSI1	[5, 88]	Ankyrin repeats (3 copies)
Q7KZ85	[517, 560]	No_PFAM_overlap
Q8N587	[131, 159]	No_PFAM_overlap
Q8N587	[230, 485]	Zinc finger, C2H2 type
Q8N967	[242, 259]	No_PFAM_overlap
Q8NDA2	[435, 506]	No_PFAM_overlap
Q8NDA2	[1313, 1373]	Immunoglobulin I-set domain
Q8NDA2	[4619, 4828]	Calcium-binding EGF domain
Q8NDA2	[4839, 4994]	Complement Clr-like EGF-like
Q8TF40	[190, 234]	No_PFAM_overlap
Q8TF40	[590, 637]	No_PFAM_overlap
Q8TF40	[653, 680]	No_PFAM_overlap
Q8TF40	[854, 909]	No_PFAM_overlap
Q96MU6	[13, 35]	No_PFAM_overlap
Q96MU6	[128, 728]	Zinc finger, C2H2 type
Q9BWX5	[162, 280]	GATA-type transcription activator, N-terminal
Q9NYQ7	[1380, 1523]	EGF-like domain
Q9NYQ7	[1900, 2136]	Laminin EGF domain
Q9NZL4	[327, 358]	No_PFAM_overlap
Q9UBT6	[576, 662]	No_PFAM_overlap
Q9UBT6	[755, 812]	No_PFAM_overlap
Q9ULC8	[225, 265]	No_PFAM_overlap
Q9Y2I2	[299, 508]	Laminin EGF domain
Q9Y2W3	[357, 386]	No_PFAM_overlap
O95886	[309, 344]	No_PFAM_overlap
O95886	[452, 517]	No_PFAM_overlap
O95965	[46, 493]	Integrin EGF domain
P49848	[442, 476]	No_PFAM_overlap
P81408	[278, 361]	No_PFAM_overlap
P81408	[506, 540]	No_PFAM_overlap
P82673	[91, 121]	No_PFAM_overlap
Q01201	[276, 320]	Rel homology dimerisation domain
Q08752	[177, 193]	Cyclophilin type peptidyl-prolyl cis-trans isomerase/CLD
Q15785	[34, 75]	No_PFAM_overlap
Q68CP9	[1622, 1696]	No_PFAM_overlap
Q6ZMZ0	[118, 175]	No_PFAM_overlap
Q6ZN55	[58, 103]	No_PFAM_overlap
Q6ZN55	[121, 156]	No_PFAM_overlap
Q6ZN55	[202, 234]	No_PFAM_overlap
Q6ZN55	[303, 411]	Zinc finger, C2H2 type
Q6ZN55	[463, 680]	C2H2-type zinc finger
Q6ZN55	[739, 842]	C2H2-type zinc finger
Q7Z6E9	[130, 199]	Zinc knuckle
Q86Y25	[202, 378]	Zinc finger, C2H2 type
Q86Y25	[405, 525]	Zinc finger, C2H2 type
Q8IWB4	[1205, 1272]	No_PFAM_overlap
Q8ND23	[147, 171]	No_PFAM_overlap
Q8NF37	[495, 522]	No_PFAM_overlap
Q8TD10	[67, 118]	Mirror-image polydactyly gene 1 protein N-terminal domain
Q96GZ6	[445, 477]	Divalent cation transporter
Q9BZR6	[23, 52]	No_PFAM_overlap
Q9BZR6	[291, 315]	No_PFAM_overlap
Q9H609	[27, 84]	C2H2-type zinc finger
Q9H609	[108, 169]	Zinc finger, C2H2 type
Q9Y272	[257, 280]	No_PFAM_overlap
O00341	[480, 524]	No_PFAM_overlap
O14649	[311, 333]	No_PFAM_overlap
O43824	[88, 115]	No_PFAM_overlap
P01024	[628, 645]	No_PFAM_overlap
P01024	[1500, 1535]	UNC-6/NTR/C345C module
P01024	[1630, 1662]	UNC-6/NTR/C345C module
P10074	[289, 584]	Zinc finger, C2H2 type
P17014	[103, 203]	No_PFAM_overlap
P17014	[257, 445]	Zinc finger, C2H2 type
P17014	[458, 473]	Zinc finger, C2H2 type
P17014	[485, 612]	Zinc finger, C2H2 type
P17014	[624, 696]	Zinc finger, C2H2 type
P36956	[927, 958]	No_PFAM_overlap
P55822	[9, 45]	No_PFAM_overlap
P57076	[71, 95]	No_PFAM_overlap
Q08AE8	[601, 635]	No_PFAM_overlap
Q08AE8	[687, 729]	No_PFAM_overlap
Q13315	[1878, 1899]	No_PFAM_overlap
Q5KSL6	[334, 464]	Phorbol esters/diacylglycerol binding domain (C1 domain)
Q7RTT9	[495, 529]	Nucleoside transporter
Q8NBP7	[51, 72]	No_PFAM_overlap
Q8NBP7	[467, 691]	Proprotein convertase subtilisin-like/kexin type 9 C-terminal domain
Q8TBC5	[408, 464]	No_PFAM_overlap
Q96LX7	[10, 32]	No_PFAM_overlap
Q96Q27	[504, 520]	No_PFAM_overlap
Q99941	[637, 657]	No_PFAM_overlap
Q9H511	[585, 618]	Kelch motif
Q9HCF6	[69, 116]	No_PFAM_overlap
Q9NS73	[170, 222]	No_PFAM_overlap
Q9Y5F7	[762, 781]	No_PFAM_overlap
A6NDE4	[418, 458]	No_PFAM_overlap
O43309	[263, 606]	Zinc finger, C2H2 type
P00747	[140, 357]	Kringle domain
P22079	[687, 711]	No_PFAM_overlap
P32239	[389, 412]	7 transmembrane receptor (rhodopsin family)
P42892	[92, 117]	No_PFAM_overlap
P55809	[18, 36]	No_PFAM_overlap
P55809	[502, 519]	No_PFAM_overlap
P80370	[17, 287]	EGF-like domain
Q03403	[25, 128]	Trefoil (P-type) domain
Q2PPJ7	[486, 502]	No_PFAM_overlap
Q2PPJ7	[903, 923]	No_PFAM_overlap
Q2PPJ7	[1511, 1555]	No_PFAM_overlap
Q6P3R8	[519, 543]	No_PFAM_overlap
Q6P3R8	[610, 647]	No_PFAM_overlap
Q6UXH9	[15, 103]	No_PFAM_overlap
Q7Z3F1	[610, 653]	No_PFAM_overlap
Q8IWY8	[641, 848]	Zinc finger, C2H2 type
Q8N2W9	[398, 423]	No_PFAM_overlap
Q8TCJ0	[0, 55]	No_PFAM_overlap
Q8WWZ7	[1269, 1295]	No_PFAM_overlap
Q96HU1	[444, 493]	SH3 domain
Q96N77	[241, 346]	Zinc finger, C2H2 type
Q96N77	[366, 425]	Zinc finger, C2H2 type
Q9BQS2	[129, 147]	No_PFAM_overlap
Q9H0R6	[0, 18]	No_PFAM_overlap
Q9NWS1	[408, 470]	No_PFAM_overlap
Q9NZR2	[22, 202]	Low-density lipoprotein receptor domain class A
Q9NZR2	[475, 514]	No_PFAM_overlap
Q9NZR2	[786, 1251]	Coagulation Factor Xa inhibitory site
Q9NZR2	[1516, 1564]	No_PFAM_overlap
Q9NZR2	[1797, 1899]	Coagulation Factor Xa inhibitory site
Q9NZR2	[2139, 2176]	No_PFAM_overlap
Q9NZR2	[2463, 3013]	Low-density lipoprotein receptor domain class A
Q9NZR2	[3282, 3884]	Coagulation Factor Xa inhibitory site
Q9NZR2	[4194, 4423]	EGF-like domain
Q9NZR2	[4560, 4597]	No_PFAM_overlap
Q9UDY6	[245, 285]	No_PFAM_overlap
Q9UHJ3	[365, 392]	mbt repeat
Q9UHJ3	[596, 668]	SLED domain
Q9UHR6	[0, 68]	HIT zinc finger
A6NHR8	[180, 231]	FAM47 family
O43506	[418, 665]	Disintegrin
P01133	[302, 472]	Calcium-binding EGF domain
P01133	[745, 998]	Calcium-binding EGF domain
P0CG32	[259, 274]	No_PFAM_overlap
P0CG32	[344, 382]	No_PFAM_overlap
P16389	[20, 35]	BTB/POZ domain
P36941	[40, 180]	TNFR/NGFR cysteine-rich region
P54278	[203, 225]	No_PFAM_overlap
P54687	[0, 26]	No_PFAM_overlap
Q14517	[3743, 3840]	No_PFAM_overlap
Q14517	[3966, 4172]	Laminin G domain
Q5T890	[30, 55]	No_PFAM_overlap
Q6NUI2	[39, 60]	No_PFAM_overlap
Q6S8J3	[81, 124]	No_PFAM_overlap
Q86YW9	[1194, 1230]	No_PFAM_overlap
Q86YW9	[1632, 1684]	No_PFAM_overlap
Q8NI29	[81, 117]	F-box associated region
Q92900	[104, 121]	RNA helicase (UPF2 interacting domain)
Q9BXU1	[208, 234]	No_PFAM_overlap
Q9BXU1	[993, 1018]	No_PFAM_overlap
Q9H9E1	[66, 115]	No_PFAM_overlap
Q9P1Z9	[1234, 1280]	No_PFAM_overlap
Q9UKK3	[1487, 1559]	No_PFAM_overlap
Q9Y4D8	[588, 614]	No_PFAM_overlap
Q9Y4D8	[1529, 1614]	No_PFAM_overlap
Q9Y4D8	[1776, 1805]	No_PFAM_overlap
Q9Y4D8	[2128, 2164]	No_PFAM_overlap
Q9Y4D8	[2197, 2222]	No_PFAM_overlap
A6NN14	[112, 773]	C2H2-type zinc finger
A6NN14	[788, 1028]	Zinc finger, C2H2 type
O14920	[0, 23]	Protein kinase domain
O60229	[249, 275]	No_PFAM_overlap
O60229	[1641, 1728]	SH3-RhoGEF linking unstructured region
O60494	[117, 485]	EGF-like domain
P09958	[575, 670]	No_PFAM_overlap
P13639	[559, 619]	Elongation Factor G, domain III
P16452	[397, 448]	No_PFAM_overlap
P55072	[181, 206]	Cell division protein 48 (CDC48), domain 2
Q13137	[137, 158]	No_PFAM_overlap
Q13137	[392, 445]	No_PFAM_overlap
Q1X8D7	[396, 412]	No_PFAM_overlap
Q1X8D7	[567, 588]	No_PFAM_overlap
Q6R327	[1477, 1570]	No_PFAM_overlap
Q6UWF7	[280, 325]	NXPE family member 4-like, C-terminal domain
Q6ZRR7	[1406, 1442]	No_PFAM_overlap
Q7Z6J0	[127, 147]	SH3 domain
Q7Z6J0	[818, 845]	Variant SH3 domain
Q8IZY2	[48, 65]	No_PFAM_overlap
Q8IZY2	[217, 274]	No_PFAM_overlap
Q8IZY2	[1152, 1180]	No_PFAM_overlap
Q8IZY2	[1311, 1346]	No_PFAM_overlap
Q8N1G4	[426, 482]	No_PFAM_overlap
Q8N456	[207, 249]	No_PFAM_overlap
Q8N4C6	[174, 204]	No_PFAM_overlap
Q8NAP8	[180, 208]	No_PFAM_overlap
Q8NAP8	[339, 436]	Zinc-finger double domain
Q8TAM2	[14, 41]	No_PFAM_overlap
Q969N4	[0, 26]	No_PFAM_overlap
Q96A47	[2, 30]	LIM domain
Q96AC1	[401, 428]	No_PFAM_overlap
Q96NL3	[247, 587]	Zinc finger, C2H2 type
Q9BR26	[472, 527]	No_PFAM_overlap
Q9BTN0	[31, 47]	No_PFAM_overlap
Q9P107	[491, 524]	No_PFAM_overlap
Q9Y215	[296, 314]	No_PFAM_overlap
Q9Y215	[347, 454]	No_PFAM_overlap
Q9Y6M9	[75, 109]	No_PFAM_overlap
Q9Y6Q2	[218, 269]	No_PFAM_overlap
O75362	[33, 134]	Zinc finger, C2H2 type
O75362	[166, 208]	Zinc finger, C2H2 type
O75362	[220, 241]	No_PFAM_overlap
O75362	[283, 312]	No_PFAM_overlap
O75362	[677, 748]	No_PFAM_overlap
Q07021	[57, 88]	Mitochondrial glycoprotein
Q562E7	[187, 220]	No_PFAM_overlap
Q6UXY8	[391, 415]	No_PFAM_overlap
Q7Z402	[465, 485]	No_PFAM_overlap
Q7Z6M3	[13, 38]	Immunoglobulin domain
Q7Z6M3	[316, 342]	No_PFAM_overlap
Q86XS8	[251, 267]	Ring finger domain
Q86Y33	[144, 207]	No_PFAM_overlap
Q8IUZ5	[2, 29]	No_PFAM_overlap
Q8N9Y4	[307, 328]	No_PFAM_overlap
Q8NB91	[426, 463]	No_PFAM_overlap
Q8TB22	[234, 249]	No_PFAM_overlap
Q8WY41	[127, 165]	No_PFAM_overlap
Q92832	[259, 809]	von Willebrand factor type C domain
Q96GX5	[212, 253]	No_PFAM_overlap
Q96GX5	[331, 484]	No_PFAM_overlap
Q9BTX7	[302, 341]	No_PFAM_overlap
Q9BZH6	[952, 968]	No_PFAM_overlap
Q9HCU0	[24, 39]	No_PFAM_overlap
Q9HCU0	[154, 344]	Coagulation Factor Xa inhibitory site
Q9NZQ9	[146, 178]	No_PFAM_overlap
Q9UIF8	[1820, 1852]	No_PFAM_overlap
Q9UIF8	[2058, 2077]	Bromodomain
Q9UKD1	[167, 193]	No_PFAM_overlap
Q9UKD1	[205, 230]	Transcription regulator spe-44-like domain
Q9Y2N7	[143, 223]	PAS fold
O00292	[239, 261]	No_PFAM_overlap
O14786	[577, 633]	F5/8 type C domain
O95263	[104, 120]	No_PFAM_overlap
O95263	[364, 389]	PAS domain
P04070	[84, 193]	Coagulation Factor Xa inhibitory site
P20591	[32, 50]	No_PFAM_overlap
P48060	[9, 25]	No_PFAM_overlap
P48060	[182, 216]	No_PFAM_overlap
Q14574	[658, 684]	No_PFAM_overlap
Q5T7N3	[744, 770]	No_PFAM_overlap
Q6P3X8	[556, 591]	No_PFAM_overlap
Q6ZMN7	[12, 105]	Zinc finger, C3HC4 type (RING finger)
Q6ZMN7	[318, 446]	PDZ domain
Q6ZMN7	[607, 650]	No_PFAM_overlap
Q6ZMN7	[661, 680]	No_PFAM_overlap
Q8IWD4	[85, 157]	Coiled-coil domain-containing protein 117
Q8IZC6	[224, 267]	No_PFAM_overlap
Q8TDF5	[381, 431]	No_PFAM_overlap
Q8WXD0	[37, 139]	Low-density lipoprotein receptor domain class A
Q96GX9	[0, 27]	No_PFAM_overlap
Q96I82	[36, 172]	Immunoglobulin I-set domain
Q9H4F8	[30, 149]	Thyroglobulin type-1 repeat
Q9NZU0	[20, 38]	No_PFAM_overlap
Q9P126	[85, 100]	No_PFAM_overlap
Q9Y219	[212, 998]	Calcium-binding EGF domain
Q9Y5G4	[767, 802]	Cadherin cytoplasmic C-terminal
O43147	[230, 256]	No_PFAM_overlap
O43147	[432, 487]	No_PFAM_overlap
O60688	[2, 36]	Yippee zinc-binding/DNA-binding /Mis18, centromere assembly
P49796	[37, 81]	No_PFAM_overlap
P49796	[416, 484]	No_PFAM_overlap
P49796	[516, 541]	No_PFAM_overlap
P78549	[278, 303]	No_PFAM_overlap
Q13367	[935, 982]	Clathrin-adaptor complex-3 beta-1 subunit C-terminal
Q14112	[471, 541]	G2F domain
Q14112	[751, 993]	Thyroglobulin type-1 repeat
Q15637	[250, 275]	No_PFAM_overlap
Q53RE8	[165, 182]	No_PFAM_overlap
Q5TA31	[0, 135]	zinc finger of C3HC4-type, RING
Q5XUX1	[424, 443]	No_PFAM_overlap
Q6NUN9	[507, 585]	Zinc finger, C2H2 type
Q6P1K8	[267, 394]	TFIIH C1-like domain
Q6YHK3	[1389, 1431]	A-macroglobulin receptor binding domain
Q8IZE3	[418, 493]	No_PFAM_overlap
Q8NAM6	[303, 421]	Zinc finger, C2H2 type
Q8TC41	[239, 265]	No_PFAM_overlap
Q8TC41	[344, 474]	IBR domain, a half RING-finger domain
Q8TE02	[157, 204]	Elongator subunit Iki1
Q8TF50	[43, 78]	No_PFAM_overlap
Q8TF50	[110, 161]	No_PFAM_overlap
Q8TF50	[303, 409]	C2H2-type zinc finger
Q8TF50	[469, 552]	Zinc finger, C2H2 type
Q8TF50	[570, 593]	No_PFAM_overlap
Q8TF50	[622, 658]	No_PFAM_overlap
Q92581	[585, 618]	No_PFAM_overlap
Q969Q5	[185, 202]	No_PFAM_overlap
Q96CW5	[3, 19]	No_PFAM_overlap
Q9H4A4	[61, 92]	No_PFAM_overlap
Q9Y6X2	[390, 415]	No_PFAM_overlap
A8MZ36	[262, 289]	No_PFAM_overlap
O95084	[58, 76]	No_PFAM_overlap
P46934	[289, 442]	No_PFAM_overlap
P62745	[179, 195]	No_PFAM_overlap
Q04912	[86, 134]	No_PFAM_overlap
Q04912	[153, 186]	No_PFAM_overlap
Q04912	[297, 315]	No_PFAM_overlap
Q04912	[1007, 1050]	No_PFAM_overlap
Q5HYJ1	[24, 39]	No_PFAM_overlap
Q5VU97	[107, 174]	No_PFAM_overlap
Q5VU97	[947, 1083]	CACHD1 C-terminal domain
Q5VYP0	[1194, 1272]	No_PFAM_overlap
Q86UQ0	[198, 363]	Zinc finger, C2H2 type
Q8IXS0	[146, 169]	No_PFAM_overlap
Q8IYD8	[909, 978]	No_PFAM_overlap
Q8IYD8	[1018, 1064]	No_PFAM_overlap
Q8IYD8	[1633, 1660]	No_PFAM_overlap
Q8IZ26	[238, 558]	Zinc finger, C2H2 type
Q8N2G8	[506, 529]	No_PFAM_overlap
Q8NEP9	[90, 627]	C2H2-type zinc finger
Q8TCN5	[116, 175]	No_PFAM_overlap
Q8TCN5	[245, 320]	No_PFAM_overlap
Q8TCN5	[432, 457]	No_PFAM_overlap
Q8TCN5	[629, 719]	Zinc finger, C2H2 type
Q8TCN5	[748, 829]	No_PFAM_overlap
Q8TCN5	[896, 939]	No_PFAM_overlap
Q8TCP9	[543, 563]	No_PFAM_overlap
Q8TF66	[17, 46]	No_PFAM_overlap
Q96KE9	[107, 126]	No_PFAM_overlap
Q9BTD8	[348, 371]	No_PFAM_overlap
Q9BX26	[852, 902]	No_PFAM_overlap
Q9H2S5	[72, 156]	RING-type zinc-finger
Q9H2S5	[273, 293]	SPRY-associated domain
Q9NP71	[238, 262]	No_PFAM_overlap
Q9UIF9	[815, 845]	No_PFAM_overlap
Q9UIF9	[1535, 1583]	No_PFAM_overlap
Q9UL36	[0, 311]	Zinc finger, C2H2 type
Q9UL36	[499, 546]	Zinc finger, C2H2 type
Q9UL36	[642, 771]	Zinc finger, C2H2 type
Q9UL36	[962, 1077]	Zinc finger, C2H2 type
Q9UL36	[1156, 1273]	Zinc finger, C2H2 type
Q9UL36	[1631, 1807]	Zinc finger, C2H2 type
Q9Y4K3	[137, 262]	TNF receptor-associated factor 6 zinc finger 2
A6NFA0	[28, 57]	Domain of unknown function (DUF4599)
A6NK02	[0, 156]	B-box zinc finger
O00139	[208, 224]	No_PFAM_overlap
O60281	[2, 26]	No_PFAM_overlap
O60281	[565, 599]	No_PFAM_overlap
O60281	[1366, 1425]	No_PFAM_overlap
O60281	[1930, 1979]	No_PFAM_overlap
O60281	[2104, 2119]	No_PFAM_overlap
O60281	[2237, 2265]	No_PFAM_overlap
O60281	[2636, 2672]	No_PFAM_overlap
P51610	[1000, 1017]	No_PFAM_overlap
P51610	[1032, 1078]	No_PFAM_overlap
P51610	[1876, 1899]	No_PFAM_overlap
Q6UXU4	[282, 309]	No_PFAM_overlap
Q86UD3	[12, 107]	RING-variant domain
Q86UW6	[57, 88]	No_PFAM_overlap
Q86UW6	[589, 609]	No_PFAM_overlap
Q86UW6	[1125, 1165]	NEDD4-binding protein 2, UBA domain
Q86YN6	[927, 998]	RNA recognition motif
Q8IXT1	[194, 262]	No_PFAM_overlap
Q8IXT1	[523, 649]	No_PFAM_overlap
Q8IXT1	[659, 688]	No_PFAM_overlap
Q8IXT1	[843, 906]	No_PFAM_overlap
Q8IXT1	[917, 997]	No_PFAM_overlap
Q8TD94	[197, 280]	Zinc finger, C2H2 type
Q8TEP8	[327, 376]	No_PFAM_overlap
Q8TEP8	[400, 452]	No_PFAM_overlap
Q8TEP8	[585, 618]	No_PFAM_overlap
Q8TEP8	[1301, 1376]	Cep192 domain 1
Q8TEP8	[2389, 2418]	Cep192 domain 7
Q92785	[265, 390]	PHD-finger
Q96MI9	[985, 1001]	No_PFAM_overlap
Q96P64	[94, 116]	No_PFAM_overlap
Q96PV0	[40, 68]	No_PFAM_overlap
Q99259	[24, 76]	No_PFAM_overlap
Q9BTT6	[0, 15]	No_PFAM_overlap
Q9BTT6	[410, 462]	No_PFAM_overlap
Q9C0A6	[80, 122]	No_PFAM_overlap
Q9C0A6	[394, 418]	No_PFAM_overlap
Q9C0A6	[704, 766]	No_PFAM_overlap
Q9H0F5	[429, 470]	Ring finger domain
Q9NXN4	[6, 35]	No_PFAM_overlap
Q9UJU3	[187, 891]	Zinc finger, C2H2 type
Q9UPU9	[487, 502]	No_PFAM_overlap
Q9Y4X4	[315, 399]	Zinc finger, C2H2 type
A2A3K4	[36, 72]	No_PFAM_overlap
P21980	[355, 381]	Transglutaminase-like superfamily
P30307	[25, 60]	No_PFAM_overlap
P30307	[427, 454]	No_PFAM_overlap
P35555	[57, 393]	TB domain
P35555	[435, 1718]	TB domain
P35555	[1803, 2689]	TB domain
P45844	[382, 404]	ABC-2 type transporter
Q14520	[65, 212]	EGF-like domain
Q58G82	[8, 46]	No_PFAM_overlap
Q5T0B9	[219, 410]	Zinc finger, C2H2 type
Q6ZTB9	[0, 186]	Zinc finger, C2H2 type
Q7L8L6	[656, 717]	RAP domain
Q7Z3I7	[119, 518]	Zinc finger, C2H2 type
Q86UN3	[35, 57]	No_PFAM_overlap
Q8IZH2	[1437, 1505]	No_PFAM_overlap
Q8N474	[161, 196]	Fz domain
Q8N9W5	[430, 458]	Domain of unknown function (DUF4471)
Q8NFZ3	[725, 747]	No_PFAM_overlap
Q8TCC7	[36, 97]	No_PFAM_overlap
Q8WXH2	[326, 347]	MORN repeat
Q9BZ11	[337, 687]	Disintegrin
Q9BZ11	[705, 737]	No_PFAM_overlap
Q9NZM3	[621, 640]	No_PFAM_overlap
Q9Y6V0	[2916, 2933]	No_PFAM_overlap
Q9Y6V0	[2959, 2981]	No_PFAM_overlap
A6NGJ6	[4, 138]	B-box zinc finger
O60566	[723, 753]	No_PFAM_overlap
P00738	[138, 158]	No_PFAM_overlap
P18084	[454, 662]	Integrin EGF domain
Q15911	[186, 201]	No_PFAM_overlap
Q15911	[626, 754]	No_PFAM_overlap
Q15911	[801, 865]	No_PFAM_overlap
Q15911	[1071, 1093]	No_PFAM_overlap
Q15911	[1216, 1297]	No_PFAM_overlap
Q15911	[1353, 1409]	No_PFAM_overlap
Q15911	[1533, 1578]	No_PFAM_overlap
Q15911	[2735, 2769]	No_PFAM_overlap
Q15911	[2998, 3036]	Homeodomain
Q15911	[3458, 3497]	No_PFAM_overlap
Q15911	[3532, 3566]	No_PFAM_overlap
Q16587	[245, 454]	Zinc finger, C2H2 type
Q16587	[509, 593]	Zinc finger, C2H2 type
Q494X3	[114, 136]	No_PFAM_overlap
Q494X3	[210, 551]	Zinc finger, C2H2 type
Q5IJ48	[39, 453]	Human growth factor-like EGF
Q5IJ48	[778, 894]	EGF-like domain
Q5IJ48	[1041, 1227]	Human growth factor-like EGF
Q5VWI1	[123, 157]	No_PFAM_overlap
Q6IE37	[21, 87]	No_PFAM_overlap
Q6X4W1	[318, 348]	No_PFAM_overlap
Q6ZN44	[254, 269]	No_PFAM_overlap
Q86UK7	[169, 197]	No_PFAM_overlap
Q86V71	[165, 650]	Zinc finger, C2H2 type
Q8IUW3	[356, 417]	No_PFAM_overlap
Q8NB42	[212, 608]	Zinc finger, C2H2 type
Q969Z4	[34, 126]	No_PFAM_overlap
Q96LW1	[202, 326]	Zinc finger, C2H2 type
Q96LW1	[343, 611]	Zinc finger, C2H2 type
Q96QV1	[578, 694]	EGF-like domain
Q9BUH8	[117, 195]	No_PFAM_overlap
Q9NP73	[132, 158]	No_PFAM_overlap
Q9NWS6	[307, 342]	No_PFAM_overlap
Q9NYN1	[216, 231]	No_PFAM_overlap
Q9UHP7	[58, 80]	No_PFAM_overlap
A6NF34	[421, 591]	No_PFAM_overlap
A6NJ88	[0, 23]	No_PFAM_overlap
A6NJ88	[132, 171]	No_PFAM_overlap
A6NJ88	[476, 497]	No_PFAM_overlap
O15016	[0, 46]	No_PFAM_overlap
O15016	[1001, 1024]	No_PFAM_overlap
O15016	[1098, 1195]	PHD-finger
O75061	[390, 436]	No_PFAM_overlap
O75153	[160, 209]	No_PFAM_overlap
O75153	[578, 597]	No_PFAM_overlap
O75153	[685, 716]	No_PFAM_overlap
O94991	[265, 296]	No_PFAM_overlap
O94991	[364, 403]	No_PFAM_overlap
P07814	[684, 711]	No_PFAM_overlap
P11047	[282, 512]	Laminin N-terminal (Domain VI)
P11047	[667, 1047]	Laminin EGF domain
P17027	[153, 637]	Zinc finger, C2H2 type
P23327	[624, 683]	No_PFAM_overlap
P25391	[269, 517]	Laminin EGF domain
P25391	[703, 1168]	Laminin B (Domain IV)
P25391	[1336, 1570]	Laminin B (Domain IV)
P25391	[2671, 2707]	No_PFAM_overlap
P57052	[92, 107]	No_PFAM_overlap
P78330	[0, 17]	haloacid dehalogenase-like hydrolase
P78504	[202, 999]	Human growth factor-like EGF
P98088	[210, 443]	von Willebrand factor type D domain
P98088	[603, 890]	C8 domain
P98088	[1057, 1321]	Otogelin-like/Mucin TIL domain
P98088	[4772, 4831]	No_PFAM_overlap
P98088	[4861, 4924]	von Willebrand factor type D domain
P98088	[5137, 5152]	C8 domain
P98088	[5203, 5620]	C8 domain
Q15334	[635, 660]	No_PFAM_overlap
Q5SYE7	[23, 49]	No_PFAM_overlap
Q5SYE7	[66, 134]	No_PFAM_overlap
Q5W186	[110, 158]	Cathelicidin
Q6P2D0	[174, 406]	Zinc finger, C2H2 type
Q6PL18	[729, 774]	No_PFAM_overlap
Q6PL18	[1100, 1117]	No_PFAM_overlap
Q8IUB2	[28, 214]	WAP-type (Whey Acidic Protein) 'four-disulfide core'
Q8NA54	[614, 634]	No_PFAM_overlap
Q8NCL4	[74, 105]	No_PFAM_overlap
Q8NCL4	[126, 172]	No_PFAM_overlap
Q8WUU4	[231, 278]	Zinc finger, C2H2 type
Q8WUU4	[386, 466]	Zinc finger, C2H2 type
Q96DZ1	[194, 225]	Glucosidase II beta subunit-like protein
Q96N20	[139, 290]	Zinc finger, C2H2 type
Q96T49	[547, 566]	No_PFAM_overlap
Q9H4I2	[67, 141]	Zinc-fingers and homeoboxes C2H2 finger domain
Q9H4I2	[461, 560]	Homeodomain
Q9NSJ1	[66, 143]	Zinc finger, C2H2 type
Q9NSJ1	[195, 427]	Zinc finger, C2H2 type
Q9NXG2	[33, 73]	No_PFAM_overlap
Q9P2B2	[150, 168]	No_PFAM_overlap
Q9ULH1	[682, 705]	No_PFAM_overlap
A4IF30	[5, 35]	No_PFAM_overlap
A6NDI0	[46, 67]	zinc finger of C3HC4-type, RING
O14640	[357, 376]	No_PFAM_overlap
O15266	[59, 96]	No_PFAM_overlap
O43151	[248, 294]	No_PFAM_overlap
O43151	[812, 844]	No_PFAM_overlap
O43151	[950, 1013]	Oxygenase domain of the 2OGFeDO superfamily
O95544	[65, 100]	No_PFAM_overlap
P0C025	[2, 49]	No_PFAM_overlap
Q13434	[81, 149]	Zinc finger C-x8-C-x5-C-x3-H type (and similar)
Q13434	[240, 366]	CCCH-type zinc finger
Q14449	[77, 120]	RA like domain
Q15389	[29, 56]	No_PFAM_overlap
Q3C1V0	[12, 43]	No_PFAM_overlap
Q6PI77	[252, 297]	No_PFAM_overlap
Q7L0X0	[23, 50]	No_PFAM_overlap
Q7L0X0	[672, 703]	No_PFAM_overlap
Q7L0X0	[790, 810]	No_PFAM_overlap
Q86WK6	[15, 54]	No_PFAM_overlap
Q8IXL7	[30, 50]	No_PFAM_overlap
Q8N883	[53, 115]	No_PFAM_overlap
Q8N883	[171, 353]	Zinc finger, C2H2 type
Q8N883	[366, 572]	Zinc finger, C2H2 type
Q96D09	[447, 482]	No_PFAM_overlap
Q96D09	[571, 592]	No_PFAM_overlap
Q96FS4	[287, 317]	No_PFAM_overlap
Q96FS4	[744, 780]	PDZ domain
Q96L94	[144, 171]	No_PFAM_overlap
Q96NL1	[95, 118]	No_PFAM_overlap
Q96NU0	[678, 764]	No_PFAM_overlap
Q96NU0	[919, 999]	Laminin G domain
Q96NU0	[1166, 1187]	Laminin G domain
Q9ULL0	[36, 56]	No_PFAM_overlap
Q9ULL0	[92, 163]	No_PFAM_overlap
Q9ULL4	[1075, 1127]	No_PFAM_overlap
Q9ULL4	[1142, 1162]	No_PFAM_overlap
Q9UQP3	[78, 265]	Teneurin-like EGF domain
A6NDD5	[22, 77]	No_PFAM_overlap
O76083	[204, 240]	No_PFAM_overlap
O94941	[348, 365]	No_PFAM_overlap
O95760	[12, 83]	No_PFAM_overlap
P01111	[170, 188]	No_PFAM_overlap
P13942	[208, 226]	No_PFAM_overlap
P17036	[196, 426]	Zinc finger, C2H2 type
P49454	[1494, 1511]	No_PFAM_overlap
P62955	[213, 228]	No_PFAM_overlap
Q00341	[940, 963]	No_PFAM_overlap
Q13308	[185, 227]	Immunoglobulin domain
Q13464	[1221, 1295]	No_PFAM_overlap
Q16363	[58, 316]	Laminin Domain I
Q5JST6	[375, 416]	No_PFAM_overlap
Q6AI39	[794, 835]	Conserved region of unknown function on GLTSCR protein
Q6AI39	[874, 905]	No_PFAM_overlap
Q6DN72	[381, 415]	No_PFAM_overlap
Q86SQ6	[350, 403]	No_PFAM_overlap
Q86YC3	[31, 57]	No_PFAM_overlap
Q8ND61	[659, 688]	No_PFAM_overlap
Q8NEA6	[335, 356]	No_PFAM_overlap
Q8NEA6	[430, 493]	Zinc finger, C2H2 type
Q8NEA6	[743, 774]	No_PFAM_overlap
Q92966	[86, 131]	No_PFAM_overlap
Q96JZ2	[112, 137]	No_PFAM_overlap
Q9BX73	[70, 140]	No_PFAM_overlap
Q9H2U2	[282, 326]	No_PFAM_overlap
Q9NWH7	[139, 174]	Spermatogenesis-assoc protein 6
Q9NWH7	[287, 328]	No_PFAM_overlap
Q9UL68	[312, 349]	No_PFAM_overlap
Q9ULX5	[347, 362]	No_PFAM_overlap
Q9ULX5	[390, 414]	No_PFAM_overlap
Q9Y2Y9	[165, 250]	Zinc finger, C2H2 type
O14709	[152, 179]	No_PFAM_overlap
O14709	[344, 990]	Zinc finger, C2H2 type
O14709	[1000, 1020]	No_PFAM_overlap
O43525	[675, 694]	No_PFAM_overlap
O95428	[291, 530]	ADAM-TS Spacer 1
O95428	[629, 676]	No_PFAM_overlap
P08253	[327, 352]	Fibronectin type II domain
P0DJJ0	[334, 371]	No_PFAM_overlap
P17029	[372, 562]	Zinc finger, C2H2 type
Q13621	[51, 80]	No_PFAM_overlap
Q5TH69	[927, 948]	No_PFAM_overlap
Q5TH69	[1371, 1386]	No_PFAM_overlap
Q5TH69	[1631, 1649]	No_PFAM_overlap
Q5TH69	[1675, 1702]	No_PFAM_overlap
Q6P9F5	[5, 114]	Zinc finger, C3HC4 type (RING finger)
Q86TJ2	[121, 148]	No_PFAM_overlap
Q8IZF5	[1039, 1061]	No_PFAM_overlap
Q8TAM1	[509, 532]	No_PFAM_overlap
Q96PM5	[16, 153]	CHY zinc finger
Q96SQ5	[47, 68]	KRAB box
Q96SQ5	[87, 151]	No_PFAM_overlap
Q96SQ5	[213, 571]	Zinc finger, C2H2 type
Q9BQF6	[93, 173]	No_PFAM_overlap
Q9BQF6	[482, 510]	No_PFAM_overlap
Q9BRR9	[191, 242]	No_PFAM_overlap
Q9BRR9	[516, 535]	No_PFAM_overlap
Q9BUB5	[166, 183]	No_PFAM_overlap
Q9BXP8	[581, 663]	LNR domain
Q9BXP8	[1091, 1249]	No_PFAM_overlap
Q9BXP8	[1371, 1499]	Sushi repeat (SCR repeat)
Q9BXP8	[1570, 1790]	Sushi repeat (SCR repeat)
Q9NSN8	[145, 199]	No_PFAM_overlap
Q9UHC6	[553, 603]	No_PFAM_overlap
Q9UHC6	[954, 1007]	No_PFAM_overlap
Q9UI33	[530, 554]	No_PFAM_overlap
Q9ULG6	[615, 647]	CCPG1 C-terminal domain
Q9Y2I1	[430, 452]	No_PFAM_overlap
A2CJ06	[220, 302]	Zinc finger, ZZ type
A6NLI5	[6, 136]	B-box zinc finger
O43900	[22, 62]	No_PFAM_overlap
O95153	[1705, 1728]	No_PFAM_overlap
O95294	[670, 768]	BTK motif
P51798	[720, 746]	CBS domain
Q01804	[277, 314]	No_PFAM_overlap
Q01804	[657, 694]	No_PFAM_overlap
Q13395	[850, 878]	No_PFAM_overlap
Q14CB8	[14, 32]	No_PFAM_overlap
Q14CB8	[319, 350]	No_PFAM_overlap
Q15942	[368, 571]	LIM domain
Q16134	[4, 32]	No_PFAM_overlap
Q16629	[94, 124]	No_PFAM_overlap
Q5EBL2	[32, 224]	Zinc finger, C2H2 type
Q5EBL2	[280, 311]	No_PFAM_overlap
Q5EBL2	[388, 407]	No_PFAM_overlap
Q5EBL2	[451, 640]	Zinc finger, C2H2 type
Q6P1J6	[311, 365]	No_PFAM_overlap
Q6P1J6	[670, 707]	No_PFAM_overlap
Q6P1J6	[1021, 1060]	No_PFAM_overlap
Q6WRX3	[14, 33]	No_PFAM_overlap
Q86T65	[1, 41]	No_PFAM_overlap
Q8IYL2	[490, 512]	No_PFAM_overlap
Q8IYL2	[553, 600]	No_PFAM_overlap
Q8IYL2	[715, 746]	No_PFAM_overlap
Q8N1G0	[505, 555]	ZNF592-like C2H2 zinc finger
Q8N1G0	[660, 883]	No_PFAM_overlap
Q8N1G0	[995, 1048]	Zinc finger, C2H2 type
Q8N2A8	[30, 77]	No_PFAM_overlap
Q8NA31	[552, 615]	No_PFAM_overlap
Q96KR4	[127, 173]	No_PFAM_overlap
Q96PT4	[11, 32]	No_PFAM_overlap
Q9NYY3	[68, 97]	Protein kinase domain
Q9NYY3	[344, 368]	No_PFAM_overlap
Q9NYY3	[436, 473]	No_PFAM_overlap
Q9P1Y6	[100, 260]	PHD-finger
Q9UL58	[264, 515]	Zinc finger, C2H2 type
Q9UL62	[924, 968]	No_PFAM_overlap
Q9UM73	[83, 98]	No_PFAM_overlap
Q9UM73	[261, 283]	No_PFAM_overlap
Q9UM73	[452, 477]	No_PFAM_overlap
Q9UM73	[961, 1045]	ALK/LTK, Glycine-rich domain
Q9UM73	[1084, 1108]	No_PFAM_overlap
A6NMZ7	[1378, 1395]	Collagen triple helix repeat (20 copies)
O43149	[197, 278]	Anaphase-promoting complex, subunit 10 (APC10)
O43149	[704, 722]	No_PFAM_overlap
O43149	[1411, 1435]	No_PFAM_overlap
O43149	[1918, 1937]	No_PFAM_overlap
O43149	[2695, 2715]	No_PFAM_overlap
O43149	[2727, 2767]	No_PFAM_overlap
O95819	[870, 895]	No_PFAM_overlap
P02750	[41, 62]	No_PFAM_overlap
P26045	[312, 355]	FERM C-terminal PH-like domain
P26045	[473, 502]	No_PFAM_overlap
P48506	[617, 633]	No_PFAM_overlap
P53804	[1458, 1473]	No_PFAM_overlap
Q12756	[905, 926]	No_PFAM_overlap
Q12756	[1109, 1126]	No_PFAM_overlap
Q12756	[1326, 1351]	No_PFAM_overlap
Q12756	[1443, 1474]	No_PFAM_overlap
Q12955	[3986, 4017]	No_PFAM_overlap
Q5EG05	[92, 123]	No_PFAM_overlap
Q5TCQ9	[1, 67]	No_PFAM_overlap
Q5TCQ9	[320, 344]	WW domain
Q6P158	[171, 220]	No_PFAM_overlap
Q6ZN28	[73, 96]	No_PFAM_overlap
Q6ZN28	[209, 232]	No_PFAM_overlap
Q8IXQ6	[35, 59]	No_PFAM_overlap
Q8IYX0	[73, 410]	Zinc finger, C2H2 type
Q8N4M1	[155, 190]	No_PFAM_overlap
Q8NA42	[168, 474]	Zinc finger, C2H2 type
Q8NFT6	[447, 464]	No_PFAM_overlap
Q8NFT6	[532, 552]	No_PFAM_overlap
Q8NFT6	[593, 614]	No_PFAM_overlap
Q96BT7	[327, 365]	2OG-Fe(II) oxygenase superfamily
Q9HBJ7	[122, 145]	No_PFAM_overlap
Q9NR80	[187, 207]	SH3 domain
Q9NZU1	[367, 384]	No_PFAM_overlap
Q9NZU1	[643, 658]	No_PFAM_overlap
Q9UHF1	[28, 176]	EMI domain
Q9UNX4	[262, 281]	No_PFAM_overlap
A0A5F9ZHS7	[104, 165]	No_PFAM_overlap
A0A5F9ZHS7	[178, 226]	No_PFAM_overlap
A6NMN3	[77, 135]	No_PFAM_overlap
A8MYU2	[614, 644]	No_PFAM_overlap
A8MYU2	[684, 717]	Calcium-activated potassium channel slowpoke-like RCK domain
O00110	[70, 187]	Zinc-finger double domain
O14497	[1819, 1840]	No_PFAM_overlap
P0CJ78	[211, 276]	Zinc finger, C2H2 type
P0CJ78	[344, 428]	Zinc finger, C2H2 type
P0CJ78	[549, 635]	Zinc finger, C2H2 type
P0CJ78	[655, 688]	No_PFAM_overlap
P0CJ78	[831, 1038]	Zinc finger, C2H2 type
P0DJD3	[418, 459]	No_PFAM_overlap
P23378	[970, 1010]	No_PFAM_overlap
Q01081	[48, 66]	No_PFAM_overlap
Q01081	[134, 188]	RNA recognition motif
Q14679	[85, 141]	No_PFAM_overlap
Q14679	[336, 387]	No_PFAM_overlap
Q14679	[403, 433]	No_PFAM_overlap
Q14679	[544, 570]	No_PFAM_overlap
Q15361	[863, 904]	No_PFAM_overlap
Q16576	[89, 108]	No_PFAM_overlap
Q3SXY7	[12, 52]	No_PFAM_overlap
Q3SXY7	[652, 668]	No_PFAM_overlap
Q6PJI9	[383, 456]	No_PFAM_overlap
Q6PJI9	[481, 524]	No_PFAM_overlap
Q6PJI9	[900, 921]	No_PFAM_overlap
Q6ZMY6	[410, 448]	No_PFAM_overlap
Q8IYW4	[136, 156]	ENTH domain
Q8IYW4	[363, 385]	No_PFAM_overlap
Q8N3X1	[199, 219]	WW domain
Q8NG31	[289, 337]	MELT motif
Q8NG31	[406, 489]	MELT motif
Q8NG31	[746, 850]	MELT motif
Q8NG31	[931, 984]	MELT motif
Q8NG31	[1133, 1186]	MELT motif
Q8NG31	[1232, 1251]	No_PFAM_overlap
Q8NG31	[1267, 1379]	No_PFAM_overlap
Q8NG31	[1417, 1446]	No_PFAM_overlap
Q8NG31	[1512, 1539]	No_PFAM_overlap
Q8WTZ4	[91, 135]	No_PFAM_overlap
Q92698	[665, 713]	No_PFAM_overlap
Q96RN5	[642, 685]	ARC105/Med15 mediator subunit C-terminal domain
Q9HCM7	[528, 546]	No_PFAM_overlap
Q9NPF0	[52, 162]	Low-density lipoprotein receptor domain class A
A7XYQ1	[134, 222]	MYM-type Zinc finger with FCS sequence motif
O75051	[679, 703]	Plexin A/B, PSI domain
P10073	[259, 490]	Zinc finger, C2H2 type
P20674	[22, 51]	Cytochrome c oxidase subunit Va
P26368	[381, 404]	RNA recognition motif
P28290	[126, 145]	No_PFAM_overlap
P36896	[157, 183]	Transforming growth factor beta type I GS-motif
P54198	[280, 306]	No_PFAM_overlap
P68543	[13, 65]	SEP domain
P78312	[93, 162]	No_PFAM_overlap
P78312	[201, 224]	No_PFAM_overlap
P78312	[477, 531]	No_PFAM_overlap
P78312	[1074, 1107]	No_PFAM_overlap
Q12901	[156, 537]	Zinc finger, C2H2 type
Q13064	[223, 240]	No_PFAM_overlap
Q13064	[258, 374]	RNA-binding, Nab2-type zinc finger
Q15365	[176, 200]	No_PFAM_overlap
Q15365	[210, 245]	No_PFAM_overlap
Q15365	[262, 289]	KH domain
Q4G112	[336, 357]	No_PFAM_overlap
Q4G112	[440, 472]	No_PFAM_overlap
Q6N063	[0, 30]	No_PFAM_overlap
Q6N063	[334, 349]	No_PFAM_overlap
Q8IZP6	[186, 309]	Zinc finger C-x8-C-x5-C-x3-H type (and similar)
Q8N139	[1277, 1302]	No_PFAM_overlap
Q8N2N9	[776, 805]	No_PFAM_overlap
Q8WXF8	[0, 17]	No_PFAM_overlap
Q92625	[927, 979]	Phosphotyrosine interaction domain (PTB/PID)
Q92750	[571, 631]	Transcription initiation factor TFIID component TAF4 family
Q9H0F6	[220, 244]	No_PFAM_overlap
Q9H2D6	[0, 39]	No_PFAM_overlap
Q9H706	[344, 399]	No_PFAM_overlap
Q9H706	[776, 800]	No_PFAM_overlap
Q9NRR6	[249, 265]	No_PFAM_overlap
Q9P2Y5	[650, 687]	No_PFAM_overlap
Q9UNX9	[352, 398]	Inward rectifier potassium channel C-terminal domain
Q9Y240	[163, 217]	Lectin C-type domain
Q9Y2E4	[915, 936]	No_PFAM_overlap
A2VCK2	[93, 121]	No_PFAM_overlap
O94983	[200, 225]	No_PFAM_overlap
P09960	[0, 27]	Peptidase M1 N-terminal domain
P13682	[214, 401]	Zinc finger, C2H2 type
P13682	[442, 526]	Zinc finger, C2H2 type
P25490	[281, 412]	Zinc finger, C2H2 type
P41134	[22, 55]	No_PFAM_overlap
P60409	[13, 73]	No_PFAM_overlap
P62684	[482, 600]	Gag protein p24 C-terminal domain
Q04721	[19, 1542]	Calcium-binding EGF domain
Q13423	[3, 30]	No_PFAM_overlap
Q13751	[220, 593]	Laminin N-terminal (Domain VI)
Q13751	[763, 846]	LAMB1-4 helical domain
Q3T906	[1076, 1106]	No_PFAM_overlap
Q5TIE3	[171, 194]	No_PFAM_overlap
Q5TIE3	[1078, 1099]	No_PFAM_overlap
Q86WZ6	[248, 798]	Zinc finger, C2H2 type
Q8IUL8	[112, 272]	Mucin-2 protein WxxW repeating region
Q8N0Y2	[243, 298]	Zinc finger, C2H2 type
Q8N143	[296, 467]	Zinc finger, C2H2 type
Q8N2R0	[165, 310]	Zinc finger, C2H2 type
Q8NCQ5	[58, 76]	F-box-like
Q8NEM7	[194, 374]	Spt20, SEP domain
Q8TEM1	[752, 771]	No_PFAM_overlap
Q92547	[314, 342]	No_PFAM_overlap
Q92817	[468, 492]	SH3 domain
Q92817	[567, 611]	No_PFAM_overlap
Q92817	[1704, 1752]	Plectin repeat
Q92817	[1830, 1849]	No_PFAM_overlap
Q92817	[2004, 2031]	No_PFAM_overlap
Q96S38	[717, 747]	No_PFAM_overlap
Q96S38	[792, 827]	No_PFAM_overlap
Q9BXR6	[365, 568]	Sushi repeat (SCR repeat)
Q9BXX0	[384, 405]	No_PFAM_overlap
Q9BXX0	[546, 565]	No_PFAM_overlap
Q9BXX0	[660, 715]	No_PFAM_overlap
Q9C0C9	[338, 388]	UBE2O, tandem tSH3-B domain
Q9C0C9	[903, 926]	No_PFAM_overlap
Q9C0D5	[131, 176]	No_PFAM_overlap
Q9NRM6	[484, 501]	No_PFAM_overlap
Q9UK13	[107, 597]	Zinc finger, C2H2 type
A6NKX4	[97, 124]	No_PFAM_overlap
O15072	[500, 721]	ADAMTS cysteine-rich domain 2
O15072	[859, 1058]	Thrombospondin type 1 domain
O60266	[461, 486]	Adenylate and Guanylate cyclase catalytic domain
O60266	[620, 642]	No_PFAM_overlap
O95170	[0, 28]	No_PFAM_overlap
O95780	[106, 182]	Zinc finger, C2H2 type
O95780	[218, 497]	Zinc finger, C2H2 type
P08048	[420, 798]	Zinc finger, C2H2 type
P08069	[672, 716]	No_PFAM_overlap
P0C6A0	[39, 75]	No_PFAM_overlap
P49327	[1102, 1120]	No_PFAM_overlap
P49327	[1153, 1180]	No_PFAM_overlap
P54296	[70, 91]	No_PFAM_overlap
Q03112	[199, 431]	C2H2-type zinc finger
Q03112	[875, 995]	Zinc finger, C2H2 type
Q6ZN30	[114, 138]	No_PFAM_overlap
Q6ZN30	[425, 490]	Zinc-finger of C2H2 type
Q6ZN30	[789, 904]	No_PFAM_overlap
Q6ZN30	[1021, 1082]	Zinc finger, C2H2 type
Q7Z713	[94, 151]	Ankyrin repeats (3 copies)
Q8IZN3	[292, 315]	No_PFAM_overlap
Q8N8Y5	[57, 197]	Zinc finger, C2H2 type
Q969S2	[280, 331]	No_PFAM_overlap
Q96EF0	[532, 670]	No_PFAM_overlap
Q9NYJ8	[659, 692]	No_PFAM_overlap
Q9Y490	[232, 253]	No_PFAM_overlap
Q9Y490	[1377, 1408]	No_PFAM_overlap
A6NDX5	[137, 524]	C2H2-type zinc finger
A6NDX5	[544, 712]	C2H2-type zinc finger
O75970	[629, 665]	PDZ domain
O94953	[655, 708]	No_PFAM_overlap
P22105	[68, 169]	No_PFAM_overlap
P22105	[183, 797]	Tenascin EGF domain
P37173	[212, 235]	No_PFAM_overlap
P98153	[227, 368]	Lectin C-type domain
Q13886	[142, 231]	Zinc finger, C2H2 type
Q14296	[33, 71]	No_PFAM_overlap
Q14296	[436, 457]	FAST kinase-like protein, subdomain 2
Q15415	[418, 458]	No_PFAM_overlap
Q504Y3	[192, 212]	No_PFAM_overlap
Q5H9F3	[1048, 1073]	No_PFAM_overlap
Q5H9F3	[1628, 1649]	No_PFAM_overlap
Q5SRH9	[8, 23]	No_PFAM_overlap
Q5SRH9	[139, 168]	Iml2/Tetratricopeptide repeat protein 39
Q5VST6	[0, 29]	No_PFAM_overlap
Q6ZMY3	[114, 159]	No_PFAM_overlap
Q6ZMY3	[462, 493]	No_PFAM_overlap
Q70EL1	[804, 847]	No_PFAM_overlap
Q7Z3K3	[364, 409]	No_PFAM_overlap
Q7Z3K3	[492, 578]	No_PFAM_overlap
Q7Z6W7	[74, 91]	No_PFAM_overlap
Q8IZA0	[889, 908]	No_PFAM_overlap
Q99684	[119, 143]	No_PFAM_overlap
Q99684	[229, 421]	Zinc finger, C2H2 type
Q9HCI7	[131, 162]	No_PFAM_overlap
Q9HCI7	[241, 320]	No_PFAM_overlap
Q9HCI7	[557, 576]	No_PFAM_overlap
Q9NS64	[15, 37]	No_PFAM_overlap
Q9UKJ8	[396, 547]	Reprolysin (M12B) family zinc metalloprotease
Q9UKJ8	[634, 665]	No_PFAM_overlap
Q9UMD9	[363, 382]	No_PFAM_overlap
A8TX70	[1379, 1400]	Collagen triple helix repeat (20 copies)
A8TX70	[2503, 2519]	No_PFAM_overlap
O15391	[246, 266]	No_PFAM_overlap
O15391	[289, 327]	Zinc finger, C2H2 type
P35523	[802, 833]	No_PFAM_overlap
P60893	[347, 369]	No_PFAM_overlap
P78364	[727, 756]	No_PFAM_overlap
P78364	[790, 859]	Zinc finger, FCS-type
Q12789	[1082, 1117]	No_PFAM_overlap
Q12789	[1668, 1708]	No_PFAM_overlap
Q13433	[258, 320]	No_PFAM_overlap
Q13643	[0, 279]	LIM domain
Q5SZK8	[2479, 2500]	No_PFAM_overlap
Q6A1A2	[330, 395]	No_PFAM_overlap
Q6P1M9	[287, 307]	Armadillo-like
Q86VP1	[711, 788]	Autophagy receptor zinc finger-C2H2 domain
Q8IWG1	[195, 226]	No_PFAM_overlap
Q8IWG1	[566, 617]	No_PFAM_overlap
Q8N3J9	[0, 94]	Zinc finger, C2H2 type
Q8N3J9	[107, 260]	Zinc finger, C2H2 type
Q8N475	[47, 147]	Kazal-type serine protease inhibitor domain
Q8TCU4	[100, 133]	No_PFAM_overlap
Q8TCU4	[2271, 2300]	No_PFAM_overlap
Q8TCU4	[2341, 2388]	No_PFAM_overlap
Q8TCU4	[2562, 2601]	No_PFAM_overlap
Q8TCU4	[3470, 3543]	No_PFAM_overlap
Q8TF46	[13, 53]	No_PFAM_overlap
Q8TF46	[309, 327]	Rrp44-like cold shock domain
Q96EW2	[341, 362]	No_PFAM_overlap
Q9BYN7	[318, 377]	Zinc finger, C2H2 type
Q9BYN7	[485, 735]	Zinc finger, C2H2 type
Q9H3T3	[529, 600]	Plexin repeat
Q9UPW0	[182, 203]	No_PFAM_overlap
Q9UPW0	[452, 526]	No_PFAM_overlap
A5YKK6	[663, 683]	No_PFAM_overlap
O15060	[553, 662]	Zinc finger, C2H2 type
O94855	[290, 369]	Sec23/Sec24 zinc finger
O95391	[99, 150]	No_PFAM_overlap
P49747	[56, 290]	Cartilage oligomeric matrix protein
P52954	[40, 66]	No_PFAM_overlap
P98161	[25, 64]	No_PFAM_overlap
P98161	[571, 597]	No_PFAM_overlap
P98161	[637, 682]	No_PFAM_overlap
P98161	[711, 751]	No_PFAM_overlap
P98161	[3357, 3384]	No_PFAM_overlap
P98161	[3414, 3433]	No_PFAM_overlap
Q14D33	[493, 532]	No_PFAM_overlap
Q68DV7	[228, 284]	Ring finger domain
Q6J4K2	[40, 87]	No_PFAM_overlap
Q6ZU52	[567, 603]	No_PFAM_overlap
Q7L190	[109, 143]	Dppa2/4 conserved region in higher vertebrates
Q7L622	[4, 27]	No_PFAM_overlap
Q8N3T1	[161, 190]	No_PFAM_overlap
Q92956	[24, 200]	TNFR/NGFR cysteine-rich region
Q99676	[218, 750]	Zinc-finger double domain
Q9BRP7	[320, 345]	No_PFAM_overlap
Q9H0B3	[226, 282]	No_PFAM_overlap
Q9H0B3	[1013, 1080]	No_PFAM_overlap
Q9P278	[715, 744]	No_PFAM_overlap
Q9UID6	[180, 203]	No_PFAM_overlap
Q9UID6	[222, 253]	No_PFAM_overlap
Q9UID6	[283, 335]	No_PFAM_overlap
Q9UMX2	[39, 95]	No_PFAM_overlap
A6NK53	[188, 232]	No_PFAM_overlap
A6NK53	[291, 667]	Zinc finger, C2H2 type
O14525	[916, 995]	No_PFAM_overlap
O14525	[1014, 1035]	ASTN1/2 Fn3 domain
O14525	[1281, 1301]	No_PFAM_overlap
O95521	[124, 150]	PRAME C-terminal domain
O95630	[387, 423]	No_PFAM_overlap
P03973	[31, 130]	WAP-type (Whey Acidic Protein) 'four-disulfide core'
P23435	[25, 42]	No_PFAM_overlap
P23458	[0, 28]	No_PFAM_overlap
P32942	[180, 195]	No_PFAM_overlap
P32942	[326, 353]	No_PFAM_overlap
P35348	[399, 448]	No_PFAM_overlap
P51788	[65, 84]	No_PFAM_overlap
P52740	[99, 122]	No_PFAM_overlap
P52740	[167, 705]	Zinc finger, C2H2 type
P53794	[554, 581]	No_PFAM_overlap
P53794	[593, 613]	No_PFAM_overlap
Q0VDD8	[27, 43]	No_PFAM_overlap
Q0VDD8	[497, 537]	No_PFAM_overlap
Q14995	[312, 398]	No_PFAM_overlap
Q2NL67	[15, 34]	No_PFAM_overlap
Q2NL67	[198, 253]	No_PFAM_overlap
Q6ZR52	[40, 81]	No_PFAM_overlap
Q6ZR52	[101, 644]	Zinc finger, C2H2 type
Q7RTY1	[221, 272]	No_PFAM_overlap
Q8IUM7	[562, 588]	No_PFAM_overlap
Q8IZ20	[22, 88]	No_PFAM_overlap
Q8IZ20	[336, 462]	Zinc finger, C2H2 type
Q8NHP6	[435, 479]	No_PFAM_overlap
Q8TBB6	[444, 467]	No_PFAM_overlap
Q8TCT1	[16, 33]	Putative Phosphatase
Q8WWZ4	[1188, 1215]	No_PFAM_overlap
Q96NJ5	[0, 31]	No_PFAM_overlap
Q96NJ6	[112, 501]	Zinc finger, C2H2 type
Q9H159	[563, 597]	Cadherin domain
Q9ULD6	[640, 674]	No_PFAM_overlap
Q9UPT6	[836, 863]	No_PFAM_overlap
O60333	[1437, 1464]	No_PFAM_overlap
P00751	[61, 255]	Sushi repeat (SCR repeat)
P52742	[195, 655]	Zinc finger, C2H2 type
Q06203	[482, 516]	No_PFAM_overlap
Q13574	[130, 207]	Phorbol esters/diacylglycerol binding domain (C1 domain)
Q5T447	[91, 106]	No_PFAM_overlap
Q6ZSB9	[389, 607]	C2H2-type zinc finger
Q7Z3B3	[78, 102]	No_PFAM_overlap
Q7Z3B3	[625, 642]	No_PFAM_overlap
Q86UN2	[24, 44]	No_PFAM_overlap
Q86UN2	[279, 308]	No_PFAM_overlap
Q8N328	[543, 592]	No_PFAM_overlap
Q8N7P1	[100, 117]	No_PFAM_overlap
Q92502	[200, 267]	No_PFAM_overlap
Q92502	[753, 809]	No_PFAM_overlap
Q92802	[266, 391]	No_PFAM_overlap
Q96FV2	[5, 28]	No_PFAM_overlap
Q96FV2	[285, 333]	No_PFAM_overlap
Q96I27	[56, 290]	Zinc finger, C2H2 type
Q96K83	[110, 228]	Zinc finger, C2H2 type
Q96K83	[241, 333]	C2H2-type zinc finger
Q96K83	[533, 556]	No_PFAM_overlap
Q96K83	[584, 644]	C2H2-type zinc finger
Q96K83	[772, 790]	No_PFAM_overlap
Q96K83	[831, 860]	No_PFAM_overlap
Q96K83	[878, 1009]	C2H2-type zinc finger
Q96K83	[1079, 1113]	No_PFAM_overlap
Q96K83	[1216, 1266]	Zinc finger, C2H2 type
Q96K83	[1279, 1307]	Zinc finger, C2H2 type
Q96KN1	[73, 111]	No_PFAM_overlap
A2RRD8	[134, 507]	Zinc finger, C2H2 type
A4D263	[23, 60]	No_PFAM_overlap
A6QL64	[353, 428]	No_PFAM_overlap
A6QL64	[1338, 1367]	No_PFAM_overlap
O14978	[373, 677]	Zinc-finger double domain
O15040	[1144, 1168]	No_PFAM_overlap
O15399	[443, 485]	Ligated ion channel L-glutamate- and glycine-binding site
O15399	[881, 897]	No_PFAM_overlap
O15399	[1170, 1193]	No_PFAM_overlap
O43683	[671, 722]	No_PFAM_overlap
O60765	[209, 604]	Zinc finger, C2H2 type
P06213	[699, 724]	No_PFAM_overlap
P17023	[150, 457]	Zinc finger, C2H2 type
P48200	[196, 216]	Aconitase family (aconitate hydratase)
P51808	[0, 32]	Tctex-1 family
Q02809	[356, 373]	No_PFAM_overlap
Q13370	[37, 56]	No_PFAM_overlap
Q13370	[71, 91]	No_PFAM_overlap
Q13370	[294, 314]	No_PFAM_overlap
Q13370	[350, 390]	No_PFAM_overlap
Q14442	[17, 40]	No_PFAM_overlap
Q149N8	[33, 84]	No_PFAM_overlap
Q149N8	[1422, 1439]	RING-type zinc-finger
Q16206	[82, 129]	No_PFAM_overlap
Q49AG3	[669, 692]	No_PFAM_overlap
Q5T4S7	[1784, 1805]	No_PFAM_overlap
Q5T4S7	[2497, 2538]	No_PFAM_overlap
Q5T4S7	[3652, 3731]	E3 ubiquitin-protein ligase UBR4-like domain
Q5T4S7	[3846, 3878]	No_PFAM_overlap
Q6ZN08	[66, 570]	Zinc finger, C2H2 type
Q8IWV8	[1108, 1210]	No_PFAM_overlap
Q8N0V3	[28, 49]	No_PFAM_overlap
Q8NDX6	[142, 191]	Zinc finger, C2H2 type
Q8TBY9	[1097, 1134]	No_PFAM_overlap
Q8TE56	[188, 215]	No_PFAM_overlap
Q8TE56	[486, 724]	ADAM-TS Spacer 1
Q8TE56	[805, 1094]	ADAMTS C-terminal helical domain
Q8WVV4	[154, 184]	No_PFAM_overlap
Q8WVV4	[224, 258]	POF1B helix-loop-helix domain
Q96SZ4	[333, 499]	Zinc finger, C2H2 type
Q96SZ4	[520, 706]	Zinc finger, C2H2 type
Q96SZ4	[723, 779]	Zinc finger, C2H2 type
Q99558	[55, 110]	No_PFAM_overlap
Q99558	[317, 333]	No_PFAM_overlap
Q9NWW7	[211, 252]	No_PFAM_overlap
Q9NWW7	[262, 292]	No_PFAM_overlap
Q9Y448	[12, 47]	No_PFAM_overlap
O60716	[510, 542]	No_PFAM_overlap
O95863	[154, 262]	Zinc finger, C2H2 type
P0CG23	[487, 618]	Zinc finger, C2H2 type
P17039	[74, 622]	Zinc finger, C2H2 type
P21854	[211, 245]	No_PFAM_overlap
P28223	[47, 69]	No_PFAM_overlap
P51508	[228, 286]	No_PFAM_overlap
P51508	[343, 660]	Zinc finger, C2H2 type
P56199	[546, 567]	No_PFAM_overlap
P59046	[99, 127]	No_PFAM_overlap
Q15022	[497, 578]	VEFS-Box of polycomb protein
Q3MJ16	[731, 804]	No_PFAM_overlap
Q685J3	[4127, 4194]	SEA domain
Q685J3	[4340, 4387]	No_PFAM_overlap
Q6ZMW2	[121, 181]	No_PFAM_overlap
Q6ZMW2	[234, 696]	Zinc finger, C2H2 type
Q6ZSZ6	[215, 274]	No_PFAM_overlap
Q6ZSZ6	[395, 440]	No_PFAM_overlap
Q6ZSZ6	[1019, 1057]	No_PFAM_overlap
Q76KP1	[323, 344]	No_PFAM_overlap
Q8NA03	[469, 504]	No_PFAM_overlap
Q8NF91	[2587, 2627]	No_PFAM_overlap
Q8NF91	[4035, 4072]	No_PFAM_overlap
Q8NF91	[5675, 5745]	Spectrin repeat
Q8NF91	[6401, 6423]	No_PFAM_overlap
Q8NFP4	[444, 646]	Immunoglobulin I-set domain
Q8NFP4	[914, 933]	MAM domain, meprin/A5/mu
Q8TAG9	[10, 42]	No_PFAM_overlap
Q8TD23	[90, 567]	Zinc finger, C2H2 type
Q96AQ9	[29, 81]	Putative cell signalling
Q96I13	[3, 20]	No_PFAM_overlap
Q96I13	[75, 90]	No_PFAM_overlap
Q9C0E4	[443, 458]	No_PFAM_overlap
Q9NQX1	[167, 628]	C2H2-type zinc finger
Q9NRA0	[73, 124]	No_PFAM_overlap
Q9Y4D1	[5, 24]	No_PFAM_overlap
A0JP26	[39, 125]	No_PFAM_overlap
O43909	[157, 184]	No_PFAM_overlap
P07202	[124, 173]	Animal haem peroxidase
P07202	[702, 853]	Calcium-binding EGF domain
P10646	[138, 285]	Kunitz/Bovine pancreatic trypsin inhibitor domain
P13637	[335, 375]	No_PFAM_overlap
P29320	[218, 324]	Tyrosine-protein kinase ephrin type A/B receptor-like
Q6DHY5	[467, 500]	No_PFAM_overlap
Q6WCQ1	[0, 36]	No_PFAM_overlap
Q70YC5	[8, 76]	F-box only protein 41 C2H2 zinc finger
Q7L3V2	[30, 68]	No_PFAM_overlap
Q7L3V2	[85, 101]	Domain of unknown function (DUF4939)
Q8NA70	[439, 510]	No_PFAM_overlap
Q8ND94	[38, 85]	Fibronectin type III domain
Q8TDB6	[119, 134]	No_PFAM_overlap
Q8TE49	[121, 144]	No_PFAM_overlap
Q96FN4	[11, 26]	No_PFAM_overlap
Q96T92	[254, 314]	Zinc finger, C2H2 type
Q96T92	[465, 495]	No_PFAM_overlap
Q96T92	[522, 558]	No_PFAM_overlap
Q99469	[103, 209]	Phorbol esters/diacylglycerol binding domain (C1 domain)
Q9H756	[217, 244]	No_PFAM_overlap
Q9NPR2	[561, 605]	Semaphorin-7A-like, immunoglobulin-like domain
A0AV02	[411, 452]	No_PFAM_overlap
O75325	[390, 420]	No_PFAM_overlap
O95398	[511, 560]	No_PFAM_overlap
O95754	[544, 571]	Plexin repeat
Q15029	[435, 475]	No_PFAM_overlap
Q15477	[10, 45]	No_PFAM_overlap
Q4V348	[13, 91]	No_PFAM_overlap
Q4V348	[153, 818]	Zinc finger, C2H2 type
Q4VC44	[644, 710]	FLYWCH zinc finger domain
Q5JZY3	[232, 329]	Ephrin cysteine rich domain
Q5JZY3	[905, 936]	SAM domain (Sterile alpha motif)
Q6P4R8	[12, 44]	No_PFAM_overlap
Q6ZNA1	[56, 81]	No_PFAM_overlap
Q6ZNA1	[129, 569]	Zinc finger, C2H2 type
Q86SU0	[313, 334]	No_PFAM_overlap
Q86T29	[129, 157]	No_PFAM_overlap
Q86T29	[182, 569]	Zinc finger, C2H2 type
Q86T29	[579, 640]	Zinc finger, C2H2 type
Q86VW2	[0, 34]	No_PFAM_overlap
Q8ND83	[190, 236]	SLAIN motif-containing family
Q8TE73	[835, 856]	No_PFAM_overlap
Q92904	[123, 148]	No_PFAM_overlap
Q96HE9	[130, 162]	PRR11 second helical domain
Q96T76	[537, 556]	RNAPII transcription regulator C-terminal
Q9NPG1	[169, 195]	Frizzled/Smoothened family membrane region
Q9NQV6	[167, 185]	No_PFAM_overlap
Q9NQV6	[519, 600]	Zinc finger, C2H2 type
Q9NQV6	[610, 701]	Zinc finger, C2H2 type
Q9NQV6	[713, 792]	Zinc finger, C2H2 type
Q9NZ56	[560, 608]	No_PFAM_overlap
A6QL63	[55, 99]	Histone domain in ABTB family protein
A6QL63	[347, 400]	No_PFAM_overlap
O43586	[296, 318]	No_PFAM_overlap
O94759	[29, 110]	No_PFAM_overlap
O95361	[71, 177]	B-box zinc finger
O95460	[210, 384]	Complement Clr-like EGF-like
O95786	[199, 242]	No_PFAM_overlap
P13385	[70, 158]	Cripto_Frl-1_Cryptic (CFC)
P81133	[708, 756]	No_PFAM_overlap
Q06495	[22, 55]	No_PFAM_overlap
Q68DQ2	[644, 701]	No_PFAM_overlap
Q68DQ2	[934, 992]	No_PFAM_overlap
Q68DQ2	[1792, 1814]	No_PFAM_overlap
Q68DY1	[93, 511]	Zinc finger, C2H2 type
Q7Z7L9	[213, 613]	Zinc finger, C2H2 type
Q86UD4	[174, 531]	Zinc finger, C2H2 type
Q8N9N5	[440, 456]	No_PFAM_overlap
Q8NHS0	[128, 158]	No_PFAM_overlap
Q8WV37	[89, 166]	No_PFAM_overlap
Q8WV37	[195, 342]	Zinc finger, C2H2 type
Q8WV37	[415, 526]	Zinc-finger double domain
Q92826	[159, 207]	No_PFAM_overlap
Q92985	[465, 491]	No_PFAM_overlap
Q96KW9	[0, 15]	No_PFAM_overlap
Q96ME7	[279, 345]	Zinc finger, C2H2 type
Q9BY66	[282, 383]	PHD-finger
Q9BY66	[1162, 1211]	No_PFAM_overlap
Q9C0B2	[1529, 1552]	No_PFAM_overlap
Q9H156	[329, 375]	No_PFAM_overlap
Q9H156	[684, 699]	No_PFAM_overlap
Q9H156	[767, 796]	No_PFAM_overlap
Q9H6Y5	[85, 120]	No_PFAM_overlap
Q9UKZ1	[283, 314]	No_PFAM_overlap
Q9UNY5	[278, 441]	Zinc finger, C2H2 type
A6NGD5	[349, 491]	Zinc finger, C2H2 type
O75140	[734, 796]	No_PFAM_overlap
P17098	[249, 491]	Zinc finger, C2H2 type
P35442	[257, 274]	No_PFAM_overlap
P35442	[306, 468]	von Willebrand factor type C domain
P35442	[481, 729]	Thrombospondin type 1 domain
P63128	[486, 601]	Gag protein p24 C-terminal domain
P82650	[8, 23]	No_PFAM_overlap
Q02447	[594, 701]	Zinc finger, C2H2 type
Q13148	[169, 191]	No_PFAM_overlap
Q4G0T1	[711, 726]	No_PFAM_overlap
Q4G0T1	[770, 805]	Scavenger receptor cysteine-rich domain
Q5SRE5	[1272, 1287]	No_PFAM_overlap
Q68D85	[377, 394]	No_PFAM_overlap
Q6GMV2	[345, 386]	SET domain
Q7Z5P9	[599, 825]	von Willebrand factor type D domain
Q7Z5P9	[952, 988]	von Willebrand factor type D domain
Q7Z5P9	[1000, 1277]	von Willebrand factor type D domain
Q7Z5P9	[1407, 1465]	von Willebrand factor type D domain
Q7Z5P9	[8200, 8297]	No_PFAM_overlap
Q8N7Z5	[243, 271]	No_PFAM_overlap
Q8N7Z5	[1004, 1063]	No_PFAM_overlap
Q8N7Z5	[1642, 1668]	No_PFAM_overlap
Q8N7Z5	[1831, 1872]	No_PFAM_overlap
Q8NCP5	[423, 491]	Zinc finger, C2H2 type
Q8TBM8	[163, 191]	DnaJ domain
Q969Q1	[3, 24]	RING-type zinc-finger
Q96JM4	[49, 86]	No_PFAM_overlap
Q96JM4	[679, 739]	No_PFAM_overlap
Q96JM4	[1635, 1674]	No_PFAM_overlap
Q96L96	[59, 87]	Immunoglobulin I-set domain
Q9H7Y0	[413, 432]	No_PFAM_overlap
Q9NRD8	[939, 975]	No_PFAM_overlap
Q9NV72	[292, 528]	Zinc finger, C2H2 type
Q9NVP4	[186, 404]	Double zinc ribbon
Q9NVP4	[549, 564]	No_PFAM_overlap
Q9NXR8	[350, 417]	No_PFAM_overlap
Q9P0V3	[276, 332]	ZU5 domain
Q9UJV9	[567, 608]	No_PFAM_overlap
Q9UK23	[304, 425]	Phosphodiester glycosidase
Q9ULE0	[289, 351]	WWC1-like, helical hairpin
Q9ULE0	[678, 701]	No_PFAM_overlap
Q9Y3D5	[53, 75]	Ribosomal protein S18
O15123	[32, 68]	No_PFAM_overlap
O43313	[71, 221]	ASCIZ forth C2H2 zinc finger domain
O43313	[386, 402]	No_PFAM_overlap
O60503	[94, 110]	No_PFAM_overlap
O60503	[572, 592]	Adenylate and Guanylate cyclase catalytic domain
P0C7P1	[418, 459]	No_PFAM_overlap
P19823	[631, 668]	No_PFAM_overlap
P20823	[203, 261]	No_PFAM_overlap
P25205	[101, 119]	MCM OB domain
P43353	[432, 467]	No_PFAM_overlap
P51523	[207, 735]	Zinc finger, C2H2 type
Q13422	[108, 269]	Zinc finger, C2H2 type
Q13422	[486, 508]	No_PFAM_overlap
Q14432	[357, 389]	No_PFAM_overlap
Q14525	[0, 74]	Intermediate filament protein
Q14525	[358, 403]	Intermediate filament protein
Q16849	[29, 47]	No_PFAM_overlap
Q16849	[711, 747]	Protein-tyrosine phosphatase
Q5JT82	[279, 360]	Zinc finger, C2H2 type
Q6ZNG1	[158, 720]	Zinc-finger of C2H2 type
Q7Z333	[0, 17]	No_PFAM_overlap
Q7Z333	[597, 619]	No_PFAM_overlap
Q8N393	[69, 98]	No_PFAM_overlap
Q8N393	[183, 212]	No_PFAM_overlap
Q8N393	[230, 287]	Zinc finger, C2H2 type
Q8N393	[373, 762]	Zinc finger, C2H2 type
Q96JH8	[376, 402]	No_PFAM_overlap
Q96SN8	[726, 773]	No_PFAM_overlap
Q96SN8	[836, 877]	No_PFAM_overlap
Q96SN8	[1142, 1157]	No_PFAM_overlap
Q9BZE0	[224, 321]	Zinc finger, C2H2 type
Q9HCM4	[649, 668]	No_PFAM_overlap
Q9HCM4	[679, 732]	No_PFAM_overlap
Q9NW64	[105, 195]	STL11, N-terminal
Q9NZ20	[422, 460]	Phospholipase A2
Q9UIE0	[156, 473]	Zinc finger, C2H2 type
Q9Y6P5	[7, 33]	No_PFAM_overlap
A6NM62	[320, 374]	No_PFAM_overlap
A8MX34	[21, 340]	Keratin, high sulfur B2 protein
O14492	[140, 156]	No_PFAM_overlap
O14492	[297, 346]	PH domain
O14492	[366, 382]	No_PFAM_overlap
O60687	[70, 203]	HYR domain
P01031	[867, 888]	No_PFAM_overlap
P01031	[1521, 1551]	UNC-6/NTR/C345C module
P20393	[409, 426]	No_PFAM_overlap
P52737	[82, 118]	No_PFAM_overlap
P52737	[136, 539]	Zinc finger, C2H2 type
P98170	[79, 118]	Inhibitor of Apoptosis domain
Q52M93	[171, 399]	Zinc finger, C2H2 type
Q52M93	[427, 767]	Zinc finger, C2H2 type
Q5DID0	[85, 167]	WAP-type (Whey Acidic Protein) 'four-disulfide core'
Q5DID0	[1225, 1242]	ZP-C domain
Q5JPE7	[965, 984]	No_PFAM_overlap
Q6NUJ5	[8, 32]	No_PFAM_overlap
Q7L5Y9	[294, 395]	CTLH/CRA C-terminal to LisH motif domain
Q7RTP6	[750, 768]	LIM domain
Q7RTP6	[814, 831]	LIM domain
Q8IX06	[394, 425]	ElonginA binding-protein 1
Q8IX06	[441, 479]	No_PFAM_overlap
Q8N680	[357, 474]	Zinc finger, C2H2 type
Q8N865	[339, 383]	No_PFAM_overlap
Q8WXI8	[47, 82]	No_PFAM_overlap
Q96AY2	[242, 257]	No_PFAM_overlap
Q96MR9	[197, 245]	No_PFAM_overlap
Q96MR9	[312, 430]	C2H2-type zinc finger
Q96MR9	[478, 496]	C2H2-type zinc finger
Q96MR9	[508, 787]	C2H2-type zinc finger
Q9BS34	[88, 113]	No_PFAM_overlap
Q9BS34	[124, 388]	Zinc finger, C2H2 type
Q9HBX8	[0, 17]	No_PFAM_overlap
Q9HBX8	[29, 65]	No_PFAM_overlap
Q9HBX8	[878, 910]	No_PFAM_overlap
Q9NXB0	[115, 143]	No_PFAM_overlap
Q9UDV7	[508, 652]	Zinc finger, C2H2 type
Q9ULL1	[749, 774]	No_PFAM_overlap
Q9Y3Q7	[375, 605]	Reprolysin (M12B) family zinc metalloprotease
Q9Y3Q7	[616, 667]	No_PFAM_overlap
A3KMH1	[1366, 1382]	No_PFAM_overlap
A3KMH1	[1402, 1423]	No_PFAM_overlap
O14981	[258, 314]	No_PFAM_overlap
O43790	[0, 48]	Keratin type II head
O43790	[391, 454]	Intermediate filament protein
P56270	[179, 210]	No_PFAM_overlap
P56270	[274, 440]	Zinc finger, C2H2 type
Q5TAQ9	[272, 288]	No_PFAM_overlap
Q68CZ1	[1111, 1147]	Retinitis pigmentosa G-protein regulator interacting C-terminal
Q6BEB4	[254, 378]	Zinc finger, C2H2 type
Q8IV13	[335, 368]	No_PFAM_overlap
Q969S8	[316, 338]	Histone deacetylase domain
Q96P20	[676, 724]	No_PFAM_overlap
Q96PN6	[952, 982]	No_PFAM_overlap
Q9BQ04	[140, 218]	RNA recognition motif
Q9NRM0	[31, 54]	No_PFAM_overlap
Q9NVN8	[453, 496]	No_PFAM_overlap
Q9NVN8	[518, 536]	No_PFAM_overlap
Q9P2F6	[278, 304]	No_PFAM_overlap
Q9P2F6	[564, 638]	No_PFAM_overlap
Q9P2S6	[464, 514]	No_PFAM_overlap
Q9P2S6	[639, 665]	Ankyrin repeats (3 copies)
Q9UC07	[115, 564]	Zinc finger, C2H2 type
Q9UHC1	[568, 621]	No_PFAM_overlap
Q9UHC1	[677, 703]	No_PFAM_overlap
Q9UHC1	[1026, 1046]	No_PFAM_overlap
Q9UHC1	[1389, 1412]	No_PFAM_overlap
Q9ULL5	[1986, 2006]	No_PFAM_overlap
Q9Y4C4	[424, 455]	No_PFAM_overlap
Q9Y4C4	[1000, 1038]	No_PFAM_overlap
A6NHN0	[90, 106]	No_PFAM_overlap
A8MWA4	[108, 299]	Zinc finger, C2H2 type
O95967	[111, 350]	Fibulin C-terminal Ig-like domain
O95970	[37, 64]	No_PFAM_overlap
P23409	[209, 239]	No_PFAM_overlap
P29323	[255, 383]	Fibronectin type III domain
P37287	[16, 43]	No_PFAM_overlap
P59923	[443, 558]	Zinc finger, C2H2 type
P59923	[570, 735]	Zinc finger, C2H2 type
P59923	[752, 920]	Zinc finger, C2H2 type
P59923	[955, 1030]	Zinc finger, C2H2 type
Q5GH77	[418, 458]	No_PFAM_overlap
Q5HYA8	[41, 198]	Meckelin (Transmembrane protein 67)
Q5JYT7	[170, 216]	KIAA1755 N-terminal domain
Q5VW32	[4, 20]	No_PFAM_overlap
Q7L591	[119, 154]	No_PFAM_overlap
Q7L591	[169, 186]	No_PFAM_overlap
Q7L8C5	[122, 139]	No_PFAM_overlap
Q7Z2Z1	[481, 537]	No_PFAM_overlap
Q7Z2Z1	[569, 586]	No_PFAM_overlap
Q86X95	[116, 156]	No_PFAM_overlap
Q8TA86	[73, 133]	Retinitis pigmentosa 9 protein C-terminal domain
Q8WXH5	[67, 158]	Suppressor of cytokine signalling
Q8WXH5	[170, 186]	No_PFAM_overlap
Q8WXH5	[232, 253]	No_PFAM_overlap
Q8WXI3	[8, 36]	No_PFAM_overlap
Q8WXI3	[233, 299]	Ankyrin repeats (3 copies)
Q99075	[103, 154]	Proheparin-binding EGF-like growth factor C-terminal domain
Q99814	[380, 399]	No_PFAM_overlap
Q9BWH6	[859, 886]	No_PFAM_overlap
Q9BWH6	[1013, 1086]	No_PFAM_overlap
Q9NUC0	[8, 27]	No_PFAM_overlap
Q9NUC0	[147, 204]	No_PFAM_overlap
Q9NUC0	[255, 270]	No_PFAM_overlap
Q9NUC0	[303, 341]	No_PFAM_overlap
Q9UPN9	[122, 261]	No_PFAM_overlap
Q9UPN9	[930, 964]	PHD-finger
A8MTY0	[103, 618]	Zinc finger, C2H2 type
O60346	[1419, 1443]	No_PFAM_overlap
O75665	[552, 598]	No_PFAM_overlap
P12259	[2066, 2084]	F5/8 type C domain
P53667	[0, 32]	LIM domain
P53667	[320, 340]	No_PFAM_overlap
Q05215	[151, 171]	No_PFAM_overlap
Q05215	[470, 562]	Zinc finger, C2H2 type
Q15776	[286, 570]	Zinc finger, C2H2 type
Q4FZB7	[272, 353]	SET domain
Q6IQ21	[2, 92]	Zinc finger, C2H2 type
Q6IQ21	[124, 245]	Zinc finger, C2H2 type
Q6IQ21	[284, 334]	No_PFAM_overlap
Q6IQ21	[394, 534]	Zinc finger, C2H2 type
Q6IQ21	[592, 683]	Zinc finger, C2H2 type
Q8IZX4	[298, 326]	No_PFAM_overlap
Q8IZX4	[1161, 1197]	No_PFAM_overlap
Q8N6F7	[26, 56]	No_PFAM_overlap
Q8TF27	[68, 86]	No_PFAM_overlap
Q8WYH8	[174, 239]	No_PFAM_overlap
Q92974	[36, 99]	No_PFAM_overlap
Q96CS4	[146, 481]	Zinc finger, C2H2 type
Q96PB8	[165, 202]	No_PFAM_overlap
Q9BXB1	[857, 950]	No_PFAM_overlap
Q9GZU1	[526, 562]	No_PFAM_overlap
Q9NW82	[308, 333]	No_PFAM_overlap
Q9P2R6	[339, 365]	No_PFAM_overlap
A5PLL7	[12, 33]	No_PFAM_overlap
O15484	[7, 32]	Calpain family cysteine protease
P10071	[475, 497]	No_PFAM_overlap
P10071	[542, 627]	C2H2 zinc finger
P12955	[477, 492]	No_PFAM_overlap
P36888	[202, 223]	No_PFAM_overlap
P36888	[464, 483]	No_PFAM_overlap
P36888	[954, 977]	No_PFAM_overlap
P48357	[71, 110]	No_PFAM_overlap
P48357	[926, 973]	No_PFAM_overlap
P48357	[1125, 1164]	No_PFAM_overlap
P53805	[53, 74]	No_PFAM_overlap
Q15043	[73, 137]	No_PFAM_overlap
Q5JNZ3	[105, 125]	No_PFAM_overlap
Q5JNZ3	[151, 206]	No_PFAM_overlap
Q5JNZ3	[229, 635]	C2H2-type zinc finger
Q5JWR5	[1025, 1052]	No_PFAM_overlap
Q5JWR5	[1323, 1344]	No_PFAM_overlap
Q6UXD5	[165, 193]	No_PFAM_overlap
Q6UXD5	[331, 369]	Sushi repeat (SCR repeat)
Q765I0	[102, 118]	No_PFAM_overlap
Q7Z7M1	[53, 98]	No_PFAM_overlap
Q7Z7M1	[327, 353]	No_PFAM_overlap
Q86YT6	[736, 922]	Zinc finger, C3HC4 type (RING finger)
Q8N129	[179, 203]	TLR4 regulator and MIR-interacting MSAP
Q8N3K9	[3502, 3536]	No_PFAM_overlap
Q8NDH2	[614, 642]	No_PFAM_overlap
Q8NDH2	[1332, 1360]	No_PFAM_overlap
Q8NDH2	[1390, 1453]	No_PFAM_overlap
Q8NDH2	[1678, 1752]	No_PFAM_overlap
Q8NDH2	[1879, 1907]	No_PFAM_overlap
Q8NDH2	[3840, 3864]	No_PFAM_overlap
Q8NDH2	[3876, 3915]	No_PFAM_overlap
Q8NDH2	[5500, 5516]	Coiled-coil domain-containing protein 168
Q8NDH2	[6637, 6666]	No_PFAM_overlap
Q8NDP4	[114, 195]	No_PFAM_overlap
Q8NDP4	[218, 497]	Zinc finger, C2H2 type
Q8NG66	[521, 566]	No_PFAM_overlap
Q8TD55	[120, 140]	No_PFAM_overlap
Q96B23	[332, 361]	No_PFAM_overlap
Q9BRH9	[178, 655]	Zinc finger, C2H2 type
Q9BZC7	[1519, 1577]	No_PFAM_overlap
Q9BZC7	[1614, 1666]	No_PFAM_overlap
Q9BZC7	[2379, 2396]	No_PFAM_overlap
Q9P2F9	[71, 169]	No_PFAM_overlap
Q9P2F9	[201, 567]	Zinc-finger double domain
Q9UBP4	[128, 319]	Dickkopf N-terminal cysteine-rich region
Q9UMF0	[140, 254]	ICAM-1/3/5, D2 domain
Q9UMF0	[330, 385]	No_PFAM_overlap
Q9UMF0	[413, 490]	No_PFAM_overlap
Q9UMF0	[548, 621]	No_PFAM_overlap
Q9UMF0	[637, 657]	No_PFAM_overlap
Q9UMF0	[672, 751]	No_PFAM_overlap
Q9UPN6	[1155, 1185]	No_PFAM_overlap
Q9UPQ4	[252, 268]	No_PFAM_overlap
A6NGE4	[123, 148]	No_PFAM_overlap
A6NHP3	[135, 159]	No_PFAM_overlap
O00154	[39, 70]	Thioesterase superfamily
O94933	[361, 399]	No_PFAM_overlap
P12107	[43, 80]	No_PFAM_overlap
P12107	[228, 249]	No_PFAM_overlap
P14543	[344, 436]	G2F domain
P14543	[654, 920]	Thyroglobulin type-1 repeat
P14543	[1193, 1246]	Coagulation Factor Xa inhibitory site
P16415	[90, 138]	No_PFAM_overlap
P16415	[151, 609]	C2H2-type zinc finger
P20648	[371, 391]	No_PFAM_overlap
P21580	[471, 550]	A20-like zinc finger
P21580	[588, 688]	A20-like zinc finger
P21580	[714, 740]	No_PFAM_overlap
Q14012	[342, 368]	No_PFAM_overlap
Q5JSJ4	[178, 206]	No_PFAM_overlap
Q5T7W7	[10, 76]	TSTD2 protein N-terminal domain
Q8IZM8	[44, 62]	No_PFAM_overlap
Q8IZM8	[535, 605]	ZN292-like C2H2 zinc finger
Q8IZM8	[720, 751]	No_PFAM_overlap
Q8IZM8	[789, 871]	No_PFAM_overlap
Q8IZM8	[1065, 1126]	No_PFAM_overlap
Q8WUB8	[370, 486]	PHD-finger
Q96EL1	[268, 286]	No_PFAM_overlap
Q96J02	[125, 192]	No_PFAM_overlap
Q96L34	[646, 731]	Kinase associated domain 1
Q9BRI3	[350, 371]	Cation efflux protein, cytoplasmic domain
Q9BZZ2	[629, 669]	No_PFAM_overlap
Q9BZZ2	[683, 739]	No_PFAM_overlap
Q9BZZ2	[1231, 1251]	No_PFAM_overlap
Q9BZZ2	[1602, 1625]	No_PFAM_overlap
Q9H2G9	[291, 399]	No_PFAM_overlap
Q9H336	[212, 249]	No_PFAM_overlap
Q9NV88	[469, 495]	No_PFAM_overlap
Q9UHL9	[208, 228]	No_PFAM_overlap
Q9UHL9	[303, 320]	No_PFAM_overlap
Q9Y2A4	[99, 670]	C2H2-type zinc finger
Q9Y2P0	[106, 498]	Zinc finger, C2H2 type
A8K979	[263, 280]	No_PFAM_overlap
A8K979	[439, 455]	No_PFAM_overlap
B9A6J9	[467, 500]	No_PFAM_overlap
O15063	[292, 347]	No_PFAM_overlap
P0C0L4	[658, 766]	Anaphylotoxin-like domain
P0C0L4	[1577, 1603]	No_PFAM_overlap
P55286	[585, 612]	Cadherin domain
Q13224	[429, 454]	No_PFAM_overlap
Q13634	[578, 604]	Cadherin domain
Q15697	[123, 146]	SCAN domain
Q15697	[319, 405]	Zinc finger, C2H2 type
Q49AA0	[224, 525]	Zinc finger, C2H2 type
Q63HK3	[3, 53]	SCAN domain
Q63HK3	[750, 944]	Zinc finger, C2H2 type
Q7Z403	[95, 118]	No_PFAM_overlap
Q7Z403	[301, 333]	No_PFAM_overlap
Q7Z408	[5, 45]	CUB domain
Q7Z408	[185, 213]	Sushi repeat (SCR repeat)
Q8N187	[185, 242]	No_PFAM_overlap
Q8N4Q1	[32, 109]	CHCH domain
Q8TEA7	[751, 790]	Rhodanese-like domain
Q9HCE0	[742, 762]	No_PFAM_overlap
Q9HCE0	[1470, 1501]	No_PFAM_overlap
Q9HCE0	[1517, 1604]	No_PFAM_overlap
Q9NP56	[0, 36]	No_PFAM_overlap
Q9NUK0	[0, 95]	RNA-binding, Nab2-type zinc finger
Q9NUK0	[169, 250]	Zinc finger C-x8-C-x5-C-x3-H type (and similar)
Q9NYI0	[198, 245]	No_PFAM_overlap
Q9UID3	[766, 781]	No_PFAM_overlap
Q9UL03	[183, 213]	No_PFAM_overlap
Q9Y223	[0, 15]	No_PFAM_overlap
Q9Y5R5	[274, 319]	No_PFAM_overlap
Q9Y5R5	[343, 374]	No_PFAM_overlap
Q9Y5R5	[490, 523]	No_PFAM_overlap
Q9Y6K8	[32, 58]	No_PFAM_overlap
O43296	[58, 76]	No_PFAM_overlap
O43296	[195, 322]	Zinc finger, C2H2 type
O43296	[411, 565]	Zinc finger, C2H2 type
O75182	[1123, 1160]	No_PFAM_overlap
O95450	[510, 733]	ADAMTS cysteine-rich domain 2
O95450	[869, 989]	Thrombospondin type 1 domain
O95450	[1000, 1108]	Thrombospondin type 1 domain
P07996	[309, 726]	von Willebrand factor type C domain
P36508	[141, 375]	Zinc finger, C2H2 type
P54284	[48, 88]	Voltage gated calcium channel subunit beta domain 4Aa N terminal
P57071	[0, 25]	No_PFAM_overlap
P57071	[346, 564]	Zinc finger, C2H2 type
P57071	[688, 734]	Zinc finger, C2H2 type
P57071	[773, 812]	No_PFAM_overlap
P57071	[849, 889]	Zinc finger, C2H2 type
P98095	[28, 192]	Fibulin-2 domain
P98095	[441, 559]	Anaphylotoxin-like domain
P98095	[676, 1083]	Complement Clr-like EGF-like
P98194	[333, 353]	No_PFAM_overlap
Q06828	[28, 93]	Leucine rich repeat N-terminal domain
Q58DX5	[227, 254]	No_PFAM_overlap
Q58DX5	[385, 413]	No_PFAM_overlap
Q6ZRI0	[334, 515]	C8 domain
Q6ZRI0	[669, 999]	C8 domain
Q6ZRI0	[1134, 1172]	No_PFAM_overlap
Q6ZRI0	[2039, 2086]	No_PFAM_overlap
Q6ZRI0	[2290, 2320]	C8 domain
Q6ZRI0	[2372, 2924]	Otogelin-like Fn1-VW hybrid domain
Q86XJ1	[193, 210]	No_PFAM_overlap
Q8N653	[319, 336]	Kelch motif
Q8N6Y1	[128, 168]	No_PFAM_overlap
Q8NFG4	[82, 108]	Vesicle coat protein involved in Golgi to plasma membrane transport
Q8TDY8	[1094, 1124]	No_PFAM_overlap
Q8TF47	[201, 634]	Zinc finger, C2H2 type
Q8WWF5	[273, 365]	Ring finger domain
Q8WWF5	[375, 404]	No_PFAM_overlap
Q96DU3	[195, 214]	No_PFAM_overlap
Q9BVR0	[73, 111]	No_PFAM_overlap
Q9BZV3	[1000, 1108]	No_PFAM_overlap
Q9NYT6	[111, 130]	No_PFAM_overlap
Q9NYT6	[169, 519]	Zinc finger, C2H2 type
Q9NYT6	[534, 783]	Zinc finger, C2H2 type
Q9UKS7	[103, 232]	Zinc finger, C2H2 type
Q9UKS7	[492, 516]	No_PFAM_overlap
Q9Y6K5	[328, 360]	2'-5'-oligoadenylate synthetase 1, domain 2, C-terminus
B7Z1M9	[196, 247]	C2 domain
O15354	[553, 580]	No_PFAM_overlap
O43889	[267, 335]	No_PFAM_overlap
O94819	[547, 575]	No_PFAM_overlap
P40818	[753, 778]	Ubiquitin carboxyl-terminal hydrolase
P55259	[32, 58]	No_PFAM_overlap
P55259	[175, 232]	ZP-N domain
P58397	[495, 626]	ADAMTS cysteine-rich domain 2
P58397	[843, 985]	Thrombospondin type 1 domain
P58397	[1309, 1587]	Thrombospondin type 1 domain
Q01780	[612, 670]	No_PFAM_overlap
Q12830	[1951, 1974]	No_PFAM_overlap
Q4J6C6	[1, 86]	No_PFAM_overlap
Q4KWH8	[467, 486]	No_PFAM_overlap
Q4KWH8	[586, 608]	Phosphatidylinositol-specific phospholipase C, Y domain
Q4KWH8	[702, 722]	Phosphatidylinositol-specific phospholipase C, Y domain
Q4KWH8	[1179, 1255]	No_PFAM_overlap
Q4KWH8	[1383, 1457]	No_PFAM_overlap
Q4KWH8	[1492, 1580]	No_PFAM_overlap
Q6NVV7	[0, 18]	CDPF1
Q6PJW8	[247, 287]	No_PFAM_overlap
Q8N184	[245, 643]	Zinc finger, C2H2 type
Q8NHG8	[145, 241]	Ring finger domain
Q9BXW7	[345, 417]	No_PFAM_overlap
Q9P2D7	[134, 157]	No_PFAM_overlap
Q9ULT6	[554, 599]	No_PFAM_overlap
Q9ULT6	[770, 835]	No_PFAM_overlap
A6H8Y1	[256, 295]	Myb DNA-binding like
O43829	[257, 410]	Zinc finger, C2H2 type
O76011	[0, 79]	Intermediate filament protein
O76011	[352, 393]	Intermediate filament protein
O95260	[0, 41]	Arginine-tRNA-protein transferase, N terminus
O95260	[444, 466]	No_PFAM_overlap
P00749	[18, 91]	Kringle domain
P00749	[149, 165]	Kringle domain
P09871	[346, 367]	Sushi repeat (SCR repeat)
P0CB33	[59, 411]	Zinc finger, C2H2 type
P16109	[118, 773]	Lectin C-type domain
Q02223	[88, 183]	No_PFAM_overlap
Q08345	[20, 47]	F5/8 type C domain
Q15654	[264, 292]	LIM domain
Q17RB8	[417, 472]	No_PFAM_overlap
Q6PIY7	[111, 126]	No_PFAM_overlap
Q7Z419	[21, 40]	No_PFAM_overlap
Q8IYD9	[16, 43]	No_PFAM_overlap
Q8IYD9	[54, 139]	No_PFAM_overlap
Q8IZK6	[521, 565]	No_PFAM_overlap
Q8NBP0	[96, 125]	No_PFAM_overlap
Q8NDY6	[204, 224]	No_PFAM_overlap
Q8TAX0	[166, 264]	Zinc finger, C2H2 type
Q8TBN0	[205, 223]	Rabin 8-like C-terminal domain
Q96IR2	[48, 104]	KRAB box
Q96IR2	[207, 562]	Zinc finger, C2H2 type
Q96IR2	[598, 965]	Zinc-finger double domain
Q9BRN9	[53, 170]	No_PFAM_overlap
Q9NQW6	[729, 763]	No_PFAM_overlap
Q9NRM7	[827, 858]	No_PFAM_overlap
Q9P2J5	[1043, 1063]	No_PFAM_overlap
Q9ULN7	[410, 429]	No_PFAM_overlap
Q9ULV0	[1294, 1324]	No_PFAM_overlap
Q9ULV0	[1825, 1847]	No_PFAM_overlap
Q9UPQ7	[222, 243]	No_PFAM_overlap
Q9UPQ7	[621, 661]	No_PFAM_overlap
A0AVK6	[75, 145]	E2F/DP family winged-helix DNA-binding domain
P21554	[84, 106]	No_PFAM_overlap
P21554	[434, 468]	No_PFAM_overlap
P27544	[29, 44]	No_PFAM_overlap
Q13591	[488, 959]	Thrombospondin type 1 domain
Q3KNV8	[147, 176]	RAWUL domain RING finger- and WD40-associated ubiquitin-like
Q5EBN2	[172, 193]	No_PFAM_overlap
Q5THJ4	[2149, 2191]	No_PFAM_overlap
Q6ZVW7	[13, 76]	No_PFAM_overlap
Q8N3F8	[102, 117]	Calponin homology (CH) domain
Q8N7X0	[450, 471]	No_PFAM_overlap
Q8N972	[93, 640]	Zinc finger, C2H2 type
Q8TD17	[331, 586]	zinc-finger of a C2HC-type
Q8TEV9	[296, 321]	No_PFAM_overlap
Q8TF39	[246, 262]	No_PFAM_overlap
Q8TF39	[383, 743]	Zinc finger, C2H2 type
Q8WWI5	[133, 193]	No_PFAM_overlap
Q8WWN8	[644, 663]	No_PFAM_overlap
Q8WWN8	[686, 702]	No_PFAM_overlap
Q96AP4	[0, 64]	No_PFAM_overlap
Q96AP4	[169, 244]	No_PFAM_overlap
Q96EK2	[316, 418]	PHD-finger
Q96IZ6	[110, 137]	No_PFAM_overlap
Q96PN7	[729, 780]	No_PFAM_overlap
Q96RV3	[1626, 1641]	No_PFAM_overlap
Q9BYH1	[276, 291]	No_PFAM_overlap
Q9P2G1	[5, 83]	Ankyrin repeat
Q9P2G1	[324, 365]	No_PFAM_overlap
Q9Y4F5	[3, 19]	No_PFAM_overlap
O95714	[1348, 1384]	No_PFAM_overlap
O95714	[2370, 2424]	No_PFAM_overlap
O95714	[2705, 2792]	Zinc finger, ZZ type
O95714	[4431, 4446]	No_PFAM_overlap
P14635	[132, 165]	No_PFAM_overlap
P35611	[494, 571]	No_PFAM_overlap
P51786	[93, 505]	Zinc finger, C2H2 type
Q02817	[161, 385]	Trypsin Inhibitor like cysteine rich domain
Q02817	[516, 630]	von Willebrand factor type D domain
Q02817	[665, 835]	Von Willebrand factor-like domain
Q02817	[989, 1264]	Otogelin-like/Mucin TIL domain
Q02817	[1868, 1888]	Mucin-2 protein WxxW repeating region
Q02817	[4434, 4484]	No_PFAM_overlap
Q02817	[4528, 4599]	von Willebrand factor type D domain
Q02817	[4790, 5198]	C8 domain
Q02817	[5216, 5275]	No_PFAM_overlap
Q49AJ0	[381, 439]	No_PFAM_overlap
Q49AJ0	[1025, 1060]	No_PFAM_overlap
Q4W5G0	[132, 154]	Tc5 transposase DNA-binding domain
Q5K4E3	[480, 502]	No_PFAM_overlap
Q5K4E3	[567, 590]	No_PFAM_overlap
Q6ZN18	[253, 272]	No_PFAM_overlap
Q6ZN18	[308, 350]	No_PFAM_overlap
Q7Z4N2	[1244, 1326]	No_PFAM_overlap
Q7Z4N2	[1416, 1490]	No_PFAM_overlap
Q86UK0	[74, 100]	No_PFAM_overlap
Q86UK0	[448, 466]	No_PFAM_overlap
Q8IVP9	[77, 401]	Zinc finger, C2H2 type
Q8N4L4	[118, 171]	No_PFAM_overlap
Q92576	[1108, 1171]	No_PFAM_overlap
Q9BQ16	[70, 206]	Kazal-type serine protease inhibitor domain
Q9BYJ1	[167, 190]	No_PFAM_overlap
Q9H0B8	[205, 244]	No_PFAM_overlap
Q9H4E5	[0, 22]	No_PFAM_overlap
Q9H4E5	[194, 213]	Ras family
Q9NP80	[30, 82]	No_PFAM_overlap
Q9NXT0	[50, 398]	Zinc finger, C2H2 type
Q9ULI1	[969, 999]	No_PFAM_overlap
Q9ULI1	[1176, 1196]	No_PFAM_overlap
Q9ULI1	[1687, 1741]	No_PFAM_overlap
A6NP11	[66, 494]	Zinc finger, C2H2 type
O14879	[335, 370]	No_PFAM_overlap
O95255	[610, 632]	No_PFAM_overlap
P35354	[13, 54]	No_PFAM_overlap
Q14004	[1000, 1029]	No_PFAM_overlap
Q14533	[370, 504]	Intermediate filament protein
Q14896	[432, 452]	Immunoglobulin I-set domain
Q14CM0	[541, 639]	No_PFAM_overlap
Q5T848	[372, 413]	7 transmembrane sweet-taste receptor of 3 GCPR
Q63HQ2	[232, 253]	Fibronectin type III domain
Q63HQ2	[543, 588]	EGF-like domain
Q7Z392	[964, 982]	No_PFAM_overlap
Q8IWY4	[33, 457]	Complement Clr-like EGF-like
Q8IWY4	[548, 816]	Tyrosine-protein kinase ephrin type A/B receptor-like
Q96BY6	[614, 655]	No_PFAM_overlap
Q96BY6	[862, 884]	No_PFAM_overlap
Q96BY6	[1745, 1773]	DHR-2, Lobe A
Q96GY0	[289, 324]	No_PFAM_overlap
Q96M89	[5, 48]	No_PFAM_overlap
Q9BV99	[201, 258]	No_PFAM_overlap
Q9BZF3	[236, 279]	No_PFAM_overlap
Q9H2I8	[163, 190]	No_PFAM_overlap
Q9HAS3	[626, 645]	No_PFAM_overlap
Q9HAS3	[656, 690]	No_PFAM_overlap
Q9HBD1	[399, 453]	Zinc finger C-x8-C-x5-C-x3-H type (and similar)
Q9HDB9	[530, 599]	Zinc knuckle
Q9UBW7	[332, 759]	MYM-type Zinc finger with FCS sequence motif
Q9UBW7	[795, 815]	MYM-type Zinc finger with FCS sequence motif
Q9UJY4	[329, 391]	No_PFAM_overlap
Q9ULM0	[732, 752]	No_PFAM_overlap
A6NFY4	[28, 59]	No_PFAM_overlap
O14960	[27, 60]	Peptidase family M23
P17540	[26, 60]	ATP:guanido phosphotransferase, N-terminal domain
P19235	[325, 345]	No_PFAM_overlap
P42858	[92, 109]	No_PFAM_overlap
P57789	[489, 515]	No_PFAM_overlap
P98182	[84, 102]	No_PFAM_overlap
P98182	[116, 137]	No_PFAM_overlap
P98182	[247, 394]	Zinc finger, C2H2 type
Q09428	[651, 676]	No_PFAM_overlap
Q14596	[193, 286]	Zinc finger, ZZ type
Q14C86	[1118, 1161]	No_PFAM_overlap
Q53T94	[482, 497]	No_PFAM_overlap
Q5VZ89	[745, 762]	No_PFAM_overlap
Q5VZ89	[1070, 1087]	No_PFAM_overlap
Q5VZ89	[1471, 1547]	No_PFAM_overlap
Q63HQ0	[0, 22]	No_PFAM_overlap
Q6UB99	[2625, 2660]	No_PFAM_overlap
Q6ZT77	[104, 176]	Zinc finger, C2H2 type
Q86U44	[253, 344]	No_PFAM_overlap
Q8IVF7	[1004, 1027]	No_PFAM_overlap
Q8N2C7	[594, 639]	No_PFAM_overlap
Q8N2C7	[1322, 1343]	No_PFAM_overlap
Q8N2C7	[1359, 1398]	No_PFAM_overlap
Q8NDB2	[654, 681]	No_PFAM_overlap
Q8NDB2	[741, 784]	No_PFAM_overlap
Q8WU68	[133, 184]	Zinc finger C-x8-C-x5-C-x3-H type (and similar)
Q96PB1	[35, 55]	No_PFAM_overlap
Q9BUG6	[351, 489]	Zinc finger, C2H2 type
Q9P0K1	[386, 595]	Reprolysin (M12B) family zinc metalloprotease
Q9P2F8	[94, 117]	No_PFAM_overlap
Q9P2F8	[1027, 1055]	No_PFAM_overlap
Q9UHW5	[263, 283]	No_PFAM_overlap
Q9UIJ5	[282, 303]	No_PFAM_overlap
O15197	[278, 370]	Ephrin cysteine rich domain
O15197	[398, 460]	No_PFAM_overlap
O75443	[942, 1081]	Trypsin Inhibitor like cysteine rich domain
O75443	[1273, 1486]	Trypsin Inhibitor like cysteine rich domain
O75443	[1707, 1812]	C8 domain
O75443	[2047, 2126]	ZP-C domain
O95197	[307, 331]	No_PFAM_overlap
O95202	[36, 101]	No_PFAM_overlap
O95985	[690, 740]	No_PFAM_overlap
P00739	[80, 99]	No_PFAM_overlap
P0DPA2	[348, 381]	No_PFAM_overlap
P10827	[437, 452]	No_PFAM_overlap
P56524	[648, 682]	Histone deacetylase domain
Q03405	[62, 307]	u-PAR/Ly-6 domain
Q08499	[112, 134]	No_PFAM_overlap
Q499Z3	[194, 210]	No_PFAM_overlap
Q5JPF3	[408, 432]	No_PFAM_overlap
Q5JPF3	[1201, 1252]	No_PFAM_overlap
Q5VWM3	[124, 151]	PRAME C-terminal domain
Q68DK2	[516, 549]	No_PFAM_overlap
Q68DK2	[823, 840]	No_PFAM_overlap
Q68DK2	[1038, 1067]	No_PFAM_overlap
Q68DK2	[1216, 1268]	No_PFAM_overlap
Q86V35	[152, 191]	No_PFAM_overlap
Q8IW36	[131, 383]	Zinc finger, C2H2 type
Q8IW36	[454, 514]	Zinc finger, C2H2 type
Q8NHY0	[1, 18]	No_PFAM_overlap
Q8NHY0	[142, 164]	No_PFAM_overlap
Q9BRQ6	[184, 234]	MICOS complex subunit MIC19/MIC25
Q9BSG1	[169, 423]	Zinc finger, C2H2 type
Q9H3Y0	[214, 252]	No_PFAM_overlap
Q9HAZ1	[46, 102]	No_PFAM_overlap
Q9NUQ8	[71, 115]	ABCF3, PWI-like helical bundle domain
Q9UK96	[48, 65]	F-box-like
Q9UK96	[384, 401]	No_PFAM_overlap
Q9UKN8	[794, 821]	No_PFAM_overlap
Q9Y2M0	[32, 73]	No_PFAM_overlap
Q9Y2M0	[126, 165]	No_PFAM_overlap
Q9Y2M0	[280, 300]	No_PFAM_overlap
A0AAG2SVG9	[23, 124]	No_PFAM_overlap
O60293	[1063, 1078]	No_PFAM_overlap
O60522	[132, 151]	Tudor domain
O60522	[1785, 1812]	No_PFAM_overlap
O60522	[1968, 1991]	No_PFAM_overlap
P0C7X2	[181, 234]	Zinc finger, C2H2 type
P14784	[324, 388]	No_PFAM_overlap
P31391	[334, 359]	No_PFAM_overlap
P40692	[120, 145]	Histidine kinase-, DNA gyrase B-, and HSP90-like ATPase
P52747	[6, 34]	No_PFAM_overlap
P52747	[195, 445]	Zinc finger, C2H2 type
Q8IUH5	[22, 42]	No_PFAM_overlap
Q92782	[0, 144]	DPF1-3, N-terminal
Q92782	[192, 225]	No_PFAM_overlap
Q92782	[257, 386]	PHD-finger
Q96IW7	[148, 185]	Vesicle-trafficking protein SEC22a, C-terminal domain
Q9C019	[0, 121]	B-box zinc finger
Q9UKQ2	[373, 575]	Reprolysin (M12B) family zinc metalloprotease
Q9UKQ2	[590, 664]	No_PFAM_overlap
Q9UMN6	[1226, 1403]	PHD-finger
Q9UMN6	[1566, 1581]	No_PFAM_overlap
Q9UMN6	[2692, 2714]	No_PFAM_overlap
A0A140TA62	[24, 121]	Intermediate filament protein
A0A140TA62	[394, 435]	Intermediate filament protein
A8MTA8	[180, 205]	No_PFAM_overlap
P21359	[626, 645]	No_PFAM_overlap
P35590	[216, 372]	Immunoglobulin domain
P49711	[265, 577]	Zinc finger, C2H2 type
Q07011	[16, 149]	TNFR/NGFR cysteine-rich region
Q08629	[65, 204]	Secreted protein acidic and rich in cysteine Ca binding region
Q14191	[6, 41]	No_PFAM_overlap
Q14191	[1052, 1080]	RQC domain
Q14191	[1230, 1249]	No_PFAM_overlap
Q14191	[1360, 1378]	No_PFAM_overlap
Q49AM3	[0, 36]	No_PFAM_overlap
Q49AM3	[410, 425]	Tetratricopeptide repeat
Q8N7U6	[672, 694]	No_PFAM_overlap
Q8TDD2	[271, 368]	Zinc finger, C2H2 type
Q96LI6	[33, 76]	No_PFAM_overlap
Q96P48	[665, 729]	No_PFAM_overlap
Q96RE9	[235, 602]	Zinc finger, C2H2 type
Q99747	[250, 267]	Soluble NSF attachment protein, SNAP
Q9BY77	[332, 359]	RNA recognition motif
Q9BZQ6	[676, 692]	PA domain
Q9HCI5	[459, 480]	No_PFAM_overlap
Q9P243	[0, 43]	No_PFAM_overlap
Q9P243	[115, 150]	No_PFAM_overlap
Q9P243	[808, 852]	No_PFAM_overlap
Q9P243	[912, 1021]	Zinc finger, C2H2 type
Q9P2M4	[187, 246]	No_PFAM_overlap
Q9UEG4	[140, 541]	Zinc finger, C2H2 type
Q9UEG4	[559, 601]	No_PFAM_overlap
Q9UEG4	[650, 689]	No_PFAM_overlap
Q9UEG4	[760, 786]	No_PFAM_overlap
Q9UEG4	[841, 868]	No_PFAM_overlap
Q9Y2K1	[112, 158]	BTB/POZ domain
Q9Y2K1	[201, 264]	No_PFAM_overlap
Q9Y2K1	[419, 472]	No_PFAM_overlap
Q9Y2K1	[502, 622]	No_PFAM_overlap
A1YPR0	[347, 397]	Zinc finger, C2H2 type
A1YPR0	[411, 478]	Zinc finger, C2H2 type
P09884	[129, 173]	No_PFAM_overlap
P46721	[627, 669]	No_PFAM_overlap
P51504	[37, 142]	Zinc finger, C2H2 type
P51504	[211, 272]	Zinc finger, C2H2 type
P53041	[456, 479]	No_PFAM_overlap
P53801	[36, 72]	No_PFAM_overlap
Q05397	[353, 369]	FAK1/PYK2, FERM domain C-lobe
Q13651	[189, 219]	No_PFAM_overlap
Q13651	[523, 542]	No_PFAM_overlap
Q15262	[828, 858]	No_PFAM_overlap
Q16665	[728, 825]	HIF-1 alpha C terminal transactivation domain
Q6ZWK6	[170, 200]	No_PFAM_overlap
Q86UL8	[858, 873]	PDZ domain
Q86WU2	[0, 15]	No_PFAM_overlap
Q8NCK3	[100, 437]	Zinc finger, C2H2 type
Q96AG4	[123, 154]	No_PFAM_overlap
Q96AQ6	[574, 606]	CCPG1 C-terminal domain
Q96BN6	[199, 222]	No_PFAM_overlap
Q96BN6	[331, 362]	No_PFAM_overlap
Q96H86	[165, 354]	Zinc finger, C2H2 type
Q96MC5	[186, 203]	No_PFAM_overlap
Q96N23	[910, 931]	No_PFAM_overlap
Q96N23	[1708, 1727]	No_PFAM_overlap
Q96N23	[3018, 3048]	No_PFAM_overlap
Q9BWM5	[128, 574]	Zinc finger, C2H2 type
Q9H9A7	[447, 478]	No_PFAM_overlap
Q9HBU1	[91, 109]	No_PFAM_overlap
Q9NQ38	[87, 416]	Kazal-type serine protease inhibitor domain
Q9NQ38	[432, 618]	Kazal-type serine protease inhibitor domain
Q9NQ38	[847, 898]	No_PFAM_overlap
Q9NTM9	[216, 272]	CutC family
O14490	[201, 245]	No_PFAM_overlap
O14490	[438, 508]	No_PFAM_overlap
O60671	[266, 281]	No_PFAM_overlap
O76009	[0, 79]	Intermediate filament protein
O76009	[358, 403]	Intermediate filament protein
P15976	[70, 110]	No_PFAM_overlap
P15976	[192, 294]	GATA zinc finger
P26715	[104, 127]	No_PFAM_overlap
P26842	[20, 126]	TNFR/NGFR cysteine-rich region
P43489	[12, 148]	TNFR/NGFR cysteine-rich region
P78396	[47, 88]	Cyclin-A N-terminal APC/C binding region
Q13029	[350, 413]	Zinc finger, C2H2 type
Q13029	[1278, 1368]	No_PFAM_overlap
Q13029	[1439, 1478]	C2H2-type zinc finger
Q13106	[129, 436]	Zinc finger, C2H2 type
Q13201	[1007, 1084]	EGF-like domain
Q13469	[566, 583]	Rel homology dimerisation domain
Q15375	[225, 336]	Tyrosine-protein kinase ephrin type A/B receptor-like
Q15375	[902, 917]	No_PFAM_overlap
Q6UXV0	[13, 66]	No_PFAM_overlap
Q6ZRF8	[13, 162]	Zinc finger, C3HC4 type (RING finger)
Q6ZRF8	[342, 364]	No_PFAM_overlap
Q6ZWJ1	[110, 186]	No_PFAM_overlap
Q86UX7	[171, 221]	No_PFAM_overlap
Q8IV08	[67, 89]	No_PFAM_overlap
Q8ND25	[134, 180]	No_PFAM_overlap
Q8TE85	[552, 611]	GRHL1-like, C-terminal domain
Q8WWZ3	[88, 114]	No_PFAM_overlap
Q9BTE6	[0, 36]	No_PFAM_overlap
Q9BTF0	[458, 502]	No_PFAM_overlap
Q9BXL8	[77, 107]	No_PFAM_overlap
Q9BYS1	[0, 95]	Keratin, high sulfur B2 protein
Q9NXV2	[19, 40]	No_PFAM_overlap
Q9P2V4	[543, 562]	No_PFAM_overlap
Q9UK53	[347, 412]	No_PFAM_overlap
Q9UPG8	[58, 211]	C2H2-type zinc finger
Q9UPG8	[246, 279]	No_PFAM_overlap
A6NK89	[15, 39]	No_PFAM_overlap
B4DH59	[21, 290]	Human growth factor-like EGF
O00151	[244, 273]	LIM domain
O15047	[58, 77]	No_PFAM_overlap
O15047	[1689, 1706]	No_PFAM_overlap
O75581	[1198, 1357]	Coagulation Factor Xa inhibitory site
P00740	[33, 192]	EGF-like domain
P16473	[1, 47]	No_PFAM_overlap
P16473	[373, 413]	No_PFAM_overlap
Q08ET2	[149, 225]	CD80-like C2-set immunoglobulin domain
Q08ET2	[347, 362]	No_PFAM_overlap
Q15935	[87, 541]	C2H2-type zinc finger
Q4G0N8	[479, 504]	No_PFAM_overlap
Q52LR7	[399, 466]	No_PFAM_overlap
Q52LR7	[502, 535]	No_PFAM_overlap
Q5TAA0	[122, 167]	No_PFAM_overlap
Q7Z5Q1	[308, 326]	No_PFAM_overlap
Q8IVL6	[566, 593]	2OG-Fe(II) oxygenase superfamily
Q8IZJ3	[891, 909]	No_PFAM_overlap
Q8IZJ3	[1659, 1753]	A-macroglobulin receptor binding domain
Q8N6C8	[156, 183]	No_PFAM_overlap
Q8N6C8	[276, 302]	No_PFAM_overlap
Q8WWH5	[303, 328]	No_PFAM_overlap
Q96A83	[113, 147]	EMI domain
Q96Q42	[221, 268]	No_PFAM_overlap
Q96Q42	[387, 419]	No_PFAM_overlap
Q9C0F3	[131, 469]	Zinc finger, C2H2 type
Q9HBW1	[40, 64]	No_PFAM_overlap
Q9NZU5	[15, 70]	No_PFAM_overlap
Q9NZU5	[236, 273]	LIM domain
Q9UMS5	[234, 262]	No_PFAM_overlap
Q9UQC9	[760, 784]	No_PFAM_overlap
O14594	[1006, 1119]	EGF-like domain
O14921	[0, 23]	No_PFAM_overlap
O43353	[318, 333]	No_PFAM_overlap
O43353	[369, 400]	No_PFAM_overlap
P07358	[54, 165]	Low-density lipoprotein receptor domain class A
P07358	[499, 562]	Complement components C8A/B/C6, EGF-like domain
P46939	[2164, 2196]	No_PFAM_overlap
P49767	[215, 418]	CXCXC repeat
P51522	[61, 267]	Zinc finger, C2H2 type
P51522	[422, 511]	Zinc finger, C2H2 type
P56915	[77, 135]	No_PFAM_overlap
P58166	[180, 195]	No_PFAM_overlap
P58166	[236, 254]	Transforming growth factor beta like domain
P78357	[718, 733]	No_PFAM_overlap
P78357	[938, 999]	Laminin G domain
Q2VY69	[135, 592]	Zinc finger, C2H2 type
Q6S545	[133, 162]	No_PFAM_overlap
Q6UN15	[202, 234]	No_PFAM_overlap
Q6UWL2	[27, 55]	No_PFAM_overlap
Q6UWL2	[70, 251]	Calcium-binding EGF domain
Q6ZN79	[147, 299]	Zinc finger, C2H2 type
Q86XN7	[118, 140]	Domain of unknown function (DUF4476)
Q8N9Q2	[0, 41]	Zinc knuckle
Q8TEW8	[473, 493]	No_PFAM_overlap
Q8TEW8	[587, 624]	No_PFAM_overlap
Q96I76	[95, 113]	No_PFAM_overlap
Q96M69	[719, 754]	No_PFAM_overlap
Q96NY9	[437, 458]	No_PFAM_overlap
Q99439	[139, 175]	Calponin family repeat
Q9H116	[315, 617]	C2H2-type zinc finger
Q9HAP2	[100, 122]	No_PFAM_overlap
Q9UQQ2	[232, 260]	No_PFAM_overlap
A6BM72	[72, 835]	Platelet endothelial aggregation receptor 1-like, EGF domain
A6BM72	[915, 937]	No_PFAM_overlap
A6NGN4	[128, 144]	No_PFAM_overlap
O00237	[563, 630]	Ring finger domain
O43520	[846, 870]	No_PFAM_overlap
O43593	[91, 139]	No_PFAM_overlap
O43593	[159, 214]	No_PFAM_overlap
O43593	[591, 700]	No_PFAM_overlap
O75339	[130, 244]	Mucin-2 protein WxxW repeating region
P10398	[588, 605]	No_PFAM_overlap
P28331	[0, 22]	No_PFAM_overlap
P49918	[85, 109]	No_PFAM_overlap
Q14134	[164, 261]	B-box zinc finger
Q2M3R5	[54, 70]	EamA-like transporter family
Q5SXH7	[417, 460]	No_PFAM_overlap
Q5VWK0	[511, 527]	No_PFAM_overlap
Q7Z3Z4	[74, 95]	No_PFAM_overlap
Q8N6Y2	[185, 200]	No_PFAM_overlap
Q8NCA9	[52, 148]	No_PFAM_overlap
Q8NCA9	[196, 272]	Zinc finger, C2H2 type
Q8TED9	[318, 341]	No_PFAM_overlap
Q96A99	[455, 477]	No_PFAM_overlap
Q96G46	[117, 213]	DUS3L CCCH zinc finger domain
Q96PC2	[164, 186]	No_PFAM_overlap
Q9H898	[1, 109]	Zinc-finger of C2H2 type
Q9H898	[128, 182]	Zinc-finger double-stranded RNA-binding
Q9NQW5	[371, 395]	No_PFAM_overlap
Q9UKP4	[107, 177]	Reprolysin family propeptide
Q9UKP4	[492, 595]	Thrombospondin type 1 domain
Q9UKP4	[839, 984]	Thrombospondin type 1 domain
Q9UKP4	[1414, 1676]	Thrombospondin type 1 domain
Q9ULI4	[206, 242]	No_PFAM_overlap
Q9ULI4	[1844, 1877]	No_PFAM_overlap
Q9UM22	[205, 223]	Ependymin
Q9Y5S8	[232, 263]	No_PFAM_overlap
Q9Y6C2	[292, 317]	No_PFAM_overlap
Q9Y6C2	[460, 510]	No_PFAM_overlap
Q9Y6C2	[558, 606]	No_PFAM_overlap
Q9Y6C2	[718, 750]	No_PFAM_overlap
O15297	[370, 387]	No_PFAM_overlap
O75663	[233, 252]	No_PFAM_overlap
P07199	[189, 238]	DDE superfamily endonuclease
P23470	[334, 356]	Fibronectin type III domain
P23470	[842, 874]	Protein-tyrosine phosphatase
Q14990	[33, 87]	No_PFAM_overlap
Q14990	[110, 249]	Hsp20/alpha crystallin family
Q15075	[38, 62]	No_PFAM_overlap
Q1ZYL8	[192, 231]	No_PFAM_overlap
Q4G1C9	[203, 236]	No_PFAM_overlap
Q56NI9	[504, 538]	ESCO1/2 acetyl-transferase
Q8N4Y2	[90, 105]	No_PFAM_overlap
Q8N7K0	[114, 672]	Zinc-finger double domain
Q8N9Z0	[85, 127]	No_PFAM_overlap
Q8N9Z0	[186, 349]	Zinc-finger double domain
Q8N9Z0	[392, 458]	Zinc finger, C2H2 type
Q8NFW1	[428, 451]	No_PFAM_overlap
Q8NHY2	[117, 143]	Zinc finger, C3HC4 type (RING finger)
Q8TBZ5	[10, 93]	No_PFAM_overlap
Q8TBZ5	[133, 543]	Zinc-finger double domain
Q96MI6	[68, 105]	No_PFAM_overlap
Q96RD9	[74, 92]	No_PFAM_overlap
Q99650	[846, 905]	No_PFAM_overlap
Q9BR11	[290, 389]	ZSWIM1/3, helical domain
Q9BSK1	[74, 384]	Zinc finger, C2H2 type
Q9NQR7	[68, 130]	No_PFAM_overlap
Q9NRG4	[254, 280]	No_PFAM_overlap
Q9NY57	[338, 362]	No_PFAM_overlap
Q9P218	[1025, 1068]	No_PFAM_overlap
Q9UPT5	[280, 356]	No_PFAM_overlap
Q9Y2G9	[674, 705]	No_PFAM_overlap
Q9Y620	[35, 100]	No_PFAM_overlap
Q9Y620	[197, 264]	No_PFAM_overlap
Q9Y620	[600, 617]	No_PFAM_overlap
Q9Y620	[818, 878]	No_PFAM_overlap
O76014	[14, 117]	Intermediate filament protein
P08319	[0, 19]	No_PFAM_overlap
P52961	[272, 299]	NAD:arginine ADP-ribosyltransferase
P60331	[10, 56]	No_PFAM_overlap
Q14188	[381, 401]	No_PFAM_overlap
Q16877	[14, 29]	No_PFAM_overlap
Q2M1P5	[400, 451]	No_PFAM_overlap
Q3KNS6	[140, 431]	Zinc finger, C2H2 type
Q5H9K5	[207, 277]	No_PFAM_overlap
Q5T6C5	[55, 74]	No_PFAM_overlap
Q5T6C5	[89, 110]	No_PFAM_overlap
Q5T6C5	[404, 450]	No_PFAM_overlap
Q68BL7	[25, 110]	No_PFAM_overlap
Q7Z3E2	[142, 161]	No_PFAM_overlap
Q8NCE0	[208, 283]	No_PFAM_overlap
Q8NFW8	[373, 409]	No_PFAM_overlap
Q8TB69	[117, 539]	Zinc finger, C2H2 type
Q92696	[334, 361]	Rab geranylgeranyl transferase alpha-subunit, insert domain
Q9BSF8	[408, 428]	No_PFAM_overlap
Q9BYV9	[133, 151]	No_PFAM_overlap
Q9BYV9	[694, 731]	bZIP Maf transcription factor
Q9H4T2	[229, 347]	Zinc finger, C2H2 type
Q9NT22	[319, 392]	No_PFAM_overlap
Q9NT22	[425, 481]	No_PFAM_overlap
Q9NTU7	[41, 65]	No_PFAM_overlap
Q9Y426	[238, 260]	No_PFAM_overlap
Q9Y426	[448, 481]	No_PFAM_overlap
Q9Y5W7	[93, 120]	No_PFAM_overlap
A8MUP2	[13, 34]	No_PFAM_overlap
O75882	[87, 150]	CUB domain
O75882	[245, 332]	Teneurin-like EGF domain
O75882	[649, 786]	No_PFAM_overlap
O75882	[879, 1019]	Plexin repeat
O75882	[1036, 1148]	Laminin/attractin EGF domain
P01569	[17, 32]	Interferon alpha/beta domain
P30084	[3, 20]	No_PFAM_overlap
P54762	[246, 326]	Fibronectin type III domain
Q06889	[277, 352]	Zinc finger, C2H2 type
Q3ZCT1	[15, 291]	Zinc finger, C2H2 type
Q3ZCT1	[328, 411]	Zinc-finger double domain
Q5HY98	[82, 111]	No_PFAM_overlap
Q5HY98	[130, 280]	Zinc finger, C2H2 type
Q5VVP1	[1190, 1269]	No_PFAM_overlap
Q68G75	[88, 122]	No_PFAM_overlap
Q6P4F7	[409, 427]	No_PFAM_overlap
Q6P4F7	[452, 470]	No_PFAM_overlap
Q6WBX8	[365, 425]	No_PFAM_overlap
Q6ZNG0	[128, 168]	No_PFAM_overlap
Q6ZNG0	[210, 420]	Zinc-finger double domain
Q6ZVH7	[639, 685]	No_PFAM_overlap
Q6ZVH7	[740, 768]	No_PFAM_overlap
Q7Z410	[134, 211]	Low-density lipoprotein receptor domain class A
Q7Z410	[477, 506]	Trypsin
Q8N3J2	[55, 82]	No_PFAM_overlap
Q8N3J2	[99, 125]	No_PFAM_overlap
Q8N7R1	[270, 289]	No_PFAM_overlap
Q8NB46	[473, 531]	Ankyrin repeats (3 copies)
Q8NB46	[1037, 1073]	No_PFAM_overlap
Q96IG2	[408, 426]	No_PFAM_overlap
Q9NRJ4	[435, 451]	No_PFAM_overlap
Q9NRJ4	[479, 513]	No_PFAM_overlap
Q9NW07	[167, 395]	Zinc finger, C2H2 type
Q9Y5W5	[171, 356]	WIF domain
Q9Y6G3	[11, 71]	Mitochondrial 28S ribosomal protein S32
O14745	[1, 38]	No_PFAM_overlap
O15360	[78, 136]	No_PFAM_overlap
O15360	[617, 636]	FANCA helical domain
O15360	[960, 977]	No_PFAM_overlap
O15393	[105, 146]	No_PFAM_overlap
O43918	[417, 481]	No_PFAM_overlap
P32926	[574, 595]	No_PFAM_overlap
P32926	[674, 720]	No_PFAM_overlap
P32926	[777, 806]	No_PFAM_overlap
P32926	[821, 912]	No_PFAM_overlap
P33151	[568, 595]	Cadherin domain
P49619	[310, 385]	Phorbol esters/diacylglycerol binding domain (C1 domain)
P78332	[539, 572]	No_PFAM_overlap
Q07108	[65, 82]	No_PFAM_overlap
Q08ER8	[182, 320]	Zinc finger, C2H2 type
Q08ER8	[394, 571]	Zinc finger, C2H2 type
Q12872	[377, 394]	No_PFAM_overlap
Q16822	[8, 31]	No_PFAM_overlap
Q499Z4	[0, 138]	Zinc finger, C2H2 type
Q499Z4	[189, 424]	Zinc finger, C2H2 type
Q5TEC3	[165, 238]	Zinc finger, C2H2 type
Q5TEC3	[350, 544]	Zinc finger, C2H2 type
Q6PF04	[54, 117]	No_PFAM_overlap
Q6PF04	[193, 554]	Zinc finger, C2H2 type
Q8N2S1	[43, 84]	No_PFAM_overlap
Q8N2S1	[152, 191]	No_PFAM_overlap
Q8N2S1	[239, 254]	No_PFAM_overlap
Q8N2S1	[268, 465]	Calcium-binding EGF domain
Q8N2S1	[548, 1129]	Human growth factor-like EGF
Q8N2S1	[1178, 1411]	Calcium-binding EGF domain
Q8N2S1	[1527, 1622]	Calcium-binding EGF domain
Q8N6Q3	[112, 391]	u-PAR/Ly-6 domain
Q8NE09	[214, 246]	No_PFAM_overlap
Q8TDQ0	[267, 300]	No_PFAM_overlap
Q8WU90	[78, 148]	Zinc finger C-x8-C-x5-C-x3-H type (and similar)
Q96CX3	[18, 270]	Zinc finger, C2H2 type
Q96PR1	[17, 40]	No_PFAM_overlap
Q9BRB3	[634, 670]	No_PFAM_overlap
Q9BUK6	[388, 521]	No_PFAM_overlap
Q9BXR5	[23, 43]	No_PFAM_overlap
Q9NWN3	[107, 143]	No_PFAM_overlap
Q9NWN3	[159, 198]	No_PFAM_overlap
Q9NWN3	[219, 243]	No_PFAM_overlap
Q9NWN3	[624, 705]	No_PFAM_overlap
Q9NWS9	[332, 350]	No_PFAM_overlap
Q9NWS9	[385, 443]	Zinc finger, C2H2 type
Q9NYH9	[294, 313]	U3 small nucleolar RNA-associated protein 6 C-terminal
Q9NYW8	[94, 200]	No_PFAM_overlap
Q9NYW8	[224, 709]	Zinc finger, C2H2 type
Q9P265	[933, 978]	No_PFAM_overlap
Q9UJW8	[147, 181]	No_PFAM_overlap
Q9UJW8	[278, 317]	No_PFAM_overlap
Q9UJW8	[346, 691]	C2H2 zinc finger
Q9UPY3	[747, 763]	Dicer, platform domain
Q9UPY3	[1085, 1108]	No_PFAM_overlap
Q9UPY3	[1493, 1553]	No_PFAM_overlap
Q9UPY3	[1593, 1656]	No_PFAM_overlap
I3L3L1	[95, 121]	ADP-ribosylation factor-like protein 17
P17035	[207, 717]	Zinc finger, C2H2 type
P20594	[431, 455]	No_PFAM_overlap
P56645	[509, 569]	No_PFAM_overlap
Q32MK0	[497, 535]	Protein kinase domain
Q5SXM1	[73, 178]	Zinc finger, C2H2 type
Q5SXM1	[195, 524]	Zinc-finger double domain
Q6P1W5	[73, 122]	No_PFAM_overlap
Q6P1W5	[185, 204]	Domain of unknown function (DUF4688)
Q8IVC4	[84, 115]	No_PFAM_overlap
Q8IVC4	[172, 406]	Zinc finger, C2H2 type
Q8IXM7	[36, 136]	Sperm-tail PG-rich repeat
Q8WW33	[7, 86]	U11-48K-like CHHC zinc finger
Q8WWQ8	[21, 51]	No_PFAM_overlap
Q8WWQ8	[76, 359]	EGF domain
Q8WWQ8	[677, 999]	EGF domain
Q8WWQ8	[1269, 1316]	No_PFAM_overlap
Q8WWQ8	[1330, 1548]	EGF domain
Q8WWQ8	[1894, 2193]	EGF domain
Q96II8	[284, 304]	No_PFAM_overlap
Q96N22	[57, 241]	Zinc finger, C2H2 type
Q96N22	[253, 626]	Zinc-finger double domain
Q99698	[2965, 3060]	PH domain associated with Beige/BEACH
Q9P2K9	[621, 650]	No_PFAM_overlap
Q9UMR7	[79, 117]	No_PFAM_overlap
Q9UPW6	[235, 253]	No_PFAM_overlap
A6NNV3	[137, 159]	No_PFAM_overlap
B7ZLF3	[29, 151]	Zinc finger, C2H2 type
O95980	[29, 58]	No_PFAM_overlap
O95980	[97, 828]	RECK-like, CC4 domain
P01854	[0, 27]	Immunoglobulin C1-set domain
P01854	[290, 330]	Immunoglobulin C1-set domain
P0CG36	[75, 158]	Cripto_Frl-1_Cryptic (CFC)
P0DPD5	[106, 510]	Zinc finger, C2H2 type
P14151	[152, 329]	EGF-like domain
P21860	[11, 37]	No_PFAM_overlap
P22749	[36, 144]	Saposin-like type B, region 2
P23443	[70, 89]	No_PFAM_overlap
P23508	[154, 218]	No_PFAM_overlap
P23508	[510, 543]	No_PFAM_overlap
P40879	[30, 53]	No_PFAM_overlap
P60368	[12, 61]	No_PFAM_overlap
P62070	[184, 203]	No_PFAM_overlap
Q2TBC4	[0, 25]	No_PFAM_overlap
Q3KNS1	[103, 125]	No_PFAM_overlap
Q5VYS8	[223, 260]	No_PFAM_overlap
Q5VYS8	[638, 662]	No_PFAM_overlap
Q5VYS8	[908, 999]	Zinc knuckle
Q5VYS8	[1330, 1382]	Unstructured region 4 on terminal uridylyltransferase 7
Q5VYS8	[1439, 1473]	Unstructured region 4 on terminal uridylyltransferase 7
Q69YN4	[1536, 1573]	No_PFAM_overlap
Q6DJT9	[31, 149]	C2H2-type zinc finger
Q6DJT9	[166, 271]	C2H2-type zinc finger
Q6ZMU1	[320, 357]	A-macroglobulin TED domain
Q6ZV50	[120, 162]	No_PFAM_overlap
Q6ZV50	[463, 484]	No_PFAM_overlap
Q86UB2	[39, 81]	No_PFAM_overlap
Q8N9L1	[194, 287]	Zinc finger, C2H2 type
Q8TBB1	[5, 36]	No_PFAM_overlap
Q8TBB1	[108, 138]	No_PFAM_overlap
Q96CC6	[481, 640]	No_PFAM_overlap
Q96PL5	[405, 424]	No_PFAM_overlap
Q9NTI2	[449, 483]	No_PFAM_overlap
Q9NZJ4	[1385, 1404]	No_PFAM_overlap
Q9NZJ4	[1736, 1758]	No_PFAM_overlap
Q9NZJ4	[1803, 1820]	No_PFAM_overlap
Q9Y6R1	[429, 448]	HCO3- transporter integral membrane domain
P48745	[13, 356]	von Willebrand factor type C domain
P49841	[321, 371]	Protein kinase domain
P52738	[154, 456]	C2H2-type zinc finger
Q12923	[288, 315]	No_PFAM_overlap
Q13239	[167, 183]	No_PFAM_overlap
Q13705	[20, 66]	Activin types I and II receptor domain
Q14678	[407, 447]	No_PFAM_overlap
Q14678	[526, 656]	No_PFAM_overlap
Q14678	[678, 708]	No_PFAM_overlap
Q4LE39	[409, 431]	No_PFAM_overlap
Q5HYM0	[341, 382]	Zc3h12a-like Ribonuclease NYN domain
Q5HYM0	[747, 790]	No_PFAM_overlap
Q68DA7	[768, 802]	No_PFAM_overlap
Q6NSI8	[502, 552]	No_PFAM_overlap
Q6ZUT6	[153, 172]	No_PFAM_overlap
Q76G19	[356, 371]	No_PFAM_overlap
Q7RTU7	[123, 143]	Helix-loop-helix DNA-binding domain
Q7RTU7	[170, 200]	No_PFAM_overlap
Q8IZF0	[644, 737]	No_PFAM_overlap
Q8IZF0	[1689, 1730]	No_PFAM_overlap
Q8N573	[207, 293]	No_PFAM_overlap
Q8N8V4	[93, 147]	Ankyrin repeats (3 copies)
Q8TCU6	[948, 987]	No_PFAM_overlap
Q8TCU6	[1000, 1047]	No_PFAM_overlap
Q8TCU6	[1213, 1251]	No_PFAM_overlap
Q8TCU6	[1550, 1616]	No_PFAM_overlap
Q8TCU6	[1629, 1645]	No_PFAM_overlap
Q8TDP1	[12, 35]	Ribonuclease H2 non-catalytic subunit (Ylr154p-like)
Q9BZS1	[138, 175]	No_PFAM_overlap
Q9H1K6	[28, 44]	No_PFAM_overlap
Q9H1K6	[54, 85]	No_PFAM_overlap
Q9H1K6	[134, 157]	Talin IBS2B domain
Q9H1K6	[305, 346]	No_PFAM_overlap
Q9NRL2	[173, 204]	No_PFAM_overlap
Q9NX58	[0, 65]	Acetyl-CoA carboxylase zinc finger domain
Q9Y4F3	[170, 323]	No_PFAM_overlap
A8MXY4	[146, 208]	No_PFAM_overlap
A8MXY4	[221, 833]	Zinc finger, C2H2 type
M0QZD8	[24, 52]	Lipoprotein amino terminal region
M0QZD8	[1926, 1951]	No_PFAM_overlap
M0QZD8	[2477, 2496]	No_PFAM_overlap
M0QZD8	[2674, 2745]	No_PFAM_overlap
M0QZD8	[3147, 3213]	von Willebrand factor type D domain
M0QZD8	[3226, 3265]	No_PFAM_overlap
P22413	[79, 211]	Somatomedin B domain
P22413	[589, 649]	No_PFAM_overlap
P46199	[634, 655]	No_PFAM_overlap
Q5T5D7	[122, 377]	Zinc finger, C2H2 type
Q6MZP7	[678, 748]	No_PFAM_overlap
Q6ZQY2	[48, 176]	Leucine Rich repeat
Q7Z5J4	[1675, 1717]	No_PFAM_overlap
Q86VF7	[37, 147]	LIM domain
Q86VF7	[1134, 1165]	No_PFAM_overlap
Q86VF7	[1315, 1352]	No_PFAM_overlap
Q86VF7	[1450, 1485]	No_PFAM_overlap
Q8IY82	[210, 265]	No_PFAM_overlap
Q8N9N2	[41, 59]	No_PFAM_overlap
Q8N9N2	[360, 377]	No_PFAM_overlap
Q96FC9	[856, 900]	No_PFAM_overlap
Q96FC9	[914, 932]	No_PFAM_overlap
Q9BUY5	[5, 54]	KRAB box
Q9BUY5	[128, 235]	Zinc finger, C2H2 type
Q9BUY5	[308, 553]	Zinc-finger double domain
Q9C000	[1022, 1066]	No_PFAM_overlap
Q9H4Q3	[465, 513]	No_PFAM_overlap
Q9H4Q3	[568, 651]	Zinc finger, C2H2 type
Q9H5U6	[31, 140]	GRF zinc finger
Q9H5U6	[376, 465]	No_PFAM_overlap
Q9NRD9	[947, 975]	No_PFAM_overlap
Q9UQK1	[0, 16]	No_PFAM_overlap
Q9UQK1	[37, 76]	No_PFAM_overlap
A1KZ92	[708, 739]	Animal haem peroxidase
A1KZ92	[1290, 1323]	No_PFAM_overlap
O14503	[122, 140]	No_PFAM_overlap
O94986	[1150, 1194]	No_PFAM_overlap
O94986	[1228, 1271]	CEP152, CEP63 binding coiled coil
O94986	[1392, 1429]	No_PFAM_overlap
P0DJD4	[418, 459]	No_PFAM_overlap
P13284	[157, 208]	Gamma interferon inducible lysosomal thiol reductase (GILT)
P13284	[226, 249]	No_PFAM_overlap
P22001	[94, 109]	BTB/POZ domain
P22001	[519, 536]	No_PFAM_overlap
P43250	[409, 575]	Protein kinase domain
P59047	[14, 60]	No_PFAM_overlap
P59047	[978, 994]	No_PFAM_overlap
Q12816	[1000, 1077]	No_PFAM_overlap
Q12816	[1134, 1199]	No_PFAM_overlap
Q504Q3	[361, 378]	No_PFAM_overlap
Q6PI26	[135, 158]	No_PFAM_overlap
Q6ZMM2	[358, 376]	UNC-6/NTR/C345C module
Q92670	[262, 301]	Zinc finger, C2H2 type
Q92670	[313, 425]	Zinc finger, C2H2 type
Q96DL1	[308, 325]	No_PFAM_overlap
Q96JM2	[56, 80]	No_PFAM_overlap
Q96JM2	[91, 111]	Zinc finger protein 462, first C2H2 zinc finger
Q96JM2	[122, 186]	Zinc finger protein 462, second C2H2 zinc finger
Q96JM2	[221, 275]	No_PFAM_overlap
Q96JM2	[428, 497]	No_PFAM_overlap
Q96JM2	[602, 629]	No_PFAM_overlap
Q96JM2	[1186, 1267]	Zinc finger protein 462, seventh C2H2 zinc finger
Q96JM2	[1458, 1556]	Zinc finger protein 462, seventh C2H2 zinc finger
Q96JM2	[1586, 1603]	No_PFAM_overlap
Q96JM2	[1651, 1708]	No_PFAM_overlap
Q96JM2	[1775, 1799]	No_PFAM_overlap
Q96JM2	[1881, 1915]	No_PFAM_overlap
Q96JM2	[1955, 1974]	No_PFAM_overlap
Q96JM2	[2044, 2116]	No_PFAM_overlap
Q96JM2	[2182, 2259]	No_PFAM_overlap
Q96JM2	[2292, 2370]	No_PFAM_overlap
Q96JM2	[2401, 2433]	No_PFAM_overlap
Q96PV4	[120, 139]	No_PFAM_overlap
Q9BSK4	[278, 297]	No_PFAM_overlap
Q9BUD6	[227, 250]	Spondin_N
Q9C037	[0, 133]	B-box zinc finger
Q9C0A0	[21, 46]	F5/8 type C domain
Q9C0A0	[563, 596]	No_PFAM_overlap
Q9C0A0	[709, 747]	No_PFAM_overlap
Q9C0A0	[935, 999]	Laminin G domain
Q9C0A0	[1014, 1029]	No_PFAM_overlap
Q9NQ86	[102, 258]	B-box zinc finger
Q9UBR4	[6, 36]	LIM domain
A4QPH2	[217, 311]	No_PFAM_overlap
O75074	[155, 283]	CUB domain
O75074	[359, 485]	CUB domain
O95835	[860, 902]	No_PFAM_overlap
P14138	[125, 185]	No_PFAM_overlap
P22223	[16, 48]	No_PFAM_overlap
P52333	[1081, 1122]	Protein tyrosine and serine/threonine kinase
P68106	[0, 25]	FKBP-type peptidyl-prolyl cis-trans isomerase
P78337	[145, 161]	Homeodomain
Q02985	[101, 222]	Sushi repeat (SCR repeat)
Q02985	[235, 300]	Sushi repeat (SCR repeat)
Q02985	[314, 329]	No_PFAM_overlap
Q16600	[144, 456]	Zinc finger, C2H2 type
Q6U7Q0	[57, 388]	Zinc finger, C2H2 type
Q8IUD6	[247, 284]	No_PFAM_overlap
Q8IUQ4	[32, 143]	Sina, zinc finger
Q8N2R8	[298, 314]	No_PFAM_overlap
Q969P0	[173, 189]	No_PFAM_overlap
Q969P0	[318, 352]	No_PFAM_overlap
Q9HCC9	[556, 592]	No_PFAM_overlap
Q9NR16	[789, 807]	Scavenger receptor cysteine-rich domain
A0A494C086	[137, 162]	No_PFAM_overlap
O00220	[132, 229]	TNFR/NGFR cysteine-rich region
P01112	[168, 188]	No_PFAM_overlap
P05107	[444, 676]	Integrin EGF domain
P12525	[116, 151]	No_PFAM_overlap
P23769	[287, 393]	GATA zinc finger
Q0VAM2	[9, 28]	No_PFAM_overlap
Q14526	[417, 459]	No_PFAM_overlap
Q14526	[502, 611]	Zinc finger, C2H2 type
Q15493	[0, 21]	SMP-30/Gluconolactonase/LRE-like region
Q15493	[275, 291]	No_PFAM_overlap
Q2I0M4	[35, 70]	No_PFAM_overlap
Q5H9R4	[1979, 1999]	No_PFAM_overlap
Q5H9R4	[2022, 2041]	Armadillo-like
Q68DU8	[127, 157]	No_PFAM_overlap
Q68DU8	[277, 302]	KCTD8/12/16 H1 domain
Q6GYQ0	[1029, 1053]	No_PFAM_overlap
Q6GYQ0	[1525, 1545]	No_PFAM_overlap
Q6GYQ0	[1689, 1721]	No_PFAM_overlap
Q6P9A1	[167, 196]	No_PFAM_overlap
Q6P9A1	[226, 598]	Zinc finger, C2H2 type
Q6UXH8	[38, 235]	Calcium-binding EGF domain
Q7LFX5	[0, 47]	No_PFAM_overlap
Q86XT4	[0, 26]	RING-type zinc-finger
Q86XT4	[45, 76]	RING-type zinc-finger
Q86XT4	[118, 138]	B-box zinc finger
Q8IUA7	[446, 477]	No_PFAM_overlap
Q8IWR0	[430, 450]	No_PFAM_overlap
Q8IWR0	[577, 603]	No_PFAM_overlap
Q8IWR0	[716, 796]	No_PFAM_overlap
Q8IWR0	[842, 935]	Zinc finger C-x8-C-x5-C-x3-H type (and similar)
Q8N1W1	[344, 375]	No_PFAM_overlap
Q93033	[631, 662]	No_PFAM_overlap
Q96RP8	[0, 21]	BTB/POZ domain
Q96SQ7	[288, 320]	No_PFAM_overlap
Q9HB15	[27, 48]	No_PFAM_overlap
Q9NQ03	[179, 293]	Zinc finger, C2H2 type
Q9P0L1	[378, 748]	Zinc finger, C2H2 type
A6NED2	[59, 78]	No_PFAM_overlap
A6NED2	[131, 155]	No_PFAM_overlap
B2RXH4	[476, 505]	No_PFAM_overlap
C9JSJ3	[254, 287]	No_PFAM_overlap
O43184	[356, 595]	ADAM cysteine-rich
O43184	[658, 705]	No_PFAM_overlap
O75694	[643, 658]	No_PFAM_overlap
P15622	[74, 120]	No_PFAM_overlap
P15622	[186, 559]	Zinc finger, C2H2 type
Q01101	[257, 317]	Zinc finger, C2H2 type
Q01101	[433, 509]	Zinc finger, C2H2 type
Q15788	[183, 230]	No_PFAM_overlap
Q3SY52	[117, 486]	Zinc finger, C2H2 type
Q3T8J9	[889, 915]	No_PFAM_overlap
Q3T8J9	[1157, 1217]	No_PFAM_overlap
Q5VIY5	[203, 521]	Zinc finger, C2H2 type
Q7Z3E5	[32, 50]	ARMC9, LIS1 homology motif
Q8IZF2	[377, 400]	No_PFAM_overlap
Q8IZF2	[413, 428]	No_PFAM_overlap
Q8IZF2	[669, 715]	No_PFAM_overlap
Q8N8K9	[0, 83]	No_PFAM_overlap
Q8N8K9	[387, 415]	No_PFAM_overlap
Q8N8K9	[697, 715]	No_PFAM_overlap
Q8WTR8	[35, 65]	No_PFAM_overlap
Q8WTR8	[145, 359]	Laminin EGF domain
Q96K75	[139, 396]	Zinc finger, C2H2 type
Q96RL1	[211, 287]	No_PFAM_overlap
Q96RL1	[497, 534]	No_PFAM_overlap
Q96RL1	[557, 595]	No_PFAM_overlap
Q9C0B5	[223, 249]	No_PFAM_overlap
Q9H1H1	[0, 64]	U11-48K-like CHHC zinc finger
Q9H1H1	[100, 128]	No_PFAM_overlap
Q9HCE3	[599, 622]	No_PFAM_overlap
Q9HCE3	[743, 851]	No_PFAM_overlap
Q9HCE3	[865, 895]	No_PFAM_overlap
Q9HCE3	[1018, 1114]	No_PFAM_overlap
Q9NRM2	[159, 174]	No_PFAM_overlap
Q9NZV1	[22, 884]	Insulin-like growth factor binding protein
Q9UK10	[120, 705]	Zinc finger, C2H2 type
Q9UL49	[113, 129]	No_PFAM_overlap
Q9UL49	[212, 232]	No_PFAM_overlap
Q9UL49	[290, 344]	No_PFAM_overlap
Q9Y314	[193, 241]	No_PFAM_overlap
Q9Y330	[265, 288]	No_PFAM_overlap
Q9Y330	[325, 342]	No_PFAM_overlap
Q9Y330	[364, 442]	Zinc finger, C2H2 type
O15055	[573, 610]	No_PFAM_overlap
O15055	[748, 766]	No_PFAM_overlap
O60241	[309, 532]	Thrombospondin type 1 domain
O60241	[1213, 1283]	No_PFAM_overlap
O60241	[1316, 1343]	No_PFAM_overlap
O60811	[127, 150]	PRAME C-terminal domain
O96028	[661, 860]	Histone-lysine N-methyltransferase NSD-like, PHD zinc finger
O96028	[1179, 1206]	SET domain
O96028	[1236, 1331]	NSD Cys-His rich domain
P02545	[568, 596]	No_PFAM_overlap
P06681	[26, 166]	Sushi repeat (SCR repeat)
P06681	[461, 478]	Trypsin
P35858	[565, 604]	No_PFAM_overlap
P51452	[4, 31]	No_PFAM_overlap
P69849	[965, 984]	No_PFAM_overlap
Q14008	[584, 610]	XMAP215/Dis1/CLASP, TOG domain
Q14964	[189, 216]	No_PFAM_overlap
Q14993	[232, 285]	No_PFAM_overlap
Q5D1E8	[284, 336]	Zc3h12a-like Ribonuclease NYN domain
Q5HYC2	[497, 527]	No_PFAM_overlap
Q5HYC2	[539, 591]	No_PFAM_overlap
Q5HYC2	[1040, 1063]	No_PFAM_overlap
Q5HYC2	[1259, 1294]	No_PFAM_overlap
Q5TD97	[0, 216]	LIM domain
Q6NW40	[43, 62]	Repulsive guidance molecule (RGM) N-terminal domain
Q6NW40	[85, 164]	Repulsive guidance molecule (RGM) N-terminal domain
Q8IX03	[562, 579]	No_PFAM_overlap
Q8IX03	[611, 633]	No_PFAM_overlap
Q8IYR2	[136, 157]	No_PFAM_overlap
Q8IYR2	[213, 252]	SET domain
Q8IYR2	[565, 652]	SET domain
Q8N720	[201, 471]	Zinc finger, C2H2 type
Q96RI9	[0, 32]	No_PFAM_overlap
Q96SC8	[127, 142]	No_PFAM_overlap
Q99612	[198, 282]	Zinc finger, C2H2 type
Q9H7E2	[89, 111]	No_PFAM_overlap
Q9H7E2	[516, 539]	No_PFAM_overlap
Q9UPZ3	[704, 732]	HPS5 TPR domain
Q9Y238	[178, 263]	DLEC1 helical domain
Q9Y238	[1315, 1340]	No_PFAM_overlap
Q9Y4C0	[188, 257]	No_PFAM_overlap
Q9Y4C0	[628, 663]	No_PFAM_overlap
Q9Y4C0	[1032, 1083]	No_PFAM_overlap
O75751	[85, 134]	No_PFAM_overlap
P08709	[99, 205]	EGF-like domain
P23921	[774, 791]	No_PFAM_overlap
P32927	[217, 333]	No_PFAM_overlap
P52736	[50, 120]	No_PFAM_overlap
P52736	[199, 628]	Zinc finger, C2H2 type
Q08AG5	[118, 374]	Zinc finger, C2H2 type
Q08AG5	[412, 583]	No_PFAM_overlap
Q14624	[736, 760]	No_PFAM_overlap
Q4L235	[698, 718]	No_PFAM_overlap
Q5T1H1	[175, 413]	EGF-like domain
Q5T1H1	[515, 596]	No_PFAM_overlap
Q5T1H1	[627, 1281]	EGF-like domain
Q5T1H1	[1525, 1573]	No_PFAM_overlap
Q5T1H1	[1643, 1662]	No_PFAM_overlap
Q5T1H1	[2330, 2398]	No_PFAM_overlap
Q5T1H1	[2585, 2680]	EGF-like domain
Q5T1H1	[2880, 2942]	Human growth factor-like EGF
Q5T601	[97, 148]	No_PFAM_overlap
Q5VYX0	[274, 325]	Flavin containing amine oxidoreductase
Q6IQ16	[333, 354]	No_PFAM_overlap
Q6NT04	[435, 461]	No_PFAM_overlap
Q702N8	[221, 258]	No_PFAM_overlap
Q702N8	[717, 752]	No_PFAM_overlap
Q702N8	[853, 877]	No_PFAM_overlap
Q702N8	[904, 943]	No_PFAM_overlap
Q70EK9	[221, 241]	Zn-finger in ubiquitin-hydrolases and other protein
Q7RTY8	[463, 611]	Low-density lipoprotein receptor domain class A
Q86UV5	[41, 62]	No_PFAM_overlap
Q86UV5	[641, 728]	No_PFAM_overlap
Q86UV5	[829, 849]	No_PFAM_overlap
Q86VH2	[580, 639]	No_PFAM_overlap
Q8WY91	[325, 374]	No_PFAM_overlap
Q96CW6	[10, 70]	No_PFAM_overlap
Q9BXA9	[408, 479]	Zinc finger, C2H2 type
Q9BXA9	[662, 766]	Zinc finger, C2H2 type
Q9BXA9	[971, 1040]	Zinc-finger of C2H2 type
Q9BXA9	[1117, 1184]	Zinc finger, C2H2 type
Q9H6A9	[124, 155]	No_PFAM_overlap
Q9H6A9	[635, 674]	No_PFAM_overlap
Q9H6A9	[1412, 1436]	No_PFAM_overlap
Q9H799	[508, 549]	No_PFAM_overlap
Q9H799	[1636, 1705]	No_PFAM_overlap
Q9H8X9	[310, 338]	No_PFAM_overlap
Q9HCK8	[1916, 1935]	No_PFAM_overlap
Q9HCK8	[2146, 2161]	No_PFAM_overlap
Q9NXD2	[701, 767]	Myotubularin-associated protein
Q9P215	[366, 382]	No_PFAM_overlap
Q9Y2G7	[108, 384]	Zinc finger, C2H2 type
Q9Y2G7	[430, 518]	Zinc finger, C2H2 type
Q9Y2R2	[383, 398]	No_PFAM_overlap
Q9Y6J0	[561, 584]	No_PFAM_overlap
A8MUX0	[2, 230]	Keratin, high sulfur B2 protein
A8MUX0	[391, 481]	No_PFAM_overlap
O15403	[469, 490]	No_PFAM_overlap
O75509	[51, 211]	TNFR/NGFR cysteine-rich region
O95872	[206, 234]	No_PFAM_overlap
P08138	[26, 193]	TNFR/NGFR cysteine-rich region
Q13835	[187, 252]	No_PFAM_overlap
Q13835	[496, 539]	No_PFAM_overlap
Q16795	[18, 45]	No_PFAM_overlap
Q5FWF4	[823, 958]	No_PFAM_overlap
Q5JVF3	[14, 57]	No_PFAM_overlap
Q5VZL5	[331, 554]	Zinc finger MYM-type protein 4-like, TRASH domain
Q5VZL5	[776, 798]	No_PFAM_overlap
Q5VZL5	[844, 860]	MYM-type Zinc finger with FCS sequence motif
Q8IV20	[50, 67]	No_PFAM_overlap
Q8N1W2	[284, 496]	Zinc finger, C2H2 type
Q8N1W2	[554, 603]	Zinc finger, C2H2 type
Q8NB66	[1005, 1037]	No_PFAM_overlap
Q8TEU7	[92, 133]	No_PFAM_overlap
Q8TEU7	[247, 263]	No_PFAM_overlap
Q96GE5	[95, 642]	Zinc finger, C2H2 type
Q99435	[260, 815]	EGF domain
Q9BY31	[147, 193]	No_PFAM_overlap
Q9BY31	[255, 663]	Zinc finger, C2H2 type
Q9BY31	[721, 899]	Zinc finger, C2H2 type
Q9NP60	[561, 585]	TIR domain
Q9UIC8	[20, 37]	Leucine carboxyl methyltransferase
Q9Y2Y4	[368, 445]	Zinc-finger of C2H2 type
O14773	[512, 542]	No_PFAM_overlap
O43482	[66, 82]	Yippee zinc-binding/DNA-binding /Mis18, centromere assembly
P30530	[146, 252]	Fibronectin type III domain
P78385	[0, 51]	Keratin type II head
P78385	[376, 484]	Intermediate filament protein
Q12933	[19, 238]	TRAF2, second zinc finger
Q13241	[40, 67]	No_PFAM_overlap
Q14721	[672, 696]	Kv2 voltage-gated K+ channel
Q15973	[69, 350]	Zinc finger, C2H2 type
Q5H9R7	[498, 531]	SIT4 phosphatase-associated protein
Q7RTX7	[349, 392]	No_PFAM_overlap
Q86TL0	[419, 461]	No_PFAM_overlap
Q8WXH0	[1377, 1427]	No_PFAM_overlap
Q8WXH0	[1724, 1758]	No_PFAM_overlap
Q8WXH0	[4244, 4263]	No_PFAM_overlap
Q96AP0	[153, 245]	Shelterin complex subunit, TPP1/ACD
Q9H3R2	[172, 195]	No_PFAM_overlap
Q9H3R2	[317, 423]	SEA domain
Q9UGI9	[141, 170]	No_PFAM_overlap
Q9ULD9	[328, 377]	No_PFAM_overlap
Q9Y6B7	[569, 603]	No_PFAM_overlap
A0AAG2TVJ1	[131, 149]	No_PFAM_overlap
O00562	[552, 576]	No_PFAM_overlap
O15523	[168, 186]	No_PFAM_overlap
O43257	[94, 153]	HIT zinc finger
O75373	[101, 535]	Zinc finger, C2H2 type
P01213	[11, 109]	Vertebrate endogenous opioids neuropeptide
P01860	[103, 171]	Immunoglobulin C1-set domain
P17019	[101, 562]	Zinc finger, C2H2 type
Q10588	[265, 297]	ADP-ribosyl cyclase
Q13263	[111, 254]	zinc-RING finger domain
Q13769	[645, 673]	No_PFAM_overlap
Q14005	[295, 327]	PDZ domain
Q14181	[172, 200]	No_PFAM_overlap
Q15884	[29, 63]	No_PFAM_overlap
Q15884	[140, 180]	No_PFAM_overlap
Q495T6	[73, 97]	No_PFAM_overlap
Q5MCW4	[134, 359]	Zinc finger, C2H2 type
Q5MCW4	[380, 685]	Zinc finger, C2H2 type
Q5VST9	[496, 516]	No_PFAM_overlap
Q5VST9	[1263, 1400]	Immunoglobulin I-set domain
Q5VST9	[1506, 1703]	Immunoglobulin I-set domain
Q5VST9	[3251, 3465]	Immunoglobulin I-set domain
Q5VST9	[3715, 4008]	Immunoglobulin I-set domain
Q5VST9	[4131, 4159]	Immunoglobulin I-set domain
Q5VST9	[4689, 4711]	Immunoglobulin I-set domain
Q5VST9	[4954, 5028]	Immunoglobulin I-set domain
Q5VST9	[5093, 5128]	Immunoglobulin I-set domain
Q6IQ32	[204, 226]	No_PFAM_overlap
Q6UW15	[36, 53]	No_PFAM_overlap
Q8N859	[173, 441]	Zinc-finger double domain
Q96MF6	[46, 62]	No_PFAM_overlap
Q9UJ78	[244, 427]	MYM-type Zinc finger with FCS sequence motif
Q9Y4B6	[1000, 1028]	No_PFAM_overlap
A6NJZ7	[950, 971]	No_PFAM_overlap
A6NJZ7	[1194, 1220]	No_PFAM_overlap
A6NJZ7	[1367, 1384]	No_PFAM_overlap
C9JE40	[133, 151]	No_PFAM_overlap
O15535	[135, 156]	SCAN domain
O15535	[243, 393]	Zinc finger, C2H2 type
O60896	[10, 35]	No_PFAM_overlap
P04278	[203, 229]	Laminin G domain
P0CJ79	[213, 717]	Zinc finger, C2H2 type
P42701	[165, 213]	No_PFAM_overlap
Q32MH5	[19, 75]	No_PFAM_overlap
Q32MH5	[97, 114]	No_PFAM_overlap
Q32MH5	[234, 249]	No_PFAM_overlap
Q5VV52	[111, 306]	Zinc finger, C2H2 type
Q6PRD1	[61, 97]	No_PFAM_overlap
Q6PRD1	[290, 378]	GPR158/179 extracellular domain
Q7L3S4	[65, 314]	Zinc finger, C2H2 type
Q7Z7A3	[2, 26]	No_PFAM_overlap
Q86SP6	[424, 449]	No_PFAM_overlap
Q86SP6	[537, 554]	G-protein coupled receptor 149 middle domain
Q8N0U4	[0, 39]	No_PFAM_overlap
Q9BX84	[13, 48]	No_PFAM_overlap
Q9BX84	[1235, 1259]	No_PFAM_overlap
Q9BX84	[1442, 1479]	No_PFAM_overlap
Q9BX84	[1544, 1560]	No_PFAM_overlap
Q9BX84	[1622, 1666]	No_PFAM_overlap
Q9BX84	[1967, 2000]	Alpha-kinase family
Q9C0B9	[1009, 1026]	No_PFAM_overlap
Q9UBM4	[116, 147]	No_PFAM_overlap
Q9UDY8	[711, 738]	MALT1 Ig-like domain
O00534	[613, 655]	No_PFAM_overlap
O95633	[25, 238]	Follistatin/Osteonectin-like EGF domain
O96018	[362, 397]	PDZ domain
P16112	[2281, 2373]	Lectin C-type domain
P28698	[356, 458]	Zinc finger, C2H2 type
P28698	[483, 729]	Zinc finger, C2H2 type
P52739	[307, 393]	Zinc-finger of C2H2 type
Q08AF3	[0, 27]	No_PFAM_overlap
Q08AF3	[357, 372]	No_PFAM_overlap
Q14563	[502, 587]	No_PFAM_overlap
Q15413	[1275, 1312]	No_PFAM_overlap
Q2M385	[357, 381]	No_PFAM_overlap
Q2M385	[544, 560]	No_PFAM_overlap
Q2NKQ1	[674, 697]	No_PFAM_overlap
Q2TAL8	[42, 71]	No_PFAM_overlap
Q6UXM1	[43, 68]	No_PFAM_overlap
Q6UXM1	[880, 1003]	No_PFAM_overlap
Q6ZNI0	[36, 86]	No_PFAM_overlap
Q7L7V1	[714, 742]	No_PFAM_overlap
Q8IZF6	[2381, 2443]	No_PFAM_overlap
Q8NBF1	[187, 206]	No_PFAM_overlap
Q8NBF1	[280, 345]	Zinc finger, C2H2 type
Q8TEQ6	[3, 23]	No_PFAM_overlap
Q8TEQ6	[850, 881]	No_PFAM_overlap
Q96NW4	[401, 442]	No_PFAM_overlap
Q96NW4	[694, 748]	Ankyrin repeats (3 copies)
Q9HC57	[72, 198]	WAP-type (Whey Acidic Protein) 'four-disulfide core'
Q9NQZ8	[122, 488]	Zinc finger, C2H2 type
Q9UFP1	[232, 259]	FAM198 protein
Q59H18	[751, 777]	No_PFAM_overlap
Q6UXK5	[25, 45]	No_PFAM_overlap
Q6ZQX7	[187, 215]	Protein LIAT1
Q8IUA0	[38, 240]	WAP-type (Whey Acidic Protein) 'four-disulfide core'
Q8N141	[152, 374]	Zinc finger, C2H2 type
Q8N141	[442, 531]	Zinc finger, C2H2 type
Q8N895	[240, 261]	Zinc finger, C2H2 type
Q8N895	[275, 456]	Zinc finger, C2H2 type
Q8WYA1	[268, 314]	No_PFAM_overlap
Q92743	[35, 152]	Kazal-type serine protease inhibitor domain
Q96G61	[4, 20]	NUDIX domain
Q96SE7	[124, 168]	No_PFAM_overlap
Q96SE7	[201, 219]	No_PFAM_overlap
Q96SE7	[240, 441]	Zinc finger, C2H2 type
Q96SE7	[456, 838]	Zinc finger, C2H2 type
Q96SL8	[20, 125]	Zinc finger, C2H2 type
Q96SL8	[195, 248]	Zinc finger, C2H2 type
Q96SL8	[330, 379]	No_PFAM_overlap
Q96SL8	[411, 495]	Zinc finger, C2H2 type
Q9BYP7	[1209, 1239]	No_PFAM_overlap
Q9BYP7	[1254, 1277]	No_PFAM_overlap
Q9ULV3	[586, 715]	Zinc-finger double-stranded RNA-binding
Q9ULV3	[787, 841]	No_PFAM_overlap
Q9Y263	[0, 21]	No_PFAM_overlap
A4D1E1	[424, 451]	ZNF804A small beta sheet domain
A4D1E1	[469, 490]	ZNF804A small beta sheet domain
A4D1E1	[601, 670]	No_PFAM_overlap
A4D1E1	[729, 900]	No_PFAM_overlap
A4D1E1	[1323, 1343]	No_PFAM_overlap
O14686	[126, 362]	PHD-finger
O14686	[1463, 1567]	PHD-finger
O14815	[21, 52]	Calpain family cysteine protease
P00748	[48, 301]	Fibronectin type I domain
P00750	[27, 244]	Fibronectin type I domain
P17025	[165, 273]	Zinc finger, C2H2 type
P17025	[314, 622]	Zinc finger, C2H2 type
P22570	[0, 28]	No_PFAM_overlap
P22570	[332, 357]	No_PFAM_overlap
P26232	[823, 862]	Vinculin family
P49759	[146, 161]	Protein kinase domain
Q13158	[83, 98]	Death effector domain
Q15695	[162, 231]	Zinc finger C-x8-C-x5-C-x3-H type (and similar)
Q6PJE2	[126, 178]	ZP-C domain
Q6Q0C0	[118, 169]	RING-type zinc-finger
Q6Q0C0	[196, 297]	No_PFAM_overlap
Q709C8	[3700, 3737]	Intermembrane lipid transfer protein VPS13, C-terminal
Q711Q0	[23, 66]	No_PFAM_overlap
Q7RTU9	[315, 361]	No_PFAM_overlap
Q7RTU9	[494, 525]	No_PFAM_overlap
Q7RTU9	[1107, 1129]	No_PFAM_overlap
Q7RTU9	[1429, 1479]	No_PFAM_overlap
Q7Z736	[670, 720]	No_PFAM_overlap
Q86SJ2	[29, 50]	No_PFAM_overlap
Q86VR7	[331, 617]	Immunoglobulin domain
Q86XP0	[681, 703]	No_PFAM_overlap
Q8N3F9	[379, 396]	No_PFAM_overlap
Q8NEZ4	[120, 166]	No_PFAM_overlap
Q8NEZ4	[327, 355]	PHD-like zinc-binding domain
Q8NEZ4	[373, 536]	PHD-finger
Q8NEZ4	[1045, 1167]	PHD-finger
Q8NEZ4	[4213, 4258]	No_PFAM_overlap
Q8NEZ4	[4885, 4910]	SET domain
Q93070	[283, 302]	No_PFAM_overlap
Q96G91	[317, 336]	No_PFAM_overlap
Q9P2S2	[178, 287]	Laminin G domain
Q9P2S2	[681, 712]	No_PFAM_overlap
Q9P2S2	[1088, 1119]	No_PFAM_overlap
Q9UF02	[210, 226]	No_PFAM_overlap
Q9ULK6	[252, 281]	Ring finger domain
Q9ULK6	[317, 339]	Ring finger domain
Q9Y5Z0	[441, 468]	No_PFAM_overlap
A6NDA9	[22, 48]	No_PFAM_overlap
P11161	[344, 419]	Zinc finger, C2H2 type
P21817	[810, 858]	RyR domain
P21817	[4946, 4969]	Ion transport protein
P23467	[1674, 1691]	No_PFAM_overlap
P23467	[1711, 1739]	Protein-tyrosine phosphatase
P41182	[508, 608]	Zinc finger, C2H2 type
P41182	[645, 688]	Zinc finger, C2H2 type
P51884	[22, 56]	No_PFAM_overlap
P52732	[836, 865]	No_PFAM_overlap
Q02386	[124, 219]	Zinc finger, C2H2 type
Q02386	[237, 665]	Zinc finger, C2H2 type
Q16787	[291, 726]	Laminin EGF domain
Q16787	[1249, 1470]	Laminin EGF domain
Q16787	[1649, 1840]	Laminin EGF domain
Q5VTD9	[122, 326]	Zinc finger, C2H2 type
Q6DD87	[65, 183]	Zinc-finger double domain
Q6DD87	[274, 292]	No_PFAM_overlap
Q6VUC0	[170, 210]	No_PFAM_overlap
Q8N8L2	[25, 436]	Zinc finger, C2H2 type
Q8NFP0	[12, 33]	No_PFAM_overlap
Q8WWF6	[112, 134]	No_PFAM_overlap
Q92674	[740, 755]	No_PFAM_overlap
Q96AQ8	[122, 155]	No_PFAM_overlap
Q99758	[866, 887]	No_PFAM_overlap
Q9H501	[484, 503]	ESF1 RRM domain
Q9H8K7	[208, 244]	No_PFAM_overlap
Q9H8K7	[299, 383]	No_PFAM_overlap
Q9H8W5	[0, 47]	RING-type zinc-finger
Q9H8W5	[82, 240]	B-box zinc finger
Q9H8W5	[358, 408]	Filamin/ABP280 repeat
Q9H8W5	[505, 577]	No_PFAM_overlap
Q9HBF4	[14, 117]	ANCHR-like B-box zinc-binding domain
Q9HBF4	[408, 473]	No_PFAM_overlap
Q9HC84	[231, 434]	C8 domain
Q9HC84	[552, 872]	C8 domain
Q9HC84	[1035, 1268]	C8 domain
Q9HC84	[2960, 2977]	Mucin-2 protein WxxW repeating region
Q9HC84	[4216, 4236]	Mucin-2 protein WxxW repeating region
Q9HC84	[4927, 4993]	No_PFAM_overlap
Q9HC84	[5008, 5064]	No_PFAM_overlap
Q9HC84	[5280, 5752]	C8 domain
Q9NZL3	[160, 706]	Zinc finger, C2H2 type
Q9P0J1	[0, 85]	No_PFAM_overlap
Q9UJL9	[155, 200]	No_PFAM_overlap
Q9UJL9	[284, 371]	Zinc-finger double domain
Q9UJL9	[382, 533]	Zinc finger, C2H2 type
Q9UKZ4	[979, 994]	No_PFAM_overlap
Q9UM47	[42, 1321]	EGF-like domain
Q9UM47	[1331, 1502]	LNR domain
Q9UM47	[1787, 1828]	Ankyrin repeats (3 copies)
P04196	[82, 115]	Cystatin domain
P04196	[231, 253]	No_PFAM_overlap
P0C7A2	[0, 24]	No_PFAM_overlap
P17813	[18, 53]	TGFBR3-like, N-terminal domain
Q14203	[1231, 1259]	No_PFAM_overlap
Q14929	[76, 94]	No_PFAM_overlap
Q14929	[224, 596]	Zinc finger, C2H2 type
Q6P179	[495, 521]	Peptidase family M1 domain
Q6P1L6	[134, 170]	No_PFAM_overlap
Q6P1L6	[238, 598]	Zinc finger, C2H2 type
Q6RFH5	[38, 57]	No_PFAM_overlap
Q6UWX4	[46, 65]	Folate receptor family
Q86VH4	[27, 58]	No_PFAM_overlap
Q86VH4	[333, 370]	No_PFAM_overlap
Q86X76	[28, 64]	Carbon-nitrogen hydrolase
Q8IZD2	[454, 480]	No_PFAM_overlap
Q8IZD2	[1070, 1089]	No_PFAM_overlap
Q8IZD2	[1103, 1129]	No_PFAM_overlap
Q8NCD3	[255, 277]	Holliday junction recognition protein-associated repeat
Q8WXI4	[199, 225]	No_PFAM_overlap
Q96EB6	[497, 519]	No_PFAM_overlap
Q96QE5	[19, 57]	No_PFAM_overlap
Q96QE5	[126, 151]	Helix-hairpin-helix motif
Q9GZU2	[430, 589]	Zinc finger, C2H2 type
Q9GZU2	[602, 654]	Zinc finger, C2H2 type
Q9GZU2	[946, 990]	Zinc finger, C2H2 type
Q9GZU2	[1000, 1042]	No_PFAM_overlap
Q9GZU2	[1104, 1358]	Zinc finger, C2H2 type
Q9GZU2	[1504, 1587]	Zinc finger, C2H2 type
Q9H8Y5	[65, 97]	No_PFAM_overlap
Q9NSB4	[434, 491]	No_PFAM_overlap
Q9NZP8	[182, 251]	Trypsin
Q9NZV8	[557, 595]	No_PFAM_overlap
Q9UDR5	[331, 413]	No_PFAM_overlap
Q9UHF7	[556, 642]	Trps1 zinc finger C2H2-type 5
Q9UHF7	[663, 720]	No_PFAM_overlap
Q9UHF7	[1233, 1271]	No_PFAM_overlap
Q9Y2D8	[28, 59]	No_PFAM_overlap
A6NC86	[65, 203]	u-PAR/Ly-6 domain
A6PVC2	[582, 617]	No_PFAM_overlap
A6PVC2	[766, 838]	No_PFAM_overlap
O60312	[433, 458]	No_PFAM_overlap
O60312	[613, 630]	No_PFAM_overlap
O60312	[933, 950]	No_PFAM_overlap
O60524	[670, 691]	No_PFAM_overlap
O95977	[324, 341]	No_PFAM_overlap
P01344	[19, 36]	No_PFAM_overlap
Q13506	[86, 126]	No_PFAM_overlap
Q15155	[965, 984]	No_PFAM_overlap
Q5VTA0	[458, 473]	PRAME C-terminal domain
Q8N6G6	[467, 846]	Thrombospondin type 1 domain
Q8N6G6	[1496, 1760]	Thrombospondin type 1 domain
Q8NFN8	[729, 770]	No_PFAM_overlap
Q8TCC3	[134, 157]	No_PFAM_overlap
Q8TE60	[0, 54]	No_PFAM_overlap
Q8TE60	[494, 511]	Reprolysin (M12B) family zinc metalloprotease
Q8TE60	[901, 1220]	PLAC (protease and lacunin) domain
Q969H4	[197, 263]	No_PFAM_overlap
Q969H4	[395, 410]	PH domain
Q9BZG1	[23, 43]	No_PFAM_overlap
Q9BZG1	[242, 258]	No_PFAM_overlap
Q9H7D7	[639, 660]	WD domain, G-beta repeat
Q9H7L2	[273, 351]	Immunoglobulin domain
Q9H7R5	[148, 677]	Zinc finger, C2H2 type
Q9HC38	[14, 32]	No_PFAM_overlap
Q9UNS1	[545, 606]	No_PFAM_overlap
Q9UPX6	[109, 179]	No_PFAM_overlap
B2RTY4	[723, 740]	No_PFAM_overlap
B2RTY4	[755, 786]	No_PFAM_overlap
B2RTY4	[1170, 1223]	No_PFAM_overlap
B4DU55	[177, 562]	Zinc finger, C2H2 type
O75382	[10, 176]	Zinc finger, C3HC4 type (RING finger)
P23771	[260, 361]	GATA zinc finger
P60370	[0, 47]	No_PFAM_overlap
Q07866	[421, 473]	Tetratricopeptide repeat
Q14258	[0, 210]	RING-type zinc-finger
Q63HR2	[633, 716]	No_PFAM_overlap
Q63HR2	[745, 779]	No_PFAM_overlap
Q63HR2	[1237, 1308]	Phosphotyrosine-binding domain
Q6PII5	[225, 289]	No_PFAM_overlap
Q6ZMJ4	[183, 204]	Interleukin 34
Q8NFV5	[89, 119]	No_PFAM_overlap
Q96A37	[25, 218]	Drought induced 19 protein (Di19), zinc-binding
Q96NS5	[233, 320]	Ankyrin repeat
Q96Q06	[254, 322]	No_PFAM_overlap
Q99697	[0, 25]	No_PFAM_overlap
Q9BX67	[214, 239]	Immunoglobulin domain
Q9H3V2	[183, 199]	CD20-like family
Q9H4P4	[83, 145]	USP8 interacting
Q9P2Y4	[59, 110]	Zinc finger, C2H2 type
Q9P2Y4	[163, 209]	No_PFAM_overlap
Q9P2Y4	[270, 324]	Zinc finger, C2H2 type
Q9P2Y4	[494, 548]	Zinc finger, C2H2 type
Q9UDV6	[412, 476]	Zinc finger, C2H2 type
Q9Y6T7	[739, 803]	Diacylglycerol kinase accessory domain
A0AAQ5BID4	[0, 24]	No_PFAM_overlap
O00305	[85, 116]	Voltage gated calcium channel subunit beta domain 4Aa N terminal
O43255	[71, 173]	E3 ubiquitin-protein ligase sina/sinah, RING finger
O60902	[186, 215]	Homeodomain
P00734	[84, 302]	Vitamin K-dependent carboxylation/gamma-carboxyglutamic (GLA) domain
P05556	[398, 416]	No_PFAM_overlap
P05556	[455, 694]	Integrin beta epidermal growth factor like domain 1
P0CF97	[59, 111]	No_PFAM_overlap
P28300	[199, 221]	Lysyl oxidase
P47883	[308, 333]	No_PFAM_overlap
P51815	[352, 501]	Zinc finger, C2H2 type
P60508	[31, 66]	No_PFAM_overlap
P60508	[109, 170]	No_PFAM_overlap
Q6UW60	[585, 676]	No_PFAM_overlap
Q6ZNA5	[171, 211]	No_PFAM_overlap
Q6ZVD7	[204, 271]	No_PFAM_overlap
Q8IYB7	[140, 168]	No_PFAM_overlap
Q8NFR9	[64, 94]	No_PFAM_overlap
Q92754	[185, 219]	No_PFAM_overlap
Q96F83	[264, 324]	Clathrin-binding box of Aftiphilin, vesicle trafficking
Q96RI1	[78, 225]	Double treble clef zinc finger, C4 type
Q9BX74	[38, 111]	No_PFAM_overlap
Q9H2U9	[340, 575]	Disintegrin
Q9H2U9	[613, 664]	No_PFAM_overlap
Q9H324	[464, 640]	Thrombospondin type 1 domain
Q9H324	[1000, 1102]	PLAC (protease and lacunin) domain
Q9P255	[57, 530]	Zinc finger, C2H2 type
Q9P2J2	[1130, 1159]	No_PFAM_overlap
A6NMB9	[377, 403]	No_PFAM_overlap
A6NMB9	[589, 641]	No_PFAM_overlap
B1AKI9	[215, 297]	Thrombospondin type 1 domain
O60603	[23, 48]	No_PFAM_overlap
P06239	[0, 23]	No_PFAM_overlap
P06732	[135, 153]	No_PFAM_overlap
P08631	[230, 252]	No_PFAM_overlap
P0DUQ1	[129, 144]	No_PFAM_overlap
P20023	[204, 224]	Sushi repeat (SCR repeat)
P20023	[331, 356]	Sushi repeat (SCR repeat)
P20023	[646, 670]	Sushi repeat (SCR repeat)
P21675	[1174, 1210]	No_PFAM_overlap
P28370	[156, 175]	No_PFAM_overlap
P36980	[100, 215]	Sushi repeat (SCR repeat)
P55001	[144, 182]	Microfibril-associated glycoprotein (MAGP)
Q3KQV3	[120, 180]	No_PFAM_overlap
Q3KQV3	[206, 592]	Zinc finger, C2H2 type
Q66K89	[46, 86]	No_PFAM_overlap
Q66K89	[122, 146]	No_PFAM_overlap
Q66K89	[203, 286]	Zinc finger, C2H2 type
Q66K89	[451, 624]	Zinc finger, C2H2 type
Q68DX3	[728, 755]	No_PFAM_overlap
Q68DX3	[1257, 1308]	No_PFAM_overlap
Q6NSZ9	[126, 144]	No_PFAM_overlap
Q6NSZ9	[338, 534]	Zinc finger, C2H2 type
Q6NVV9	[333, 401]	No_PFAM_overlap
Q6UXH1	[29, 46]	No_PFAM_overlap
Q6UXH1	[117, 326]	Calcium-binding EGF domain
Q8IUN9	[119, 148]	Hepatic lectin, N-terminal domain
Q8IUN9	[159, 184]	No_PFAM_overlap
Q8IWB6	[1220, 1254]	No_PFAM_overlap
Q8WUT4	[546, 597]	Fibronectin type III domain
Q92613	[162, 227]	PHD-finger
Q96JN8	[1316, 1406]	No_PFAM_overlap
Q96JX3	[0, 15]	No_PFAM_overlap
Q9H694	[414, 448]	Protein bicaudal C homolog 1, KH-like domain
Q9H694	[464, 480]	No_PFAM_overlap
Q9H694	[846, 881]	SAM domain (Sterile alpha motif)
Q9H7X3	[124, 373]	Zinc finger, C2H2 type
Q9NQ30	[16, 160]	Insulin-like growth factor binding protein
O14753	[98, 255]	Zinc-finger double domain
O43345	[118, 405]	C2H2-type zinc finger
O43345	[421, 897]	Zinc-finger double domain
O43345	[924, 1127]	Zinc-finger double domain
O43345	[1214, 1233]	Zinc finger, C2H2 type
P17612	[332, 350]	No_PFAM_overlap
P24001	[21, 49]	No_PFAM_overlap
Q14500	[353, 387]	Inward rectifier potassium channel C-terminal domain
Q15916	[284, 312]	No_PFAM_overlap
Q15916	[332, 411]	Zinc finger, C2H2 type
Q2VWP7	[705, 722]	No_PFAM_overlap
Q5VYJ5	[23, 103]	MAM domain, meprin/A5/mu
Q5VYJ5	[212, 290]	MAM domain, meprin/A5/mu
Q5VYJ5	[627, 657]	MAM domain, meprin/A5/mu
Q5VYJ5	[1250, 1332]	MAM domain, meprin/A5/mu
Q5VYJ5	[1451, 1539]	MAM domain, meprin/A5/mu
Q5VYJ5	[1898, 2073]	EGF-like domain
Q6S5L8	[389, 469]	No_PFAM_overlap
Q70CQ2	[3482, 3543]	No_PFAM_overlap
Q8IWS0	[208, 230]	No_PFAM_overlap
Q8N1N0	[559, 576]	Lectin C-type domain
Q8N3T6	[1070, 1097]	No_PFAM_overlap
Q8N819	[395, 410]	Protein serine/threonine phosphatase 2C, C-terminal domain
Q8WXB4	[205, 221]	No_PFAM_overlap
Q8WXB4	[416, 791]	Zinc finger, C2H2 type
Q9BYM8	[443, 509]	No_PFAM_overlap
Q9GZV8	[387, 570]	Zinc finger, C2H2 type
Q9NQV5	[1, 63]	No_PFAM_overlap
Q9NQV5	[362, 382]	No_PFAM_overlap
Q9UHI8	[432, 640]	Thrombospondin type 1 domain
Q9ULP9	[0, 20]	No_PFAM_overlap
Q9Y4A8	[652, 681]	No_PFAM_overlap
O14917	[1000, 1025]	No_PFAM_overlap
O75928	[406, 426]	No_PFAM_overlap
P23229	[75, 145]	No_PFAM_overlap
P25942	[9, 182]	TNFR/NGFR cysteine-rich region
P40197	[17, 40]	No_PFAM_overlap
P48742	[0, 124]	LIM domain
P50993	[346, 365]	No_PFAM_overlap
Q03936	[111, 544]	Zinc finger, C2H2 type
Q03936	[557, 585]	No_PFAM_overlap
Q13275	[540, 584]	No_PFAM_overlap
Q13275	[730, 753]	No_PFAM_overlap
Q14119	[63, 104]	Zinc finger, C2H2 type
Q14119	[168, 335]	Zinc finger, C2H2 type
Q14469	[96, 117]	Hairy Orange
Q15323	[0, 62]	Intermediate filament protein
Q15323	[371, 415]	No_PFAM_overlap
Q15915	[292, 383]	Zinc finger, C2H2 type
Q5SNV9	[439, 460]	No_PFAM_overlap
Q5SNV9	[657, 684]	No_PFAM_overlap
Q8IZF7	[28, 159]	ADGRF2P-like, N-terminal domain
Q8NAA4	[267, 284]	No_PFAM_overlap
Q96HC4	[409, 426]	LIM domain
Q9BYV2	[0, 15]	No_PFAM_overlap
Q9H091	[237, 264]	No_PFAM_overlap
Q9H2P0	[205, 222]	No_PFAM_overlap
Q9NTQ9	[210, 232]	No_PFAM_overlap
Q9Y2T1	[510, 564]	No_PFAM_overlap
A8MZ59	[169, 197]	No_PFAM_overlap
O15228	[633, 679]	Glycerol-3-phosphate acyltransferase C-terminal region
O75335	[551, 583]	No_PFAM_overlap
O94822	[1732, 1765]	No_PFAM_overlap
O94921	[11, 54]	No_PFAM_overlap
P01130	[19, 387]	Calcium-binding EGF domain
P07942	[273, 547]	Laminin EGF domain
P07942	[766, 1178]	Laminin EGF domain
P07942	[1415, 1446]	No_PFAM_overlap
P32298	[28, 68]	Regulator of G protein signaling domain
P32298	[558, 577]	No_PFAM_overlap
P78536	[404, 647]	Membrane-proximal domain, switch, for ADAM17
Q13105	[297, 592]	C2H2-type zinc finger
Q14094	[276, 304]	No_PFAM_overlap
Q14094	[324, 343]	No_PFAM_overlap
Q14586	[92, 157]	No_PFAM_overlap
Q14586	[244, 742]	Zinc finger, C2H2 type
Q2M3W8	[225, 570]	C2H2-type zinc finger
Q53H12	[5, 29]	No_PFAM_overlap
Q58EX7	[159, 182]	No_PFAM_overlap
Q58EX7	[677, 704]	No_PFAM_overlap
Q58EX7	[1091, 1132]	No_PFAM_overlap
Q6NUI6	[27, 51]	No_PFAM_overlap
Q6NUI6	[402, 440]	No_PFAM_overlap
Q6NUI6	[691, 719]	No_PFAM_overlap
Q6SJ93	[39, 88]	FAM111, N-terminal domain
Q8N944	[474, 511]	No_PFAM_overlap
Q8N966	[73, 106]	DHHC palmitoyltransferase
Q8TDF6	[35, 71]	No_PFAM_overlap
Q8WX94	[955, 979]	No_PFAM_overlap
Q96P50	[570, 597]	No_PFAM_overlap
Q99973	[7, 186]	TEP1 N-terminal domain
Q99973	[1489, 1505]	No_PFAM_overlap
Q99973	[2478, 2497]	No_PFAM_overlap
Q9BR84	[77, 207]	No_PFAM_overlap
Q9BR84	[311, 537]	Zinc finger, C2H2 type
Q9H2Y7	[13, 41]	No_PFAM_overlap
Q9H4Q4	[233, 316]	Zinc finger, C2H2 type
Q9UKX7	[150, 165]	No_PFAM_overlap
Q9Y4E5	[129, 171]	First Zinc fingers C2H2 type, ZNF451
Q9Y4E5	[409, 478]	No_PFAM_overlap
Q9Y4E5	[595, 654]	No_PFAM_overlap
Q9Y4E5	[710, 733]	No_PFAM_overlap
Q9Y4E5	[1000, 1023]	PIN like domain
O43278	[320, 454]	Low-density lipoprotein receptor domain class A
O95744	[26, 73]	No_PFAM_overlap
O95744	[232, 296]	No_PFAM_overlap
P21709	[211, 425]	Ephrin cysteine rich domain
P29375	[332, 353]	PHD-finger
P29375	[1598, 1689]	No_PFAM_overlap
P49590	[23, 42]	No_PFAM_overlap
Q6ECI4	[218, 716]	Zinc finger, C2H2 type
Q6ZN19	[74, 152]	Zinc finger, C2H2 type
Q6ZN19	[164, 321]	Zinc finger, C2H2 type
Q6ZN19	[332, 406]	Zinc finger, C2H2 type
Q6ZN19	[473, 792]	Zinc finger, C2H2 type
Q8IVQ6	[211, 230]	DHHC palmitoyltransferase
Q8IWU5	[429, 521]	No_PFAM_overlap
Q8IWU5	[713, 748]	No_PFAM_overlap
Q8NBS3	[59, 94]	No_PFAM_overlap
Q8TD86	[0, 26]	No_PFAM_overlap
Q8TE57	[151, 191]	Reprolysin family propeptide
Q8TE57	[222, 272]	No_PFAM_overlap
Q8TE57	[540, 675]	ADAMTS cysteine-rich domain
Q8TE57	[1000, 1121]	Thrombospondin type 1 domain
Q92889	[396, 414]	No_PFAM_overlap
Q92908	[382, 483]	GATA zinc finger
Q9BTV6	[0, 15]	No_PFAM_overlap
Q9BTV6	[417, 447]	No_PFAM_overlap
Q9BUZ4	[0, 269]	TRAF-type zinc finger
Q9BV73	[214, 235]	No_PFAM_overlap
Q9BXM9	[305, 324]	No_PFAM_overlap
Q9HAU0	[75, 121]	WW domain
Q9ULK2	[36, 91]	No_PFAM_overlap
Q9ULK2	[103, 125]	No_PFAM_overlap
Q9ULK2	[455, 471]	No_PFAM_overlap
A6NM28	[148, 369]	Zinc finger, C2H2 type
A6NMS7	[823, 864]	No_PFAM_overlap
A6NMS7	[1043, 1073]	No_PFAM_overlap
O14775	[0, 52]	No_PFAM_overlap
O43361	[116, 152]	No_PFAM_overlap
O43361	[284, 751]	C2H2 zinc finger
P0C7P0	[45, 111]	Iron-binding zinc finger CDGSH type
P47989	[138, 204]	[2Fe-2S] binding domain
P47989	[565, 594]	Aldehyde oxidase and xanthine dehydrogenase, a/b hammerhead domain
P47989	[1302, 1332]	No_PFAM_overlap
P60852	[206, 273]	No_PFAM_overlap
Q14689	[923, 952]	No_PFAM_overlap
Q3B726	[17, 44]	No_PFAM_overlap
Q69YH5	[318, 375]	No_PFAM_overlap
Q69YH5	[741, 794]	No_PFAM_overlap
Q6N021	[1260, 1317]	Oxygenase domain of the 2OGFeDO superfamily
Q6ZN68	[335, 369]	No_PFAM_overlap
Q6ZNJ1	[704, 739]	No_PFAM_overlap
Q96NX5	[380, 437]	No_PFAM_overlap
Q9BQI6	[762, 805]	No_PFAM_overlap
Q9HCZ1	[199, 679]	C2H2-type zinc finger
Q9HD23	[52, 70]	No_PFAM_overlap
Q9NPC8	[117, 134]	Homeodomain
Q9NX38	[74, 99]	No_PFAM_overlap
Q9UF12	[0, 17]	No_PFAM_overlap
Q9UII5	[24, 560]	Zinc finger, C2H2 type
Q9UII5	[601, 782]	Zinc finger, C2H2 type
Q9Y5F3	[764, 783]	Cadherin cytoplasmic C-terminal
A6NFC9	[199, 238]	No_PFAM_overlap
O94892	[117, 144]	No_PFAM_overlap
O94892	[195, 496]	Zinc finger, C2H2 type
O94892	[534, 646]	Zinc finger, C2H2 type
P05155	[125, 140]	No_PFAM_overlap
P10643	[18, 147]	Thrombospondin type 1 domain
P10643	[449, 520]	Thrombospondin type 1 domain
P10643	[540, 582]	Sushi repeat (SCR repeat)
P10643	[644, 842]	Sushi repeat (SCR repeat)
P12110	[242, 258]	No_PFAM_overlap
P12110	[590, 608]	No_PFAM_overlap
P12110	[802, 819]	No_PFAM_overlap
P55290	[673, 693]	Cadherin domain
Q05481	[114, 1179]	Zinc finger, C2H2 type
Q05516	[378, 432]	No_PFAM_overlap
Q05516	[502, 669]	C2H2-type zinc finger
Q13351	[277, 361]	Zinc finger, C2H2 type
Q3MIS6	[102, 131]	No_PFAM_overlap
Q3MIS6	[172, 627]	Zinc finger, C2H2 type
Q6P9A3	[130, 639]	Zinc finger, C2H2 type
Q6UWV7	[141, 172]	No_PFAM_overlap
Q6UXZ4	[261, 390]	Thrombospondin type 1 domain
Q6ZT07	[949, 977]	No_PFAM_overlap
Q6ZT07	[1000, 1021]	No_PFAM_overlap
Q8NC26	[28, 68]	KRAB box
Q8NC26	[248, 278]	No_PFAM_overlap
Q8NC26	[290, 416]	Zinc finger, C2H2 type
Q8TE82	[384, 412]	No_PFAM_overlap
Q8TE82	[437, 498]	No_PFAM_overlap
Q92466	[43, 67]	No_PFAM_overlap
Q9BVI4	[492, 515]	No_PFAM_overlap
Q9BYC2	[10, 38]	No_PFAM_overlap
Q9BYC2	[489, 515]	Coenzyme A transferase
Q9H1U4	[195, 448]	Laminin/attractin EGF domain
Q9H4B6	[238, 264]	No_PFAM_overlap
Q9HB63	[254, 480]	Laminin/attractin EGF domain
Q9UGR2	[131, 161]	No_PFAM_overlap
Q9UGR2	[404, 499]	No_PFAM_overlap
Q9UGR2	[562, 582]	No_PFAM_overlap
Q9UGR2	[681, 723]	No_PFAM_overlap
Q9UGR2	[754, 784]	No_PFAM_overlap
Q9UGR2	[871, 919]	Zinc finger C-x8-C-x5-C-x3-H type (and similar)
A6NM11	[823, 864]	No_PFAM_overlap
A6NM11	[1043, 1073]	No_PFAM_overlap
O60673	[189, 204]	No_PFAM_overlap
O60673	[1390, 1441]	No_PFAM_overlap
O75044	[334, 370]	No_PFAM_overlap
O75044	[467, 503]	No_PFAM_overlap
O75147	[1034, 1063]	No_PFAM_overlap
O75369	[2179, 2198]	Filamin/ABP280 repeat
O75369	[2490, 2524]	Filamin/ABP280 repeat
O94842	[571, 614]	No_PFAM_overlap
P24821	[36, 60]	No_PFAM_overlap
P24821	[90, 633]	Tenascin EGF domain
P42694	[0, 20]	No_PFAM_overlap
P42694	[149, 208]	Zinc finger C-x8-C-x5-C-x3-H type (and similar)
P52735	[134, 174]	No_PFAM_overlap
P52735	[559, 614]	Phorbol esters/diacylglycerol binding domain (C1 domain)
P52735	[637, 666]	Variant SH3 domain
P63241	[0, 17]	Translation initiation factor 5A-like, N-terminal
P78325	[150, 192]	No_PFAM_overlap
P78325	[301, 650]	ADAM cysteine-rich
Q15572	[13, 31]	No_PFAM_overlap
Q16842	[46, 89]	No_PFAM_overlap
Q17R60	[674, 755]	No_PFAM_overlap
Q4VX76	[278, 310]	No_PFAM_overlap
Q5JVG8	[102, 443]	C2H2-type zinc finger
Q8IWN7	[352, 414]	No_PFAM_overlap
Q8IWN7	[1106, 1176]	No_PFAM_overlap
Q8IYD2	[320, 349]	KLHDC2/KLHL20/DRC7 Kelch-repeats domain
Q8N9U0	[0, 91]	No_PFAM_overlap
Q8TAP6	[474, 523]	CEP76 peptidase-like domain
Q969U6	[272, 298]	No_PFAM_overlap
Q96B18	[0, 16]	No_PFAM_overlap
Q96QT4	[0, 37]	No_PFAM_overlap
Q96QT4	[1147, 1167]	No_PFAM_overlap
Q96QT4	[1283, 1305]	No_PFAM_overlap
Q9H3R0	[608, 693]	No_PFAM_overlap
Q9P0T4	[79, 190]	C2H2-type zinc finger
Q9ULJ7	[0, 51]	No_PFAM_overlap
A6NER0	[467, 500]	No_PFAM_overlap
B2RXF5	[287, 419]	Zinc finger, C2H2 type
O94964	[633, 657]	No_PFAM_overlap
O94964	[682, 706]	No_PFAM_overlap
O94964	[1275, 1318]	No_PFAM_overlap
O94964	[1334, 1357]	No_PFAM_overlap
O94964	[1515, 1536]	No_PFAM_overlap
P0DTL6	[126, 242]	E3 ubiquitin-protein ligase sina/sinah, RING finger
P49116	[242, 264]	No_PFAM_overlap
Q02487	[662, 685]	No_PFAM_overlap
Q02487	[765, 828]	No_PFAM_overlap
Q0D2K2	[235, 261]	BTB And C-terminal Kelch
Q3ZLR7	[189, 250]	Spt20, SEP domain
Q6EMK4	[24, 46]	No_PFAM_overlap
Q6EMK4	[317, 348]	No_PFAM_overlap
Q6ZNA4	[891, 993]	Ring finger domain
Q6ZU65	[130, 161]	No_PFAM_overlap
Q8IYR6	[55, 146]	Kazal-type serine protease inhibitor domain
Q8IYR6	[261, 319]	No_PFAM_overlap
Q8N1F8	[668, 721]	No_PFAM_overlap
Q8N782	[202, 478]	Zinc finger, C2H2 type
Q92766	[63, 150]	Zinc finger, C2H2 type
Q92766	[200, 379]	C2H2-type zinc finger
Q92766	[702, 726]	No_PFAM_overlap
Q92766	[766, 804]	No_PFAM_overlap
Q92766	[1514, 1566]	C2H2-type zinc finger
Q96EK7	[841, 856]	No_PFAM_overlap
Q96RW7	[1261, 1280]	Immunoglobulin I-set domain
Q96RW7	[2775, 2799]	Immunoglobulin I-set domain
Q96RW7	[4538, 4884]	Thrombospondin type 1 domain
Q96RW7	[5079, 5369]	Calcium-binding EGF domain
Q96RW7	[5404, 5529]	Complement Clr-like EGF-like
Q99679	[310, 326]	No_PFAM_overlap
Q9HCE7	[133, 176]	No_PFAM_overlap
Q9HCE7	[291, 311]	WW domain
Q9HCE7	[327, 351]	WW domain
Q9NSA0	[70, 114]	No_PFAM_overlap
Q9NZR4	[241, 279]	No_PFAM_overlap
Q9UBB6	[4, 34]	Neurochondrin
Q9UJW7	[102, 159]	No_PFAM_overlap
Q9UJW7	[192, 265]	No_PFAM_overlap
Q9UJW7	[341, 824]	Zinc finger, C2H2 type
Q9Y2K7	[467, 486]	No_PFAM_overlap
Q9Y6N6	[257, 538]	Laminin EGF domain
Q9Y6N6	[663, 1020]	Laminin EGF domain
Q9Y6N6	[1052, 1070]	No_PFAM_overlap
Q9Y6N6	[1092, 1119]	No_PFAM_overlap
Q9Y6R7	[430, 480]	von Willebrand factor type D domain
Q9Y6R7	[602, 870]	C8 domain
Q9Y6R7	[1005, 1262]	C8 domain
Q9Y6R7	[1418, 1671]	C8 domain
Q9Y6R7	[1845, 1876]	No_PFAM_overlap
Q9Y6R7	[1935, 2076]	C8 domain
Q9Y6R7	[2208, 2462]	C8 domain
Q9Y6R7	[2618, 2871]	C8 domain
Q9Y6R7	[3136, 3277]	C8 domain
Q9Y6R7	[3409, 3669]	C8 domain
Q9Y6R7	[3817, 4072]	C8 domain
Q9Y6R7	[4337, 4478]	C8 domain
Q9Y6R7	[4610, 4858]	C8 domain
Q9Y6R7	[4986, 5233]	C8 domain
A2PYH4	[1135, 1182]	No_PFAM_overlap
A2PYH4	[1380, 1424]	No_PFAM_overlap
B7U540	[354, 387]	Inward rectifier potassium channel C-terminal domain
P53355	[307, 327]	No_PFAM_overlap
P60372	[11, 52]	No_PFAM_overlap
Q15633	[255, 355]	No_PFAM_overlap
Q1L5Z9	[142, 225]	Tetratricopeptide repeat
Q5SYB0	[1320, 1343]	No_PFAM_overlap
Q5SYB0	[1391, 1416]	No_PFAM_overlap
Q5SYB0	[1436, 1479]	No_PFAM_overlap
Q5U5Q3	[213, 230]	No_PFAM_overlap
Q5U5Q3	[308, 324]	No_PFAM_overlap
Q6ZU67	[158, 254]	No_PFAM_overlap
Q8IUX8	[27, 288]	Platelet endothelial aggregation receptor 1-like, EGF domain
Q8IVN8	[11, 97]	Spondin-like TSP1 domain
Q8IZL8	[513, 530]	No_PFAM_overlap
Q8TE58	[422, 441]	ADAMTS cysteine-rich domain 2
Q8TE58	[459, 591]	Thrombospondin type 1 domain
Q96IP4	[51, 70]	Nucleotidyltransferase
Q9BS31	[170, 424]	Zinc finger, C2H2 type
Q9H3F6	[133, 149]	No_PFAM_overlap
Q9UNI6	[15, 45]	Dual specificity phosphatase, catalytic domain
Q9UNI6	[214, 251]	No_PFAM_overlap
D6RIA3	[106, 148]	No_PFAM_overlap
D6RIA3	[579, 614]	No_PFAM_overlap
O15534	[620, 649]	No_PFAM_overlap
O76050	[227, 259]	No_PFAM_overlap
P18206	[302, 344]	No_PFAM_overlap
P30260	[130, 190]	No_PFAM_overlap
P49790	[632, 692]	Zn-finger in Ran binding protein and others
P52743	[114, 201]	Zinc finger, C2H2 type
P57057	[44, 77]	No_PFAM_overlap
P59990	[0, 95]	Keratin, high sulfur B2 protein
Q14397	[594, 610]	C-terminal lid domain of glucokinase regulatory protein
Q14692	[708, 777]	No_PFAM_overlap
Q14872	[105, 160]	Zinc finger, C2H2 type
Q14872	[222, 305]	Zinc finger, C2H2 type
Q14872	[622, 645]	No_PFAM_overlap
Q4U2R8	[40, 67]	No_PFAM_overlap
Q4U2R8	[82, 113]	No_PFAM_overlap
Q8NAC3	[80, 134]	No_PFAM_overlap
Q8TBG4	[10, 27]	No_PFAM_overlap
Q8WWL2	[558, 698]	No_PFAM_overlap
Q92844	[314, 352]	No_PFAM_overlap
Q92844	[371, 424]	No_PFAM_overlap
Q99102	[4600, 4626]	No_PFAM_overlap
Q99102	[5024, 5166]	No_PFAM_overlap
Q99102	[5318, 5360]	No_PFAM_overlap
Q9BXU7	[199, 243]	No_PFAM_overlap
Q9BXW4	[125, 146]	Autophagy protein Atg8 ubiquitin like
Q9BYD2	[27, 43]	No_PFAM_overlap
Q9C0K0	[178, 264]	No_PFAM_overlap
Q9C0K0	[426, 480]	Zinc finger, C2H2 type
Q9C0K0	[792, 874]	Zinc finger, C2H2 type
Q9H7Z3	[171, 216]	No_PFAM_overlap
Q9H871	[366, 386]	RING-type zinc-finger
Q9HCL2	[47, 78]	No_PFAM_overlap
Q9NSC2	[36, 77]	No_PFAM_overlap
Q9NSC2	[439, 506]	Zinc finger, C2H2 type
Q9NSC2	[665, 791]	Zinc finger, C2H2 type
Q9NSC2	[1000, 1064]	Zinc-finger of C2H2 type
Q9NSC2	[1124, 1175]	Zinc finger, C2H2 type
Q9NSC2	[1190, 1216]	No_PFAM_overlap
Q9UPM8	[909, 932]	No_PFAM_overlap
Q9UPM8	[962, 999]	No_PFAM_overlap
Q9Y283	[1010, 1047]	No_PFAM_overlap
A0A1W2PQ73	[0, 17]	No_PFAM_overlap
A1L4K1	[137, 201]	No_PFAM_overlap
O43854	[22, 174]	F5/8 type C domain
O95073	[98, 126]	No_PFAM_overlap
P15336	[1, 61]	No_PFAM_overlap
Q07352	[114, 190]	Zinc finger C-x8-C-x5-C-x3-H type (and similar)
Q16526	[169, 194]	No_PFAM_overlap
Q68DL7	[304, 329]	No_PFAM_overlap
Q6PJF5	[483, 532]	No_PFAM_overlap
Q6PJF5	[547, 629]	No_PFAM_overlap
Q6PJT7	[591, 661]	RNA-binding, Nab2-type zinc finger
Q6PJT7	[674, 729]	RNA-binding, Nab2-type zinc finger
Q6UX15	[308, 355]	No_PFAM_overlap
Q6ZRS2	[1906, 1926]	No_PFAM_overlap
Q8IZC7	[68, 128]	No_PFAM_overlap
Q8IZC7	[164, 423]	Zinc finger, C2H2 type
Q8N126	[187, 252]	Immunoglobulin domain
Q8N9K5	[0, 29]	No_PFAM_overlap
Q8N9K5	[155, 529]	Zinc finger, C2H2 type
Q8NG48	[542, 573]	Lines N-terminus
Q8WUP2	[175, 372]	LIM domain
Q9H2X0	[639, 656]	CHRD domain
Q9H2X0	[775, 939]	von Willebrand factor type C domain
Q9HAZ2	[250, 452]	Zinc finger, C2H2 type
Q9HAZ2	[941, 1034]	Zinc finger, C2H2 type
Q9HCM2	[90, 109]	No_PFAM_overlap
Q9HCM2	[682, 700]	Plexin A/B, PSI domain
Q9NVW2	[526, 623]	Ring finger domain
Q9NX94	[254, 288]	No_PFAM_overlap
Q9ULJ3	[121, 137]	No_PFAM_overlap
Q9ULJ3	[538, 614]	No_PFAM_overlap
Q9ULJ3	[714, 800]	Zinc Finger domain
Q9UPA5	[1624, 1661]	No_PFAM_overlap
Q9UPA5	[1736, 1752]	No_PFAM_overlap
Q9UPA5	[1898, 1915]	No_PFAM_overlap
Q9UQR1	[210, 295]	Zinc finger, C2H2 type
A0A087WXS9	[467, 500]	No_PFAM_overlap
O43463	[0, 38]	No_PFAM_overlap
O43463	[379, 411]	No_PFAM_overlap
O75616	[75, 90]	No_PFAM_overlap
O95180	[1219, 1259]	No_PFAM_overlap
O95625	[116, 141]	Integrase zinc binding domain
O95625	[179, 200]	No_PFAM_overlap
O95625	[684, 923]	C2H2-type zinc finger
P02749	[120, 344]	Sushi repeat (SCR repeat)
P0C7U0	[226, 255]	No_PFAM_overlap
P41229	[301, 391]	PHD-finger
P41229	[1179, 1228]	No_PFAM_overlap
Q15714	[406, 448]	No_PFAM_overlap
Q2M3C7	[32, 106]	No_PFAM_overlap
Q2M3C7	[151, 171]	No_PFAM_overlap
Q2M3C7	[1146, 1180]	No_PFAM_overlap
Q2M3C7	[1293, 1325]	No_PFAM_overlap
Q5JQC9	[6, 35]	No_PFAM_overlap
Q5JQC9	[123, 176]	No_PFAM_overlap
Q63ZY3	[111, 128]	No_PFAM_overlap
Q6NW34	[406, 435]	No_PFAM_overlap
Q86SQ4	[21, 44]	CUB domain
Q86SQ4	[368, 393]	No_PFAM_overlap
Q86V15	[481, 694]	CASZ1-like, zinc finger
Q86XL3	[193, 217]	No_PFAM_overlap
Q86XL3	[818, 870]	No_PFAM_overlap
Q8NDL9	[418, 456]	No_PFAM_overlap
Q8NDL9	[517, 544]	No_PFAM_overlap
Q8WX93	[416, 444]	Immunoglobulin I-set domain
Q92824	[607, 1747]	Growth factor receptor domain IV
Q96JI7	[1413, 1433]	No_PFAM_overlap
Q96JI7	[1735, 1764]	No_PFAM_overlap
Q9H6R6	[386, 410]	Variant SH3 domain
Q9NZC7	[376, 391]	No_PFAM_overlap
Q9P0P0	[46, 139]	Ring finger domain
Q9UIW2	[85, 106]	No_PFAM_overlap
Q9UK39	[83, 141]	No_PFAM_overlap
Q9UPN3	[1934, 1965]	No_PFAM_overlap
Q9UPN3	[2800, 2819]	No_PFAM_overlap
Q9UPN3	[4422, 4453]	No_PFAM_overlap
Q9Y485	[675, 691]	No_PFAM_overlap
Q9Y485	[919, 940]	No_PFAM_overlap
Q9Y485	[961, 994]	No_PFAM_overlap
Q9Y5A6	[271, 470]	Zinc finger, C2H2 type
Q9Y5B8	[225, 243]	Nucleoside diphosphate kinase
A8MTZ7	[202, 222]	No_PFAM_overlap
D6RGH6	[280, 297]	No_PFAM_overlap
P24043	[282, 539]	Laminin EGF domain
P24043	[716, 1178]	Laminin B (Domain IV)
P24043	[1356, 1572]	Laminin B (Domain IV)
P24043	[2743, 2778]	No_PFAM_overlap
P24043	[3105, 3120]	No_PFAM_overlap
P24592	[27, 99]	No_PFAM_overlap
P36897	[22, 39]	Activin types I and II receptor domain
P63252	[355, 380]	Inward rectifier potassium channel C-terminal domain
Q13572	[397, 413]	No_PFAM_overlap
Q2UY09	[231, 246]	No_PFAM_overlap
Q68DY9	[159, 488]	Zinc finger, C2H2 type
Q6UWZ7	[178, 203]	No_PFAM_overlap
Q6UWZ7	[264, 335]	No_PFAM_overlap
Q6XR72	[397, 436]	No_PFAM_overlap
Q76KX8	[85, 102]	No_PFAM_overlap
Q76KX8	[219, 673]	Zinc finger, C2H2 type
Q86UK5	[915, 933]	No_PFAM_overlap
Q8IXR5	[573, 588]	No_PFAM_overlap
Q8TAT5	[244, 301]	No_PFAM_overlap
Q8TAT5	[314, 375]	Zn-finger in Ran binding protein and others
Q96CK0	[331, 361]	No_PFAM_overlap
Q96CK0	[523, 606]	Zinc finger, C2H2 type
Q96MM3	[38, 133]	No_PFAM_overlap
Q96MM3	[166, 231]	Zinc finger, C2H2 type
Q96ND0	[0, 33]	No_PFAM_overlap
Q96SR6	[216, 549]	Zinc finger, C2H2 type
Q9P1Q0	[125, 159]	No_PFAM_overlap
Q9UNW1	[467, 486]	No_PFAM_overlap
A6NCM1	[378, 423]	No_PFAM_overlap
A6NP61	[44, 79]	No_PFAM_overlap
O14654	[1043, 1089]	No_PFAM_overlap
O43623	[120, 267]	Zinc finger, C2H2 type
O76074	[59, 78]	No_PFAM_overlap
O95081	[26, 52]	Putative GTPase activating protein for Arf
O95190	[7, 59]	No_PFAM_overlap
O95600	[267, 352]	Zinc finger, C2H2 type
P05106	[449, 704]	Integrin beta tail domain
P17026	[40, 193]	Zinc finger, C2H2 type
Q3ZCX4	[143, 641]	Zinc finger, C2H2 type
Q7Z3S9	[0, 230]	Calcium-binding EGF domain
Q8NFY9	[256, 285]	No_PFAM_overlap
Q92619	[253, 273]	No_PFAM_overlap
Q92619	[703, 751]	No_PFAM_overlap
Q96C12	[0, 20]	No_PFAM_overlap
Q96C12	[811, 835]	No_PFAM_overlap
Q96C12	[851, 873]	No_PFAM_overlap
Q96C12	[898, 914]	No_PFAM_overlap
Q9BXF6	[79, 104]	C2 domain
Q9GZM7	[36, 101]	No_PFAM_overlap
Q9GZM7	[119, 140]	No_PFAM_overlap
Q9ULL8	[111, 150]	No_PFAM_overlap
Q9ULL8	[855, 946]	No_PFAM_overlap
A0A0G2JMH3	[96, 119]	ADP-ribosylation factor-like protein 17
A8MTQ0	[70, 149]	No_PFAM_overlap
O14618	[214, 251]	Copper/zinc superoxide dismutase (SODC)
O60320	[208, 223]	No_PFAM_overlap
O75558	[268, 286]	No_PFAM_overlap
O75829	[271, 333]	No_PFAM_overlap
O95409	[299, 412]	C2H2 zinc finger
P07911	[21, 221]	EGF domain
P07911	[267, 326]	Uromodulin-like, D8C domain
P29317	[208, 392]	Ephrin cysteine rich domain
P43351	[15, 30]	No_PFAM_overlap
P60371	[13, 63]	No_PFAM_overlap
P86452	[802, 818]	No_PFAM_overlap
Q02535	[0, 28]	No_PFAM_overlap
Q13485	[1, 25]	No_PFAM_overlap
Q13485	[308, 327]	MH2 domain
Q5SNT2	[18, 36]	No_PFAM_overlap
Q5VUJ5	[94, 116]	No_PFAM_overlap
Q8IVB4	[562, 591]	No_PFAM_overlap
Q8NFU7	[76, 113]	No_PFAM_overlap
Q8NFU7	[282, 342]	No_PFAM_overlap
Q8NFU7	[750, 791]	No_PFAM_overlap
Q8NFU7	[918, 948]	No_PFAM_overlap
Q8NFU7	[1308, 1389]	No_PFAM_overlap
Q96JQ5	[0, 16]	No_PFAM_overlap
Q96M53	[52, 75]	No_PFAM_overlap
Q99965	[364, 547]	Disintegrin
Q99965	[586, 656]	No_PFAM_overlap
Q9H422	[7, 49]	No_PFAM_overlap
Q9H422	[541, 664]	No_PFAM_overlap
Q9H422	[724, 781]	No_PFAM_overlap
Q9HB96	[143, 172]	No_PFAM_overlap
Q9P2P6	[1711, 1737]	No_PFAM_overlap
Q9P2P6	[1748, 1798]	No_PFAM_overlap
Q9P2P6	[2333, 2375]	No_PFAM_overlap
Q9P2P6	[2541, 2589]	No_PFAM_overlap
Q9P2P6	[4458, 4484]	No_PFAM_overlap
Q9UM82	[381, 406]	No_PFAM_overlap
Q9UM82	[458, 511]	No_PFAM_overlap
A6NFI3	[339, 504]	Zinc finger, C2H2 type
A6NFI3	[683, 935]	Zinc finger, C2H2 type
A6NKB5	[1458, 1481]	No_PFAM_overlap
A7MCY6	[569, 614]	No_PFAM_overlap
O60486	[453, 640]	Plexin repeat
O94898	[898, 938]	No_PFAM_overlap
O95271	[951, 967]	No_PFAM_overlap
P0C7M6	[100, 134]	IQ calmodulin-binding motif
P0DKX0	[106, 620]	Zinc finger, C2H2 type
P14679	[20, 61]	No_PFAM_overlap
P21506	[150, 242]	No_PFAM_overlap
P29475	[337, 356]	No_PFAM_overlap
P31153	[0, 16]	No_PFAM_overlap
P35125	[489, 550]	Ubiquitin carboxyl-terminal hydrolase
P47974	[152, 225]	Zinc finger C-x8-C-x5-C-x3-H type (and similar)
Q03938	[110, 598]	Zinc finger, C2H2 type
Q06190	[133, 201]	No_PFAM_overlap
Q06190	[245, 262]	No_PFAM_overlap
Q16589	[319, 343]	No_PFAM_overlap
Q53H47	[272, 341]	No_PFAM_overlap
Q569K6	[208, 265]	No_PFAM_overlap
Q5MJ68	[219, 257]	No_PFAM_overlap
Q5VV63	[52, 97]	CUB domain
Q5VV63	[208, 286]	Teneurin-like EGF domain
Q5VV63	[615, 768]	No_PFAM_overlap
Q5VV63	[849, 986]	Plexin repeat
Q5VV63	[1000, 1099]	Laminin/attractin EGF domain
Q86T96	[83, 122]	No_PFAM_overlap
Q86T96	[166, 197]	No_PFAM_overlap
Q86T96	[222, 244]	No_PFAM_overlap
Q86T96	[419, 435]	Zinc finger, C3HC4 type (RING finger)
Q86VH5	[28, 54]	No_PFAM_overlap
Q86VH5	[508, 542]	No_PFAM_overlap
Q8IXI2	[537, 569]	No_PFAM_overlap
Q92664	[52, 302]	Zinc finger, C2H2 type
Q9H6B1	[56, 111]	Zinc-finger of C2H2 type
Q9HA38	[132, 180]	Zinc-finger of C2H2 type
Q9NS37	[324, 353]	No_PFAM_overlap
O43868	[600, 618]	No_PFAM_overlap
O43868	[633, 656]	No_PFAM_overlap
O75578	[66, 99]	No_PFAM_overlap
O75578	[140, 155]	No_PFAM_overlap
O75578	[1016, 1052]	No_PFAM_overlap
O95639	[109, 170]	Zinc finger C-x8-C-x5-C-x3-H type (and similar)
P13671	[14, 247]	Low-density lipoprotein receptor domain class A
P13671	[511, 600]	Thrombospondin type 1 domain
P13671	[736, 932]	Sushi repeat (SCR repeat)
P26012	[458, 681]	Integrin EGF domain
P31268	[78, 137]	Homeodomain
Q14192	[0, 278]	FHL2/3 N-terminal LIM domain
Q2TAL6	[145, 324]	VWC2L, C-terminal domain
Q7L985	[32, 56]	No_PFAM_overlap
Q8IW52	[258, 283]	No_PFAM_overlap
Q8IW52	[330, 380]	No_PFAM_overlap
Q8IW52	[691, 717]	No_PFAM_overlap
Q92599	[461, 482]	No_PFAM_overlap
Q92610	[572, 598]	No_PFAM_overlap
Q92610	[739, 844]	No_PFAM_overlap
Q92610	[1000, 1072]	No_PFAM_overlap
Q92610	[1119, 1184]	zinc-finger C2H2-type
Q99590	[170, 192]	No_PFAM_overlap
Q9UKY1	[64, 87]	No_PFAM_overlap
Q9UKY1	[370, 410]	No_PFAM_overlap
Q9ULM3	[76, 119]	No_PFAM_overlap
Q9ULM3	[1220, 1289]	Three-helical bundle domain
O75417	[893, 913]	No_PFAM_overlap
O75417	[1131, 1162]	No_PFAM_overlap
P02751	[43, 120]	Fibronectin type I domain
P02751	[293, 361]	Fibronectin type II domain
P02751	[2336, 2442]	Fibronectin type I domain
P20020	[458, 478]	No_PFAM_overlap
P49746	[260, 479]	Cartilage oligomeric matrix protein
P51531	[1385, 1406]	No_PFAM_overlap
Q16720	[454, 478]	No_PFAM_overlap
Q49A33	[36, 201]	Zinc finger, C2H2 type
Q5SSJ5	[409, 424]	linker histone H1 and H5 family
Q6AZY7	[97, 130]	No_PFAM_overlap
Q6AZY7	[155, 176]	No_PFAM_overlap
Q6ZTA4	[0, 41]	No_PFAM_overlap
Q6ZTA4	[159, 246]	ANCHR-like B-box zinc-binding domain
Q86X02	[145, 193]	No_PFAM_overlap
Q8IWQ3	[638, 656]	No_PFAM_overlap
Q8IX07	[283, 379]	Zinc finger, C2H2 type
Q8IX07	[572, 604]	No_PFAM_overlap
Q8IX07	[813, 838]	No_PFAM_overlap
Q8IX07	[859, 876]	No_PFAM_overlap
Q8N957	[11, 29]	No_PFAM_overlap
Q8N957	[48, 83]	No_PFAM_overlap
Q8NHM5	[24, 47]	No_PFAM_overlap
Q8NHM5	[529, 555]	No_PFAM_overlap
Q8TAU3	[47, 68]	KRAB box
Q8TAU3	[87, 151]	No_PFAM_overlap
Q8TAU3	[213, 571]	Zinc finger, C2H2 type
Q92570	[397, 429]	No_PFAM_overlap
Q92784	[253, 376]	PHD-finger
Q9BXB4	[244, 300]	No_PFAM_overlap
Q9HAU4	[127, 181]	WW domain
Q9HAU4	[335, 400]	No_PFAM_overlap
Q9HB58	[454, 604]	SAND domain
Q9NU22	[272, 295]	No_PFAM_overlap
Q9NU22	[3711, 3728]	No_PFAM_overlap
Q9NU22	[4016, 4081]	No_PFAM_overlap
Q9NU22	[4307, 4381]	No_PFAM_overlap
Q9UK12	[109, 290]	Zinc finger, C2H2 type
Q9UK12	[303, 450]	Zinc finger, C2H2 type
Q9Y3L5	[164, 182]	Ras family
Q9Y5K3	[44, 71]	No_PFAM_overlap
Q9Y6N8	[578, 600]	Cadherin domain
O43897	[564, 635]	Coagulation Factor Xa inhibitory site
O75290	[127, 345]	Zinc finger, C2H2 type
O75469	[162, 191]	No_PFAM_overlap
P17010	[423, 802]	C2H2-type zinc-finger domain
P22607	[60, 113]	No_PFAM_overlap
P23142	[25, 590]	Calcium-binding EGF domain
P35556	[82, 424]	Fibrillin, first EGF domain
P35556	[485, 1773]	EGF domain
P35556	[1795, 2776]	Complement Clr-like EGF-like
P78358	[73, 91]	Transcription factor Pcc1
Q15771	[182, 202]	No_PFAM_overlap
Q53TS8	[1359, 1386]	No_PFAM_overlap
Q53TS8	[1579, 1608]	No_PFAM_overlap
Q53TS8	[1711, 1745]	No_PFAM_overlap
Q6NY19	[542, 578]	No_PFAM_overlap
Q86YG4	[381, 427]	5' nucleotidase family
Q8WV44	[183, 266]	B-box zinc finger
Q8WV44	[377, 413]	No_PFAM_overlap
Q96C10	[166, 181]	Type III restriction enzyme, res subunit
Q96C10	[194, 227]	RIG-I receptor C-terminal domain
Q9H2S9	[147, 288]	Zinc finger, C2H2 type
Q9NPB3	[46, 63]	No_PFAM_overlap
Q9UBL6	[15, 39]	C2 domain
Q9UC06	[132, 445]	Zinc finger, C2H2 type
Q9UFB7	[104, 128]	BTB/POZ domain
Q9UFB7	[433, 489]	Zinc finger, C2H2 type
Q9UFB7	[542, 688]	Zinc finger, C2H2 type
Q9Y4W2	[716, 733]	No_PFAM_overlap
Q9Y6M5	[414, 461]	Cation efflux protein, cytoplasmic domain
A0AAG2UUX9	[675, 744]	No_PFAM_overlap
O14798	[61, 153]	TNFR/NGFR cysteine-rich region
O75030	[283, 308]	No_PFAM_overlap
O75618	[190, 222]	TRADD-like N-terminal domain
P0CG38	[94, 124]	No_PFAM_overlap
Q06481	[342, 387]	Kunitz/Bovine pancreatic trypsin inhibitor domain
Q13547	[0, 30]	Histone deacetylase domain
Q32M84	[12, 42]	No_PFAM_overlap
Q63HK5	[180, 240]	No_PFAM_overlap
Q63HK5	[394, 409]	No_PFAM_overlap
Q63HK5	[1033, 1080]	No_PFAM_overlap
Q6IN97	[268, 319]	No_PFAM_overlap
Q7Z4K8	[0, 67]	RING-type zinc-finger
Q7Z4K8	[101, 263]	B-box zinc finger
Q86UW9	[157, 210]	WWE domain
Q86UW9	[401, 444]	No_PFAM_overlap
Q8IVH8	[534, 554]	No_PFAM_overlap
Q8IZU9	[681, 713]	No_PFAM_overlap
Q8TAQ5	[107, 687]	Zinc finger, C2H2 type
Q8TF32	[139, 569]	Zinc-finger double domain
Q96DT7	[247, 347]	No_PFAM_overlap
Q96DT7	[711, 726]	No_PFAM_overlap
Q96DT7	[737, 804]	No_PFAM_overlap
Q9H0M5	[117, 201]	Zinc finger, C2H2 type
Q9H0M5	[236, 741]	Zinc finger, C2H2 type
Q9NUE0	[323, 358]	No_PFAM_overlap
Q9NZS2	[100, 115]	No_PFAM_overlap
Q9Y2I6	[281, 306]	No_PFAM_overlap
O60481	[318, 409]	C2H2 zinc finger
P20333	[28, 198]	TNFR/NGFR cysteine-rich region
Q09013	[350, 382]	No_PFAM_overlap
Q12968	[388, 408]	No_PFAM_overlap
Q13219	[408, 491]	No_PFAM_overlap
Q13219	[943, 1038]	No_PFAM_overlap
Q13219	[1185, 1626]	Sushi repeat (SCR repeat)
Q13444	[300, 596]	Disintegrin
Q13444	[635, 692]	No_PFAM_overlap
Q14767	[167, 228]	No_PFAM_overlap
Q14767	[342, 433]	No_PFAM_overlap
Q14767	[544, 748]	Calcium-binding EGF domain
Q14767	[836, 1385]	Calcium-binding EGF domain
Q14767	[1409, 1652]	Calcium-binding EGF domain
Q14767	[1723, 1820]	Calcium-binding EGF domain
Q3KQV9	[43, 61]	No_PFAM_overlap
Q8IX90	[219, 242]	No_PFAM_overlap
Q8ND82	[228, 250]	No_PFAM_overlap
Q8ND82	[338, 492]	No_PFAM_overlap
Q92935	[71, 90]	No_PFAM_overlap
Q96ND8	[200, 548]	Zinc finger, C2H2 type
Q99467	[32, 47]	No_PFAM_overlap
Q9H7V2	[78, 123]	No_PFAM_overlap
Q9H902	[99, 120]	No_PFAM_overlap
Q9NQ35	[96, 114]	Aspartyl protease
Q9UBN7	[406, 426]	No_PFAM_overlap
Q9UBN7	[1115, 1143]	Zn-finger in ubiquitin-hydrolases and other protein
Q9Y2F5	[256, 276]	No_PFAM_overlap
Q9Y2F5	[700, 741]	No_PFAM_overlap
Q9Y2F5	[1149, 1169]	No_PFAM_overlap
Q9Y2F5	[1386, 1410]	No_PFAM_overlap
Q9Y2F5	[1427, 1451]	No_PFAM_overlap
A6NEL3	[81, 115]	No_PFAM_overlap
A6NJG2	[219, 245]	No_PFAM_overlap
A8MPX8	[516, 552]	No_PFAM_overlap
O60343	[189, 235]	No_PFAM_overlap
O95389	[120, 306]	Cystine-knot domain
P09622	[0, 22]	No_PFAM_overlap
P09848	[319, 347]	No_PFAM_overlap
P0DV79	[136, 162]	No_PFAM_overlap
P48507	[8, 49]	No_PFAM_overlap
P48740	[134, 211]	CUB domain
P98196	[409, 439]	No_PFAM_overlap
Q14324	[147, 165]	No_PFAM_overlap
Q2M1Z3	[1147, 1201]	No_PFAM_overlap
Q5CZA5	[196, 323]	Zinc finger, C2H2 type
Q5CZA5	[410, 562]	Zinc finger, C2H2 type
Q5T0T0	[256, 290]	No_PFAM_overlap
Q8IZ69	[207, 280]	No_PFAM_overlap
Q96BR6	[57, 157]	KRAB box
Q96BR6	[265, 441]	Zinc finger, C2H2 type
Q9H1M4	[9, 78]	Beta defensin
Q9HAV5	[0, 129]	TNFR/NGFR cysteine-rich region
Q9UGI0	[78, 113]	No_PFAM_overlap
Q9UGI0	[139, 194]	Zn-finger in Ran binding protein and others
Q9Y5G6	[766, 807]	Cadherin cytoplasmic C-terminal
O75054	[374, 391]	No_PFAM_overlap
P08575	[351, 372]	No_PFAM_overlap
P17544	[7, 51]	No_PFAM_overlap
P52888	[670, 688]	Peptidase family M3
Q13972	[615, 639]	No_PFAM_overlap
Q16222	[468, 485]	No_PFAM_overlap
Q17RP2	[377, 399]	No_PFAM_overlap
Q6IA86	[792, 825]	No_PFAM_overlap
Q6IQ26	[10, 28]	No_PFAM_overlap
Q6IQ26	[1070, 1095]	No_PFAM_overlap
Q8TBZ8	[99, 534]	C2H2-type zinc finger
Q8TDD5	[516, 544]	No_PFAM_overlap
Q8WXT5	[301, 381]	No_PFAM_overlap
Q9H892	[457, 477]	No_PFAM_overlap
Q9HCL0	[899, 938]	No_PFAM_overlap
Q9NP87	[38, 153]	Helix-hairpin-helix domain
Q9NR97	[20, 59]	Leucine rich repeat
Q9NZJ0	[29, 50]	No_PFAM_overlap
Q9NZJ0	[551, 597]	No_PFAM_overlap
Q9UKF2	[355, 578]	ADAM cysteine-rich
Q9UKF2	[616, 669]	No_PFAM_overlap
Q9Y6Q6	[29, 187]	TNFR/NGFR cysteine-rich region
Q9Y6Q6	[272, 334]	No_PFAM_overlap
A0A1W2PQL4	[77, 383]	Zinc finger, C2H2 type
A8K8V0	[133, 291]	Zinc finger, C2H2 type
A8K8V0	[303, 375]	Zinc finger, C2H2 type
P09110	[12, 41]	Thiolase, N-terminal domain
P20042	[300, 318]	Domain found in IF2B/IF5
P22888	[24, 48]	No_PFAM_overlap
P22888	[285, 324]	No_PFAM_overlap
P22888	[335, 353]	No_PFAM_overlap
P22888	[683, 698]	No_PFAM_overlap
P26717	[98, 119]	No_PFAM_overlap
P43897	[289, 313]	No_PFAM_overlap
Q08493	[286, 315]	No_PFAM_overlap
Q13023	[190, 207]	No_PFAM_overlap
Q13023	[230, 258]	No_PFAM_overlap
Q13023	[455, 495]	No_PFAM_overlap
Q13023	[1481, 1500]	No_PFAM_overlap
Q13023	[1606, 1634]	No_PFAM_overlap
Q13023	[2027, 2068]	No_PFAM_overlap
Q4LDE5	[261, 519]	Sushi repeat (SCR repeat)
Q4LDE5	[975, 1165]	Tyrosine-protein kinase ephrin type A/B receptor-like
Q4LDE5	[1178, 1426]	EGF-like domain
Q4LDE5	[1682, 1800]	Sushi repeat (SCR repeat)
Q4LDE5	[2178, 2293]	Sushi repeat (SCR repeat)
Q4LDE5	[2588, 2701]	Sushi repeat (SCR repeat)
Q4LDE5	[2746, 2906]	Sushi repeat (SCR repeat)
Q4LDE5	[3022, 3171]	Sushi repeat (SCR repeat)
Q4LDE5	[3458, 3570]	Sushi repeat (SCR repeat)
Q5HYK9	[143, 602]	Zinc finger, C2H2 type
Q5QP82	[401, 458]	No_PFAM_overlap
Q5VUA4	[1050, 1182]	No_PFAM_overlap
Q5VUA4	[1653, 1669]	No_PFAM_overlap
Q7Z2W4	[142, 224]	Zinc-finger antiviral protein (ZAP) zinc finger domain 3
Q7Z2W4	[503, 528]	No_PFAM_overlap
Q7Z2W4	[706, 728]	No_PFAM_overlap
Q7Z695	[0, 55]	No_PFAM_overlap
Q8N0Z6	[291, 318]	No_PFAM_overlap
Q8N323	[275, 320]	No_PFAM_overlap
Q8N9V7	[472, 521]	No_PFAM_overlap
Q8N9V7	[658, 683]	No_PFAM_overlap
Q8N9V7	[1000, 1034]	No_PFAM_overlap
Q8NC06	[217, 262]	No_PFAM_overlap
Q92796	[0, 27]	No_PFAM_overlap
Q96DX7	[8, 60]	No_PFAM_overlap
Q96PE2	[1439, 1563]	No_PFAM_overlap
Q96PE2	[1951, 1968]	No_PFAM_overlap
Q9UBE8	[433, 465]	No_PFAM_overlap
Q9UPS6	[928, 952]	No_PFAM_overlap
Q9Y6U3	[589, 627]	Gelsolin repeat
A5A3E0	[79, 123]	No_PFAM_overlap
A8MPY1	[374, 393]	No_PFAM_overlap
P82663	[121, 163]	No_PFAM_overlap
P98171	[693, 722]	No_PFAM_overlap
Q03001	[2037, 2078]	No_PFAM_overlap
Q03001	[2961, 2984]	No_PFAM_overlap
Q03001	[3340, 3393]	No_PFAM_overlap
Q03001	[4049, 4082]	Spectrin repeat
Q14494	[243, 264]	No_PFAM_overlap
Q16853	[724, 754]	No_PFAM_overlap
Q4ZG55	[210, 225]	GREB1 N-terminal domain
Q5VTB9	[212, 242]	No_PFAM_overlap
Q6IA17	[10, 29]	No_PFAM_overlap
Q6MZW2	[50, 115]	Kazal-type serine protease inhibitor domain
Q6ZRQ5	[0, 49]	S-phase genomic integrity recombination mediator, N-terminal
Q96A61	[171, 261]	B-box zinc finger
Q96EP1	[292, 372]	Zinc finger, C3HC4 type (RING finger)
Q96EP1	[629, 663]	No_PFAM_overlap
Q96RU2	[136, 157]	No_PFAM_overlap
Q96S37	[81, 116]	No_PFAM_overlap
Q9BSL1	[317, 340]	UBA-like domain
Q9C0J9	[353, 376]	No_PFAM_overlap
Q9HC29	[22, 37]	Caspase recruitment domain
Q9HC29	[112, 132]	Caspase recruitment domain
Q9NR45	[0, 16]	No_PFAM_overlap
Q9Y597	[570, 604]	No_PFAM_overlap
O00206	[0, 28]	No_PFAM_overlap
O14514	[174, 295]	Thrombospondin type 1 domain
O14514	[361, 613]	Thrombospondin type 1 domain
O14514	[1215, 1262]	No_PFAM_overlap
O75123	[80, 441]	Zinc finger, C2H2 type
O75123	[456, 504]	Zinc finger, C2H2 type
O75197	[1203, 1383]	Low-density lipoprotein receptor domain class A
P17022	[405, 545]	Zinc finger, C2H2 type
P26358	[375, 407]	Cytosine specific DNA methyltransferase replication foci domain
P83110	[22, 131]	Insulin-like growth factor binding protein
Q15751	[908, 934]	No_PFAM_overlap
Q15751	[1432, 1464]	No_PFAM_overlap
Q15751	[2027, 2042]	No_PFAM_overlap
Q15751	[2949, 3055]	No_PFAM_overlap
Q15751	[3126, 3157]	No_PFAM_overlap
Q15751	[3722, 3737]	No_PFAM_overlap
Q6ZNB6	[204, 603]	NF-X1 type zinc finger
Q6ZNB6	[626, 834]	NF-X1 type zinc finger
Q7RTU5	[55, 78]	No_PFAM_overlap
Q8N5C7	[34, 68]	DTW domain
Q8WZ42	[13278, 13304]	Immunoglobulin I-set domain
Q8WZ42	[20399, 20428]	Fibronectin type III domain
Q8WZ42	[26594, 26625]	Fibronectin type III domain
Q96I24	[318, 334]	KH domain
Q96MT1	[565, 589]	Ring finger domain
Q96QF7	[652, 684]	No_PFAM_overlap
Q9H6T0	[223, 255]	No_PFAM_overlap
Q9NQ75	[0, 32]	Variant SH3 domain
Q9NUD5	[325, 396]	Zinc knuckle
Q9UF33	[227, 334]	Fibronectin type III domain
O14607	[517, 540]	No_PFAM_overlap
O14607	[881, 910]	No_PFAM_overlap
O15034	[161, 181]	No_PFAM_overlap
O15232	[262, 463]	Trimeric coiled-coil oligomerisation domain of matrilin
O75170	[754, 775]	No_PFAM_overlap
P18564	[445, 694]	Integrin EGF domain
P19878	[496, 524]	SH3 domain
P30626	[25, 58]	EF-hand domain pair
P33076	[21, 106]	No_PFAM_overlap
P98155	[28, 441]	Low-density lipoprotein receptor domain class A
P98155	[700, 751]	No_PFAM_overlap
Q15319	[38, 57]	No_PFAM_overlap
Q15582	[58, 80]	No_PFAM_overlap
Q5SZL2	[195, 219]	No_PFAM_overlap
Q5T1N1	[52, 82]	No_PFAM_overlap
Q5T1N1	[111, 159]	No_PFAM_overlap
Q5T1N1	[597, 642]	No_PFAM_overlap
Q5T1N1	[657, 681]	No_PFAM_overlap
Q5T1N1	[762, 811]	No_PFAM_overlap
Q5T9A4	[593, 627]	No_PFAM_overlap
Q6PEZ8	[24, 52]	No_PFAM_overlap
Q6UW63	[476, 501]	Glycosyl transferase family 90
Q6UXK2	[214, 246]	No_PFAM_overlap
Q6UXK2	[339, 368]	No_PFAM_overlap
Q86VQ0	[302, 352]	No_PFAM_overlap
Q8TD46	[237, 254]	CD80-like C2-set immunoglobulin domain
Q8TF68	[223, 465]	Zinc finger, C2H2 type
Q92769	[0, 20]	No_PFAM_overlap
Q96E93	[57, 83]	No_PFAM_overlap
Q96MX3	[107, 157]	Zinc finger, C2H2 type
Q96MX3	[270, 383]	Zinc finger, C2H2 type
Q9BXP5	[410, 431]	No_PFAM_overlap
Q9BXP5	[632, 649]	Arsenite-resistance protein 2
Q9C0B0	[35, 176]	UNK-like, CCCH zinc finger
Q9C0B0	[195, 316]	Zinc finger C-x8-C-x5-C-x3-H type (and similar)
Q9C0B0	[754, 809]	No_PFAM_overlap
Q9HCG1	[70, 115]	No_PFAM_overlap
Q9HCG1	[135, 164]	No_PFAM_overlap
Q9HCG1	[242, 816]	Zinc finger, C2H2 type
Q9P2F5	[182, 232]	No_PFAM_overlap
Q9UJN7	[103, 357]	Zinc finger, C2H2 type
Q9UKA1	[437, 533]	No_PFAM_overlap
Q9UKA1	[551, 575]	No_PFAM_overlap
Q9UKA1	[659, 690]	No_PFAM_overlap
Q9Y4C1	[527, 569]	No_PFAM_overlap
O00634	[440, 462]	UNC-6/NTR/C345C module
O43294	[217, 330]	LIM domain
P07602	[181, 199]	No_PFAM_overlap
P0CG37	[79, 158]	Cripto_Frl-1_Cryptic (CFC)
P17481	[11, 45]	No_PFAM_overlap
P17481	[73, 110]	No_PFAM_overlap
P31040	[470, 486]	No_PFAM_overlap
Q07444	[99, 121]	No_PFAM_overlap
Q12946	[136, 155]	No_PFAM_overlap
Q5T5N4	[16, 33]	No_PFAM_overlap
Q5T5N4	[173, 192]	No_PFAM_overlap
Q7Z460	[846, 863]	No_PFAM_overlap
Q8N567	[107, 249]	Zinc knuckle
Q8NDX1	[155, 183]	No_PFAM_overlap
Q96KG7	[77, 843]	EGF-like domain
Q96KG7	[928, 970]	No_PFAM_overlap
Q96NZ8	[32, 161]	WAP-type (Whey Acidic Protein) 'four-disulfide core'
Q96NZ8	[252, 425]	Kunitz/Bovine pancreatic trypsin inhibitor domain
Q96RY5	[284, 311]	No_PFAM_overlap
Q99985	[511, 574]	No_PFAM_overlap
Q9H000	[0, 54]	Zinc finger C-x8-C-x5-C-x3-H type (and similar)
Q9H000	[157, 221]	Zinc finger C-x8-C-x5-C-x3-H type (and similar)
Q9H000	[250, 269]	No_PFAM_overlap
Q9H963	[0, 128]	Zinc finger, C2H2 type
Q9Y397	[282, 298]	No_PFAM_overlap
A6NCI4	[852, 889]	No_PFAM_overlap
A6NK75	[115, 571]	Zinc finger, C2H2 type
F8WCM5	[105, 142]	No_PFAM_overlap
O00192	[502, 537]	No_PFAM_overlap
O00192	[555, 591]	No_PFAM_overlap
O43559	[296, 324]	No_PFAM_overlap
O95185	[268, 372]	Thrombospondin type 1 domain
P04114	[1512, 1527]	No_PFAM_overlap
P0CG40	[20, 42]	No_PFAM_overlap
P0CG40	[307, 412]	Zinc finger, C2H2 type
P19474	[0, 129]	Zinc finger, C3HC4 type (RING finger)
P23025	[88, 152]	XPA protein N-terminal
P23025	[239, 272]	No_PFAM_overlap
P28562	[131, 171]	No_PFAM_overlap
P63145	[486, 600]	Gag protein p24 C-terminal domain
P98160	[282, 419]	Immunoglobulin domain
P98160	[718, 943]	Laminin/attractin EGF domain
P98160	[1119, 1360]	Laminin/attractin EGF domain
P98160	[1515, 1737]	Laminin/attractin EGF domain
P98160	[2091, 2176]	Immunoglobulin domain
P98160	[3837, 3938]	EGF-like domain
P98160	[4092, 4206]	EGF-like domain
Q00839	[278, 297]	No_PFAM_overlap
Q06141	[34, 53]	No_PFAM_overlap
Q14154	[105, 127]	No_PFAM_overlap
Q14154	[430, 480]	No_PFAM_overlap
Q14532	[0, 74]	No_PFAM_overlap
Q14532	[398, 447]	Intermediate filament protein
Q3MIP1	[207, 230]	No_PFAM_overlap
Q6V0I7	[3661, 3681]	No_PFAM_overlap
Q6V0I7	[3800, 3823]	No_PFAM_overlap
Q6V0I7	[3849, 3967]	Human growth factor-like EGF
Q6V0I7	[4144, 4214]	EGF-like domain
Q6V0I7	[4392, 4409]	No_PFAM_overlap
Q6V0I7	[4419, 4516]	No_PFAM_overlap
Q6ZRV2	[766, 797]	No_PFAM_overlap
Q8IYB9	[63, 647]	Zinc finger, C2H2 type
Q8N130	[262, 283]	No_PFAM_overlap
Q8N130	[295, 314]	No_PFAM_overlap
Q8N130	[557, 598]	No_PFAM_overlap
Q8WUY3	[300, 360]	DHHA2 domain
Q9BSW7	[0, 49]	No_PFAM_overlap
Q9BV44	[176, 231]	THUMP domain
Q9H1R3	[234, 312]	Protein kinase domain
Q9UHC9	[802, 829]	Sterol-sensing domain of SREBP cleavage-activation
Q9UHC9	[967, 999]	No_PFAM_overlap
Q9UIS9	[125, 267]	CXXC zinc finger domain
Q9UKN1	[5120, 5156]	No_PFAM_overlap
Q9UKN1	[5266, 5299]	SEA domain
Q9UKN1	[5323, 5376]	No_PFAM_overlap
Q9ULD4	[202, 235]	PHD-finger
Q9Y2X9	[255, 375]	Zinc finger, C2H2 type
Q9Y446	[545, 574]	No_PFAM_overlap
P05129	[21, 38]	Phorbol esters/diacylglycerol binding domain (C1 domain)
P0CI01	[135, 159]	No_PFAM_overlap
P13611	[339, 361]	Extracellular link domain
P13611	[3076, 3174]	EGF-like domain
P13611	[3337, 3368]	Sushi repeat (SCR repeat)
P43004	[523, 562]	No_PFAM_overlap
P58304	[231, 258]	No_PFAM_overlap
Q14141	[0, 16]	No_PFAM_overlap
Q5SVQ8	[22, 53]	No_PFAM_overlap
Q5SVQ8	[195, 233]	No_PFAM_overlap
Q5SVQ8	[360, 647]	Zinc finger, C2H2 type
Q5SVQ8	[678, 750]	Zinc finger, C2H2 type
Q5VZF2	[0, 94]	Zinc finger C-x8-C-x5-C-x3-H type (and similar)
Q5VZF2	[170, 247]	Zinc finger C-x8-C-x5-C-x3-H type (and similar)
Q5VZF2	[325, 372]	No_PFAM_overlap
Q6UXX5	[210, 226]	No_PFAM_overlap
Q6XUX3	[23, 60]	No_PFAM_overlap
Q6ZMS7	[429, 507]	Zinc finger, C2H2 type
Q7Z6J2	[239, 262]	No_PFAM_overlap
Q86W11	[293, 490]	Zinc finger, C2H2 type
Q8IWC1	[248, 275]	No_PFAM_overlap
Q8IYT1	[184, 238]	No_PFAM_overlap
Q8IYW2	[1518, 1544]	No_PFAM_overlap
Q8TA94	[55, 126]	No_PFAM_overlap
Q8TA94	[151, 475]	Zinc finger, C2H2 type
Q96JQ2	[344, 385]	No_PFAM_overlap
Q9HAK2	[243, 260]	IPT/TIG domain
Q9NQC1	[188, 227]	PHD-finger
Q9NRH1	[137, 216]	No_PFAM_overlap
Q9NRR4	[506, 567]	No_PFAM_overlap
Q9P2J8	[195, 257]	No_PFAM_overlap
Q9P2J8	[270, 864]	Zinc finger, C2H2 type
Q9Y5J1	[224, 251]	No_PFAM_overlap
Q9Y6C5	[245, 295]	Transformer protein 2 N-terminal domain
Q9Y6C5	[603, 621]	No_PFAM_overlap
Q9Y6C5	[648, 668]	No_PFAM_overlap
A1A519	[104, 128]	No_PFAM_overlap
O15204	[100, 164]	Reprolysin family propeptide
O15204	[367, 469]	Reprolysin (M12B) family zinc metalloprotease
O95365	[379, 494]	Zinc finger, C2H2 type
P17041	[65, 272]	Zinc finger, C2H2 type
P35712	[586, 618]	No_PFAM_overlap
P35712	[683, 707]	HMG (high mobility group) box
P40938	[158, 215]	DNA polymerase III, delta subunit
P42285	[118, 133]	No_PFAM_overlap
Q06278	[139, 222]	[2Fe-2S] binding domain
Q06278	[558, 578]	No_PFAM_overlap
Q06278	[1302, 1327]	No_PFAM_overlap
Q14114	[42, 426]	Low-density lipoprotein receptor domain class A
Q14114	[680, 741]	No_PFAM_overlap
Q6IPX1	[467, 500]	No_PFAM_overlap
Q6PJ61	[309, 327]	No_PFAM_overlap
Q6PJ61	[356, 416]	No_PFAM_overlap
Q6PJ61	[519, 584]	No_PFAM_overlap
Q6ZN57	[89, 460]	Zinc finger, C2H2 type
Q7Z7E8	[49, 74]	No_PFAM_overlap
Q7Z7E8	[94, 132]	No_PFAM_overlap
Q8IVT5	[85, 103]	Kinase suppressor RAS 1 N-terminal helical hairpin
Q8IVT5	[147, 174]	No_PFAM_overlap
Q8IVT5	[341, 405]	No_PFAM_overlap
Q8IVT5	[514, 532]	No_PFAM_overlap
Q8IYY4	[154, 187]	No_PFAM_overlap
Q8NFZ0	[972, 1014]	No_PFAM_overlap
Q8TBE0	[374, 395]	No_PFAM_overlap
Q8TBE0	[455, 484]	No_PFAM_overlap
Q8WV41	[222, 243]	No_PFAM_overlap
Q96AC6	[401, 442]	Kinesin motor domain
Q96N95	[241, 330]	Zinc finger, C2H2 type
Q96PE1	[62, 78]	No_PFAM_overlap
Q96PE1	[380, 415]	No_PFAM_overlap
Q96PE1	[590, 614]	No_PFAM_overlap
Q96RL6	[424, 508]	Immunoglobulin domain
B7ZBB8	[73, 97]	No_PFAM_overlap
B7ZBB8	[133, 179]	No_PFAM_overlap
G9CGD6	[488, 514]	PH domain
O95486	[372, 398]	No_PFAM_overlap
P12830	[677, 698]	Cadherin domain
P24386	[561, 608]	RAE1/2 domain I, C-terminal region
P78426	[192, 248]	Homeodomain
Q13191	[368, 458]	Zinc finger, C3HC4 type (RING finger)
Q13342	[668, 760]	PHD-finger
Q13733	[362, 394]	No_PFAM_overlap
Q17RM4	[275, 301]	CC142 N-terminal
Q3LXA3	[0, 23]	Dak1 domain
Q68BL8	[45, 141]	No_PFAM_overlap
Q6P2E9	[1245, 1263]	No_PFAM_overlap
Q6X9E4	[420, 442]	No_PFAM_overlap
Q86Y26	[736, 757]	No_PFAM_overlap
Q8IY22	[346, 384]	No_PFAM_overlap
Q8IY22	[426, 449]	No_PFAM_overlap
Q8NCF0	[203, 301]	No_PFAM_overlap
Q96F46	[177, 201]	IL17RD, second fnIII domain
Q96F46	[582, 600]	No_PFAM_overlap
Q96F46	[700, 720]	No_PFAM_overlap
Q9BX69	[778, 804]	No_PFAM_overlap
Q9BXF3	[505, 552]	Bromodomain
Q9H930	[376, 473]	PHD-finger
Q9Y467	[363, 439]	Zinc finger, C2H2 type
Q9Y467	[625, 711]	Zinc finger, C2H2 type
Q9Y467	[914, 969]	C2H2-type zinc finger
Q9Y5W9	[155, 171]	No_PFAM_overlap
O75610	[231, 262]	Transforming growth factor beta like domain
P0DUQ2	[129, 144]	No_PFAM_overlap
P55283	[702, 720]	No_PFAM_overlap
Q02086	[487, 612]	Zinc finger, C2H2 type
Q15386	[61, 82]	No_PFAM_overlap
Q15940	[6, 192]	Zinc finger, C2H2 type
Q16342	[49, 67]	No_PFAM_overlap
Q16342	[92, 211]	MYND finger
Q49AN0	[186, 217]	No_PFAM_overlap
Q49AN0	[512, 530]	No_PFAM_overlap
Q6PEW1	[342, 372]	No_PFAM_overlap
Q6UXC1	[15, 103]	MAM domain, meprin/A5/mu
Q6UXC1	[419, 434]	MAM domain, meprin/A5/mu
Q6UXC1	[449, 485]	No_PFAM_overlap
Q6UXC1	[629, 663]	MAM domain, meprin/A5/mu
Q8IYN0	[0, 23]	No_PFAM_overlap
Q8IYN0	[135, 537]	Zinc finger, C2H2 type
Q8N398	[71, 149]	Vault protein inter-alpha-trypsin domain
Q8N398	[165, 255]	No_PFAM_overlap
Q8N398	[833, 884]	No_PFAM_overlap
Q8N398	[910, 951]	No_PFAM_overlap
Q8N612	[450, 465]	No_PFAM_overlap
Q8N612	[550, 572]	No_PFAM_overlap
Q8N8B7	[277, 306]	Transcription factor S-II (TFIIS), central domain
Q8TE96	[368, 401]	No_PFAM_overlap
Q8TF20	[4, 558]	C2H2-type zinc finger
Q8TF20	[620, 910]	C2H2-type zinc finger
Q96EP0	[192, 253]	No_PFAM_overlap
Q96EP0	[294, 441]	No_PFAM_overlap
Q9BPW5	[0, 29]	No_PFAM_overlap
Q9H165	[117, 177]	No_PFAM_overlap
Q9H165	[376, 429]	Zinc finger, C2H2 type
Q9H165	[738, 819]	Zinc finger, C2H2 type
Q9P2D6	[368, 428]	No_PFAM_overlap
Q9P2D6	[504, 566]	No_PFAM_overlap
Q9P2D6	[910, 946]	No_PFAM_overlap
A2RRH5	[491, 518]	No_PFAM_overlap
A4D0V7	[59, 84]	No_PFAM_overlap
A4D0V7	[176, 225]	No_PFAM_overlap
A4D0V7	[559, 577]	No_PFAM_overlap
A4D0V7	[1000, 1025]	No_PFAM_overlap
Q12765	[215, 264]	Peptidase family C69
Q12765	[310, 326]	No_PFAM_overlap
Q13753	[7, 214]	Laminin EGF domain
Q13753	[369, 629]	Laminin EGF domain
Q69YN2	[265, 299]	No_PFAM_overlap
Q6IV72	[112, 156]	No_PFAM_overlap
Q6IV72	[177, 738]	Zinc finger, C2H2 type
Q86YD5	[17, 143]	Low-density lipoprotein receptor domain class A
Q8IUR5	[22, 44]	No_PFAM_overlap
Q8N565	[0, 37]	No_PFAM_overlap
Q8NFT8	[304, 626]	EGF-like domain
Q8TDW7	[3739, 3846]	No_PFAM_overlap
Q8TDW7	[4015, 4146]	Human growth factor-like EGF
Q8TDW7	[4224, 4264]	No_PFAM_overlap
Q8WZA1	[222, 294]	No_PFAM_overlap
Q92794	[159, 324]	PHD-finger
Q9BRP0	[105, 249]	C2H2-type zinc finger
Q9BZE2	[103, 122]	No_PFAM_overlap
Q9BZE2	[435, 457]	No_PFAM_overlap
Q9GZU5	[14, 59]	No_PFAM_overlap
Q9NU63	[80, 199]	Zinc finger, C2H2 type
Q9NU63	[289, 392]	Zinc finger, C2H2 type
Q9P253	[14, 32]	No_PFAM_overlap
Q9Y2W7	[33, 58]	No_PFAM_overlap
Q9Y4X5	[159, 187]	Zinc finger, C3HC4 type (RING finger)
Q9Y4X5	[295, 392]	IBR domain, a half RING-finger domain
A0A0G2JMD5	[123, 146]	No_PFAM_overlap
A0A0G2JMD5	[453, 473]	PRAME C-terminal domain
A1L020	[111, 149]	KH domain
A1L020	[298, 340]	No_PFAM_overlap
O14543	[167, 220]	No_PFAM_overlap
P15924	[54, 112]	No_PFAM_overlap
P15924	[172, 189]	No_PFAM_overlap
P15924	[627, 661]	No_PFAM_overlap
P15924	[2436, 2453]	No_PFAM_overlap
P17024	[67, 102]	No_PFAM_overlap
P17024	[140, 531]	Zinc finger, C2H2 type
Q2TAZ0	[535, 588]	No_PFAM_overlap
Q2TAZ0	[676, 710]	No_PFAM_overlap
Q2TAZ0	[839, 899]	No_PFAM_overlap
Q6IEG0	[59, 147]	U11-48K-like CHHC zinc finger
Q6ZMT4	[87, 110]	No_PFAM_overlap
Q6ZMT4	[729, 758]	No_PFAM_overlap
Q6ZS17	[1195, 1221]	No_PFAM_overlap
Q6ZSA7	[28, 60]	No_PFAM_overlap
Q86UP0	[612, 630]	No_PFAM_overlap
Q86W25	[979, 999]	No_PFAM_overlap
Q86YE8	[236, 367]	Zinc finger, C2H2 type
Q86YE8	[378, 664]	C2H2-type zinc finger
Q8IVV2	[1783, 1799]	PLAT/LH2 domain
Q8IWK6	[57, 72]	No_PFAM_overlap
Q8NE35	[391, 406]	No_PFAM_overlap
Q8TEU8	[38, 184]	WAP-type (Whey Acidic Protein) 'four-disulfide core'
Q8TEU8	[312, 454]	Kunitz/Bovine pancreatic trypsin inhibitor domain
Q8WZ74	[649, 692]	No_PFAM_overlap
Q8WZ74	[913, 987]	No_PFAM_overlap
Q9UHX3	[21, 277]	Calcium-binding EGF domain
Q9UIF7	[269, 354]	No_PFAM_overlap
A2A288	[242, 284]	Zc3h12a-like Ribonuclease NYN domain
O75164	[641, 797]	PHD-zinc-finger like domain
O95390	[294, 315]	Transforming growth factor beta like domain
Q09FC8	[56, 79]	No_PFAM_overlap
Q09FC8	[113, 163]	No_PFAM_overlap
Q09FC8	[239, 602]	Zinc finger, C2H2 type
Q13829	[6, 21]	No_PFAM_overlap
Q3KNW1	[17, 125]	No_PFAM_overlap
Q3KNW1	[143, 288]	Zinc finger, C2H2 type
Q4G0N4	[384, 430]	No_PFAM_overlap
Q5VTT2	[0, 16]	No_PFAM_overlap
Q5VWQ0	[734, 754]	No_PFAM_overlap
Q86WI1	[3551, 3582]	No_PFAM_overlap
Q86WI1	[3672, 3699]	No_PFAM_overlap
Q86YC2	[607, 625]	No_PFAM_overlap
Q86YC2	[806, 837]	No_PFAM_overlap
Q8NI08	[250, 325]	No_PFAM_overlap
Q8TAW3	[116, 148]	No_PFAM_overlap
Q8TAW3	[171, 219]	No_PFAM_overlap
Q8TAW3	[269, 530]	Zinc finger, C2H2 type
Q96H55	[674, 698]	Myosin head (motor domain)
Q96H55	[724, 741]	No_PFAM_overlap
Q96H55	[920, 944]	No_PFAM_overlap
Q96PQ6	[24, 43]	No_PFAM_overlap
Q96PQ6	[165, 594]	Zinc finger, C2H2 type
Q96RR4	[34, 61]	No_PFAM_overlap
Q9BRR0	[130, 214]	SCAN domain
Q9BRR0	[309, 536]	Zinc finger, C2H2 type
Q9BVC3	[2, 39]	No_PFAM_overlap
Q9Y345	[118, 147]	No_PFAM_overlap
Q9Y6R6	[132, 311]	Zinc finger, C2H2 type
Q9Y6R6	[322, 339]	Zinc finger, C2H2 type
Q9Y6R6	[351, 712]	Zinc finger, C2H2 type
Q9Y6R6	[743, 807]	C2H2-type zinc finger
A1L4H1	[195, 407]	Scavenger receptor cysteine-rich domain
O43167	[284, 515]	Zinc finger, C2H2 type
O60496	[56, 80]	No_PFAM_overlap
O60496	[117, 146]	No_PFAM_overlap
O95125	[381, 455]	Zinc finger, C2H2 type
O95125	[475, 642]	Zinc finger, C2H2 type
P00736	[145, 223]	Coagulation Factor Xa inhibitory site
P00736	[413, 468]	Sushi repeat (SCR repeat)
P0DP72	[364, 523]	Immunoglobulin domain
P11388	[424, 458]	DNA gyrase B
P98169	[261, 278]	Zinc finger, C2H2 type
P98169	[290, 588]	Zinc finger, C2H2 type
Q12841	[22, 116]	Kazal-type serine protease inhibitor domain
Q14162	[25, 408]	Laminin EGF domain
Q14833	[880, 905]	No_PFAM_overlap
Q17RG1	[257, 278]	No_PFAM_overlap
Q17RG1	[504, 519]	No_PFAM_overlap
Q2M1K9	[129, 344]	Zinc finger, C2H2 type
Q2M1K9	[467, 586]	Zinc finger, C2H2 type
Q2M1K9	[876, 1025]	C2H2-type zinc finger
Q2M1K9	[1041, 1140]	Zinc finger, C2H2 type
Q2M1K9	[1163, 1204]	No_PFAM_overlap
Q2M1K9	[1216, 1234]	No_PFAM_overlap
Q4VNC0	[857, 885]	No_PFAM_overlap
Q5JRS4	[303, 328]	No_PFAM_overlap
Q5T619	[270, 556]	Zinc finger, C2H2 type
Q6UXG2	[34, 160]	ELAPOR1-like, galactose-binding domain
Q6UXG2	[269, 417]	ELAPOR1-like, galactose-binding domain
Q6UXG2	[585, 666]	ELAPOR1-like, mannose 6-phosphate receptor homology domain
Q6UXG2	[955, 999]	No_PFAM_overlap
Q6ZV65	[370, 391]	No_PFAM_overlap
Q8IWE5	[883, 903]	No_PFAM_overlap
Q8IWY9	[514, 530]	No_PFAM_overlap
Q8IWY9	[926, 957]	No_PFAM_overlap
Q8IWY9	[1012, 1027]	No_PFAM_overlap
Q8IWY9	[1205, 1225]	No_PFAM_overlap
Q8IYH5	[785, 897]	Zinc finger, ZZ type
Q8N3G9	[378, 414]	No_PFAM_overlap
Q8N7C0	[19, 46]	No_PFAM_overlap
Q8NFH8	[25, 48]	No_PFAM_overlap
Q8NFH8	[368, 391]	No_PFAM_overlap
Q96HA8	[4, 29]	N-terminal glutamine amidase
Q96L73	[592, 611]	No_PFAM_overlap
Q96L73	[1541, 1746]	PHD-finger
Q96L73	[2059, 2091]	SET domain
Q96PV7	[76, 150]	No_PFAM_overlap
Q96PV7	[404, 439]	No_PFAM_overlap
Q96SK3	[70, 695]	Zinc finger, C2H2 type
Q99952	[10, 59]	Protein-tyrosine phosphatase
Q9BYL1	[25, 50]	No_PFAM_overlap
Q9HBK9	[326, 367]	No_PFAM_overlap
A8MUV8	[106, 348]	Zinc finger, C2H2 type
A8MUV8	[361, 474]	Zinc finger, C2H2 type
B7ZC32	[669, 687]	No_PFAM_overlap
O15327	[192, 232]	No_PFAM_overlap
O15327	[838, 857]	No_PFAM_overlap
O75679	[9, 97]	RFPL defining motif (RDM)
O75679	[285, 305]	SPRY domain
O94823	[444, 492]	No_PFAM_overlap
P0CG00	[344, 495]	Zinc finger, C2H2 type
P17948	[1289, 1330]	No_PFAM_overlap
P19883	[17, 308]	Kazal-type serine protease inhibitor domain
P35916	[639, 675]	No_PFAM_overlap
P35916	[1208, 1237]	No_PFAM_overlap
Q03164	[1470, 1633]	PHD-finger
Q03164	[3946, 3968]	No_PFAM_overlap
Q12986	[353, 369]	No_PFAM_overlap
Q12986	[381, 959]	NF-X1 type zinc finger
Q14156	[0, 19]	No_PFAM_overlap
Q14156	[804, 820]	No_PFAM_overlap
Q2TB18	[644, 670]	No_PFAM_overlap
Q6ZSS3	[163, 339]	Zinc finger, C2H2 type
Q7L0X2	[253, 302]	No_PFAM_overlap
Q86SX3	[231, 250]	No_PFAM_overlap
Q86VV4	[15, 53]	No_PFAM_overlap
Q86VV4	[161, 214]	No_PFAM_overlap
Q86VV4	[258, 285]	No_PFAM_overlap
Q86VV8	[1810, 1831]	No_PFAM_overlap
Q9H2X6	[118, 143]	No_PFAM_overlap
Q9H2X6	[533, 567]	No_PFAM_overlap
Q9UF11	[137, 156]	No_PFAM_overlap
Q9ULB5	[574, 599]	Cadherin domain
Q9UMZ3	[1452, 1475]	Fibronectin type III domain
Q9Y2G4	[383, 422]	No_PFAM_overlap
O15118	[303, 321]	No_PFAM_overlap
O15118	[794, 818]	Sterol-sensing domain of SREBP cleavage-activation
O15118	[943, 999]	No_PFAM_overlap
O95235	[25, 45]	No_PFAM_overlap
O95876	[0, 17]	No_PFAM_overlap
O95876	[658, 710]	No_PFAM_overlap
P07988	[277, 380]	Saposin-like type B, region 2
P0C7X1	[467, 500]	No_PFAM_overlap
P0DPK4	[22, 287]	Calcium-binding EGF domain
Q2VPA4	[84, 105]	Sushi repeat (SCR repeat)
Q52LW3	[893, 974]	No_PFAM_overlap
Q5SZB4	[385, 430]	No_PFAM_overlap
Q6P9G9	[325, 517]	Zinc finger, C2H2 type
Q75N90	[58, 351]	TB domain
Q75N90	[399, 553]	Human growth factor-like EGF
Q75N90	[569, 904]	TB domain
Q75N90	[942, 2700]	EGF domain
Q8IWU4	[53, 71]	No_PFAM_overlap
Q96GC6	[477, 639]	Zinc finger, C2H2 type
Q9BWE0	[61, 196]	Zinc finger, C2H2 type
Q9BWE0	[234, 309]	Zinc finger, C2H2 type
Q9BWE0	[370, 561]	Zinc finger, C2H2 type
Q9NR96	[12, 28]	No_PFAM_overlap
Q9NR96	[255, 270]	No_PFAM_overlap
Q9Y4D7	[91, 117]	No_PFAM_overlap
Q9Y4D7	[702, 760]	No_PFAM_overlap
A0A1W2PPD8	[372, 391]	No_PFAM_overlap
A2RU30	[53, 152]	Ki-ras-induced actin-interacting protein-IP3R-interacting domain
O60840	[488, 524]	No_PFAM_overlap
P01042	[82, 153]	Cystatin domain
P16581	[118, 554]	Lectin C-type domain
P17038	[84, 808]	C2H2-type zinc finger
P52741	[81, 115]	No_PFAM_overlap
P52741	[162, 426]	Zinc finger, C2H2 type
P62633	[39, 175]	Zinc knuckle
Q02556	[75, 184]	Interferon regulatory factor transcription factor
Q02556	[394, 420]	No_PFAM_overlap
Q15596	[181, 269]	PAS domain
Q53H54	[90, 111]	TYW2 N-terminal domain
Q68CQ1	[375, 396]	No_PFAM_overlap
Q7Z6B7	[325, 352]	No_PFAM_overlap
Q7Z6B7	[699, 723]	No_PFAM_overlap
Q8N423	[150, 185]	No_PFAM_overlap
Q8NDQ6	[62, 91]	No_PFAM_overlap
Q8NDQ6	[175, 307]	Zinc finger, C2H2 type
Q8NDQ6	[319, 501]	Zinc finger, C2H2 type
Q8NDQ6	[516, 659]	Zinc finger, C2H2 type
Q92673	[1010, 1555]	Low-density lipoprotein receptor domain class A
Q96JB8	[304, 328]	No_PFAM_overlap
Q96JB8	[355, 414]	No_PFAM_overlap
Q96JS3	[25, 52]	SCAN domain
Q96JS3	[101, 167]	SCAN domain
Q9H2K2	[11, 27]	No_PFAM_overlap
Q9UI38	[102, 118]	Trypsin
Q9UKW6	[143, 169]	No_PFAM_overlap
O43157	[68, 94]	No_PFAM_overlap
O94812	[205, 262]	C2 domain
P19438	[30, 212]	TNFR/NGFR cysteine-rich region
P19438	[436, 454]	Death domain
P55289	[579, 603]	Cadherin domain
P80192	[114, 131]	No_PFAM_overlap
Q01814	[479, 502]	No_PFAM_overlap
Q04756	[101, 296]	EGF-like domain
Q07617	[164, 181]	No_PFAM_overlap
Q07617	[491, 513]	No_PFAM_overlap
Q07617	[620, 643]	No_PFAM_overlap
Q07889	[422, 448]	SOS1/NGEF-like PH domain
Q5HY92	[699, 720]	No_PFAM_overlap
Q6IE81	[183, 229]	PHD-finger
Q75VX8	[337, 366]	No_PFAM_overlap
Q86TH1	[42, 186]	ADAMTS cysteine-rich domain
Q86TH1	[560, 950]	Thrombospondin type 1 domain
Q8IU80	[459, 596]	Trypsin
Q8IWZ3	[195, 222]	No_PFAM_overlap
Q8N5I3	[234, 258]	No_PFAM_overlap
Q96AY4	[1334, 1362]	No_PFAM_overlap
Q9H0D2	[137, 234]	Zinc finger, C2H2 type
Q9H0D2	[831, 886]	No_PFAM_overlap
Q9H0D2	[1000, 1056]	ELM2 domain
Q9HBW9	[8, 116]	Calcium-binding EGF domain
Q9N2J8	[39, 57]	No_PFAM_overlap
Q9N2J8	[154, 172]	No_PFAM_overlap
Q9N2J8	[235, 280]	ENV polyprotein (coat polyprotein)
Q9NQ69	[187, 217]	LIM domain
Q9NV66	[376, 422]	Radical SAM superfamily
Q9Y694	[55, 90]	No_PFAM_overlap
Q9Y694	[114, 138]	No_PFAM_overlap
A0A087WUV0	[166, 258]	Zinc finger, C2H2 type
A0A087WUV0	[270, 509]	Zinc-finger double domain
O43795	[1108, 1135]	Unconventional myosin tail, actin- and lipid-binding
P37275	[163, 297]	Drought induced 19 protein (Di19), zinc-binding
P37275	[900, 997]	Zinc finger, C2H2 type
P55265	[465, 540]	Double-stranded RNA binding motif
Q32M78	[109, 641]	Zinc finger, C2H2 type
Q569K4	[12, 52]	Zinc-finger of C2H2 type
Q5SWL7	[127, 147]	PRAME C-terminal domain
Q6UXB4	[75, 107]	No_PFAM_overlap
Q86UY6	[193, 225]	No_PFAM_overlap
Q86XX4	[19, 1074]	von Willebrand factor type C domain
Q86XX4	[2746, 2788]	No_PFAM_overlap
Q86XX4	[3955, 3987]	No_PFAM_overlap
Q8IXJ9	[591, 625]	No_PFAM_overlap
Q8IXJ9	[1048, 1100]	No_PFAM_overlap
Q8N3Z6	[166, 213]	No_PFAM_overlap
Q8N3Z6	[229, 395]	Zinc knuckle
Q8N9F8	[73, 142]	No_PFAM_overlap
Q8N9F8	[176, 521]	Zinc finger, C2H2 type
Q8NB78	[49, 87]	No_PFAM_overlap
Q8NB78	[217, 278]	No_PFAM_overlap
Q8NBF2	[381, 407]	No_PFAM_overlap
Q8NFU1	[407, 447]	No_PFAM_overlap
Q8WW14	[20, 36]	No_PFAM_overlap
Q96FN5	[462, 518]	No_PFAM_overlap
Q96JQ0	[3097, 3150]	No_PFAM_overlap
Q9BST9	[425, 456]	No_PFAM_overlap
Q9C0A1	[274, 295]	No_PFAM_overlap
Q9C0A1	[434, 533]	No_PFAM_overlap
Q9C0A1	[568, 598]	No_PFAM_overlap
Q9C0A1	[1000, 1047]	No_PFAM_overlap
Q9C0A1	[1180, 1220]	No_PFAM_overlap
Q9C0A1	[1245, 1274]	No_PFAM_overlap
Q9C0A1	[1473, 1491]	No_PFAM_overlap
Q9C0A1	[1667, 1698]	No_PFAM_overlap
Q9C0A1	[2136, 2158]	No_PFAM_overlap
Q9C0A1	[2432, 2515]	No_PFAM_overlap
Q9NR56	[0, 90]	RNA-binding, Nab2-type zinc finger
Q9NR56	[170, 253]	Zinc finger C-x8-C-x5-C-x3-H type (and similar)
Q9NRH2	[678, 764]	No_PFAM_overlap
Q9NXR5	[164, 220]	Ankyrin repeats (3 copies)
Q9P283	[164, 181]	No_PFAM_overlap
Q9P283	[549, 777]	SEMA5B-like, TSP-1 type 1
Q9P283	[794, 993]	SEMA5B-like, TSP-1 type 1
Q9P283	[1033, 1063]	No_PFAM_overlap
Q9UGT4	[24, 54]	No_PFAM_overlap
Q9UPZ6	[133, 272]	Spondin-like TSP1 domain
Q9UPZ6	[315, 978]	Spondin-like TSP1 domain
Q9UPZ6	[1112, 1430]	Thrombospondin type 1 domain
Q9UPZ6	[1485, 1565]	THS7A/B C-terminal TSP1 domain
Q9Y2E6	[182, 209]	No_PFAM_overlap
O14561	[23, 40]	No_PFAM_overlap
O15062	[588, 671]	No_PFAM_overlap
P04183	[182, 199]	Thymidine kinase
P13612	[91, 121]	No_PFAM_overlap
P50876	[0, 18]	No_PFAM_overlap
Q12766	[112, 156]	No_PFAM_overlap
Q12766	[301, 351]	No_PFAM_overlap
Q12766	[592, 662]	No_PFAM_overlap
Q12766	[1111, 1195]	No_PFAM_overlap
Q14C87	[1058, 1096]	No_PFAM_overlap
Q6F5E8	[135, 162]	No_PFAM_overlap
Q6F5E8	[391, 415]	No_PFAM_overlap
Q6F5E8	[678, 758]	No_PFAM_overlap
Q6NZY4	[215, 277]	Zinc knuckle
Q6P1R4	[307, 336]	No_PFAM_overlap
Q6P1R4	[391, 443]	No_PFAM_overlap
Q6ZW61	[199, 248]	No_PFAM_overlap
Q8IWA0	[716, 731]	No_PFAM_overlap
Q8N2I2	[48, 89]	No_PFAM_overlap
Q8N2I2	[101, 123]	No_PFAM_overlap
Q8N2I2	[156, 490]	Zinc finger, C2H2 type
Q8N841	[833, 890]	No_PFAM_overlap
Q8TE59	[532, 802]	Reprolysin (M12B) family zinc metalloprotease
Q8TE59	[916, 1168]	ADAMTS C-terminal helical domain
Q9BYB0	[89, 104]	No_PFAM_overlap
Q9H5Y7	[20, 51]	No_PFAM_overlap
Q9H5Y7	[317, 343]	No_PFAM_overlap
Q9H5Y7	[559, 576]	No_PFAM_overlap
Q9HCG7	[49, 76]	No_PFAM_overlap
Q9HD43	[720, 742]	No_PFAM_overlap
Q9NRP7	[425, 441]	No_PFAM_overlap
Q9Y2H6	[58, 74]	No_PFAM_overlap
O60315	[254, 336]	Drought induced 19 protein (Di19), zinc-binding
O60315	[464, 481]	No_PFAM_overlap
O60315	[524, 595]	No_PFAM_overlap
O60315	[1000, 1092]	Zinc finger, C2H2 type
P04217	[164, 220]	Immunoglobulin domain
P31483	[191, 211]	No_PFAM_overlap
P40763	[679, 737]	No_PFAM_overlap
Q08554	[667, 685]	No_PFAM_overlap
Q08554	[757, 779]	No_PFAM_overlap
Q08554	[824, 893]	No_PFAM_overlap
Q13438	[170, 260]	Glucosidase II beta subunit-like protein
Q13797	[72, 131]	No_PFAM_overlap
Q14160	[406, 422]	No_PFAM_overlap
Q14160	[849, 868]	PDZ domain
Q53TQ3	[283, 324]	No_PFAM_overlap
Q53TQ3	[384, 522]	KANL2-like, probable zinc-finger domain
Q53TQ3	[663, 687]	No_PFAM_overlap
Q5T2R2	[68, 90]	No_PFAM_overlap
Q5T5M9	[344, 361]	No_PFAM_overlap
Q5VWN6	[225, 259]	No_PFAM_overlap
Q5VWN6	[725, 753]	No_PFAM_overlap
Q5VWN6	[814, 848]	No_PFAM_overlap
Q5VWN6	[1633, 1679]	No_PFAM_overlap
Q6P2C0	[624, 642]	No_PFAM_overlap
Q7Z5L7	[52, 100]	No_PFAM_overlap
Q86UR5	[1082, 1105]	No_PFAM_overlap
Q8NEL9	[225, 252]	No_PFAM_overlap
Q8NEL9	[301, 317]	No_PFAM_overlap
Q8TCF1	[0, 114]	AN1-like Zinc finger
Q9BW71	[426, 490]	Histone chaperone domain CHZ
Q9H693	[34, 109]	Domain of unknown function (DUF4568)
Q9H7M6	[374, 416]	No_PFAM_overlap
Q9HCE5	[97, 135]	No_PFAM_overlap
Q9HCE5	[373, 392]	No_PFAM_overlap
Q9NP86	[0, 15]	No_PFAM_overlap
Q9Y6Y1	[6, 48]	No_PFAM_overlap
Q9Y6Y1	[245, 263]	No_PFAM_overlap
Q9Y6Y1	[802, 837]	No_PFAM_overlap
Q9Y6Y1	[1026, 1044]	No_PFAM_overlap
A0PJY2	[109, 203]	No_PFAM_overlap
A0PJY2	[237, 426]	Zinc finger, C2H2 type
O00468	[153, 670]	Kazal-type serine protease inhibitor domain
O00468	[1524, 1642]	Laminin G domain
O00468	[1813, 1897]	No_PFAM_overlap
O15209	[475, 566]	Zinc finger, C2H2 type
O60279	[191, 209]	No_PFAM_overlap
O60763	[10, 26]	No_PFAM_overlap
O75185	[48, 64]	Cation transporter/ATPase, N-terminus
O75185	[360, 386]	No_PFAM_overlap
O94989	[713, 744]	No_PFAM_overlap
P10243	[377, 424]	No_PFAM_overlap
P30048	[30, 69]	AhpC/TSA family
P55268	[284, 559]	Laminin/attractin EGF domain
P55268	[746, 1210]	Laminin/attractin EGF domain
P60413	[6, 61]	No_PFAM_overlap
P60413	[216, 244]	No_PFAM_overlap
Q03924	[34, 482]	Zinc-finger double domain
Q5JY77	[524, 555]	No_PFAM_overlap
Q5JY77	[566, 701]	No_PFAM_overlap
Q5JY77	[1008, 1039]	No_PFAM_overlap
Q5JY77	[1052, 1088]	No_PFAM_overlap
Q5JY77	[1117, 1154]	Armadillo-like
Q5T0N5	[348, 373]	No_PFAM_overlap
Q86UP6	[26, 43]	No_PFAM_overlap
Q8IUK8	[55, 78]	No_PFAM_overlap
Q8IY92	[266, 371]	No_PFAM_overlap
Q8IY92	[784, 816]	BTB/POZ domain
Q8N2E2	[158, 189]	VWDE-like, immunoglobulin domain
Q8N2E2	[603, 629]	No_PFAM_overlap
Q8N2E2	[884, 929]	No_PFAM_overlap
Q8N2E2	[963, 995]	No_PFAM_overlap
Q8N2E2	[1226, 1268]	No_PFAM_overlap
Q8N2E2	[1288, 1587]	No_PFAM_overlap
Q8N8E2	[122, 239]	Zinc finger, C2H2 type
Q8N8E2	[304, 338]	No_PFAM_overlap
Q8N8E2	[353, 493]	Zinc finger, C2H2 type
Q96FC7	[5, 54]	Fibronectin type III domain
Q96FM1	[20, 53]	No_PFAM_overlap
Q96G75	[376, 392]	RING-type zinc-finger
Q96M86	[137, 172]	No_PFAM_overlap
Q96M86	[4338, 4408]	No_PFAM_overlap
Q96RU7	[64, 92]	Protein kinase domain
Q9NTW7	[11, 57]	No_PFAM_overlap
Q9NTW7	[136, 254]	Zinc finger, C2H2 type
Q9NTW7	[287, 440]	Zinc finger, C2H2 type
Q9NTW7	[468, 549]	Zinc finger, C2H2 type
Q9NTW7	[567, 597]	No_PFAM_overlap
Q9Y5W3	[271, 354]	Zinc finger, C2H2 type
A0A087WVF3	[467, 500]	No_PFAM_overlap
A5PLN7	[354, 381]	Protein of unknown function (DUF3719)
A5PLN7	[396, 412]	No_PFAM_overlap
A6NIN4	[5, 106]	RING-type zinc-finger
B4DXR9	[106, 134]	No_PFAM_overlap
B4DXR9	[161, 191]	No_PFAM_overlap
B4DXR9	[220, 584]	C2H2-type zinc finger
O94761	[945, 985]	No_PFAM_overlap
P00742	[44, 176]	Vitamin K-dependent carboxylation/gamma-carboxyglutamic (GLA) domain
P00742	[207, 246]	Trypsin
P15822	[378, 475]	Zinc finger, C2H2 type
P15822	[954, 989]	No_PFAM_overlap
P15822	[2069, 2156]	Zinc finger, C2H2 type
P29376	[61, 84]	No_PFAM_overlap
P29460	[280, 327]	No_PFAM_overlap
P49792	[1315, 1387]	Zn-finger in Ran binding protein and others
P49792	[1406, 1502]	Zn-finger in Ran binding protein and others
Q02446	[618, 725]	Zinc finger, C2H2 type
Q07343	[9, 30]	No_PFAM_overlap
Q07343	[658, 679]	No_PFAM_overlap
Q5VY43	[52, 747]	Platelet endothelial aggregation receptor 1-like, EGF domain
Q6P0N0	[334, 367]	No_PFAM_overlap
Q6P0N0	[653, 693]	No_PFAM_overlap
Q6P0N0	[869, 920]	No_PFAM_overlap
Q6P0N0	[1024, 1083]	No_PFAM_overlap
Q8N0W4	[725, 746]	No_PFAM_overlap
Q8N201	[904, 922]	No_PFAM_overlap
Q8NEP7	[175, 198]	No_PFAM_overlap
Q8TD19	[890, 906]	No_PFAM_overlap
Q8WUI4	[517, 554]	Histone deacetylase domain
Q92538	[1093, 1117]	No_PFAM_overlap
Q96CW9	[12, 29]	No_PFAM_overlap
Q96CW9	[290, 494]	Laminin EGF domain
Q96NG8	[188, 461]	Zinc finger, C2H2 type
Q96PE3	[931, 961]	No_PFAM_overlap
Q99592	[347, 480]	C2H2-type zinc finger
Q9GZX5	[195, 427]	Zinc finger, C2H2 type
Q9H221	[365, 393]	No_PFAM_overlap
Q9NPB8	[635, 655]	No_PFAM_overlap
X6R8R1	[182, 200]	No_PFAM_overlap
A0A087X179	[467, 500]	No_PFAM_overlap
A0A0U1RQI7	[411, 449]	No_PFAM_overlap
A0A0U1RQI7	[935, 1049]	Zinc finger, C2H2 type
O60269	[224, 305]	No_PFAM_overlap
O75116	[1274, 1313]	No_PFAM_overlap
O75677	[9, 96]	RFPL defining motif (RDM)
P08603	[176, 362]	Sushi repeat (SCR repeat)
P08603	[890, 1175]	Sushi repeat (SCR repeat)
P17021	[38, 92]	KRAB box
P17021	[129, 149]	No_PFAM_overlap
P17021	[176, 340]	Zinc finger, C2H2 type
P17021	[454, 661]	Zinc finger, C2H2 type
P36507	[381, 399]	No_PFAM_overlap
P51797	[5, 31]	No_PFAM_overlap
P57075	[358, 379]	No_PFAM_overlap
P57075	[423, 471]	Histidine phosphatase superfamily (branch 1)
Q13049	[102, 147]	No_PFAM_overlap
Q13610	[124, 155]	No_PFAM_overlap
Q2NKX8	[666, 697]	No_PFAM_overlap
Q68EA5	[66, 554]	Zinc finger, C2H2 type
Q6PJG9	[486, 525]	No_PFAM_overlap
Q6PKC3	[432, 488]	No_PFAM_overlap
Q6PKC3	[524, 582]	No_PFAM_overlap
Q6R2W3	[511, 537]	No_PFAM_overlap
Q6ZV70	[0, 22]	No_PFAM_overlap
Q7Z340	[60, 163]	KRAB box
Q7Z340	[226, 666]	Zinc finger, C2H2 type
Q86TI0	[175, 207]	No_PFAM_overlap
Q8N344	[16, 60]	No_PFAM_overlap
Q8N6M9	[0, 142]	ZFAND2A/B-like C2H2 zinc finger
Q96N96	[126, 160]	SH3 domain
Q96NU1	[78, 109]	No_PFAM_overlap
Q96RG2	[60, 125]	No_PFAM_overlap
Q96RG2	[407, 427]	No_PFAM_overlap
Q96RG2	[447, 470]	No_PFAM_overlap
Q96RG2	[601, 766]	No_PFAM_overlap
Q96RG2	[784, 838]	No_PFAM_overlap
Q99741	[140, 169]	No_PFAM_overlap
Q99741	[404, 427]	No_PFAM_overlap
Q9H175	[376, 427]	No_PFAM_overlap
Q9UIM3	[167, 186]	No_PFAM_overlap
Q9ULB1	[186, 279]	Laminin G domain
Q9ULB1	[1066, 1114]	No_PFAM_overlap
Q9Y2M5	[292, 310]	No_PFAM_overlap
A6ND01	[10, 26]	Folate receptor family
O00587	[302, 320]	No_PFAM_overlap
O95425	[1879, 1898]	No_PFAM_overlap
O95425	[1934, 1974]	No_PFAM_overlap
P06127	[152, 214]	No_PFAM_overlap
P06127	[235, 375]	No_PFAM_overlap
P08581	[86, 105]	No_PFAM_overlap
P08581	[153, 177]	No_PFAM_overlap
P08922	[9, 108]	No_PFAM_overlap
P08922	[1317, 1341]	No_PFAM_overlap
P08922	[2228, 2274]	No_PFAM_overlap
Q14592	[160, 367]	Zinc finger, C2H2 type
Q15569	[568, 605]	No_PFAM_overlap
Q2M3X9	[210, 578]	Zinc finger, C2H2 type
Q3MJ13	[635, 666]	No_PFAM_overlap
Q53GI3	[314, 551]	Zinc finger, C2H2 type
Q6ZN06	[208, 616]	Zinc finger, C2H2 type
Q6ZN17	[120, 168]	Lin-28A-like, second zinc knuckle
Q6ZSZ5	[193, 228]	No_PFAM_overlap
Q71RC2	[91, 120]	No_PFAM_overlap
Q8NCG7	[250, 268]	No_PFAM_overlap
Q8NCG7	[593, 670]	No_PFAM_overlap
Q99466	[25, 1298]	Calcium-binding EGF domain
Q9UBG0	[320, 411]	Lectin C-type domain
Q9UBG0	[651, 673]	No_PFAM_overlap
Q9UBG0	[922, 998]	Lectin C-type domain
Q9ULG1	[1000, 1037]	No_PFAM_overlap
O14613	[78, 113]	Cdc42 effector
O15530	[355, 381]	No_PFAM_overlap
O95613	[596, 632]	No_PFAM_overlap
O95613	[1184, 1251]	No_PFAM_overlap
O95789	[70, 272]	MYM-type Zinc finger with FCS sequence motif
O95789	[733, 820]	No_PFAM_overlap
P01880	[347, 377]	Immunoglobulin C1-set domain
P83105	[35, 165]	Kazal-type serine protease inhibitor domain
Q14694	[16, 91]	Ataxin-2 C-terminal region
Q2MJR0	[20, 39]	No_PFAM_overlap
Q5SQQ9	[65, 105]	Homeodomain
Q6PCT2	[640, 686]	No_PFAM_overlap
Q6PJ69	[347, 369]	No_PFAM_overlap
Q86UG4	[85, 104]	No_PFAM_overlap
Q86XN6	[80, 99]	No_PFAM_overlap
Q86XN6	[207, 745]	Zinc-finger double domain
Q8NCA5	[0, 40]	Protein of unknown function (DUF2465)
Q8NES3	[356, 378]	Fringe-like
Q8WW36	[33, 149]	Zinc knuckle
Q96EQ0	[52, 109]	TPR repeat
Q96F86	[74, 90]	No_PFAM_overlap
Q96IC2	[218, 235]	Exonuclease
Q96IC2	[409, 424]	No_PFAM_overlap
Q96IC2	[434, 464]	No_PFAM_overlap
Q96QP1	[455, 503]	No_PFAM_overlap
Q96QZ7	[14, 35]	No_PFAM_overlap
Q9GZZ0	[154, 183]	No_PFAM_overlap
Q9NQW1	[736, 773]	No_PFAM_overlap
Q9NQW1	[1136, 1163]	No_PFAM_overlap
Q9NUA8	[729, 782]	No_PFAM_overlap
Q9NUA8	[802, 1159]	Zinc-finger of C2H2 type
Q9UKW4	[161, 202]	RhoGEF domain
A6NI03	[4, 140]	B-box zinc finger
O75052	[401, 467]	No_PFAM_overlap
O75592	[136, 158]	No_PFAM_overlap
O75592	[743, 826]	No_PFAM_overlap
O75592	[2617, 2670]	No_PFAM_overlap
O75592	[3048, 3068]	No_PFAM_overlap
O75592	[3089, 3107]	No_PFAM_overlap
O75592	[3176, 3197]	No_PFAM_overlap
O75592	[3218, 3304]	No_PFAM_overlap
O75592	[3347, 3414]	No_PFAM_overlap
O75592	[3673, 3690]	No_PFAM_overlap
O75592	[4251, 4268]	No_PFAM_overlap
O75592	[4342, 4439]	No_PFAM_overlap
O75592	[4550, 4599]	No_PFAM_overlap
O75592	[4614, 4677]	No_PFAM_overlap
P0C091	[2120, 2138]	Calx-beta domain
P12757	[369, 387]	No_PFAM_overlap
P12757	[401, 419]	No_PFAM_overlap
P12757	[483, 517]	No_PFAM_overlap
P17020	[208, 681]	Zinc finger, C2H2 type
P45974	[0, 16]	Variant UBP zinc finger
P51843	[27, 79]	Nuclear receptor repeat
P51843	[236, 260]	Nuclear receptor repeat
P53671	[0, 20]	LIM domain
P53671	[311, 328]	No_PFAM_overlap
P59510	[197, 214]	No_PFAM_overlap
P59510	[466, 634]	ADAMTS cysteine-rich domain
P59510	[938, 1265]	Thrombospondin type 1 domain
P59510	[1310, 1645]	Thrombospondin type 1 domain
Q03989	[233, 279]	No_PFAM_overlap
Q03989	[337, 361]	No_PFAM_overlap
Q14435	[92, 111]	No_PFAM_overlap
Q14435	[138, 182]	No_PFAM_overlap
Q15154	[1004, 1028]	No_PFAM_overlap
Q15181	[233, 288]	No_PFAM_overlap
Q16585	[301, 317]	Sarcoglycan complex subunit protein
Q6NXG1	[531, 565]	RRM domain
Q6PFW1	[1072, 1125]	No_PFAM_overlap
Q6PFW1	[1284, 1360]	No_PFAM_overlap
Q6V1P9	[3187, 3234]	No_PFAM_overlap
Q6WRI0	[23, 43]	No_PFAM_overlap
Q6WRI0	[239, 345]	No_PFAM_overlap
Q6WRI0	[1639, 1667]	Immunoglobulin I-set domain
Q86UT5	[80, 124]	PDZ domain
Q8IYI8	[97, 556]	C2H2-type zinc finger
Q8NCT1	[343, 398]	No_PFAM_overlap
Q8NFP9	[1477, 1493]	No_PFAM_overlap
Q8WYB5	[207, 336]	PHD-finger
Q8WYB5	[701, 721]	MYST family zinc finger domain
Q96CN5	[0, 18]	No_PFAM_overlap
Q96LT4	[109, 138]	No_PFAM_overlap
Q96PJ5	[195, 217]	No_PFAM_overlap
Q96PU4	[432, 452]	SAD/SRA domain
Q96PU4	[729, 777]	No_PFAM_overlap
Q9BU70	[7, 72]	tRNA-methyltransferase O N-terminal domain
Q9H0E2	[212, 233]	CUE domain
Q9H3T2	[519, 546]	No_PFAM_overlap
Q9HCN3	[293, 315]	No_PFAM_overlap
Q9HCN3	[519, 541]	No_PFAM_overlap
Q9HCN3	[743, 766]	No_PFAM_overlap
Q9NS84	[201, 236]	No_PFAM_overlap
Q9NVH0	[270, 298]	No_PFAM_overlap
Q9NVH0	[348, 375]	No_PFAM_overlap
O14734	[124, 152]	Acyl-CoA thioesterase N-terminal domain
O95239	[1074, 1122]	No_PFAM_overlap
P01023	[627, 646]	No_PFAM_overlap
P01023	[872, 891]	No_PFAM_overlap
P08151	[239, 278]	C2H2 zinc finger
P08151	[293, 357]	Zinc finger, C2H2 type
P54760	[210, 326]	Tyrosine-protein kinase ephrin type A/B receptor-like
P57059	[280, 298]	No_PFAM_overlap
P58317	[55, 236]	Zinc-finger double domain
P58317	[249, 389]	Zinc finger, C2H2 type
Q12913	[795, 820]	No_PFAM_overlap
Q13217	[283, 331]	Tetratricopeptide repeat
Q14774	[20, 59]	No_PFAM_overlap
Q2TB10	[0, 27]	No_PFAM_overlap
Q2TB10	[225, 260]	No_PFAM_overlap
Q2TB10	[283, 317]	No_PFAM_overlap
Q6P280	[139, 156]	No_PFAM_overlap
Q6P280	[262, 562]	Zinc finger, C2H2 type
Q6V9R5	[137, 162]	No_PFAM_overlap
Q6V9R5	[235, 421]	Zinc finger, C2H2 type
Q7Z4H7	[684, 760]	No_PFAM_overlap
Q8TAT6	[553, 607]	NPL4 family
Q96RK0	[492, 527]	No_PFAM_overlap
Q99959	[480, 498]	No_PFAM_overlap
Q9BQA5	[185, 380]	C2H2-type zinc finger
Q9BXB5	[272, 304]	No_PFAM_overlap
Q9H2H0	[25, 77]	No_PFAM_overlap
Q9HB20	[148, 187]	No_PFAM_overlap
Q9NQ36	[40, 392]	EGF domain
Q9NQ36	[455, 476]	No_PFAM_overlap
Q9NQ36	[489, 565]	No_PFAM_overlap
Q9NQ36	[626, 842]	CUB domain
Q9UPW5	[313, 344]	CCP1-like, N-terminal TPR repeats
Q9UPW5	[520, 603]	No_PFAM_overlap
O43511	[37, 65]	No_PFAM_overlap
O75477	[295, 322]	No_PFAM_overlap
O94972	[8, 59]	No_PFAM_overlap
P16422	[13, 136]	Epithelial cell adhesion molecule, N-terminal domain
P17643	[82, 122]	No_PFAM_overlap
P41161	[461, 494]	No_PFAM_overlap
P52429	[132, 180]	No_PFAM_overlap
Q12904	[277, 311]	No_PFAM_overlap
Q13467	[178, 220]	No_PFAM_overlap
Q13936	[1853, 1899]	No_PFAM_overlap
Q15760	[333, 361]	No_PFAM_overlap
Q4AE62	[194, 239]	No_PFAM_overlap
Q5H9S7	[16, 32]	DDB1- and CUL4-associated factor 17
Q5VV16	[301, 381]	No_PFAM_overlap
Q684P5	[138, 153]	Rap/Ran-GAP protein dimerization domain
Q96EY9	[101, 125]	No_PFAM_overlap
Q96IF1	[453, 470]	LIM domain
Q96PX8	[15, 45]	No_PFAM_overlap
Q96PX8	[335, 367]	No_PFAM_overlap
Q99708	[787, 873]	DNA endonuclease activator SAE2/CtIP C-terminus
Q9H4Z2	[121, 186]	No_PFAM_overlap
Q9H4Z2	[453, 546]	No_PFAM_overlap
Q9H4Z2	[556, 608]	Zinc finger, C2H2 type
Q9H4Z2	[638, 726]	No_PFAM_overlap
Q9H4Z2	[1020, 1128]	C2H2-type zinc-finger domain
Q9H6R7	[691, 719]	No_PFAM_overlap
Q9NSD4	[95, 155]	Zinc finger, C2H2 type
Q9NSD4	[174, 418]	Zinc finger, C2H2 type
Q9UKU9	[56, 76]	No_PFAM_overlap
A6NIR3	[131, 147]	No_PFAM_overlap
O15067	[599, 619]	AIR synthase related protein, C-terminal domain
O15067	[1024, 1058]	No_PFAM_overlap
O75943	[314, 345]	No_PFAM_overlap
O75943	[506, 521]	No_PFAM_overlap
O95206	[935, 976]	No_PFAM_overlap
P04118	[21, 111]	Colipase, N-terminal domain
P08514	[155, 177]	No_PFAM_overlap
P37023	[22, 100]	No_PFAM_overlap
P38435	[325, 343]	No_PFAM_overlap
P78509	[678, 702]	No_PFAM_overlap
P78509	[1026, 1101]	Reelin subrepeat B
P78509	[2486, 2502]	No_PFAM_overlap
Q008S8	[198, 213]	No_PFAM_overlap
Q0P6D2	[23, 47]	No_PFAM_overlap
Q12947	[184, 206]	Forkhead domain
Q14126	[584, 609]	No_PFAM_overlap
Q14126	[767, 851]	No_PFAM_overlap
Q3MJ62	[164, 219]	No_PFAM_overlap
Q3MJ62	[233, 388]	Zinc finger, C2H2 type
Q3SXZ7	[405, 437]	No_PFAM_overlap
Q53RD9	[80, 339]	EGF-like domain
Q6N022	[1009, 1049]	No_PFAM_overlap
Q6ZQQ2	[1355, 1445]	No_PFAM_overlap
Q8WZ64	[408, 435]	No_PFAM_overlap
Q8WZ64	[467, 485]	PH domain
Q96KP6	[252, 271]	No_PFAM_overlap
Q9BVQ7	[17, 119]	No_PFAM_overlap
Q9H6U6	[527, 575]	No_PFAM_overlap
Q9HDC5	[320, 343]	MORN repeat
Q9NP64	[118, 160]	No_PFAM_overlap
Q9NX31	[192, 227]	No_PFAM_overlap
Q9Y312	[172, 213]	AAR2 C-terminal repeat region
Q9Y676	[83, 109]	No_PFAM_overlap
A2RRP1	[428, 459]	No_PFAM_overlap
O14771	[317, 454]	Zinc finger, C2H2 type
O15090	[95, 191]	Zinc finger, C2H2 type
O15090	[266, 320]	No_PFAM_overlap
O15090	[335, 403]	Zinc finger, C2H2 type
O15090	[417, 443]	No_PFAM_overlap
O15090	[455, 515]	No_PFAM_overlap
O15090	[743, 806]	Zinc finger, C2H2 type
O15090	[1018, 1083]	No_PFAM_overlap
O75096	[11, 440]	Low-density lipoprotein receptor domain class A
O75096	[679, 730]	No_PFAM_overlap
O75096	[1609, 1650]	No_PFAM_overlap
O75096	[1771, 1789]	No_PFAM_overlap
O95407	[35, 216]	TNFR/NGFR cysteine-rich region
O95477	[870, 888]	No_PFAM_overlap
O95477	[1394, 1494]	No_PFAM_overlap
P27037	[18, 50]	No_PFAM_overlap
P27037	[75, 120]	No_PFAM_overlap
P31785	[318, 345]	No_PFAM_overlap
P51530	[381, 410]	No_PFAM_overlap
Q14BN4	[6, 22]	No_PFAM_overlap
Q14BN4	[130, 145]	No_PFAM_overlap
Q4AC99	[114, 129]	No_PFAM_overlap
Q5JPB2	[129, 196]	Zinc finger, C2H2 type
Q6AW86	[244, 506]	Zinc finger, C2H2 type
Q7Z398	[169, 239]	Zinc finger, C2H2 type
Q7Z398	[255, 421]	Zinc finger, C2H2 type
Q7Z444	[209, 231]	No_PFAM_overlap
Q86UQ4	[4173, 4191]	No_PFAM_overlap
Q86UQ4	[4291, 4336]	No_PFAM_overlap
Q86YA3	[96, 119]	No_PFAM_overlap
Q86YA3	[299, 318]	No_PFAM_overlap
Q86YA3	[606, 632]	No_PFAM_overlap
Q86YA3	[815, 842]	No_PFAM_overlap
Q8IVF5	[124, 183]	No_PFAM_overlap
Q8IY17	[482, 504]	No_PFAM_overlap
Q8IYP9	[13, 74]	No_PFAM_overlap
Q8N135	[25, 51]	No_PFAM_overlap
Q8N3S3	[402, 450]	No_PFAM_overlap
Q8N412	[34, 49]	No_PFAM_overlap
Q8N412	[71, 131]	Sperm-tail PG-rich repeat
Q8N412	[275, 314]	Sperm-tail PG-rich repeat
Q96JA3	[129, 157]	No_PFAM_overlap
Q96JA3	[170, 188]	No_PFAM_overlap
Q96K58	[102, 410]	Zinc finger, C2H2 type
Q96K58	[516, 578]	Zinc finger, C2H2 type
Q9C091	[227, 248]	GREB1 N-terminal domain
Q9Y264	[24, 54]	No_PFAM_overlap
Q9Y5Q8	[422, 449]	No_PFAM_overlap
A6NJ78	[0, 30]	No_PFAM_overlap
A6NJW4	[2, 20]	No_PFAM_overlap
A6NJW4	[45, 89]	Leucine rich repeat
O15041	[512, 590]	No_PFAM_overlap
O43502	[343, 364]	Rad51
O95696	[192, 286]	PHD-zinc-finger like domain
O95696	[375, 416]	PHD-zinc-finger like domain
O95696	[880, 897]	No_PFAM_overlap
P05019	[21, 43]	No_PFAM_overlap
P05164	[157, 182]	Animal haem peroxidase
P05164	[710, 742]	Animal haem peroxidase
P0DMP2	[333, 368]	No_PFAM_overlap
P12277	[122, 147]	No_PFAM_overlap
P40238	[177, 208]	No_PFAM_overlap
P40238	[231, 247]	No_PFAM_overlap
P40238	[327, 352]	No_PFAM_overlap
P49639	[24, 64]	No_PFAM_overlap
Q16670	[232, 476]	Zinc finger, C2H2 type
Q16820	[596, 654]	No_PFAM_overlap
Q16821	[232, 247]	No_PFAM_overlap
Q16821	[773, 797]	No_PFAM_overlap
Q17RW2	[225, 252]	No_PFAM_overlap
Q56UN5	[131, 159]	No_PFAM_overlap
Q56UN5	[272, 322]	No_PFAM_overlap
Q56UN5	[619, 702]	No_PFAM_overlap
Q658N2	[176, 328]	WSC domain
Q6UX07	[280, 296]	No_PFAM_overlap
Q8IUY3	[181, 209]	No_PFAM_overlap
Q8NG06	[0, 151]	B-box zinc finger
Q8NG06	[238, 283]	No_PFAM_overlap
Q8TDY2	[212, 231]	No_PFAM_overlap
Q8TDY2	[554, 572]	No_PFAM_overlap
Q8TDY2	[760, 854]	No_PFAM_overlap
Q96MU8	[21, 40]	Kringle domain
Q9H707	[46, 404]	KRAB box
Q9ULD2	[89, 184]	No_PFAM_overlap
Q9ULD2	[629, 645]	No_PFAM_overlap
Q9UQF0	[24, 39]	No_PFAM_overlap
A8MYJ7	[393, 424]	No_PFAM_overlap
O00311	[333, 387]	Protein kinase domain
O00311	[459, 474]	Protein kinase domain
O00311	[513, 558]	No_PFAM_overlap
O14672	[389, 646]	Disintegrin
O43316	[129, 147]	'Paired box' domain
O43316	[268, 330]	No_PFAM_overlap
P13674	[279, 325]	No_PFAM_overlap
P35443	[283, 490]	EGF-like domain
P54098	[536, 581]	No_PFAM_overlap
Q13887	[121, 164]	No_PFAM_overlap
Q13887	[363, 456]	Zinc finger, C2H2 type
Q14593	[137, 298]	Zinc finger, C2H2 type
Q14593	[337, 543]	Zinc finger, C2H2 type
Q14CW9	[190, 254]	SCA7, zinc-binding domain
Q3ZCN5	[342, 482]	C8 domain
Q3ZCN5	[756, 963]	Trypsin Inhibitor like cysteine rich domain
Q3ZCN5	[1072, 1136]	C8 domain
Q3ZCN5	[1513, 1532]	No_PFAM_overlap
Q3ZCN5	[1805, 1821]	No_PFAM_overlap
Q3ZCN5	[1834, 2131]	Otogelin-like Fn1-VW hybrid domain
Q3ZCN5	[2271, 2352]	No_PFAM_overlap
Q53GL7	[118, 146]	No_PFAM_overlap
Q5GFL6	[222, 247]	No_PFAM_overlap
Q63HN8	[1806, 1830]	No_PFAM_overlap
Q6AZW8	[36, 326]	Zinc finger, C2H2 type
Q6NX45	[135, 482]	Zinc finger, C2H2 type
Q6RI45	[596, 618]	No_PFAM_overlap
Q6RI45	[732, 757]	No_PFAM_overlap
Q6RI45	[1297, 1324]	No_PFAM_overlap
Q7L576	[328, 343]	Cytoplasmic Fragile-X interacting family
Q7Z5M5	[889, 921]	No_PFAM_overlap
Q86YS7	[962, 987]	C2CD5, C-terminal domain
Q8TCG2	[449, 480]	No_PFAM_overlap
Q96PX9	[853, 913]	No_PFAM_overlap
Q9BSJ5	[213, 247]	No_PFAM_overlap
Q9BSJ5	[456, 500]	No_PFAM_overlap
Q9H5J0	[459, 529]	Zinc finger, C2H2 type
Q9UGM3	[2366, 2390]	ZP-C domain
Q9UKN5	[557, 752]	Zinc finger, C2H2 type
Q9UPP2	[627, 648]	No_PFAM_overlap
Q9UPP2	[1089, 1128]	No_PFAM_overlap
Q9Y3M9	[167, 605]	Zinc finger, C2H2 type
Q9Y3M9	[621, 744]	Zinc finger, C2H2 type
Q9Y4D2	[316, 336]	No_PFAM_overlap
Q9Y6Q3	[284, 627]	C2H2 zinc finger
O14628	[70, 97]	No_PFAM_overlap
O14628	[230, 558]	Zinc finger, C2H2 type
O60809	[124, 147]	PRAME C-terminal domain
O75077	[440, 651]	Disintegrin
O76076	[7, 172]	von Willebrand factor type C domain
P16144	[419, 654]	Integrin beta epidermal growth factor like domain 1
P41002	[0, 27]	No_PFAM_overlap
P41002	[533, 555]	No_PFAM_overlap
Q05BQ5	[37, 111]	Zinc finger, FCS-type
Q13635	[287, 317]	Transformer protein 2 N-terminal domain
Q13635	[610, 631]	Sterol-sensing domain of SREBP cleavage-activation
Q6NTF9	[3, 19]	No_PFAM_overlap
Q6ZRC1	[414, 432]	No_PFAM_overlap
Q6ZRC1	[760, 862]	No_PFAM_overlap
Q70CQ1	[0, 21]	No_PFAM_overlap
Q76NI1	[168, 208]	No_PFAM_overlap
Q76NI1	[874, 899]	No_PFAM_overlap
Q76NI1	[1082, 1120]	No_PFAM_overlap
Q76NI1	[1387, 1405]	No_PFAM_overlap
Q7Z494	[235, 258]	No_PFAM_overlap
Q8TBB0	[53, 143]	THAP domain
Q8TBB0	[188, 221]	No_PFAM_overlap
Q93038	[21, 213]	TNFR/NGFR cysteine-rich region
Q93038	[260, 311]	No_PFAM_overlap
Q96B86	[139, 173]	Repulsive guidance molecule (RGM) C-terminal domain
Q96LR9	[245, 274]	No_PFAM_overlap
Q9BQG1	[0, 37]	No_PFAM_overlap
Q9H2S6	[253, 310]	No_PFAM_overlap
A6NHJ4	[61, 116]	KRAB box
A6NHJ4	[216, 433]	Zinc finger, C2H2 type
A6NHJ4	[452, 624]	Zinc finger, C2H2 type
A6NNM8	[80, 116]	No_PFAM_overlap
A6NNM8	[675, 744]	No_PFAM_overlap
O95201	[306, 527]	Zinc finger, C2H2 type
P0CG21	[13, 31]	No_PFAM_overlap
P0CG21	[41, 92]	NHL repeat
P30203	[120, 193]	Scavenger receptor cysteine-rich domain
P31152	[429, 449]	No_PFAM_overlap
P36406	[107, 237]	B-box zinc finger
P36406	[269, 287]	No_PFAM_overlap
P60014	[7, 54]	No_PFAM_overlap
Q12772	[926, 960]	No_PFAM_overlap
Q15696	[160, 226]	Zinc finger C-x8-C-x5-C-x3-H type (and similar)
Q3KP31	[88, 420]	Zinc finger, C2H2 type
Q3KP31	[431, 575]	Zinc finger, C2H2 type
Q502W6	[431, 452]	No_PFAM_overlap
Q5TH74	[86, 192]	Sperm-tail PG-rich repeat
Q5VT03	[34, 59]	No_PFAM_overlap
Q5VTM2	[654, 676]	No_PFAM_overlap
Q66K79	[28, 55]	Fz domain
Q6NX49	[133, 153]	No_PFAM_overlap
Q6NX49	[201, 250]	No_PFAM_overlap
Q6NX49	[260, 709]	Zinc finger, C2H2 type
Q6PJ21	[61, 104]	No_PFAM_overlap
Q6PJ21	[248, 295]	SPRY domain
Q6WN34	[26, 180]	von Willebrand factor type C domain
Q7Z2Z2	[945, 970]	No_PFAM_overlap
Q86TG7	[279, 309]	No_PFAM_overlap
Q8IYF3	[0, 15]	No_PFAM_overlap
Q8IYX4	[126, 144]	No_PFAM_overlap
Q8IZ13	[0, 80]	No_PFAM_overlap
Q8N1A0	[246, 280]	No_PFAM_overlap
Q8N2Y8	[275, 291]	No_PFAM_overlap
Q8N2Y8	[352, 406]	No_PFAM_overlap
Q8N3X6	[24, 105]	No_PFAM_overlap
Q8N961	[48, 92]	No_PFAM_overlap
Q9HCJ2	[39, 62]	No_PFAM_overlap
Q9NR48	[195, 226]	No_PFAM_overlap
Q9NR48	[1783, 1807]	No_PFAM_overlap
Q9NR48	[2269, 2293]	No_PFAM_overlap
Q9NR48	[2808, 2830]	No_PFAM_overlap
Q9NVS2	[64, 79]	Ribosomal protein S18
Q9NYV4	[706, 723]	No_PFAM_overlap
Q9NYV4	[1023, 1047]	No_PFAM_overlap
Q9Y2H0	[281, 322]	No_PFAM_overlap
B2RUY7	[41, 221]	VWC2L-like domain
O60304	[324, 452]	Zinc finger, C2H2 type
P0CG39	[23, 87]	No_PFAM_overlap
Q14147	[1026, 1142]	DHX34-like, C2H2-type zinc finger
Q6EMB2	[627, 656]	No_PFAM_overlap
Q6FHJ7	[164, 183]	No_PFAM_overlap
Q6UX04	[153, 181]	Cyclophilin type peptidyl-prolyl cis-trans isomerase/CLD
Q7L945	[139, 451]	Zinc finger, C2H2 type
Q86SE9	[131, 152]	No_PFAM_overlap
Q86SE9	[225, 241]	No_PFAM_overlap
Q86V86	[285, 303]	Protein kinase domain
Q8NAP3	[131, 147]	No_PFAM_overlap
Q8NAP3	[335, 398]	No_PFAM_overlap
Q8NAP3	[835, 852]	No_PFAM_overlap
Q8NAP3	[1000, 1061]	Zinc finger, C2H2 type
Q8NAP3	[1108, 1154]	No_PFAM_overlap
Q8NF99	[247, 533]	Zinc finger, C2H2 type
Q8WVD3	[4, 117]	Zinc finger, C3HC4 type (RING finger)
Q96AP7	[115, 187]	Immunoglobulin V-set domain
Q96AP7	[231, 247]	No_PFAM_overlap
Q9NZ09	[219, 235]	No_PFAM_overlap
Q9UJQ4	[65, 96]	No_PFAM_overlap
Q9UJQ4	[317, 340]	No_PFAM_overlap
Q9UJQ4	[551, 655]	Zinc finger, C2H2 type
Q9UJQ4	[863, 907]	Zinc finger, C2H2 type
Q9Y2L1	[14, 35]	No_PFAM_overlap
Q9Y577	[0, 142]	RING-type zinc-finger
Q9Y577	[264, 287]	No_PFAM_overlap
A6NJL1	[350, 493]	Zinc-finger of C2H2 type
O14793	[30, 47]	TGF-beta propeptide
O14793	[260, 282]	Transforming growth factor beta like domain
O60284	[374, 431]	Zinc finger, C2HC type
O60284	[849, 910]	Zinc finger, C2HC type
P17097	[146, 163]	No_PFAM_overlap
P17097	[173, 594]	Zinc finger, C2H2 type
P55774	[13, 43]	Small cytokines (intecrine/chemokine), interleukin-8 like
Q16513	[321, 352]	No_PFAM_overlap
Q4G0P3	[346, 366]	No_PFAM_overlap
Q7RTS5	[264, 284]	Otopetrin
Q8NEM0	[732, 751]	No_PFAM_overlap
Q8NHY3	[552, 573]	No_PFAM_overlap
Q8NHY3	[596, 640]	No_PFAM_overlap
Q8TF30	[424, 481]	Junction-mediating and -regulatory protein
Q8WUA8	[312, 331]	No_PFAM_overlap
Q96G42	[524, 543]	No_PFAM_overlap
Q9BZ76	[669, 752]	No_PFAM_overlap
Q9BZ76	[919, 999]	Laminin G domain
Q9BZ76	[1166, 1184]	Laminin G domain
Q9H0J4	[1211, 1231]	No_PFAM_overlap
Q9H0J4	[1535, 1605]	No_PFAM_overlap
Q9NQV8	[141, 183]	No_PFAM_overlap
Q9NQV8	[612, 684]	C2H2-type zinc finger
Q9NV58	[120, 148]	No_PFAM_overlap
Q9NV58	[525, 543]	No_PFAM_overlap
A6NC05	[93, 137]	No_PFAM_overlap
A6NCI8	[85, 109]	No_PFAM_overlap
A7KAX9	[74, 110]	No_PFAM_overlap
H3BNL1	[118, 203]	No_PFAM_overlap
O43246	[0, 20]	No_PFAM_overlap
O95622	[864, 895]	No_PFAM_overlap
Q14DG7	[1037, 1077]	No_PFAM_overlap
Q5CZC0	[479, 496]	No_PFAM_overlap
Q5CZC0	[545, 589]	No_PFAM_overlap
Q5CZC0	[629, 650]	No_PFAM_overlap
Q5CZC0	[767, 790]	No_PFAM_overlap
Q5CZC0	[1960, 1994]	No_PFAM_overlap
Q5CZC0	[2184, 2202]	No_PFAM_overlap
Q5CZC0	[3332, 3351]	No_PFAM_overlap
Q5CZC0	[3633, 3657]	No_PFAM_overlap
Q5CZC0	[3795, 3818]	No_PFAM_overlap
Q5CZC0	[5424, 5442]	No_PFAM_overlap
Q5GH73	[55, 81]	No_PFAM_overlap
Q5NE16	[173, 203]	No_PFAM_overlap
Q86VD1	[508, 554]	CW-type Zinc Finger
Q8IWL3	[26, 82]	Co-chaperone HscB tetracysteine metal binding motif
Q8N3J5	[83, 106]	No_PFAM_overlap
Q8WVD5	[136, 229]	Ring finger domain
Q96JM7	[85, 153]	No_PFAM_overlap
Q96M20	[525, 550]	No_PFAM_overlap
Q96MF2	[92, 192]	Phorbol esters/diacylglycerol binding domain (C1 domain)
Q99715	[2707, 2741]	No_PFAM_overlap
Q99996	[1400, 1419]	No_PFAM_overlap
Q99996	[2873, 2928]	No_PFAM_overlap
Q9HCB6	[389, 420]	Spondin_N
Q9HCB6	[440, 732]	Thrombospondin type 1 domain
Q9NZB8	[415, 434]	No_PFAM_overlap
Q9UHX1	[99, 115]	No_PFAM_overlap
Q9UHX1	[466, 488]	No_PFAM_overlap
Q9UPV9	[0, 38]	No_PFAM_overlap
A0A087X1G2	[467, 500]	No_PFAM_overlap
A6PVI3	[0, 30]	No_PFAM_overlap
B6SEH8	[96, 199]	No_PFAM_overlap
O00339	[249, 646]	Complement Clr-like EGF-like
O00339	[864, 885]	No_PFAM_overlap
O43314	[1082, 1115]	No_PFAM_overlap
P23276	[70, 116]	Peptidase family M13
Q02388	[1225, 1248]	No_PFAM_overlap
Q13360	[114, 219]	No_PFAM_overlap
Q13360	[259, 480]	Zinc-finger double domain
Q5VZ46	[569, 603]	No_PFAM_overlap
Q6ZS30	[696, 721]	No_PFAM_overlap
Q7LBC6	[891, 930]	No_PFAM_overlap
Q7LBC6	[1104, 1136]	No_PFAM_overlap
Q7Z570	[709, 749]	No_PFAM_overlap
Q7Z570	[956, 975]	No_PFAM_overlap
Q7Z570	[993, 1017]	No_PFAM_overlap
Q7Z570	[1030, 1061]	No_PFAM_overlap
Q8N5V2	[662, 691]	SH3 domain
Q8N884	[387, 406]	Mab-21 protein nucleotidyltransferase domain
Q8WYK1	[560, 576]	No_PFAM_overlap
Q8WYK1	[661, 686]	No_PFAM_overlap
Q8WYK1	[703, 747]	No_PFAM_overlap
Q8WYK1	[911, 998]	Laminin G domain
Q96C28	[156, 369]	Zinc finger, C2H2 type
Q9BXK5	[86, 107]	Apoptosis regulator proteins, Bcl-2 family
Q9H6S1	[0, 23]	No_PFAM_overlap
Q9H6S1	[244, 297]	TBD domain
Q9NUJ7	[10, 28]	No_PFAM_overlap
Q9P0U4	[379, 409]	CpG binding protein C-terminal domain
Q9UIX4	[204, 219]	No_PFAM_overlap
O75037	[1276, 1310]	WD domain, G-beta repeat
O95397	[0, 72]	No_PFAM_overlap
P03986	[85, 110]	Immunoglobulin C1-set domain
P09172	[199, 220]	Copper type II ascorbate-dependent monooxygenase, N-terminal domain
P09758	[26, 144]	Thyroglobulin type-1 repeat
P15498	[182, 204]	RhoGEF domain
P29322	[213, 331]	Ephrin cysteine rich domain
P29322	[906, 941]	SAM domain (Sterile alpha motif)
P35453	[180, 195]	No_PFAM_overlap
P51814	[123, 160]	No_PFAM_overlap
P51814	[294, 815]	Zinc finger, C2H2 type
Q00266	[0, 17]	No_PFAM_overlap
Q08AN1	[141, 773]	Zinc finger, C2H2 type
Q15058	[1230, 1250]	No_PFAM_overlap
Q2NKJ3	[1188, 1216]	CST, telomere maintenance, complex subunit CTC1
Q5T4F7	[19, 72]	Fz domain
Q5T4F7	[170, 192]	No_PFAM_overlap
Q5VWP2	[353, 372]	No_PFAM_overlap
Q5W0B1	[0, 86]	Zinc finger, C3HC4 type (RING finger)
Q76LX8	[9, 45]	No_PFAM_overlap
Q76LX8	[258, 566]	Thrombospondin type 1 domain
Q76LX8	[894, 958]	No_PFAM_overlap
Q76LX8	[974, 1128]	Thrombospondin type 1 domain
Q7Z6G8	[332, 359]	No_PFAM_overlap
Q7Z6G8	[710, 738]	No_PFAM_overlap
Q86YJ6	[391, 450]	Pyridoxal-phosphate dependent enzyme
Q8HWS3	[14, 46]	No_PFAM_overlap
Q8IWI9	[1000, 1099]	MGA, conserved domain
Q96N58	[80, 104]	No_PFAM_overlap
Q96N58	[221, 589]	Zinc finger, C2H2 type
Q96PE6	[158, 470]	Zinc finger, C2H2 type
Q9C0D7	[392, 439]	Zc3h12a-like Ribonuclease NYN domain
Q9C0D7	[797, 832]	No_PFAM_overlap
Q9H0S4	[23, 39]	No_PFAM_overlap
Q9H9B1	[242, 264]	No_PFAM_overlap
Q9H9B1	[1250, 1275]	No_PFAM_overlap
Q9NX65	[213, 252]	No_PFAM_overlap
Q9NX65	[483, 688]	Zinc finger, C2H2 type
Q9P272	[163, 241]	No_PFAM_overlap
Q9UKT4	[38, 114]	No_PFAM_overlap
Q9UKT4	[162, 213]	No_PFAM_overlap
Q9Y2D9	[242, 309]	Zinc finger, C2H2 type
Q9Y2D9	[350, 498]	Zinc finger, C2H2 type
Q9Y493	[1043, 1151]	Trypsin Inhibitor like cysteine rich domain
Q9Y493	[1326, 1551]	von Willebrand factor type D domain
Q9Y493	[1675, 1910]	von Willebrand factor type D domain
Q9Y493	[2126, 2340]	von Willebrand factor type D domain
Q9Y493	[2498, 2744]	TILa domain
A5D8T8	[203, 301]	No_PFAM_overlap
P0C0L5	[658, 766]	Anaphylotoxin-like domain
P0C0L5	[1577, 1603]	No_PFAM_overlap
P0C6S8	[27, 52]	No_PFAM_overlap
P27918	[31, 214]	Thrombospondin type 1 repeat
P27918	[235, 458]	CFP-like, C-terminal thrombospondin type 1 domain
P28908	[22, 144]	TNFR/NGFR cysteine-rich region
P28908	[236, 313]	No_PFAM_overlap
P48307	[108, 225]	Kunitz/Bovine pancreatic trypsin inhibitor domain
P51864	[68, 174]	Cripto_Frl-1_Cryptic (CFC)
Q03591	[100, 274]	Sushi repeat (SCR repeat)
Q06210	[239, 261]	No_PFAM_overlap
Q13683	[78, 121]	No_PFAM_overlap
Q14202	[307, 566]	MYM-type Zinc finger with FCS sequence motif
Q14202	[949, 988]	No_PFAM_overlap
Q14202	[1000, 1066]	QRICH1 domain
Q5M7Z0	[356, 383]	Ring finger domain
Q6ZV73	[95, 141]	No_PFAM_overlap
Q6ZV73	[620, 644]	No_PFAM_overlap
Q7L513	[30, 58]	No_PFAM_overlap
Q8N2G6	[85, 240]	Zinc-binding domain
Q8NEM2	[29, 61]	No_PFAM_overlap
Q8NEM2	[561, 624]	No_PFAM_overlap
Q96FE5	[43, 66]	No_PFAM_overlap
Q96KM6	[98, 163]	Zinc finger, C2H2 type
Q96KM6	[586, 645]	No_PFAM_overlap
Q96KM6	[726, 819]	Zinc finger protein 512, C2HC zinc finger
Q96NI8	[124, 182]	No_PFAM_overlap
Q96NI8	[200, 526]	Zinc finger, C2H2 type
Q96RT8	[657, 680]	No_PFAM_overlap
Q9BXL6	[787, 821]	No_PFAM_overlap
Q9H7S9	[454, 505]	No_PFAM_overlap
Q9NVL1	[80, 164]	No_PFAM_overlap
Q9UIK5	[43, 135]	Kazal-type serine protease inhibitor domain
Q9UIK5	[246, 307]	No_PFAM_overlap
Q9Y5K6	[99, 125]	Variant SH3 domain
B4DSL7	[34, 70]	Tc5 transposase DNA-binding domain
B4DSL7	[118, 186]	Tc5 transposase DNA-binding domain
O15018	[2293, 2344]	No_PFAM_overlap
O60290	[230, 326]	No_PFAM_overlap
O75426	[472, 492]	No_PFAM_overlap
O75426	[508, 532]	No_PFAM_overlap
P22830	[392, 422]	No_PFAM_overlap
P31273	[11, 48]	No_PFAM_overlap
P54826	[45, 251]	GDNF/GAS1 domain
P54829	[269, 287]	No_PFAM_overlap
Q2M3T9	[423, 480]	Hyaluronidase
Q504T8	[305, 325]	No_PFAM_overlap
Q5JSL3	[139, 168]	PH domain
Q5JSL3	[495, 518]	No_PFAM_overlap
Q5JSL3	[2047, 2072]	No_PFAM_overlap
Q6PEV8	[11, 49]	No_PFAM_overlap
Q86SQ3	[0, 79]	Calcium-binding EGF domain
Q86WK7	[25, 44]	No_PFAM_overlap
Q8N145	[1, 60]	No_PFAM_overlap
Q8N157	[935, 955]	No_PFAM_overlap
Q8N157	[987, 1005]	No_PFAM_overlap
Q8NEM1	[161, 190]	Zinc finger, C2H2 type
Q8NEM1	[314, 526]	Zinc finger, C2H2 type
Q92628	[0, 18]	No_PFAM_overlap
Q9NX45	[174, 207]	Helix-loop-helix DNA-binding domain
Q9NX45	[268, 288]	No_PFAM_overlap
B6SEH9	[96, 197]	No_PFAM_overlap
F5H4B4	[385, 419]	No_PFAM_overlap
O15061	[1220, 1267]	No_PFAM_overlap
O60232	[64, 93]	Sjogren's syndrome/scleroderma autoantigen 1 (Autoantigen p27)
O60232	[150, 198]	No_PFAM_overlap
O75437	[117, 386]	Zinc-finger double domain
O75437	[402, 611]	Zinc finger, C2H2 type
O94880	[309, 396]	PHD-zinc-finger like domain
O94880	[717, 736]	PHD-finger
O94985	[300, 342]	No_PFAM_overlap
P15036	[42, 81]	No_PFAM_overlap
P29279	[20, 341]	von Willebrand factor type C domain
P58753	[78, 94]	TIR domain
Q16832	[29, 49]	F5/8 type C domain
Q1RMZ1	[78, 116]	No_PFAM_overlap
Q1RMZ1	[340, 367]	No_PFAM_overlap
Q2M218	[159, 199]	No_PFAM_overlap
Q2M218	[212, 656]	Zinc finger, C2H2 type
Q53EP0	[47, 62]	No_PFAM_overlap
Q53EP0	[369, 392]	Fibronectin type III domain
Q53EP0	[557, 578]	Fibronectin type III domain
Q53EP0	[752, 782]	Fibronectin type III domain
Q53EP0	[841, 877]	Fibronectin type III domain
Q5UCC4	[104, 135]	No_PFAM_overlap
Q6ZVD8	[15, 39]	No_PFAM_overlap
Q6ZVD8	[1033, 1053]	No_PFAM_overlap
Q8N7W2	[162, 188]	No_PFAM_overlap
Q8NB90	[277, 300]	No_PFAM_overlap
Q8NFA2	[140, 218]	No_PFAM_overlap
Q8TCW7	[305, 321]	ZP-C domain
Q9H5H4	[264, 535]	Zinc finger, C2H2 type
Q9H8M2	[272, 297]	Domain of unknown function (DUF3512)
Q9NZA1	[126, 169]	No_PFAM_overlap
Q9P0X4	[57, 75]	No_PFAM_overlap
Q9P0X4	[417, 433]	No_PFAM_overlap
Q9P0X4	[1787, 1853]	No_PFAM_overlap
Q9UJV3	[130, 250]	B-box zinc finger
Q9UJV3	[708, 732]	No_PFAM_overlap
A6NK97	[80, 108]	No_PFAM_overlap
P15586	[428, 443]	No_PFAM_overlap
P16157	[1358, 1390]	UPA domain
P20930	[4002, 4051]	No_PFAM_overlap
Q08211	[601, 625]	No_PFAM_overlap
Q2KJY2	[421, 444]	No_PFAM_overlap
Q2KJY2	[1248, 1268]	No_PFAM_overlap
Q2KJY2	[1284, 1333]	No_PFAM_overlap
Q2KJY2	[1351, 1398]	No_PFAM_overlap
Q7Z401	[1433, 1506]	No_PFAM_overlap
Q7Z401	[1832, 1862]	No_PFAM_overlap
Q86YR7	[264, 288]	No_PFAM_overlap
Q8WUJ1	[164, 227]	No_PFAM_overlap
Q92736	[1319, 1347]	No_PFAM_overlap
Q9H9Z2	[102, 178]	Lin-28A-like, second zinc knuckle
Q9HCJ5	[474, 490]	No_PFAM_overlap
Q9HCJ5	[977, 999]	No_PFAM_overlap
Q9UKL3	[36, 75]	No_PFAM_overlap
Q9UKL3	[1628, 1659]	No_PFAM_overlap
Q9UKL3	[1700, 1740]	No_PFAM_overlap
A6NJT0	[52, 68]	No_PFAM_overlap
O00571	[176, 198]	No_PFAM_overlap
O14498	[17, 35]	No_PFAM_overlap
O14498	[322, 387]	No_PFAM_overlap
O75467	[244, 506]	Zinc finger, C2H2 type
P0CG31	[70, 168]	No_PFAM_overlap
P0CG31	[234, 521]	Zinc finger, C2H2 type
P49662	[91, 112]	No_PFAM_overlap
Q0D2J5	[95, 393]	Zinc finger, C2H2 type
Q12805	[20, 83]	Calcium-binding EGF domain
Q12805	[151, 385]	Complement Clr-like EGF-like
Q13017	[12, 45]	No_PFAM_overlap
Q14590	[86, 122]	No_PFAM_overlap
Q14590	[183, 231]	No_PFAM_overlap
Q14590	[307, 737]	Zinc finger, C2H2 type
Q16659	[412, 476]	No_PFAM_overlap
Q16659	[580, 636]	No_PFAM_overlap
Q2TAA8	[314, 338]	No_PFAM_overlap
Q5T200	[1576, 1610]	No_PFAM_overlap
Q6NSJ2	[347, 385]	No_PFAM_overlap
Q6NSJ2	[429, 466]	No_PFAM_overlap
Q6NSJ2	[508, 547]	PH domain
Q6ZMU5	[1, 145]	B-box zinc finger
Q8IV35	[3, 21]	No_PFAM_overlap
Q8IW93	[693, 731]	Variant SH3 domain
Q8IZD9	[1782, 1807]	No_PFAM_overlap
Q8N2Q7	[762, 808]	No_PFAM_overlap
Q8N5U6	[527, 596]	No_PFAM_overlap
Q8NI51	[120, 149]	No_PFAM_overlap
Q8NI51	[251, 445]	Zinc finger, C2H2 type
Q8NI51	[468, 572]	Zinc finger, C2H2 type
Q92618	[23, 88]	Zinc finger, C2H2 type
Q92618	[166, 302]	Zinc finger, C2H2 type
Q92618	[355, 433]	No_PFAM_overlap
Q92618	[515, 537]	No_PFAM_overlap
Q92896	[114, 161]	Cysteine rich repeat
Q92896	[774, 970]	Cysteine rich repeat
Q92932	[37, 69]	No_PFAM_overlap
Q96IT1	[402, 489]	Zinc finger, C2H2 type
Q96IT1	[515, 575]	Zinc finger, C2H2 type
Q9BUR4	[150, 182]	WD domain, G-beta repeat
Q9BUR4	[500, 522]	No_PFAM_overlap
Q9BWT7	[581, 598]	No_PFAM_overlap
Q9BWT7	[637, 678]	No_PFAM_overlap
Q9BWT7	[763, 786]	No_PFAM_overlap
Q9BWT7	[866, 884]	No_PFAM_overlap
Q9BZ95	[697, 866]	Histone-lysine N-methyltransferase NSD-like, PHD zinc finger 1
Q9BZ95	[880, 961]	No_PFAM_overlap
Q9BZ95	[1073, 1161]	SET domain
Q9BZ95	[1262, 1435]	SET domain
Q9Y2L8	[340, 463]	Zinc finger, C2H2 type
Q9Y2L8	[542, 664]	Zinc finger, C2H2 type
Q9Y2L8	[710, 831]	Zinc finger, C2H2 type
Q9Y4K1	[1381, 1399]	No_PFAM_overlap
A0A494C071	[705, 720]	No_PFAM_overlap
A6NDS4	[467, 500]	No_PFAM_overlap
A6NHR9	[1868, 1899]	No_PFAM_overlap
A8MX76	[22, 62]	Calpain family cysteine protease
P29144	[962, 977]	Tripeptidyl peptidase II
P48050	[335, 381]	Inward rectifier potassium channel C-terminal domain
P57723	[214, 248]	KH domain
P60410	[39, 71]	No_PFAM_overlap
Q07092	[183, 254]	No_PFAM_overlap
Q5QGS0	[114, 212]	No_PFAM_overlap
Q5QGS0	[228, 283]	No_PFAM_overlap
Q5VZ72	[153, 178]	Izumo sperm-egg fusion, Ig domain-associated
Q7KYR7	[511, 526]	No_PFAM_overlap
Q86XS5	[55, 83]	No_PFAM_overlap
Q86XS5	[139, 154]	No_PFAM_overlap
Q8IV42	[10, 29]	No_PFAM_overlap
Q8NEG0	[0, 18]	No_PFAM_overlap
Q8NEG0	[87, 113]	No_PFAM_overlap
Q96KD3	[213, 228]	No_PFAM_overlap
Q96M29	[0, 42]	No_PFAM_overlap
Q99687	[164, 200]	TALE/MEIS homeobox family N-terminal domain
Q9BXT5	[392, 452]	No_PFAM_overlap
Q9BXT5	[671, 715]	No_PFAM_overlap
Q9BXT5	[760, 781]	No_PFAM_overlap
Q9BXT5	[966, 995]	No_PFAM_overlap
Q9BXT5	[1012, 1062]	No_PFAM_overlap
Q9BXT5	[1963, 1980]	Testis expressed sequence 15
Q9BXT5	[2457, 2478]	No_PFAM_overlap
Q9BXT5	[2621, 2651]	No_PFAM_overlap
Q9H598	[36, 63]	No_PFAM_overlap
Q9HBT8	[233, 520]	Zinc finger, C2H2 type
A0A1W2PPK0	[83, 166]	No_PFAM_overlap
A0A1W2PPK0	[222, 289]	No_PFAM_overlap
A6NE52	[508, 524]	No_PFAM_overlap
A6NE52	[886, 921]	No_PFAM_overlap
A6NE52	[1000, 1037]	No_PFAM_overlap
A6NE52	[1435, 1452]	No_PFAM_overlap
A6NE52	[1473, 1498]	No_PFAM_overlap
A6NNA5	[147, 218]	OAR motif
A8MW95	[100, 117]	Apg6 coiled-coil region
P01266	[25, 192]	Thyroglobulin type-1 repeat
P01266	[597, 776]	Thyroglobulin type-1 repeat
P01266	[1000, 1290]	Thyroglobulin type-1 repeat
P01266	[1448, 1672]	Tyrosine-protein kinase ephrin type A/B receptor-like
P01266	[1884, 1899]	No_PFAM_overlap
P01266	[1925, 1941]	No_PFAM_overlap
P21728	[409, 437]	No_PFAM_overlap
P47712	[714, 740]	No_PFAM_overlap
Q04759	[294, 338]	No_PFAM_overlap
Q13127	[46, 73]	No_PFAM_overlap
Q13127	[213, 423]	Zinc finger, C2H2 type
Q14587	[181, 198]	No_PFAM_overlap
Q14587	[218, 453]	Zinc finger, C2H2 type
Q14587	[494, 789]	Zinc finger, C2H2 type
Q14587	[828, 946]	Zinc finger, C2H2 type
Q5HYW3	[85, 111]	No_PFAM_overlap
Q5TZJ5	[1194, 1272]	No_PFAM_overlap
Q68D51	[6, 60]	No_PFAM_overlap
Q68D51	[110, 220]	No_PFAM_overlap
Q6L9W6	[334, 398]	No_PFAM_overlap
Q6UWL6	[85, 148]	Immunoglobulin I-set domain
Q6UWL6	[286, 309]	No_PFAM_overlap
Q6UWL6	[358, 401]	Immunoglobulin domain
Q6UXI9	[29, 190]	Calcium-binding EGF domain
Q6UXI9	[392, 418]	No_PFAM_overlap
Q8IX30	[16, 338]	Complement Clr-like EGF-like
Q8IX30	[353, 441]	Calcium-binding EGF domain
Q8IX30	[474, 538]	No_PFAM_overlap
Q8IX30	[548, 580]	No_PFAM_overlap
Q8IX30	[625, 819]	CUB domain
Q8IY21	[1196, 1235]	No_PFAM_overlap
Q8TED4	[42, 74]	No_PFAM_overlap
Q9H0J9	[187, 232]	PARP12-like CCCH zinc finger tandem
Q9H0J9	[267, 284]	No_PFAM_overlap
Q9H0J9	[460, 487]	No_PFAM_overlap
Q9H8G1	[142, 161]	No_PFAM_overlap
Q9H8G1	[246, 379]	Zinc finger, C2H2 type
Q9H8G1	[400, 567]	Zinc finger, C2H2 type
A5PLL1	[165, 199]	No_PFAM_overlap
O94966	[198, 226]	No_PFAM_overlap
O95071	[676, 708]	No_PFAM_overlap
O95071	[920, 941]	No_PFAM_overlap
O95071	[1157, 1245]	No_PFAM_overlap
O95071	[2094, 2116]	No_PFAM_overlap
O95071	[2267, 2286]	No_PFAM_overlap
O95866	[130, 147]	G6b-B extracellular V-set Ig-like domain
P05549	[189, 205]	No_PFAM_overlap
P0DTL4	[99, 133]	u-PAR/Ly-6 domain
P17030	[106, 449]	Zinc finger, C2H2 type
P26927	[46, 481]	Kringle domain
P80108	[278, 304]	No_PFAM_overlap
Q5H8C1	[980, 999]	Cadherin-like
Q5H8C1	[1848, 1873]	Calx-beta domain
Q6AWC2	[638, 683]	No_PFAM_overlap
Q6PG37	[65, 89]	No_PFAM_overlap
Q6PG37	[183, 612]	Zinc finger, C2H2 type
Q7L2R6	[56, 93]	No_PFAM_overlap
Q7L2R6	[118, 162]	No_PFAM_overlap
Q7L2R6	[205, 522]	Zinc finger, C2H2 type
Q7Z6Z7	[2623, 2681]	No_PFAM_overlap
Q7Z6Z7	[3295, 3311]	No_PFAM_overlap
Q7Z6Z7	[3325, 3401]	No_PFAM_overlap
Q86XR8	[275, 294]	No_PFAM_overlap
Q86XR8	[316, 333]	No_PFAM_overlap
Q8N8R7	[108, 131]	No_PFAM_overlap
Q8NCB2	[0, 64]	Protein kinase domain
Q8WW38	[273, 385]	No_PFAM_overlap
Q8WW38	[505, 582]	No_PFAM_overlap
Q8WW38	[681, 888]	No_PFAM_overlap
Q92731	[88, 256]	Double treble clef zinc finger, C4 type
Q96C55	[111, 218]	C2H2-type zinc finger
Q96CB9	[110, 128]	No_PFAM_overlap
Q96S15	[7, 30]	No_PFAM_overlap
Q96S15	[708, 745]	No_PFAM_overlap
Q96S15	[773, 789]	No_PFAM_overlap
Q9H0H3	[561, 579]	No_PFAM_overlap
Q9UHN1	[68, 100]	No_PFAM_overlap
Q9Y462	[301, 758]	Zinc finger, C2H2 type
A0A1B0GTW7	[122, 154]	No_PFAM_overlap
O15389	[149, 224]	No_PFAM_overlap
O15389	[344, 362]	No_PFAM_overlap
O60318	[617, 651]	SAC3/GANP family
O75815	[246, 268]	No_PFAM_overlap
O75815	[420, 457]	No_PFAM_overlap
P01008	[8, 57]	No_PFAM_overlap
P17017	[49, 83]	No_PFAM_overlap
P17017	[93, 641]	Zinc finger, C2H2 type
P22891	[81, 187]	Vitamin K-dependent carboxylation/gamma-carboxyglutamic (GLA) domain
P53992	[346, 435]	Sec23/Sec24 zinc finger
Q14934	[577, 594]	Rel homology DNA-binding domain
Q5SQN1	[360, 378]	No_PFAM_overlap
Q5TC82	[405, 451]	No_PFAM_overlap
Q6PF15	[550, 582]	Kelch motif
Q6UVJ0	[539, 557]	No_PFAM_overlap
Q6UWM5	[180, 221]	No_PFAM_overlap
Q8IUH4	[20, 51]	No_PFAM_overlap
Q8NB59	[383, 413]	No_PFAM_overlap
Q96EQ8	[27, 193]	Drought induced 19 protein (Di19), zinc-binding
Q96F45	[424, 448]	No_PFAM_overlap
Q96F45	[508, 566]	No_PFAM_overlap
Q96JA1	[39, 61]	No_PFAM_overlap
Q96JA1	[889, 947]	No_PFAM_overlap
Q9BSJ1	[38, 136]	zinc finger of C3HC4-type, RING
Q9BZ81	[241, 274]	No_PFAM_overlap
Q9HBM0	[21, 42]	No_PFAM_overlap
Q9NR61	[176, 529]	EGF-like domain
Q9NR61	[655, 684]	No_PFAM_overlap
Q9P212	[68, 161]	No_PFAM_overlap
Q9P212	[205, 323]	No_PFAM_overlap
Q9P212	[2001, 2019]	No_PFAM_overlap
Q9UF56	[98, 150]	No_PFAM_overlap
Q9UGL1	[1322, 1351]	No_PFAM_overlap
Q9ULD5	[547, 605]	Zinc finger, C2H2 type
Q9ULD5	[640, 830]	Zinc finger, C2H2 type
Q9Y217	[554, 578]	No_PFAM_overlap
Q9Y603	[177, 216]	No_PFAM_overlap
Q9Y6X8	[734, 750]	No_PFAM_overlap
A6NNF4	[104, 351]	Zinc finger, C2H2 type
A6NNF4	[370, 615]	Zinc finger, C2H2 type
P26374	[563, 608]	RAE1/2 domain I, C-terminal region
P46020	[1172, 1190]	No_PFAM_overlap
Q0D2K0	[0, 20]	No_PFAM_overlap
Q5VT25	[337, 367]	Protein kinase C terminal domain
Q5VT25	[390, 439]	Protein kinase C terminal domain
Q6DHV5	[878, 911]	No_PFAM_overlap
Q6DHV5	[976, 999]	No_PFAM_overlap
Q6P2P2	[554, 573]	No_PFAM_overlap
Q6S5H5	[86, 114]	No_PFAM_overlap
Q6UXF7	[203, 301]	No_PFAM_overlap
Q70Z35	[908, 951]	No_PFAM_overlap
Q86SJ6	[587, 605]	No_PFAM_overlap
Q86SJ6	[781, 897]	Cadherin, Y-type LIR-motif
Q86UP3	[232, 272]	No_PFAM_overlap
Q86UP3	[610, 721]	Zinc-finger of C2H2 type
Q86UP3	[765, 796]	No_PFAM_overlap
Q86UP3	[1158, 1245]	No_PFAM_overlap
Q86UP3	[1345, 1415]	No_PFAM_overlap
Q86UP3	[1484, 1508]	No_PFAM_overlap
Q86UP3	[2055, 2077]	No_PFAM_overlap
Q86UP3	[2255, 2290]	No_PFAM_overlap
Q86UP3	[2616, 2652]	Homeodomain
Q86UP3	[2940, 2974]	Homeodomain
Q86UP3	[3349, 3421]	No_PFAM_overlap
Q8IXH8	[671, 698]	No_PFAM_overlap
Q92496	[114, 232]	Sushi repeat (SCR repeat)
Q92496	[498, 531]	Sushi repeat (SCR repeat)
Q96BR9	[275, 385]	Zinc finger, C2H2 type
Q96LD4	[132, 217]	B-box zinc finger
Q9BRP1	[40, 60]	No_PFAM_overlap
Q9BRP1	[74, 111]	No_PFAM_overlap
Q9BZF2	[183, 221]	No_PFAM_overlap
Q9C026	[118, 206]	ANCHR-like B-box zinc-binding domain
Q9C026	[224, 345]	B-box zinc finger
Q9HAH1	[129, 332]	Zinc finger, C2H2 type
Q9NRL3	[393, 426]	No_PFAM_overlap
Q9NXL2	[648, 669]	No_PFAM_overlap
Q9UKB1	[0, 77]	No_PFAM_overlap
Q9UQB3	[947, 964]	No_PFAM_overlap
O00635	[3, 136]	B-box zinc finger
O43295	[290, 366]	No_PFAM_overlap
O43295	[695, 716]	No_PFAM_overlap
O75143	[235, 251]	No_PFAM_overlap
P07357	[24, 173]	Low-density lipoprotein receptor domain class A
P07357	[492, 562]	Complement components C8A/B/C6, EGF-like domain
P17405	[578, 630]	Acid sphingomyelin phosphodiesterase C-terminal region
Q13472	[639, 735]	Topoisomerase DNA binding C4 zinc finger
Q13472	[805, 941]	GRF zinc finger
Q15399	[514, 536]	No_PFAM_overlap
Q86Z02	[120, 142]	No_PFAM_overlap
Q86Z02	[659, 683]	No_PFAM_overlap
Q86Z02	[724, 742]	No_PFAM_overlap
Q8IYW5	[299, 337]	No_PFAM_overlap
Q8N6C5	[1238, 1258]	Immunoglobulin domain
Q8NE65	[142, 157]	No_PFAM_overlap
Q8NE65	[193, 209]	No_PFAM_overlap
Q8NE65	[246, 331]	Zinc finger, C2H2 type
Q8WZ75	[901, 964]	No_PFAM_overlap
Q96GS6	[0, 25]	No_PFAM_overlap
Q96Q40	[0, 59]	No_PFAM_overlap
Q9H8L6	[696, 734]	No_PFAM_overlap
Q9UL41	[411, 438]	No_PFAM_overlap
Q9Y385	[131, 179]	No_PFAM_overlap
O14646	[261, 292]	No_PFAM_overlap
O15164	[45, 88]	No_PFAM_overlap
O15164	[119, 202]	No_PFAM_overlap
O75840	[94, 126]	No_PFAM_overlap
O75840	[211, 301]	Zinc finger, C2H2 type
P01589	[154, 190]	No_PFAM_overlap
P10114	[165, 182]	Ras family
P14222	[29, 123]	No_PFAM_overlap
P14222	[372, 412]	No_PFAM_overlap
P14222	[492, 511]	C2 domain
P14222	[528, 554]	No_PFAM_overlap
P82279	[22, 475]	Human growth factor-like EGF
P82279	[872, 950]	EGF-like domain
P82279	[1137, 1350]	Human growth factor-like EGF
Q02413	[609, 638]	No_PFAM_overlap
Q02846	[436, 454]	No_PFAM_overlap
Q13443	[350, 677]	Reprolysin (M12B) family zinc metalloprotease
Q149M9	[0, 18]	No_PFAM_overlap
Q2Q1W2	[0, 22]	No_PFAM_overlap
Q2Q1W2	[197, 242]	No_PFAM_overlap
Q58A45	[31, 75]	No_PFAM_overlap
Q58A45	[452, 486]	No_PFAM_overlap
Q5SWL8	[135, 153]	PRAME C-terminal domain
Q5TAX3	[278, 323]	No_PFAM_overlap
Q5TAX3	[909, 942]	No_PFAM_overlap
Q5TAX3	[1285, 1320]	Zinc knuckle
Q5TAX3	[1347, 1393]	Zinc knuckle
Q6GV28	[163, 188]	TM225-like domain
Q8N4N8	[199, 229]	Kinesin motor domain
Q8NCN2	[403, 467]	Zinc finger, C2H2 type
Q8TAF7	[198, 548]	Zinc finger, C2H2 type
Q8TC20	[594, 611]	No_PFAM_overlap
Q92765	[138, 192]	Fz domain
Q96BV0	[99, 220]	Zinc finger, C2H2 type
Q96BV0	[269, 379]	Zinc finger, C2H2 type
Q96BV0	[439, 522]	Zinc finger, C2H2 type
Q96LX8	[170, 269]	Zinc finger, C2H2 type
Q96LX8	[324, 423]	Zinc finger, C2H2 type
Q99728	[548, 566]	No_PFAM_overlap
Q9UBX5	[22, 89]	Calcium-binding EGF domain
Q9UBX5	[99, 341]	Complement Clr-like EGF-like
Q9UKF5	[384, 561]	Reprolysin (M12B) family zinc metalloprotease
Q9UKF5	[624, 654]	No_PFAM_overlap
A0ABJ7H351	[81, 149]	Zinc finger C-x8-C-x5-C-x3-H type (and similar)
A0ABJ7H351	[240, 366]	CCCH-type zinc finger
O15265	[105, 141]	No_PFAM_overlap
O15265	[510, 530]	No_PFAM_overlap
O75173	[322, 689]	ADAMTS cysteine-rich domain 2
O75604	[159, 208]	No_PFAM_overlap
O95243	[154, 169]	No_PFAM_overlap
P17028	[219, 367]	Zinc finger, C2H2 type
P23743	[218, 293]	Phorbol esters/diacylglycerol binding domain (C1 domain)
P23743	[314, 334]	Phorbol esters/diacylglycerol binding domain (C1 domain)
P23743	[695, 713]	Diacylglycerol kinase accessory domain
P34947	[499, 539]	No_PFAM_overlap
P35680	[241, 310]	No_PFAM_overlap
P46531	[24, 1565]	LNR domain
P48553	[707, 729]	No_PFAM_overlap
P48553	[905, 928]	No_PFAM_overlap
P49757	[166, 198]	Phosphotyrosine interaction domain (PTB/PID)
P55201	[0, 45]	No_PFAM_overlap
P55201	[252, 346]	PHD-zinc-finger like domain
P58107	[1128, 1153]	No_PFAM_overlap
Q17R98	[373, 469]	Zinc finger, C2H2 type
Q17R98	[785, 836]	Zinc finger, C2H2 type
Q5EBM4	[94, 169]	Zinc finger, C2H2 type
Q5T700	[59, 204]	Low-density lipoprotein receptor domain class A
Q5VWM4	[115, 144]	No_PFAM_overlap
Q6NUJ1	[24, 100]	Saposin-like type B, region 1
Q6NUJ1	[161, 183]	No_PFAM_overlap
Q6VAB6	[409, 485]	No_PFAM_overlap
Q6XE24	[205, 229]	RNA recognition motif
Q6XE24	[353, 370]	No_PFAM_overlap
Q7Z7M0	[139, 206]	No_PFAM_overlap
Q7Z7M0	[557, 656]	No_PFAM_overlap
Q7Z7M0	[846, 1278]	Plexin repeat
Q7Z7M0	[1395, 1490]	No_PFAM_overlap
Q7Z7M0	[1872, 2467]	Laminin EGF domain
Q86TB3	[330, 391]	No_PFAM_overlap
Q86TB3	[1783, 1816]	Immunoglobulin I-set domain
Q8N8J6	[48, 74]	KRAB box
Q8N8J6	[90, 115]	No_PFAM_overlap
Q8N8J6	[176, 730]	Zinc finger, C2H2 type
Q8ND71	[195, 219]	AIG1 family
Q96E35	[149, 220]	MYND finger
Q9BQE6	[162, 201]	No_PFAM_overlap
Q9BYK8	[15, 48]	No_PFAM_overlap
Q9BYK8	[84, 115]	No_PFAM_overlap
Q9BYK8	[164, 258]	No_PFAM_overlap
Q9BYK8	[280, 359]	No_PFAM_overlap
Q9BYK8	[2366, 2383]	No_PFAM_overlap
Q9H6D7	[0, 34]	No_PFAM_overlap
Q9H7F0	[885, 923]	No_PFAM_overlap
Q9NPC7	[125, 159]	No_PFAM_overlap
Q9NPC7	[295, 521]	Zinc finger, C2H2 type
Q9NXA8	[246, 309]	Sir2 family
Q9NYQ6	[1336, 1426]	No_PFAM_overlap
Q9NYQ6	[1631, 1668]	EGF-like domain
Q9NYQ6	[1859, 2098]	Hormone receptor domain
Q9P0J7	[0, 142]	Drought induced 19 protein (Di19), zinc-binding
A7E2V4	[486, 507]	No_PFAM_overlap
A7E2V4	[763, 785]	No_PFAM_overlap
A8MT65	[203, 543]	Zinc finger, C2H2 type
P05156	[155, 326]	Scavenger receptor cysteine-rich domain
P24928	[1441, 1485]	No_PFAM_overlap
P54707	[371, 394]	No_PFAM_overlap
P59817	[286, 362]	No_PFAM_overlap
P59817	[377, 398]	No_PFAM_overlap
Q14457	[10, 45]	No_PFAM_overlap
Q6MZQ0	[264, 315]	No_PFAM_overlap
Q6P3S6	[332, 361]	No_PFAM_overlap
Q6PIU1	[19, 37]	No_PFAM_overlap
Q7Z3H4	[281, 307]	No_PFAM_overlap
Q7Z7C7	[291, 329]	No_PFAM_overlap
Q86YS3	[264, 294]	No_PFAM_overlap
Q8N7C4	[199, 228]	No_PFAM_overlap
Q8N8J0	[214, 261]	No_PFAM_overlap
Q8NA19	[356, 427]	mbt repeat
Q8TF45	[74, 670]	Zinc finger, C2H2 type
Q96JC4	[85, 523]	Zinc finger, C2H2 type
Q9NR09	[958, 975]	No_PFAM_overlap
Q9NR09	[1236, 1264]	No_PFAM_overlap
Q9NR09	[1519, 1570]	No_PFAM_overlap
Q9NR09	[3647, 3687]	No_PFAM_overlap
Q9NR09	[4015, 4065]	No_PFAM_overlap
Q9NR09	[4415, 4455]	No_PFAM_overlap
Q9P0N8	[0, 28]	No_PFAM_overlap
Q9Y561	[383, 479]	Low-density lipoprotein receptor domain class A
O43196	[572, 590]	MutS domain V
O75346	[102, 487]	Zinc finger, C2H2 type
O75398	[483, 557]	MYND finger
P09919	[7, 25]	No_PFAM_overlap
P25103	[313, 332]	No_PFAM_overlap
P54646	[534, 551]	No_PFAM_overlap
P55789	[69, 101]	No_PFAM_overlap
Q13470	[98, 117]	No_PFAM_overlap
Q13470	[372, 414]	Protein tyrosine and serine/threonine kinase
Q13470	[599, 624]	No_PFAM_overlap
Q15652	[1704, 1750]	No_PFAM_overlap
Q15652	[1927, 1968]	No_PFAM_overlap
Q6ZMS4	[149, 495]	Zinc finger, C2H2 type
Q8IX05	[141, 171]	Lectin C-type domain
Q8N2C3	[166, 182]	No_PFAM_overlap
Q8N7B1	[250, 299]	No_PFAM_overlap
Q8WXK3	[0, 19]	No_PFAM_overlap
Q96D03	[7, 34]	No_PFAM_overlap
Q96M11	[11, 29]	No_PFAM_overlap
Q96M11	[151, 188]	No_PFAM_overlap
Q96PY6	[1044, 1064]	No_PFAM_overlap
Q9P2K8	[254, 269]	No_PFAM_overlap
Q9UNA0	[542, 646]	ADAMTS cysteine-rich domain 2
Q9UNE0	[5, 152]	No_PFAM_overlap
O14668	[0, 17]	No_PFAM_overlap
O95238	[220, 243]	No_PFAM_overlap
P09913	[129, 169]	No_PFAM_overlap
P0CG24	[0, 378]	Zinc finger, C2H2 type
P23219	[26, 44]	No_PFAM_overlap
P29122	[687, 968]	PLAC (protease and lacunin) domain
Q14CZ7	[17, 94]	No_PFAM_overlap
Q52WX2	[2, 33]	No_PFAM_overlap
Q6N043	[237, 255]	No_PFAM_overlap
Q6N043	[344, 508]	No_PFAM_overlap
Q6N043	[615, 740]	Z280C/D-like C2H2 zinc finger
Q6ZUX3	[464, 493]	No_PFAM_overlap
Q8IWZ5	[0, 101]	No_PFAM_overlap
Q8IWZ5	[136, 170]	No_PFAM_overlap
Q8IWZ5	[240, 260]	No_PFAM_overlap
Q8IWZ5	[533, 566]	No_PFAM_overlap
Q8N7M2	[0, 29]	No_PFAM_overlap
Q8N7M2	[49, 65]	No_PFAM_overlap
Q8N7M2	[186, 328]	Zinc finger, C2H2 type
Q8N7M2	[395, 669]	C2H2-type zinc finger
Q8NCJ5	[326, 367]	SPRY domain
Q8NCJ5	[425, 441]	No_PFAM_overlap
Q8TAB3	[701, 758]	No_PFAM_overlap
Q8TC36	[62, 79]	No_PFAM_overlap
Q8WY64	[353, 444]	Zinc finger, C3HC4 type (RING finger)
Q92546	[7, 93]	Rgp1
Q969K3	[0, 16]	No_PFAM_overlap
Q96F44	[4, 143]	zinc finger of C3HC4-type, RING
Q96GP6	[49, 446]	Platelet endothelial aggregation receptor 1-like, EGF domain
Q96JG9	[3111, 3182]	No_PFAM_overlap
Q96JG9	[3327, 3404]	Zinc finger, C2H2 type
Q96JG9	[3425, 3441]	No_PFAM_overlap
Q96JL9	[295, 644]	Zinc finger, C2H2 type
Q96T25	[404, 553]	Zinc finger, C2H2 type
Q99062	[113, 191]	Ig-like C2-type domain
Q99062	[203, 281]	No_PFAM_overlap
Q9BWX1	[30, 228]	PHD-like zinc-binding domain
Q9H579	[27, 54]	No_PFAM_overlap
Q9NPY3	[25, 49]	Lectin C-type domain
Q9NPY3	[119, 468]	Complement Clr-like EGF-like
Q9NQX6	[84, 101]	No_PFAM_overlap
Q9NQX6	[121, 462]	C2H2-type zinc finger
Q9UNN5	[233, 262]	No_PFAM_overlap
B4DX44	[104, 293]	Zinc finger, C2H2 type
B4DX44	[305, 411]	C2H2-type zinc finger
O43474	[422, 512]	Zinc finger, C2H2 type
O75582	[688, 740]	No_PFAM_overlap
O75626	[8, 83]	No_PFAM_overlap
O75626	[563, 695]	C2H2-type zinc finger
O75717	[293, 310]	WDHD1 first WD40 domain
O94762	[421, 459]	RecQ zinc-binding
O94762	[975, 990]	SRI (Set2 Rpb1 interacting) domain
O95231	[198, 218]	No_PFAM_overlap
P04629	[29, 63]	No_PFAM_overlap
P31629	[180, 247]	Zinc finger, C2H2 type
P31629	[649, 668]	No_PFAM_overlap
P31629	[1797, 1875]	Zinc finger, C2H2 type
P42345	[291, 327]	No_PFAM_overlap
P42345	[343, 366]	No_PFAM_overlap
P98173	[57, 73]	No_PFAM_overlap
Q10570	[449, 501]	No_PFAM_overlap
Q14246	[22, 343]	Calcium-binding EGF domain
Q14246	[436, 465]	No_PFAM_overlap
Q15072	[5, 192]	Zinc finger, C2H2 type
Q15072	[211, 291]	Zinc finger, C2H2 type
Q8N6M6	[40, 104]	No_PFAM_overlap
Q8N6M6	[125, 147]	No_PFAM_overlap
Q8WTR7	[205, 291]	Zinc finger, C2H2 type
Q8WTR7	[311, 870]	Zinc finger, C2H2 type
Q92563	[74, 208]	Secreted protein acidic and rich in cysteine Ca binding region
Q9BS86	[238, 255]	No_PFAM_overlap
Q9BYT9	[87, 126]	No_PFAM_overlap
Q9H7B4	[258, 273]	No_PFAM_overlap
Q9NVR5	[519, 535]	No_PFAM_overlap
Q9Y6W6	[13, 84]	No_PFAM_overlap
O14863	[411, 428]	Cation efflux protein, cytoplasmic domain
O15015	[234, 316]	Zinc finger, C2H2 type
O15015	[370, 421]	Zinc finger, C2H2 type
O15015	[462, 519]	Zinc finger, C2H2 type
O15015	[567, 592]	No_PFAM_overlap
O15015	[614, 667]	Zinc finger, C2H2 type
O15015	[819, 898]	C2H2-type zinc finger
O15015	[1043, 1105]	Zinc finger, C2H2 type
O15015	[1201, 1278]	Zinc finger, C2H2 type
O15015	[1298, 1351]	Zinc finger, C2H2 type
O15015	[1526, 1611]	Zinc finger, C2H2 type
O15015	[1676, 1777]	C2H2-type zinc finger
P05362	[406, 429]	No_PFAM_overlap
P05362	[443, 471]	No_PFAM_overlap
P38570	[115, 144]	No_PFAM_overlap
P38570	[739, 814]	No_PFAM_overlap
Q05C16	[39, 85]	No_PFAM_overlap
Q14145	[1, 49]	No_PFAM_overlap
Q14145	[594, 623]	KLHDC2/KLHL20/DRC7 Kelch-repeats domain
Q6P3V2	[82, 136]	No_PFAM_overlap
Q6P3V2	[167, 399]	Zinc finger, C2H2 type
Q6P3V2	[427, 767]	Zinc finger, C2H2 type
Q6ZU69	[121, 173]	Domain of unknown function (DUF4599)
Q6ZU69	[324, 388]	No_PFAM_overlap
Q6ZU69	[804, 863]	No_PFAM_overlap
Q86Y01	[394, 415]	No_PFAM_overlap
Q8N4P6	[58, 90]	No_PFAM_overlap
Q8N7Q3	[75, 586]	Zinc-finger double domain
Q92616	[1062, 1082]	No_PFAM_overlap
Q9H0B6	[420, 480]	No_PFAM_overlap
Q9HC62	[66, 90]	No_PFAM_overlap
Q9NQV7	[577, 890]	Zinc finger, C2H2 type
Q9Y6X3	[555, 593]	No_PFAM_overlap
O14638	[42, 159]	Somatomedin B domain
O14638	[559, 586]	No_PFAM_overlap
O14638	[641, 681]	No_PFAM_overlap
O60449	[482, 512]	Lectin C-type domain
O60449	[612, 651]	Lectin C-type domain
O60449	[1219, 1290]	Lectin C-type domain
O60449	[1491, 1551]	Lectin C-type domain
O75110	[473, 495]	No_PFAM_overlap
P07225	[55, 286]	Human growth factor-like EGF
P07225	[654, 675]	No_PFAM_overlap
P08047	[601, 705]	Zinc finger, C2H2 type
P08047	[761, 784]	No_PFAM_overlap
P12111	[2022, 2040]	Collagen triple helix repeat (20 copies)
P12111	[2368, 2400]	Collagen triple helix repeat (20 copies)
P15621	[96, 662]	Zinc finger, C2H2 type
P82987	[74, 245]	Thrombospondin type 1 domain
P82987	[380, 454]	Thrombospondin type 1 domain
P82987	[517, 899]	Thrombospondin type 1 domain
P82987	[1421, 1690]	PLAC (protease and lacunin) domain
Q13368	[315, 349]	No_PFAM_overlap
Q5VT06	[184, 220]	No_PFAM_overlap
Q658L1	[0, 38]	Stabilizer of axonemal microtubules 1/2
Q674R7	[739, 761]	No_PFAM_overlap
Q674R7	[781, 803]	No_PFAM_overlap
Q6AZZ1	[49, 73]	zinc finger of C3HC4-type, RING
Q6ZT12	[1222, 1268]	No_PFAM_overlap
Q6ZT12	[1372, 1393]	No_PFAM_overlap
Q8N5U1	[12, 27]	No_PFAM_overlap
Q8NHU2	[256, 280]	Cilia- and flagella-associated protein 61, N-terminal domain
Q8TAK6	[218, 270]	No_PFAM_overlap
Q92997	[355, 371]	No_PFAM_overlap
Q9H832	[225, 254]	Ubiquitin-conjugating enzyme
Q9NZ08	[476, 512]	Peptidase family M1 domain
Q9P1U0	[0, 125]	Transcription factor S-II (TFIIS)
Q9Y2P7	[127, 626]	Zinc finger, C2H2 type
Q9Y5S1	[684, 718]	No_PFAM_overlap
A0A096LNW5	[21, 269]	EGF-like domain
O75161	[824, 840]	Nephrocystin-4 C2 third domain
O75912	[173, 206]	No_PFAM_overlap
P07306	[138, 159]	Hepatic lectin, N-terminal domain
P10072	[0, 32]	No_PFAM_overlap
P10072	[87, 121]	C2H2-type zinc finger
P10072	[138, 180]	No_PFAM_overlap
P10072	[321, 650]	Zinc finger, C2H2 type
P14735	[959, 985]	No_PFAM_overlap
P49910	[267, 484]	Zinc finger, C2H2 type
Q02040	[3, 18]	No_PFAM_overlap
Q12967	[782, 801]	Ras association (RalGDS/AF-6) domain
Q13233	[437, 508]	No_PFAM_overlap
Q15109	[186, 276]	Immunoglobulin domain
Q15109	[292, 319]	Immunoglobulin domain
Q15326	[137, 152]	No_PFAM_overlap
Q16099	[898, 934]	No_PFAM_overlap
Q5T440	[35, 51]	No_PFAM_overlap
Q6P2H3	[278, 302]	No_PFAM_overlap
Q6PJP8	[106, 182]	No_PFAM_overlap
Q6PJP8	[454, 474]	No_PFAM_overlap
Q6PJP8	[496, 559]	No_PFAM_overlap
Q6UY18	[15, 57]	No_PFAM_overlap
Q6W2J9	[14, 40]	No_PFAM_overlap
Q6W2J9	[66, 90]	No_PFAM_overlap
Q6W2J9	[1004, 1027]	No_PFAM_overlap
Q6ZP82	[407, 447]	No_PFAM_overlap
Q8N1N4	[463, 491]	No_PFAM_overlap
Q92560	[527, 548]	No_PFAM_overlap
Q96EY1	[60, 76]	No_PFAM_overlap
Q96PV6	[287, 312]	No_PFAM_overlap
Q9H9D4	[347, 629]	Zinc finger, C2H2 type
Q9HAU8	[52, 74]	No_PFAM_overlap
Q9HAU8	[120, 141]	No_PFAM_overlap
B4E2M5	[126, 164]	No_PFAM_overlap
O75771	[288, 304]	No_PFAM_overlap
O95025	[530, 594]	No_PFAM_overlap
P08235	[127, 144]	No_PFAM_overlap
P08235	[434, 451]	No_PFAM_overlap
P08235	[472, 492]	No_PFAM_overlap
P20929	[431, 496]	No_PFAM_overlap
P20929	[677, 770]	No_PFAM_overlap
P20929	[7316, 7345]	Nebulin repeat
P20929	[7806, 7844]	Nebulin repeat
P22455	[25, 79]	No_PFAM_overlap
P26651	[101, 171]	Zinc finger C-x8-C-x5-C-x3-H type (and similar)
P46013	[230, 264]	No_PFAM_overlap
P62324	[125, 161]	BTG family
P78539	[70, 194]	HYR domain
Q5JV73	[1474, 1532]	No_PFAM_overlap
Q687X5	[0, 17]	No_PFAM_overlap
Q6ZN54	[237, 305]	Phorbol esters/diacylglycerol binding domain (C1 domain)
Q86UE3	[154, 278]	Zinc finger, C2H2 type
Q86UE3	[291, 482]	Zinc finger, C2H2 type
Q86UE3	[518, 835]	Zinc finger, C2H2 type
Q8IZP1	[467, 500]	No_PFAM_overlap
Q8N1G2	[128, 178]	G-patch domain
Q8N3C0	[307, 335]	No_PFAM_overlap
Q8ND24	[632, 702]	No_PFAM_overlap
Q96P26	[42, 93]	No_PFAM_overlap
Q9P2G3	[608, 627]	No_PFAM_overlap
Q9Y2T5	[324, 346]	No_PFAM_overlap
Q9Y4P8	[366, 399]	PROPPIN
B1ANS9	[707, 725]	No_PFAM_overlap
O14578	[1353, 1449]	PH domain
O43543	[247, 277]	No_PFAM_overlap
O95196	[356, 428]	No_PFAM_overlap
O95405	[97, 188]	No_PFAM_overlap
P10075	[180, 375]	Zinc finger, C2H2 type
P24394	[317, 368]	No_PFAM_overlap
P24394	[705, 739]	No_PFAM_overlap
P47928	[30, 84]	Helix-loop-helix DNA-binding domain
P52824	[93, 268]	Phorbol esters/diacylglycerol binding domain (C1 domain)
P52824	[343, 362]	Ras association (RalGDS/AF-6) domain
P61236	[0, 36]	Yippee zinc-binding/DNA-binding /Mis18, centromere assembly
Q02880	[452, 474]	No_PFAM_overlap
Q6A162	[2, 114]	Intermediate filament protein
Q6A162	[393, 430]	Intermediate filament protein
Q6PIJ6	[1131, 1149]	No_PFAM_overlap
Q6ZMT9	[399, 433]	No_PFAM_overlap
Q7Z5J8	[1402, 1423]	No_PFAM_overlap
Q86WA8	[273, 296]	No_PFAM_overlap
Q86XF7	[84, 233]	Zinc finger, C2H2 type
Q8NEK5	[79, 532]	Zinc finger, C2H2 type
Q8TBJ5	[125, 162]	No_PFAM_overlap
Q8TBJ5	[180, 206]	No_PFAM_overlap
Q8TBJ5	[270, 431]	C2H2-type zinc finger
Q8WVZ1	[227, 253]	No_PFAM_overlap
Q96L21	[186, 210]	No_PFAM_overlap
Q96NC0	[49, 123]	Zinc-finger double-stranded RNA-binding
Q99944	[92, 200]	EMI domain
Q9BX82	[158, 623]	Zinc finger, C2H2 type
Q9BXT4	[153, 236]	MYND finger
Q9NUX5	[303, 369]	No_PFAM_overlap
Q9UKC9	[395, 422]	No_PFAM_overlap
Q9Y2G1	[797, 828]	No_PFAM_overlap
A0AAQ5BIG5	[601, 670]	Zinc knuckle
B4DYI2	[1045, 1071]	No_PFAM_overlap
O00300	[24, 199]	TNFR/NGFR cysteine-rich region
O43298	[345, 460]	Zinc finger, C2H2 type
O75064	[648, 663]	dDENN domain
O75064	[1148, 1202]	No_PFAM_overlap
O75064	[1229, 1266]	No_PFAM_overlap
O75064	[1471, 1495]	No_PFAM_overlap
O75569	[273, 301]	No_PFAM_overlap
P48960	[15, 274]	Calcium-binding EGF domain
P78413	[5, 69]	No_PFAM_overlap
Q13501	[0, 45]	PB1 domain
Q13501	[102, 180]	Zinc finger, ZZ type
Q6UVK1	[333, 417]	Laminin G domain
Q6UVK1	[2305, 2321]	No_PFAM_overlap
Q6ZUT9	[11, 38]	No_PFAM_overlap
Q86Y38	[268, 310]	No_PFAM_overlap
Q86Y38	[912, 944]	No_PFAM_overlap
Q8IYM9	[0, 15]	RING-type zinc-finger
Q8IYM9	[41, 117]	B-box zinc finger
Q8NFM7	[513, 538]	No_PFAM_overlap
Q8NFM7	[548, 604]	No_PFAM_overlap
Q8TEY5	[17, 89]	No_PFAM_overlap
Q8TEY5	[101, 211]	No_PFAM_overlap
Q8WXI2	[564, 580]	PH domain
Q969W8	[161, 417]	Zinc finger, C2H2 type
Q9H160	[205, 266]	No_PFAM_overlap
Q9H1R2	[156, 186]	No_PFAM_overlap
Q9H1R2	[200, 232]	No_PFAM_overlap
Q9H7R0	[110, 625]	C2H2-type zinc finger
Q9NR11	[269, 477]	Zinc finger, C2H2 type
Q9Y508	[20, 224]	RING-type zinc-finger
Q9Y5Q5	[130, 146]	Fz domain
Q9Y5Q5	[235, 475]	Low-density lipoprotein receptor domain class A
Q9Y5Q5	[509, 695]	Low-density lipoprotein receptor domain class A
Q9Y5Q5	[776, 821]	Trypsin
H0Y7S4	[128, 144]	No_PFAM_overlap
O14983	[328, 353]	No_PFAM_overlap
O15031	[66, 93]	No_PFAM_overlap
O15031	[642, 672]	Plexin A/B, PSI domain
O15031	[1126, 1152]	No_PFAM_overlap
O60883	[423, 438]	No_PFAM_overlap
O75593	[292, 332]	No_PFAM_overlap
O95218	[3, 108]	Zn-finger in Ran binding protein and others
P05305	[86, 171]	No_PFAM_overlap
P10721	[135, 160]	No_PFAM_overlap
P14373	[0, 142]	zinc finger of C3HC4-type, RING
Q02297	[172, 240]	EGF-like domain
Q5VT99	[26, 53]	No_PFAM_overlap
Q5XX13	[4, 31]	No_PFAM_overlap
Q5XX13	[813, 849]	No_PFAM_overlap
Q6UXL0	[269, 304]	No_PFAM_overlap
Q6ZN84	[216, 239]	No_PFAM_overlap
Q6ZN84	[314, 346]	No_PFAM_overlap
Q6ZN84	[604, 635]	No_PFAM_overlap
Q8TB52	[334, 353]	No_PFAM_overlap
Q8TB52	[711, 744]	F-box
Q96NE9	[559, 621]	No_PFAM_overlap
Q99743	[199, 217]	No_PFAM_overlap
Q9BSY4	[0, 92]	CHCH-CHCH-like Cx9C, IMS import disulfide relay-system,
Q9BTE7	[20, 44]	No_PFAM_overlap
Q9HBJ0	[107, 175]	ZP-N domain
Q9P2D1	[1706, 1723]	No_PFAM_overlap
Q9UIL8	[187, 221]	No_PFAM_overlap
Q9Y5E8	[763, 781]	Cadherin cytoplasmic C-terminal
O14944	[37, 62]	No_PFAM_overlap
O43300	[20, 42]	No_PFAM_overlap
O43300	[492, 515]	No_PFAM_overlap
O94779	[78, 103]	No_PFAM_overlap
P04035	[433, 454]	No_PFAM_overlap
P04035	[868, 886]	Hydroxymethylglutaryl-coenzyme A reductase
P28069	[16, 39]	No_PFAM_overlap
P31639	[596, 625]	No_PFAM_overlap
Q01546	[488, 510]	Intermediate filament protein
Q02763	[210, 375]	No_PFAM_overlap
Q15937	[63, 81]	No_PFAM_overlap
Q15937	[186, 497]	Zinc finger, C2H2 type
Q5SQH8	[94, 125]	No_PFAM_overlap
Q6P1Q9	[110, 141]	No_PFAM_overlap
Q6P461	[11, 39]	No_PFAM_overlap
Q76N89	[1190, 1205]	No_PFAM_overlap
Q7Z6M4	[13, 73]	No_PFAM_overlap
Q99726	[371, 386]	Cation efflux protein, cytoplasmic domain
Q9H2G4	[407, 431]	No_PFAM_overlap
Q9H792	[158, 222]	No_PFAM_overlap
Q9H792	[273, 318]	No_PFAM_overlap
Q9HBT7	[25, 65]	SCAN domain
Q9HBT7	[331, 758]	Zinc finger, C2H2 type
Q9UL52	[149, 187]	SEA domain
Q9ULM2	[111, 228]	Zinc finger, C2H2 type
Q9ULM2	[267, 424]	Zinc-finger double domain
Q9ULM2	[459, 523]	Zinc finger, C2H2 type
B2RU33	[39, 126]	No_PFAM_overlap
O15143	[323, 369]	No_PFAM_overlap
O75157	[159, 207]	No_PFAM_overlap
P0CF51	[87, 104]	Immunoglobulin C1-set domain
P18146	[338, 420]	Zinc finger, C2H2 type
P29590	[173, 236]	No_PFAM_overlap
P54756	[255, 367]	Ephrin cysteine rich domain
Q15306	[198, 245]	No_PFAM_overlap
Q5VT97	[279, 355]	No_PFAM_overlap
Q6UWU4	[131, 165]	No_PFAM_overlap
Q6UY11	[0, 259]	Delta-like/Jagged, EGF-like domain
Q6ZUV0	[230, 251]	Thioesterase superfamily
Q8N0V4	[30, 53]	No_PFAM_overlap
Q8N568	[281, 299]	No_PFAM_overlap
Q8N568	[644, 714]	Protein kinase domain
Q8NG50	[249, 271]	No_PFAM_overlap
Q8NI77	[726, 760]	No_PFAM_overlap
Q96K62	[400, 505]	Zinc finger, C2H2 type
Q96N38	[42, 58]	No_PFAM_overlap
Q96N38	[74, 512]	Zinc finger, C2H2 type
Q9H3U7	[25, 150]	Thyroglobulin type-1 repeat
Q9H3U7	[301, 330]	No_PFAM_overlap
Q9HC56	[1132, 1151]	No_PFAM_overlap
Q9P2N4	[532, 663]	ADAMTS cysteine-rich domain
Q9P2N4	[879, 976]	Thrombospondin type 1 domain
Q9P2N4	[1000, 1286]	Thrombospondin type 1 domain
Q9P2N4	[1331, 1746]	Thrombospondin type 1 domain
Q9UIH9	[9, 33]	No_PFAM_overlap
Q9UIH9	[49, 89]	No_PFAM_overlap
Q9UIH9	[267, 282]	No_PFAM_overlap
Q9UIH9	[303, 402]	Zinc finger, C2H2 type
Q9Y458	[456, 487]	No_PFAM_overlap
Q9Y4L5	[4, 94]	No_PFAM_overlap
A4UGR9	[681, 697]	Xin repeat
A4UGR9	[977, 1037]	Xin repeat
A4UGR9	[1057, 1098]	Xin repeat
O15213	[161, 177]	No_PFAM_overlap
O15460	[275, 311]	No_PFAM_overlap
O15550	[942, 968]	No_PFAM_overlap
O15550	[1007, 1024]	No_PFAM_overlap
P02760	[325, 351]	Kunitz/Bovine pancreatic trypsin inhibitor domain
P57081	[31, 49]	No_PFAM_overlap
Q15048	[99, 167]	No_PFAM_overlap
Q66K64	[252, 283]	DDB1-and CUL4-substrate receptor 15, WD repeat
Q6ICH7	[97, 113]	No_PFAM_overlap
Q6UWV2	[207, 234]	No_PFAM_overlap
Q6UXN8	[16, 52]	No_PFAM_overlap
Q6UXN8	[88, 119]	No_PFAM_overlap
Q6UY14	[664, 820]	Thrombospondin type 1 domain
Q6ZRS4	[788, 888]	Sperm-specific antigen 2 C-terminus
Q7Z7J5	[80, 151]	Dppa2/4 conserved region in higher vertebrates
Q86XU0	[200, 573]	Zinc finger, C2H2 type
Q8NDZ0	[283, 300]	No_PFAM_overlap
Q8NDZ0	[569, 586]	BEN domain
Q96DN2	[43, 270]	Complement Clr-like EGF-like
Q96DN2	[381, 753]	VWC2L-like domain
Q96GM8	[444, 472]	CAF1 family ribonuclease
Q96QU6	[17, 56]	No_PFAM_overlap
Q9GZR2	[222, 253]	Exonuclease
Q9NT99	[54, 84]	No_PFAM_overlap
Q9NUG4	[337, 413]	Cerebral cavernous malformation protein, harmonin-homology
Q9NZP6	[1120, 1155]	No_PFAM_overlap
Q9P2N6	[87, 123]	No_PFAM_overlap
Q9UNL4	[183, 248]	No_PFAM_overlap
Q9Y3M8	[113, 159]	SAM domain (Sterile alpha motif)
Q9Y4I5	[57, 77]	No_PFAM_overlap
Q9Y4I5	[93, 129]	No_PFAM_overlap
Q9Y4I5	[140, 270]	No_PFAM_overlap
Q9Y4I5	[291, 425]	Tesmin/TSO1-like CXC domain, cysteine-rich domain
Q9Y4I5	[439, 506]	No_PFAM_overlap
Q9Y6Q1	[5, 26]	No_PFAM_overlap
A6NNT2	[981, 999]	No_PFAM_overlap
A8MW92	[138, 178]	No_PFAM_overlap
O00409	[206, 231]	No_PFAM_overlap
O75828	[240, 265]	No_PFAM_overlap
O94813	[232, 299]	Leucine rich repeat N-terminal domain
O94813	[450, 529]	Leucine rich repeat C-terminal domain
O94813	[703, 740]	Leucine rich repeat N-terminal domain
O94813	[882, 1150]	Leucine rich repeat C-terminal domain
O94813	[1314, 1528]	Laminin G domain
P16035	[192, 218]	Tissue inhibitor of metalloproteinase
P28328	[231, 256]	No_PFAM_overlap
P29558	[166, 257]	RNA recognition motif
P33981	[457, 503]	No_PFAM_overlap
P42356	[242, 257]	No_PFAM_overlap
P42356	[1757, 1778]	No_PFAM_overlap
P42356	[1801, 1845]	Phosphatidylinositol 3- and 4-kinase
P52744	[25, 261]	Zinc finger, C2H2 type
Q0VF96	[54, 73]	No_PFAM_overlap
Q2VIQ3	[1076, 1123]	No_PFAM_overlap
Q3SY56	[225, 336]	Zinc finger, C2H2 type
Q53H76	[423, 455]	No_PFAM_overlap
Q68G74	[64, 84]	LIM domain
Q6W4X9	[199, 394]	Trypsin Inhibitor like cysteine rich domain
Q6W4X9	[564, 590]	No_PFAM_overlap
Q6W4X9	[656, 866]	Trypsin Inhibitor like cysteine rich domain
Q6W4X9	[1038, 1059]	No_PFAM_overlap
Q6W4X9	[1075, 1198]	C8 domain
Q6W4X9	[2348, 2438]	No_PFAM_overlap
Q8N8C0	[0, 122]	Zinc finger, C2H2 type
Q8NI17	[587, 603]	No_PFAM_overlap
Q969J2	[137, 218]	SCAN domain
Q969J2	[316, 459]	Zinc finger, C2H2 type
Q969J2	[482, 541]	Zinc finger, C2H2 type
Q96AE7	[112, 145]	No_PFAM_overlap
Q96AE7	[407, 441]	No_PFAM_overlap
Q96AE7	[793, 839]	No_PFAM_overlap
Q96AE7	[940, 979]	No_PFAM_overlap
Q96HE7	[23, 49]	No_PFAM_overlap
Q9HBE1	[3, 27]	No_PFAM_overlap
Q9HBE1	[288, 323]	No_PFAM_overlap
Q9HBE1	[347, 530]	C2H2-type zinc finger
Q9NS15	[54, 139]	Human growth factor-like EGF
Q9NS15	[284, 483]	Calcium-binding EGF domain
Q9NS15	[571, 1117]	Complement Clr-like EGF-like
Q9NYQ8	[3712, 3782]	No_PFAM_overlap
Q9NYQ8	[3930, 4036]	EGF-like domain
Q9Y2G2	[58, 81]	No_PFAM_overlap
Q9Y2G2	[135, 160]	No_PFAM_overlap
A4D0S4	[267, 538]	Laminin EGF domain
A4D0S4	[695, 1182]	Laminin EGF domain
A4D0S4	[1359, 1427]	LAMB1-4 helical domain
C9J069	[662, 681]	No_PFAM_overlap
E7ETH6	[47, 172]	KRAB box
E7ETH6	[198, 401]	Zinc finger, C2H2 type
O75106	[719, 755]	Copper amine oxidase, enzyme domain
O75808	[0, 84]	Zn-finger in Ran binding protein and others
O75808	[337, 450]	Zn-finger in Ran binding protein and others
O95267	[647, 662]	No_PFAM_overlap
P19113	[486, 505]	No_PFAM_overlap
P19113	[538, 571]	No_PFAM_overlap
P19113	[632, 661]	No_PFAM_overlap
P53004	[279, 295]	No_PFAM_overlap
P78363	[1167, 1198]	No_PFAM_overlap
P78363	[1446, 1519]	No_PFAM_overlap
Q14588	[197, 407]	Zinc finger, C2H2 type
Q14588	[448, 685]	Zinc finger, C2H2 type
Q5VT98	[128, 143]	No_PFAM_overlap
Q7L590	[425, 457]	Primase zinc finger
Q7Z5U6	[4, 26]	No_PFAM_overlap
Q8NFZ5	[402, 428]	No_PFAM_overlap
Q8WU17	[581, 598]	Ring finger domain
Q8WWZ8	[149, 267]	Coagulation Factor Xa inhibitory site
Q96QT6	[386, 452]	No_PFAM_overlap
Q9NS39	[189, 216]	No_PFAM_overlap
Q9NSB2	[514, 540]	No_PFAM_overlap
Q9NZL6	[632, 657]	Ras association (RalGDS/AF-6) domain
Q9P2D8	[1437, 1532]	No_PFAM_overlap
Q9P2J3	[3, 22]	No_PFAM_overlap
Q9UN36	[311, 329]	Ndr family
Q9Y2Y1	[0, 88]	RNA polymerases M/15 Kd subunit
A0A0J9YXQ4	[304, 328]	PNMA
O43166	[444, 460]	No_PFAM_overlap
P49916	[251, 266]	DNA ligase N terminus
Q16538	[341, 416]	No_PFAM_overlap
Q5VXH5	[115, 144]	No_PFAM_overlap
Q86W42	[305, 333]	No_PFAM_overlap
Q96NG5	[89, 129]	No_PFAM_overlap
Q96NG5	[143, 401]	C2H2-type zinc finger
Q9BYZ6	[330, 349]	No_PFAM_overlap
Q9N2K0	[211, 280]	No_PFAM_overlap
Q9P227	[618, 643]	No_PFAM_overlap
Q9P227	[895, 916]	No_PFAM_overlap
Q9ULT8	[473, 490]	Ankyrin repeats (3 copies)
