Accession_number	Region	Domain
A6NGW2	[440, 462]	No_PFAM_overlap
A6NGW2	[483, 535]	No_PFAM_overlap
O75093	[246, 304]	Leucine rich repeat N-terminal domain
O75093	[503, 535]	No_PFAM_overlap
O75093	[713, 747]	Leucine rich repeat N-terminal domain
O75093	[886, 1170]	Human growth factor-like EGF
O75093	[1328, 1533]	No_PFAM_overlap
O75678	[51, 74]	No_PFAM_overlap
P04275	[195, 222]	No_PFAM_overlap
P04275	[237, 394]	C8 domain
P04275	[548, 869]	C8 domain
P04275	[1873, 1959]	von Willebrand factor type D domain
P04275	[2117, 2134]	No_PFAM_overlap
P04275	[2157, 2509]	C8 domain
Q05329	[62, 85]	No_PFAM_overlap
Q14585	[0, 29]	No_PFAM_overlap
Q14585	[81, 160]	Zinc finger, C2H2 type
Q7RTU4	[120, 140]	No_PFAM_overlap
Q7Z7K2	[64, 95]	No_PFAM_overlap
Q7Z7K2	[151, 202]	Zinc finger, C2H2 type
Q7Z7K2	[346, 446]	Zinc finger, C2H2 type
Q8IXZ3	[321, 402]	Zinc finger, C2H2 type
Q8IZ63	[0, 17]	No_PFAM_overlap
Q8IZJ1	[252, 362]	Thrombospondin type 1 domain
Q8N1N2	[12, 78]	No_PFAM_overlap
Q8N1N2	[120, 152]	No_PFAM_overlap
Q8NAF0	[38, 86]	Zinc finger, C2H2 type
Q8NAF0	[233, 251]	No_PFAM_overlap
Q8NAF0	[264, 312]	Zinc finger, C2H2 type
Q8NAF0	[375, 426]	Zinc finger, C2H2 type
Q8WWI1	[1603, 1620]	LIM domain
Q9BRZ2	[88, 146]	No_PFAM_overlap
Q9BT23	[29, 48]	LIM domain
Q9C0I4	[116, 204]	Spondin-like TSP1 domain
Q9C0I4	[295, 361]	Spondin-like TSP1 domain
Q9C0I4	[411, 483]	No_PFAM_overlap
Q9C0I4	[1070, 1244]	Thrombospondin type 1 domain
Q9UL59	[237, 286]	No_PFAM_overlap
Q9Y5H7	[722, 740]	No_PFAM_overlap
D6RCP7	[34, 61]	No_PFAM_overlap
O43915	[178, 353]	CXCXC repeat
P51970	[28, 62]	No_PFAM_overlap
Q09MP3	[89, 123]	No_PFAM_overlap
Q09MP3	[315, 358]	No_PFAM_overlap
Q09MP3	[405, 423]	No_PFAM_overlap
Q12802	[51, 71]	No_PFAM_overlap
Q12802	[331, 369]	No_PFAM_overlap
Q12802	[390, 421]	No_PFAM_overlap
Q12802	[649, 691]	No_PFAM_overlap
Q12802	[1796, 1847]	No_PFAM_overlap
Q53GD3	[105, 128]	No_PFAM_overlap
Q5EBM0	[65, 94]	No_PFAM_overlap
Q5TC79	[420, 464]	Zinc finger, C2H2 type
Q6ZUB1	[257, 282]	No_PFAM_overlap
Q6ZUB1	[1347, 1387]	No_PFAM_overlap
Q8N823	[222, 384]	Zinc finger, C2H2 type
Q8TF21	[12, 38]	No_PFAM_overlap
Q92954	[23, 113]	Somatomedin B domain
Q96C00	[375, 397]	No_PFAM_overlap
Q96C00	[429, 455]	No_PFAM_overlap
Q96QE4	[510, 535]	No_PFAM_overlap
Q96QE4	[735, 756]	No_PFAM_overlap
Q9H0E9	[959, 980]	No_PFAM_overlap
Q9NZV7	[304, 410]	C2H2-type zinc finger
Q9NZV7	[454, 526]	Zinc finger, C2H2 type
Q9UK11	[139, 191]	Zinc finger, C2H2 type
Q9UK11	[209, 316]	Zinc finger, C2H2 type
Q9Y297	[32, 114]	No_PFAM_overlap
A6NC57	[426, 444]	No_PFAM_overlap
O00321	[167, 241]	Ets-domain
O14545	[2, 144]	TRAFD1/XAF1, zinc finger
O14545	[282, 321]	No_PFAM_overlap
O14545	[359, 398]	No_PFAM_overlap
O43283	[696, 744]	No_PFAM_overlap
O43283	[900, 959]	No_PFAM_overlap
P08588	[440, 476]	No_PFAM_overlap
P0DH78	[102, 155]	No_PFAM_overlap
P20701	[62, 83]	No_PFAM_overlap
P25445	[42, 172]	TNFR/NGFR cysteine-rich region
Q01955	[24, 49]	Collagen triple helix repeat (20 copies)
Q03828	[376, 401]	No_PFAM_overlap
Q13114	[42, 248]	TNF receptor-associated factor 2/3/5, RING domain
Q13118	[154, 179]	No_PFAM_overlap
Q13118	[191, 221]	No_PFAM_overlap
Q13118	[360, 415]	Zinc finger, C2H2 type
Q14957	[1001, 1036]	No_PFAM_overlap
Q14957	[1089, 1180]	No_PFAM_overlap
Q15878	[2287, 2312]	No_PFAM_overlap
Q2TV78	[293, 318]	No_PFAM_overlap
Q2TV78	[415, 481]	No_PFAM_overlap
Q2YD98	[220, 262]	No_PFAM_overlap
Q5VTJ3	[503, 519]	No_PFAM_overlap
Q5VVW2	[472, 491]	No_PFAM_overlap
Q659A1	[558, 593]	No_PFAM_overlap
Q7Z4F1	[308, 435]	Low-density lipoprotein receptor domain class A
Q8TDJ6	[54, 71]	No_PFAM_overlap
Q8TDJ6	[1024, 1039]	No_PFAM_overlap
Q8WXS8	[500, 722]	ADAMTS cysteine-rich domain
Q8WXS8	[859, 1030]	Thrombospondin type 1 domain
Q8WXS8	[1052, 1101]	No_PFAM_overlap
Q96NJ3	[179, 246]	No_PFAM_overlap
Q96NJ3	[503, 554]	Zinc finger, C2H2 type
Q9BY79	[11, 43]	No_PFAM_overlap
Q9BY79	[412, 472]	Fz domain
Q9P2E3	[1253, 1574]	No_PFAM_overlap
Q9Y6F6	[0, 16]	No_PFAM_overlap
A8MWY0	[43, 127]	No_PFAM_overlap
A8MWY0	[285, 437]	ELAPOR1-like, galactose-binding domain
A8MWY0	[599, 675]	ELAPOR1-like, galactose binding domain
O14512	[22, 42]	No_PFAM_overlap
O14512	[69, 89]	No_PFAM_overlap
O43638	[201, 224]	No_PFAM_overlap
O43766	[95, 153]	N-terminal domain of lipoyl synthase of Radical_SAM family
O60309	[820, 845]	No_PFAM_overlap
O60309	[1044, 1066]	No_PFAM_overlap
O75078	[432, 592]	ADAM cysteine-rich
O75078	[622, 718]	ADAM cysteine-rich
P55285	[580, 600]	Cadherin domain
P98164	[0, 384]	Low-density lipoprotein receptor domain class A
P98164	[658, 681]	No_PFAM_overlap
P98164	[966, 1323]	Low-density lipoprotein receptor domain class A
P98164	[2640, 3196]	Low-density lipoprotein receptor domain class A
P98164	[3458, 4055]	Low-density lipoprotein receptor domain class A
P98164	[4369, 4413]	No_PFAM_overlap
Q14865	[220, 314]	No_PFAM_overlap
Q5H8A4	[597, 637]	No_PFAM_overlap
Q64ET8	[1, 26]	No_PFAM_overlap
Q86YH2	[334, 380]	No_PFAM_overlap
Q86YH2	[390, 429]	No_PFAM_overlap
Q86YH2	[448, 491]	No_PFAM_overlap
Q8N878	[502, 542]	No_PFAM_overlap
Q8TEX9	[556, 578]	No_PFAM_overlap
Q8TEX9	[721, 744]	No_PFAM_overlap
Q99675	[310, 328]	Zinc finger, C3HC4 type (RING finger)
Q9BV97	[172, 189]	No_PFAM_overlap
Q9BV97	[200, 251]	Zinc finger, C2H2 type
Q9Y2H8	[192, 216]	No_PFAM_overlap
Q9Y2H8	[245, 278]	No_PFAM_overlap
Q9Y2H8	[395, 474]	Zinc finger, C2H2 type
Q9Y5Y6	[442, 613]	Low-density lipoprotein receptor domain class A
A2VDJ0	[1285, 1317]	No_PFAM_overlap
A2VDJ0	[1360, 1446]	No_PFAM_overlap
A2VDJ0	[1543, 1569]	No_PFAM_overlap
A9YTQ3	[342, 364]	No_PFAM_overlap
A9YTQ3	[426, 446]	No_PFAM_overlap
A9YTQ3	[512, 557]	No_PFAM_overlap
A9YTQ3	[605, 655]	No_PFAM_overlap
P78386	[0, 39]	No_PFAM_overlap
P78386	[424, 463]	Intermediate filament protein
P78386	[475, 504]	No_PFAM_overlap
Q07954	[17, 197]	Calcium-binding EGF domain
Q07954	[467, 515]	No_PFAM_overlap
Q07954	[796, 1259]	Coagulation Factor Xa inhibitory site
Q07954	[1529, 1557]	No_PFAM_overlap
Q07954	[1839, 1882]	No_PFAM_overlap
Q07954	[2153, 2189]	No_PFAM_overlap
Q07954	[2466, 3026]	Complement Clr-like EGF-like
Q07954	[3283, 3869]	Coagulation Factor Xa inhibitory site
Q07954	[4140, 4417]	No_PFAM_overlap
Q496H8	[0, 17]	No_PFAM_overlap
Q5VV67	[1398, 1414]	No_PFAM_overlap
Q6PK81	[182, 233]	Zinc finger, C2H2 type
Q6ZVN8	[137, 182]	Repulsive guidance molecule (RGM) C-terminal domain
Q76I76	[543, 579]	No_PFAM_overlap
Q76I76	[1261, 1290]	No_PFAM_overlap
Q7RTV3	[158, 211]	Zinc finger, C2H2 type
Q8NEC7	[606, 630]	No_PFAM_overlap
Q8NG08	[51, 68]	No_PFAM_overlap
Q9HCU4	[30, 56]	No_PFAM_overlap
Q9HCU4	[83, 157]	No_PFAM_overlap
Q9HCU4	[1265, 1352]	No_PFAM_overlap
Q9HCU4	[1780, 2021]	Laminin EGF domain
A8MQ14	[214, 264]	Zinc finger, C2H2 type
O43155	[637, 659]	No_PFAM_overlap
O60242	[222, 249]	No_PFAM_overlap
O60242	[292, 547]	Thrombospondin type 1 domain
P02748	[26, 151]	Thrombospondin type 1 domain
Q06730	[235, 254]	No_PFAM_overlap
Q06730	[268, 370]	Zinc finger, C2H2 type
Q06730	[531, 763]	Zinc finger, C2H2 type
Q06730	[788, 808]	No_PFAM_overlap
Q06732	[236, 255]	No_PFAM_overlap
Q06732	[269, 371]	Zinc finger, C2H2 type
Q0VG06	[334, 411]	No_PFAM_overlap
Q0VGE8	[212, 439]	Zinc finger, C2H2 type
Q13115	[172, 192]	No_PFAM_overlap
Q2QGD7	[171, 224]	Zinc finger, C2H2 type
Q2QGD7	[337, 364]	Zinc finger, C2H2 type
Q2QGD7	[379, 435]	Zinc finger, C2H2 type
Q5SVZ6	[427, 464]	No_PFAM_overlap
Q5W0U4	[17, 60]	No_PFAM_overlap
Q6S9Z5	[157, 252]	zinc-finger of a C2HC-type
Q6ZMQ8	[730, 763]	No_PFAM_overlap
Q8IVF1	[1, 68]	No_PFAM_overlap
Q8IVF1	[97, 120]	No_PFAM_overlap
Q8NER5	[138, 159]	No_PFAM_overlap
Q8TER0	[254, 911]	EGF-like domain
Q8TER0	[1300, 1412]	EGF-like domain
Q9H6E5	[555, 583]	No_PFAM_overlap
Q9NRE2	[372, 394]	No_PFAM_overlap
Q9UBS8	[257, 277]	No_PFAM_overlap
C9JVI0	[34, 61]	No_PFAM_overlap
D6RBQ6	[34, 61]	No_PFAM_overlap
O15014	[290, 315]	No_PFAM_overlap
O15014	[486, 511]	No_PFAM_overlap
P56715	[1201, 1348]	No_PFAM_overlap
Q5T764	[127, 152]	No_PFAM_overlap
Q8N3Y3	[30, 56]	No_PFAM_overlap
Q9NQ32	[231, 297]	No_PFAM_overlap
Q9NQ32	[331, 351]	No_PFAM_overlap
Q9UMS6	[288, 308]	No_PFAM_overlap
O00548	[185, 525]	Delta serrate ligand
O00548	[568, 605]	No_PFAM_overlap
O15537	[27, 55]	No_PFAM_overlap
O43526	[417, 438]	No_PFAM_overlap
O75095	[37, 61]	No_PFAM_overlap
O75095	[102, 1534]	Complement Clr-like EGF-like
O94875	[307, 344]	No_PFAM_overlap
O94875	[378, 426]	No_PFAM_overlap
O94875	[646, 670]	No_PFAM_overlap
Q14584	[72, 104]	No_PFAM_overlap
Q14584	[123, 422]	Zinc finger, C2H2 type
Q15910	[489, 613]	CXC domain
Q2KHN1	[17, 169]	Zinc finger, C3HC4 type (RING finger)
Q68CJ9	[112, 135]	No_PFAM_overlap
Q6ZMP0	[280, 321]	No_PFAM_overlap
Q6ZMP0	[618, 983]	PLAC (protease and lacunin) domain
Q6ZVT6	[476, 497]	No_PFAM_overlap
Q6ZVT6	[662, 685]	No_PFAM_overlap
Q6ZWJ8	[76, 1221]	von Willebrand factor type C domain
Q6ZWJ8	[1377, 1556]	No_PFAM_overlap
Q86XK2	[352, 367]	No_PFAM_overlap
Q86XT9	[152, 176]	No_PFAM_overlap
Q96BR5	[13, 42]	No_PFAM_overlap
Q9P2D0	[313, 332]	No_PFAM_overlap
A0A3B3IT33	[49, 73]	zinc finger of C3HC4-type, RING
A8MUK1	[34, 61]	No_PFAM_overlap
Q05707	[1421, 1460]	No_PFAM_overlap
Q15813	[130, 150]	No_PFAM_overlap
Q16671	[17, 33]	No_PFAM_overlap
Q16671	[464, 572]	Protein kinase domain
Q38SD2	[67, 89]	No_PFAM_overlap
Q38SD2	[1662, 1679]	No_PFAM_overlap
Q4G163	[117, 154]	No_PFAM_overlap
Q4G163	[629, 660]	No_PFAM_overlap
Q4G163	[672, 690]	No_PFAM_overlap
Q4KMG0	[1097, 1129]	No_PFAM_overlap
Q4KMG0	[1149, 1199]	No_PFAM_overlap
Q4KMG0	[1219, 1239]	No_PFAM_overlap
Q5FWF5	[203, 229]	No_PFAM_overlap
Q5W111	[2, 21]	No_PFAM_overlap
Q5W111	[38, 59]	No_PFAM_overlap
Q86WR7	[76, 97]	No_PFAM_overlap
Q96T88	[392, 419]	SAD/SRA domain
Q9BTC0	[339, 359]	No_PFAM_overlap
Q9BTC0	[386, 426]	No_PFAM_overlap
O76096	[13, 35]	No_PFAM_overlap
P07204	[19, 34]	No_PFAM_overlap
P07204	[214, 489]	Thrombomodulin like fifth domain, EGF-like
P0CH99	[114, 267]	Zinc finger, C2H2 type
P51888	[62, 88]	No_PFAM_overlap
Q13822	[48, 157]	Somatomedin B domain
Q14314	[29, 58]	No_PFAM_overlap
Q14314	[88, 108]	No_PFAM_overlap
Q6ZN32	[205, 220]	No_PFAM_overlap
Q7Z407	[1747, 1771]	Sushi repeat (SCR repeat)
Q7Z407	[3329, 3363]	Sushi repeat (SCR repeat)
Q8IW03	[62, 84]	No_PFAM_overlap
Q8N5Z5	[278, 310]	No_PFAM_overlap
Q8TBP0	[713, 744]	No_PFAM_overlap
Q96KS0	[33, 53]	No_PFAM_overlap
Q9BR61	[248, 276]	Ankyrin repeats (3 copies)
Q9HBH9	[360, 389]	Protein kinase domain
Q9UPT8	[385, 472]	CCCH-type zinc finger
Q03923	[96, 146]	No_PFAM_overlap
Q03923	[161, 246]	Zinc finger, C2H2 type
Q60I27	[329, 372]	MORN repeat
Q8N8U9	[67, 233]	von Willebrand factor type C domain
Q8N8U9	[245, 370]	von Willebrand factor type D domain
Q8N8U9	[527, 568]	C8 domain
Q96P44	[405, 453]	Collagen triple helix repeat (20 copies)
Q9BZR9	[85, 130]	No_PFAM_overlap
Q9BZR9	[461, 484]	No_PFAM_overlap
Q9HCL3	[191, 242]	Zinc finger, C2H2 type
Q9HCL3	[415, 466]	Zinc finger, C2H2 type
A8MT70	[113, 148]	ANCHR-like B-box zinc-binding domain
C9JJH3	[34, 61]	No_PFAM_overlap
O43187	[433, 500]	No_PFAM_overlap
O75094	[256, 297]	Leucine rich repeat N-terminal domain
O75094	[495, 522]	No_PFAM_overlap
O75094	[877, 1156]	Human growth factor-like EGF
O75094	[1320, 1522]	EGF-like domain
O75820	[136, 190]	Zinc finger, C2H2 type
P03999	[317, 336]	No_PFAM_overlap
P09603	[162, 200]	Macrophage colony stimulating factor-1 (CSF-1)
P42681	[12, 28]	No_PFAM_overlap
Q01538	[431, 519]	Zinc finger, C2HC type
Q01538	[789, 926]	Zinc finger, C2HC type
Q13129	[652, 678]	No_PFAM_overlap
Q13129	[705, 747]	No_PFAM_overlap
Q13129	[931, 970]	No_PFAM_overlap
Q13129	[1004, 1064]	No_PFAM_overlap
Q13129	[1201, 1270]	No_PFAM_overlap
Q13129	[1289, 1362]	No_PFAM_overlap
Q13129	[1435, 1460]	No_PFAM_overlap
Q13129	[1580, 1697]	Zinc finger protein 292, C2H2-type zinc finger
Q5T1R4	[185, 234]	Zinc finger, C2H2 type
Q5T1R4	[1748, 1796]	Zinc finger, C2H2 type
Q6NSW7	[0, 38]	No_PFAM_overlap
Q6P6B7	[0, 44]	Ankyrin repeat
Q6ZP01	[431, 466]	No_PFAM_overlap
Q8NB50	[132, 183]	Zinc finger, C2H2 type
Q8NB50	[412, 466]	Zinc finger, C2H2 type
Q96CX6	[328, 348]	No_PFAM_overlap
Q96F81	[20, 66]	No_PFAM_overlap
Q96F81	[315, 349]	No_PFAM_overlap
Q96F81	[389, 416]	No_PFAM_overlap
Q96F81	[1135, 1160]	No_PFAM_overlap
Q96F81	[1191, 1225]	No_PFAM_overlap
Q96F81	[1251, 1307]	No_PFAM_overlap
Q96F81	[1324, 1346]	No_PFAM_overlap
Q96F81	[1385, 1426]	No_PFAM_overlap
Q96F81	[1462, 1505]	No_PFAM_overlap
Q9BQ31	[469, 490]	No_PFAM_overlap
Q9BXK1	[120, 173]	Zinc finger, C2H2 type
Q9BY15	[22, 76]	Calcium-binding EGF domain
Q9BYQ3	[0, 158]	Keratin, high sulfur B2 protein
Q9C0C7	[290, 323]	No_PFAM_overlap
O14867	[136, 159]	No_PFAM_overlap
O14867	[173, 233]	No_PFAM_overlap
O14867	[252, 286]	No_PFAM_overlap
O14867	[401, 421]	No_PFAM_overlap
O14867	[450, 531]	bZIP Maf transcription factor
O14867	[610, 640]	No_PFAM_overlap
O14867	[704, 735]	No_PFAM_overlap
O95644	[159, 191]	No_PFAM_overlap
O95644	[732, 760]	No_PFAM_overlap
P05160	[494, 531]	Sushi repeat (SCR repeat)
P05160	[637, 655]	No_PFAM_overlap
P14210	[166, 416]	Kringle domain
P35030	[0, 30]	No_PFAM_overlap
Q3SXZ3	[104, 143]	No_PFAM_overlap
Q3SXZ3	[162, 213]	Zinc finger, C2H2 type
Q7Z2T5	[110, 141]	No_PFAM_overlap
Q7Z2T5	[155, 173]	No_PFAM_overlap
Q86YR6	[0, 49]	No_PFAM_overlap
Q96PT3	[3, 23]	No_PFAM_overlap
Q9ULV1	[142, 167]	Fz domain
O76015	[0, 101]	No_PFAM_overlap
O76015	[402, 455]	Intermediate filament protein
O76031	[0, 18]	No_PFAM_overlap
P08571	[19, 40]	No_PFAM_overlap
P35372	[34, 62]	No_PFAM_overlap
P35789	[108, 181]	Zinc finger, C2H2 type
P35789	[192, 243]	Zinc finger, C2H2 type
P35789	[388, 439]	Zinc finger, C2H2 type
Q07864	[640, 663]	No_PFAM_overlap
Q6DN03	[88, 116]	Core histone H2A/H2B/H3/H4 domain
Q6DN03	[137, 170]	No_PFAM_overlap
Q6ZNG2	[141, 163]	No_PFAM_overlap
Q6ZS27	[195, 346]	Zinc finger, C2H2 type
Q71F56	[412, 435]	No_PFAM_overlap
Q96HD1	[129, 336]	Calcium-binding EGF domain
Q9BV87	[260, 277]	No_PFAM_overlap
Q9BV87	[325, 361]	No_PFAM_overlap
Q9BYR2	[0, 180]	Keratin, high sulfur B2 protein
Q9H582	[359, 424]	No_PFAM_overlap
Q9H582	[487, 563]	No_PFAM_overlap
Q9H582	[577, 600]	No_PFAM_overlap
Q9H9S0	[0, 38]	No_PFAM_overlap
Q9HC78	[56, 76]	No_PFAM_overlap
Q9HC78	[698, 729]	Zinc finger, C2H2 type
Q9NQF3	[187, 202]	No_PFAM_overlap
Q9UET6	[267, 328]	No_PFAM_overlap
A3QJZ6	[127, 145]	No_PFAM_overlap
O00161	[68, 96]	SNAP-25 family
O75132	[55, 77]	No_PFAM_overlap
P02787	[343, 369]	Transferrin
P54764	[222, 334]	Ephrin cysteine rich domain
Q12791	[683, 732]	No_PFAM_overlap
Q15928	[105, 145]	No_PFAM_overlap
Q15928	[218, 269]	Zinc finger, C2H2 type
Q56VL3	[122, 146]	No_PFAM_overlap
Q7Z5K2	[998, 1018]	Wings apart-like protein regulation of heterochromatin
Q8IWU6	[434, 485]	No_PFAM_overlap
Q8IWU6	[831, 850]	No_PFAM_overlap
Q8NF50	[159, 202]	Dedicator of cytokinesis C/D, N terminal
Q96K80	[31, 101]	RNA-binding, Nab2-type zinc finger
Q96MH2	[267, 285]	No_PFAM_overlap
Q96NW7	[492, 513]	No_PFAM_overlap
Q9C0G0	[109, 144]	No_PFAM_overlap
Q9C0G0	[185, 252]	No_PFAM_overlap
Q9C0G0	[472, 499]	No_PFAM_overlap
Q9C0G0	[517, 602]	No_PFAM_overlap
Q9C0G0	[696, 719]	No_PFAM_overlap
Q9C0G0	[841, 864]	No_PFAM_overlap
Q9C0G0	[1477, 1500]	No_PFAM_overlap
Q9C0G0	[1528, 1581]	No_PFAM_overlap
Q9C0G0	[1677, 1762]	Zinc finger, C2H2 type
Q9NS68	[27, 72]	No_PFAM_overlap
Q9NS68	[209, 278]	No_PFAM_overlap
Q9UK28	[31, 55]	No_PFAM_overlap
Q9UNK4	[129, 144]	Phospholipase A2
Q9Y210	[32, 65]	No_PFAM_overlap
C9JH25	[796, 841]	No_PFAM_overlap
O95436	[625, 689]	No_PFAM_overlap
P0CI00	[114, 267]	Zinc finger, C2H2 type
P45880	[0, 21]	Eukaryotic porin
Q07912	[964, 986]	No_PFAM_overlap
Q13077	[11, 66]	No_PFAM_overlap
Q13077	[77, 104]	No_PFAM_overlap
Q5TB30	[390, 430]	No_PFAM_overlap
Q5TB30	[487, 517]	No_PFAM_overlap
Q5VUG0	[635, 659]	SLED domain
Q6S8J7	[17, 44]	No_PFAM_overlap
Q86UZ6	[490, 513]	No_PFAM_overlap
Q86VK4	[210, 226]	No_PFAM_overlap
Q86VK4	[270, 325]	Zinc finger, C2H2 type
Q8IUG5	[1567, 1598]	No_PFAM_overlap
Q8N1L9	[73, 133]	No_PFAM_overlap
Q8N9F0	[0, 19]	No_PFAM_overlap
Q96PZ7	[2307, 2325]	CUB domain
Q96PZ7	[2720, 2748]	Sushi repeat (SCR repeat)
Q96PZ7	[3144, 3164]	Sushi repeat (SCR repeat)
Q96PZ7	[3195, 3227]	Sushi repeat (SCR repeat)
Q9BU19	[0, 35]	No_PFAM_overlap
Q9BU19	[63, 78]	No_PFAM_overlap
Q9BU19	[319, 375]	Zinc finger, C2H2 type
Q9BU19	[408, 462]	Zinc finger, C2H2 type
Q9HCX3	[133, 209]	No_PFAM_overlap
Q9HCX3	[242, 293]	Zinc finger, C2H2 type
Q9HCX3	[438, 517]	Zinc finger, C2H2 type
Q9NY15	[32, 362]	Stabilin-1/2, EGF-like domain
Q9NY15	[647, 986]	EGF domain
Q9NY15	[1255, 1586]	EGF domain
Q9NY15	[1862, 1912]	Fasciclin domain
Q9NY15	[1935, 2228]	Extracellular link domain
Q9UJW2	[56, 74]	No_PFAM_overlap
Q9UJW2	[84, 159]	No_PFAM_overlap
H3BUK9	[0, 44]	No_PFAM_overlap
H3BUK9	[54, 81]	No_PFAM_overlap
O14901	[157, 204]	No_PFAM_overlap
O14901	[220, 243]	No_PFAM_overlap
O14901	[415, 468]	Zinc finger, C2H2 type
O94929	[116, 164]	LIM domain
O95704	[249, 273]	Phosphotyrosine interaction domain (PTB/PID)
P08F94	[1880, 1900]	No_PFAM_overlap
P08F94	[4043, 4070]	No_PFAM_overlap
P22459	[615, 652]	No_PFAM_overlap
P35913	[28, 52]	No_PFAM_overlap
P35913	[831, 853]	No_PFAM_overlap
Q13615	[519, 538]	Myotubularin-like phosphatase domain
Q13615	[576, 599]	No_PFAM_overlap
Q13615	[904, 931]	No_PFAM_overlap
Q13615	[1078, 1102]	No_PFAM_overlap
Q68DI1	[255, 517]	Zinc finger, C2H2 type
Q8NDY8	[31, 47]	Transmembrane 52
Q8NEB7	[383, 404]	No_PFAM_overlap
Q92963	[0, 16]	No_PFAM_overlap
Q96CA5	[24, 39]	No_PFAM_overlap
Q96JB3	[433, 456]	No_PFAM_overlap
Q96JB3	[496, 547]	Zinc finger, C2H2 type
Q99988	[192, 216]	Transforming growth factor beta like domain
Q9BYR5	[0, 135]	Keratin, high sulfur B2 protein
Q9BYV6	[186, 210]	No_PFAM_overlap
Q9P241	[669, 701]	No_PFAM_overlap
Q9WJR5	[928, 958]	No_PFAM_overlap
O14639	[4, 23]	No_PFAM_overlap
O14639	[59, 126]	LIM domain
O43597	[276, 314]	Sprouty protein (Spry)
O75445	[508, 1062]	Laminin EGF domain
O75445	[3155, 3453]	No_PFAM_overlap
O75445	[4807, 4823]	No_PFAM_overlap
P22692	[120, 147]	No_PFAM_overlap
P98077	[72, 108]	No_PFAM_overlap
Q5JXM2	[0, 21]	No_PFAM_overlap
Q5JXM2	[86, 106]	No_PFAM_overlap
Q75N03	[100, 119]	No_PFAM_overlap
Q75N03	[129, 181]	C2H2 Hakai zinc finger domain
Q7Z7G8	[3966, 3987]	No_PFAM_overlap
Q8N806	[133, 158]	No_PFAM_overlap
Q8TC27	[373, 536]	Reprolysin (M12B) family zinc metalloprotease
Q8TC27	[591, 662]	Teneurin-like EGF domain
Q8WYQ9	[776, 806]	No_PFAM_overlap
Q8WYQ9	[897, 930]	Zinc knuckle
Q9H013	[349, 690]	Reprolysin (M12B) family zinc metalloprotease
Q9H093	[560, 627]	No_PFAM_overlap
Q9HBT6	[586, 606]	Cadherin domain
Q9NQX0	[127, 173]	No_PFAM_overlap
Q9NQX0	[188, 219]	No_PFAM_overlap
Q9NQX0	[483, 591]	Zinc finger, C2H2 type
Q9NVF9	[11, 48]	No_PFAM_overlap
Q9UN74	[725, 741]	No_PFAM_overlap
A6NKG5	[528, 543]	No_PFAM_overlap
B1AJZ9	[561, 586]	No_PFAM_overlap
O43248	[5, 28]	No_PFAM_overlap
O75564	[538, 555]	No_PFAM_overlap
P19013	[0, 23]	No_PFAM_overlap
P26010	[465, 681]	EGF-like domain
P98168	[192, 229]	No_PFAM_overlap
P98168	[321, 377]	C2H2-type zinc finger
P98168	[429, 447]	No_PFAM_overlap
Q14674	[1135, 1152]	No_PFAM_overlap
Q147U1	[187, 240]	Zinc finger, C2H2 type
Q147U1	[385, 532]	Zinc-finger double domain
Q5T7W0	[247, 270]	No_PFAM_overlap
Q5TYW1	[208, 308]	No_PFAM_overlap
Q5TYW1	[405, 644]	Zinc finger, C2H2 type
Q86YV5	[0, 44]	No_PFAM_overlap
Q86YV5	[242, 352]	No_PFAM_overlap
Q86YV5	[895, 921]	No_PFAM_overlap
Q86YV5	[999, 1051]	No_PFAM_overlap
Q86YV5	[1076, 1096]	Protein tyrosine and serine/threonine kinase
Q96N19	[325, 354]	No_PFAM_overlap
Q96N19	[371, 416]	No_PFAM_overlap
Q9H9P5	[70, 161]	UNK-like, CCCH zinc finger
Q9H9P5	[202, 329]	Zinc finger C-x8-C-x5-C-x3-H type (and similar)
Q9NRY4	[20, 40]	No_PFAM_overlap
Q9NYJ7	[168, 475]	Human growth factor-like EGF
Q9UBN6	[72, 191]	TNFR/NGFR cysteine-rich region
Q9UGC6	[17, 49]	No_PFAM_overlap
Q9UHC7	[168, 268]	CCCH-type zinc finger
Q9UHV7	[290, 314]	No_PFAM_overlap
Q9UHV7	[1111, 1128]	No_PFAM_overlap
Q9UKT9	[109, 233]	Zinc finger, C2H2 type
O15156	[337, 388]	Zinc finger, C2H2 type
P10070	[392, 486]	C2H2 zinc finger
P10070	[632, 663]	No_PFAM_overlap
P52746	[154, 205]	Zinc finger, C2H2 type
P52746	[277, 292]	No_PFAM_overlap
P52746	[307, 375]	No_PFAM_overlap
P52746	[389, 460]	No_PFAM_overlap
P52746	[476, 587]	Zinc finger protein 142 C2H2 domain
P52746	[829, 898]	No_PFAM_overlap
P52746	[1017, 1054]	No_PFAM_overlap
P52746	[1095, 1149]	ZNF142, C2H2-type zinc finger
P52746	[1162, 1304]	C2H2 zinc finger
P52746	[1319, 1394]	No_PFAM_overlap
P52746	[1413, 1515]	C2H2 zinc finger
P52746	[1584, 1635]	Zinc finger, C2H2 type
Q01954	[26, 65]	No_PFAM_overlap
Q01954	[294, 316]	No_PFAM_overlap
Q01954	[348, 401]	Zinc-finger of C2H2 type
Q01954	[429, 452]	No_PFAM_overlap
Q01954	[711, 764]	No_PFAM_overlap
Q01954	[947, 972]	Zinc finger, C2H2 type
Q13772	[340, 377]	No_PFAM_overlap
Q13772	[387, 431]	No_PFAM_overlap
Q5JVG2	[167, 190]	No_PFAM_overlap
Q5JVG2	[212, 237]	No_PFAM_overlap
Q5JVG2	[263, 302]	No_PFAM_overlap
Q5JVG2	[338, 426]	Zinc finger, C2H2 type
Q5JVG2	[821, 848]	No_PFAM_overlap
Q6ZN11	[132, 202]	No_PFAM_overlap
Q6ZN11	[218, 297]	Zinc finger, C2H2 type
Q7RTS3	[90, 129]	No_PFAM_overlap
Q8N1G1	[13, 37]	No_PFAM_overlap
Q8N1G1	[959, 986]	ElonginA binding-protein 1
Q8N1G1	[1006, 1035]	No_PFAM_overlap
Q8N8U3	[447, 474]	Zinc knuckle
Q8NHY6	[416, 483]	Zinc finger, C2H2 type
Q8NHY6	[505, 603]	Zinc finger, C2H2 type
Q92800	[322, 381]	Ezh2, MCSS domain
Q92800	[396, 432]	No_PFAM_overlap
Q92800	[483, 613]	CXC domain
Q96NS1	[0, 26]	No_PFAM_overlap
Q9H461	[217, 268]	Frizzled/Smoothened family membrane region
Q9NRS4	[72, 101]	No_PFAM_overlap
O14513	[446, 470]	No_PFAM_overlap
O14513	[529, 557]	No_PFAM_overlap
O75113	[531, 567]	No_PFAM_overlap
O94851	[740, 760]	No_PFAM_overlap
P51587	[659, 747]	No_PFAM_overlap
P51587	[1874, 1922]	No_PFAM_overlap
P51587	[3234, 3274]	BRCA2 TR2 domain
P51828	[771, 790]	No_PFAM_overlap
Q15466	[0, 15]	No_PFAM_overlap
Q15466	[32, 57]	No_PFAM_overlap
Q3B8N5	[4, 24]	No_PFAM_overlap
Q8IXZ2	[662, 802]	Zinc finger C-x8-C-x5-C-x3-H type (and similar)
Q8NEG5	[514, 559]	No_PFAM_overlap
Q8NEG5	[591, 614]	No_PFAM_overlap
Q8TC21	[186, 405]	Zinc-finger double domain
Q8TD26	[1619, 1636]	No_PFAM_overlap
Q8TD26	[1781, 1841]	No_PFAM_overlap
Q8TD26	[1925, 1947]	No_PFAM_overlap
Q96JK2	[872, 893]	No_PFAM_overlap
Q9BYW2	[703, 745]	No_PFAM_overlap
Q9BYW2	[774, 814]	No_PFAM_overlap
Q9BYW2	[1438, 1548]	AWS domain
Q9BYW2	[1674, 1694]	No_PFAM_overlap
Q9UJM3	[102, 155]	No_PFAM_overlap
Q9UM63	[23, 105]	Zinc finger, C2H2 type
Q9UM63	[147, 173]	No_PFAM_overlap
Q9UN75	[723, 741]	No_PFAM_overlap
O15198	[175, 207]	No_PFAM_overlap
O94913	[1479, 1499]	Pcf11, C-terminal domain
O94916	[148, 181]	No_PFAM_overlap
P01100	[313, 331]	No_PFAM_overlap
Q02833	[95, 129]	No_PFAM_overlap
Q02833	[141, 161]	No_PFAM_overlap
Q15042	[500, 532]	No_PFAM_overlap
Q3V5L5	[770, 787]	Glycosyltransferase family 18
Q5FWF6	[225, 299]	Zinc finger, C2H2 type
Q6ICB4	[152, 183]	No_PFAM_overlap
Q6ICB4	[239, 258]	No_PFAM_overlap
Q6ZNH5	[95, 148]	Zinc finger, C2H2 type
Q8IWT3	[1949, 1978]	No_PFAM_overlap
Q8IWT3	[2045, 2091]	E3 ubiquitin-protein ligase ARIH2, N-terminal UBA domain
Q8IWT3	[2107, 2129]	No_PFAM_overlap
Q8N988	[136, 187]	Zinc finger, C2H2 type
Q96HQ0	[250, 329]	Zinc finger, C2H2 type
Q96LC7	[450, 466]	No_PFAM_overlap
Q9BWW7	[182, 236]	C2H2-type zinc finger
Q9BWW7	[323, 346]	Zinc finger, C2H2 type
Q9NRU3	[887, 918]	No_PFAM_overlap
Q9UPX8	[283, 306]	Ankyrin repeats (3 copies)
O00622	[20, 173]	Insulin-like growth factor binding protein
O95785	[295, 318]	No_PFAM_overlap
O95785	[344, 367]	No_PFAM_overlap
O95785	[864, 884]	No_PFAM_overlap
O95785	[1387, 1408]	No_PFAM_overlap
P0CW18	[360, 396]	No_PFAM_overlap
P13224	[19, 41]	No_PFAM_overlap
P17040	[238, 263]	No_PFAM_overlap
P17040	[641, 667]	No_PFAM_overlap
P17040	[701, 752]	Zinc finger, C2H2 type
P17040	[866, 918]	Zinc finger, C2H2 type
P54257	[0, 19]	No_PFAM_overlap
P54257	[655, 670]	No_PFAM_overlap
Q14766	[158, 227]	No_PFAM_overlap
Q14766	[353, 439]	No_PFAM_overlap
Q14766	[548, 738]	TB domain
Q14766	[866, 1586]	TB domain
Q14766	[1618, 1720]	Calcium-binding EGF domain
Q6ZMY9	[169, 185]	Zinc finger, C2H2 type
Q6ZMY9	[196, 248]	Zinc finger, C2H2 type
Q7L0R7	[119, 164]	No_PFAM_overlap
Q86TJ5	[262, 287]	No_PFAM_overlap
Q86TJ5	[315, 478]	Zinc-finger double domain
Q96QE3	[8, 42]	No_PFAM_overlap
Q96QE3	[1627, 1647]	No_PFAM_overlap
Q9Y6U7	[307, 325]	Ring finger domain
A6NEQ0	[431, 480]	No_PFAM_overlap
A6NKF1	[46, 70]	SAC3/GANP family
O15230	[297, 879]	Laminin/attractin EGF domain
O15230	[1056, 1099]	No_PFAM_overlap
O15230	[1134, 1160]	No_PFAM_overlap
O15230	[1429, 1646]	Laminin EGF domain
O15230	[1820, 2179]	Laminin/attractin EGF domain
P17031	[163, 235]	Zinc finger, C2H2 type
P17031	[249, 300]	Zinc finger, C2H2 type
P36551	[9, 35]	No_PFAM_overlap
Q0WX57	[34, 61]	No_PFAM_overlap
Q15468	[587, 615]	No_PFAM_overlap
Q15468	[637, 712]	No_PFAM_overlap
Q3KNW5	[0, 20]	No_PFAM_overlap
Q3KNW5	[315, 339]	No_PFAM_overlap
Q3KNW5	[352, 376]	No_PFAM_overlap
Q5RL73	[169, 221]	No_PFAM_overlap
Q5VU36	[1216, 1257]	No_PFAM_overlap
Q5VU36	[1326, 1345]	No_PFAM_overlap
Q70EL2	[159, 189]	No_PFAM_overlap
Q7Z6M1	[18, 45]	No_PFAM_overlap
Q8N8Z8	[55, 199]	C2H2-type zinc finger
Q8N8Z8	[218, 692]	Zinc finger, C2H2 type
Q96EG3	[104, 324]	Zinc finger, C2H2 type
Q96JF6	[118, 169]	Zinc finger, C2H2 type
Q96JF6	[559, 613]	Zinc finger, C2H2 type
Q96JF6	[752, 803]	Zinc finger, C2H2 type
Q9H4D5	[310, 332]	NXF1/2/3/5 leucine-rich repeat domain
Q9UBS9	[1173, 1196]	No_PFAM_overlap
A8MUZ8	[107, 239]	Zinc finger, C2H2 type
O95631	[274, 489]	Laminin N-terminal (Domain VI)
P17032	[164, 192]	No_PFAM_overlap
P17032	[262, 313]	Zinc finger, C2H2 type
P17032	[457, 534]	Zinc finger, C2H2 type
P52798	[142, 162]	Ephrin
Q2L4Q9	[282, 305]	No_PFAM_overlap
Q2L4Q9	[532, 552]	No_PFAM_overlap
Q496Y0	[405, 433]	No_PFAM_overlap
Q5GLZ8	[374, 394]	No_PFAM_overlap
Q5THK1	[261, 314]	No_PFAM_overlap
Q5THK1	[333, 371]	No_PFAM_overlap
Q5THK1	[713, 739]	No_PFAM_overlap
Q5THK1	[766, 810]	No_PFAM_overlap
Q5THK1	[823, 856]	No_PFAM_overlap
Q5THK1	[1016, 1088]	No_PFAM_overlap
Q5THK1	[1121, 1161]	No_PFAM_overlap
Q5THK1	[1251, 1321]	No_PFAM_overlap
Q5THK1	[1476, 1512]	No_PFAM_overlap
Q5THK1	[1729, 1752]	No_PFAM_overlap
Q5THK1	[1896, 1917]	No_PFAM_overlap
Q6UW56	[68, 89]	No_PFAM_overlap
Q6ZNE9	[509, 570]	No_PFAM_overlap
Q7Z3V5	[81, 176]	No_PFAM_overlap
Q7Z3V5	[186, 293]	Zinc finger, C2H2 type
Q8N554	[157, 190]	No_PFAM_overlap
Q8N554	[223, 249]	No_PFAM_overlap
Q8N554	[414, 481]	No_PFAM_overlap
Q8NC60	[130, 153]	No_PFAM_overlap
Q8TCV5	[17, 139]	WAP-type (Whey Acidic Protein) 'four-disulfide core'
Q96JP5	[302, 358]	No_PFAM_overlap
Q9HCK1	[1439, 1465]	No_PFAM_overlap
Q9HCK1	[1551, 1630]	No_PFAM_overlap
Q9HCK1	[1928, 1959]	No_PFAM_overlap
Q9NS98	[517, 556]	No_PFAM_overlap
Q9NS98	[724, 746]	No_PFAM_overlap
Q9UGU0	[1695, 1713]	No_PFAM_overlap
Q9UGU0	[1784, 1817]	No_PFAM_overlap
Q9Y4G2	[259, 293]	No_PFAM_overlap
Q9Y4G2	[480, 507]	No_PFAM_overlap
Q9Y4G2	[570, 586]	No_PFAM_overlap
B5MCY1	[1145, 1160]	No_PFAM_overlap
O95620	[0, 23]	No_PFAM_overlap
P07333	[942, 971]	No_PFAM_overlap
P21128	[18, 133]	Somatomedin B domain
P41143	[330, 369]	No_PFAM_overlap
Q9BYE2	[196, 217]	No_PFAM_overlap
Q9ULI3	[978, 1053]	Calcium-binding EGF domain
Q9ULI3	[1171, 1195]	No_PFAM_overlap
Q9ULI3	[1216, 1239]	No_PFAM_overlap
B7Z6K7	[83, 106]	No_PFAM_overlap
B7Z6K7	[192, 256]	Zinc finger, C2H2 type
O00217	[100, 118]	4Fe-4S dicluster domain
O00327	[229, 279]	PAS fold
O00327	[298, 317]	No_PFAM_overlap
O75129	[742, 769]	No_PFAM_overlap
O75129	[969, 999]	No_PFAM_overlap
P02462	[20, 50]	Collagen triple helix repeat (20 copies)
P40126	[18, 70]	No_PFAM_overlap
P40126	[96, 127]	No_PFAM_overlap
Q15464	[44, 71]	No_PFAM_overlap
Q15464	[99, 150]	No_PFAM_overlap
Q15464	[193, 233]	No_PFAM_overlap
Q8N635	[337, 362]	No_PFAM_overlap
Q9BXT8	[21, 83]	No_PFAM_overlap
Q9HCK0	[317, 368]	Zinc finger, C2H2 type
Q9HCK0	[391, 420]	No_PFAM_overlap
Q9UL40	[57, 88]	Zinc-finger of C2H2 type
A0A7P0TAN4	[222, 273]	Zinc finger, C2H2 type
O60260	[314, 391]	RING/Ubox like zinc-binding domain
P17927	[92, 113]	Sushi repeat (SCR repeat)
P21754	[280, 336]	ZP-C domain
P28799	[15, 587]	Granulin
P35414	[321, 340]	No_PFAM_overlap
P63136	[923, 953]	No_PFAM_overlap
Q495A1	[189, 222]	No_PFAM_overlap
Q6GPH4	[30, 182]	TRAFD1/XAF1, zinc finger
Q6ZMV8	[108, 142]	No_PFAM_overlap
Q6ZMV8	[164, 272]	Zinc-finger double domain
Q8TDX9	[5, 29]	No_PFAM_overlap
Q8TDX9	[65, 82]	No_PFAM_overlap
Q8TDX9	[173, 209]	No_PFAM_overlap
Q8TDX9	[2095, 2116]	No_PFAM_overlap
Q8TF17	[0, 15]	No_PFAM_overlap
Q93074	[1181, 1204]	No_PFAM_overlap
Q96H40	[114, 151]	No_PFAM_overlap
Q96H40	[285, 364]	Zinc finger, C2H2 type
Q96NL8	[19, 42]	No_PFAM_overlap
Q96QB1	[47, 74]	No_PFAM_overlap
Q9UFD9	[144, 163]	No_PFAM_overlap
Q9UFD9	[226, 253]	No_PFAM_overlap
Q9UFD9	[482, 524]	RIMB1-like, N-terminal domain
Q9UFD9	[1317, 1350]	No_PFAM_overlap
Q9UFD9	[1407, 1437]	No_PFAM_overlap
Q9Y473	[187, 208]	No_PFAM_overlap
Q9Y473	[230, 321]	No_PFAM_overlap
Q9Y473	[382, 433]	Zinc finger, C2H2 type
Q9Y473	[466, 545]	Zinc finger, C2H2 type
A0A1W2PPM1	[128, 199]	No_PFAM_overlap
A2VEC9	[63, 168]	No_PFAM_overlap
A2VEC9	[456, 571]	C8 domain
A2VEC9	[726, 756]	No_PFAM_overlap
A2VEC9	[778, 1021]	Von Willebrand factor-like domain
A2VEC9	[1171, 1204]	No_PFAM_overlap
A2VEC9	[1223, 1539]	C8 domain
A2VEC9	[1555, 2034]	Thrombospondin type 1 domain
A2VEC9	[2454, 2994]	Thrombospondin type 1 domain
A6NI47	[17, 81]	No_PFAM_overlap
A6NI47	[91, 118]	No_PFAM_overlap
C9JN71	[134, 185]	Zinc finger, C2H2 type
O14836	[23, 123]	TACI, cysteine-rich domain
O14836	[184, 204]	No_PFAM_overlap
O14836	[219, 292]	No_PFAM_overlap
O60711	[319, 336]	LIM domain
P0DPK3	[22, 257]	Calcium-binding EGF domain
P29474	[4, 28]	No_PFAM_overlap
Q13398	[124, 149]	No_PFAM_overlap
Q13398	[204, 226]	No_PFAM_overlap
Q13398	[304, 383]	Zinc finger, C2H2 type
Q13474	[0, 44]	No_PFAM_overlap
Q14393	[97, 283]	Complement Clr-like EGF-like
Q6ZU64	[655, 675]	No_PFAM_overlap
Q6ZU64	[1552, 1575]	No_PFAM_overlap
Q8N4W9	[222, 526]	Zinc finger, C2H2 type
Q92629	[270, 288]	Sarcoglycan complex subunit protein
Q96LW9	[209, 281]	Zinc finger, C2H2 type
Q9BVS4	[353, 374]	No_PFAM_overlap
Q9BX63	[75, 99]	No_PFAM_overlap
Q9BX63	[203, 228]	No_PFAM_overlap
Q9H0D6	[252, 291]	XRN 5'-3' exonuclease N-terminus
Q9UBF6	[0, 23]	No_PFAM_overlap
Q9UKP5	[479, 627]	Thrombospondin type 1 domain
Q9UKP5	[841, 1092]	PLAC (protease and lacunin) domain
A0A0A6YYL3	[0, 44]	No_PFAM_overlap
A0A0A6YYL3	[54, 81]	No_PFAM_overlap
O94900	[9, 41]	No_PFAM_overlap
O95376	[128, 143]	Zinc finger, C3HC4 type (RING finger)
O95376	[223, 325]	IBR domain
P02765	[19, 41]	No_PFAM_overlap
P02765	[87, 109]	No_PFAM_overlap
P02765	[129, 157]	Cystatin domain
P54753	[258, 345]	Ephrin cysteine rich domain
Q02643	[21, 53]	Hormone receptor domain
Q5JTZ5	[0, 15]	No_PFAM_overlap
Q6H8Q1	[0, 30]	LIM domain
Q6H8Q1	[117, 163]	LIM domain
Q6PDB4	[173, 226]	Zinc finger, C2H2 type
Q6X784	[217, 235]	No_PFAM_overlap
Q7RTY7	[834, 853]	CUB domain
Q8NCS7	[68, 83]	No_PFAM_overlap
Q8NDW4	[371, 564]	Zinc finger, C2H2 type
Q8NFJ8	[363, 380]	No_PFAM_overlap
Q96HF1	[141, 188]	Fz domain
Q96NN9	[56, 78]	Rieske [2Fe-2S] domain
Q9UGI8	[33, 55]	No_PFAM_overlap
Q9UPM6	[0, 70]	LIM domain
Q9Y2Q1	[52, 83]	No_PFAM_overlap
Q9Y2Q1	[105, 143]	No_PFAM_overlap
Q9Y2Q1	[162, 293]	Zinc finger, C2H2 type
Q9Y2Q1	[306, 360]	Zinc finger, C2H2 type
Q9Y2Q1	[422, 503]	Zinc finger, C2H2 type
A0A8I5KTY6	[91, 142]	Zinc finger, C2H2 type
A0A8I5KTY6	[203, 268]	Zinc finger, C2H2 type
A6NNM3	[144, 163]	No_PFAM_overlap
A6NNM3	[226, 253]	No_PFAM_overlap
A6NNM3	[482, 524]	RIMB1-like, N-terminal domain
A6NNM3	[1316, 1350]	No_PFAM_overlap
A6NNM3	[1407, 1437]	No_PFAM_overlap
O00213	[663, 681]	Phosphotyrosine interaction domain (PTB/PID)
O14763	[70, 189]	TNFR/NGFR cysteine-rich region
O15355	[484, 509]	Protein phosphatase 2C
Q13402	[1539, 1565]	Myosin-X FERM PH domain-like
Q17RS7	[236, 307]	No_PFAM_overlap
Q17RS7	[842, 899]	No_PFAM_overlap
Q6A163	[0, 70]	No_PFAM_overlap
Q6A163	[392, 452]	Intermediate filament protein
Q6FI81	[226, 297]	Cytokine-induced anti-apoptosis inhibitor 1, Fe-S biogenesis
Q6NSI1	[6, 50]	No_PFAM_overlap
Q6ZS81	[1136, 1152]	No_PFAM_overlap
Q8N587	[215, 323]	Zinc finger, C2H2 type
Q8NDA2	[4622, 4829]	Calcium-binding EGF domain
Q8NDA2	[4859, 4984]	Complement Clr-like EGF-like
Q8TF40	[597, 622]	No_PFAM_overlap
Q8TF40	[636, 701]	No_PFAM_overlap
Q8TF40	[808, 832]	No_PFAM_overlap
Q8TF40	[853, 908]	No_PFAM_overlap
Q8WXX7	[274, 298]	No_PFAM_overlap
Q8WY36	[595, 617]	No_PFAM_overlap
Q96MU6	[106, 151]	No_PFAM_overlap
Q96MU6	[172, 267]	No_PFAM_overlap
Q9BWX5	[178, 276]	GATA zinc finger
Q9NYQ7	[1413, 1520]	EGF-like domain
Q9NYQ7	[1930, 2127]	Laminin EGF domain
Q9NZL4	[337, 357]	No_PFAM_overlap
Q9UBT6	[608, 709]	No_PFAM_overlap
Q9Y2I2	[298, 528]	Laminin EGF domain
O95886	[428, 449]	No_PFAM_overlap
O95886	[464, 526]	No_PFAM_overlap
O95965	[27, 493]	Integrin EGF domain
P81408	[212, 232]	No_PFAM_overlap
P81408	[300, 319]	No_PFAM_overlap
P81408	[373, 389]	No_PFAM_overlap
P81408	[520, 542]	No_PFAM_overlap
Q15785	[56, 73]	No_PFAM_overlap
Q5H913	[264, 289]	No_PFAM_overlap
Q68CP9	[1623, 1639]	No_PFAM_overlap
Q6ZMZ0	[108, 176]	No_PFAM_overlap
Q6ZMZ0	[636, 656]	No_PFAM_overlap
Q6ZN55	[300, 350]	Zinc finger, C2H2 type
Q6ZN55	[383, 405]	No_PFAM_overlap
Q6ZN55	[457, 509]	Zinc finger, C2H2 type
Q6ZN55	[729, 780]	C2H2-type zinc finger
Q86U70	[0, 19]	No_PFAM_overlap
Q86Y25	[207, 258]	Zinc finger, C2H2 type
Q86Y25	[403, 482]	Zinc finger, C2H2 type
Q8IWB4	[1216, 1257]	No_PFAM_overlap
Q8IWB4	[1326, 1345]	No_PFAM_overlap
Q969T3	[294, 310]	No_PFAM_overlap
Q99661	[246, 269]	Kinesin motor domain
Q9BZR6	[28, 51]	No_PFAM_overlap
Q9BZR6	[324, 345]	No_PFAM_overlap
Q9H609	[18, 48]	No_PFAM_overlap
Q9H609	[103, 157]	Zinc finger, C2H2 type
O14649	[350, 372]	No_PFAM_overlap
O43609	[280, 318]	Sprouty protein (Spry)
P01024	[1489, 1522]	A-macroglobulin receptor binding domain
P10074	[185, 209]	No_PFAM_overlap
P10074	[282, 364]	Zinc finger, C2H2 type
P17014	[260, 444]	Zinc finger, C2H2 type
P17014	[455, 551]	Zinc finger, C2H2 type
P17014	[624, 640]	Zinc finger, C2H2 type
P46092	[323, 358]	No_PFAM_overlap
Q08AE8	[614, 629]	No_PFAM_overlap
Q13516	[282, 307]	No_PFAM_overlap
Q5KSL6	[169, 190]	No_PFAM_overlap
Q5KSL6	[334, 351]	No_PFAM_overlap
Q86W56	[230, 256]	No_PFAM_overlap
Q8IWL2	[9, 35]	No_PFAM_overlap
Q8TBC5	[432, 455]	No_PFAM_overlap
Q969W9	[11, 30]	PMEPA1 helical domain
Q9BXR3	[925, 955]	No_PFAM_overlap
Q9H2Y9	[22, 72]	No_PFAM_overlap
Q9NS73	[177, 197]	No_PFAM_overlap
Q9Y5F7	[719, 742]	No_PFAM_overlap
A6NDE4	[433, 459]	No_PFAM_overlap
O43309	[237, 316]	Zinc finger, C2H2 type
P00747	[140, 361]	Kringle domain
P0DXC3	[343, 364]	No_PFAM_overlap
P22079	[121, 144]	Animal haem peroxidase
P32239	[400, 418]	No_PFAM_overlap
P80370	[21, 253]	EGF-like domain
Q6UXH9	[32, 87]	No_PFAM_overlap
Q6UXH9	[255, 289]	EGF-like domain
Q7Z3F1	[581, 647]	No_PFAM_overlap
Q8IWY8	[669, 720]	Zinc finger, C2H2 type
Q8N2W9	[389, 424]	No_PFAM_overlap
Q8WWZ7	[1272, 1292]	No_PFAM_overlap
Q8WXH6	[250, 276]	No_PFAM_overlap
Q96N77	[242, 357]	Zinc finger, C2H2 type
Q9BYQ7	[0, 145]	Keratin, high sulfur B2 protein
Q9NZR2	[21, 202]	Low-density lipoprotein receptor domain class A
Q9NZR2	[787, 1250]	Coagulation Factor Xa inhibitory site
Q9NZR2	[1520, 1550]	No_PFAM_overlap
Q9NZR2	[2143, 2164]	No_PFAM_overlap
Q9NZR2	[2461, 3016]	Low-density lipoprotein receptor domain class A
Q9NZR2	[3329, 3889]	Low-density lipoprotein receptor domain class A
Q9NZR2	[4193, 4435]	EGF-like domain
Q9UHR6	[0, 66]	HIT zinc finger
A6NKU9	[112, 136]	No_PFAM_overlap
A6NKU9	[185, 209]	No_PFAM_overlap
A6NKU9	[258, 282]	No_PFAM_overlap
O43610	[109, 172]	Sprouty protein (Spry)
P01133	[307, 457]	Calcium-binding EGF domain
P01133	[824, 984]	Calcium-binding EGF domain
P01732	[208, 226]	No_PFAM_overlap
P0CG32	[338, 367]	No_PFAM_overlap
P22681	[711, 738]	No_PFAM_overlap
P35368	[361, 379]	No_PFAM_overlap
P36941	[28, 219]	TNFR/NGFR cysteine-rich region
P54278	[201, 225]	No_PFAM_overlap
P54687	[0, 17]	No_PFAM_overlap
Q14517	[3769, 3835]	No_PFAM_overlap
Q14517	[3998, 4171]	EGF-like domain
Q14517	[4541, 4562]	No_PFAM_overlap
Q5T890	[733, 774]	No_PFAM_overlap
Q5T890	[793, 856]	No_PFAM_overlap
Q6NUI2	[0, 18]	No_PFAM_overlap
Q6S8J3	[17, 86]	No_PFAM_overlap
Q7Z3T8	[30, 75]	No_PFAM_overlap
Q86YW9	[1200, 1234]	No_PFAM_overlap
Q8NI29	[79, 118]	F-box associated region
Q9BXU1	[995, 1018]	No_PFAM_overlap
Q9BYQ9	[0, 184]	Keratin, high sulfur B2 protein
Q9P1Z9	[1275, 1334]	No_PFAM_overlap
Q9Y4D8	[589, 609]	No_PFAM_overlap
Q9Y4D8	[1359, 1380]	No_PFAM_overlap
A2RUB6	[85, 113]	No_PFAM_overlap
A6NN14	[114, 165]	No_PFAM_overlap
A6NN14	[255, 306]	Zinc finger, C2H2 type
A6NN14	[367, 418]	Zinc finger, C2H2 type
A6NN14	[787, 838]	C2H2-type zinc finger
A6NN14	[1039, 1090]	Zinc finger, C2H2 type
A6NN14	[1234, 1251]	No_PFAM_overlap
D6RJB6	[34, 61]	No_PFAM_overlap
O43435	[357, 397]	No_PFAM_overlap
O60494	[125, 454]	EGF-like domain
P09958	[576, 684]	No_PFAM_overlap
P55197	[14, 47]	PHD-finger
P55197	[59, 97]	PHD-zinc-finger like domain
Q13137	[386, 426]	No_PFAM_overlap
Q1X8D7	[563, 583]	No_PFAM_overlap
Q7Z6J0	[82, 116]	No_PFAM_overlap
Q8IZY2	[1336, 1356]	No_PFAM_overlap
Q8NAP8	[159, 209]	No_PFAM_overlap
Q8NAP8	[360, 435]	Zinc-finger double domain
Q96NL3	[170, 271]	Zinc finger, C2H2 type
Q96NL3	[330, 411]	Zinc finger, C2H2 type
Q9BR26	[498, 527]	No_PFAM_overlap
Q9BTN0	[14, 40]	No_PFAM_overlap
Q9BYQ4	[0, 173]	Keratin, high sulfur B2 protein
Q9P107	[494, 525]	No_PFAM_overlap
Q9Y215	[364, 450]	No_PFAM_overlap
Q9Y6Q2	[126, 145]	No_PFAM_overlap
G5E9R7	[0, 232]	Keratin, high sulfur B2 protein
O75362	[112, 133]	Zinc finger, C2H2 type
O75362	[462, 478]	Zinc finger, C2H2 type
O75362	[663, 708]	No_PFAM_overlap
O75362	[732, 781]	No_PFAM_overlap
Q07021	[54, 78]	No_PFAM_overlap
Q562E7	[191, 221]	No_PFAM_overlap
Q86Y33	[179, 199]	No_PFAM_overlap
Q8TB22	[759, 785]	No_PFAM_overlap
Q8WZ73	[4, 97]	RNF34/RFFL SAP domain
Q92832	[214, 231]	No_PFAM_overlap
Q92832	[256, 809]	von Willebrand factor type C domain
Q96GX5	[306, 338]	No_PFAM_overlap
Q96GX5	[444, 485]	No_PFAM_overlap
Q96GX5	[523, 564]	No_PFAM_overlap
Q9HCU0	[159, 174]	Thrombomodulin-like domain
Q9HCU0	[195, 359]	Coagulation Factor Xa inhibitory site
Q9UND3	[324, 345]	No_PFAM_overlap
O00292	[240, 269]	Transforming growth factor beta like domain
O95263	[86, 115]	No_PFAM_overlap
O95571	[236, 253]	No_PFAM_overlap
P04070	[92, 126]	No_PFAM_overlap
P48060	[182, 207]	No_PFAM_overlap
Q14574	[660, 680]	No_PFAM_overlap
Q14574	[735, 823]	No_PFAM_overlap
Q16549	[692, 713]	No_PFAM_overlap
Q16549	[758, 784]	No_PFAM_overlap
Q5TGY3	[1435, 1470]	No_PFAM_overlap
Q6P3X8	[559, 587]	No_PFAM_overlap
Q6ZMN7	[77, 142]	No_PFAM_overlap
Q8WXD0	[109, 129]	No_PFAM_overlap
Q96GX9	[0, 28]	Class II Aldolase and Adducin N-terminal domain
Q96I82	[42, 177]	Immunoglobulin I-set domain
Q9H4F8	[32, 167]	Thyroglobulin type-1 repeat
Q9Y219	[227, 979]	Calcium-binding EGF domain
O43147	[444, 484]	No_PFAM_overlap
P49796	[36, 57]	No_PFAM_overlap
P49796	[413, 433]	No_PFAM_overlap
P78549	[283, 301]	No_PFAM_overlap
Q13461	[229, 249]	No_PFAM_overlap
Q14112	[477, 532]	G2F domain
Q14112	[752, 992]	Thyroglobulin type-1 repeat
Q53RE8	[0, 22]	No_PFAM_overlap
Q5TA31	[86, 117]	No_PFAM_overlap
Q6NUN9	[501, 552]	Zinc finger, C2H2 type
Q6YHK3	[1402, 1421]	No_PFAM_overlap
Q8NAM6	[287, 382]	Zinc finger, C2H2 type
Q8NEA9	[33, 68]	No_PFAM_overlap
Q8TF50	[99, 154]	No_PFAM_overlap
Q8TF50	[191, 215]	No_PFAM_overlap
Q8TF50	[296, 346]	C2H2-type zinc finger
Q8TF50	[436, 486]	Zinc finger, C2H2 type
Q92581	[586, 606]	No_PFAM_overlap
Q96EV8	[131, 151]	No_PFAM_overlap
Q9ULJ1	[458, 502]	ODF2 C-terminal coiled coil domain
Q9ULJ1	[513, 539]	No_PFAM_overlap
Q9Y6X2	[390, 427]	No_PFAM_overlap
A8MXQ7	[300, 358]	No_PFAM_overlap
O60294	[468, 484]	No_PFAM_overlap
P46934	[355, 440]	No_PFAM_overlap
P46934	[462, 485]	No_PFAM_overlap
P46934	[496, 524]	No_PFAM_overlap
P62745	[178, 195]	Ras family
Q04912	[90, 116]	No_PFAM_overlap
Q04912	[158, 185]	No_PFAM_overlap
Q5VU97	[911, 927]	No_PFAM_overlap
Q5VU97	[945, 1072]	CACHD1 C-terminal domain
Q5VYP0	[1213, 1257]	No_PFAM_overlap
Q5VYP0	[1326, 1345]	No_PFAM_overlap
Q86UD7	[232, 249]	No_PFAM_overlap
Q86UQ0	[239, 290]	Zinc finger, C2H2 type
Q8IXS0	[488, 507]	No_PFAM_overlap
Q8IYD8	[1030, 1045]	No_PFAM_overlap
Q8IYD8	[1059, 1092]	No_PFAM_overlap
Q8IYD8	[1601, 1633]	No_PFAM_overlap
Q8IZ26	[242, 322]	Zinc finger, C2H2 type
Q8NEP9	[103, 129]	No_PFAM_overlap
Q8NEP9	[163, 242]	Zinc finger, C2H2 type
Q8TCN5	[146, 169]	No_PFAM_overlap
Q8TCN5	[182, 210]	No_PFAM_overlap
Q8TCN5	[632, 717]	Zinc finger, C2H2 type
Q8TCN5	[734, 804]	No_PFAM_overlap
Q8TF66	[21, 39]	No_PFAM_overlap
Q8TF66	[558, 580]	No_PFAM_overlap
Q9H2S5	[77, 147]	RING-type zinc-finger
Q9HBQ8	[34, 105]	Putative golgin subfamily A member 2-like protein 5
Q9HBQ8	[126, 143]	No_PFAM_overlap
Q9UL36	[57, 135]	Zinc finger, C2H2 type
Q9UL36	[188, 239]	Zinc finger, C2H2 type
Q9UL36	[473, 524]	Zinc finger, C2H2 type
Q9UL36	[659, 693]	Zinc finger, C2H2 type
Q9UL36	[958, 1009]	Zinc finger, C2H2 type
Q9UL36	[1157, 1237]	Zinc finger, C2H2 type
Q9UL36	[1648, 1700]	Zinc finger, C2H2 type
Q9UL36	[1713, 1764]	Zinc finger, C2H2 type
Q9Y4K3	[0, 37]	No_PFAM_overlap
Q9Y4K3	[127, 211]	TNF receptor-associated factor 6 zinc finger 2
A6NFA0	[38, 58]	Domain of unknown function (DUF4599)
A6NK02	[46, 69]	zinc finger of C3HC4-type, RING
O60281	[2, 24]	No_PFAM_overlap
O60281	[970, 994]	No_PFAM_overlap
O60281	[2247, 2272]	No_PFAM_overlap
P51610	[1269, 1298]	No_PFAM_overlap
Q13459	[1664, 1703]	No_PFAM_overlap
Q5VTL7	[403, 426]	No_PFAM_overlap
Q5VTL7	[444, 468]	No_PFAM_overlap
Q5VTL7	[489, 523]	No_PFAM_overlap
Q5VTL7	[533, 552]	No_PFAM_overlap
Q5VTL7	[574, 595]	No_PFAM_overlap
Q86UD3	[0, 39]	No_PFAM_overlap
Q86YN6	[206, 236]	No_PFAM_overlap
Q86YN6	[824, 889]	No_PFAM_overlap
Q8IXT1	[954, 993]	No_PFAM_overlap
Q8TD94	[109, 148]	No_PFAM_overlap
Q8TD94	[186, 241]	Zinc finger, C2H2 type
Q8TEP8	[385, 411]	No_PFAM_overlap
Q8TEP8	[441, 461]	No_PFAM_overlap
Q8TEP8	[912, 948]	No_PFAM_overlap
Q8TEP8	[1269, 1297]	No_PFAM_overlap
Q8WY21	[24, 41]	No_PFAM_overlap
Q92785	[200, 223]	No_PFAM_overlap
Q92785	[261, 374]	PHD-finger
Q96MI9	[983, 1008]	No_PFAM_overlap
Q9BTT6	[414, 435]	No_PFAM_overlap
Q9C0A6	[81, 118]	No_PFAM_overlap
Q9C0A6	[395, 420]	No_PFAM_overlap
Q9H0F5	[202, 238]	No_PFAM_overlap
Q9H0F5	[452, 467]	Ring finger domain
Q9UJU3	[185, 245]	No_PFAM_overlap
Q9UJU3	[280, 304]	No_PFAM_overlap
Q9UJU3	[320, 352]	No_PFAM_overlap
Q9UJU3	[516, 567]	Zinc finger, C2H2 type
A2A3K4	[47, 67]	No_PFAM_overlap
O15488	[301, 340]	No_PFAM_overlap
P21291	[0, 132]	LIM domain
P30307	[426, 456]	No_PFAM_overlap
P35555	[21, 1702]	TB domain
P35555	[1721, 1787]	TB domain
P35555	[1799, 2727]	TB domain
Q12888	[600, 625]	No_PFAM_overlap
Q12888	[691, 721]	No_PFAM_overlap
Q14520	[47, 218]	EGF-like domain
Q58G82	[15, 44]	No_PFAM_overlap
Q5T0B9	[218, 269]	Zinc finger, C2H2 type
Q6ZTB9	[20, 186]	Zinc finger, C2H2 type
Q7Z3I7	[109, 426]	Zinc finger, C2H2 type
Q86UN3	[31, 46]	No_PFAM_overlap
Q8N474	[160, 197]	Fz domain
Q8NCL9	[23, 39]	No_PFAM_overlap
Q8WX77	[22, 160]	Kazal-type serine protease inhibitor domain
Q96H79	[189, 216]	No_PFAM_overlap
Q96H79	[283, 299]	No_PFAM_overlap
Q96PQ7	[172, 196]	No_PFAM_overlap
Q9BYQ2	[0, 153]	Keratin, high sulfur B2 protein
Q9BZ11	[349, 689]	Disintegrin
Q9BZ11	[720, 754]	No_PFAM_overlap
Q9Y4B5	[1605, 1637]	No_PFAM_overlap
O14511	[0, 18]	No_PFAM_overlap
O14511	[334, 350]	No_PFAM_overlap
O60566	[492, 512]	No_PFAM_overlap
P00738	[75, 104]	No_PFAM_overlap
P00738	[138, 158]	No_PFAM_overlap
P18084	[403, 442]	No_PFAM_overlap
P18084	[452, 668]	Integrin EGF domain
Q15911	[73, 99]	No_PFAM_overlap
Q15911	[616, 685]	No_PFAM_overlap
Q15911	[779, 818]	No_PFAM_overlap
Q15911	[1075, 1092]	No_PFAM_overlap
Q15911	[3459, 3492]	No_PFAM_overlap
Q15911	[3520, 3548]	No_PFAM_overlap
Q16587	[239, 290]	Zinc finger, C2H2 type
Q16587	[515, 570]	Zinc finger, C2H2 type
Q494X3	[246, 341]	Zinc finger, C2H2 type
Q5IJ48	[31, 444]	Human growth factor-like EGF
Q5IJ48	[794, 877]	EGF-like domain
Q5IJ48	[1043, 1206]	Human growth factor-like EGF
Q6IE37	[57, 94]	No_PFAM_overlap
Q6ZN44	[255, 297]	No_PFAM_overlap
Q86UK7	[178, 194]	No_PFAM_overlap
Q86V71	[52, 74]	No_PFAM_overlap
Q86V71	[164, 243]	Zinc finger, C2H2 type
Q8IUW3	[349, 397]	No_PFAM_overlap
Q8NB42	[293, 346]	Zinc finger, C2H2 type
Q8WW24	[0, 17]	No_PFAM_overlap
Q969Z4	[24, 130]	No_PFAM_overlap
Q969Z4	[264, 304]	No_PFAM_overlap
Q96LW1	[261, 312]	Zinc finger, C2H2 type
Q96LW1	[345, 396]	Zinc finger, C2H2 type
Q96QV1	[525, 542]	No_PFAM_overlap
Q96QV1	[581, 675]	EGF-like domain
Q9BUH8	[152, 243]	No_PFAM_overlap
Q9NQB0	[434, 505]	Zinc finger protein 704 C-terminal domain
A6NF34	[412, 630]	No_PFAM_overlap
O15016	[3, 48]	No_PFAM_overlap
O15016	[66, 82]	No_PFAM_overlap
O15016	[409, 438]	No_PFAM_overlap
O15016	[456, 488]	No_PFAM_overlap
O15016	[1143, 1185]	PHD-finger
O75153	[586, 601]	No_PFAM_overlap
O94991	[364, 389]	No_PFAM_overlap
P11047	[283, 501]	Laminin N-terminal (Domain VI)
P11047	[679, 1043]	Laminin EGF domain
P17027	[109, 210]	Zinc finger, C2H2 type
P23327	[616, 698]	No_PFAM_overlap
P25391	[268, 507]	Laminin N-terminal (Domain VI)
P25391	[737, 1168]	Laminin EGF domain
P25391	[1351, 1566]	Laminin EGF domain
P78346	[249, 267]	No_PFAM_overlap
P78504	[202, 967]	Human growth factor-like EGF
P98088	[237, 269]	C8 domain
P98088	[288, 440]	von Willebrand factor type D domain
P98088	[1068, 1091]	No_PFAM_overlap
P98088	[1161, 1327]	Otogelin-like/Mucin TIL domain
P98088	[1372, 1396]	Mucin-2 protein WxxW repeating region
P98088	[1566, 1591]	Mucin-2 protein WxxW repeating region
P98088	[1732, 1756]	Mucin-2 protein WxxW repeating region
P98088	[1939, 1964]	Mucin-2 protein WxxW repeating region
P98088	[2105, 2129]	Mucin-2 protein WxxW repeating region
P98088	[3211, 3235]	Mucin-2 protein WxxW repeating region
P98088	[3509, 3533]	Mucin-2 protein WxxW repeating region
P98088	[3942, 3966]	Mucin-2 protein WxxW repeating region
P98088	[4616, 4640]	Mucin-2 protein WxxW repeating region
P98088	[4796, 4925]	von Willebrand factor type D domain
P98088	[5054, 5111]	von Willebrand factor type D domain
P98088	[5130, 5154]	C8 domain
P98088	[5198, 5628]	C8 domain
Q5W186	[125, 151]	No_PFAM_overlap
Q6P2D0	[203, 254]	Zinc finger, C2H2 type
Q7Z6I6	[902, 922]	No_PFAM_overlap
Q7Z6I6	[943, 974]	No_PFAM_overlap
Q7Z6I6	[1016, 1058]	No_PFAM_overlap
Q8IUB2	[19, 225]	WAP-type (Whey Acidic Protein) 'four-disulfide core'
Q8WUU4	[222, 275]	Zinc finger, C2H2 type
Q8WUU4	[379, 432]	Zinc finger, C2H2 type
Q96N20	[144, 203]	Zinc finger, C2H2 type
Q9H228	[316, 337]	No_PFAM_overlap
Q9NSJ1	[91, 144]	Zinc finger, C2H2 type
Q9NSJ1	[201, 351]	Zinc finger, C2H2 type
A4IF30	[71, 95]	No_PFAM_overlap
O43151	[261, 283]	No_PFAM_overlap
O43151	[947, 978]	No_PFAM_overlap
O95544	[11, 35]	No_PFAM_overlap
P19174	[0, 21]	No_PFAM_overlap
P22460	[566, 591]	No_PFAM_overlap
Q13434	[56, 150]	Zinc finger C-x8-C-x5-C-x3-H type (and similar)
Q13434	[203, 254]	CCCH-type zinc finger
Q13434	[269, 303]	No_PFAM_overlap
Q6PI77	[246, 290]	No_PFAM_overlap
Q6PI77	[302, 322]	Armadillo-like
Q7L0X0	[20, 50]	No_PFAM_overlap
Q8IXL7	[26, 49]	No_PFAM_overlap
Q8N883	[196, 246]	No_PFAM_overlap
Q8N883	[278, 329]	Zinc finger, C2H2 type
Q96NL1	[30, 55]	No_PFAM_overlap
Q96NL1	[89, 111]	No_PFAM_overlap
Q96NU0	[665, 693]	No_PFAM_overlap
Q96NU0	[711, 748]	No_PFAM_overlap
Q96NU0	[947, 990]	No_PFAM_overlap
Q9H8N7	[118, 140]	No_PFAM_overlap
Q9ULL0	[84, 102]	No_PFAM_overlap
Q9ULL4	[1073, 1093]	No_PFAM_overlap
Q9UQP3	[88, 268]	Teneurin-like EGF domain
C9J2P7	[34, 61]	No_PFAM_overlap
P17036	[191, 242]	Zinc finger, C2H2 type
P49454	[1049, 1069]	No_PFAM_overlap
Q13464	[1245, 1286]	No_PFAM_overlap
Q16363	[45, 278]	Laminin EGF domain
Q6DN72	[418, 433]	No_PFAM_overlap
Q86SQ6	[312, 425]	No_PFAM_overlap
Q86SQ6	[460, 480]	No_PFAM_overlap
Q8NE31	[9, 45]	No_PFAM_overlap
Q8NEA6	[335, 387]	C2H2 zinc finger
Q8NEA6	[403, 458]	C2H2 zinc finger
Q92966	[0, 36]	No_PFAM_overlap
Q9H7P9	[8, 40]	No_PFAM_overlap
Q9H7P9	[994, 1022]	No_PFAM_overlap
Q9NWH7	[268, 338]	No_PFAM_overlap
Q9NWH7	[360, 385]	No_PFAM_overlap
Q9NWH7	[406, 440]	No_PFAM_overlap
Q9UL68	[313, 343]	No_PFAM_overlap
Q9UL68	[495, 618]	Zinc finger, C2HC type
Q9UL68	[861, 987]	Zinc finger, C2HC type
Q9ULX5	[1, 30]	No_PFAM_overlap
Q9ULX5	[42, 137]	Zinc finger, C3HC4 type (RING finger)
Q9Y2Y9	[158, 213]	Zinc finger, C2H2 type
O14709	[361, 412]	Zinc finger, C2H2 type
O14709	[670, 720]	Zinc finger, C2H2 type
O14709	[753, 807]	Zinc finger, C2H2 type
O95428	[305, 547]	Thrombospondin type 1 domain
O95428	[619, 690]	No_PFAM_overlap
P17029	[368, 419]	Zinc finger, C2H2 type
P22674	[40, 67]	No_PFAM_overlap
P42081	[311, 328]	No_PFAM_overlap
Q5TH69	[1369, 1385]	No_PFAM_overlap
Q86VX9	[30, 53]	No_PFAM_overlap
Q8N2H3	[393, 412]	Flavin containing amine oxidoreductase
Q96PM5	[92, 114]	No_PFAM_overlap
Q96PM5	[126, 155]	Ring finger domain
Q96SQ5	[53, 106]	KRAB box
Q96SQ5	[259, 508]	Zinc finger, C2H2 type
Q9BRR9	[181, 221]	No_PFAM_overlap
Q9BXP8	[575, 665]	LNR domain
Q9BXP8	[1104, 1184]	No_PFAM_overlap
Q9BXP8	[1194, 1247]	No_PFAM_overlap
Q9BXP8	[1362, 1406]	No_PFAM_overlap
Q9BXP8	[1438, 1474]	Sushi repeat (SCR repeat)
Q9BXP8	[1586, 1634]	Sushi repeat (SCR repeat)
Q9BXP8	[1703, 1790]	No_PFAM_overlap
Q9HCH0	[139, 163]	No_PFAM_overlap
Q9NSN8	[148, 191]	No_PFAM_overlap
Q9UHC6	[554, 601]	No_PFAM_overlap
Q9UHC6	[717, 746]	No_PFAM_overlap
Q9UHC6	[952, 997]	No_PFAM_overlap
Q9ULG6	[601, 632]	No_PFAM_overlap
A6NLI5	[31, 64]	No_PFAM_overlap
O43900	[16, 97]	PET Domain
O43900	[240, 375]	LIM domain
O95153	[530, 564]	No_PFAM_overlap
O95153	[1465, 1503]	No_PFAM_overlap
Q01804	[750, 772]	No_PFAM_overlap
Q15942	[373, 518]	LIM domain
Q16629	[96, 124]	No_PFAM_overlap
Q5EBL2	[27, 78]	Zinc finger, C2H2 type
Q5EBL2	[139, 190]	Zinc finger, C2H2 type
Q5EBL2	[286, 314]	No_PFAM_overlap
Q5EBL2	[347, 437]	No_PFAM_overlap
Q5EBL2	[529, 608]	Zinc finger, C2H2 type
Q8IYL2	[719, 745]	No_PFAM_overlap
Q8IZP9	[965, 1003]	No_PFAM_overlap
Q8N1G0	[661, 764]	No_PFAM_overlap
Q8N1G0	[781, 806]	No_PFAM_overlap
Q8N1G0	[849, 872]	No_PFAM_overlap
Q8N1G0	[954, 1012]	Zinc finger, C2H2 type
Q8NA31	[474, 530]	No_PFAM_overlap
Q96KR4	[128, 186]	No_PFAM_overlap
Q96KR4	[590, 611]	Leishmanolysin
Q96PT4	[3, 23]	No_PFAM_overlap
Q9NYY3	[7, 27]	No_PFAM_overlap
Q9UL58	[370, 449]	Zinc finger, C2H2 type
Q9UL62	[907, 963]	No_PFAM_overlap
Q9UM73	[449, 474]	No_PFAM_overlap
Q9UM73	[976, 1010]	No_PFAM_overlap
A6NMZ7	[1373, 1397]	Collagen triple helix repeat (20 copies)
A6NMZ7	[1940, 1956]	No_PFAM_overlap
O43149	[707, 725]	No_PFAM_overlap
P0DM63	[343, 364]	No_PFAM_overlap
Q6PI78	[21, 42]	No_PFAM_overlap
Q8IYX0	[117, 310]	Zinc finger, C2H2 type
Q8NA42	[161, 474]	Zinc finger, C2H2 type
Q8NFT6	[353, 377]	No_PFAM_overlap
Q8NFT6	[413, 455]	No_PFAM_overlap
Q96BT7	[332, 358]	2OG-Fe(II) oxygenase superfamily
Q9H8U3	[7, 44]	A20-like zinc finger
Q9H8U3	[88, 127]	No_PFAM_overlap
Q9H8U3	[146, 226]	AN1-like Zinc finger
Q9UHF1	[21, 185]	EMI domain
A6NMN3	[80, 111]	No_PFAM_overlap
A6NMN3	[256, 276]	No_PFAM_overlap
A8MYU2	[613, 636]	No_PFAM_overlap
O00110	[22, 42]	No_PFAM_overlap
O00110	[61, 189]	Zinc-finger double domain
P0CJ78	[218, 277]	Zinc finger, C2H2 type
P0CJ78	[341, 392]	Zinc finger, C2H2 type
P0CJ78	[540, 592]	Zinc finger, C2H2 type
P0CJ78	[858, 878]	No_PFAM_overlap
P0CJ78	[980, 1031]	Zinc finger, C2H2 type
P0DJD3	[431, 480]	No_PFAM_overlap
Q3SXY7	[23, 43]	No_PFAM_overlap
Q3SXY7	[544, 569]	No_PFAM_overlap
Q6PJI9	[880, 919]	No_PFAM_overlap
Q6ZMY6	[0, 33]	No_PFAM_overlap
Q8IV45	[344, 366]	UPA domain
Q8IYW4	[190, 219]	No_PFAM_overlap
Q8NG31	[1283, 1364]	No_PFAM_overlap
Q92698	[675, 708]	No_PFAM_overlap
Q9NPF0	[30, 176]	Low-density lipoprotein receptor domain class A
A7XYQ1	[765, 789]	No_PFAM_overlap
A7XYQ1	[815, 852]	No_PFAM_overlap
P10073	[259, 310]	Zinc finger, C2H2 type
P13945	[358, 381]	No_PFAM_overlap
P31275	[72, 104]	No_PFAM_overlap
P54198	[285, 301]	No_PFAM_overlap
P78312	[97, 117]	No_PFAM_overlap
P78312	[138, 159]	No_PFAM_overlap
P78312	[192, 217]	No_PFAM_overlap
P78312	[482, 524]	No_PFAM_overlap
P78312	[1000, 1046]	No_PFAM_overlap
P78312	[1067, 1094]	No_PFAM_overlap
Q12901	[167, 248]	Zinc finger, C2H2 type
Q12901	[307, 442]	Zinc finger, C2H2 type
Q13064	[261, 298]	RNA-binding, Nab2-type zinc finger
Q15365	[185, 210]	No_PFAM_overlap
Q4G112	[302, 341]	No_PFAM_overlap
Q6N063	[314, 330]	No_PFAM_overlap
Q8IZ41	[407, 435]	No_PFAM_overlap
Q8IZP6	[230, 260]	Zinc finger, C3HC4 type (RING finger)
Q8N2N9	[774, 796]	No_PFAM_overlap
Q9GZU3	[2, 27]	No_PFAM_overlap
Q9H0F6	[343, 386]	No_PFAM_overlap
Q9H2D6	[0, 35]	No_PFAM_overlap
Q9H2D6	[112, 127]	No_PFAM_overlap
Q9H2D6	[1102, 1122]	No_PFAM_overlap
Q9H2D6	[1146, 1169]	No_PFAM_overlap
Q9H706	[349, 371]	No_PFAM_overlap
Q9UNX9	[387, 405]	No_PFAM_overlap
Q9Y2E4	[911, 928]	No_PFAM_overlap
A2VCK2	[92, 121]	No_PFAM_overlap
O94983	[216, 251]	No_PFAM_overlap
P13682	[171, 236]	Zinc finger, C2H2 type
P13682	[457, 517]	Zinc finger, C2H2 type
P25490	[287, 339]	Zinc finger, C2H2 type
P60409	[0, 369]	Keratin, high sulfur B2 protein
P62684	[537, 604]	Zinc knuckle
Q04721	[23, 1543]	Calcium-binding EGF domain
Q13751	[239, 593]	Laminin N-terminal (Domain VI)
Q13751	[780, 823]	No_PFAM_overlap
Q5VTR2	[894, 931]	Zinc finger, C3HC4 type (RING finger)
Q86WZ6	[241, 394]	Zinc finger, C2H2 type
Q8IUL8	[112, 215]	Mucin-2 protein WxxW repeating region
Q8N0Y2	[170, 193]	No_PFAM_overlap
Q8N0Y2	[241, 292]	Zinc finger, C2H2 type
Q8N143	[292, 398]	Zinc finger, C2H2 type
Q8N2R0	[191, 272]	Zinc finger, C2H2 type
Q92764	[392, 454]	Intermediate filament protein
Q9BXR6	[189, 220]	Sushi repeat (SCR repeat)
Q9BXR6	[372, 402]	Sushi repeat (SCR repeat)
Q9BXX0	[655, 675]	No_PFAM_overlap
Q9C0D5	[155, 218]	No_PFAM_overlap
Q9NRM6	[485, 501]	No_PFAM_overlap
Q9UK13	[143, 585]	Zinc finger, C2H2 type
O15072	[498, 720]	ADAMTS cysteine-rich domain 2
O15072	[857, 1059]	Thrombospondin type 1 domain
O95780	[108, 133]	No_PFAM_overlap
O95780	[220, 383]	Zinc finger, C2H2 type
P08048	[443, 498]	Zinc finger, C2H2 type
P08048	[706, 757]	Zinc finger, C2H2 type
P08069	[683, 711]	No_PFAM_overlap
P0C6A0	[9, 69]	No_PFAM_overlap
P0C6A0	[197, 272]	GATA zinc finger
P78368	[388, 410]	No_PFAM_overlap
Q03112	[200, 241]	No_PFAM_overlap
Q03112	[254, 305]	C2H2-type zinc finger
Q03112	[931, 986]	Zinc finger, C2H2 type
Q58WW2	[121, 145]	WD domain, G-beta repeat
Q58WW2	[178, 193]	No_PFAM_overlap
Q6ZN30	[23, 44]	No_PFAM_overlap
Q6ZN30	[114, 136]	No_PFAM_overlap
Q6ZN30	[818, 838]	No_PFAM_overlap
Q7Z713	[19, 37]	Ankyrin repeats (3 copies)
Q7Z713	[118, 145]	No_PFAM_overlap
Q8IZN3	[346, 366]	No_PFAM_overlap
Q8N8Y5	[78, 129]	Zinc finger, C2H2 type
Q92804	[354, 379]	No_PFAM_overlap
Q969S2	[307, 331]	No_PFAM_overlap
Q9NYJ8	[659, 692]	No_PFAM_overlap
A6NDX5	[101, 124]	No_PFAM_overlap
A6NDX5	[268, 291]	No_PFAM_overlap
A6NDX5	[324, 377]	C2H2-type zinc finger
A6NDX5	[540, 591]	C2H2-type zinc finger
O94953	[693, 746]	No_PFAM_overlap
P22105	[74, 96]	No_PFAM_overlap
P22105	[110, 754]	Tenascin EGF domain
P61968	[140, 164]	LIM domain
P98153	[284, 338]	No_PFAM_overlap
Q13886	[134, 189]	Zinc finger, C2H2 type
Q15415	[433, 459]	No_PFAM_overlap
Q5SRH9	[151, 173]	No_PFAM_overlap
Q5UAW9	[290, 307]	No_PFAM_overlap
Q6ZMY3	[113, 170]	No_PFAM_overlap
Q6ZMY3	[318, 353]	No_PFAM_overlap
Q6ZMY3	[779, 821]	No_PFAM_overlap
Q70EL1	[1057, 1105]	No_PFAM_overlap
Q7Z3K3	[369, 407]	No_PFAM_overlap
Q7Z3K3	[485, 508]	No_PFAM_overlap
Q7Z3K3	[521, 557]	No_PFAM_overlap
Q86YJ5	[29, 55]	No_PFAM_overlap
Q8IZA0	[887, 902]	No_PFAM_overlap
Q99684	[132, 164]	No_PFAM_overlap
Q99684	[275, 326]	Zinc finger, C2H2 type
Q9HCI7	[133, 163]	No_PFAM_overlap
Q9HCI7	[210, 256]	No_PFAM_overlap
Q9UKJ8	[378, 579]	Reprolysin (M12B) family zinc metalloprotease
Q9UKJ8	[635, 671]	No_PFAM_overlap
A8TX70	[1375, 1402]	Collagen triple helix repeat (20 copies)
O15218	[342, 364]	No_PFAM_overlap
O15391	[245, 297]	Zinc finger, C2H2 type
P19544	[314, 369]	Wilm's tumour protein
P35523	[808, 828]	No_PFAM_overlap
Q13643	[0, 233]	LIM domain
Q5T8P6	[292, 312]	No_PFAM_overlap
Q86VP1	[602, 625]	No_PFAM_overlap
Q8N3J9	[22, 39]	Zinc finger, C2H2 type
Q8N3J9	[106, 255]	Zinc finger, C2H2 type
Q8TCU4	[2557, 2585]	No_PFAM_overlap
Q8TF46	[28, 48]	No_PFAM_overlap
Q9BYN7	[464, 479]	No_PFAM_overlap
Q9BYN7	[530, 599]	No_PFAM_overlap
Q9BYN7	[613, 669]	Zinc finger, C2H2 type
Q9NZF1	[1, 38]	PLAC8 family
O15060	[334, 386]	No_PFAM_overlap
O15060	[552, 571]	No_PFAM_overlap
O15060	[596, 649]	Zinc finger, C2H2 type
O94855	[288, 325]	No_PFAM_overlap
O95391	[112, 132]	No_PFAM_overlap
P01877	[66, 119]	Immunoglobulin C1-set domain
P28358	[77, 122]	No_PFAM_overlap
P49747	[58, 361]	Cartilage oligomeric matrix protein
P98161	[23, 53]	No_PFAM_overlap
P98161	[239, 268]	WSC domain
P98161	[635, 676]	No_PFAM_overlap
Q14D33	[488, 536]	No_PFAM_overlap
Q5GH76	[13, 83]	No_PFAM_overlap
Q68DV7	[249, 276]	Ring finger domain
Q68DV7	[471, 518]	No_PFAM_overlap
Q68DV7	[690, 737]	No_PFAM_overlap
Q68DV7	[748, 782]	No_PFAM_overlap
Q6ZU52	[445, 484]	No_PFAM_overlap
Q7L622	[0, 33]	No_PFAM_overlap
Q8N3T1	[459, 476]	No_PFAM_overlap
Q8NEZ3	[1307, 1341]	IFT121, second zinc finger domain
Q92956	[33, 192]	TNFR/NGFR cysteine-rich region
Q99676	[211, 460]	Zinc-finger double domain
Q9BRP7	[325, 342]	No_PFAM_overlap
Q9BTL4	[177, 213]	No_PFAM_overlap
Q9BWV1	[919, 956]	No_PFAM_overlap
Q9BWV1	[1007, 1028]	No_PFAM_overlap
Q9BWV1	[1045, 1089]	No_PFAM_overlap
Q9H0B3	[238, 279]	No_PFAM_overlap
Q9H0B3	[727, 764]	No_PFAM_overlap
Q9H0B3	[1026, 1081]	No_PFAM_overlap
Q9P278	[618, 712]	No_PFAM_overlap
Q9P278	[766, 786]	No_PFAM_overlap
Q9P278	[846, 881]	No_PFAM_overlap
Q9UID6	[103, 119]	No_PFAM_overlap
Q9UID6	[225, 240]	No_PFAM_overlap
Q9UID6	[315, 339]	No_PFAM_overlap
Q9UPR6	[374, 423]	No_PFAM_overlap
A6NK53	[190, 252]	No_PFAM_overlap
A6NK53	[291, 416]	No_PFAM_overlap
A6NK53	[438, 578]	Zinc finger, C2H2 type
O14525	[700, 728]	No_PFAM_overlap
O14525	[930, 963]	No_PFAM_overlap
O14525	[1000, 1035]	ASTN1/2 Fn3 domain
O76081	[198, 229]	No_PFAM_overlap
O95630	[386, 408]	No_PFAM_overlap
P01876	[66, 132]	Immunoglobulin C1-set domain
P03973	[24, 131]	WAP-type (Whey Acidic Protein) 'four-disulfide core'
P35348	[408, 444]	No_PFAM_overlap
P52740	[105, 156]	No_PFAM_overlap
P52740	[219, 250]	No_PFAM_overlap
P52740	[338, 389]	Zinc finger, C2H2 type
P52740	[617, 705]	Zinc finger, C2H2 type
Q0VDD8	[555, 587]	No_PFAM_overlap
Q14995	[290, 393]	No_PFAM_overlap
Q5VUE5	[31, 58]	No_PFAM_overlap
Q6ZR52	[41, 82]	Zinc finger, C2H2 type
Q6ZR52	[103, 145]	Zinc finger, C2H2 type
Q6ZR52	[184, 237]	No_PFAM_overlap
Q6ZR52	[548, 599]	Zinc finger, C2H2 type
Q86W24	[744, 761]	Leucine Rich repeat
Q8IZ20	[0, 21]	No_PFAM_overlap
Q8IZ20	[32, 94]	No_PFAM_overlap
Q8IZ20	[162, 180]	No_PFAM_overlap
Q8IZ20	[417, 440]	Zinc finger, C2H2 type
Q96NJ6	[132, 183]	Zinc finger, C2H2 type
Q9P021	[0, 15]	Microtubule-associated protein CRIPT
Q9UPT6	[840, 864]	No_PFAM_overlap
Q9Y5I0	[722, 746]	No_PFAM_overlap
A6NEL2	[177, 209]	No_PFAM_overlap
P00751	[87, 112]	Sushi repeat (SCR repeat)
P00751	[130, 227]	Sushi repeat (SCR repeat)
P14780	[242, 314]	Fibronectin type II domain
P14780	[356, 385]	Matrixin
P52742	[197, 256]	Zinc finger, C2H2 type
Q13574	[119, 138]	No_PFAM_overlap
Q6ZSB9	[119, 169]	BTB/POZ domain
Q6ZSB9	[353, 409]	Zinc finger, C2H2 type
Q7Z3B3	[577, 601]	No_PFAM_overlap
Q7Z3B3	[616, 645]	No_PFAM_overlap
Q8N328	[553, 592]	No_PFAM_overlap
Q8TF61	[715, 735]	No_PFAM_overlap
Q92802	[222, 260]	No_PFAM_overlap
Q92802	[311, 386]	No_PFAM_overlap
Q96FV2	[0, 17]	No_PFAM_overlap
Q96I27	[54, 72]	No_PFAM_overlap
Q96I27	[139, 302]	Zinc finger, C2H2 type
Q96K83	[6, 160]	C2H2-type zinc finger
Q96K83	[237, 324]	C2H2-type zinc finger
Q96K83	[625, 641]	C2H2-type zinc finger
Q96K83	[828, 851]	No_PFAM_overlap
Q96K83	[877, 900]	No_PFAM_overlap
Q96K83	[921, 973]	C2H2-type zinc finger
Q96K83	[1053, 1079]	No_PFAM_overlap
Q96K83	[1090, 1105]	No_PFAM_overlap
Q96K83	[1216, 1252]	No_PFAM_overlap
Q9BZE9	[118, 147]	No_PFAM_overlap
Q9ULD8	[907, 956]	No_PFAM_overlap
A2RRD8	[152, 483]	Zinc finger, C2H2 type
A6QL64	[1336, 1358]	No_PFAM_overlap
O14978	[369, 420]	Zinc finger, C2H2 type
O15399	[1171, 1206]	No_PFAM_overlap
O15399	[1216, 1235]	No_PFAM_overlap
O60765	[205, 256]	Zinc finger, C2H2 type
P06213	[699, 719]	No_PFAM_overlap
P17023	[145, 164]	Zinc finger, C2H2 type
P17023	[180, 234]	Zinc finger, C2H2 type
P30518	[338, 367]	No_PFAM_overlap
P48200	[157, 187]	No_PFAM_overlap
P54107	[167, 212]	Crisp
Q05586	[434, 452]	No_PFAM_overlap
Q13370	[57, 75]	No_PFAM_overlap
Q149N8	[1421, 1440]	RING-type zinc-finger
Q5MJ70	[0, 17]	No_PFAM_overlap
Q5T089	[346, 371]	No_PFAM_overlap
Q5T4S7	[1778, 1798]	No_PFAM_overlap
Q5T4S7	[3652, 3697]	No_PFAM_overlap
Q5T4S7	[3855, 3875]	No_PFAM_overlap
Q68CR7	[686, 706]	No_PFAM_overlap
Q6ZN08	[95, 216]	Zinc finger, C2H2 type
Q8IWV8	[1150, 1185]	No_PFAM_overlap
Q8IYX8	[284, 329]	Centrosome microtubule-binding domain of Cep57
Q8NDX6	[120, 191]	Zinc finger, C2H2 type
Q8TE56	[801, 1049]	ADAMTS C-terminal helical domain
Q8WVV4	[13, 41]	No_PFAM_overlap
Q8WVV4	[173, 197]	No_PFAM_overlap
Q96SZ4	[126, 151]	SCAN domain
Q96SZ4	[395, 447]	Zinc finger, C2H2 type
Q96SZ4	[513, 564]	Zinc finger, C2H2 type
Q9NWW7	[216, 243]	No_PFAM_overlap
Q9NWW7	[279, 304]	No_PFAM_overlap
Q9ULW2	[181, 206]	No_PFAM_overlap
Q9Y6M4	[421, 442]	No_PFAM_overlap
C9JVW0	[0, 15]	No_PFAM_overlap
O43497	[550, 570]	No_PFAM_overlap
O43497	[633, 679]	No_PFAM_overlap
O95863	[168, 222]	Zinc finger, C2H2 type
P0CG23	[476, 527]	Zinc finger, C2H2 type
P17039	[79, 165]	Zinc finger, C2H2 type
P17039	[195, 246]	Zinc finger, C2H2 type
P17039	[279, 330]	Zinc finger, C2H2 type
P21854	[215, 237]	No_PFAM_overlap
P51508	[235, 260]	No_PFAM_overlap
P51508	[349, 400]	Zinc finger, C2H2 type
P56199	[71, 87]	No_PFAM_overlap
P56199	[539, 567]	No_PFAM_overlap
P59046	[730, 754]	No_PFAM_overlap
P63133	[925, 955]	No_PFAM_overlap
Q3MJ16	[732, 749]	No_PFAM_overlap
Q685J3	[4124, 4169]	No_PFAM_overlap
Q685J3	[4338, 4383]	No_PFAM_overlap
Q6ZMW2	[127, 164]	No_PFAM_overlap
Q6ZMW2	[360, 436]	Zinc finger, C2H2 type
Q8TD23	[101, 144]	No_PFAM_overlap
Q8TD23	[163, 301]	Zinc finger, C2H2 type
Q96AQ9	[0, 26]	No_PFAM_overlap
Q9C0E4	[347, 371]	No_PFAM_overlap
Q9NQX1	[152, 334]	Zinc-finger of C2H2 type
Q9NQX1	[423, 476]	C2H2-type zinc finger
A0JP26	[0, 51]	No_PFAM_overlap
O43909	[166, 185]	No_PFAM_overlap
P07202	[133, 155]	Animal haem peroxidase
P07202	[710, 846]	Calcium-binding EGF domain
P10646	[81, 130]	Kunitz/Bovine pancreatic trypsin inhibitor domain
P29320	[219, 331]	Tyrosine-protein kinase ephrin type A/B receptor-like
P41587	[23, 47]	No_PFAM_overlap
Q6DHY5	[523, 545]	No_PFAM_overlap
Q6WCQ1	[0, 34]	No_PFAM_overlap
Q7L3V2	[40, 81]	No_PFAM_overlap
Q8ND94	[37, 82]	No_PFAM_overlap
Q8TDI0	[335, 471]	PHD-finger
Q8TE49	[867, 919]	A20-like zinc finger
Q96T92	[254, 311]	Zinc finger, C2H2 type
Q96T92	[461, 484]	No_PFAM_overlap
Q96T92	[516, 565]	No_PFAM_overlap
P25800	[12, 28]	LIM domain
Q13796	[463, 503]	No_PFAM_overlap
Q4V348	[14, 64]	No_PFAM_overlap
Q4V348	[166, 404]	Zinc finger, C2H2 type
Q4VC44	[680, 704]	No_PFAM_overlap
Q5JZY3	[229, 343]	Ephrin cysteine rich domain
Q6QN14	[34, 61]	No_PFAM_overlap
Q6ZNA1	[209, 260]	Zinc finger, C2H2 type
Q86T29	[133, 157]	No_PFAM_overlap
Q86T29	[187, 267]	Zinc finger, C2H2 type
Q86VW2	[0, 35]	No_PFAM_overlap
Q93075	[8, 37]	No_PFAM_overlap
Q96HE9	[129, 170]	PRR11 second helical domain
Q96T76	[538, 556]	RNAPII transcription regulator C-terminal
Q9NQV6	[167, 195]	No_PFAM_overlap
Q9NQV6	[638, 686]	Zinc finger, C2H2 type
Q9NQV6	[824, 848]	No_PFAM_overlap
Q9UBU2	[67, 249]	Dickkopf N-terminal cysteine-rich region
A6QL63	[26, 60]	No_PFAM_overlap
A6QL63	[290, 323]	No_PFAM_overlap
O95361	[66, 163]	B-box zinc finger
O95460	[211, 389]	Complement Clr-like EGF-like
O95786	[208, 236]	No_PFAM_overlap
P13385	[69, 129]	Cripto_Frl-1_Cryptic (CFC)
P13385	[144, 166]	Cripto_Frl-1_Cryptic (CFC)
P32320	[0, 21]	Cytidine and deoxycytidylate deaminase zinc-binding region
Q68DQ2	[367, 403]	No_PFAM_overlap
Q68DQ2	[952, 974]	No_PFAM_overlap
Q68DY1	[96, 271]	Zinc finger, C2H2 type
Q6NXE6	[0, 20]	No_PFAM_overlap
Q6NXE6	[462, 480]	No_PFAM_overlap
Q7Z7L9	[213, 264]	Zinc finger, C2H2 type
Q86UD4	[6, 49]	No_PFAM_overlap
Q86UD4	[194, 245]	Zinc finger, C2H2 type
Q8WV37	[222, 301]	Zinc finger, C2H2 type
Q8WV37	[362, 413]	Zinc-finger double domain
Q8WV37	[446, 497]	Zinc finger, C2H2 type
Q96ME7	[242, 258]	No_PFAM_overlap
Q9BY66	[1164, 1180]	No_PFAM_overlap
Q9H156	[333, 358]	No_PFAM_overlap
Q9UJH8	[160, 178]	No_PFAM_overlap
Q9UNY5	[294, 345]	Zinc finger, C2H2 type
A6NGD5	[0, 19]	No_PFAM_overlap
A6NGD5	[347, 398]	Zinc finger, C2H2 type
P17098	[248, 412]	Zinc finger, C2H2 type
P35442	[255, 279]	No_PFAM_overlap
P35442	[309, 862]	von Willebrand factor type C domain
P60411	[0, 291]	Keratin, high sulfur B2 protein
P63128	[537, 604]	GAG-polyprotein viral zinc-finger
Q02447	[589, 637]	Zinc finger, C2H2 type
Q4G0T1	[716, 731]	No_PFAM_overlap
Q4G0T1	[762, 804]	Scavenger receptor cysteine-rich domain
Q6GMV2	[342, 390]	SET domain
Q7Z5P9	[595, 653]	von Willebrand factor type D domain
Q7Z5P9	[665, 829]	von Willebrand factor type D domain
Q7Z5P9	[1075, 1282]	von Willebrand factor type D domain
Q7Z5P9	[1436, 1458]	No_PFAM_overlap
Q7Z5P9	[1609, 1644]	No_PFAM_overlap
Q7Z5P9	[8140, 8300]	No_PFAM_overlap
Q86UX6	[465, 485]	No_PFAM_overlap
Q8NCP5	[393, 441]	Zinc finger, C2H2 type
Q8NCP5	[478, 493]	Zinc finger, C2H2 type
Q96JM4	[707, 732]	No_PFAM_overlap
Q96L96	[753, 774]	No_PFAM_overlap
Q9NV72	[300, 462]	Zinc finger, C2H2 type
Q9NVP4	[182, 340]	Double zinc ribbon
Q9NXR8	[352, 415]	No_PFAM_overlap
Q9UBG7	[49, 74]	LAG1, DNA binding
Q9UK23	[295, 438]	Phosphodiester glycosidase
Q9ULE0	[935, 969]	No_PFAM_overlap
A0AAG2TUQ4	[0, 19]	No_PFAM_overlap
O43313	[121, 206]	ASCIZ forth C2H2 zinc finger domain
O60503	[35, 63]	No_PFAM_overlap
P0C7P1	[431, 480]	No_PFAM_overlap
P51523	[199, 249]	Zinc finger, C2H2 type
Q13422	[60, 87]	No_PFAM_overlap
Q13422	[108, 232]	Zinc finger, C2H2 type
Q13422	[481, 504]	No_PFAM_overlap
Q14432	[18, 53]	No_PFAM_overlap
Q14525	[2, 57]	Intermediate filament protein
Q14525	[352, 403]	Intermediate filament protein
Q5JT82	[274, 324]	Zinc finger, C2H2 type
Q6ZNG1	[153, 344]	Zinc finger, C2H2 type
Q7Z333	[1431, 1451]	No_PFAM_overlap
Q7Z333	[1540, 1574]	No_PFAM_overlap
Q8N393	[185, 205]	No_PFAM_overlap
Q8N393	[287, 325]	No_PFAM_overlap
Q8N393	[358, 581]	Zinc finger, C2H2 type
Q92667	[476, 529]	No_PFAM_overlap
Q9BZE0	[192, 212]	C2H2 zinc finger
Q9BZE0	[226, 279]	Zinc finger, C2H2 type
Q9NSI5	[229, 248]	No_PFAM_overlap
Q9NSI5	[270, 380]	No_PFAM_overlap
Q9NZ20	[427, 449]	Phospholipase A2
Q9UIE0	[159, 260]	Zinc finger, C2H2 type
Q9UIE0	[271, 341]	Zinc finger, C2H2 type
Q9UIE0	[355, 458]	Zinc finger, C2H2 type
A6NM62	[321, 365]	No_PFAM_overlap
A6NM62	[404, 434]	No_PFAM_overlap
A8MX34	[0, 340]	Keratin, high sulfur B2 protein
O14492	[307, 342]	No_PFAM_overlap
O60687	[63, 86]	Sushi repeat (SCR repeat)
P52737	[215, 322]	Zinc finger, C2H2 type
Q52M93	[177, 228]	Zinc finger, C2H2 type
Q52M93	[429, 482]	Zinc finger, C2H2 type
Q6NUJ5	[395, 427]	No_PFAM_overlap
Q7L5Y9	[298, 349]	CTLH/CRA C-terminal to LisH motif domain
Q8IX06	[400, 425]	ElonginA binding-protein 1
Q8IX06	[446, 476]	No_PFAM_overlap
Q8IXW0	[573, 633]	No_PFAM_overlap
Q8IZQ8	[568, 642]	No_PFAM_overlap
Q8N680	[354, 477]	Zinc finger, C2H2 type
Q8N865	[348, 368]	No_PFAM_overlap
Q96AY2	[155, 185]	No_PFAM_overlap
Q96MR9	[204, 247]	No_PFAM_overlap
Q96MR9	[339, 390]	Zinc finger, C2H2 type
Q96MR9	[510, 635]	C2H2-type zinc finger
Q96MR9	[647, 782]	C2H2-type zinc finger
Q96QU1	[1685, 1719]	No_PFAM_overlap
Q96QU1	[1816, 1857]	No_PFAM_overlap
Q96ST8	[761, 782]	No_PFAM_overlap
Q9BS34	[92, 111]	No_PFAM_overlap
Q9BS34	[123, 155]	Zinc finger, C2H2 type
Q9BS34	[188, 241]	Zinc finger, C2H2 type
Q9HBX8	[17, 52]	No_PFAM_overlap
Q9UDV7	[485, 616]	Zinc finger, C2H2 type
Q9Y3Q7	[378, 662]	Reprolysin (M12B) family zinc metalloprotease
O43790	[0, 33]	No_PFAM_overlap
O43790	[407, 485]	Intermediate filament protein
P56270	[270, 321]	Zinc finger, C2H2 type
Q2WGN9	[162, 182]	No_PFAM_overlap
Q2WGN9	[197, 217]	No_PFAM_overlap
Q6BEB4	[260, 312]	Zinc finger, C2H2 type
Q969S8	[379, 412]	No_PFAM_overlap
Q96IL0	[25, 71]	Cytochrome c oxidase assembly factor 8
Q96SF7	[375, 401]	No_PFAM_overlap
Q9GZP1	[0, 17]	No_PFAM_overlap
Q9UC07	[0, 18]	No_PFAM_overlap
Q9UC07	[153, 206]	Zinc finger, C2H2 type
Q9UC07	[234, 462]	Zinc finger, C2H2 type
Q9UHC1	[1009, 1046]	No_PFAM_overlap
Q9UHC1	[1426, 1452]	No_PFAM_overlap
Q9Y4C4	[426, 451]	No_PFAM_overlap
A6NHN0	[91, 111]	Collagen triple helix repeat (20 copies)
A8MWA4	[107, 242]	Zinc finger, C2H2 type
O95967	[25, 345]	Fibulin C-terminal Ig-like domain
O95970	[36, 60]	No_PFAM_overlap
P29323	[257, 330]	Fibronectin type III domain
P59923	[516, 546]	Zinc finger, C2H2 type
P59923	[588, 695]	Zinc finger, C2H2 type
P59923	[753, 804]	Zinc finger, C2H2 type
P59923	[831, 882]	Zinc finger, C2H2 type
P59923	[944, 1020]	Zinc finger, C2H2 type
Q2M1V0	[0, 29]	No_PFAM_overlap
Q5HYA8	[49, 166]	No_PFAM_overlap
Q8N9H8	[772, 798]	No_PFAM_overlap
Q8TA86	[97, 118]	No_PFAM_overlap
Q8WXH5	[176, 214]	No_PFAM_overlap
Q8WXI3	[231, 269]	Ankyrin repeats (3 copies)
Q99075	[119, 151]	No_PFAM_overlap
Q99814	[195, 213]	No_PFAM_overlap
Q9BRG2	[269, 297]	No_PFAM_overlap
Q9NUC0	[163, 190]	No_PFAM_overlap
Q9NUC0	[338, 355]	No_PFAM_overlap
Q9UPN9	[115, 197]	No_PFAM_overlap
Q9UPN9	[936, 961]	No_PFAM_overlap
A8MTY0	[273, 352]	Zinc finger, C2H2 type
E9PIF3	[343, 364]	No_PFAM_overlap
P14652	[234, 255]	No_PFAM_overlap
P53667	[7, 29]	LIM domain
Q02930	[7, 32]	No_PFAM_overlap
Q05215	[113, 134]	No_PFAM_overlap
Q05215	[162, 179]	No_PFAM_overlap
Q05215	[458, 527]	Zinc finger, C2H2 type
Q15776	[313, 364]	Zinc finger, C2H2 type
Q4FZB7	[313, 333]	No_PFAM_overlap
Q6IQ21	[137, 174]	Zinc finger, C2H2 type
Q6IQ21	[207, 230]	Zinc finger, C2H2 type
Q6IQ21	[300, 323]	No_PFAM_overlap
Q6IQ21	[452, 517]	Zinc finger, C2H2 type
Q6IQ21	[585, 628]	Zinc finger, C2H2 type
Q8N6F7	[23, 40]	No_PFAM_overlap
Q8WYH8	[178, 239]	No_PFAM_overlap
Q92974	[51, 95]	No_PFAM_overlap
Q96CS4	[140, 331]	Zinc finger, C2H2 type
Q9BXB1	[886, 908]	No_PFAM_overlap
Q9NR81	[484, 525]	No_PFAM_overlap
P10071	[471, 529]	C2H2 zinc finger
P10071	[1168, 1203]	No_PFAM_overlap
P10071	[1243, 1281]	No_PFAM_overlap
P11215	[95, 114]	No_PFAM_overlap
P36888	[463, 483]	No_PFAM_overlap
P48357	[1138, 1163]	No_PFAM_overlap
P55198	[0, 25]	PHD-finger
P55198	[44, 79]	PHD-zinc-finger like domain
Q14973	[333, 348]	No_PFAM_overlap
Q2T9J0	[6, 40]	No_PFAM_overlap
Q4VXU2	[490, 522]	No_PFAM_overlap
Q5JNZ3	[226, 291]	Zinc finger, C2H2 type
Q6UXD5	[693, 714]	Sushi repeat (SCR repeat)
Q86YT6	[769, 964]	Zinc finger, C3HC4 type (RING finger)
Q8NDH2	[1262, 1284]	No_PFAM_overlap
Q8NDH2	[1399, 1436]	No_PFAM_overlap
Q8NDH2	[6744, 6801]	No_PFAM_overlap
Q8NDH2	[6832, 6867]	No_PFAM_overlap
Q8NDP4	[110, 159]	No_PFAM_overlap
Q8NDP4	[175, 200]	No_PFAM_overlap
Q8NDP4	[224, 398]	Zinc finger, C2H2 type
Q8WTP8	[1, 23]	No_PFAM_overlap
Q8WTP8	[72, 119]	Exonuclease
Q9BRH9	[228, 281]	Zinc finger, C2H2 type
Q9BRH9	[585, 633]	Zinc finger, C2H2 type
Q9BZC7	[1631, 1654]	No_PFAM_overlap
Q9P2F9	[36, 146]	No_PFAM_overlap
Q9P2F9	[191, 275]	Zinc-finger double domain
Q9P2F9	[562, 581]	No_PFAM_overlap
Q9UBP4	[136, 279]	Dickkopf N-terminal cysteine-rich region
Q9UMF0	[414, 452]	No_PFAM_overlap
Q9UMF0	[495, 530]	No_PFAM_overlap
Q9UMF0	[585, 617]	No_PFAM_overlap
Q9UMF0	[662, 711]	No_PFAM_overlap
O00154	[14, 63]	No_PFAM_overlap
O94933	[362, 388]	No_PFAM_overlap
P14543	[379, 432]	G2F domain
P14543	[660, 928]	Thyroglobulin type-1 repeat
P14543	[1194, 1246]	Coagulation Factor Xa inhibitory site
P16415	[31, 145]	KRAB box
P16415	[211, 513]	C2H2-type zinc finger
P21580	[467, 636]	A20-like zinc finger
P21580	[705, 789]	A20-like zinc finger
Q14012	[338, 364]	No_PFAM_overlap
Q2KHT4	[269, 293]	No_PFAM_overlap
Q5T7W7	[424, 501]	Rhodanase C-terminal
Q8IZM8	[34, 52]	No_PFAM_overlap
Q8IZM8	[721, 745]	No_PFAM_overlap
Q8IZM8	[1079, 1124]	No_PFAM_overlap
Q8WUB8	[369, 497]	PHD-finger
Q96J02	[142, 190]	No_PFAM_overlap
Q96L34	[675, 702]	No_PFAM_overlap
Q9BZZ2	[642, 668]	No_PFAM_overlap
Q9BZZ2	[1688, 1708]	No_PFAM_overlap
Q9H336	[211, 250]	No_PFAM_overlap
Q9NST1	[407, 445]	No_PFAM_overlap
Q9UHL9	[0, 22]	No_PFAM_overlap
Q9UHL9	[293, 314]	No_PFAM_overlap
Q9UPQ0	[983, 1025]	LIM domain
Q9Y2A4	[54, 145]	No_PFAM_overlap
Q9Y2A4	[216, 267]	Zinc finger, C2H2 type
Q9Y2A4	[579, 664]	C2H2-type zinc finger
Q9Y2P0	[101, 236]	Zinc finger, C2H2 type
A6NNL0	[1, 68]	No_PFAM_overlap
A8MPS7	[283, 319]	YdjC-like protein
B9A6J9	[523, 545]	No_PFAM_overlap
O15063	[234, 253]	No_PFAM_overlap
O15063	[305, 343]	No_PFAM_overlap
O95718	[1, 21]	No_PFAM_overlap
O95718	[59, 93]	No_PFAM_overlap
P0C0L4	[1580, 1604]	No_PFAM_overlap
P49019	[360, 386]	No_PFAM_overlap
Q05209	[722, 745]	No_PFAM_overlap
Q15697	[317, 371]	Zinc finger, C2H2 type
Q49AA0	[290, 371]	Zinc finger, C2H2 type
Q63HK3	[754, 929]	Zinc finger, C2H2 type
Q63HK3	[939, 960]	No_PFAM_overlap
Q6KB66	[8, 43]	No_PFAM_overlap
Q7Z408	[2112, 2132]	Sushi repeat (SCR repeat)
Q7Z408	[2700, 2725]	Sushi repeat (SCR repeat)
Q7Z408	[2754, 2786]	Sushi repeat (SCR repeat)
Q7Z408	[3059, 3079]	Sushi repeat (SCR repeat)
Q9NUK0	[18, 76]	RNA-binding, Nab2-type zinc finger
Q9NUK0	[173, 238]	Zinc finger C-x8-C-x5-C-x3-H type (and similar)
O43296	[44, 75]	KRAB box
O43296	[147, 245]	Zinc finger, C2H2 type
O43296	[362, 378]	Zinc finger, C2H2 type
O43296	[437, 497]	Zinc finger, C2H2 type
O95450	[563, 730]	ADAM-TS Spacer 1
O95450	[859, 1037]	Thrombospondin type 1 domain
O95450	[1052, 1102]	No_PFAM_overlap
P07996	[307, 849]	von Willebrand factor type C domain
P36508	[156, 211]	Zinc finger, C2H2 type
P57071	[390, 413]	Zinc finger, C2H2 type
P57071	[681, 732]	Zinc finger, C2H2 type
P57071	[850, 873]	Zinc finger, C2H2 type
P63132	[928, 958]	No_PFAM_overlap
P98095	[23, 67]	No_PFAM_overlap
P98095	[88, 186]	Fibulin-2 domain
P98095	[434, 562]	Anaphylotoxin-like domain
P98095	[577, 646]	Coagulation Factor Xa inhibitory site
P98095	[658, 1081]	Complement Clr-like EGF-like
Q14392	[416, 438]	Leucine rich repeat
Q6ZRI0	[324, 520]	C8 domain
Q6ZRI0	[726, 990]	C8 domain
Q6ZRI0	[1138, 1164]	No_PFAM_overlap
Q6ZRI0	[2041, 2094]	No_PFAM_overlap
Q6ZRI0	[2289, 2317]	C8 domain
Q6ZRI0	[2373, 2765]	Otogelin-like Fn1-VW hybrid domain
Q6ZRI0	[2778, 2900]	No_PFAM_overlap
Q86XJ1	[196, 225]	Growth-Arrest-Specific Protein 2 Domain
Q8NFG4	[0, 30]	No_PFAM_overlap
Q8NFG4	[71, 94]	No_PFAM_overlap
Q8TDY8	[1176, 1219]	No_PFAM_overlap
Q8TF47	[245, 324]	Zinc finger, C2H2 type
Q8TF47	[441, 511]	Zinc finger, C2H2 type
Q8WWF5	[394, 416]	No_PFAM_overlap
Q96Q04	[661, 692]	No_PFAM_overlap
Q9BVR0	[80, 110]	No_PFAM_overlap
Q9BZV3	[1052, 1074]	No_PFAM_overlap
Q9NYD6	[30, 56]	No_PFAM_overlap
Q9NYD6	[88, 121]	No_PFAM_overlap
Q9NYT6	[186, 208]	No_PFAM_overlap
Q9NYT6	[243, 321]	Zinc finger, C2H2 type
Q9UKS7	[103, 227]	Zinc finger, C2H2 type
Q9UKS7	[489, 513]	No_PFAM_overlap
O15027	[664, 684]	No_PFAM_overlap
O15354	[560, 591]	No_PFAM_overlap
P55259	[37, 94]	Uromodulin-like, D8C domain
P55259	[171, 234]	ZP-N domain
P58397	[505, 611]	ADAMTS cysteine-rich domain 2
P58397	[837, 1005]	Thrombospondin type 1 domain
P58397	[1327, 1593]	Thrombospondin type 1 domain
Q6NUM6	[199, 219]	No_PFAM_overlap
Q6PJW8	[66, 101]	No_PFAM_overlap
Q8N184	[244, 324]	Zinc finger, C2H2 type
Q8NHG8	[150, 217]	Ring finger domain
Q96KV7	[1069, 1108]	No_PFAM_overlap
Q9ULT6	[268, 289]	No_PFAM_overlap
Q9ULT6	[316, 357]	Ring finger domain
Q9ULT6	[520, 632]	No_PFAM_overlap
Q9ULT6	[699, 723]	No_PFAM_overlap
Q9ULT6	[768, 855]	No_PFAM_overlap
Q9ULT6	[870, 901]	No_PFAM_overlap
O43829	[268, 319]	Zinc finger, C2H2 type
O76011	[0, 57]	Intermediate filament protein
O76011	[351, 393]	Intermediate filament protein
O95377	[217, 239]	No_PFAM_overlap
P00749	[18, 39]	No_PFAM_overlap
P00749	[144, 172]	Kringle domain
P01859	[72, 118]	Immunoglobulin C1-set domain
P0CB33	[107, 255]	Zinc finger, C2H2 type
P16109	[120, 349]	Lectin C-type domain
P16109	[430, 464]	Sushi repeat (SCR repeat)
P16109	[492, 667]	Sushi repeat (SCR repeat)
P50461	[0, 171]	LIM domain
Q02223	[123, 145]	No_PFAM_overlap
Q7Z419	[5, 49]	No_PFAM_overlap
Q7Z419	[61, 91]	No_PFAM_overlap
Q7Z419	[231, 249]	No_PFAM_overlap
Q7Z419	[286, 302]	No_PFAM_overlap
Q8N4T4	[0, 19]	No_PFAM_overlap
Q8NBP0	[62, 111]	No_PFAM_overlap
Q8NDY6	[190, 224]	No_PFAM_overlap
Q8TAX0	[194, 250]	Zinc finger, C2H2 type
Q96IR2	[234, 369]	Zinc finger, C2H2 type
Q96IR2	[626, 705]	Zinc-finger double domain
Q9BRN9	[57, 90]	No_PFAM_overlap
Q9BRN9	[130, 164]	No_PFAM_overlap
Q9UKP6	[343, 371]	No_PFAM_overlap
Q9UKZ9	[290, 310]	UNC-6/NTR/C345C module
Q9UPQ7	[46, 64]	Zinc finger, C3HC4 type (RING finger)
Q9UPQ7	[88, 171]	No_PFAM_overlap
P51172	[25, 99]	No_PFAM_overlap
P51172	[155, 182]	No_PFAM_overlap
Q13591	[516, 710]	Thrombospondin type 1 domain
Q13591	[788, 910]	Thrombospondin type 1 domain
Q14153	[293, 329]	Family of FAM53
Q14153	[358, 417]	No_PFAM_overlap
Q5EBN2	[175, 197]	No_PFAM_overlap
Q6ZVW7	[453, 472]	Interleukin-17 receptor extracellular region
Q8N3F8	[106, 134]	Calponin homology (CH) domain
Q8N972	[93, 154]	Zinc finger, C2H2 type
Q8TD17	[334, 415]	zinc-finger of a C2HC-type
Q8TF39	[381, 540]	Zinc finger, C2H2 type
Q96AP4	[0, 16]	No_PFAM_overlap
Q96AP4	[72, 104]	No_PFAM_overlap
Q96AP4	[145, 211]	No_PFAM_overlap
Q96IZ6	[122, 152]	No_PFAM_overlap
Q96PN7	[1004, 1029]	C2H2-type zinc finger
Q96RV3	[2030, 2057]	No_PFAM_overlap
Q9BXJ4	[19, 52]	No_PFAM_overlap
Q9P2G1	[269, 290]	No_PFAM_overlap
Q9P2G1	[333, 356]	No_PFAM_overlap
O95714	[1366, 1383]	No_PFAM_overlap
P51786	[153, 400]	Zinc finger, C2H2 type
P60880	[77, 99]	SNAP-25 family
Q02817	[196, 400]	Trypsin Inhibitor like cysteine rich domain
Q02817	[648, 857]	Von Willebrand factor-like domain
Q02817	[1016, 1047]	No_PFAM_overlap
Q02817	[1118, 1265]	Otogelin-like/Mucin TIL domain
Q02817	[4434, 4472]	No_PFAM_overlap
Q02817	[4511, 4590]	No_PFAM_overlap
Q02817	[4721, 4784]	von Willebrand factor type D domain
Q13639	[349, 381]	No_PFAM_overlap
Q5K4E3	[478, 504]	No_PFAM_overlap
Q6ZN18	[252, 280]	No_PFAM_overlap
Q6ZN18	[319, 344]	No_PFAM_overlap
Q7Z4N2	[0, 18]	No_PFAM_overlap
Q8IVP9	[45, 101]	KRAB box
Q8IVP9	[147, 244]	Zinc finger, C2H2 type
Q8IVP9	[259, 310]	Zinc finger, C2H2 type
Q8IVP9	[343, 392]	Zinc finger, C2H2 type
Q8N4L4	[6, 24]	Spermatid maturation protein 1
Q92576	[175, 285]	No_PFAM_overlap
Q92576	[339, 382]	No_PFAM_overlap
Q92576	[1691, 1718]	No_PFAM_overlap
Q9BQ16	[79, 163]	Kazal-type serine protease inhibitor domain
Q9H0B8	[205, 243]	No_PFAM_overlap
Q9H4E5	[0, 26]	Ras family
Q9H4E5	[197, 213]	No_PFAM_overlap
Q9NXT0	[53, 111]	KRAB box
Q9NXT0	[141, 192]	Zinc finger, C2H2 type
Q9ULI1	[1712, 1737]	No_PFAM_overlap
Q9Y253	[549, 587]	No_PFAM_overlap
A6NP11	[107, 280]	Zinc finger, C2H2 type
P35354	[17, 37]	No_PFAM_overlap
Q04741	[0, 15]	No_PFAM_overlap
Q12829	[259, 277]	No_PFAM_overlap
Q14533	[0, 33]	Keratin type II head
Q14533	[407, 504]	Intermediate filament protein
Q14CM0	[1211, 1249]	No_PFAM_overlap
Q8IVW8	[0, 15]	No_PFAM_overlap
Q8IVW8	[28, 49]	No_PFAM_overlap
Q8IWY4	[18, 506]	Complement Clr-like EGF-like
Q8IWY4	[554, 578]	No_PFAM_overlap
Q8IWY4	[606, 807]	Tyrosine-protein kinase ephrin type A/B receptor-like
Q8N4L8	[241, 269]	No_PFAM_overlap
Q96GY0	[289, 314]	No_PFAM_overlap
Q96M89	[136, 169]	No_PFAM_overlap
Q9HC77	[495, 523]	No_PFAM_overlap
Q9HDB9	[534, 604]	Zinc knuckle
Q9UBW7	[320, 507]	MYM-type Zinc finger with FCS sequence motif
O14960	[23, 59]	Peptidase family M23
O15270	[0, 27]	No_PFAM_overlap
P58549	[52, 75]	ATP1G1/PLM/MAT8 family
P98182	[246, 294]	Zinc finger, C2H2 type
Q86U44	[265, 305]	No_PFAM_overlap
Q8N2C7	[1324, 1343]	No_PFAM_overlap
Q92886	[0, 17]	No_PFAM_overlap
Q96QS1	[230, 270]	No_PFAM_overlap
Q96QS1	[289, 319]	No_PFAM_overlap
Q9BUG6	[347, 454]	Zinc finger, C2H2 type
Q9NTX7	[0, 44]	Zinc finger, C3HC4 type (RING finger)
Q9P0K1	[432, 596]	Reprolysin (M12B) family zinc metalloprotease
Q9P0K1	[624, 668]	ADAM cysteine-rich
B3KNS4	[0, 21]	No_PFAM_overlap
D6R901	[34, 61]	No_PFAM_overlap
O00144	[185, 210]	No_PFAM_overlap
O00144	[552, 576]	No_PFAM_overlap
O15197	[251, 375]	Ephrin cysteine rich domain
O15197	[396, 436]	No_PFAM_overlap
O75443	[496, 511]	No_PFAM_overlap
O75443	[940, 1047]	Trypsin Inhibitor like cysteine rich domain
O75443	[1062, 1090]	No_PFAM_overlap
O75443	[1273, 1292]	No_PFAM_overlap
O75443	[1753, 1809]	C8 domain
O75443	[2046, 2065]	ZP-C domain
O75443	[2077, 2125]	No_PFAM_overlap
O95197	[31, 51]	No_PFAM_overlap
O95202	[1, 74]	No_PFAM_overlap
O95985	[684, 783]	No_PFAM_overlap
P0DPA2	[313, 341]	No_PFAM_overlap
P0DPA2	[354, 413]	No_PFAM_overlap
P51685	[325, 345]	No_PFAM_overlap
Q03405	[87, 310]	u-PAR/Ly-6 domain
Q499Z3	[391, 406]	No_PFAM_overlap
Q5JPF3	[1198, 1223]	No_PFAM_overlap
Q68DK2	[384, 403]	No_PFAM_overlap
Q68DK2	[511, 533]	No_PFAM_overlap
Q68DK2	[1231, 1247]	No_PFAM_overlap
Q86UC2	[26, 96]	No_PFAM_overlap
Q86V35	[163, 181]	No_PFAM_overlap
Q8IW36	[140, 327]	Zinc finger, C2H2 type
Q8IW36	[455, 514]	Zinc finger, C2H2 type
Q9BSG1	[164, 215]	Zinc finger, C2H2 type
Q9H3Y0	[217, 240]	No_PFAM_overlap
Q9HAZ1	[38, 63]	No_PFAM_overlap
Q9Y2M0	[27, 73]	No_PFAM_overlap
Q9Y2M0	[277, 310]	No_PFAM_overlap
A0AAG2SVG9	[0, 49]	No_PFAM_overlap
O60522	[1925, 1979]	No_PFAM_overlap
P31391	[356, 375]	No_PFAM_overlap
P52747	[228, 283]	Zinc finger, C2H2 type
P61225	[166, 182]	No_PFAM_overlap
Q1MX18	[19, 39]	No_PFAM_overlap
Q92782	[80, 150]	DPF1-3, N-terminal
Q92782	[186, 209]	No_PFAM_overlap
Q92782	[260, 372]	PHD-finger
Q9UKQ2	[397, 657]	Reprolysin (M12B) family zinc metalloprotease
Q9UMN6	[1193, 1210]	No_PFAM_overlap
Q9UMN6	[1222, 1370]	PHD-finger
Q9UMN6	[1426, 1456]	No_PFAM_overlap
Q9UMN6	[1570, 1588]	No_PFAM_overlap
Q9UMN6	[2698, 2714]	No_PFAM_overlap
A0A140TA62	[42, 99]	Intermediate filament protein
A0A140TA62	[393, 435]	Intermediate filament protein
P17735	[435, 453]	No_PFAM_overlap
P21359	[662, 682]	No_PFAM_overlap
P35590	[213, 353]	No_PFAM_overlap
P49711	[257, 336]	Zinc finger, C2H2 type
P49711	[486, 579]	Zinc finger, C2H2 type
Q07011	[16, 174]	TNFR/NGFR cysteine-rich region
Q07011	[230, 254]	No_PFAM_overlap
Q08629	[75, 205]	Secreted protein acidic and rich in cysteine Ca binding region
Q08629	[301, 322]	Secreted protein acidic and rich in cysteine Ca binding region
Q14191	[1362, 1383]	No_PFAM_overlap
Q2VPK5	[492, 512]	No_PFAM_overlap
Q49AM3	[10, 38]	No_PFAM_overlap
Q8TDD2	[259, 310]	Zinc finger, C2H2 type
Q96RE9	[258, 311]	Zinc finger, C2H2 type
Q96SD1	[425, 453]	No_PFAM_overlap
Q9P243	[3, 26]	No_PFAM_overlap
Q9P243	[107, 131]	No_PFAM_overlap
Q9P243	[780, 813]	No_PFAM_overlap
Q9P243	[928, 980]	Zinc finger, C2H2 type
Q9UEG4	[141, 223]	Zinc finger, C2H2 type
Q9UEG4	[560, 583]	No_PFAM_overlap
Q9UEG4	[759, 782]	No_PFAM_overlap
Q9UEG4	[833, 868]	No_PFAM_overlap
Q9Y2K1	[113, 133]	BTB/POZ domain
Q9Y2K1	[415, 479]	No_PFAM_overlap
Q9Y2K1	[521, 587]	No_PFAM_overlap
Q9Y2K1	[597, 648]	No_PFAM_overlap
A1YPR0	[355, 406]	Zinc finger, C2H2 type
P51504	[12, 91]	Zinc finger, C2H2 type
P51504	[178, 197]	Zinc finger, C2H2 type
P51504	[236, 256]	Zinc finger, C2H2 type
P53801	[33, 59]	No_PFAM_overlap
P53801	[115, 130]	No_PFAM_overlap
Q13651	[441, 475]	No_PFAM_overlap
Q15262	[1187, 1208]	Protein-tyrosine phosphatase
Q16665	[197, 233]	No_PFAM_overlap
Q63ZY6	[264, 284]	No_PFAM_overlap
Q8NCK3	[149, 200]	Zinc finger, C2H2 type
Q96AG4	[125, 149]	No_PFAM_overlap
Q96H86	[152, 217]	Zinc finger, C2H2 type
Q96MC5	[184, 203]	No_PFAM_overlap
Q9BWM5	[193, 396]	Zinc finger, C2H2 type
Q9NQ38	[80, 270]	Kazal-type serine protease inhibitor domain
Q9NQ38	[356, 412]	No_PFAM_overlap
Q9NQ38	[426, 541]	Kazal-type serine protease inhibitor domain
Q9NQ38	[556, 677]	Kazal-type serine protease inhibitor domain
Q9NQ38	[838, 894]	No_PFAM_overlap
O14490	[5, 29]	No_PFAM_overlap
O14490	[248, 268]	No_PFAM_overlap
O60671	[265, 281]	No_PFAM_overlap
O76009	[0, 57]	Intermediate filament protein
O76009	[352, 403]	Intermediate filament protein
P10826	[0, 17]	No_PFAM_overlap
P10826	[39, 62]	No_PFAM_overlap
P22792	[470, 494]	No_PFAM_overlap
P26842	[17, 151]	TNFR/NGFR cysteine-rich region
P26842	[221, 245]	No_PFAM_overlap
P43489	[0, 170]	TNFR/NGFR cysteine-rich region
Q13029	[351, 404]	Zinc finger, C2H2 type
Q13029	[846, 895]	No_PFAM_overlap
Q13029	[1201, 1228]	No_PFAM_overlap
Q13106	[124, 175]	Zinc finger, C2H2 type
Q15375	[223, 337]	Tyrosine-protein kinase ephrin type A/B receptor-like
Q53EL9	[759, 780]	Sushi repeat (SCR repeat)
Q6UXV0	[17, 66]	No_PFAM_overlap
Q86W28	[1031, 1047]	No_PFAM_overlap
Q8IXT2	[1, 21]	No_PFAM_overlap
Q8WWZ3	[46, 73]	No_PFAM_overlap
Q8WWZ3	[85, 114]	No_PFAM_overlap
Q9P2V4	[23, 38]	No_PFAM_overlap
Q9UK53	[345, 408]	No_PFAM_overlap
Q9UPG8	[29, 84]	Zinc finger, C2H2 type
Q9UPG8	[182, 205]	No_PFAM_overlap
Q9Y228	[24, 51]	No_PFAM_overlap
B4DH59	[26, 257]	Human growth factor-like EGF
O15047	[1690, 1706]	No_PFAM_overlap
O75581	[275, 294]	Coagulation Factor Xa inhibitory site
O75581	[1196, 1369]	Coagulation Factor Xa inhibitory site
P00740	[53, 187]	EGF-like domain
P16473	[18, 40]	No_PFAM_overlap
P49798	[23, 51]	No_PFAM_overlap
P49798	[179, 204]	No_PFAM_overlap
Q15935	[97, 201]	No_PFAM_overlap
Q52LR7	[394, 455]	No_PFAM_overlap
Q8IZJ3	[1663, 1686]	No_PFAM_overlap
Q8IZJ3	[1699, 1765]	Kazal-type serine protease inhibitor domain
Q96A83	[113, 142]	EMI domain
Q96NA8	[18, 65]	No_PFAM_overlap
Q96Q42	[218, 266]	No_PFAM_overlap
Q9C0F3	[129, 180]	Zinc finger, C2H2 type
Q9GZW5	[168, 189]	No_PFAM_overlap
Q9NZU5	[17, 67]	No_PFAM_overlap
Q9NZU5	[232, 255]	No_PFAM_overlap
Q9NZU5	[296, 316]	LIM domain
Q9UGM5	[142, 163]	Cystatin domain
O14594	[1001, 1096]	EGF-like domain
O14921	[3, 18]	No_PFAM_overlap
O43353	[369, 423]	No_PFAM_overlap
P07358	[492, 590]	Complement components C8A/B/C6, EGF-like domain
P49767	[198, 418]	CXCXC repeat
P51522	[420, 473]	Zinc finger, C2H2 type
P56915	[93, 122]	No_PFAM_overlap
P58166	[229, 252]	Transforming growth factor beta like domain
P78357	[946, 969]	No_PFAM_overlap
Q16478	[922, 945]	No_PFAM_overlap
Q2VY69	[166, 497]	Zinc finger, C2H2 type
Q6S545	[17, 126]	No_PFAM_overlap
Q6UWL2	[24, 190]	Calcium-binding EGF domain
Q6ZN79	[107, 134]	No_PFAM_overlap
Q6ZN79	[162, 267]	Zinc finger, C2H2 type
Q8TEW8	[597, 626]	No_PFAM_overlap
Q96LK8	[0, 20]	No_PFAM_overlap
Q9H116	[308, 391]	Zinc finger, C2H2 type
A6BM72	[72, 831]	Platelet endothelial aggregation receptor 1-like, EGF domain
F8WFD2	[323, 345]	No_PFAM_overlap
O00237	[560, 597]	No_PFAM_overlap
O00237	[658, 684]	Ring finger domain
O43593	[104, 128]	No_PFAM_overlap
O43593	[253, 291]	No_PFAM_overlap
O43593	[315, 353]	No_PFAM_overlap
O43593	[382, 406]	No_PFAM_overlap
O43593	[477, 521]	No_PFAM_overlap
O43593	[588, 666]	No_PFAM_overlap
O43593	[679, 701]	No_PFAM_overlap
O43593	[747, 768]	No_PFAM_overlap
O75339	[108, 230]	Mucin-2 protein WxxW repeating region
Q14134	[162, 196]	No_PFAM_overlap
Q2M3R5	[34, 64]	No_PFAM_overlap
Q5SXH7	[416, 437]	No_PFAM_overlap
Q8NCA9	[92, 143]	No_PFAM_overlap
Q8NCA9	[187, 238]	Zinc finger, C2H2 type
Q8TED9	[349, 378]	No_PFAM_overlap
Q96G46	[113, 186]	DUS3L CCCH zinc finger domain
Q96G46	[279, 297]	No_PFAM_overlap
Q96PC2	[167, 193]	No_PFAM_overlap
Q99835	[53, 80]	Fz domain
Q9H898	[44, 86]	Zinc-finger of C2H2 type
Q9UKP4	[822, 1003]	Thrombospondin type 1 domain
Q9UKP4	[1412, 1685]	Thrombospondin type 1 domain
Q9ULI4	[0, 18]	No_PFAM_overlap
Q9Y6C2	[571, 611]	No_PFAM_overlap
E9PKD4	[325, 345]	No_PFAM_overlap
Q05996	[622, 643]	ZP-C domain
Q14990	[125, 249]	Hsp20/alpha crystallin family
Q1ZYL8	[213, 231]	No_PFAM_overlap
Q4G1C9	[199, 224]	No_PFAM_overlap
Q56NI9	[17, 58]	No_PFAM_overlap
Q7Z4H8	[485, 506]	Glycosyl transferase family 90
Q8N4Y2	[344, 392]	No_PFAM_overlap
Q8N7K0	[133, 186]	Zinc finger, C2H2 type
Q8N7K0	[217, 410]	Zinc-finger double domain
Q8N9Z0	[223, 274]	Zinc-finger double domain
Q8NFW1	[424, 445]	No_PFAM_overlap
Q8NFW1	[465, 487]	No_PFAM_overlap
Q8NFW1	[1005, 1025]	No_PFAM_overlap
Q8TBZ5	[50, 85]	No_PFAM_overlap
Q8TBZ5	[134, 197]	Zinc finger, C2H2 type
Q96MI6	[80, 98]	No_PFAM_overlap
Q96MI6	[157, 177]	No_PFAM_overlap
Q96S65	[17, 42]	No_PFAM_overlap
Q99650	[847, 864]	No_PFAM_overlap
Q9BSK1	[107, 201]	Zinc finger, C2H2 type
Q9NRG4	[254, 276]	No_PFAM_overlap
Q9NY57	[334, 355]	No_PFAM_overlap
Q9NY57	[388, 413]	No_PFAM_overlap
Q9P218	[1034, 1071]	Collagen triple helix repeat (20 copies)
Q9Y2G9	[1227, 1255]	No_PFAM_overlap
Q9Y620	[218, 260]	No_PFAM_overlap
Q9Y620	[598, 615]	No_PFAM_overlap
Q9Y620	[822, 838]	No_PFAM_overlap
A0AAG2TWJ7	[0, 19]	No_PFAM_overlap
O76014	[0, 101]	No_PFAM_overlap
O76014	[402, 441]	Intermediate filament protein
P60331	[0, 281]	Keratin, high sulfur B2 protein
Q3KNS6	[203, 366]	Zinc finger, C2H2 type
Q5H9K5	[0, 28]	No_PFAM_overlap
Q5T6C5	[61, 108]	No_PFAM_overlap
Q5T6C5	[402, 420]	No_PFAM_overlap
Q5T6C5	[509, 534]	No_PFAM_overlap
Q5T6C5	[574, 607]	No_PFAM_overlap
Q5T6C5	[651, 721]	No_PFAM_overlap
Q68BL7	[36, 107]	No_PFAM_overlap
Q8NCE0	[181, 232]	No_PFAM_overlap
Q8TB69	[95, 110]	No_PFAM_overlap
Q8TB69	[228, 252]	No_PFAM_overlap
Q8TB69	[283, 336]	Zinc finger, C2H2 type
Q96GF1	[28, 48]	Zinc finger, C3HC4 type (RING finger)
Q9BYV9	[138, 158]	No_PFAM_overlap
Q9BYV9	[489, 559]	No_PFAM_overlap
Q9BYV9	[652, 799]	bZIP Maf transcription factor
Q9BYV9	[812, 839]	No_PFAM_overlap
Q9H4T2	[227, 278]	Zinc finger, C2H2 type
A6NHQ4	[0, 55]	No_PFAM_overlap
O75882	[90, 141]	CUB domain
O75882	[650, 788]	No_PFAM_overlap
O75882	[888, 958]	Plexin repeat
O75882	[973, 1151]	Plexin repeat
P03952	[364, 392]	PAN domain
P54762	[242, 328]	Fibronectin type III domain
Q06889	[296, 347]	Zinc finger, C2H2 type
Q3ZCT1	[16, 122]	Zinc finger, C2H2 type
Q5HY98	[206, 257]	Zinc finger, C2H2 type
Q5VVP1	[1209, 1250]	No_PFAM_overlap
Q5VVP1	[1322, 1341]	No_PFAM_overlap
Q6WBX8	[399, 414]	No_PFAM_overlap
Q6ZNG0	[201, 228]	Zinc finger, C2H2 type
Q6ZNG0	[243, 294]	Zinc finger, C2H2 type
Q6ZNG0	[317, 378]	Zinc-finger double domain
Q6ZVH7	[657, 696]	No_PFAM_overlap
Q8N7R1	[108, 128]	No_PFAM_overlap
Q8NB46	[473, 499]	Ankyrin repeats (3 copies)
Q8NB46	[1044, 1074]	No_PFAM_overlap
Q9BT49	[112, 132]	No_PFAM_overlap
Q9NW07	[142, 193]	Zinc finger, C2H2 type
Q9Y5W5	[166, 377]	WIF domain
O15393	[55, 83]	No_PFAM_overlap
O15393	[111, 149]	No_PFAM_overlap
O43918	[385, 484]	No_PFAM_overlap
O75712	[218, 269]	No_PFAM_overlap
P08476	[303, 318]	No_PFAM_overlap
P32926	[565, 604]	No_PFAM_overlap
P32926	[794, 836]	No_PFAM_overlap
P32926	[979, 998]	No_PFAM_overlap
P35670	[351, 369]	Heavy-metal-associated domain
P49619	[302, 361]	Phorbol esters/diacylglycerol binding domain (C1 domain)
P78332	[543, 568]	No_PFAM_overlap
Q00987	[351, 383]	No_PFAM_overlap
Q08ER8	[153, 241]	Zinc finger, C2H2 type
Q08ER8	[330, 383]	Zinc finger, C2H2 type
Q499Z4	[0, 325]	Zinc finger, C2H2 type
Q5TEC3	[252, 298]	Zinc finger, C2H2 type
Q5TEC3	[343, 423]	Zinc finger, C2H2 type
Q6PF04	[195, 246]	Zinc finger, C2H2 type
Q8N2S1	[42, 96]	No_PFAM_overlap
Q8N2S1	[142, 189]	No_PFAM_overlap
Q8N2S1	[278, 481]	Calcium-binding EGF domain
Q8N2S1	[538, 1150]	Human growth factor-like EGF
Q8N2S1	[1172, 1411]	Calcium-binding EGF domain
Q8N2S1	[1526, 1623]	Calcium-binding EGF domain
Q96CX3	[13, 270]	Zinc finger, C2H2 type
Q96PR1	[67, 94]	No_PFAM_overlap
Q96PR1	[498, 534]	No_PFAM_overlap
Q96PR1	[564, 594]	No_PFAM_overlap
Q9BRB3	[632, 677]	No_PFAM_overlap
Q9BUK6	[392, 452]	No_PFAM_overlap
Q9BUK6	[472, 494]	No_PFAM_overlap
Q9NR12	[271, 289]	LIM domain
Q9NWN3	[163, 196]	No_PFAM_overlap
Q9NWN3	[621, 642]	No_PFAM_overlap
Q9NWS9	[323, 346]	No_PFAM_overlap
Q9NWS9	[386, 437]	Zinc finger, C2H2 type
Q9NYW8	[154, 187]	No_PFAM_overlap
Q9NYW8	[252, 436]	Zinc finger, C2H2 type
Q9NYW8	[448, 499]	Zinc finger, C2H2 type
Q9NYW8	[614, 665]	Zinc finger, C2H2 type
Q9P265	[930, 947]	No_PFAM_overlap
Q9UJW8	[344, 395]	Zinc finger, C2H2 type
Q9UPY3	[737, 761]	Dicer, platform domain
P17035	[170, 191]	No_PFAM_overlap
P17035	[206, 313]	Zinc finger, C2H2 type
P17035	[337, 419]	Zinc finger, C2H2 type
P25054	[1243, 1289]	Unstructured region on APC between 1st two creatine-rich regions
P56645	[515, 536]	No_PFAM_overlap
P56645	[553, 569]	No_PFAM_overlap
P56645	[1168, 1200]	Period circadian-like, C-terminal
P84550	[939, 964]	No_PFAM_overlap
Q5SXM1	[72, 96]	No_PFAM_overlap
Q5SXM1	[116, 189]	Zinc finger, C2H2 type
Q5SXM1	[200, 447]	Zinc-finger double domain
Q8IVC4	[135, 159]	Zinc finger, C2H2 type
Q8IVC4	[205, 256]	Zinc finger, C2H2 type
Q8IVC4	[317, 369]	Zinc finger, C2H2 type
Q8IXM7	[70, 96]	Sperm-tail PG-rich repeat
Q8WW33	[6, 109]	U11-48K-like CHHC zinc finger
Q8WWQ8	[18, 357]	EGF domain
Q8WWQ8	[656, 676]	No_PFAM_overlap
Q8WWQ8	[706, 982]	EGF domain
Q8WWQ8	[1262, 1302]	Fasciclin domain
Q8WWQ8	[1322, 1604]	EGF domain
Q8WWQ8	[1890, 2196]	EGF domain
Q96AW1	[140, 167]	No_PFAM_overlap
Q96N22	[95, 139]	No_PFAM_overlap
Q96N22	[217, 242]	Zinc finger, C2H2 type
Q96N22	[329, 380]	Zinc finger, C2H2 type
Q99698	[486, 508]	No_PFAM_overlap
A0A0J9YY54	[672, 713]	Putative testis-expressed protein 13C, zinc finger domain
B7ZLF3	[28, 82]	Zinc finger, C2H2 type
O95980	[28, 58]	No_PFAM_overlap
O95980	[109, 310]	RECK-like, CC4 domain
O95980	[543, 772]	RECK-like, EGF-like 1 domain
P01854	[433, 486]	No_PFAM_overlap
P0CG36	[79, 131]	Cripto_Frl-1_Cryptic (CFC)
P0CG36	[188, 222]	No_PFAM_overlap
P0DPD5	[108, 145]	No_PFAM_overlap
P0DPD5	[164, 383]	Zinc finger, C2H2 type
P14151	[117, 269]	EGF-like domain
P22749	[32, 54]	No_PFAM_overlap
P60368	[0, 254]	Keratin, high sulfur B2 protein
Q5VYS8	[1336, 1369]	Unstructured region 4 on terminal uridylyltransferase 7
Q6DJT9	[25, 78]	C2H2-type zinc finger
Q6DJT9	[176, 227]	Zinc finger, C2H2 type
Q8N3A8	[311, 341]	No_PFAM_overlap
Q8N3A8	[356, 404]	No_PFAM_overlap
Q8N9L1	[162, 180]	Zic proteins zinc finger domain
Q8N9L1	[195, 250]	Zinc finger, C2H2 type
Q8TBB1	[3, 31]	No_PFAM_overlap
Q8TBB1	[74, 89]	Zinc finger, C3HC4 type (RING finger)
Q8TBB1	[102, 161]	No_PFAM_overlap
Q96CC6	[490, 527]	No_PFAM_overlap
Q96CC6	[537, 609]	No_PFAM_overlap
Q9NTI2	[458, 491]	No_PFAM_overlap
Q9NZJ4	[1739, 1759]	No_PFAM_overlap
C9JLJ4	[34, 61]	No_PFAM_overlap
P48745	[26, 350]	von Willebrand factor type C domain
P52738	[152, 203]	Zinc finger, C2H2 type
Q13705	[17, 60]	Activin types I and II receptor domain
Q14678	[529, 560]	No_PFAM_overlap
Q14678	[578, 609]	No_PFAM_overlap
Q14678	[619, 654]	No_PFAM_overlap
Q14678	[684, 708]	No_PFAM_overlap
Q5HYM0	[356, 382]	No_PFAM_overlap
Q68DA7	[772, 813]	No_PFAM_overlap
Q7RTU7	[126, 148]	Helix-loop-helix DNA-binding domain
Q7RTU7	[171, 191]	No_PFAM_overlap
Q8TCU6	[952, 969]	No_PFAM_overlap
Q9C073	[59, 87]	Protein Family FAM117
Q9H1K6	[320, 346]	No_PFAM_overlap
Q9H3Z4	[125, 147]	No_PFAM_overlap
Q9Y4F3	[90, 114]	No_PFAM_overlap
Q9Y4F3	[169, 258]	No_PFAM_overlap
Q9Y4F3	[297, 320]	No_PFAM_overlap
A8MXY4	[241, 299]	Zinc finger, C2H2 type
A8MXY4	[388, 439]	Zinc finger, C2H2 type
M0QZD8	[3171, 3204]	No_PFAM_overlap
M0QZD8	[3225, 3244]	No_PFAM_overlap
O43692	[227, 242]	No_PFAM_overlap
P22413	[92, 212]	Somatomedin B domain
P22413	[603, 632]	No_PFAM_overlap
Q5T5D7	[178, 229]	Zinc finger, C2H2 type
Q6MZP7	[514, 638]	Tesmin/TSO1-like CXC domain, cysteine-rich domain
Q6MZP7	[694, 709]	No_PFAM_overlap
Q6MZP7	[731, 748]	No_PFAM_overlap
Q7Z5J4	[817, 854]	No_PFAM_overlap
Q7Z5J4	[1673, 1754]	No_PFAM_overlap
Q7Z5J4	[1769, 1827]	PHD-like zinc-binding domain
Q86WI3	[664, 690]	No_PFAM_overlap
Q86WI3	[1110, 1134]	No_PFAM_overlap
Q86WI3	[1207, 1225]	No_PFAM_overlap
Q8NGA4	[0, 33]	No_PFAM_overlap
Q96FC9	[843, 902]	No_PFAM_overlap
Q96FC9	[923, 961]	No_PFAM_overlap
Q96MD7	[123, 145]	No_PFAM_overlap
Q9BUY5	[135, 187]	No_PFAM_overlap
Q9BUY5	[299, 350]	Zinc-finger double domain
Q9C000	[882, 906]	Leucine Rich repeat
Q9H4Q3	[592, 644]	Zinc finger, C2H2 type
Q9H5U6	[87, 105]	No_PFAM_overlap
Q9H5U6	[380, 470]	No_PFAM_overlap
Q9NYA4	[756, 781]	No_PFAM_overlap
Q9NYA4	[796, 825]	No_PFAM_overlap
Q9NYA4	[921, 981]	No_PFAM_overlap
Q9NYA4	[1044, 1101]	No_PFAM_overlap
A1KZ92	[707, 731]	Animal haem peroxidase
E7ERA6	[40, 168]	zinc-RING finger domain
E7ERA6	[219, 236]	No_PFAM_overlap
O94907	[74, 265]	Dickkopf N-terminal cysteine-rich region
O94986	[1156, 1202]	No_PFAM_overlap
O94986	[1228, 1270]	CEP152, CEP63 binding coiled coil
O94986	[1380, 1426]	No_PFAM_overlap
O94986	[1439, 1476]	No_PFAM_overlap
P0DJD4	[431, 480]	No_PFAM_overlap
P10828	[9, 45]	No_PFAM_overlap
P13284	[217, 249]	No_PFAM_overlap
P22001	[72, 110]	BTB/POZ domain
P22001	[545, 571]	No_PFAM_overlap
P43250	[550, 574]	No_PFAM_overlap
Q6ZMM2	[352, 372]	No_PFAM_overlap
Q6ZNL6	[323, 371]	No_PFAM_overlap
Q6ZNL6	[383, 406]	No_PFAM_overlap
Q6ZP65	[11, 31]	No_PFAM_overlap
Q8IW70	[536, 565]	No_PFAM_overlap
Q8TD20	[590, 614]	No_PFAM_overlap
Q92670	[311, 327]	Zinc finger, C2H2 type
Q96JM2	[234, 263]	No_PFAM_overlap
Q96JM2	[461, 500]	No_PFAM_overlap
Q96JM2	[1226, 1266]	Zinc finger protein 462, seventh C2H2 zinc finger
Q96JM2	[1688, 1704]	No_PFAM_overlap
Q96JM2	[1883, 1906]	No_PFAM_overlap
Q96JM2	[2045, 2062]	No_PFAM_overlap
Q96JM2	[2245, 2261]	No_PFAM_overlap
Q96JM2	[2301, 2342]	No_PFAM_overlap
Q96MY7	[114, 137]	No_PFAM_overlap
Q9BSK4	[261, 298]	No_PFAM_overlap
Q9C0A0	[539, 596]	No_PFAM_overlap
Q9C0A0	[711, 743]	No_PFAM_overlap
Q9C0A0	[947, 979]	No_PFAM_overlap
Q9NQ86	[104, 127]	No_PFAM_overlap
Q9UBR4	[9, 30]	No_PFAM_overlap
A4QPH2	[281, 306]	No_PFAM_overlap
O43364	[286, 314]	No_PFAM_overlap
O75074	[155, 259]	CUB domain
O75074	[357, 494]	CUB domain
P14138	[148, 182]	No_PFAM_overlap
P14138	[217, 237]	No_PFAM_overlap
Q12849	[12, 27]	No_PFAM_overlap
Q16600	[127, 279]	Zinc finger, C2H2 type
Q2KHR2	[585, 611]	No_PFAM_overlap
Q2TAK8	[149, 175]	No_PFAM_overlap
Q6PGQ7	[476, 558]	No_PFAM_overlap
Q6U7Q0	[0, 24]	No_PFAM_overlap
Q6U7Q0	[52, 103]	Zinc finger, C2H2 type
Q6U7Q0	[134, 256]	Zinc finger, C2H2 type
Q8IUD6	[90, 112]	No_PFAM_overlap
Q8IUQ4	[0, 37]	No_PFAM_overlap
Q9BXJ1	[62, 85]	No_PFAM_overlap
Q9HCC9	[468, 490]	No_PFAM_overlap
Q9HCC9	[548, 594]	No_PFAM_overlap
Q9HCC9	[776, 799]	No_PFAM_overlap
Q9NQE9	[5, 74]	Scavenger mRNA decapping enzyme C-term binding
O00220	[121, 232]	TNFR/NGFR cysteine-rich region
O00220	[262, 288]	No_PFAM_overlap
P01112	[170, 188]	No_PFAM_overlap
P05107	[378, 409]	No_PFAM_overlap
P05107	[438, 675]	Integrin EGF domain
P23769	[278, 382]	GATA zinc finger
P23769	[402, 429]	No_PFAM_overlap
Q14526	[207, 249]	No_PFAM_overlap
Q14526	[415, 451]	No_PFAM_overlap
Q14526	[498, 549]	Zinc finger, C2H2 type
Q15493	[3, 22]	SMP-30/Gluconolactonase/LRE-like region
Q2I0M4	[35, 53]	No_PFAM_overlap
Q68DU8	[278, 339]	KCTD8/12/16 H1 domain
Q6P9A1	[230, 281]	Zinc finger, C2H2 type
Q6UXH8	[36, 211]	Calcium-binding EGF domain
Q7LFX5	[6, 45]	No_PFAM_overlap
Q8IVU1	[743, 761]	No_PFAM_overlap
Q8IWR0	[579, 601]	No_PFAM_overlap
Q8IWR0	[714, 737]	No_PFAM_overlap
Q8IWR0	[764, 794]	No_PFAM_overlap
Q8IWR0	[854, 875]	No_PFAM_overlap
Q96G27	[17, 44]	WW domain-binding protein 1
Q96G27	[146, 173]	No_PFAM_overlap
Q96G27	[194, 228]	No_PFAM_overlap
Q96RP8	[0, 16]	BTB/POZ domain
Q9HB15	[11, 33]	No_PFAM_overlap
Q9NQ03	[146, 200]	Zinc finger, C2H2 type
Q9P0L1	[374, 425]	Zinc finger, C2H2 type
C9JSJ3	[253, 280]	No_PFAM_overlap
O43184	[356, 624]	ADAM cysteine-rich
O43184	[743, 773]	No_PFAM_overlap
O75330	[705, 723]	Hyaluronan mediated motility receptor C-terminal
O75694	[626, 654]	No_PFAM_overlap
P01861	[95, 115]	No_PFAM_overlap
P05981	[1, 16]	No_PFAM_overlap
P15622	[99, 131]	No_PFAM_overlap
P15622	[190, 241]	Zinc finger, C2H2 type
P15622	[498, 556]	Zinc finger, C2H2 type
P62508	[0, 44]	No_PFAM_overlap
P62508	[93, 126]	No_PFAM_overlap
Q01101	[258, 315]	Zinc finger, C2H2 type
Q01101	[429, 455]	Zinc finger, C2H2 type
Q3SY52	[91, 112]	No_PFAM_overlap
Q3SY52	[189, 253]	C2H2 zinc finger
Q3T8J9	[1839, 1888]	No_PFAM_overlap
Q5VIY5	[170, 191]	No_PFAM_overlap
Q5VIY5	[228, 426]	Zinc finger, C2H2 type
Q7Z3E5	[751, 771]	No_PFAM_overlap
Q8IZF2	[375, 400]	No_PFAM_overlap
Q8IZF2	[413, 443]	No_PFAM_overlap
Q8N8K9	[39, 82]	No_PFAM_overlap
Q8N8K9	[102, 134]	No_PFAM_overlap
Q8WTR8	[15, 62]	No_PFAM_overlap
Q8WTR8	[146, 373]	UNC-6/NTR/C345C module
Q96K75	[193, 274]	Zinc finger, C2H2 type
Q96RL1	[494, 533]	No_PFAM_overlap
Q96RL1	[552, 610]	No_PFAM_overlap
Q9H1H1	[0, 72]	U11-48K-like CHHC zinc finger
Q9H1H1	[86, 109]	No_PFAM_overlap
Q9H7E9	[10, 53]	No_PFAM_overlap
Q9HCE3	[739, 830]	No_PFAM_overlap
Q9HCE3	[1046, 1099]	No_PFAM_overlap
Q9HCE3	[1173, 1216]	zinc-finger C2H2-type
Q9NZV1	[34, 884]	Insulin-like growth factor binding protein
Q9UK10	[167, 246]	Zinc finger, C2H2 type
Q9Y330	[378, 429]	Zinc finger, C2H2 type
O15055	[562, 616]	No_PFAM_overlap
O15055	[1200, 1220]	Period circadian-like, C-terminal
O60241	[310, 532]	Thrombospondin type 1 domain
O60241	[551, 567]	No_PFAM_overlap
O60241	[1213, 1242]	No_PFAM_overlap
O96028	[1174, 1211]	SET domain
O96028	[1231, 1337]	NSD Cys-His rich domain
P06681	[47, 98]	Sushi repeat (SCR repeat)
P35858	[560, 592]	No_PFAM_overlap
Q14993	[235, 259]	No_PFAM_overlap
Q14993	[274, 294]	Collagen triple helix repeat (20 copies)
Q5D1E8	[295, 337]	No_PFAM_overlap
Q5D862	[256, 425]	No_PFAM_overlap
Q5D862	[436, 462]	No_PFAM_overlap
Q5HYC2	[511, 594]	No_PFAM_overlap
Q5TD97	[86, 111]	LIM domain
Q8IYR2	[586, 649]	No_PFAM_overlap
Q8N720	[203, 254]	Zinc finger, C2H2 type
Q8N720	[371, 447]	Zinc finger, C2H2 type
Q99612	[191, 246]	Zinc finger, C2H2 type
Q9Y4C0	[191, 243]	No_PFAM_overlap
Q9Y4C0	[628, 662]	No_PFAM_overlap
Q9Y4C0	[1035, 1091]	No_PFAM_overlap
O75751	[533, 552]	No_PFAM_overlap
P08709	[101, 204]	EGF-like domain
P23921	[773, 791]	No_PFAM_overlap
P52736	[55, 87]	No_PFAM_overlap
P52736	[99, 119]	No_PFAM_overlap
P52736	[205, 256]	Zinc finger, C2H2 type
P53420	[40, 63]	Collagen triple helix repeat (20 copies)
Q08AG5	[92, 117]	No_PFAM_overlap
Q08AG5	[132, 184]	Zinc finger, C2H2 type
Q08AG5	[204, 286]	Zinc finger, C2H2 type
Q08AG5	[300, 351]	No_PFAM_overlap
Q14508	[27, 123]	WAP-type (Whey Acidic Protein) 'four-disulfide core'
Q5T1H1	[188, 292]	EGF-like domain
Q5T1H1	[311, 353]	No_PFAM_overlap
Q5T1H1	[372, 403]	No_PFAM_overlap
Q5T1H1	[510, 546]	No_PFAM_overlap
Q5T1H1	[562, 593]	No_PFAM_overlap
Q5T1H1	[615, 1234]	EGF-like domain
Q5T1H1	[2092, 2109]	EGF-like domain
Q5T1H1	[2329, 2399]	No_PFAM_overlap
Q5T1H1	[2588, 2675]	EGF-like domain
Q5T1H1	[2884, 2931]	Human growth factor-like EGF
Q5T601	[121, 141]	No_PFAM_overlap
Q70EK9	[223, 243]	Zn-finger in ubiquitin-hydrolases and other protein
Q7RTY8	[481, 605]	Low-density lipoprotein receptor domain class A
Q86UV5	[681, 704]	No_PFAM_overlap
Q86UV5	[833, 853]	No_PFAM_overlap
Q8WY91	[341, 369]	No_PFAM_overlap
Q96K78	[41, 68]	GPR128, N-terminal domain
Q9BXA9	[46, 67]	No_PFAM_overlap
Q9BXA9	[670, 753]	Zinc finger, C2H2 type
Q9BXA9	[963, 1023]	Zinc-finger of C2H2 type
Q9H6A9	[1414, 1433]	No_PFAM_overlap
Q9H8X9	[343, 376]	No_PFAM_overlap
Q9Y2G7	[108, 133]	No_PFAM_overlap
Q9Y2G7	[149, 340]	Zinc finger, C2H2 type
Q9Y2K6	[0, 46]	Zn-finger in ubiquitin-hydrolases and other protein
A8MUX0	[0, 516]	Keratin, high sulfur B2 protein
O75509	[3, 21]	No_PFAM_overlap
O75509	[56, 220]	TNFR/NGFR cysteine-rich region
P08138	[28, 197]	TNFR/NGFR cysteine-rich region
Q13835	[124, 251]	No_PFAM_overlap
Q13835	[460, 485]	No_PFAM_overlap
Q13835	[502, 537]	No_PFAM_overlap
Q5FWF4	[901, 933]	No_PFAM_overlap
Q5VZL5	[433, 509]	MYM-type Zinc finger with FCS sequence motif
Q5VZL5	[770, 797]	No_PFAM_overlap
Q5VZL5	[848, 866]	No_PFAM_overlap
Q8N1W2	[286, 303]	Zinc finger, C2H2 type
Q8N1W2	[314, 365]	Zinc finger, C2H2 type
Q8N1W2	[381, 452]	Zinc finger, C2H2 type
Q8TEU7	[1402, 1431]	No_PFAM_overlap
Q96GE5	[216, 407]	Zinc finger, C2H2 type
Q96GE5	[467, 518]	Zinc finger, C2H2 type
Q96GE5	[551, 637]	Zinc finger, C2H2 type
Q99435	[218, 236]	No_PFAM_overlap
Q99435	[257, 815]	EGF domain
Q9BY31	[246, 314]	Zinc finger, C2H2 type
Q9BY31	[330, 493]	Zinc finger, C2H2 type
Q9BY31	[729, 830]	Zinc finger, C2H2 type
Q9BZ72	[600, 620]	No_PFAM_overlap
Q9H172	[334, 362]	No_PFAM_overlap
Q9UIC8	[2, 33]	Leucine carboxyl methyltransferase
Q9UM44	[371, 406]	No_PFAM_overlap
Q9Y2Y4	[362, 415]	Zinc finger, C2H2 type
Q9Y2Y4	[469, 486]	No_PFAM_overlap
O14773	[517, 535]	No_PFAM_overlap
O43482	[1, 27]	No_PFAM_overlap
P30530	[844, 875]	No_PFAM_overlap
P78385	[2, 38]	No_PFAM_overlap
P78385	[412, 492]	Intermediate filament protein
Q12933	[94, 232]	TRAF2, second zinc finger
Q15973	[75, 332]	Zinc finger, C2H2 type
Q8N5C8	[678, 711]	No_PFAM_overlap
Q96AP0	[176, 245]	No_PFAM_overlap
Q96AP0	[411, 431]	No_PFAM_overlap
Q9H3R2	[166, 192]	No_PFAM_overlap
Q9H3R2	[327, 410]	No_PFAM_overlap
Q9ULD9	[354, 374]	No_PFAM_overlap
Q9ULD9	[541, 569]	No_PFAM_overlap
Q9ULD9	[590, 618]	No_PFAM_overlap
A0AAG2TVJ1	[328, 355]	No_PFAM_overlap
O43257	[94, 153]	HIT zinc finger
O75373	[106, 132]	No_PFAM_overlap
O75373	[164, 215]	Zinc finger, C2H2 type
O75373	[248, 299]	Zinc finger, C2H2 type
O75373	[360, 411]	Zinc finger, C2H2 type
P01860	[72, 168]	Immunoglobulin C1-set domain
P17019	[105, 140]	No_PFAM_overlap
P17019	[158, 239]	Zinc finger, C2H2 type
P17019	[439, 490]	Zinc finger, C2H2 type
Q13263	[54, 193]	zinc-RING finger domain
Q13263	[703, 726]	No_PFAM_overlap
Q14005	[1000, 1020]	No_PFAM_overlap
Q5MCW4	[149, 174]	No_PFAM_overlap
Q5MCW4	[205, 256]	Zinc finger, C2H2 type
Q5MCW4	[373, 424]	Zinc finger, C2H2 type
Q5VST9	[487, 510]	Immunoglobulin I-set domain
Q8N5P1	[186, 273]	Zinc finger C-x8-C-x5-C-x3-H type (and similar)
Q8N859	[277, 328]	Zinc finger, C2H2 type
Q9UJ78	[323, 420]	MYM-type Zinc finger with FCS sequence motif
Q9Y278	[43, 75]	No_PFAM_overlap
Q9Y4B6	[1008, 1046]	No_PFAM_overlap
A6NJZ7	[144, 163]	No_PFAM_overlap
A6NJZ7	[226, 253]	No_PFAM_overlap
A6NJZ7	[482, 524]	RIMB1-like, N-terminal domain
A6NJZ7	[1316, 1350]	No_PFAM_overlap
A6NJZ7	[1407, 1437]	No_PFAM_overlap
O15535	[166, 192]	No_PFAM_overlap
O15535	[245, 296]	Zinc finger, C2H2 type
P0CJ79	[214, 312]	Zinc finger, C2H2 type
P42701	[24, 39]	No_PFAM_overlap
P42701	[185, 205]	No_PFAM_overlap
Q32MH5	[29, 70]	No_PFAM_overlap
Q32MH5	[560, 595]	No_PFAM_overlap
Q32MH5	[633, 661]	No_PFAM_overlap
Q32MH5	[758, 782]	No_PFAM_overlap
Q6PRD1	[349, 369]	No_PFAM_overlap
Q6PRD1	[1525, 1572]	No_PFAM_overlap
Q6PRD1	[1785, 1827]	No_PFAM_overlap
Q7L3S4	[57, 105]	Zinc finger, C2H2 type
Q7Z7A3	[0, 18]	No_PFAM_overlap
Q8TF42	[356, 390]	No_PFAM_overlap
Q8WUA4	[542, 563]	No_PFAM_overlap
Q92838	[14, 37]	No_PFAM_overlap
Q96IK5	[33, 71]	No_PFAM_overlap
Q9BX84	[26, 50]	No_PFAM_overlap
Q9C0B9	[1001, 1030]	No_PFAM_overlap
Q9H1Z9	[19, 57]	No_PFAM_overlap
Q9UDY8	[721, 739]	No_PFAM_overlap
Q9UDY8	[766, 793]	No_PFAM_overlap
O00602	[100, 120]	Fibrinogen beta and gamma chains, C-terminal globular domain
O95633	[84, 252]	Follistatin/Osteonectin-like EGF domain
P16112	[2272, 2357]	Lectin C-type domain
P28698	[347, 398]	Zinc finger, C2H2 type
P28698	[478, 527]	No_PFAM_overlap
P49795	[28, 85]	No_PFAM_overlap
P52739	[282, 331]	Zinc-finger of C2H2 type
P52739	[347, 395]	Zinc-finger of C2H2 type
Q2M385	[390, 413]	No_PFAM_overlap
Q2NKQ1	[503, 535]	No_PFAM_overlap
Q6UXM1	[36, 62]	No_PFAM_overlap
Q6UXM1	[959, 990]	No_PFAM_overlap
Q7L7V1	[722, 742]	No_PFAM_overlap
Q8N7S2	[143, 188]	No_PFAM_overlap
Q8NBF1	[1, 21]	No_PFAM_overlap
Q8NBF1	[54, 109]	No_PFAM_overlap
Q8NBF1	[196, 212]	No_PFAM_overlap
Q8NBF1	[253, 308]	Zinc finger, C2H2 type
Q8NBF1	[589, 606]	No_PFAM_overlap
Q8TEQ6	[1492, 1507]	GEMI5 RBS C-terminal domain
Q96NW4	[420, 449]	No_PFAM_overlap
Q96NW4	[700, 729]	No_PFAM_overlap
Q9HC57	[133, 189]	No_PFAM_overlap
Q9NQZ8	[64, 144]	Zinc finger, C2H2 type
Q9NQZ8	[401, 452]	Zinc finger, C2H2 type
O95685	[15, 41]	No_PFAM_overlap
O95685	[82, 104]	No_PFAM_overlap
Q8IUA0	[41, 240]	WAP-type (Whey Acidic Protein) 'four-disulfide core'
Q8N141	[161, 212]	Zinc finger, C2H2 type
Q8N141	[441, 492]	Zinc finger, C2H2 type
Q8N895	[244, 295]	Zinc finger, C2H2 type
Q8N895	[605, 644]	No_PFAM_overlap
Q8N895	[682, 708]	No_PFAM_overlap
Q92743	[21, 139]	Kazal-type serine protease inhibitor domain
Q96BH1	[187, 210]	No_PFAM_overlap
Q96S21	[262, 280]	No_PFAM_overlap
Q96SE7	[280, 331]	Zinc finger, C2H2 type
Q96SE7	[644, 695]	Zinc finger, C2H2 type
Q96SL8	[12, 121]	Zinc finger, C2H2 type
Q96SL8	[191, 242]	Zinc finger, C2H2 type
Q96SL8	[322, 372]	No_PFAM_overlap
Q96SL8	[405, 450]	Zinc finger, C2H2 type
Q9ULV3	[513, 540]	No_PFAM_overlap
A4D1E1	[239, 275]	No_PFAM_overlap
A4D1E1	[345, 370]	No_PFAM_overlap
A4D1E1	[633, 670]	No_PFAM_overlap
A4D1E1	[680, 771]	No_PFAM_overlap
A4D1E1	[870, 912]	No_PFAM_overlap
A4D1E1	[926, 981]	No_PFAM_overlap
A6NFQ7	[171, 190]	No_PFAM_overlap
O14686	[47, 80]	No_PFAM_overlap
O14686	[120, 145]	PHD-like zinc-binding domain
O14686	[214, 231]	PHD-finger
O14686	[251, 378]	PHD-finger
O14686	[1479, 1509]	No_PFAM_overlap
O14686	[1529, 1565]	No_PFAM_overlap
P00748	[49, 139]	Fibronectin type I domain
P00748	[151, 280]	Fibronectin type I domain
P00750	[66, 98]	Fibronectin type I domain
P17025	[225, 276]	Zinc finger, C2H2 type
P49759	[41, 61]	No_PFAM_overlap
P51582	[345, 364]	No_PFAM_overlap
Q08050	[149, 176]	No_PFAM_overlap
Q15695	[316, 340]	No_PFAM_overlap
Q6PJE2	[118, 174]	ZP-C domain
Q6Q0C0	[185, 291]	No_PFAM_overlap
Q711Q0	[224, 255]	No_PFAM_overlap
Q7RTU9	[440, 462]	No_PFAM_overlap
Q7RTU9	[483, 535]	No_PFAM_overlap
Q8NEZ4	[327, 526]	PHD-like zinc-binding domain
Q8NEZ4	[1063, 1160]	No_PFAM_overlap
Q8NEZ4	[4894, 4910]	No_PFAM_overlap
Q96HA7	[218, 239]	No_PFAM_overlap
Q96HA7	[1340, 1370]	No_PFAM_overlap
Q9P2S2	[195, 250]	No_PFAM_overlap
Q9P2S2	[675, 709]	No_PFAM_overlap
Q9P2S2	[1082, 1138]	No_PFAM_overlap
A0A140TA64	[0, 209]	Keratin, high sulfur B2 protein
A6NDA9	[492, 537]	No_PFAM_overlap
O15499	[0, 27]	No_PFAM_overlap
O15499	[53, 86]	No_PFAM_overlap
P11161	[331, 384]	Zinc finger, C2H2 type
P11161	[432, 475]	No_PFAM_overlap
P41182	[337, 365]	No_PFAM_overlap
P41182	[464, 616]	Zinc finger, C2H2 type
P51884	[31, 52]	No_PFAM_overlap
P83881	[1, 24]	Ribosomal protein L44
Q02386	[242, 318]	Zinc finger, C2H2 type
Q16787	[296, 460]	Laminin EGF domain
Q16787	[471, 723]	Laminin EGF domain
Q16787	[1229, 1474]	Laminin EGF domain
Q16787	[1643, 1834]	Laminin EGF domain
Q5VTD9	[183, 234]	Zinc finger, C2H2 type
Q6DD87	[57, 108]	Zinc finger, C2H2 type
Q6DD87	[271, 294]	No_PFAM_overlap
Q6DD87	[308, 359]	C2H2-type zinc finger
Q8N8L2	[3, 51]	No_PFAM_overlap
Q9H8W5	[18, 33]	RING-type zinc-finger
Q9H8W5	[124, 168]	No_PFAM_overlap
Q9H8W5	[499, 571]	No_PFAM_overlap
Q9HBF4	[0, 118]	ANCHR-like B-box zinc-binding domain
Q9HBF4	[432, 484]	No_PFAM_overlap
Q9HC84	[232, 438]	C8 domain
Q9HC84	[596, 892]	C8 domain
Q9HC84	[1055, 1084]	C8 domain
Q9HC84	[1096, 1274]	C8 domain
Q9HC84	[1292, 1311]	No_PFAM_overlap
Q9HC84	[1492, 1516]	Mucin-2 protein WxxW repeating region
Q9HC84	[1773, 1797]	Mucin-2 protein WxxW repeating region
Q9HC84	[2303, 2327]	Mucin-2 protein WxxW repeating region
Q9HC84	[2860, 2884]	Mucin-2 protein WxxW repeating region
Q9HC84	[3560, 3584]	Mucin-2 protein WxxW repeating region
Q9HC84	[4117, 4141]	Mucin-2 protein WxxW repeating region
Q9HC84	[4962, 5027]	No_PFAM_overlap
Q9HC84	[5046, 5072]	No_PFAM_overlap
Q9HC84	[5210, 5761]	C8 domain
Q9NZL3	[167, 637]	Zinc finger, C2H2 type
Q9UM47	[21, 1501]	LNR domain
P0C7A2	[0, 39]	No_PFAM_overlap
Q14929	[225, 306]	Zinc finger, C2H2 type
Q14929	[393, 447]	Zinc finger, C2H2 type
Q5U5X8	[0, 28]	No_PFAM_overlap
Q5U5X8	[305, 329]	Protein family of FAM222A
Q6P1L6	[260, 311]	Zinc finger, C2H2 type
Q8IZD2	[455, 477]	No_PFAM_overlap
Q9GZU2	[496, 549]	Zinc finger, C2H2 type
Q9NSB4	[1, 50]	No_PFAM_overlap
Q9NSB4	[458, 501]	No_PFAM_overlap
Q9NZV8	[552, 597]	No_PFAM_overlap
Q9UHF7	[655, 725]	No_PFAM_overlap
Q9UHF7	[1228, 1261]	No_PFAM_overlap
Q9Y2D8	[567, 608]	No_PFAM_overlap
Q9Y4H2	[790, 811]	No_PFAM_overlap
A6NC86	[77, 203]	u-PAR/Ly-6 domain
A6PVC2	[685, 707]	No_PFAM_overlap
A6PVC2	[745, 849]	No_PFAM_overlap
O60393	[231, 251]	No_PFAM_overlap
O60393	[552, 620]	No_PFAM_overlap
O95382	[0, 25]	No_PFAM_overlap
Q147X3	[23, 43]	No_PFAM_overlap
Q15032	[833, 875]	No_PFAM_overlap
Q8N6G6	[381, 501]	Thrombospondin type 1 domain
Q8N6G6	[609, 858]	Thrombospondin type 1 domain
Q8N6G6	[1499, 1664]	Thrombospondin type 1 domain
Q8NFN8	[745, 775]	No_PFAM_overlap
Q8TE60	[903, 1196]	PLAC (protease and lacunin) domain
Q9BSI4	[345, 392]	No_PFAM_overlap
Q9BSI4	[415, 450]	No_PFAM_overlap
Q9H7L2	[284, 351]	Immunoglobulin domain
Q9H7R5	[169, 220]	Zinc finger, C2H2 type
Q9UPX6	[111, 175]	No_PFAM_overlap
B4DU55	[223, 274]	Zinc finger, C2H2 type
O43781	[32, 55]	No_PFAM_overlap
P60370	[0, 270]	Keratin, high sulfur B2 protein
Q14258	[86, 195]	No_PFAM_overlap
Q63HR2	[581, 611]	No_PFAM_overlap
Q63HR2	[679, 702]	No_PFAM_overlap
Q63HR2	[731, 782]	No_PFAM_overlap
Q63HR2	[795, 818]	No_PFAM_overlap
Q6PII5	[223, 289]	No_PFAM_overlap
Q6ZMJ4	[184, 208]	Interleukin 34
Q96A37	[8, 81]	RING-type zinc-finger
Q96NS5	[240, 269]	Ankyrin repeat
Q99697	[0, 21]	No_PFAM_overlap
Q9H4P4	[97, 143]	USP8 interacting
Q9NP72	[188, 205]	No_PFAM_overlap
Q9P0K9	[93, 113]	No_PFAM_overlap
Q9P2Y4	[154, 203]	No_PFAM_overlap
Q9UDV6	[276, 330]	Zinc finger, C2H2 type
Q9UDV6	[418, 469]	Zinc finger, C2H2 type
Q9Y5B0	[112, 136]	Fcp1 barrel-sandwich hybrid domain
Q9Y6T7	[278, 334]	Phorbol esters/diacylglycerol binding domain (C1 domain)
A0AAQ5BID4	[1, 39]	No_PFAM_overlap
P00734	[49, 138]	Vitamin K-dependent carboxylation/gamma-carboxyglutamic (GLA) domain
P05556	[393, 694]	Integrin beta epidermal growth factor like domain 1
P49640	[336, 372]	No_PFAM_overlap
P51815	[356, 407]	Zinc finger, C2H2 type
Q6UW60	[585, 610]	No_PFAM_overlap
Q6UW60	[638, 712]	No_PFAM_overlap
Q6ZNA5	[193, 210]	No_PFAM_overlap
Q6ZVD7	[230, 253]	No_PFAM_overlap
Q96F83	[276, 305]	No_PFAM_overlap
Q9BX74	[56, 78]	No_PFAM_overlap
Q9H2U9	[602, 662]	No_PFAM_overlap
Q9H324	[468, 615]	Thrombospondin type 1 domain
Q9H324	[829, 1102]	PLAC (protease and lacunin) domain
Q9NQG7	[494, 529]	No_PFAM_overlap
Q9P255	[73, 113]	No_PFAM_overlap
Q9P255	[131, 267]	Zinc finger, C2H2 type
Q9P255	[384, 435]	Zinc finger, C2H2 type
P06239	[0, 27]	No_PFAM_overlap
P20023	[199, 224]	Sushi repeat (SCR repeat)
P20023	[436, 505]	Sushi repeat (SCR repeat)
P20023	[636, 696]	Sushi repeat (SCR repeat)
P20023	[895, 921]	Sushi repeat (SCR repeat)
P21675	[136, 151]	No_PFAM_overlap
P55001	[140, 182]	Microfibril-associated glycoprotein (MAGP)
Q3KQV3	[116, 146]	No_PFAM_overlap
Q3KQV3	[190, 266]	No_PFAM_overlap
Q66K89	[211, 275]	Zinc finger, C2H2 type
Q66K89	[426, 477]	Zinc finger, C2H2 type
Q68DX3	[130, 167]	No_PFAM_overlap
Q6NSZ9	[339, 389]	Zinc finger, C2H2 type
Q6NVV9	[321, 338]	No_PFAM_overlap
Q6NVV9	[349, 397]	No_PFAM_overlap
Q6UXH1	[20, 43]	No_PFAM_overlap
Q6UXH1	[78, 96]	No_PFAM_overlap
Q6UXH1	[125, 339]	Calcium-binding EGF domain
Q7Z304	[495, 518]	MAM domain, meprin/A5/mu
Q8IUN9	[124, 145]	Hepatic lectin, N-terminal domain
Q8IUN9	[162, 190]	No_PFAM_overlap
Q8WUT4	[351, 386]	No_PFAM_overlap
Q8WUT4	[541, 579]	No_PFAM_overlap
Q92613	[155, 223]	PHD-finger
Q92633	[321, 337]	No_PFAM_overlap
Q96JN8	[1313, 1339]	No_PFAM_overlap
Q96JN8	[1359, 1380]	No_PFAM_overlap
Q96JN8	[1436, 1461]	No_PFAM_overlap
Q9BXQ6	[157, 197]	No_PFAM_overlap
Q9BZM3	[39, 73]	No_PFAM_overlap
Q9H7X3	[116, 197]	Zinc finger, C2H2 type
Q9NQ30	[18, 135]	Insulin-like growth factor binding protein
O14753	[0, 86]	No_PFAM_overlap
O14753	[109, 196]	Zinc-finger double domain
O43345	[146, 183]	No_PFAM_overlap
O43345	[220, 271]	C2H2-type zinc finger
O43345	[360, 411]	Zinc finger, C2H2 type
O43345	[852, 897]	Zinc finger, C2H2 type
O43345	[992, 1043]	Zinc finger, C2H2 type
O43345	[1132, 1149]	No_PFAM_overlap
O95359	[973, 994]	No_PFAM_overlap
O95359	[1043, 1066]	No_PFAM_overlap
P54368	[46, 75]	No_PFAM_overlap
Q06416	[56, 79]	No_PFAM_overlap
Q15916	[292, 314]	No_PFAM_overlap
Q15916	[373, 396]	Zinc finger, C2H2 type
Q5VYJ5	[31, 89]	MAM domain, meprin/A5/mu
Q5VYJ5	[233, 262]	No_PFAM_overlap
Q5VYJ5	[840, 873]	MAM domain, meprin/A5/mu
Q5VYJ5	[1468, 1528]	MAM domain, meprin/A5/mu
Q5VYJ5	[1700, 1746]	MAM domain, meprin/A5/mu
Q5VYJ5	[1888, 2065]	MAM domain, meprin/A5/mu
Q6Q759	[1494, 1519]	No_PFAM_overlap
Q6S5L8	[393, 473]	No_PFAM_overlap
Q70CQ2	[3483, 3526]	No_PFAM_overlap
Q8IWS0	[6, 54]	PHD-like zinc-binding domain
Q8IWS0	[201, 224]	No_PFAM_overlap
Q8N819	[394, 415]	Protein serine/threonine phosphatase 2C, C-terminal domain
Q8ND76	[0, 17]	No_PFAM_overlap
Q8WXB4	[475, 526]	Zinc finger, C2H2 type
Q9BYM8	[191, 226]	No_PFAM_overlap
Q9BYM8	[399, 426]	No_PFAM_overlap
Q9BYM8	[436, 509]	No_PFAM_overlap
Q9GZV8	[419, 440]	No_PFAM_overlap
Q9GZV8	[451, 497]	Zinc finger, C2H2 type
Q9GZV8	[508, 555]	Zinc finger, C2H2 type
Q9NQV5	[23, 83]	No_PFAM_overlap
Q9UHI8	[406, 554]	Reprolysin (M12B) family zinc metalloprotease
H3BPM6	[205, 222]	No_PFAM_overlap
O14917	[899, 962]	No_PFAM_overlap
O14917	[1032, 1066]	No_PFAM_overlap
O75928	[410, 462]	No_PFAM_overlap
P25942	[10, 189]	TNFR/NGFR cysteine-rich region
Q03936	[164, 243]	Zinc finger, C2H2 type
Q03936	[472, 523]	Zinc finger, C2H2 type
Q03936	[556, 578]	No_PFAM_overlap
Q13275	[544, 582]	No_PFAM_overlap
Q14119	[165, 216]	Zinc finger, C2H2 type
Q15323	[1, 57]	Intermediate filament protein
Q15323	[351, 415]	Intermediate filament protein
Q15915	[260, 278]	C2H2 zinc finger
Q15915	[293, 348]	Zinc finger, C2H2 type
Q96HC4	[409, 427]	LIM domain
Q9H091	[238, 263]	No_PFAM_overlap
Q9NTQ9	[217, 243]	No_PFAM_overlap
Q9Y2T1	[530, 561]	No_PFAM_overlap
Q9Y2T1	[693, 725]	No_PFAM_overlap
Q9Y5H6	[725, 741]	No_PFAM_overlap
P01130	[16, 390]	Calcium-binding EGF domain
P07942	[276, 543]	Laminin EGF domain
P07942	[768, 1177]	Laminin EGF domain
P32241	[26, 71]	Hormone receptor domain
P60827	[18, 38]	No_PFAM_overlap
P78536	[442, 612]	Membrane-proximal domain, switch, for ADAM17
Q13105	[297, 376]	Zinc finger, C2H2 type
Q14586	[258, 285]	No_PFAM_overlap
Q14586	[313, 525]	Zinc finger, C2H2 type
Q2M3W8	[220, 279]	Zinc finger, C2H2 type
Q2M3W8	[424, 540]	C2H2-type zinc finger
Q2M3W8	[551, 570]	No_PFAM_overlap
Q58EX7	[680, 711]	No_PFAM_overlap
Q58EX7	[1151, 1190]	No_PFAM_overlap
Q6NUI6	[29, 57]	No_PFAM_overlap
Q6NUI6	[385, 423]	No_PFAM_overlap
Q8N944	[821, 853]	No_PFAM_overlap
Q8N966	[77, 93]	DHHC palmitoyltransferase
Q8TDF6	[556, 644]	Phorbol esters/diacylglycerol binding domain (C1 domain)
Q8WX94	[955, 979]	No_PFAM_overlap
Q96DX8	[143, 178]	Zinc-binding domain
Q9BR84	[96, 212]	No_PFAM_overlap
Q9BR84	[288, 339]	Zinc finger, C2H2 type
Q9H2Y7	[11, 31]	No_PFAM_overlap
Q9H4Q4	[290, 313]	Zinc finger, C2H2 type
Q9Y4E5	[597, 614]	No_PFAM_overlap
Q9Y4E5	[711, 734]	No_PFAM_overlap
O15529	[324, 345]	No_PFAM_overlap
O43278	[30, 50]	MANEC domain
O43278	[239, 256]	K319L-like, PKD domain
O43278	[276, 400]	Low-density lipoprotein receptor domain class A
P20800	[26, 50]	Endothelin family
P20800	[85, 119]	No_PFAM_overlap
P21709	[220, 340]	Ephrin cysteine rich domain
P29375	[1599, 1667]	No_PFAM_overlap
Q13670	[37, 53]	No_PFAM_overlap
Q13670	[104, 152]	No_PFAM_overlap
Q14207	[452, 476]	No_PFAM_overlap
Q5FYB0	[0, 22]	No_PFAM_overlap
Q6ECI4	[247, 382]	Zinc finger, C2H2 type
Q6ZN19	[192, 243]	Zinc finger, C2H2 type
Q6ZN19	[435, 553]	Zinc finger, C2H2 type
Q8IWU5	[709, 731]	No_PFAM_overlap
Q8IWU5	[812, 831]	No_PFAM_overlap
Q8TE57	[540, 661]	ADAMTS cysteine-rich domain
Q8TE57	[870, 1184]	Thrombospondin type 1 domain
Q9BTV6	[366, 386]	No_PFAM_overlap
Q9BUZ4	[82, 291]	TRAF-type zinc finger
Q9BXI9	[46, 69]	No_PFAM_overlap
Q9ULK2	[107, 127]	No_PFAM_overlap
A6NM28	[143, 194]	Zinc finger, C2H2 type
A6NM28	[255, 306]	Zinc finger, C2H2 type
A6NMS7	[820, 845]	No_PFAM_overlap
A6NMS7	[1045, 1066]	No_PFAM_overlap
O43361	[289, 340]	Zinc finger, C2H2 type
O43361	[474, 525]	Zinc finger, C2H2 type
O43361	[659, 762]	C2H2 zinc finger
P24864	[52, 83]	No_PFAM_overlap
P47989	[153, 189]	[2Fe-2S] binding domain
P60852	[225, 274]	No_PFAM_overlap
P60852	[535, 554]	ZP-C domain
Q14689	[920, 943]	No_PFAM_overlap
Q69YH5	[336, 377]	No_PFAM_overlap
Q69YH5	[739, 801]	No_PFAM_overlap
Q69YH5	[813, 844]	No_PFAM_overlap
Q6DRA6	[88, 116]	Core histone H2A/H2B/H3/H4 domain
Q6N021	[1255, 1282]	No_PFAM_overlap
Q96NX5	[364, 443]	No_PFAM_overlap
Q96NX5	[454, 475]	No_PFAM_overlap
Q9BQI6	[771, 800]	No_PFAM_overlap
Q9HCZ1	[228, 279]	Zinc finger, C2H2 type
Q9UII5	[26, 74]	No_PFAM_overlap
Q9UII5	[151, 202]	Zinc finger, C2H2 type
Q9UII5	[235, 286]	Zinc finger, C2H2 type
Q9UII5	[599, 678]	Zinc finger, C2H2 type
Q9UII5	[767, 782]	No_PFAM_overlap
A6NFC9	[194, 231]	No_PFAM_overlap
O94892	[196, 247]	Zinc finger, C2H2 type
O94892	[448, 499]	Zinc finger, C2H2 type
P0C0E4	[251, 277]	No_PFAM_overlap
P10643	[26, 137]	Thrombospondin type 1 domain
P10643	[449, 580]	Sushi repeat (SCR repeat)
P10643	[648, 842]	Sushi repeat (SCR repeat)
P12110	[591, 616]	von Willebrand factor type A domain
P12110	[803, 826]	No_PFAM_overlap
Q05481	[114, 150]	No_PFAM_overlap
Q05481	[172, 224]	No_PFAM_overlap
Q05481	[285, 366]	Zinc finger, C2H2 type
Q05481	[537, 588]	Zinc finger, C2H2 type
Q05481	[621, 672]	Zinc finger, C2H2 type
Q05481	[901, 952]	Zinc finger, C2H2 type
Q05516	[395, 418]	No_PFAM_overlap
Q05516	[509, 588]	C2H2-type zinc finger
Q13351	[270, 325]	Zinc finger, C2H2 type
Q3MIS6	[204, 311]	Zinc finger, C2H2 type
Q3MIS6	[456, 627]	Zinc finger, C2H2 type
Q6P9A3	[266, 318]	Zinc finger, C2H2 type
Q6P9A3	[464, 515]	Zinc finger, C2H2 type
Q6UWJ8	[0, 15]	No_PFAM_overlap
Q8NC26	[112, 146]	No_PFAM_overlap
Q8NC26	[268, 346]	Zinc-finger double domain
Q8NEP3	[36, 59]	No_PFAM_overlap
Q8TE82	[423, 492]	No_PFAM_overlap
Q92466	[27, 58]	No_PFAM_overlap
Q9BZA8	[1121, 1210]	No_PFAM_overlap
Q9H1U4	[193, 430]	Laminin/attractin EGF domain
Q9HB63	[262, 466]	Laminin/attractin EGF domain
Q9HB63	[498, 515]	No_PFAM_overlap
Q9NYF5	[322, 419]	No_PFAM_overlap
Q9UBB9	[380, 399]	GC-rich sequence DNA-binding factor-like protein
Q9UGR2	[414, 454]	No_PFAM_overlap
Q9UGR2	[751, 783]	No_PFAM_overlap
Q9UGR2	[839, 856]	No_PFAM_overlap
A4D2P6	[507, 532]	No_PFAM_overlap
A6NM11	[820, 845]	No_PFAM_overlap
A6NM11	[1045, 1066]	No_PFAM_overlap
O75792	[3, 34]	Ribonuclease HII
O94842	[561, 598]	No_PFAM_overlap
P24821	[100, 629]	Tenascin EGF domain
P42694	[0, 24]	No_PFAM_overlap
P78325	[304, 647]	ADAM cysteine-rich
Q14213	[16, 32]	IL27B N-terminal FN3 domain
Q17R60	[677, 756]	No_PFAM_overlap
Q5JVG8	[105, 141]	No_PFAM_overlap
Q5JVG8	[192, 299]	Zinc finger, C2H2 type
Q5JVG8	[360, 411]	C2H2-type zinc finger
Q7RTU3	[228, 253]	No_PFAM_overlap
Q8IWN7	[379, 400]	No_PFAM_overlap
Q8IWN7	[423, 456]	No_PFAM_overlap
Q8IWN7	[841, 862]	No_PFAM_overlap
Q8IWN7	[1246, 1276]	No_PFAM_overlap
Q8IWN7	[1648, 1668]	No_PFAM_overlap
Q96QT4	[16, 35]	No_PFAM_overlap
Q9H3R0	[634, 657]	No_PFAM_overlap
Q9P0T4	[0, 23]	No_PFAM_overlap
Q9P0T4	[75, 95]	Zinc finger, C2H2 type
Q9P0T4	[106, 159]	Zinc finger, C2H2 type
Q9ULJ7	[38, 53]	No_PFAM_overlap
A6NCL2	[24, 61]	No_PFAM_overlap
A6NER0	[523, 545]	No_PFAM_overlap
B2RXF5	[194, 221]	No_PFAM_overlap
B2RXF5	[283, 308]	No_PFAM_overlap
B2RXF5	[325, 400]	Zinc finger, C2H2 type
O15105	[49, 70]	No_PFAM_overlap
O94964	[600, 654]	No_PFAM_overlap
O94964	[1604, 1650]	No_PFAM_overlap
P0DTL6	[140, 218]	No_PFAM_overlap
P57729	[194, 210]	No_PFAM_overlap
P78524	[182, 216]	No_PFAM_overlap
Q02487	[665, 683]	No_PFAM_overlap
Q02487	[786, 828]	No_PFAM_overlap
Q18PE1	[481, 503]	No_PFAM_overlap
Q3ZLR7	[198, 253]	Spt20, SEP domain
Q3ZLR7	[268, 307]	No_PFAM_overlap
Q6EMK4	[21, 47]	No_PFAM_overlap
Q6ZNA4	[580, 601]	No_PFAM_overlap
Q6ZNA4	[917, 952]	Ring finger domain
Q8IYR6	[34, 245]	Kazal-type serine protease inhibitor domain
Q8IYR6	[263, 309]	No_PFAM_overlap
Q8IYR6	[351, 368]	No_PFAM_overlap
Q8N1F8	[696, 719]	No_PFAM_overlap
Q8N782	[248, 478]	Zinc finger, C2H2 type
Q8NDY4	[68, 89]	No_PFAM_overlap
Q92766	[57, 111]	Zinc finger, C2H2 type
Q92766	[217, 250]	No_PFAM_overlap
Q92766	[296, 323]	C2H2-type zinc finger
Q92766	[387, 408]	No_PFAM_overlap
Q92766	[752, 814]	No_PFAM_overlap
Q92766	[839, 865]	No_PFAM_overlap
Q96RW7	[4535, 4877]	Thrombospondin type 1 domain
Q96RW7	[5081, 5529]	Calcium-binding EGF domain
Q9UJW7	[192, 213]	No_PFAM_overlap
Q9UJW7	[227, 258]	No_PFAM_overlap
Q9UJW7	[340, 393]	Zinc finger, C2H2 type
Q9UJW7	[619, 824]	Zinc finger, C2H2 type
Q9Y6N6	[265, 499]	Laminin EGF domain
Q9Y6N6	[662, 1025]	Laminin EGF domain
Q9Y6R7	[431, 481]	von Willebrand factor type D domain
Q9Y6R7	[643, 702]	C8 domain
Q9Y6R7	[728, 873]	C8 domain
Q9Y6R7	[1029, 1261]	C8 domain
Q9Y6R7	[1417, 1672]	C8 domain
Q9Y6R7	[1934, 2078]	C8 domain
Q9Y6R7	[2229, 2462]	C8 domain
Q9Y6R7	[2618, 2873]	C8 domain
Q9Y6R7	[3048, 3279]	C8 domain
Q9Y6R7	[3430, 3663]	C8 domain
Q9Y6R7	[3819, 4074]	C8 domain
Q9Y6R7	[4249, 4480]	C8 domain
Q9Y6R7	[4631, 4860]	C8 domain
Q9Y6R7	[5013, 5066]	C8 domain
Q9Y6R7	[5101, 5229]	C8 domain
A2PYH4	[1134, 1166]	No_PFAM_overlap
P60372	[0, 400]	Keratin, high sulfur B2 protein
Q05923	[136, 152]	Rhodanese-like domain
Q15633	[322, 346]	No_PFAM_overlap
Q1L5Z9	[132, 175]	No_PFAM_overlap
Q5SYB0	[1238, 1306]	No_PFAM_overlap
Q5SYB0	[1323, 1352]	No_PFAM_overlap
Q5SYB0	[1440, 1482]	No_PFAM_overlap
Q5UIP0	[1707, 1744]	No_PFAM_overlap
Q68DE3	[801, 823]	No_PFAM_overlap
Q8IU68	[664, 689]	No_PFAM_overlap
Q8IUX8	[25, 198]	Platelet endothelial aggregation receptor 1-like, EGF domain
Q8IVN8	[14, 141]	Spondin-like TSP1 domain
Q8TE58	[460, 592]	Thrombospondin type 1 domain
Q8TE58	[840, 949]	Thrombospondin type 1 domain
Q9BS31	[169, 220]	Zinc finger, C2H2 type
D6RIA3	[18, 39]	No_PFAM_overlap
O15534	[612, 660]	No_PFAM_overlap
O76050	[31, 58]	No_PFAM_overlap
O76050	[474, 505]	No_PFAM_overlap
P30260	[168, 193]	No_PFAM_overlap
P54274	[33, 56]	No_PFAM_overlap
P59990	[0, 95]	Keratin, high sulfur B2 protein
Q14872	[118, 156]	Zinc finger, C2H2 type
Q14872	[191, 245]	Zinc finger, C2H2 type
Q14872	[623, 647]	No_PFAM_overlap
Q5U623	[151, 178]	No_PFAM_overlap
Q5U623	[233, 271]	No_PFAM_overlap
Q8N100	[0, 38]	No_PFAM_overlap
Q99102	[5024, 5158]	No_PFAM_overlap
Q99102	[5321, 5340]	No_PFAM_overlap
Q9C0K0	[124, 154]	No_PFAM_overlap
Q9C0K0	[169, 225]	No_PFAM_overlap
Q9C0K0	[787, 868]	Zinc finger, C2H2 type
Q9H7Z3	[882, 898]	No_PFAM_overlap
Q9H871	[368, 384]	RING-type zinc-finger
Q9NRC6	[3648, 3673]	No_PFAM_overlap
Q9NSC2	[37, 74]	No_PFAM_overlap
Q9NSC2	[697, 780]	Zinc finger, C2H2 type
Q9NYP9	[0, 34]	No_PFAM_overlap
O43854	[17, 167]	Human growth factor-like EGF
Q6PJF5	[488, 525]	No_PFAM_overlap
Q6PJF5	[538, 610]	No_PFAM_overlap
Q6PJT7	[590, 721]	RNA-binding, Nab2-type zinc finger
Q6VVB1	[101, 121]	No_PFAM_overlap
Q8IZC7	[65, 116]	No_PFAM_overlap
Q8IZC7	[216, 267]	Zinc finger, C2H2 type
Q8N9K5	[198, 251]	Zinc finger, C2H2 type
Q9HAZ2	[270, 323]	Zinc finger, C2H2 type
Q9HAZ2	[970, 1025]	Zinc finger, C2H2 type
Q9NX94	[244, 296]	No_PFAM_overlap
Q9UBC3	[382, 412]	No_PFAM_overlap
Q9ULJ3	[713, 778]	Zinc Finger domain
Q9ULJ3	[900, 938]	Zinc finger, C2H2 type
Q9UPA5	[1890, 1910]	No_PFAM_overlap
Q9UQR1	[162, 213]	Zinc finger, C2H2 type
A0A087WXS9	[523, 545]	No_PFAM_overlap
O95180	[683, 709]	No_PFAM_overlap
O95625	[745, 780]	C2H2-type zinc finger
P0C7U0	[284, 303]	No_PFAM_overlap
P41229	[361, 385]	PHD-finger
P41229	[1177, 1192]	No_PFAM_overlap
Q15061	[0, 19]	No_PFAM_overlap
Q16270	[19, 165]	Immunoglobulin I-set domain
Q2M3C7	[19, 48]	No_PFAM_overlap
Q2M3C7	[82, 104]	No_PFAM_overlap
Q2M3C7	[1158, 1187]	No_PFAM_overlap
Q2M3C7	[1229, 1300]	No_PFAM_overlap
Q2M3C7	[1336, 1448]	No_PFAM_overlap
Q5XKL5	[1015, 1081]	No_PFAM_overlap
Q5XKL5	[1130, 1157]	No_PFAM_overlap
Q86V15	[466, 506]	No_PFAM_overlap
Q86V15	[1342, 1384]	No_PFAM_overlap
Q86V15	[1505, 1587]	CASZ1-like, zinc finger
Q8NAX2	[14, 35]	Domain of unknown function (DUF4656)
Q8NDL9	[839, 881]	No_PFAM_overlap
Q92824	[625, 1735]	Growth factor receptor domain IV
Q96JI7	[1414, 1434]	No_PFAM_overlap
Q9H6R6	[387, 407]	Variant SH3 domain
Q9NZC7	[373, 389]	No_PFAM_overlap
Q9UK39	[49, 74]	No_PFAM_overlap
Q9Y5A6	[268, 319]	Zinc finger, C2H2 type
Q9Y5B8	[227, 242]	Nucleoside diphosphate kinase
D6RGH6	[0, 60]	No_PFAM_overlap
P04233	[202, 239]	Thyroglobulin type-1 repeat
P22735	[37, 60]	No_PFAM_overlap
P24043	[286, 531]	Laminin EGF domain
P24043	[713, 1174]	Laminin B (Domain IV)
P24043	[1369, 1587]	Laminin B (Domain IV)
P24592	[20, 113]	No_PFAM_overlap
Q13009	[280, 305]	No_PFAM_overlap
Q13572	[346, 412]	No_PFAM_overlap
Q2UY09	[229, 244]	No_PFAM_overlap
Q68DY9	[163, 192]	No_PFAM_overlap
Q68DY9	[202, 226]	No_PFAM_overlap
Q68DY9	[241, 308]	Zinc finger, C2H2 type
Q68DY9	[425, 476]	Zinc finger, C2H2 type
Q6XR72	[395, 437]	No_PFAM_overlap
Q6XR72	[451, 484]	No_PFAM_overlap
Q76KX8	[273, 381]	Zinc finger, C2H2 type
Q8IXR5	[568, 590]	No_PFAM_overlap
Q8TAT5	[242, 294]	No_PFAM_overlap
Q96CK0	[489, 542]	Zinc finger, C2H2 type
Q96G01	[952, 974]	No_PFAM_overlap
Q96MM3	[179, 226]	Zinc finger, C2H2 type
Q96PD2	[2, 20]	No_PFAM_overlap
Q96SR6	[278, 338]	Zinc finger, C2H2 type
Q9P2Z0	[119, 155]	No_PFAM_overlap
O43623	[119, 199]	Zinc finger, C2H2 type
O76074	[68, 88]	No_PFAM_overlap
O95081	[19, 53]	Putative GTPase activating protein for Arf
O95190	[4, 30]	No_PFAM_overlap
P05106	[455, 684]	Integrin beta tail domain
P17026	[46, 97]	Zinc finger, C2H2 type
Q2I0M5	[21, 46]	Furin-like repeat, cysteine-rich
Q3ZCX4	[241, 292]	Zinc finger, C2H2 type
Q7Z3S9	[0, 218]	Calcium-binding EGF domain
Q92619	[703, 747]	No_PFAM_overlap
Q9GZM7	[21, 60]	No_PFAM_overlap
Q9GZM7	[116, 148]	No_PFAM_overlap
Q9NS23	[29, 52]	Phorbol esters/diacylglycerol binding domain (C1 domain)
Q9ULL8	[134, 157]	No_PFAM_overlap
Q9ULL8	[807, 950]	No_PFAM_overlap
A8MTQ0	[50, 80]	No_PFAM_overlap
O60320	[212, 232]	No_PFAM_overlap
O75558	[264, 285]	No_PFAM_overlap
O75829	[271, 298]	No_PFAM_overlap
P07911	[22, 191]	EGF domain
P07911	[279, 321]	Uromodulin-like, D8C domain
P29317	[219, 334]	Ephrin cysteine rich domain
P60371	[0, 364]	Keratin, high sulfur B2 protein
Q8NFU7	[1542, 1572]	No_PFAM_overlap
Q99965	[362, 543]	Disintegrin
Q99965	[584, 644]	No_PFAM_overlap
Q9BQ66	[0, 200]	Keratin, high sulfur B2 protein
Q9H422	[809, 846]	No_PFAM_overlap
Q9H422	[879, 918]	No_PFAM_overlap
Q9P2P6	[810, 839]	No_PFAM_overlap
Q9P2P6	[878, 930]	No_PFAM_overlap
Q9P2P6	[1274, 1312]	No_PFAM_overlap
Q9P2P6	[1330, 1378]	No_PFAM_overlap
Q9P2P6	[1615, 1641]	No_PFAM_overlap
Q9P2P6	[2575, 2595]	No_PFAM_overlap
Q9P2P6	[2862, 2897]	No_PFAM_overlap
Q9P2P6	[2942, 2985]	No_PFAM_overlap
Q9P2P6	[3031, 3066]	No_PFAM_overlap
Q9P2P6	[4099, 4132]	No_PFAM_overlap
Q9P2P6	[4455, 4479]	No_PFAM_overlap
Q9UM82	[372, 417]	No_PFAM_overlap
Q9UM82	[449, 501]	No_PFAM_overlap
A6NFI3	[336, 387]	Zinc finger, C2H2 type
A6NFI3	[682, 733]	Zinc finger, C2H2 type
A6NKB5	[1457, 1478]	No_PFAM_overlap
O60486	[523, 566]	No_PFAM_overlap
O60486	[586, 643]	No_PFAM_overlap
O95271	[86, 104]	No_PFAM_overlap
P0C7M6	[0, 15]	No_PFAM_overlap
P0DKX0	[108, 132]	No_PFAM_overlap
P0DKX0	[147, 173]	No_PFAM_overlap
P0DKX0	[217, 270]	Zinc finger, C2H2 type
P14679	[21, 57]	No_PFAM_overlap
P21506	[197, 279]	Zinc finger, C2H2 type
P47974	[148, 221]	Zinc finger C-x8-C-x5-C-x3-H type (and similar)
P47974	[282, 366]	No_PFAM_overlap
Q03938	[164, 243]	Zinc finger, C2H2 type
Q03938	[304, 355]	Zinc finger, C2H2 type
Q03938	[388, 439]	Zinc finger, C2H2 type
Q16589	[290, 324]	No_PFAM_overlap
Q53H47	[1, 47]	Pre-SET motif
Q53H47	[307, 333]	No_PFAM_overlap
Q5MJ68	[168, 234]	Cell cycle regulatory protein
Q5VV63	[60, 101]	CUB domain
Q5VV63	[242, 280]	Teneurin-like EGF domain
Q5VV63	[614, 767]	No_PFAM_overlap
Q5VV63	[856, 913]	Plexin repeat
Q5VV63	[929, 1101]	Laminin/attractin EGF domain
Q86T96	[92, 116]	No_PFAM_overlap
Q86VH5	[28, 47]	No_PFAM_overlap
Q86Y97	[275, 318]	No_PFAM_overlap
Q86Y97	[353, 373]	No_PFAM_overlap
Q92664	[53, 75]	Zinc finger, C2H2 type
Q92664	[91, 194]	Zinc finger, C2H2 type
Q92664	[208, 262]	Zinc finger, C2H2 type
Q92664	[331, 358]	No_PFAM_overlap
Q9HA38	[50, 84]	Zinc-finger of C2H2 type
Q9HA38	[228, 260]	Zinc-finger double-stranded RNA-binding
O75578	[65, 95]	No_PFAM_overlap
O95639	[122, 171]	Zinc finger C-x8-C-x5-C-x3-H type (and similar)
P13671	[31, 189]	Low-density lipoprotein receptor domain class A
P13671	[510, 653]	Sushi repeat (SCR repeat)
P13671	[731, 807]	Sushi repeat (SCR repeat)
P13671	[825, 872]	Complement component C6, KAZAL domain
P26012	[402, 435]	No_PFAM_overlap
P26012	[457, 671]	Integrin EGF domain
P43403	[79, 111]	SH2 domain
P55291	[569, 591]	No_PFAM_overlap
Q14192	[37, 201]	LIM domain
Q2TAL6	[155, 324]	VWC2L, C-terminal domain
Q8IW52	[331, 360]	No_PFAM_overlap
Q92610	[731, 781]	No_PFAM_overlap
Q92610	[821, 868]	No_PFAM_overlap
Q92610	[883, 906]	No_PFAM_overlap
Q92610	[974, 1027]	No_PFAM_overlap
Q92610	[1115, 1163]	zinc-finger C2H2-type
Q969F8	[11, 33]	No_PFAM_overlap
Q99590	[113, 135]	No_PFAM_overlap
Q99590	[424, 459]	No_PFAM_overlap
Q9BYR4	[0, 194]	Keratin, high sulfur B2 protein
P02751	[41, 61]	Fibronectin type I domain
P29400	[20, 49]	No_PFAM_overlap
P31260	[156, 187]	No_PFAM_overlap
P49746	[255, 548]	Thrombospondin type 3 repeat
Q49A33	[0, 18]	No_PFAM_overlap
Q49A33	[54, 105]	Zinc finger, C2H2 type
Q6AZY7	[11, 48]	No_PFAM_overlap
Q6ZTA4	[0, 39]	No_PFAM_overlap
Q6ZTA4	[136, 171]	No_PFAM_overlap
Q86X02	[154, 176]	No_PFAM_overlap
Q8IX07	[331, 383]	No_PFAM_overlap
Q8IX07	[808, 868]	No_PFAM_overlap
Q8N957	[23, 88]	No_PFAM_overlap
Q8TAU3	[53, 106]	KRAB box
Q8TAU3	[259, 509]	Zinc finger, C2H2 type
Q8WYN3	[493, 524]	No_PFAM_overlap
Q92784	[189, 212]	No_PFAM_overlap
Q92784	[251, 362]	PHD-finger
Q9HB58	[509, 597]	SAND domain
Q9NU22	[4322, 4340]	No_PFAM_overlap
Q9UK12	[136, 285]	Zinc finger, C2H2 type
Q9UK12	[300, 321]	Zinc finger, C2H2 type
Q9UK12	[332, 435]	Zinc finger, C2H2 type
Q9Y3L5	[166, 182]	No_PFAM_overlap
Q9Y5K3	[32, 64]	No_PFAM_overlap
A6NI86	[212, 330]	Putative golgin subfamily A member 2-like protein 5
O75290	[148, 207]	Zinc finger, C2H2 type
O75290	[316, 378]	Zinc finger, C2H2 type
P17010	[447, 502]	Zinc finger, C2H2 type
P17010	[710, 761]	Zinc finger, C2H2 type
P23142	[30, 591]	Calcium-binding EGF domain
P35556	[68, 890]	Fibrillin, first EGF domain
P78358	[64, 85]	No_PFAM_overlap
Q2VPB7	[142, 161]	No_PFAM_overlap
Q6VB84	[287, 308]	No_PFAM_overlap
Q6VB84	[320, 416]	No_PFAM_overlap
Q8IUK5	[345, 365]	Plexin repeat
Q8WV44	[172, 193]	No_PFAM_overlap
Q8WYL5	[640, 686]	No_PFAM_overlap
Q96BQ3	[93, 124]	No_PFAM_overlap
Q96C10	[194, 228]	RIG-I receptor C-terminal domain
Q9H2S9	[150, 233]	Zinc finger, C2H2 type
Q9H2S9	[548, 572]	No_PFAM_overlap
Q9NWK9	[200, 263]	HIT zinc finger
Q9UC06	[93, 154]	Zinc finger, C2H2 type
Q9UFB7	[427, 500]	Zinc finger, C2H2 type
Q9UFB7	[539, 590]	Zinc finger, C2H2 type
Q9UFB7	[623, 691]	Zinc finger, C2H2 type
Q9Y4W2	[688, 708]	No_PFAM_overlap
Q9Y6M5	[422, 456]	No_PFAM_overlap
A0AAG2UUX9	[664, 692]	No_PFAM_overlap
A0AAG2UUX9	[710, 744]	No_PFAM_overlap
O14798	[37, 158]	TNFR/NGFR cysteine-rich region
O14830	[725, 752]	No_PFAM_overlap
O75030	[194, 222]	MITF/TFEB/TFEC/TFE3 N-terminus
O75618	[142, 171]	No_PFAM_overlap
P0C7V6	[198, 253]	Spt20, SEP domain
P0C7V6	[268, 307]	No_PFAM_overlap
P0CG38	[17, 86]	No_PFAM_overlap
Q3SYB3	[287, 308]	No_PFAM_overlap
Q3SYB3	[320, 416]	No_PFAM_overlap
Q7Z4K8	[119, 142]	No_PFAM_overlap
Q7Z4K8	[161, 206]	No_PFAM_overlap
Q86UW9	[185, 210]	No_PFAM_overlap
Q86UW9	[401, 424]	No_PFAM_overlap
Q86UW9	[459, 481]	Deltex C-terminal domain
Q8IY42	[0, 15]	Domain of unknown function (DUF4699)
Q8TAQ5	[121, 181]	Zinc finger, C2H2 type
Q8TAQ5	[298, 461]	Zinc finger, C2H2 type
Q8TF32	[195, 233]	No_PFAM_overlap
Q8TF32	[251, 302]	Zinc-finger double domain
Q96DT7	[265, 284]	No_PFAM_overlap
Q96DT7	[797, 817]	No_PFAM_overlap
Q9H0M5	[0, 18]	No_PFAM_overlap
Q9H0M5	[241, 320]	Zinc finger, C2H2 type
Q9H6P5	[343, 360]	No_PFAM_overlap
Q9HD26	[0, 21]	No_PFAM_overlap
O60481	[286, 304]	Zic proteins zinc finger domain
O60481	[319, 374]	C2H2 zinc finger
P20333	[25, 209]	TNFR/NGFR cysteine-rich region
P20333	[372, 397]	No_PFAM_overlap
Q12968	[79, 125]	No_PFAM_overlap
Q12968	[270, 291]	No_PFAM_overlap
Q13219	[410, 494]	No_PFAM_overlap
Q13219	[936, 1012]	No_PFAM_overlap
Q13219	[1184, 1335]	No_PFAM_overlap
Q13219	[1547, 1626]	No_PFAM_overlap
Q13444	[354, 592]	Disintegrin
Q13444	[624, 692]	No_PFAM_overlap
Q13444	[720, 742]	No_PFAM_overlap
Q14767	[158, 227]	No_PFAM_overlap
Q14767	[350, 436]	No_PFAM_overlap
Q14767	[543, 733]	Calcium-binding EGF domain
Q14767	[837, 1645]	Calcium-binding EGF domain
Q14767	[1694, 1820]	Calcium-binding EGF domain
Q5BJF6	[4, 42]	No_PFAM_overlap
Q86UY8	[25, 45]	No_PFAM_overlap
Q8ND82	[341, 386]	No_PFAM_overlap
Q8ND82	[404, 420]	No_PFAM_overlap
Q8ND82	[433, 449]	No_PFAM_overlap
Q8ND82	[461, 484]	No_PFAM_overlap
Q8ND82	[603, 626]	POGZ-like double zinc finger
Q8ND82	[645, 675]	POGZ-like double zinc finger
Q8TD43	[747, 763]	No_PFAM_overlap
Q92935	[69, 87]	No_PFAM_overlap
Q96ND8	[203, 254]	Zinc finger, C2H2 type
Q9UBN7	[1120, 1140]	Zn-finger in ubiquitin-hydrolases and other protein
Q9Y2F5	[9, 32]	No_PFAM_overlap
Q9Y2F5	[1174, 1205]	No_PFAM_overlap
C9JPN9	[34, 61]	No_PFAM_overlap
O95389	[154, 188]	No_PFAM_overlap
P48740	[132, 158]	CUB domain
Q2MKA7	[27, 52]	Furin-like repeat, cysteine-rich
Q5CZA5	[157, 245]	Zinc finger, C2H2 type
Q5CZA5	[394, 469]	Zinc finger, C2H2 type
Q5T0T0	[260, 287]	No_PFAM_overlap
Q6UX68	[596, 620]	No_PFAM_overlap
Q6UX68	[647, 683]	No_PFAM_overlap
Q96A84	[91, 113]	EMI domain
Q96A84	[123, 146]	No_PFAM_overlap
Q96BR6	[50, 85]	No_PFAM_overlap
Q96BR6	[266, 455]	Zinc finger, C2H2 type
Q9BYT3	[2, 35]	No_PFAM_overlap
Q9HAV5	[0, 127]	TNFR/NGFR cysteine-rich region
Q9UGI0	[56, 116]	No_PFAM_overlap
Q9UGI0	[126, 181]	Zn-finger in Ran binding protein and others
Q9UP38	[105, 122]	Fz domain
Q9Y4R7	[645, 669]	No_PFAM_overlap
P08572	[31, 62]	Collagen triple helix repeat (20 copies)
P17544	[0, 23]	No_PFAM_overlap
Q14527	[781, 821]	Zinc finger, C3HC4 type (RING finger)
Q6IA86	[694, 714]	WD domain, G-beta repeat
Q6IA86	[761, 823]	No_PFAM_overlap
Q6PIS1	[557, 575]	No_PFAM_overlap
Q71RC9	[56, 76]	Small integral membrane protein 5/18/22
Q8TBZ8	[132, 211]	Zinc-finger double domain
Q8WXT5	[287, 308]	No_PFAM_overlap
Q8WXT5	[320, 415]	No_PFAM_overlap
Q969Q0	[1, 24]	Ribosomal protein L44
Q9BYR0	[0, 154]	Keratin, high sulfur B2 protein
Q9HCL0	[911, 932]	No_PFAM_overlap
Q9NR97	[25, 52]	No_PFAM_overlap
Q9NZJ0	[439, 463]	No_PFAM_overlap
Q9NZJ0	[533, 599]	No_PFAM_overlap
Q9NZJ0	[622, 652]	No_PFAM_overlap
Q9NZJ0	[699, 729]	No_PFAM_overlap
Q9UKF2	[389, 568]	ADAM cysteine-rich
Q9UKF2	[601, 658]	No_PFAM_overlap
Q9Y3S1	[1341, 1358]	No_PFAM_overlap
Q9Y6Q6	[26, 151]	Receptor activator of the NF-KB cysteine-rich repeat domain 2
Q9Y6Q6	[252, 321]	No_PFAM_overlap
Q9Y6Q6	[378, 458]	No_PFAM_overlap
A0A1W2PQL4	[107, 367]	Zinc finger, C2H2 type
A6NMD0	[62, 85]	No_PFAM_overlap
A8K8V0	[142, 186]	Zinc finger, C2H2 type
A8K8V0	[303, 374]	Zinc finger, C2H2 type
O76071	[223, 244]	WD domain, G-beta repeat
P20851	[180, 211]	Sushi repeat (SCR repeat)
P22888	[24, 45]	No_PFAM_overlap
P26717	[103, 119]	No_PFAM_overlap
P39060	[323, 341]	Fz domain
P41440	[535, 589]	No_PFAM_overlap
Q13023	[2007, 2063]	No_PFAM_overlap
Q13023	[2143, 2168]	No_PFAM_overlap
Q30KQ7	[20, 41]	Beta defensin
Q3KP44	[46, 68]	Ankyrin repeat
Q4LDE5	[266, 523]	Sushi repeat (SCR repeat)
Q4LDE5	[705, 758]	HYR domain
Q4LDE5	[977, 1137]	Tyrosine-protein kinase ephrin type A/B receptor-like
Q4LDE5	[1190, 1426]	EGF-like domain
Q4LDE5	[1672, 1700]	Sushi repeat (SCR repeat)
Q4LDE5	[1730, 1812]	Sushi repeat (SCR repeat)
Q4LDE5	[2120, 2155]	Sushi repeat (SCR repeat)
Q4LDE5	[2588, 2633]	Sushi repeat (SCR repeat)
Q4LDE5	[3455, 3570]	Sushi repeat (SCR repeat)
Q5HYK9	[79, 186]	Zinc finger, C2H2 type
Q5HYK9	[312, 344]	Zinc finger, C2H2 type
Q5HYK9	[377, 431]	Zinc finger, C2H2 type
Q5QP82	[401, 466]	No_PFAM_overlap
Q5VUA4	[646, 669]	No_PFAM_overlap
Q5VUA4	[2029, 2053]	No_PFAM_overlap
Q7Z2W4	[146, 196]	Zinc-finger antiviral protein (ZAP) zinc finger domain 3
Q7Z2W4	[502, 529]	No_PFAM_overlap
Q8N323	[293, 314]	No_PFAM_overlap
Q8N9V7	[205, 261]	No_PFAM_overlap
Q8NC06	[197, 263]	No_PFAM_overlap
Q92796	[0, 22]	No_PFAM_overlap
Q96DX7	[21, 50]	No_PFAM_overlap
Q96PE2	[1494, 1521]	No_PFAM_overlap
Q96PE2	[1549, 1565]	No_PFAM_overlap
Q9UJJ7	[214, 236]	No_PFAM_overlap
A5A3E0	[17, 89]	No_PFAM_overlap
D6RBM5	[34, 61]	No_PFAM_overlap
O60548	[0, 16]	No_PFAM_overlap
O75636	[15, 51]	No_PFAM_overlap
O75636	[75, 99]	Fibrinogen beta and gamma chains, C-terminal globular domain
P82663	[128, 151]	No_PFAM_overlap
Q03001	[2050, 2096]	No_PFAM_overlap
Q13569	[340, 363]	No_PFAM_overlap
Q6MZW2	[54, 115]	Kazal-type serine protease inhibitor domain
Q8WWX0	[162, 180]	Ankyrin repeats (3 copies)
Q96A61	[172, 193]	No_PFAM_overlap
Q96A61	[204, 233]	B-box zinc finger
Q96E09	[231, 264]	No_PFAM_overlap
Q96EP1	[417, 453]	No_PFAM_overlap
Q9H8M5	[0, 16]	No_PFAM_overlap
Q9Y4X0	[0, 100]	No_PFAM_overlap
A8MVA2	[0, 159]	Keratin, high sulfur B2 protein
O14514	[183, 323]	Thrombospondin type 1 domain
O14514	[355, 614]	Thrombospondin type 1 domain
O75123	[114, 166]	Zinc finger, C2H2 type
O75123	[198, 277]	Zinc finger, C2H2 type
O75197	[1206, 1382]	Low-density lipoprotein receptor domain class A
O75197	[1532, 1552]	No_PFAM_overlap
P17022	[399, 450]	Zinc finger, C2H2 type
P83110	[13, 131]	Insulin-like growth factor binding protein
Q15751	[2970, 3011]	No_PFAM_overlap
Q15751	[3897, 3919]	No_PFAM_overlap
Q6ZNB6	[201, 836]	NF-X1 type zinc finger
Q96B33	[266, 291]	No_PFAM_overlap
Q9NUD5	[328, 402]	Zinc knuckle
A2RTX5	[36, 78]	No_PFAM_overlap
O14607	[500, 537]	No_PFAM_overlap
O14607	[836, 869]	No_PFAM_overlap
O15232	[260, 457]	Trimeric coiled-coil oligomerisation domain of matrilin
O75170	[750, 778]	No_PFAM_overlap
P18564	[396, 685]	Integrin EGF domain
P33076	[0, 31]	No_PFAM_overlap
P35869	[692, 723]	No_PFAM_overlap
P35869	[753, 783]	No_PFAM_overlap
P98155	[17, 413]	Low-density lipoprotein receptor domain class A
P98155	[703, 758]	No_PFAM_overlap
Q15582	[81, 96]	No_PFAM_overlap
Q5T1N1	[593, 689]	No_PFAM_overlap
Q5T9A4	[614, 647]	No_PFAM_overlap
Q6PEZ8	[28, 49]	No_PFAM_overlap
Q8IUE0	[146, 176]	No_PFAM_overlap
Q8N448	[120, 146]	No_PFAM_overlap
Q8TF68	[219, 270]	Zinc finger, C2H2 type
Q8TF68	[308, 389]	Zinc finger, C2H2 type
Q96MX3	[103, 154]	Zinc finger, C2H2 type
Q96MX3	[183, 234]	Zinc finger, C2H2 type
Q96MX3	[266, 345]	Zinc finger, C2H2 type
Q96MX3	[536, 585]	Zinc finger, C2H2 type
Q9C0B0	[79, 156]	UNK-like, CCCH zinc finger
Q9C0B0	[210, 323]	Zinc finger C-x8-C-x5-C-x3-H type (and similar)
Q9C0B0	[360, 392]	No_PFAM_overlap
Q9C0B0	[758, 809]	No_PFAM_overlap
Q9HCG1	[242, 299]	Zinc finger, C2H2 type
Q9P2F5	[159, 241]	No_PFAM_overlap
Q9UF47	[129, 149]	No_PFAM_overlap
Q9UF47	[180, 198]	No_PFAM_overlap
Q9UJN7	[98, 151]	Zinc finger, C2H2 type
Q9UKA1	[658, 690]	No_PFAM_overlap
Q9Y4C1	[268, 313]	No_PFAM_overlap
Q9Y4C1	[326, 373]	No_PFAM_overlap
Q9Y4C1	[456, 506]	No_PFAM_overlap
Q9Y4C1	[525, 561]	No_PFAM_overlap
Q9Y4C1	[742, 762]	No_PFAM_overlap
A0A7I2V3R4	[24, 64]	RING-type zinc-finger
A0A7I2V3R4	[212, 231]	No_PFAM_overlap
O00634	[244, 456]	Laminin/attractin EGF domain
P07602	[187, 209]	No_PFAM_overlap
P0CG37	[78, 131]	Cripto_Frl-1_Cryptic (CFC)
P0CG37	[188, 222]	No_PFAM_overlap
Q07444	[103, 119]	No_PFAM_overlap
Q1XH10	[260, 290]	No_PFAM_overlap
Q1XH10	[311, 335]	No_PFAM_overlap
Q5T5N4	[14, 39]	No_PFAM_overlap
Q8N567	[119, 235]	Zinc knuckle
Q8NDX1	[247, 274]	No_PFAM_overlap
Q96KG7	[74, 824]	EGF-like domain
Q96NZ8	[20, 143]	WAP-type (Whey Acidic Protein) 'four-disulfide core'
Q96NZ8	[288, 425]	Kunitz/Bovine pancreatic trypsin inhibitor domain
Q96NZ8	[482, 500]	No_PFAM_overlap
Q9BRA0	[5, 25]	No_PFAM_overlap
Q9H000	[0, 60]	Zinc finger C-x8-C-x5-C-x3-H type (and similar)
Q9H000	[160, 218]	Zinc finger C-x8-C-x5-C-x3-H type (and similar)
Q9H963	[0, 22]	No_PFAM_overlap
Q9H963	[41, 128]	Zinc finger, C2H2 type
Q9NZM4	[0, 17]	No_PFAM_overlap
Q9Y5X2	[443, 464]	No_PFAM_overlap
A6NK75	[117, 147]	No_PFAM_overlap
A6NK75	[173, 308]	Zinc finger, C2H2 type
A6NK75	[425, 476]	Zinc finger, C2H2 type
O43559	[0, 16]	No_PFAM_overlap
O95185	[267, 372]	Thrombospondin type 1 domain
P0CG40	[297, 348]	Zinc finger, C2H2 type
P28562	[150, 169]	No_PFAM_overlap
P63145	[537, 604]	Zinc knuckle
P63145	[646, 665]	No_PFAM_overlap
P98160	[268, 430]	Immunoglobulin domain
P98160	[718, 942]	Laminin/attractin EGF domain
P98160	[1115, 1343]	Laminin/attractin EGF domain
P98160	[1519, 1707]	Laminin/attractin EGF domain
P98160	[3834, 3930]	EGF-like domain
P98160	[4091, 4185]	EGF-like domain
Q14532	[0, 80]	No_PFAM_overlap
Q14532	[394, 447]	Intermediate filament protein
Q3MIP1	[273, 295]	No_PFAM_overlap
Q6V0I7	[3799, 3823]	No_PFAM_overlap
Q6V0I7	[3857, 3956]	Human growth factor-like EGF
Q6V0I7	[4387, 4408]	No_PFAM_overlap
Q6V0I7	[4423, 4496]	No_PFAM_overlap
Q7Z569	[380, 400]	No_PFAM_overlap
Q8IYB9	[55, 87]	No_PFAM_overlap
Q8IYB9	[105, 145]	No_PFAM_overlap
Q8IYB9	[164, 298]	Zinc finger, C2H2 type
Q8N130	[269, 309]	No_PFAM_overlap
Q8N130	[567, 582]	No_PFAM_overlap
Q9BSW7	[23, 49]	No_PFAM_overlap
Q9H1R3	[238, 266]	No_PFAM_overlap
Q9UIS9	[120, 283]	CXXC zinc finger domain
Q9UKN1	[5327, 5362]	No_PFAM_overlap
Q9Y2X9	[252, 303]	Zinc finger, C2H2 type
P05129	[9, 26]	No_PFAM_overlap
P05129	[78, 101]	Phorbol esters/diacylglycerol binding domain (C1 domain)
P13611	[3082, 3146]	EGF-like domain
Q01860	[58, 79]	No_PFAM_overlap
Q14332	[219, 234]	No_PFAM_overlap
Q5SVQ8	[352, 403]	Zinc finger, C2H2 type
Q5SVQ8	[413, 436]	No_PFAM_overlap
Q5SVQ8	[687, 738]	Zinc finger, C2H2 type
Q5VZF2	[13, 75]	Zinc finger C-x8-C-x5-C-x3-H type (and similar)
Q5VZF2	[315, 350]	No_PFAM_overlap
Q6XUX3	[47, 72]	No_PFAM_overlap
Q6ZMS7	[427, 480]	Zinc finger, C2H2 type
Q86W11	[292, 371]	Zinc finger, C2H2 type
Q8TA94	[54, 117]	No_PFAM_overlap
Q8TA94	[160, 204]	Zinc finger, C2H2 type
Q8TA94	[216, 296]	Zinc finger, C2H2 type
Q9HCP0	[396, 417]	No_PFAM_overlap
Q9NQC1	[191, 222]	PHD-finger
Q9NRH1	[143, 195]	No_PFAM_overlap
Q9NUQ3	[35, 73]	No_PFAM_overlap
Q9P2J8	[267, 320]	Zinc finger, C2H2 type
Q9P2J8	[659, 822]	Zinc finger, C2H2 type
A1A519	[306, 329]	No_PFAM_overlap
O15204	[358, 469]	Reprolysin (M12B) family zinc metalloprotease
O95365	[373, 424]	Zinc finger, C2H2 type
P17041	[68, 119]	Zinc finger, C2H2 type
P60412	[0, 297]	Keratin, high sulfur B2 protein
Q14114	[30, 393]	Low-density lipoprotein receptor domain class A
Q14114	[686, 732]	No_PFAM_overlap
Q6IPX1	[523, 545]	No_PFAM_overlap
Q6PJ61	[519, 544]	No_PFAM_overlap
Q6PJ61	[562, 598]	No_PFAM_overlap
Q6ZMJ2	[28, 48]	No_PFAM_overlap
Q6ZN57	[35, 63]	No_PFAM_overlap
Q6ZN57	[93, 144]	Zinc finger, C2H2 type
Q8IVT5	[145, 166]	No_PFAM_overlap
Q8IVT5	[352, 399]	No_PFAM_overlap
Q8NFZ0	[53, 80]	No_PFAM_overlap
Q8TBE0	[383, 405]	No_PFAM_overlap
Q8TBE0	[428, 489]	No_PFAM_overlap
Q96AC6	[814, 837]	No_PFAM_overlap
Q96N95	[242, 293]	Zinc finger, C2H2 type
Q96PE1	[33, 55]	No_PFAM_overlap
Q96PE1	[1073, 1093]	No_PFAM_overlap
Q96PE1	[1123, 1155]	No_PFAM_overlap
Q96RL6	[462, 482]	No_PFAM_overlap
Q9BYQ6	[0, 194]	Keratin, high sulfur B2 protein
B7ZBB8	[66, 86]	No_PFAM_overlap
B7ZBB8	[113, 136]	No_PFAM_overlap
O95672	[89, 104]	No_PFAM_overlap
P24386	[558, 614]	RAE1/2 domain I, C-terminal region
Q13191	[338, 422]	Zinc finger, C3HC4 type (RING finger)
Q13342	[167, 206]	No_PFAM_overlap
Q13342	[336, 364]	No_PFAM_overlap
Q13342	[443, 468]	No_PFAM_overlap
Q68BL8	[64, 137]	No_PFAM_overlap
Q86Y26	[815, 849]	No_PFAM_overlap
Q8IY22	[307, 324]	No_PFAM_overlap
Q8IY22	[345, 372]	No_PFAM_overlap
Q8N7E2	[0, 20]	No_PFAM_overlap
Q8NBK3	[32, 61]	No_PFAM_overlap
Q8NCF0	[217, 287]	No_PFAM_overlap
Q8NCN4	[17, 37]	No_PFAM_overlap
Q9Y467	[28, 49]	No_PFAM_overlap
Q9Y467	[622, 673]	Zinc finger, C2H2 type
Q9Y467	[931, 954]	C2H2-type zinc finger
Q9Y5W9	[220, 241]	No_PFAM_overlap
O00408	[0, 20]	No_PFAM_overlap
O60303	[1602, 1617]	No_PFAM_overlap
O75610	[240, 270]	Transforming growth factor beta like domain
P10253	[0, 15]	No_PFAM_overlap
Q02086	[494, 541]	Zinc finger, C2H2 type
Q15940	[9, 116]	Zinc finger, C2H2 type
Q6PEW1	[336, 359]	No_PFAM_overlap
Q6UXC1	[23, 74]	MAM domain, meprin/A5/mu
Q6UXC1	[447, 499]	MAM domain, meprin/A5/mu
Q6UXC1	[802, 822]	MAM domain, meprin/A5/mu
Q8IYN0	[0, 18]	No_PFAM_overlap
Q8IYN0	[138, 177]	No_PFAM_overlap
Q8IYN0	[196, 221]	No_PFAM_overlap
Q8IYN0	[252, 305]	Zinc finger, C2H2 type
Q8N398	[74, 110]	Vault protein inter-alpha-trypsin domain
Q8N398	[170, 190]	No_PFAM_overlap
Q8N398	[242, 258]	No_PFAM_overlap
Q8N398	[830, 862]	No_PFAM_overlap
Q8N398	[908, 956]	No_PFAM_overlap
Q8N8B7	[279, 305]	Transcription factor S-II (TFIIS), central domain
Q8TF20	[20, 69]	No_PFAM_overlap
Q8TF20	[200, 251]	Zinc finger, C2H2 type
Q8TF20	[620, 671]	C2H2-type zinc finger
Q96EP0	[206, 250]	No_PFAM_overlap
Q96EP0	[314, 408]	No_PFAM_overlap
Q96EP0	[423, 441]	No_PFAM_overlap
Q96EP0	[739, 755]	No_PFAM_overlap
Q9H165	[101, 130]	No_PFAM_overlap
Q9H165	[152, 184]	No_PFAM_overlap
Q9H165	[733, 814]	Zinc finger, C2H2 type
Q9P2D6	[1141, 1161]	No_PFAM_overlap
A2RRH5	[477, 516]	No_PFAM_overlap
O75200	[258, 336]	No_PFAM_overlap
P30291	[16, 31]	No_PFAM_overlap
Q13753	[15, 205]	Laminin EGF domain
Q13753	[371, 621]	Laminin EGF domain
Q6IV72	[113, 134]	No_PFAM_overlap
Q6IV72	[178, 228]	No_PFAM_overlap
Q86YD5	[12, 119]	Low-density lipoprotein receptor domain class A
Q8N565	[5, 27]	No_PFAM_overlap
Q8NFT8	[27, 141]	EGF-like domain
Q8NFT8	[304, 610]	EGF-like domain
Q8TDW7	[3732, 3762]	No_PFAM_overlap
Q8TDW7	[3782, 3836]	No_PFAM_overlap
Q8TDW7	[4018, 4117]	Human growth factor-like EGF
Q8TDW7	[4284, 4308]	No_PFAM_overlap
Q92794	[1574, 1614]	No_PFAM_overlap
Q9BRP0	[102, 197]	C2H2-type zinc finger
Q9NS67	[350, 370]	No_PFAM_overlap
Q9NU63	[110, 189]	Zinc finger, C2H2 type
Q9NU63	[271, 303]	No_PFAM_overlap
Q9NU63	[373, 390]	No_PFAM_overlap
Q9Y4X5	[383, 399]	No_PFAM_overlap
P15924	[46, 89]	No_PFAM_overlap
P17024	[63, 119]	No_PFAM_overlap
P17024	[134, 198]	No_PFAM_overlap
P17024	[219, 409]	Zinc finger, C2H2 type
Q6ZMT4	[29, 45]	PHD-finger
Q6ZMT4	[738, 797]	No_PFAM_overlap
Q6ZSA7	[219, 236]	No_PFAM_overlap
Q86UP0	[606, 626]	No_PFAM_overlap
Q86W25	[1023, 1042]	No_PFAM_overlap
Q86YE8	[181, 232]	Zinc finger, C2H2 type
Q86YE8	[545, 596]	Zinc finger, C2H2 type
Q8IWK6	[1086, 1134]	No_PFAM_overlap
Q8N7X1	[300, 338]	No_PFAM_overlap
Q8TEU8	[35, 169]	WAP-type (Whey Acidic Protein) 'four-disulfide core'
Q8WZ74	[929, 960]	No_PFAM_overlap
Q99593	[312, 340]	No_PFAM_overlap
Q9NP90	[178, 200]	No_PFAM_overlap
Q9UHX3	[19, 268]	Calcium-binding EGF domain
Q9UIF7	[276, 348]	No_PFAM_overlap
Q9Y5I2	[723, 739]	No_PFAM_overlap
O75164	[657, 725]	No_PFAM_overlap
O95390	[294, 315]	Transforming growth factor beta like domain
Q07157	[1716, 1731]	ZU5 domain
Q09FC8	[47, 81]	No_PFAM_overlap
Q09FC8	[139, 177]	No_PFAM_overlap
Q09FC8	[236, 390]	Zinc finger, C2H2 type
Q13829	[0, 15]	No_PFAM_overlap
Q3KNW1	[143, 183]	Zinc finger, C2H2 type
Q3KNW1	[193, 291]	Zinc finger, C2H2 type
Q86YC2	[744, 777]	No_PFAM_overlap
Q86YC2	[789, 837]	No_PFAM_overlap
Q8TAW3	[221, 252]	No_PFAM_overlap
Q8TAW3	[276, 327]	Zinc finger, C2H2 type
Q96H55	[668, 703]	Myosin head (motor domain)
Q96PQ6	[213, 264]	Zinc finger, C2H2 type
Q96RR4	[47, 71]	No_PFAM_overlap
Q96RR4	[110, 132]	No_PFAM_overlap
Q9BRR0	[268, 328]	Zinc finger, C2H2 type
Q9BRR0	[471, 522]	Zinc finger, C2H2 type
Q9Y6R6	[156, 236]	Zinc finger, C2H2 type
Q9Y6R6	[315, 403]	Zinc finger, C2H2 type
Q9Y6R6	[744, 791]	C2H2-type zinc finger
A0A0M3HER8	[309, 338]	No_PFAM_overlap
D6R9N7	[34, 61]	No_PFAM_overlap
O43167	[272, 336]	Zinc finger, C2H2 type
O95125	[388, 439]	Zinc finger, C2H2 type
O95125	[472, 523]	Zinc finger, C2H2 type
P0DP72	[383, 416]	No_PFAM_overlap
P0DP72	[470, 503]	Immunoglobulin domain
P98169	[198, 233]	No_PFAM_overlap
P98169	[262, 320]	Zinc finger, C2H2 type
P98169	[433, 451]	No_PFAM_overlap
Q14162	[13, 423]	Laminin EGF domain
Q17RG1	[565, 600]	No_PFAM_overlap
Q2M1K9	[60, 99]	No_PFAM_overlap
Q2M1K9	[112, 152]	Zinc finger, C2H2 type
Q2M1K9	[185, 244]	Zinc finger, C2H2 type
Q2M1K9	[254, 309]	No_PFAM_overlap
Q2M1K9	[432, 455]	No_PFAM_overlap
Q2M1K9	[489, 550]	Zinc finger, C2H2 type
Q2M1K9	[661, 676]	No_PFAM_overlap
Q2M1K9	[772, 807]	No_PFAM_overlap
Q2M1K9	[877, 900]	No_PFAM_overlap
Q2M1K9	[921, 973]	C2H2-type zinc finger
Q2M1K9	[1081, 1134]	Zinc finger, C2H2 type
Q2M1K9	[1159, 1225]	No_PFAM_overlap
Q5JRS4	[277, 312]	No_PFAM_overlap
Q5T619	[270, 321]	Zinc finger, C2H2 type
Q6UXG2	[38, 120]	No_PFAM_overlap
Q6UXG2	[274, 342]	No_PFAM_overlap
Q6UXG2	[583, 667]	ELAPOR1-like, mannose 6-phosphate receptor homology domain
Q8IWE5	[752, 774]	PH domain
Q8IWY9	[1002, 1026]	No_PFAM_overlap
Q8IYH5	[153, 181]	No_PFAM_overlap
Q8IYH5	[204, 227]	No_PFAM_overlap
Q8N3G9	[384, 401]	No_PFAM_overlap
Q8NFH8	[14, 36]	No_PFAM_overlap
Q92626	[721, 745]	Animal haem peroxidase
Q96L73	[0, 21]	No_PFAM_overlap
Q96L73	[796, 823]	No_PFAM_overlap
Q96L73	[1530, 1663]	Histone-lysine N-methyltransferase NSD-like, PHD zinc finger 1
Q96L73	[1685, 1708]	Histone-lysine N-methyltransferase NSD-like, variant PHD zinc finger
Q96L73	[2054, 2087]	SET domain
Q96L73	[2110, 2217]	NSD Cys-His rich domain
Q96PV7	[72, 95]	No_PFAM_overlap
Q96PV7	[119, 173]	No_PFAM_overlap
Q96PV7	[318, 386]	No_PFAM_overlap
Q96RU8	[36, 62]	No_PFAM_overlap
Q96SK3	[66, 128]	Zinc finger, C2H2 type
Q96SK3	[161, 211]	Zinc finger, C2H2 type
Q96SK3	[468, 519]	Zinc finger, C2H2 type
Q96SK3	[552, 603]	Zinc finger, C2H2 type
Q9HBK9	[349, 374]	No_PFAM_overlap
A8MUV8	[108, 326]	Zinc finger, C2H2 type
A8MUV8	[387, 472]	Zinc finger, C2H2 type
O15327	[199, 219]	No_PFAM_overlap
O94823	[1392, 1422]	No_PFAM_overlap
O94823	[1433, 1455]	No_PFAM_overlap
O95998	[40, 63]	No_PFAM_overlap
P0CG00	[343, 496]	Zinc finger, C2H2 type
P19883	[77, 325]	Kazal-type serine protease inhibitor domain
P35916	[645, 674]	No_PFAM_overlap
P41743	[102, 131]	PB1 domain
Q03164	[1453, 1551]	PHD-finger
Q03164	[1862, 1885]	No_PFAM_overlap
Q03164	[3950, 3968]	No_PFAM_overlap
Q12986	[347, 910]	NF-X1 type zinc finger
Q12986	[936, 960]	No_PFAM_overlap
Q2TB18	[629, 654]	No_PFAM_overlap
Q6L8G4	[0, 155]	Keratin, high sulfur B2 protein
Q6ZSS3	[170, 249]	Zinc finger, C2H2 type
Q86VV4	[189, 210]	No_PFAM_overlap
Q9H2X6	[840, 866]	No_PFAM_overlap
O15118	[956, 988]	No_PFAM_overlap
O95235	[752, 787]	No_PFAM_overlap
O95235	[849, 875]	No_PFAM_overlap
P07988	[288, 311]	No_PFAM_overlap
P0C7X1	[523, 545]	No_PFAM_overlap
P0DPK4	[0, 275]	Calcium-binding EGF domain
Q2VPA4	[401, 422]	Sushi repeat (SCR repeat)
Q5SZB4	[178, 200]	Domain of unknown function (DUF4685)
Q5TGY1	[608, 633]	No_PFAM_overlap
Q6P9G9	[317, 366]	Zinc finger, C2H2 type
Q70EK8	[888, 926]	No_PFAM_overlap
Q70EK8	[980, 1041]	No_PFAM_overlap
Q75N90	[30, 288]	TB domain
Q75N90	[302, 935]	Human growth factor-like EGF
Q75N90	[987, 1749]	EGF domain
Q75N90	[1877, 2685]	TB domain
Q96GC6	[249, 269]	No_PFAM_overlap
Q96GC6	[462, 521]	Zinc finger, C2H2 type
Q9BWE0	[0, 15]	No_PFAM_overlap
Q9BWE0	[138, 191]	Zinc finger, C2H2 type
Q9BWE0	[227, 278]	Zinc finger, C2H2 type
Q9BWE0	[366, 417]	Zinc finger, C2H2 type
Q9NR96	[251, 274]	Leucine rich repeat
Q9Y4D7	[97, 119]	No_PFAM_overlap
Q9Y4D7	[719, 761]	No_PFAM_overlap
Q9Y4D7	[838, 897]	IPT/TIG domain
A0A1W2PPD8	[370, 400]	No_PFAM_overlap
A0A1W2PPD8	[493, 514]	No_PFAM_overlap
A2RU30	[280, 302]	Ki-ras-induced actin-interacting protein-IP3R-interacting domain
A2RU30	[349, 400]	No_PFAM_overlap
A5PL33	[567, 591]	No_PFAM_overlap
P01042	[81, 154]	Cystatin domain
P01042	[249, 276]	Cystatin domain
P16581	[132, 519]	Lectin C-type domain
P17038	[96, 136]	No_PFAM_overlap
P17038	[165, 244]	C2H2-type zinc finger
P17038	[277, 356]	Zinc finger, C2H2 type
P52741	[41, 90]	No_PFAM_overlap
P52741	[363, 415]	Zinc finger, C2H2 type
P62633	[0, 176]	Zinc knuckle
Q02556	[118, 138]	No_PFAM_overlap
Q15113	[311, 331]	UNC-6/NTR/C345C module
Q53H54	[432, 447]	No_PFAM_overlap
Q8NDQ6	[160, 229]	Zinc finger, C2H2 type
Q8NDQ6	[430, 481]	Zinc finger, C2H2 type
Q8NDQ6	[514, 565]	Zinc finger, C2H2 type
Q92673	[1014, 1555]	Low-density lipoprotein receptor domain class A
Q96JB8	[389, 407]	No_PFAM_overlap
Q9H2K2	[0, 25]	No_PFAM_overlap
Q9UI38	[48, 74]	No_PFAM_overlap
P01857	[77, 121]	Immunoglobulin C1-set domain
P19438	[33, 132]	TNFR/NGFR cysteine-rich region
P19438	[151, 204]	TNFR/NGFR cysteine-rich region
Q04756	[97, 302]	EGF-like domain
Q05066	[29, 55]	No_PFAM_overlap
Q07617	[498, 515]	No_PFAM_overlap
Q5SXM2	[1409, 1450]	No_PFAM_overlap
Q6IE81	[195, 226]	PHD-finger
Q75VX8	[541, 566]	No_PFAM_overlap
Q86TH1	[137, 222]	ADAMTS cysteine-rich domain
Q86TH1	[565, 649]	Thrombospondin type 1 domain
Q8IU80	[444, 577]	Trypsin
Q96FX2	[65, 81]	No_PFAM_overlap
Q9H0D2	[131, 182]	Zinc finger, C2H2 type
Q9H0D2	[378, 402]	No_PFAM_overlap
Q9H0D2	[497, 517]	No_PFAM_overlap
Q9H0D2	[829, 852]	No_PFAM_overlap
Q9HBW9	[14, 114]	Calcium-binding EGF domain
Q9N2J8	[239, 266]	No_PFAM_overlap
Q9NQ69	[0, 22]	No_PFAM_overlap
Q9NQ69	[50, 74]	LIM domain
Q9NV66	[245, 265]	No_PFAM_overlap
Q9NV66	[394, 425]	Radical SAM superfamily
A0A087WUV0	[167, 226]	Zinc finger, C2H2 type
A0A087WUV0	[240, 291]	Zinc finger, C2H2 type
E9PJI5	[343, 364]	No_PFAM_overlap
P37275	[225, 320]	Zinc finger, C2H2 type
P37275	[523, 546]	No_PFAM_overlap
P37275	[895, 946]	Zinc finger, C2H2 type
Q15270	[97, 123]	No_PFAM_overlap
Q32M78	[184, 267]	Zinc finger, C2H2 type
Q6UXB4	[82, 104]	No_PFAM_overlap
Q86UY6	[195, 236]	No_PFAM_overlap
Q86XX4	[27, 1029]	von Willebrand factor type C domain
Q86XX4	[1083, 1105]	Cadherin-like
Q8N3Z6	[232, 273]	Zinc knuckle
Q8N3Z6	[292, 328]	No_PFAM_overlap
Q8N3Z6	[338, 375]	No_PFAM_overlap
Q8N9F8	[207, 288]	Zinc finger, C2H2 type
Q8NB78	[42, 88]	No_PFAM_overlap
Q8NB78	[225, 243]	No_PFAM_overlap
Q8NFU1	[422, 455]	No_PFAM_overlap
Q8WW14	[21, 67]	No_PFAM_overlap
Q8WW14	[179, 226]	No_PFAM_overlap
Q96FN5	[457, 527]	No_PFAM_overlap
Q9C0A1	[439, 522]	No_PFAM_overlap
Q9C0A1	[560, 583]	No_PFAM_overlap
Q9C0A1	[745, 773]	No_PFAM_overlap
Q9C0A1	[970, 1023]	No_PFAM_overlap
Q9C0A1	[1661, 1698]	No_PFAM_overlap
Q9C0A1	[2445, 2509]	No_PFAM_overlap
Q9NR56	[12, 75]	RNA-binding, Nab2-type zinc finger
Q9NRH2	[736, 760]	No_PFAM_overlap
Q9P283	[551, 779]	SEMA5B-like, TSP-1 type 1
Q9P283	[854, 1033]	Thrombospondin type 1 domain
Q9P283	[1055, 1071]	No_PFAM_overlap
Q9UGT4	[20, 53]	No_PFAM_overlap
Q9UGT4	[425, 447]	AMOP domain
Q9UHQ1	[0, 20]	No_PFAM_overlap
Q9UPZ6	[132, 272]	Spondin-like TSP1 domain
Q9UPZ6	[319, 481]	Spondin-like TSP1 domain
Q9UPZ6	[1108, 1419]	Thrombospondin type 1 domain
Q9Y5H5	[723, 741]	No_PFAM_overlap
O15062	[616, 672]	No_PFAM_overlap
P04183	[189, 215]	Thymidine kinase
P13612	[86, 127]	No_PFAM_overlap
P50876	[60, 86]	No_PFAM_overlap
Q12766	[306, 342]	No_PFAM_overlap
Q12766	[613, 654]	No_PFAM_overlap
Q12766	[1114, 1150]	No_PFAM_overlap
Q6F5E8	[141, 159]	No_PFAM_overlap
Q6NZY4	[221, 258]	Zinc knuckle
Q6P1R4	[384, 435]	No_PFAM_overlap
Q6ZW61	[287, 304]	No_PFAM_overlap
Q86WS4	[90, 124]	No_PFAM_overlap
Q8N2I2	[10, 32]	No_PFAM_overlap
Q8N2I2	[44, 89]	No_PFAM_overlap
Q8N2I2	[179, 230]	Zinc finger, C2H2 type
Q8N2I2	[394, 449]	Zinc finger, C2H2 type
Q8N2I2	[478, 503]	No_PFAM_overlap
Q8N841	[848, 890]	No_PFAM_overlap
Q8TE59	[564, 712]	ADAMTS cysteine-rich domain 2
Q8TE59	[922, 1163]	Thrombospondin type 1 domain
Q9H5Y7	[25, 46]	No_PFAM_overlap
Q9HCG7	[10, 69]	No_PFAM_overlap
Q9Y2H6	[739, 783]	Fibronectin type III domain
Q9Y2H6	[850, 883]	Fibronectin type III domain
O60315	[273, 343]	Zinc finger, C2H2 type
O60315	[974, 1041]	Zinc finger, C2H2 type
Q02080	[299, 329]	No_PFAM_overlap
Q08554	[658, 680]	No_PFAM_overlap
Q08554	[824, 874]	No_PFAM_overlap
Q13797	[76, 125]	No_PFAM_overlap
Q14943	[366, 381]	No_PFAM_overlap
Q53TQ3	[7, 25]	KANL2-like, probable zinc-finger domain
Q53TQ3	[381, 516]	KANL2-like, probable zinc-finger domain
Q5T5M9	[349, 371]	No_PFAM_overlap
Q5VWN6	[1211, 1235]	No_PFAM_overlap
Q5VWN6	[1421, 1445]	No_PFAM_overlap
Q5VWN6	[1641, 1661]	No_PFAM_overlap
Q7Z5L7	[57, 83]	No_PFAM_overlap
Q86UR5	[45, 76]	No_PFAM_overlap
Q8TCF1	[0, 107]	AN1-like Zinc finger
Q8WTX9	[378, 409]	No_PFAM_overlap
Q9BW71	[438, 458]	No_PFAM_overlap
Q9H693	[2, 89]	Domain of unknown function (DUF4568)
Q9H693	[102, 157]	Domain of unknown function (DUF4568)
Q9P281	[251, 386]	No_PFAM_overlap
Q9Y6Y1	[186, 203]	No_PFAM_overlap
Q9Y6Y1	[251, 287]	No_PFAM_overlap
Q9Y6Y1	[812, 833]	No_PFAM_overlap
A0PJY2	[279, 386]	Zinc finger, C2H2 type
O00468	[144, 978]	Laminin EGF domain
O00468	[1099, 1122]	No_PFAM_overlap
O00468	[1532, 1633]	EGF-like domain
O00468	[1817, 1859]	No_PFAM_overlap
O15209	[477, 527]	Zinc finger, C2H2 type
O60279	[121, 149]	Extracellular link domain
O94989	[198, 223]	No_PFAM_overlap
O94989	[736, 772]	No_PFAM_overlap
P55268	[284, 557]	Laminin/attractin EGF domain
P55268	[778, 1202]	Laminin/attractin EGF domain
P55268	[1399, 1451]	No_PFAM_overlap
P60413	[0, 244]	Keratin, high sulfur B2 protein
Q03924	[41, 74]	No_PFAM_overlap
Q03924	[100, 136]	No_PFAM_overlap
Q03924	[156, 207]	Zinc-finger double domain
Q5JY77	[1131, 1149]	No_PFAM_overlap
Q8IY92	[285, 348]	No_PFAM_overlap
Q8N2E2	[153, 188]	VWDE-like, immunoglobulin domain
Q8N2E2	[894, 933]	No_PFAM_overlap
Q8N2E2	[1060, 1077]	No_PFAM_overlap
Q8N2E2	[1156, 1198]	No_PFAM_overlap
Q8N2E2	[1212, 1589]	No_PFAM_overlap
Q8N8E2	[110, 253]	Zinc finger, C2H2 type
Q8N8E2	[266, 488]	Zinc finger, C2H2 type
Q96G75	[370, 388]	RING-type zinc-finger
Q96GX2	[59, 84]	No_PFAM_overlap
Q96M86	[140, 171]	No_PFAM_overlap
Q9NTW7	[135, 276]	Zinc finger, C2H2 type
Q9NTW7	[290, 372]	Zinc finger, C2H2 type
Q9NTW7	[433, 537]	Zinc finger, C2H2 type
Q9NTW7	[571, 606]	No_PFAM_overlap
A0A087WVF3	[523, 545]	No_PFAM_overlap
A6NIN4	[7, 89]	RING-type zinc-finger
B4DXR9	[105, 129]	No_PFAM_overlap
B4DXR9	[269, 320]	Zinc finger, C2H2 type
O94761	[849, 866]	No_PFAM_overlap
O94761	[937, 978]	No_PFAM_overlap
P00742	[46, 186]	Vitamin K-dependent carboxylation/gamma-carboxyglutamic (GLA) domain
P11717	[868, 892]	Cation-independent mannose-6-phosphate receptor repeat
P15822	[380, 445]	Zinc finger, C2H2 type
P15822	[1544, 1582]	No_PFAM_overlap
P15822	[2079, 2127]	Zinc finger, C2H2 type
P29376	[69, 90]	No_PFAM_overlap
P29376	[370, 420]	No_PFAM_overlap
Q02446	[614, 663]	Zinc finger, C2H2 type
Q5VY43	[18, 743]	Platelet endothelial aggregation receptor 1-like, EGF domain
Q8NEP7	[170, 221]	No_PFAM_overlap
Q8TD19	[867, 918]	No_PFAM_overlap
Q8TD19	[957, 978]	No_PFAM_overlap
Q96CW9	[286, 521]	Laminin EGF domain
Q96NG8	[190, 241]	Zinc finger, C2H2 type
Q96PE3	[382, 397]	No_PFAM_overlap
Q96PE3	[916, 946]	No_PFAM_overlap
Q99592	[401, 476]	C2H2-type zinc finger
Q9GZX5	[225, 278]	Zinc finger, C2H2 type
Q9UQ49	[407, 424]	No_PFAM_overlap
Q9Y6N7	[983, 1007]	No_PFAM_overlap
A0A087X179	[523, 545]	No_PFAM_overlap
A0A0U1RQI7	[279, 327]	No_PFAM_overlap
A0A0U1RQI7	[349, 383]	No_PFAM_overlap
A0A0U1RQI7	[405, 481]	No_PFAM_overlap
A0A0U1RQI7	[531, 607]	No_PFAM_overlap
A0A0U1RQI7	[629, 719]	No_PFAM_overlap
A0A0U1RQI7	[769, 845]	No_PFAM_overlap
A0A0U1RQI7	[936, 1051]	Zinc finger, C2H2 type
O60269	[215, 253]	No_PFAM_overlap
O60269	[269, 302]	No_PFAM_overlap
O75116	[1277, 1313]	No_PFAM_overlap
P08603	[73, 94]	Sushi repeat (SCR repeat)
P08603	[613, 642]	Sushi repeat (SCR repeat)
P17021	[181, 260]	Zinc finger, C2H2 type
P17021	[376, 428]	Zinc finger, C2H2 type
P51797	[0, 31]	No_PFAM_overlap
Q13049	[95, 143]	No_PFAM_overlap
Q68EA5	[69, 120]	No_PFAM_overlap
Q68EA5	[131, 268]	Zinc finger, C2H2 type
Q6PKC3	[466, 487]	No_PFAM_overlap
Q7Z340	[234, 379]	Zinc finger, C2H2 type
Q86TI0	[377, 408]	Phosphotyrosine interaction domain (PTB/PID)
Q8N344	[6, 32]	No_PFAM_overlap
Q8N344	[516, 544]	No_PFAM_overlap
Q8N6M9	[0, 144]	ZFAND2A/B-like C2H2 zinc finger
Q96NU1	[2, 27]	No_PFAM_overlap
Q96RG2	[79, 111]	No_PFAM_overlap
Q96RG2	[557, 577]	No_PFAM_overlap
Q96RG2	[676, 724]	No_PFAM_overlap
Q96RG2	[748, 838]	No_PFAM_overlap
Q99741	[127, 165]	No_PFAM_overlap
Q9H175	[460, 481]	No_PFAM_overlap
Q9UIM3	[157, 177]	No_PFAM_overlap
Q9ULB1	[217, 264]	No_PFAM_overlap
Q9ULB1	[1066, 1128]	No_PFAM_overlap
A0A0B4J1W7	[343, 364]	No_PFAM_overlap
P06127	[190, 215]	No_PFAM_overlap
P06127	[233, 258]	No_PFAM_overlap
P06127	[320, 353]	No_PFAM_overlap
P08581	[84, 108]	No_PFAM_overlap
P08922	[73, 93]	No_PFAM_overlap
P08922	[2270, 2345]	No_PFAM_overlap
P09564	[215, 239]	No_PFAM_overlap
Q14592	[181, 238]	Zinc finger, C2H2 type
Q14592	[299, 315]	Zinc finger, C2H2 type
Q14592	[411, 455]	Zinc finger, C2H2 type
Q15569	[560, 615]	No_PFAM_overlap
Q2M3X9	[243, 294]	Zinc finger, C2H2 type
Q3MJ13	[1081, 1101]	WDR72, alpha-solenoid domain
Q53GI3	[281, 326]	No_PFAM_overlap
Q53GI3	[349, 400]	Zinc finger, C2H2 type
Q6ZN06	[234, 481]	Zinc finger, C2H2 type
Q6ZN17	[118, 173]	Lin-28A-like, second zinc knuckle
Q8NCG7	[249, 276]	No_PFAM_overlap
Q8NCG7	[304, 321]	No_PFAM_overlap
Q99466	[24, 1293]	Calcium-binding EGF domain
Q99466	[1541, 1567]	No_PFAM_overlap
Q99466	[1585, 1634]	Ankyrin repeats (3 copies)
Q99466	[1850, 1872]	No_PFAM_overlap
Q99466	[1940, 1981]	No_PFAM_overlap
Q9H4S2	[36, 70]	No_PFAM_overlap
Q9H4S2	[220, 241]	No_PFAM_overlap
Q9UBG0	[1232, 1258]	Lectin C-type domain
O95613	[613, 633]	No_PFAM_overlap
O95789	[98, 150]	MYM-type Zinc finger with FCS sequence motif
O95789	[184, 258]	No_PFAM_overlap
O95789	[751, 780]	No_PFAM_overlap
Q5H9M0	[251, 277]	No_PFAM_overlap
Q5H9M0	[302, 322]	No_PFAM_overlap
Q6PCT2	[639, 693]	No_PFAM_overlap
Q86XN6	[236, 427]	C2H2-type zinc finger
Q8WW36	[0, 165]	Zinc knuckle
Q96QP1	[463, 485]	No_PFAM_overlap
Q9NS56	[29, 58]	No_PFAM_overlap
Q9NS56	[92, 111]	Zinc finger, C3HC4 type (RING finger)
Q9NS56	[1026, 1044]	No_PFAM_overlap
Q9NUA8	[746, 780]	No_PFAM_overlap
Q9NUA8	[798, 850]	Zinc finger, C2H2 type
Q9NUA8	[912, 964]	Zinc finger, C2H2 type
Q9NUA8	[1037, 1107]	No_PFAM_overlap
Q9UKW4	[182, 204]	RhoGEF domain
O75592	[743, 823]	No_PFAM_overlap
O75592	[3179, 3207]	No_PFAM_overlap
O75592	[3230, 3286]	No_PFAM_overlap
O75592	[4250, 4276]	No_PFAM_overlap
O75592	[4338, 4432]	No_PFAM_overlap
O75592	[4552, 4596]	No_PFAM_overlap
O75592	[4618, 4673]	No_PFAM_overlap
P17020	[34, 76]	No_PFAM_overlap
P17020	[144, 180]	No_PFAM_overlap
P17020	[200, 251]	No_PFAM_overlap
P28907	[0, 19]	No_PFAM_overlap
P51843	[93, 144]	Nuclear receptor repeat
P59510	[475, 631]	ADAMTS cysteine-rich domain
P59510	[848, 1136]	Thrombospondin type 1 domain
P59510	[1154, 1287]	Thrombospondin type 1 domain
P59510	[1305, 1646]	Thrombospondin type 1 domain
Q03989	[264, 284]	No_PFAM_overlap
Q15005	[6, 28]	No_PFAM_overlap
Q6PFW1	[1253, 1348]	No_PFAM_overlap
Q6WRI0	[243, 265]	No_PFAM_overlap
Q86UT5	[70, 114]	No_PFAM_overlap
Q8IYI8	[95, 120]	No_PFAM_overlap
Q8IYI8	[133, 186]	Zinc finger, C2H2 type
Q8IYI8	[214, 439]	C2H2-type zinc finger
Q8IYI8	[449, 497]	No_PFAM_overlap
Q8NCT1	[364, 385]	No_PFAM_overlap
Q8WYB5	[205, 326]	PHD-finger
Q8WYB5	[1684, 1778]	No_PFAM_overlap
Q96PU4	[320, 366]	PHD-finger
Q96PU4	[421, 448]	SAD/SRA domain
Q9BU70	[5, 55]	tRNA-methyltransferase O N-terminal domain
Q9H3T2	[516, 554]	No_PFAM_overlap
Q9H3T2	[620, 638]	No_PFAM_overlap
Q9NVH0	[350, 376]	No_PFAM_overlap
O95239	[1075, 1126]	No_PFAM_overlap
O95239	[1148, 1180]	No_PFAM_overlap
P08151	[6, 27]	No_PFAM_overlap
P08151	[166, 198]	No_PFAM_overlap
P08151	[226, 284]	C2H2 zinc finger
P34931	[606, 631]	Hsp70 protein
P54760	[212, 329]	Tyrosine-protein kinase ephrin type A/B receptor-like
P57059	[674, 698]	No_PFAM_overlap
P57059	[745, 776]	No_PFAM_overlap
P58317	[0, 50]	No_PFAM_overlap
P58317	[163, 214]	Zinc-finger double domain
P58317	[250, 326]	Zinc finger, C2H2 type
Q2TB10	[0, 27]	No_PFAM_overlap
Q2TB10	[221, 244]	No_PFAM_overlap
Q2TB10	[278, 302]	No_PFAM_overlap
Q6P280	[301, 352]	Zinc finger, C2H2 type
Q6V9R5	[225, 302]	Zinc finger, C2H2 type
Q8IYT8	[275, 311]	No_PFAM_overlap
Q8IYT8	[337, 397]	No_PFAM_overlap
Q8IYT8	[480, 501]	No_PFAM_overlap
Q8IYT8	[750, 777]	No_PFAM_overlap
Q8TAT6	[576, 607]	No_PFAM_overlap
Q96RK0	[495, 530]	No_PFAM_overlap
Q9BQA5	[190, 362]	C2H2-type zinc finger
Q9H2H0	[26, 59]	No_PFAM_overlap
Q9H2H0	[100, 181]	CXXC zinc finger domain
Q9H9P8	[22, 42]	No_PFAM_overlap
Q9NQ36	[29, 483]	EGF domain
Q9NQ36	[561, 585]	No_PFAM_overlap
Q9NQ36	[616, 818]	CUB domain
Q9UJ96	[0, 18]	No_PFAM_overlap
Q9UPW5	[556, 580]	No_PFAM_overlap
O94972	[41, 64]	No_PFAM_overlap
P17643	[23, 74]	No_PFAM_overlap
P17643	[99, 122]	No_PFAM_overlap
P52429	[133, 175]	No_PFAM_overlap
Q13467	[164, 194]	No_PFAM_overlap
Q13467	[207, 223]	No_PFAM_overlap
Q13467	[531, 548]	Frizzled/Smoothened family membrane region
Q5H9S7	[0, 16]	No_PFAM_overlap
Q5VV16	[287, 308]	No_PFAM_overlap
Q5VV16	[320, 415]	No_PFAM_overlap
Q8NBV8	[53, 69]	No_PFAM_overlap
Q96IF1	[327, 347]	LIM domain
Q96PX8	[330, 358]	No_PFAM_overlap
Q99708	[543, 576]	No_PFAM_overlap
Q99708	[612, 643]	No_PFAM_overlap
Q99708	[862, 884]	No_PFAM_overlap
Q99972	[36, 70]	No_PFAM_overlap
Q9H4Z2	[486, 503]	No_PFAM_overlap
Q9H4Z2	[514, 537]	No_PFAM_overlap
Q9H4Z2	[673, 708]	No_PFAM_overlap
Q9H4Z2	[1010, 1061]	No_PFAM_overlap
Q9NSD4	[92, 143]	Zinc finger, C2H2 type
Q9NSD4	[172, 223]	Zinc finger, C2H2 type
O95206	[944, 973]	No_PFAM_overlap
P37023	[23, 91]	No_PFAM_overlap
P78509	[675, 702]	No_PFAM_overlap
P78509	[2482, 2516]	No_PFAM_overlap
P78509	[2855, 2879]	No_PFAM_overlap
Q12947	[425, 443]	No_PFAM_overlap
Q14126	[581, 606]	No_PFAM_overlap
Q3MJ62	[219, 291]	Zinc finger, C2H2 type
Q53RD9	[70, 90]	No_PFAM_overlap
Q53RD9	[103, 339]	EGF-like domain
Q6ZQQ2	[1446, 1483]	No_PFAM_overlap
Q6ZQQ2	[1525, 1548]	No_PFAM_overlap
Q8WU20	[0, 16]	No_PFAM_overlap
Q96KP6	[238, 279]	Leucine zipper of domain CC2 of NEMO, NF-kappa-B essential modulator
Q9BYP9	[0, 153]	Keratin, high sulfur B2 protein
Q9NP64	[125, 149]	No_PFAM_overlap
Q9NX31	[187, 213]	No_PFAM_overlap
Q9Y676	[83, 114]	Ribosomal protein S18
O14771	[308, 359]	Zinc-finger double domain
O15090	[265, 288]	No_PFAM_overlap
O15090	[363, 384]	Zinc finger, C2H2 type
O75096	[10, 441]	Low-density lipoprotein receptor domain class A
O75096	[691, 732]	No_PFAM_overlap
O75096	[1606, 1657]	No_PFAM_overlap
O75096	[1686, 1716]	No_PFAM_overlap
O95407	[38, 209]	TNFR/NGFR cysteine-rich region
O95477	[1454, 1483]	No_PFAM_overlap
P17483	[49, 69]	No_PFAM_overlap
P27037	[31, 55]	No_PFAM_overlap
P27037	[83, 105]	No_PFAM_overlap
Q13361	[122, 172]	Microfibril-associated glycoprotein (MAGP)
Q5JPB2	[135, 186]	Zinc finger, C2H2 type
Q5JPB2	[1330, 1380]	No_PFAM_overlap
Q5JPB2	[1397, 1435]	No_PFAM_overlap
Q6AW86	[248, 299]	Zinc finger, C2H2 type
Q6AW86	[416, 467]	Zinc finger, C2H2 type
Q6ULP2	[354, 375]	No_PFAM_overlap
Q7Z398	[174, 245]	Zinc finger, C2H2 type
Q7Z444	[204, 232]	No_PFAM_overlap
Q86UQ4	[4311, 4333]	No_PFAM_overlap
Q8IVF5	[122, 149]	No_PFAM_overlap
Q8IY17	[470, 500]	No_PFAM_overlap
Q8IY17	[1301, 1329]	No_PFAM_overlap
Q8IYP9	[13, 44]	No_PFAM_overlap
Q8N135	[24, 42]	No_PFAM_overlap
Q8N3S3	[402, 443]	No_PFAM_overlap
Q92831	[1, 21]	No_PFAM_overlap
Q92831	[31, 61]	No_PFAM_overlap
Q96K58	[13, 36]	No_PFAM_overlap
Q96K58	[75, 184]	Zinc finger, C2H2 type
Q96K58	[355, 406]	Zinc finger, C2H2 type
Q96K58	[507, 558]	Zinc finger, C2H2 type
Q9C091	[228, 256]	GREB1 N-terminal domain
Q9P1A6	[4, 39]	No_PFAM_overlap
Q9P1A6	[82, 153]	No_PFAM_overlap
A5PKW4	[0, 24]	No_PFAM_overlap
B4DS77	[18, 39]	No_PFAM_overlap
O15054	[13, 56]	No_PFAM_overlap
O95696	[188, 229]	Enhancer of polycomb-like
O95696	[374, 420]	PHD-zinc-finger like domain
P27540	[245, 300]	PAS fold
P27540	[338, 361]	No_PFAM_overlap
P40238	[182, 215]	No_PFAM_overlap
P40238	[324, 350]	No_PFAM_overlap
P40238	[574, 626]	No_PFAM_overlap
P49639	[12, 56]	No_PFAM_overlap
Q16670	[248, 324]	Zinc finger, C2H2 type
Q16820	[597, 639]	No_PFAM_overlap
Q16821	[696, 720]	No_PFAM_overlap
Q56UN5	[605, 636]	No_PFAM_overlap
Q658N2	[303, 344]	WSC domain
Q6PGQ1	[127, 165]	No_PFAM_overlap
Q6PGQ1	[176, 200]	No_PFAM_overlap
Q8TAP4	[0, 17]	LIM domain
Q9H707	[82, 105]	No_PFAM_overlap
Q9H707	[190, 254]	No_PFAM_overlap
Q9ULD2	[94, 128]	No_PFAM_overlap
Q9UQF0	[20, 36]	No_PFAM_overlap
O00311	[340, 372]	Protein kinase domain
O14672	[424, 642]	Disintegrin
O43316	[276, 302]	No_PFAM_overlap
P35443	[247, 630]	Cartilage oligomeric matrix protein
Q14593	[85, 107]	No_PFAM_overlap
Q14593	[139, 178]	No_PFAM_overlap
Q14593	[197, 239]	Zinc finger, C2H2 type
Q14593	[309, 360]	Zinc finger, C2H2 type
Q3ZCN5	[291, 306]	No_PFAM_overlap
Q3ZCN5	[349, 489]	C8 domain
Q3ZCN5	[805, 906]	No_PFAM_overlap
Q3ZCN5	[1105, 1131]	No_PFAM_overlap
Q3ZCN5	[1462, 1478]	No_PFAM_overlap
Q3ZCN5	[1506, 1533]	No_PFAM_overlap
Q3ZCN5	[1722, 1737]	No_PFAM_overlap
Q3ZCN5	[1797, 1827]	C8 domain
Q3ZCN5	[1839, 2097]	Otogelin-like Fn1-VW hybrid domain
Q3ZCN5	[2165, 2194]	No_PFAM_overlap
Q3ZCN5	[2229, 2310]	No_PFAM_overlap
Q5GFL6	[217, 258]	No_PFAM_overlap
Q63HN8	[0, 30]	No_PFAM_overlap
Q63HN8	[3963, 3982]	No_PFAM_overlap
Q6AZW8	[23, 92]	Zinc finger, C2H2 type
Q6NX45	[142, 193]	Zinc finger, C2H2 type
Q86YS7	[444, 466]	No_PFAM_overlap
Q86YS7	[981, 999]	No_PFAM_overlap
Q96NI6	[570, 626]	No_PFAM_overlap
Q96PX9	[477, 509]	No_PFAM_overlap
Q96PX9	[884, 917]	No_PFAM_overlap
Q9BSJ5	[417, 442]	No_PFAM_overlap
Q9BSJ5	[586, 608]	No_PFAM_overlap
Q9BVS5	[28, 90]	No_PFAM_overlap
Q9BX10	[1, 22]	No_PFAM_overlap
Q9H5J0	[463, 514]	Zinc finger, C2H2 type
Q9UGM3	[552, 654]	Scavenger receptor cysteine-rich domain
Q9UKN5	[536, 562]	PR domain zinc finger protein 2, PR domain
Q9UKN5	[581, 597]	No_PFAM_overlap
Q9UKN5	[609, 660]	Zinc finger, C2H2 type
Q9UPP2	[183, 221]	No_PFAM_overlap
Q9UPP2	[1106, 1130]	No_PFAM_overlap
Q9Y3M9	[199, 250]	Zinc finger, C2H2 type
Q9Y3M9	[676, 727]	Zinc finger, C2H2 type
Q9Y4D2	[319, 342]	No_PFAM_overlap
Q9Y4D2	[607, 628]	No_PFAM_overlap
Q9Y6Q3	[169, 206]	No_PFAM_overlap
Q9Y6Q3	[231, 263]	No_PFAM_overlap
Q9Y6Q3	[278, 419]	Zinc finger, C2H2 type
O14628	[194, 209]	No_PFAM_overlap
O14628	[235, 413]	Zinc finger, C2H2 type
O14628	[429, 536]	Zinc finger, C2H2 type
O75077	[490, 653]	Disintegrin
O75077	[681, 777]	ADAM cysteine-rich
O76076	[19, 249]	von Willebrand factor type C domain
O94827	[931, 954]	No_PFAM_overlap
P16144	[417, 661]	Integrin beta epidermal growth factor like domain 1
P41002	[638, 658]	No_PFAM_overlap
P41002	[728, 757]	No_PFAM_overlap
Q6ZRC1	[294, 352]	No_PFAM_overlap
Q6ZRC1	[415, 435]	No_PFAM_overlap
Q76NI1	[867, 894]	No_PFAM_overlap
Q8NEZ5	[0, 17]	No_PFAM_overlap
Q93038	[20, 190]	TNFR/NGFR cysteine-rich region
Q96B86	[134, 178]	Repulsive guidance molecule (RGM) C-terminal domain
Q9H2S6	[0, 16]	No_PFAM_overlap
Q9Y576	[18, 45]	Ankyrin repeats (3 copies)
A6NHJ4	[221, 242]	No_PFAM_overlap
A6NHJ4	[260, 412]	Zinc finger, C2H2 type
A6NHJ4	[445, 496]	Zinc finger, C2H2 type
H0YKK7	[212, 358]	Putative golgin subfamily A member 2-like protein 5
O95201	[299, 350]	Zinc finger, C2H2 type
P30203	[118, 204]	Scavenger receptor cysteine-rich domain
P36406	[117, 219]	B-box zinc finger
P60014	[0, 250]	Keratin, high sulfur B2 protein
Q14031	[18, 51]	Collagen triple helix repeat (20 copies)
Q3KP31	[61, 114]	Zinc finger, C2H2 type
Q3KP31	[151, 258]	Zinc finger, C2H2 type
Q3KP31	[291, 370]	Zinc finger, C2H2 type
Q5T5X7	[800, 826]	BEN domain
Q5TCX8	[800, 888]	No_PFAM_overlap
Q5VTM2	[659, 677]	No_PFAM_overlap
Q66K79	[19, 60]	Fz domain
Q6NX49	[202, 232]	No_PFAM_overlap
Q6NX49	[256, 450]	Zinc finger, C2H2 type
Q6PJ21	[60, 102]	No_PFAM_overlap
Q6PJ21	[250, 291]	SPRY domain
Q6WN34	[50, 183]	von Willebrand factor type C domain
Q7Z2Z2	[923, 955]	No_PFAM_overlap
Q86TG7	[287, 307]	No_PFAM_overlap
Q8IYX4	[121, 142]	RNA recognition motif
Q8IZ13	[21, 39]	No_PFAM_overlap
Q8N144	[254, 285]	No_PFAM_overlap
Q8N2Y8	[11, 39]	No_PFAM_overlap
Q8N2Y8	[179, 200]	No_PFAM_overlap
Q8N2Y8	[231, 261]	No_PFAM_overlap
Q8N2Y8	[292, 321]	No_PFAM_overlap
Q8N2Y8	[340, 424]	No_PFAM_overlap
Q8N3X6	[13, 41]	No_PFAM_overlap
Q8N3X6	[66, 111]	No_PFAM_overlap
Q8WWW8	[228, 243]	No_PFAM_overlap
Q9HCJ2	[322, 340]	No_PFAM_overlap
Q9NR48	[2268, 2285]	No_PFAM_overlap
Q9NR83	[302, 379]	Zinc finger protein 704 C-terminal domain
A6NNA2	[130, 156]	No_PFAM_overlap
B2RUY7	[69, 221]	VWC2L-like domain
O60304	[316, 367]	Zinc finger, C2H2 type
P0C869	[670, 698]	No_PFAM_overlap
P0CG39	[22, 44]	No_PFAM_overlap
P0CG39	[54, 81]	No_PFAM_overlap
Q14147	[1068, 1099]	No_PFAM_overlap
Q6FHJ7	[160, 185]	No_PFAM_overlap
Q6GQQ9	[709, 739]	No_PFAM_overlap
Q7L945	[90, 115]	No_PFAM_overlap
Q7L945	[158, 209]	Zinc finger, C2H2 type
Q86SE9	[131, 154]	No_PFAM_overlap
Q8NAP3	[250, 272]	No_PFAM_overlap
Q8NAP3	[333, 402]	No_PFAM_overlap
Q8NAP3	[941, 996]	No_PFAM_overlap
Q8NAP3	[1110, 1143]	No_PFAM_overlap
Q8NF99	[254, 327]	Zinc finger, C2H2 type
Q8WVD3	[15, 114]	Zinc finger, C3HC4 type (RING finger)
Q96QS3	[0, 25]	No_PFAM_overlap
Q9BY12	[1066, 1082]	No_PFAM_overlap
Q9P2E7	[929, 958]	No_PFAM_overlap
Q9UJQ4	[63, 89]	No_PFAM_overlap
Q9UJQ4	[557, 640]	Zinc finger, C2H2 type
Q9Y2L1	[25, 46]	No_PFAM_overlap
A6NJL1	[346, 397]	Zinc finger, C2H2 type
E5RHQ5	[256, 283]	No_PFAM_overlap
O14793	[263, 283]	Transforming growth factor beta like domain
O60284	[357, 445]	Zinc finger, C2HC type
O60284	[713, 849]	Zinc finger, C2HC type
O75084	[224, 243]	No_PFAM_overlap
P17097	[141, 294]	Zinc finger, C2H2 type
P17097	[404, 485]	Zinc finger, C2H2 type
Q9BZ76	[665, 693]	No_PFAM_overlap
Q9BZ76	[711, 741]	No_PFAM_overlap
Q9BZ76	[947, 990]	No_PFAM_overlap
Q9NV58	[139, 155]	No_PFAM_overlap
Q9NV58	[166, 186]	No_PFAM_overlap
Q9P209	[234, 283]	No_PFAM_overlap
A7KAX9	[1486, 1505]	No_PFAM_overlap
H3BNL1	[136, 157]	No_PFAM_overlap
Q01668	[1822, 1848]	No_PFAM_overlap
Q5GH73	[43, 82]	No_PFAM_overlap
Q6UXX9	[20, 51]	Furin-like repeat, cysteine-rich
Q7Z309	[220, 244]	No_PFAM_overlap
Q86VD1	[843, 863]	No_PFAM_overlap
Q8TAU0	[113, 137]	No_PFAM_overlap
Q96JM7	[109, 152]	No_PFAM_overlap
Q99715	[2709, 2748]	Collagen triple helix repeat (20 copies)
Q9HCB6	[432, 729]	Thrombospondin type 1 domain
Q9NZB8	[10, 40]	No_PFAM_overlap
Q9UHI6	[407, 423]	No_PFAM_overlap
Q9Y5H8	[721, 741]	No_PFAM_overlap
A0A087X1G2	[523, 545]	No_PFAM_overlap
B6SEH8	[118, 186]	No_PFAM_overlap
O00339	[263, 299]	Coagulation Factor Xa inhibitory site
O00339	[311, 654]	Complement Clr-like EGF-like
O60663	[2, 98]	LIM domain
P23276	[75, 91]	No_PFAM_overlap
Q13360	[113, 141]	No_PFAM_overlap
Q13360	[198, 298]	Zinc-finger double domain
Q7LBC6	[901, 923]	No_PFAM_overlap
Q7LBC6	[1113, 1135]	No_PFAM_overlap
Q7Z570	[407, 431]	ZNF804A small beta sheet domain
Q7Z570	[446, 502]	ZNF804A small beta sheet domain
Q7Z570	[594, 627]	No_PFAM_overlap
Q7Z570	[712, 741]	No_PFAM_overlap
Q8N884	[385, 408]	Mab-21 protein nucleotidyltransferase domain
Q8WYK1	[546, 593]	No_PFAM_overlap
Q8WYK1	[663, 687]	No_PFAM_overlap
Q8WYK1	[709, 741]	No_PFAM_overlap
Q8WYK1	[945, 997]	No_PFAM_overlap
Q96C28	[139, 276]	Zinc finger, C2H2 type
Q9P0U4	[369, 403]	CpG binding protein C-terminal domain
P29322	[274, 334]	Fibronectin type III domain
P51814	[360, 411]	Zinc finger, C2H2 type
Q08AN1	[152, 227]	Zinc finger, C2H2 type
Q5T4F7	[173, 194]	No_PFAM_overlap
Q5W0B1	[50, 74]	Zinc finger, C3HC4 type (RING finger)
Q5W0B1	[310, 347]	No_PFAM_overlap
Q5W0B1	[364, 406]	No_PFAM_overlap
Q5W0B1	[447, 479]	No_PFAM_overlap
Q76LX8	[294, 466]	Thrombospondin type 1 domain
Q76LX8	[713, 873]	Thrombospondin type 1 domain
Q76LX8	[893, 1139]	Thrombospondin type 1 domain
Q7Z6G8	[396, 423]	No_PFAM_overlap
Q96N58	[222, 251]	No_PFAM_overlap
Q96N58	[264, 589]	Zinc finger, C2H2 type
Q96PE6	[158, 321]	Zinc finger, C2H2 type
Q9C0D7	[411, 437]	No_PFAM_overlap
Q9C0D7	[621, 643]	No_PFAM_overlap
Q9H9B1	[1256, 1272]	No_PFAM_overlap
Q9NPA2	[521, 541]	No_PFAM_overlap
Q9NX65	[477, 619]	Zinc finger, C2H2 type
Q9P272	[167, 228]	No_PFAM_overlap
Q9UKT4	[0, 62]	No_PFAM_overlap
Q9UKT4	[72, 104]	No_PFAM_overlap
Q9Y2D9	[228, 309]	Zinc finger, C2H2 type
Q9Y2D9	[348, 399]	Zinc finger, C2H2 type
Q9Y2D9	[432, 500]	Zinc finger, C2H2 type
Q9Y493	[1033, 1155]	Trypsin Inhibitor like cysteine rich domain
Q9Y493	[1319, 1366]	C8 domain
Q9Y493	[1387, 1548]	von Willebrand factor type D domain
Q9Y493	[1713, 1909]	Trypsin Inhibitor like cysteine rich domain
Q9Y493	[2118, 2151]	C8 domain
Q9Y493	[2183, 2335]	von Willebrand factor type D domain
Q9Y493	[2523, 2760]	TILa domain
A5D8T8	[217, 287]	No_PFAM_overlap
P0C0L5	[1580, 1604]	No_PFAM_overlap
P0C6S8	[15, 49]	No_PFAM_overlap
P27918	[28, 419]	CFP-like, C-terminal thrombospondin type 1 domain
P28908	[18, 175]	TNFR/NGFR cysteine-rich region
P28908	[222, 315]	No_PFAM_overlap
P46100	[204, 236]	Cysteine Rich ADD domain
P46100	[313, 335]	No_PFAM_overlap
P51864	[71, 129]	Cripto_Frl-1_Cryptic (CFC)
P51864	[144, 166]	Cripto_Frl-1_Cryptic (CFC)
Q03591	[103, 217]	Sushi repeat (SCR repeat)
Q14202	[300, 492]	MYM-type Zinc finger with FCS sequence motif
Q5M7Z0	[89, 119]	No_PFAM_overlap
Q6ZV73	[84, 136]	No_PFAM_overlap
Q6ZV73	[230, 275]	No_PFAM_overlap
Q7L513	[35, 55]	No_PFAM_overlap
Q86SH2	[36, 66]	No_PFAM_overlap
Q86Y91	[679, 718]	No_PFAM_overlap
Q8N2G6	[123, 239]	Zinc-binding domain
Q96FE5	[37, 53]	No_PFAM_overlap
Q96KM6	[585, 644]	No_PFAM_overlap
Q96NI8	[201, 262]	Zinc finger, C2H2 type
Q9BXL6	[419, 451]	No_PFAM_overlap
Q9H7S9	[381, 408]	No_PFAM_overlap
Q9H7S9	[453, 476]	No_PFAM_overlap
Q9NVL1	[118, 141]	No_PFAM_overlap
Q9NY30	[136, 161]	No_PFAM_overlap
Q9UIK5	[40, 307]	Kazal-type serine protease inhibitor domain
Q9UIK5	[341, 366]	No_PFAM_overlap
O60290	[431, 453]	No_PFAM_overlap
O75426	[7, 30]	No_PFAM_overlap
O75426	[430, 446]	No_PFAM_overlap
O75426	[508, 538]	No_PFAM_overlap
P42575	[162, 178]	No_PFAM_overlap
P54826	[59, 88]	No_PFAM_overlap
Q504T8	[321, 373]	No_PFAM_overlap
Q641Q3	[177, 199]	Meteorin-like protein N-terminal domain
Q6PEV8	[22, 67]	Protein family FAM199X
Q86SQ3	[15, 67]	Calcium-binding EGF domain
Q86WK7	[409, 425]	No_PFAM_overlap
Q8IV53	[575, 595]	No_PFAM_overlap
Q8N145	[27, 54]	No_PFAM_overlap
Q8N715	[47, 75]	No_PFAM_overlap
Q8NEM1	[313, 364]	Zinc finger, C2H2 type
Q9H293	[31, 49]	No_PFAM_overlap
Q9NSI6	[1838, 1874]	No_PFAM_overlap
Q9NSI6	[1958, 1994]	No_PFAM_overlap
Q9NX45	[393, 420]	No_PFAM_overlap
Q9UN73	[722, 741]	No_PFAM_overlap
A8MUU1	[0, 18]	Lipocalin / cytosolic fatty-acid binding protein family
B6SEH9	[115, 186]	No_PFAM_overlap
F5H4B4	[394, 418]	No_PFAM_overlap
O75437	[184, 224]	Zinc finger, C2H2 type
O75437	[257, 308]	Zinc finger, C2H2 type
O94880	[311, 398]	PHD-zinc-finger like domain
P29279	[21, 274]	von Willebrand factor type C domain
Q2M218	[198, 277]	Zinc finger, C2H2 type
Q2M218	[338, 503]	Zinc finger, C2H2 type
Q53EP0	[365, 390]	Fibronectin type III domain
Q53EP0	[759, 791]	Fibronectin type III domain
Q53EP0	[843, 878]	Fibronectin type III domain
Q6ZVD8	[1027, 1051]	No_PFAM_overlap
Q6ZVD8	[1162, 1211]	No_PFAM_overlap
Q8N7W2	[153, 175]	No_PFAM_overlap
Q9H5H4	[254, 303]	Zinc finger, C2H2 type
Q9P0X4	[542, 564]	No_PFAM_overlap
Q9P0X4	[1779, 1797]	No_PFAM_overlap
Q9P0X4	[1827, 1850]	No_PFAM_overlap
Q9UJV3	[710, 734]	No_PFAM_overlap
P0CG20	[0, 17]	No_PFAM_overlap
P15586	[418, 450]	No_PFAM_overlap
P15586	[505, 525]	No_PFAM_overlap
Q00722	[1134, 1178]	PLC-beta C terminal
Q2KJY2	[912, 932]	No_PFAM_overlap
Q6ZRM9	[57, 82]	Domain of unknown function (DUF4705)
Q7Z401	[1442, 1467]	No_PFAM_overlap
Q8WUJ1	[206, 227]	No_PFAM_overlap
Q8WUJ1	[242, 263]	No_PFAM_overlap
Q9BVN2	[0, 20]	No_PFAM_overlap
Q9BVN2	[52, 82]	No_PFAM_overlap
Q9BVN2	[96, 118]	No_PFAM_overlap
Q9BVN2	[144, 191]	No_PFAM_overlap
Q9H9Z2	[128, 183]	Lin-28A-like, second zinc knuckle
Q9HCJ5	[31, 66]	No_PFAM_overlap
Q9UKL3	[1346, 1367]	No_PFAM_overlap
Q9UKL3	[1753, 1807]	No_PFAM_overlap
O75467	[248, 299]	Zinc finger, C2H2 type
O75467	[416, 467]	Zinc finger, C2H2 type
P0CG31	[235, 313]	Zinc finger, C2H2 type
P0DKV0	[1079, 1109]	No_PFAM_overlap
Q0D2J5	[95, 117]	No_PFAM_overlap
Q0D2J5	[163, 186]	No_PFAM_overlap
Q0D2J5	[210, 382]	Zinc finger, C2H2 type
Q12805	[18, 66]	Calcium-binding EGF domain
Q12805	[138, 385]	Complement Clr-like EGF-like
Q14590	[130, 166]	No_PFAM_overlap
Q14590	[187, 208]	No_PFAM_overlap
Q14590	[282, 333]	Zinc finger, C2H2 type
Q16659	[425, 449]	No_PFAM_overlap
Q1HG43	[320, 342]	No_PFAM_overlap
Q5QGZ9	[119, 134]	No_PFAM_overlap
Q6NSJ2	[431, 457]	No_PFAM_overlap
Q6NSJ2	[514, 542]	PH domain
Q7Z5B4	[292, 315]	No_PFAM_overlap
Q8IV35	[1031, 1048]	No_PFAM_overlap
Q8NGU9	[364, 384]	No_PFAM_overlap
Q8NGU9	[417, 433]	No_PFAM_overlap
Q8NI51	[276, 327]	Zinc finger, C2H2 type
Q8NI51	[476, 531]	No_PFAM_overlap
Q92618	[22, 76]	Zinc finger, C2H2 type
Q92618	[103, 133]	No_PFAM_overlap
Q92618	[154, 208]	No_PFAM_overlap
Q92618	[224, 251]	Zinc finger, C2H2 type
Q96IT1	[426, 477]	Zinc finger, C2H2 type
Q96IT1	[513, 567]	Zinc finger, C2H2 type
Q96K21	[4, 27]	No_PFAM_overlap
Q9BUA3	[1, 28]	No_PFAM_overlap
Q9BWT7	[452, 472]	No_PFAM_overlap
Q9BWT7	[876, 896]	No_PFAM_overlap
Q9BZ95	[906, 953]	No_PFAM_overlap
Q9BZ95	[1258, 1433]	SET domain
Q9Y2L8	[337, 388]	Zinc finger, C2H2 type
Q9Y2L8	[540, 591]	Zinc finger, C2H2 type
Q9Y2L8	[683, 725]	Zinc finger, C2H2 type
Q9Y2L8	[736, 808]	Zinc finger, C2H2 type
Q9Y4K1	[986, 1001]	No_PFAM_overlap
A0A494C071	[254, 285]	No_PFAM_overlap
A0A494C071	[301, 329]	No_PFAM_overlap
A0A494C071	[734, 807]	No_PFAM_overlap
A0A494C071	[860, 930]	No_PFAM_overlap
A6NDS4	[523, 545]	No_PFAM_overlap
P60410	[0, 258]	Keratin, high sulfur B2 protein
Q07092	[228, 256]	No_PFAM_overlap
Q07092	[267, 289]	No_PFAM_overlap
Q07092	[548, 568]	No_PFAM_overlap
Q07092	[945, 968]	No_PFAM_overlap
Q07092	[982, 999]	No_PFAM_overlap
Q14149	[776, 809]	No_PFAM_overlap
Q5QGS0	[122, 158]	No_PFAM_overlap
Q5QGS0	[926, 954]	No_PFAM_overlap
Q5QGS0	[1001, 1034]	No_PFAM_overlap
Q7Z3K6	[261, 279]	No_PFAM_overlap
Q86TD4	[449, 471]	No_PFAM_overlap
Q86XS5	[46, 86]	No_PFAM_overlap
Q8N5Q1	[305, 347]	No_PFAM_overlap
Q8N5Q1	[399, 419]	No_PFAM_overlap
Q96M29	[4, 28]	No_PFAM_overlap
Q9BXT5	[1241, 1261]	No_PFAM_overlap
Q9BXT5	[1367, 1403]	No_PFAM_overlap
Q9HBT8	[234, 285]	Zinc finger, C2H2 type
Q9UER7	[717, 737]	No_PFAM_overlap
Q9Y2Y8	[81, 102]	No_PFAM_overlap
A0A1W2PPK0	[113, 195]	No_PFAM_overlap
A0A1W2PPK0	[266, 282]	No_PFAM_overlap
A0A1W2PPK0	[365, 399]	No_PFAM_overlap
A6NE52	[505, 528]	No_PFAM_overlap
A6NNA5	[169, 207]	OAR motif
P01266	[229, 246]	No_PFAM_overlap
P01266	[1097, 1290]	Thyroglobulin type-1 repeat
P01266	[1447, 1552]	Tyrosine-protein kinase ephrin type A/B receptor-like
P01266	[1592, 1619]	No_PFAM_overlap
P53384	[0, 40]	No_PFAM_overlap
Q04759	[254, 341]	Phorbol esters/diacylglycerol binding domain (C1 domain)
Q13127	[207, 235]	No_PFAM_overlap
Q13127	[267, 375]	Zinc finger, C2H2 type
Q14587	[244, 281]	No_PFAM_overlap
Q14587	[295, 346]	Zinc finger, C2H2 type
Q14587	[519, 570]	Zinc finger, C2H2 type
Q14587	[827, 878]	Zinc finger, C2H2 type
Q5BKU9	[19, 40]	No_PFAM_overlap
Q5TZJ5	[1214, 1254]	No_PFAM_overlap
Q5TZJ5	[1326, 1345]	No_PFAM_overlap
Q68D51	[227, 252]	No_PFAM_overlap
Q6UXI9	[121, 191]	Calcium-binding EGF domain
Q8IX30	[21, 501]	Complement Clr-like EGF-like
Q8IX30	[556, 580]	No_PFAM_overlap
Q8IX30	[610, 813]	CUB domain
Q9BXY4	[21, 52]	Furin-like repeat, cysteine-rich
Q9BXY4	[83, 215]	Furin-like repeat, cysteine-rich
Q9C004	[258, 298]	Sprouty protein (Spry)
Q9H0J9	[153, 173]	PARP12-like CCCH zinc finger tandem
Q9H8G1	[137, 170]	No_PFAM_overlap
Q9H8G1	[196, 233]	Zinc finger, C2H2 type
Q9H8G1	[252, 331]	Zinc finger, C2H2 type
Q9H8G1	[393, 443]	Zinc finger, C2H2 type
O95071	[921, 936]	No_PFAM_overlap
O95071	[1148, 1174]	No_PFAM_overlap
O95071	[1193, 1243]	No_PFAM_overlap
O95071	[1285, 1300]	No_PFAM_overlap
P17030	[107, 188]	Zinc finger, C2H2 type
P17030	[249, 358]	Zinc finger, C2H2 type
Q5JUK2	[0, 40]	No_PFAM_overlap
Q6PG37	[64, 91]	No_PFAM_overlap
Q6PG37	[121, 154]	No_PFAM_overlap
Q6PG37	[187, 240]	Zinc finger, C2H2 type
Q7L2R6	[206, 508]	Zinc finger, C2H2 type
Q7Z6Z7	[3360, 3383]	No_PFAM_overlap
Q8N8Q3	[264, 281]	No_PFAM_overlap
Q8N8R7	[1, 26]	No_PFAM_overlap
Q8TBZ2	[0, 20]	No_PFAM_overlap
Q8WW38	[287, 312]	No_PFAM_overlap
Q8WW38	[356, 377]	No_PFAM_overlap
Q8WW38	[678, 719]	No_PFAM_overlap
Q8WW38	[759, 857]	No_PFAM_overlap
Q92731	[122, 152]	Double treble clef zinc finger, C4 type
Q96C55	[105, 184]	C2H2-type zinc finger
Q96S15	[707, 738]	No_PFAM_overlap
Q9BYQ5	[0, 204]	Keratin, high sulfur B2 protein
Q9BZG8	[412, 437]	No_PFAM_overlap
Q9GZP4	[1, 21]	No_PFAM_overlap
Q9H819	[25, 50]	No_PFAM_overlap
Q9UHN1	[0, 25]	No_PFAM_overlap
Q9Y462	[405, 428]	Zinc finger, C2H2 type
Q9Y462	[467, 519]	Zinc finger, C2H2 type
A0A1B0GTW7	[116, 153]	No_PFAM_overlap
O75815	[335, 369]	No_PFAM_overlap
O75815	[389, 458]	No_PFAM_overlap
P17017	[54, 293]	Zinc finger, C2H2 type
P17017	[326, 407]	Zinc finger, C2H2 type
P22891	[82, 182]	Vitamin K-dependent carboxylation/gamma-carboxyglutamic (GLA) domain
P53992	[365, 392]	No_PFAM_overlap
Q5TC82	[80, 98]	No_PFAM_overlap
Q5TC82	[417, 437]	No_PFAM_overlap
Q6DCA0	[0, 28]	No_PFAM_overlap
Q6PF15	[7, 31]	BTB/POZ domain
Q6PF15	[557, 580]	Kelch motif
Q8IUH4	[0, 30]	No_PFAM_overlap
Q8NB59	[176, 214]	No_PFAM_overlap
Q8NB59	[390, 410]	No_PFAM_overlap
Q96JA1	[34, 57]	No_PFAM_overlap
Q96JA1	[864, 907]	No_PFAM_overlap
Q96JA1	[920, 949]	No_PFAM_overlap
Q96JA1	[977, 1000]	No_PFAM_overlap
Q9BSJ1	[49, 70]	zinc finger of C3HC4-type, RING
Q9BSJ1	[86, 136]	No_PFAM_overlap
Q9BZ81	[240, 256]	No_PFAM_overlap
Q9NR61	[179, 501]	EGF-like domain
Q9NR61	[587, 614]	No_PFAM_overlap
Q9NR61	[642, 684]	No_PFAM_overlap
Q9P212	[201, 264]	No_PFAM_overlap
Q9UF56	[9, 71]	No_PFAM_overlap
Q9UF56	[129, 150]	No_PFAM_overlap
Q9UF56	[186, 229]	No_PFAM_overlap
Q9UF56	[284, 319]	No_PFAM_overlap
Q9UGL1	[251, 276]	No_PFAM_overlap
Q9ULD5	[538, 588]	Zinc finger, C2H2 type
Q9ULD5	[627, 678]	Zinc finger, C2H2 type
Q9Y603	[184, 209]	No_PFAM_overlap
A6NNF4	[105, 143]	No_PFAM_overlap
A6NNF4	[164, 240]	Zinc finger, C2H2 type
O75112	[540, 558]	LIM domain
Q6S5H5	[17, 81]	No_PFAM_overlap
Q6S5H5	[91, 118]	No_PFAM_overlap
Q6UXF7	[217, 287]	No_PFAM_overlap
Q70Z35	[1100, 1138]	No_PFAM_overlap
Q70Z35	[1586, 1605]	No_PFAM_overlap
Q86UP3	[71, 96]	No_PFAM_overlap
Q86UP3	[604, 658]	No_PFAM_overlap
Q86UP3	[756, 781]	No_PFAM_overlap
Q86UP3	[1066, 1101]	No_PFAM_overlap
Q86UP3	[1156, 1215]	No_PFAM_overlap
Q92496	[78, 95]	Sushi repeat (SCR repeat)
Q96BR9	[273, 352]	Zinc finger, C2H2 type
Q96LD4	[0, 82]	RING-type zinc-finger
Q96LD4	[101, 161]	No_PFAM_overlap
Q9BRP1	[38, 62]	No_PFAM_overlap
Q9BRP1	[73, 109]	No_PFAM_overlap
Q9BZF2	[429, 475]	No_PFAM_overlap
Q9C026	[81, 140]	No_PFAM_overlap
Q9C026	[157, 261]	B-box zinc finger
Q9HAH1	[103, 333]	Zinc finger, C2H2 type
Q9HAH1	[361, 384]	No_PFAM_overlap
Q9HAH1	[400, 455]	No_PFAM_overlap
Q9P1Z0	[216, 265]	Zinc finger, C2H2 type
Q9Y2K9	[736, 769]	No_PFAM_overlap
O76013	[0, 22]	No_PFAM_overlap
O76013	[391, 442]	Intermediate filament protein
P07357	[16, 149]	Low-density lipoprotein receptor domain class A
P07357	[486, 583]	Complement components C8A/B/C6, EGF-like domain
P12109	[237, 258]	Collagen triple helix repeat (20 copies)
P12109	[590, 607]	No_PFAM_overlap
P78412	[389, 445]	No_PFAM_overlap
Q13472	[687, 741]	Topoisomerase DNA binding C4 zinc finger
Q13472	[973, 1000]	No_PFAM_overlap
Q8IWL1	[5, 34]	No_PFAM_overlap
Q8IYW5	[291, 313]	No_PFAM_overlap
Q8NE65	[139, 163]	No_PFAM_overlap
Q8NE65	[195, 220]	No_PFAM_overlap
Q8NE65	[254, 304]	Zinc finger, C2H2 type
Q96Q40	[0, 37]	No_PFAM_overlap
Q9UL41	[406, 426]	No_PFAM_overlap
Q9Y385	[138, 158]	No_PFAM_overlap
O00463	[0, 21]	No_PFAM_overlap
O00463	[130, 165]	No_PFAM_overlap
O15164	[45, 90]	No_PFAM_overlap
O15164	[116, 182]	No_PFAM_overlap
O15164	[870, 891]	PHD-finger
O60733	[139, 160]	No_PFAM_overlap
O75840	[200, 265]	Zinc finger, C2H2 type
P10114	[166, 182]	No_PFAM_overlap
P14222	[370, 415]	No_PFAM_overlap
P58658	[150, 175]	D-galactoside/L-rhamnose binding SUEL lectin domain
P82279	[26, 473]	Human growth factor-like EGF
P82279	[874, 949]	EGF-like domain
P82279	[1135, 1314]	Human growth factor-like EGF
Q02413	[569, 587]	No_PFAM_overlap
Q02413	[658, 726]	Cadherin, Y-type LIR-motif
Q13443	[352, 516]	Reprolysin (M12B) family zinc metalloprotease
Q149M9	[0, 15]	No_PFAM_overlap
Q2Q1W2	[5, 28]	No_PFAM_overlap
Q2Q1W2	[188, 232]	No_PFAM_overlap
Q5SWL8	[123, 143]	No_PFAM_overlap
Q5TAX3	[735, 785]	No_PFAM_overlap
Q5TAX3	[814, 885]	No_PFAM_overlap
Q5TAX3	[909, 937]	No_PFAM_overlap
Q5TAX3	[1614, 1639]	No_PFAM_overlap
Q6GV28	[170, 192]	No_PFAM_overlap
Q8TAF7	[211, 485]	Zinc finger, C2H2 type
Q92765	[159, 187]	No_PFAM_overlap
Q96BV0	[126, 177]	Zinc finger, C2H2 type
Q96BV0	[272, 323]	Zinc finger, C2H2 type
Q96BV0	[437, 488]	Zinc finger, C2H2 type
Q96LX8	[175, 226]	Zinc finger, C2H2 type
Q96LX8	[314, 411]	Zinc finger, C2H2 type
Q9UBX5	[14, 349]	Complement Clr-like EGF-like
Q9UKF5	[387, 565]	Reprolysin (M12B) family zinc metalloprotease
Q9UKF5	[592, 609]	ADAM cysteine-rich
Q9UKF5	[619, 663]	No_PFAM_overlap
A0A140TA67	[0, 173]	Keratin, high sulfur B2 protein
A0ABJ7H351	[54, 150]	Zinc finger C-x8-C-x5-C-x3-H type (and similar)
A0ABJ7H351	[203, 254]	CCCH-type zinc finger
A0ABJ7H351	[269, 303]	No_PFAM_overlap
B1AL46	[1, 68]	No_PFAM_overlap
O15265	[508, 525]	No_PFAM_overlap
O75173	[437, 596]	ADAMTS cysteine-rich domain 2
O95243	[239, 305]	No_PFAM_overlap
P17028	[222, 293]	Zinc finger, C2H2 type
P46531	[10, 1416]	EGF-like domain
P46531	[1430, 1567]	LNR domain
P55201	[12, 32]	No_PFAM_overlap
P55201	[265, 293]	PHD-finger
Q0VG99	[306, 351]	No_PFAM_overlap
Q17R98	[393, 463]	Zinc finger, C2H2 type
Q17R98	[1010, 1077]	No_PFAM_overlap
Q3KP66	[439, 459]	No_PFAM_overlap
Q5EBM4	[92, 168]	Zinc finger, C2H2 type
Q5T700	[0, 34]	No_PFAM_overlap
Q5T700	[63, 173]	Low-density lipoprotein receptor domain class A
Q6NUJ1	[123, 141]	No_PFAM_overlap
Q6NUJ1	[173, 195]	No_PFAM_overlap
Q6NUJ1	[385, 408]	No_PFAM_overlap
Q6VAB6	[194, 219]	No_PFAM_overlap
Q6VAB6	[425, 486]	No_PFAM_overlap
Q7Z7M0	[140, 202]	No_PFAM_overlap
Q7Z7M0	[558, 658]	No_PFAM_overlap
Q7Z7M0	[848, 970]	Plexin repeat
Q7Z7M0	[987, 1272]	Plexin repeat
Q7Z7M0	[1303, 1332]	No_PFAM_overlap
Q7Z7M0	[1396, 1489]	No_PFAM_overlap
Q7Z7M0	[1866, 2019]	No_PFAM_overlap
Q7Z7M0	[2035, 2470]	Laminin EGF domain
Q7Z7M0	[2741, 2761]	No_PFAM_overlap
Q86TB3	[361, 410]	No_PFAM_overlap
Q86TB3	[781, 824]	No_PFAM_overlap
Q8N8J6	[223, 274]	Zinc finger, C2H2 type
Q96E35	[153, 174]	No_PFAM_overlap
Q96S59	[594, 619]	CTLH/CRA C-terminal to LisH motif domain
Q9BQE6	[156, 197]	No_PFAM_overlap
Q9BQE6	[237, 264]	No_PFAM_overlap
Q9BYK8	[85, 109]	No_PFAM_overlap
Q9BYK8	[170, 199]	No_PFAM_overlap
Q9BYK8	[212, 248]	No_PFAM_overlap
Q9BYK8	[278, 315]	No_PFAM_overlap
Q9BYK8	[327, 359]	No_PFAM_overlap
Q9NPC7	[293, 404]	Zinc finger, C2H2 type
Q9NXA8	[282, 309]	No_PFAM_overlap
Q9NYQ6	[37, 65]	No_PFAM_overlap
Q9NYQ6	[103, 184]	No_PFAM_overlap
Q9NYQ6	[1341, 1449]	No_PFAM_overlap
Q9NYQ6	[1635, 1668]	EGF-like domain
Q9NYQ6	[1678, 1693]	EGF-like domain
Q9NYQ6	[1859, 2052]	Laminin EGF domain
A8MT65	[283, 362]	Zinc finger, C2H2 type
P59817	[325, 361]	No_PFAM_overlap
Q6P3S6	[334, 354]	No_PFAM_overlap
Q8TF45	[73, 96]	No_PFAM_overlap
Q8TF45	[181, 246]	Zinc finger, C2H2 type
Q96JC4	[107, 157]	No_PFAM_overlap
Q96JC4	[176, 339]	Zinc finger, C2H2 type
Q9BY14	[207, 225]	u-PAR/Ly-6 domain
Q9NR09	[336, 402]	Inhibitor of Apoptosis domain
Q9NRI5	[176, 196]	No_PFAM_overlap
Q9P0N8	[0, 28]	No_PFAM_overlap
Q9ULI0	[1256, 1311]	No_PFAM_overlap
Q9Y561	[379, 491]	Low-density lipoprotein receptor domain class A
Q9Y561	[818, 858]	No_PFAM_overlap
O43541	[110, 136]	No_PFAM_overlap
O75346	[104, 144]	No_PFAM_overlap
O75346	[191, 382]	Zinc finger, C2H2 type
O75398	[262, 294]	SAND domain
P55789	[60, 104]	Erv1 / Alr family
Q15652	[1711, 1743]	No_PFAM_overlap
Q15652	[1922, 1944]	No_PFAM_overlap
Q6ZMS4	[150, 201]	Zinc finger, C2H2 type
Q8N2C3	[36, 56]	No_PFAM_overlap
Q8N7B1	[258, 290]	No_PFAM_overlap
Q9UNA0	[527, 642]	ADAMTS cysteine-rich domain 2
Q9UNE0	[0, 122]	No_PFAM_overlap
Q9UNE0	[140, 157]	No_PFAM_overlap
P0CG24	[4, 369]	Zinc finger, C2H2 type
P29122	[682, 949]	PLAC (protease and lacunin) domain
Q6N043	[231, 272]	No_PFAM_overlap
Q6N043	[349, 391]	No_PFAM_overlap
Q6N043	[409, 425]	No_PFAM_overlap
Q6N043	[466, 496]	No_PFAM_overlap
Q6N043	[802, 830]	No_PFAM_overlap
Q8IWZ5	[0, 19]	No_PFAM_overlap
Q8IWZ5	[31, 147]	No_PFAM_overlap
Q8N7M2	[198, 277]	Zinc finger, C2H2 type
Q8N7M2	[394, 559]	C2H2-type zinc finger
Q8TAB3	[950, 979]	No_PFAM_overlap
Q92913	[15, 36]	No_PFAM_overlap
Q96GP6	[41, 445]	Platelet endothelial aggregation receptor 1-like, EGF domain
Q96GP6	[461, 503]	No_PFAM_overlap
Q96JG9	[1328, 1363]	No_PFAM_overlap
Q96JG9	[1649, 1683]	No_PFAM_overlap
Q96JG9	[3134, 3186]	No_PFAM_overlap
Q96JG9	[3321, 3379]	Zinc finger, C2H2 type
Q96JL9	[27, 59]	KRAB box
Q96JL9	[264, 287]	No_PFAM_overlap
Q96JL9	[327, 380]	Zinc finger, C2H2 type
Q96JL9	[649, 664]	No_PFAM_overlap
Q99062	[156, 190]	No_PFAM_overlap
Q99062	[237, 256]	No_PFAM_overlap
Q9BWX1	[0, 45]	No_PFAM_overlap
Q9BWX1	[87, 219]	PHD-like zinc-binding domain
Q9NPY3	[214, 476]	Complement Clr-like EGF-like
Q9NQX6	[122, 173]	C2H2-type zinc finger
Q9UNW8	[359, 379]	No_PFAM_overlap
A8MTY7	[0, 168]	Keratin, high sulfur B2 protein
B2RXH2	[372, 406]	No_PFAM_overlap
B2RXH2	[448, 469]	No_PFAM_overlap
B4DX44	[110, 293]	Zinc finger, C2H2 type
B4DX44	[304, 355]	Zinc finger, C2H2 type
O43474	[369, 391]	No_PFAM_overlap
O43474	[421, 476]	Zinc finger, C2H2 type
O75626	[566, 617]	Zinc finger, C2H2 type
O75626	[678, 719]	Zinc finger, C2H2 type
O95231	[211, 257]	No_PFAM_overlap
P04629	[33, 59]	No_PFAM_overlap
P31629	[180, 228]	Zinc finger, C2H2 type
Q14246	[17, 345]	Calcium-binding EGF domain
Q15072	[7, 59]	Zinc finger, C2H2 type
Q5T442	[307, 327]	No_PFAM_overlap
Q5XUX0	[0, 25]	No_PFAM_overlap
Q5XUX0	[44, 69]	F-box-like
Q8N6M6	[53, 89]	No_PFAM_overlap
Q8N6M6	[120, 142]	No_PFAM_overlap
Q8WTR7	[311, 361]	Zinc finger, C2H2 type
Q8WTR7	[637, 734]	Zinc finger, C2H2 type
Q8WTR7	[749, 870]	Zinc finger, C2H2 type
Q92563	[79, 206]	Secreted protein acidic and rich in cysteine Ca binding region
Q9BS86	[241, 257]	No_PFAM_overlap
Q9GZY0	[0, 67]	No_PFAM_overlap
Q9H7B4	[250, 275]	No_PFAM_overlap
Q9Y6W6	[62, 90]	No_PFAM_overlap
Q9Y6W6	[151, 179]	Rhodanese-like domain
O15015	[0, 22]	No_PFAM_overlap
O15015	[42, 89]	Zinc finger, C2H2 type
O15015	[365, 415]	Zinc finger, C2H2 type
O15015	[456, 524]	Zinc finger, C2H2 type
O15015	[545, 589]	No_PFAM_overlap
O15015	[608, 658]	Zinc finger, C2H2 type
O15015	[812, 862]	C2H2-type zinc finger
O15015	[872, 895]	No_PFAM_overlap
O15015	[949, 972]	No_PFAM_overlap
O15015	[1026, 1113]	Zinc finger, C2H2 type
O15015	[1182, 1244]	Zinc finger, C2H2 type
O15015	[1290, 1340]	Zinc finger, C2H2 type
O15015	[1487, 1512]	No_PFAM_overlap
O15015	[1522, 1599]	Zinc finger, C2H2 type
O15015	[1668, 1718]	Zinc finger, C2H2 type
Q14145	[2, 47]	No_PFAM_overlap
Q14145	[602, 623]	No_PFAM_overlap
Q6P3V2	[429, 482]	Zinc finger, C2H2 type
Q6PML9	[15, 39]	No_PFAM_overlap
Q6ZU69	[36, 58]	Domain of unknown function (DUF4599)
Q6ZU69	[830, 850]	No_PFAM_overlap
Q6ZU69	[1307, 1331]	No_PFAM_overlap
Q86Y01	[189, 211]	No_PFAM_overlap
Q86Y01	[400, 423]	No_PFAM_overlap
Q86Y01	[448, 480]	Deltex C-terminal domain
Q8N7Q3	[75, 100]	No_PFAM_overlap
Q8N7Q3	[114, 151]	No_PFAM_overlap
Q8N7Q3	[188, 239]	Zinc finger, C2H2 type
Q9BYR3	[0, 165]	Keratin, high sulfur B2 protein
Q9NQV7	[599, 652]	Zinc finger, C2H2 type
O14638	[566, 586]	No_PFAM_overlap
O75110	[13, 30]	No_PFAM_overlap
P07225	[102, 261]	Human growth factor-like EGF
P08047	[595, 672]	Zinc finger, C2H2 type
P12111	[2019, 2045]	Collagen triple helix repeat (20 copies)
P12111	[2367, 2399]	Collagen triple helix repeat (20 copies)
P15621	[102, 233]	Zinc finger, C2H2 type
P15621	[264, 315]	Zinc finger, C2H2 type
P15621	[599, 650]	Zinc finger, C2H2 type
P60369	[0, 220]	Keratin, high sulfur B2 protein
P82987	[76, 236]	Thrombospondin type 1 domain
P82987	[645, 889]	Thrombospondin type 1 domain
P82987	[1425, 1690]	PLAC (protease and lacunin) domain
Q13368	[314, 333]	No_PFAM_overlap
Q6ZT12	[1324, 1343]	No_PFAM_overlap
Q9H832	[232, 269]	No_PFAM_overlap
Q9P1U0	[0, 43]	No_PFAM_overlap
Q9UBL0	[755, 809]	No_PFAM_overlap
Q9Y2P7	[81, 104]	No_PFAM_overlap
Q9Y2P7	[230, 309]	Zinc finger, C2H2 type
Q9Y2P7	[482, 561]	Zinc finger, C2H2 type
A0A096LNW5	[26, 267]	EGF-like domain
D6RA61	[34, 61]	No_PFAM_overlap
O75912	[0, 51]	No_PFAM_overlap
O75912	[68, 89]	No_PFAM_overlap
P07306	[142, 159]	Hepatic lectin, N-terminal domain
P10072	[92, 112]	No_PFAM_overlap
P10072	[292, 343]	Zinc finger, C2H2 type
P11226	[21, 45]	Collagen triple helix repeat (20 copies)
P49910	[264, 306]	No_PFAM_overlap
P49910	[335, 414]	Zinc finger, C2H2 type
Q02040	[513, 558]	No_PFAM_overlap
Q13233	[432, 493]	No_PFAM_overlap
Q15326	[517, 601]	ZMYND11 protein coiled-coil
Q16099	[905, 934]	No_PFAM_overlap
Q5T440	[28, 45]	No_PFAM_overlap
Q6P531	[476, 492]	No_PFAM_overlap
Q6PJP8	[61, 164]	No_PFAM_overlap
Q6UWI4	[195, 216]	No_PFAM_overlap
Q6UY18	[28, 46]	No_PFAM_overlap
Q8N1N4	[411, 477]	Intermediate filament protein
Q96LU7	[51, 80]	No_PFAM_overlap
Q96LU7	[100, 192]	No_PFAM_overlap
Q9H9D4	[344, 483]	Zinc finger, C2H2 type
Q9HAU8	[0, 16]	No_PFAM_overlap
Q9HAU8	[121, 137]	No_PFAM_overlap
B4E2M5	[126, 148]	No_PFAM_overlap
O15553	[316, 407]	B-box zinc finger
P08235	[184, 211]	No_PFAM_overlap
P26651	[98, 171]	Zinc finger C-x8-C-x5-C-x3-H type (and similar)
P26651	[238, 259]	No_PFAM_overlap
Q5JV73	[1267, 1314]	No_PFAM_overlap
Q5JV73	[1351, 1391]	No_PFAM_overlap
Q6ZN54	[255, 292]	No_PFAM_overlap
Q86UE3	[167, 231]	Zinc finger, C2H2 type
Q8IZP1	[523, 545]	No_PFAM_overlap
Q8ND24	[644, 702]	No_PFAM_overlap
Q92499	[101, 120]	No_PFAM_overlap
Q92499	[627, 646]	No_PFAM_overlap
Q96P26	[42, 86]	No_PFAM_overlap
Q9BXT6	[367, 389]	No_PFAM_overlap
Q9Y2T5	[334, 360]	No_PFAM_overlap
B1ANS9	[717, 740]	No_PFAM_overlap
O14578	[1365, 1435]	No_PFAM_overlap
O95196	[348, 378]	No_PFAM_overlap
O95405	[77, 103]	No_PFAM_overlap
O95405	[115, 192]	No_PFAM_overlap
O95405	[219, 250]	No_PFAM_overlap
O95405	[344, 370]	No_PFAM_overlap
O95405	[428, 469]	No_PFAM_overlap
P10075	[174, 225]	Zinc finger, C2H2 type
P10075	[314, 365]	Zinc finger, C2H2 type
P24394	[361, 394]	No_PFAM_overlap
P24394	[412, 440]	No_PFAM_overlap
P24394	[707, 756]	No_PFAM_overlap
P47928	[7, 80]	Helix-loop-helix DNA-binding domain
P52824	[92, 232]	Phorbol esters/diacylglycerol binding domain (C1 domain)
Q05823	[716, 740]	Ribonuclease 2-5A
Q5JSZ5	[1163, 1193]	No_PFAM_overlap
Q6A162	[0, 89]	Intermediate filament protein
Q6A162	[391, 426]	Intermediate filament protein
Q6PIJ6	[764, 787]	No_PFAM_overlap
Q7Z3H0	[39, 101]	Ankyrin repeats (3 copies)
Q8NEK5	[74, 101]	No_PFAM_overlap
Q8NEK5	[356, 372]	Zinc finger, C2H2 type
Q8NEK5	[440, 491]	Zinc finger, C2H2 type
Q8TBJ5	[110, 140]	No_PFAM_overlap
Q8TBJ5	[268, 347]	Zinc finger, C2H2 type
Q99944	[85, 192]	EMI domain
Q9BX82	[225, 353]	Zinc finger, C2H2 type
Q9BX82	[394, 625]	Zinc finger, C2H2 type
Q9BXT4	[1131, 1148]	No_PFAM_overlap
Q9BZA7	[1128, 1217]	No_PFAM_overlap
Q9Y2G1	[868, 895]	No_PFAM_overlap
A0AAQ5BIG5	[605, 675]	Zinc knuckle
B4DYI2	[1068, 1103]	No_PFAM_overlap
O00300	[26, 197]	TNFR/NGFR cysteine-rich region
O43298	[364, 414]	Zinc finger, C2H2 type
O75064	[1176, 1197]	No_PFAM_overlap
O75064	[1475, 1495]	No_PFAM_overlap
P48960	[15, 265]	Calcium-binding EGF domain
Q13501	[19, 51]	PB1 domain
Q64LD2	[509, 524]	No_PFAM_overlap
Q6ZUT9	[0, 18]	No_PFAM_overlap
Q86Y38	[916, 936]	No_PFAM_overlap
Q8WXI2	[845, 866]	No_PFAM_overlap
Q969W8	[190, 327]	Zinc finger, C2H2 type
Q9H160	[153, 182]	No_PFAM_overlap
Q9H160	[204, 267]	No_PFAM_overlap
Q9H1R2	[145, 165]	No_PFAM_overlap
Q9H1R2	[209, 231]	No_PFAM_overlap
Q9H1R2	[269, 294]	No_PFAM_overlap
Q9H7R0	[105, 197]	Zinc finger, C2H2 type
Q9H7R0	[228, 309]	Zinc finger, C2H2 type
Q9H7R0	[479, 560]	C2H2-type zinc finger
Q9NR11	[263, 324]	Zinc finger, C2H2 type
Q9Y508	[0, 76]	RING-type zinc-finger
Q9Y5Q5	[128, 144]	Fz domain
Q9Y5Q5	[247, 482]	Low-density lipoprotein receptor domain class A
Q9Y5Q5	[514, 692]	Low-density lipoprotein receptor domain class A
O14983	[663, 678]	No_PFAM_overlap
O60883	[426, 453]	No_PFAM_overlap
P05305	[98, 164]	No_PFAM_overlap
P14373	[0, 127]	zinc finger of C3HC4-type, RING
Q09472	[1659, 1815]	TAZ zinc finger
Q13642	[217, 259]	No_PFAM_overlap
Q5VT99	[28, 50]	No_PFAM_overlap
Q6ZN84	[315, 335]	No_PFAM_overlap
Q6ZN84	[613, 632]	No_PFAM_overlap
Q96NE9	[565, 587]	No_PFAM_overlap
Q9BSY4	[2, 99]	CHCH-CHCH-like Cx9C, IMS import disulfide relay-system,
Q9HBJ0	[108, 187]	ZP-N domain
O14944	[37, 67]	No_PFAM_overlap
O43300	[450, 467]	No_PFAM_overlap
O60729	[6, 30]	No_PFAM_overlap
P51649	[15, 31]	No_PFAM_overlap
Q02763	[209, 349]	No_PFAM_overlap
Q15937	[184, 495]	Zinc finger, C2H2 type
Q6P1Q9	[113, 152]	No_PFAM_overlap
Q6P461	[24, 39]	No_PFAM_overlap
Q76N89	[662, 716]	No_PFAM_overlap
Q99726	[370, 387]	Cation efflux protein, cytoplasmic domain
Q9C098	[43, 78]	No_PFAM_overlap
Q9H792	[0, 29]	No_PFAM_overlap
Q9H792	[81, 99]	No_PFAM_overlap
Q9H8G2	[32, 82]	No_PFAM_overlap
Q9HBT7	[359, 410]	Zinc finger, C2H2 type
Q9UK33	[86, 134]	Zinc finger, C2H2 type
Q9ULM2	[114, 208]	Zinc finger, C2H2 type
Q9ULM2	[241, 348]	Zinc-finger double domain
B2RU33	[0, 46]	No_PFAM_overlap
O43603	[344, 376]	No_PFAM_overlap
P29590	[178, 236]	No_PFAM_overlap
P54756	[251, 363]	Ephrin cysteine rich domain
Q12950	[283, 304]	No_PFAM_overlap
Q12950	[316, 386]	No_PFAM_overlap
Q15306	[183, 232]	No_PFAM_overlap
Q16527	[0, 179]	LIM domain
Q6UWU4	[145, 160]	No_PFAM_overlap
Q6UY11	[0, 275]	Delta-like/Jagged, EGF-like domain
Q6UY11	[331, 367]	No_PFAM_overlap
Q8NI77	[733, 790]	No_PFAM_overlap
Q8TC71	[503, 537]	No_PFAM_overlap
Q96K62	[450, 500]	Zinc finger, C2H2 type
Q96N38	[67, 90]	No_PFAM_overlap
Q96N38	[135, 214]	Zinc finger, C2H2 type
Q96N38	[538, 553]	No_PFAM_overlap
Q9H3U7	[29, 162]	Thyroglobulin type-1 repeat
Q9HC56	[1122, 1145]	No_PFAM_overlap
Q9P2N4	[533, 662]	ADAMTS cysteine-rich domain
Q9P2N4	[879, 1325]	Thrombospondin type 1 domain
Q9UIH9	[39, 72]	No_PFAM_overlap
A4D1S0	[208, 230]	No_PFAM_overlap
O14843	[324, 345]	No_PFAM_overlap
O15550	[365, 389]	No_PFAM_overlap
P30281	[0, 15]	No_PFAM_overlap
Q5S007	[0, 15]	No_PFAM_overlap
Q66K64	[262, 285]	No_PFAM_overlap
Q66K64	[336, 368]	No_PFAM_overlap
Q6UWV2	[204, 234]	No_PFAM_overlap
Q6UXN8	[101, 118]	No_PFAM_overlap
Q6UY14	[665, 1073]	Thrombospondin type 1 domain
Q6ZRS4	[726, 749]	No_PFAM_overlap
Q6ZRS4	[782, 883]	Sperm-specific antigen 2 C-terminus
Q86XU0	[203, 237]	No_PFAM_overlap
Q86XU0	[254, 445]	Zinc finger, C2H2 type
Q96DN2	[16, 270]	Complement Clr-like EGF-like
Q96DN2	[375, 792]	VWC2L-like domain
Q9NT99	[46, 72]	No_PFAM_overlap
Q9NT99	[332, 350]	No_PFAM_overlap
Q9NUG4	[335, 410]	Cerebral cavernous malformation protein, harmonin-homology
Q9UNL4	[188, 248]	No_PFAM_overlap
Q9Y3M8	[342, 362]	No_PFAM_overlap
Q9Y4I5	[175, 232]	No_PFAM_overlap
Q9Y4I5	[287, 484]	Tesmin/TSO1-like CXC domain, cysteine-rich domain
A6NNT2	[970, 993]	No_PFAM_overlap
A6NNT2	[1057, 1087]	No_PFAM_overlap
A8MW92	[143, 163]	No_PFAM_overlap
O94813	[495, 528]	No_PFAM_overlap
O94813	[707, 740]	Leucine rich repeat N-terminal domain
O94813	[879, 1159]	Leucine rich repeat C-terminal domain
O94813	[1322, 1528]	Human growth factor-like EGF
P13489	[197, 221]	No_PFAM_overlap
P33981	[258, 331]	No_PFAM_overlap
P35663	[614, 636]	No_PFAM_overlap
P38398	[793, 827]	No_PFAM_overlap
P38398	[1271, 1309]	No_PFAM_overlap
P42356	[1815, 1839]	No_PFAM_overlap
P52744	[43, 75]	No_PFAM_overlap
P52744	[98, 180]	Zinc finger, C2H2 type
P84103	[0, 19]	RNA recognition motif
Q2VIQ3	[1077, 1128]	No_PFAM_overlap
Q2VIQ3	[1150, 1182]	No_PFAM_overlap
Q3SY56	[217, 270]	Zinc finger, C2H2 type
Q68G74	[0, 79]	LIM domain
Q6W4X9	[245, 403]	von Willebrand factor type D domain
Q6W4X9	[565, 590]	No_PFAM_overlap
Q6W4X9	[738, 874]	von Willebrand factor type D domain
Q6W4X9	[1129, 1205]	No_PFAM_overlap
Q6W4X9	[2338, 2425]	No_PFAM_overlap
Q8N8C0	[16, 103]	Zinc finger, C2H2 type
Q969J2	[142, 165]	No_PFAM_overlap
Q969J2	[311, 362]	Zinc finger, C2H2 type
Q969J2	[478, 529]	Zinc finger, C2H2 type
Q96HE7	[24, 44]	No_PFAM_overlap
Q9C0D6	[768, 786]	No_PFAM_overlap
Q9H1H9	[1688, 1726]	No_PFAM_overlap
Q9HBE1	[0, 23]	No_PFAM_overlap
Q9HBE1	[346, 397]	Zinc finger, C2H2 type
Q9NS15	[68, 149]	Human growth factor-like EGF
Q9NS15	[268, 465]	Calcium-binding EGF domain
Q9NS15	[567, 1205]	Complement Clr-like EGF-like
Q9NYQ8	[3721, 3746]	No_PFAM_overlap
Q9NYQ8	[3933, 4042]	EGF-like domain
Q9Y6S9	[0, 21]	No_PFAM_overlap
Q9Y6S9	[348, 380]	No_PFAM_overlap
A4D0S4	[264, 539]	Laminin EGF domain
A4D0S4	[715, 1185]	Laminin EGF domain
A4D0S4	[1373, 1416]	LAMB1-4 helical domain
C9J069	[235, 263]	No_PFAM_overlap
C9J069	[654, 678]	No_PFAM_overlap
E7ETH6	[83, 106]	No_PFAM_overlap
E7ETH6	[192, 218]	No_PFAM_overlap
E7ETH6	[230, 284]	Zinc finger, C2H2 type
O75808	[6, 76]	Zn-finger in Ran binding protein and others
O75808	[90, 110]	No_PFAM_overlap
O75808	[335, 445]	Zn-finger in Ran binding protein and others
P0DKL9	[14, 55]	ARF7 effector protein C-terminus
P17509	[102, 118]	No_PFAM_overlap
P35908	[0, 16]	No_PFAM_overlap
P78363	[1168, 1188]	No_PFAM_overlap
P78363	[1479, 1505]	No_PFAM_overlap
Q14588	[167, 375]	Zinc finger, C2H2 type
Q14588	[447, 528]	Zinc finger, C2H2 type
Q8NFZ5	[397, 428]	No_PFAM_overlap
Q8WWZ8	[39, 58]	No_PFAM_overlap
Q8WWZ8	[141, 275]	Uromodulin-like, D8C domain
Q8WWZ8	[502, 522]	ZP-C domain
Q92833	[1192, 1219]	No_PFAM_overlap
Q96QT6	[305, 342]	PHD-finger
Q96QT6	[485, 543]	No_PFAM_overlap
Q96QT6	[913, 935]	No_PFAM_overlap
Q9H161	[0, 15]	No_PFAM_overlap
Q9H161	[314, 334]	No_PFAM_overlap
Q9NSB2	[510, 539]	No_PFAM_overlap
Q9NSB2	[551, 599]	No_PFAM_overlap
Q9P2D8	[841, 862]	No_PFAM_overlap
Q9P2D8	[920, 939]	No_PFAM_overlap
Q92686	[0, 18]	No_PFAM_overlap
Q96NG5	[143, 194]	Zinc finger, C2H2 type
Q9N2K0	[238, 266]	No_PFAM_overlap
