Accession_number	Region	Domain
O75093	[19, 58]	Leucine rich repeat N-terminal domain
Q13018	[904, 923]	Lectin C-type domain
Q53HC9	[95, 121]	EIPR1 beta-propeller
Q5T0L3	[56, 142]	Spermatogenesis-associated protein 46
Q5VWG9	[856, 917]	PHD-finger
Q6UWY2	[204, 230]	Trypsin
Q6ZMT1	[104, 171]	Phorbol esters/diacylglycerol binding domain (C1 domain)
Q8IWV7	[98, 182]	Putative zinc finger in N-recognin (UBR box)
Q8IZ63	[75, 91]	Proline-rich protein family 22
Q8IZJ1	[253, 339]	Thrombospondin type 1 domain
Q8N4H0	[110, 126]	Spermatogenesis-assoc protein 6
Q8WWI1	[1631, 1682]	LIM domain
Q9BT23	[32, 82]	LIM domain
Q9C0I4	[38, 92]	Thrombospondin type 1 domain
Q9NRY6	[94, 174]	Scramblase
Q9NV35	[13, 29]	NUDIX domain
Q9Y662	[333, 359]	Sulfotransferase domain
D6RCP7	[79, 131]	Ubiquitin carboxyl-terminal hydrolase
O43820	[357, 373]	Hyaluronidase
O94832	[960, 998]	Unconventional myosin tail, actin- and lipid-binding
P06858	[287, 319]	Lipase
P49720	[1, 20]	Proteasome subunit
P61513	[17, 64]	Ribosomal L37ae protein family
P78424	[507, 530]	Pou domain - N-terminal to homeobox domain
Q07325	[31, 56]	Small cytokines (intecrine/chemokine), interleukin-8 like
Q30KP8	[26, 58]	Beta defensin 136
Q53GD3	[399, 420]	Plasma-membrane choline transporter
Q5H9L4	[172, 200]	TAFII55 protein conserved region
Q5SWX8	[276, 291]	Odorant response abnormal 4-like
Q8WTW3	[78, 93]	Vps51/EXO84/COG1 N-terminal
Q92918	[594, 621]	CNH domain
Q9BYR6	[0, 97]	Keratin, high-sulphur matrix protein
Q9H2C1	[24, 133]	LIM domain
Q9NQ11	[286, 366]	P-type ATPase actuator domain
A6NI28	[842, 863]	Variant SH3 domain
A8MVZ5	[141, 197]	Butyrophilin subfamily 3 member A2-like, Ig-C domain
O00451	[28, 87]	GDNF/GAS1 domain
O75969	[421, 474]	A-kinase anchor protein 110 kDa (AKAP 110)
O95274	[23, 62]	u-PAR/Ly-6 domain
O95677	[425, 450]	haloacid dehalogenase-like hydrolase
P20701	[763, 784]	Integrin alpha Ig-like domain 2
P24278	[231, 258]	Zinc finger, C2H2 type
Q01955	[1598, 1669]	C-terminal tandem repeated domain in type 4 procollagen
Q13114	[34, 110]	TNF receptor-associated factor 2/3/5, RING domain
Q15878	[252, 286]	Ion transport protein
Q2TV78	[350, 392]	Kringle domain
Q2WGJ6	[503, 580]	Attractin/LZTR1 beta-propeller
Q659A1	[882, 923]	NMDA receptor-regulated gene protein 2 C-terminus
Q6PEW0	[202, 221]	Trypsin
Q6ZWI9	[0, 24]	zinc finger of C3HC4-type, RING
Q7Z4F1	[147, 193]	Low-density lipoprotein receptor domain class A
Q86UF1	[170, 204]	Tetraspanin family
Q8NBB4	[89, 130]	SCAN domain
Q8NCW6	[543, 607]	Ricin-type beta-trefoil lectin domain
Q8TAS1	[27, 63]	Protein kinase domain
Q8WXS8	[406, 424]	Reprolysin (M12B) family zinc metalloprotease
Q9BY79	[273, 310]	Low-density lipoprotein receptor domain class A
Q9NY46	[1165, 1195]	Sodium ion transport-associated
Q9NY74	[576, 595]	Ewing's tumour-associated antigen 1 homologue
Q9P2E3	[1854, 1893]	RZ type zinc finger domain
Q9UKV8	[268, 309]	PAZ domain
A0FGR8	[592, 625]	C2 domain
A8MWY0	[457, 476]	ELAPOR1-like, galactose binding domain
O00222	[506, 573]	Nine Cysteines Domain of family 3 GPCR
O43638	[74, 111]	Forkhead domain
O43766	[69, 84]	N-terminal domain of lipoyl synthase of Radical_SAM family
P10912	[49, 73]	Erythropoietin receptor, ligand binding
P16615	[487, 525]	P-type ATPase, cytoplasmic domain N
P43268	[265, 330]	PEA3 subfamily ETS-domain transcription factor N terminal domain
P55773	[39, 119]	Small cytokines (intecrine/chemokine), interleukin-8 like
P57764	[445, 463]	Gasdermin PUB domain
P98073	[182, 218]	Low-density lipoprotein receptor domain class A
P98164	[2010, 2038]	Coagulation Factor Xa inhibitory site
Q15031	[471, 520]	tRNA synthetases class I (I, L, M and V)
Q5H8A4	[263, 283]	Type I phosphodiesterase / nucleotide pyrophosphatase
Q6UXB8	[113, 207]	Cysteine-rich secretory protein family
Q8IX01	[826, 845]	Surp module
Q99675	[265, 323]	Zinc finger, C3HC4 type (RING finger)
Q9UHB6	[385, 469]	LIM domain
A6NCW7	[81, 125]	Ubiquitin carboxyl-terminal hydrolase
O95445	[157, 187]	ApoM domain
P26436	[180, 264]	u-PAR/Ly-6 domain
P36269	[429, 451]	Gamma-glutamyltranspeptidase
P55055	[78, 165]	Double treble clef zinc finger, C4 type
Q13535	[508, 524]	Serine/threonine-protein kinase ATR, N-HEAT region
Q14765	[402, 424]	STAT protein, DNA binding domain
Q15366	[278, 308]	KH domain
Q3BBV2	[637, 671]	Olduvai domain
Q5VXU9	[157, 178]	Family of unknown function (DUF5587)
Q6ZVN8	[77, 125]	Repulsive guidance molecule (RGM) N-terminal domain
Q8NG08	[451, 484]	AAA domain
Q8WUM9	[392, 419]	Phosphate transporter family
Q9H5I1	[221, 247]	Pre-SET motif
Q9H9G7	[354, 371]	PAZ domain
Q9HCU4	[1742, 1774]	Laminin G domain
Q9P2D3	[1685, 1702]	HEATR5A-like, HEAT repeats
Q9UH90	[5, 146]	TRAF-like zinc-finger
Q9UMW8	[218, 243]	Ubiquitin carboxyl-terminal hydrolase
Q9Y252	[618, 644]	Ring finger domain
O14792	[258, 276]	Sulfotransferase domain
O43291	[66, 98]	Kunitz/Bovine pancreatic trypsin inhibitor domain
O60242	[831, 851]	GPCR proteolysis site, GPS, motif
O94911	[950, 976]	ABC-2 family transporter protein
P01036	[84, 139]	Cystatin domain
P20155	[29, 83]	Kazal-type serine protease inhibitor domain
Q07890	[267, 296]	RhoGEF domain
Q0VG06	[485, 512]	Fanconi anemia-associated
Q12918	[173, 224]	Lectin C-type domain
Q13115	[36, 64]	Rhodanese-like domain
Q5VWM6	[446, 473]	PRAME C-terminal domain
Q6S9Z5	[159, 188]	zinc-finger of a C2HC-type
Q8NER5	[15, 41]	Activin types I and II receptor domain
Q8NHL6	[379, 410]	Immunoglobulin domain
Q8TDY4	[341, 371]	PH domain
Q96SZ5	[172, 265]	PCO_ADO
Q9H6E5	[5, 45]	Zinc-finger of C2H2 type
Q9H9J4	[89, 154]	Ubiquitin carboxyl-terminal hydrolase
Q9NTG1	[1805, 1826]	Polycystin domain
Q9UBS8	[307, 357]	IBR domain, a half RING-finger domain
Q9ULK0	[124, 141]	Receptor family ligand binding region
A6NI73	[51, 85]	Immunoglobulin domain
C9JVI0	[79, 131]	Ubiquitin carboxyl-terminal hydrolase
D6RBQ6	[79, 131]	Ubiquitin carboxyl-terminal hydrolase
O15528	[103, 125]	Cytochrome P450
P07327	[92, 130]	Alcohol dehydrogenase GroES-like domain
P0C7U3	[108, 156]	DHHC palmitoyltransferase
P25398	[96, 124]	Ribosomal protein L7Ae/L30e/S12e/Gadd45 family
P25940	[1516, 1551]	Fibrillar collagen C-terminal domain
P56715	[91, 116]	Doublecortin
Q08357	[369, 449]	Phosphate transporter family
Q5VW22	[437, 492]	Putative GTPase activating protein for Arf
Q76L83	[1392, 1434]	PHD domain of transcriptional enhancer, Asx
Q8WUX1	[231, 248]	Transmembrane amino acid transporter protein
Q96CS7	[33, 72]	PH domain
Q9BWU0	[311, 347]	Double-stranded RNA binding motif
Q9H8J5	[39, 145]	MANEC domain
Q9NQR9	[90, 116]	PAP2 superfamily
Q9NRR2	[181, 265]	Trypsin
Q9P2L0	[1139, 1180]	IFT121, second zinc finger domain
Q9UKG1	[303, 389]	PH domain
Q9UL18	[272, 341]	PAZ domain
Q9UMS6	[35, 63]	PDZ domain
A0A1B0GTH6	[406, 512]	Casein kinase II subunit alpha'-interacting protein
A0A5A2	[97, 113]	Immunoglobulin V-set domain
O00548	[31, 70]	N terminus of Notch ligand C2-like domain
O00755	[123, 141]	wnt family
O43526	[520, 535]	KCNQ voltage-gated potassium channel
O43866	[57, 157]	Scavenger receptor cysteine-rich domain
O94875	[1056, 1087]	Variant SH3 domain
P01871	[65, 120]	Immunoglobulin C1-set domain
P13726	[219, 242]	Interferon-alpha/beta receptor, fibronectin type III
P49407	[125, 149]	Arrestin (or S-antigen), N-terminal domain
Q13117	[189, 212]	Daz repeat
Q15139	[180, 199]	Phorbol esters/diacylglycerol binding domain (C1 domain)
Q15910	[272, 338]	Ezh2, MCSS domain
Q6ZMP0	[368, 414]	ADAMTS cysteine-rich domain
Q86XK2	[850, 903]	Putative zinc finger in N-recognin (UBR box)
Q8IU81	[0, 40]	Interferon regulatory factor 2-binding protein zinc finger
Q8N684	[375, 405]	CPSF6-like, RSLD domain, N-terminal region
Q96GW7	[847, 869]	Sushi repeat (SCR repeat)
Q9BYD5	[0, 74]	PLAC8 family
Q9P2D0	[750, 773]	BTB/POZ domain
Q9UBX7	[166, 266]	Trypsin
A6NFC5	[56, 77]	PMP-22/EMP/MP20/Claudin tight junction
A8MUK1	[79, 131]	Ubiquitin carboxyl-terminal hydrolase
O75534	[103, 124]	Cold shock domain-containing protein E1 CSD domain
P22304	[154, 185]	Sulfatase
P40855	[209, 241]	Pex19 protein family
Q01973	[58, 84]	Immunoglobulin I-set domain
Q14315	[189, 220]	Calponin homology (CH) domain
Q15116	[122, 139]	Immunoglobulin V-set domain
Q15661	[209, 229]	Trypsin
Q16671	[68, 123]	Activin types I and II receptor domain
Q38SD2	[1151, 1206]	C-terminal of Roc, COR-B domain
Q4KMG0	[495, 514]	Immunoglobulin domain
Q5UE93	[618, 650]	Phosphoinositide 3-kinase gamma adapter protein p101 subunit
Q7RTY5	[200, 227]	Trypsin
Q86YW7	[24, 129]	Cystine-knot domain
Q8IVU3	[973, 999]	HECT-domain (ubiquitin-transferase)
Q8NBT3	[124, 145]	TMEM145, N-terminal domain
Q92608	[1395, 1415]	DHR-2, Lobe B
Q96SM3	[150, 172]	F5/8 type C domain
Q96T88	[480, 546]	SAD/SRA domain
Q9BTC0	[258, 326]	PHD-finger
Q9H8X2	[287, 315]	Inositol-pentakisphosphate 2-kinase
Q9NRX5	[3, 30]	Serine incorporator (Serinc)
Q9P244	[366, 394]	Immunoglobulin I-set domain
O75326	[552, 626]	Semaphorin-7A-like, immunoglobulin-like domain
O94956	[472, 507]	Organic Anion Transporter Polypeptide (OATP) family
O95156	[178, 208]	Neurexophilin
P04216	[104, 123]	Immunoglobulin domain
P09543	[405, 420]	2',3'-cyclic nucleotide 3'-phosphodiesterase (CNP or CNPase)
P15289	[156, 181]	Sulfatase
P48067	[225, 249]	Sodium:neurotransmitter symporter family
P51816	[1100, 1116]	AFF4, C-terminal homology domain
Q13822	[776, 806]	DNA/RNA non-specific endonuclease
Q16515	[318, 378]	Amiloride-sensitive sodium channel
Q7Z407	[1750, 1776]	CUB domain
Q7Z4I7	[0, 35]	LIM domain
Q9HBH9	[211, 234]	Protein kinase domain
O00748	[79, 95]	Carboxylesterase family
P00519	[1014, 1055]	F-actin binding
P01733	[93, 109]	Immunoglobulin V-set domain
P50151	[32, 63]	GGL domain
Q15283	[724, 753]	BTK motif
Q16790	[161, 183]	Eukaryotic-type carbonic anhydrase
Q3YBR2	[240, 264]	F/Y rich C-terminus
Q6IPT4	[16, 43]	Oxidoreductase-like protein, N-terminal
Q8WVN8	[35, 55]	RWD domain
Q8WYQ5	[649, 671]	Double-stranded RNA binding motif
Q96FL9	[516, 551]	Ricin-type beta-trefoil lectin domain
Q96N67	[65, 111]	Dedicator of cytokinesis C/D, N terminal
Q99784	[52, 101]	Neurogenesis glycoprotein
Q9BZQ8	[103, 131]	Protein Niban 2-like, PH domain
Q9UHA3	[0, 44]	Ribosomal protein L24e
Q9UI42	[236, 281]	Zinc carboxypeptidase
Q9Y5L4	[38, 82]	Tim10/DDP family zinc finger
A8MT70	[109, 161]	ANCHR-like B-box zinc-binding domain
C9JJH3	[80, 123]	Ubiquitin carboxyl-terminal hydrolase
O75094	[32, 60]	Leucine rich repeat N-terminal domain
O95800	[293, 311]	7 transmembrane receptor (rhodopsin family)
O95868	[12, 118]	u-PAR/Ly-6 domain
P01034	[99, 123]	Cystatin domain
P01178	[9, 124]	Neurohypophysial hormones, C-terminal Domain
P09603	[161, 189]	Macrophage colony stimulating factor-1 (CSF-1)
P30511	[107, 134]	Class I Histocompatibility antigen, domains alpha 1 and 2
P51693	[56, 215]	Amyloid A4 N-terminal heparin-binding
Q01538	[578, 602]	Myelin transcription factor 1
Q13129	[477, 506]	Zinc finger protein Rlf-like, TPR repeats
Q14573	[39, 71]	Inositol 1,4,5-trisphosphate/ryanodine receptor
Q14953	[131, 211]	Immunoglobulin domain
Q53RY4	[133, 156]	Beta-casein like protein
Q63HN1	[269, 285]	FAM75 family
Q7RTS6	[211, 228]	Otopetrin
Q8WWB7	[239, 259]	Lysosomal transcription factor, NCU-G1
Q93052	[397, 462]	LIM domain
Q93084	[484, 549]	P-type ATPase, cytoplasmic domain N
Q9H0W7	[26, 101]	THAP domain
Q9P055	[0, 54]	JNK1/MAPK8-associated membrane protein
O14867	[522, 549]	bZIP Maf transcription factor
O43189	[90, 145]	PHD-finger
O95644	[670, 705]	Rel homology dimerisation domain
P01699	[27, 47]	Immunoglobulin V-set domain
P05160	[39, 96]	Sushi repeat (SCR repeat)
P08648	[864, 881]	Integrin alpha Ig-like domain 3
P14210	[55, 94]	PAN domain
P30566	[285, 300]	Lyase
P35030	[251, 271]	Trypsin
P50851	[2011, 2029]	Neurobeachin-like, DUF1088
Q15057	[395, 427]	Putative GTPase activating protein for Arf
Q15437	[50, 73]	Sec23/Sec24 zinc finger
Q16760	[178, 210]	Phorbol esters/diacylglycerol binding domain (C1 domain)
Q6NUS6	[90, 109]	N-terminal domain of DUF1619
Q7Z2T5	[502, 524]	N2,N2-dimethylguanosine tRNA methyltransferase
Q7Z5L0	[140, 201]	Vitelline membrane outer layer protein I (VOMI)
Q8IVF6	[935, 991]	Domain of unknown function (DUF3496)
Q8WTQ7	[98, 144]	Regulator of G protein signaling domain
Q8WTU2	[110, 139]	Scavenger receptor cysteine-rich domain
Q9BX93	[55, 134]	Group XII secretory phospholipase A2 precursor (PLA2G12)
Q9ULV1	[117, 169]	Fz domain
A1L157	[183, 200]	Tetraspanin family
O43240	[155, 181]	Trypsin
O76031	[99, 119]	CLPX-like, zinc ribbon domain
P01730	[143, 165]	Immunoglobulin C2-set domain
P0C7I0	[80, 128]	Ubiquitin carboxyl-terminal hydrolase
P14618	[341, 366]	Pyruvate kinase, barrel domain
P49207	[46, 91]	Ribosomal protein L34e
P51861	[120, 161]	LED repeat
P56277	[0, 60]	Cx9C motif-containing protein 4
Q07864	[2157, 2185]	Zinc finger domain of DNA polymerase-epsilon
Q5TEJ8	[344, 389]	Cell-cycle sustaining, positive selection,
Q6UYE1	[122, 158]	Leukemia-associated protein 7
Q71F56	[2095, 2123]	Mediator complex subunit 13 C-terminal domain
Q8TCX5	[284, 303]	BRO1-like domain
Q96D21	[129, 152]	Ras family
Q96HD1	[38, 69]	TLR4 regulator and MIR-interacting MSAP
Q96LD1	[152, 186]	Sarcoglycan complex subunit protein
Q9BU40	[246, 360]	von Willebrand factor type C domain
Q9HC78	[571, 597]	Zinc finger, C2H2 type
Q9NR21	[44, 75]	WWE domain
Q9UI36	[253, 278]	SKI/SNO/DAC Dachshund homology domain
A2RUB1	[863, 887]	Meiosis-specific coiled-coil domain-containing protein MEIOC
A3QJZ6	[448, 478]	PRAME C-terminal domain
A6NH00	[290, 311]	Olfactory receptor
A6NKQ9	[52, 71]	Cystine-knot domain
O15117	[503, 534]	Variant SH3 domain
O75132	[136, 175]	BED zinc finger
P02787	[20, 43]	Transferrin
P10589	[79, 154]	Double treble clef zinc finger, C4 type
P54764	[351, 391]	Fibronectin type III domain
Q5T2Q4	[0, 137]	Aspartate-rich protein 1-like
Q6P5X7	[20, 70]	TMEM71 protein family
Q8IWU6	[609, 646]	Sulfatase protein
Q8N302	[226, 258]	OCRE domain
Q8NF50	[94, 115]	Dedicator of cytokinesis C/D, N terminal
Q96HD9	[42, 72]	Succinylglutamate desuccinylase/Aspartoacylase catalytic domain
Q96LA6	[258, 294]	Immunoglobulin domain
Q9NR99	[490, 508]	Immunoglobulin domain
Q9UHF5	[83, 142]	Interleukin-17
Q9UK28	[60, 142]	Brain specific membrane anchored protein
Q9UNK4	[38, 107]	Phospholipase A2
Q9Y210	[249, 277]	Transient receptor ion channel II
O95757	[759, 783]	HYOU1-like, C-terminal domain
P04198	[106, 130]	Myc amino-terminal region
P14415	[118, 168]	Sodium / potassium ATPase beta chain
P28702	[195, 276]	Double treble clef zinc finger, C4 type
Q07912	[442, 480]	GTPase binding
Q13077	[372, 415]	TRAF/meprin, MATH domain
Q2VIR3	[91, 117]	Elongation factor Tu GTP binding domain
Q5TYX0	[447, 475]	PRAME C-terminal domain
Q6NZ36	[149, 178]	Ubiquitin-binding zinc-finger
Q6T4R5	[780, 835]	NHS-like protein
Q6URK8	[33, 81]	Sperm microtubule inner protein 8
Q6ZUB0	[92, 148]	Domain of unknown function (DUF4599)
Q7Z4Q2	[44, 116]	HEAT-like repeat
Q8IUG5	[1062, 1085]	Myosin head (motor domain)
Q8WWN9	[31, 57]	PH domain
Q92484	[59, 74]	Calcineurin-like phosphoesterase
Q96GX1	[170, 200]	N-terminal domain of DUF1619
Q96LA5	[259, 280]	Immunoglobulin domain
Q96PZ7	[209, 226]	CUB domain
Q99963	[285, 316]	SH3 domain
Q9NY15	[1830, 1895]	Fasciclin domain
Q9UJW2	[259, 319]	Papain family cysteine protease
Q9Y698	[39, 83]	PMP-22/EMP/MP20/Claudin family
O94929	[103, 169]	LIM domain
O95704	[138, 161]	Phosphotyrosine interaction domain (PTB/PID)
P22897	[306, 333]	Lectin C-type domain
P23759	[44, 97]	'Paired box' domain
P37088	[371, 409]	Amiloride-sensitive sodium channel
P43652	[75, 133]	Serum albumin family
P81274	[484, 509]	GoLoco motif
Q10472	[519, 558]	Ricin-type beta-trefoil lectin domain
Q13615	[321, 340]	Myotubularin-like phosphatase domain
Q14839	[362, 421]	PHD-finger
Q15834	[69, 98]	CCDC85 family
Q3LI59	[0, 42]	Keratin-associated matrix
Q8N9V2	[34, 64]	zinc finger of C3HC4-type, RING
Q8NEB7	[98, 134]	Proacrosin binding protein sp32
Q8TE12	[116, 151]	LIM domain
Q96CA5	[247, 297]	Zinc finger, C3HC4 type (RING finger)
Q96HI0	[174, 233]	Sentrin-specific protease 3/5 N-terminal
Q99988	[201, 307]	Transforming growth factor beta like domain
Q9BYV6	[7, 91]	RING-type zinc-finger
Q9GZR1	[778, 805]	Ulp1 protease family, C-terminal catalytic domain
Q9UHB9	[547, 579]	RNA-binding signal recognition particle 68
Q9Y6L7	[348, 366]	CUB domain
A0A075B6H9	[95, 118]	Immunoglobulin V-set domain
O43597	[166, 302]	Sprouty protein (Spry)
O75445	[304, 336]	Laminin N-terminal (Domain VI)
P04733	[0, 60]	Metallothionein
P09093	[207, 226]	Trypsin
P22692	[18, 117]	Insulin-like growth factor binding protein
Q6X4U4	[70, 177]	Sclerostin (SOST)
Q7Z7G8	[2452, 2469]	VPS13-like family middle region
Q8N806	[48, 140]	Putative zinc finger in N-recognin (UBR box)
Q8WTQ4	[233, 257]	Domain of unknown function (DUF4638)
Q92529	[198, 213]	Phosphotyrosine interaction domain (PTB/PID)
Q96LL4	[181, 201]	Domain of unknown function (DUF4606)
Q9H013	[101, 121]	Reprolysin family propeptide
Q9NP50	[1, 70]	Protein Family FAM60A
Q9NWH9	[391, 440]	RNA recognition motif
P00325	[91, 120]	Alcohol dehydrogenase GroES-like domain
P02790	[223, 238]	Hemopexin
P16871	[30, 54]	Fibronectin type III domain
P26010	[32, 94]	Integrin plexin domain
P51689	[490, 535]	C-terminal region of aryl-sulfatase
P51784	[690, 716]	Ubiquitin carboxyl-terminal hydrolase
P60484	[285, 312]	C2 domain of PTEN tumour-suppressor protein
P78334	[433, 474]	Neurotransmitter-gated ion-channel transmembrane region
Q17RN3	[89, 109]	Protein of unknown function (DUF2465)
Q5VTE6	[37, 168]	Protein angel homolog 2 N-terminal
Q5VZB9	[84, 135]	DM DNA binding domain
Q96AT9	[0, 18]	Ribulose-phosphate 3 epimerase family
Q96EG1	[159, 195]	Sulfatase
Q96NH3	[70, 96]	Broad-minded protein N-terminal domain
Q99424	[405, 421]	Acyl-CoA oxidase, C-alpha1 domain
Q9BRQ0	[324, 393]	Pygopus, PHD-type zinc finger
Q9H0H0	[224, 240]	Integrator complex subunit 2
Q9H9P5	[629, 679]	Zinc finger, C3HC4 type (RING finger)
Q9NRY4	[946, 966]	p190RhoGAP, pG1 and pG2 domains
Q9UHC7	[361, 401]	RNA-binding, Nab2-type zinc finger
Q9UHV7	[1883, 1909]	Mediator complex subunit 13 C-terminal domain
Q9Y282	[118, 195]	Endoplasmic reticulum vesicle transporter
A0A075B6N4	[89, 105]	Immunoglobulin V-set domain
O00507	[1722, 1738]	Ubiquitin carboxyl-terminal hydrolase
O94806	[189, 211]	Phorbol esters/diacylglycerol binding domain (C1 domain)
P05231	[65, 102]	Interleukin-6/G-CSF/MGF family
P18433	[723, 738]	Protein-tyrosine phosphatase
P29597	[287, 321]	Jak1 pleckstrin homology-like domain
P55103	[309, 351]	Transforming growth factor beta like domain
P68366	[27, 54]	Tubulin/FtsZ family, GTPase domain
Q0P6D6	[876, 904]	Coiled-coil domain-containing protein 15 C-terminal domain
Q15560	[125, 222]	Transcription factor S-II (TFIIS), central domain
Q8NAG6	[45, 69]	Ankyrin repeats (3 copies)
Q8NHY6	[249, 284]	KRAB box
Q8WXE1	[319, 345]	ATRIP C-terminal domain
Q9H461	[97, 151]	Fz domain
Q9NYK6	[5, 56]	EURL protein
Q9P1T7	[158, 245]	MyoD family inhibitor
A6NL88	[75, 132]	Shisa, N-terminal domain
O94851	[1038, 1070]	LIM domain
P19875	[48, 93]	Small cytokines (intecrine/chemokine), interleukin-8 like
P20749	[327, 343]	Ankyrin repeats (3 copies)
P47944	[0, 61]	Metallothionein
P48509	[146, 201]	Tetraspanin family
P51587	[1670, 1697]	BRCA2 repeat
P56705	[195, 241]	wnt family
Q01974	[233, 328]	Fz domain
Q5BN46	[89, 114]	Piercer of microtubule wall 1/2
Q86V20	[418, 446]	Shieldin complex subunit 2, first OB fold domain
Q8N812	[24, 66]	Family of unknown function (DUF5541)
Q8TAG5	[109, 141]	Immunoglobulin V-set domain
Q8TE54	[531, 567]	STAS domain
Q8WWP7	[50, 103]	AIG1 family
Q9BYW2	[2469, 2535]	SRI (Set2 Rpb1 interacting) domain
Q9NRF2	[295, 371]	PH domain
Q9Y3T6	[61, 77]	R3H domain
Q9Y6G9	[48, 67]	Dynein light intermediate chain (DLIC)
A0A2R8Y4M4	[26, 82]	zinc-RING finger domain
A0AAG2UXK7	[843, 866]	Olduvai domain
A0AUZ9	[893, 929]	PEHE domain
O00253	[80, 131]	Agouti protein
O15198	[89, 139]	MH1 domain
O94913	[1430, 1490]	Pcf11, C-terminal domain
P08311	[112, 157]	Trypsin
P09341	[32, 92]	Small cytokines (intecrine/chemokine), interleukin-8 like
P09544	[129, 150]	wnt family
P0DPF2	[0, 62]	Olduvai domain
P16870	[287, 327]	Zinc carboxypeptidase
P34096	[48, 146]	Pancreatic ribonuclease
P49862	[125, 240]	Trypsin
P80075	[24, 72]	Small cytokines (intecrine/chemokine), interleukin-8 like
Q01151	[23, 53]	Immunoglobulin V-set domain
Q02241	[189, 208]	Kinesin motor domain
Q02833	[58, 84]	Ras association (RalGDS/AF-6) domain
Q15042	[645, 704]	Rab3 GTPase-activating protein catalytic subunit
Q16594	[68, 101]	Transcription initiation factor IID, 31kD subunit
Q3V5L5	[656, 791]	Glycosyltransferase family 18
Q6ZWE6	[675, 760]	Rubicon Homology Domain
Q7LGA3	[189, 208]	Sulfotransferase family
Q8N5U0	[68, 118]	Domain of unknown function (DUF4663)
Q969H9	[71, 102]	Disrupted in renal carcinoma protein 1
Q96LC7	[306, 336]	Immunoglobulin I-set domain
Q9NRU3	[711, 726]	Metal transporter CNNM2-like, C-terminal CNBH domain
A6NFH5	[109, 139]	Lipocalin / cytosolic fatty-acid binding protein family
O14522	[1370, 1390]	Protein-tyrosine phosphatase
O15165	[0, 55]	Low-density lipoprotein receptor domain class A
P0CW18	[215, 314]	Trypsin
P13224	[132, 153]	Platelet glycoprotein Ib beta chain C-terminal domain
P56373	[102, 128]	ATP P2X receptor
P61129	[321, 357]	KIAA1064-like, CCCH zinc finger
Q11130	[63, 78]	Fucosyltransferase, N-terminal
Q14831	[377, 401]	Receptor family ligand binding region
Q14966	[1921, 1955]	Zinc-finger double-stranded RNA-binding
Q5T5C0	[914, 938]	Lethal giant larvae(Lgl) like, C-terminal
Q7L0R7	[402, 431]	Ring finger domain
Q7Z3Y9	[75, 92]	Intermediate filament protein
Q86XA9	[1324, 1339]	Laa1/Sip1/HEATR5 HEAT repeat region
Q8N3C7	[524, 548]	CAP-Gly domain
Q8N7H5	[22, 65]	Paf1
Q8NF86	[152, 182]	Trypsin
Q8TC05	[350, 371]	Nuclear protein MDM1
Q8TE76	[414, 474]	CW-type Zinc Finger
Q96KX2	[43, 59]	F-actin capping protein alpha subunit
Q99502	[378, 395]	haloacid dehalogenase-like hydrolase
Q9BYJ0	[35, 118]	FGF binding protein 1 (FGF-BP1)
Q9GZT5	[146, 168]	wnt family
Q9H3R1	[810, 836]	Sulfotransferase domain
Q9Y6U7	[312, 335]	Ring finger domain
A8MUP6	[92, 112]	GSG1-like protein
O14905	[131, 156]	wnt family
O15230	[63, 132]	Laminin N-terminal (Domain VI)
O15547	[126, 164]	ATP P2X receptor
O60243	[116, 133]	Sulfotransferase family
P36551	[162, 207]	Coproporphyrinogen III oxidase
P62736	[9, 49]	Actin
Q0WX57	[79, 131]	Ubiquitin carboxyl-terminal hydrolase
Q15468	[95, 124]	STIL N-terminal domain
Q5VU36	[689, 724]	FAM75 family
Q6UXV1	[149, 169]	Izumo sperm-egg fusion, Ig domain-associated
Q6ZVC0	[572, 647]	Neuronal tyrosine-phosphorylated phosphoinositide-3-kinase adapter
Q70EL2	[578, 661]	Ubiquitin carboxyl-terminal hydrolase
Q7Z478	[637, 667]	DEAD/DEAH box helicase
Q9H2E6	[349, 384]	Sema domain
Q9H4D5	[264, 332]	NXF1/2/3/5 leucine-rich repeat domain
Q9NR50	[390, 433]	EIF2B subunit epsilon LbH domain
Q9NXF8	[119, 168]	DHHC palmitoyltransferase
B0I1T2	[973, 990]	Unconventional myosin tail, actin- and lipid-binding
O95631	[43, 116]	Laminin N-terminal (Domain VI)
P02679	[21, 41]	Fibrinogen alpha/beta chain family
P08833	[27, 89]	Insulin-like growth factor binding protein
P58215	[112, 159]	Scavenger receptor cysteine-rich domain
Q2L4Q9	[140, 326]	Trypsin
Q496Y0	[146, 204]	Zinc finger, C3HC4 type (RING finger)
Q5T871	[19, 54]	Late cornified envelope-like proline-rich protein 1
Q6UW56	[146, 202]	ATRAID-like, EGF domain
Q7Z3D6	[138, 280]	D-glutamate cyclase
Q9BQT9	[101, 125]	Calsyntenin, immunoglobulin-like domain
Q9H8W4	[138, 228]	FYVE zinc finger
Q9UBU7	[280, 302]	DBF zinc finger
Q9UGU0	[1888, 1936]	PHD-like zinc-binding domain
Q9Y4G2	[1021, 1054]	Rubicon Homology Domain
A8MVM7	[148, 176]	Domain of unknown function (DUF4553)
O60262	[20, 55]	GGL domain
O60879	[141, 165]	Diaphanous GTPase-binding Domain
P21912	[88, 119]	2Fe-2S iron-sulfur cluster binding domain
P36575	[128, 148]	Arrestin (or S-antigen), N-terminal domain
P36952	[179, 195]	Serpin (serine protease inhibitor)
Q0ZGT2	[651, 674]	Immunoglobulin I-set domain
Q13324	[4, 100]	Hormone receptor domain
Q2M3G0	[72, 102]	ABC transporter transmembrane region
Q7Z5A4	[259, 277]	Trypsin
Q8IV63	[0, 34]	zinc-ribbon domain
Q8IYB8	[249, 278]	DEXQ-box helicase domain of Suv3
Q8TC76	[266, 285]	Centrosome-associated C terminus
Q8WV99	[0, 73]	AN1-like Zinc finger
Q8WWR8	[218, 280]	BNR repeat-like domain
Q92551	[227, 259]	Inositol polyphosphate kinase
Q9BYE2	[498, 515]	Trypsin
Q9ULI3	[1000, 1058]	Calcium-binding EGF domain
Q9UQ72	[298, 334]	Immunoglobulin domain
Q9Y258	[25, 79]	Small cytokines (intecrine/chemokine), interleukin-8 like
Q9Y4B4	[457, 477]	SNF2-related domain
A0A578	[90, 113]	Immunoglobulin V-set domain
O75129	[512, 553]	Astrotactin 1/2 N-terminal
O75925	[126, 168]	PINIT domain
P01225	[70, 128]	Cystine-knot domain
P02462	[1590, 1618]	C-terminal tandem repeated domain in type 4 procollagen
P04075	[121, 138]	Fructose-bisphosphate aldolase class-I
P23497	[617, 658]	SAND domain
P27216	[13, 35]	Annexin
P31997	[281, 320]	Immunoglobulin domain
P42229	[372, 402]	STAT protein, DNA binding domain
Q13490	[88, 124]	Inhibitor of Apoptosis domain
Q2PZI1	[619, 654]	Q-cell neuroblast polarisation
Q3SYG4	[11, 32]	PTHB1 N-terminal
Q5T8I3	[24, 62]	N-terminal C2 in EEIG1 and EHBP1 proteins
Q6PEX3	[17, 171]	PMG protein
Q6ZRK6	[657, 743]	Coiled-coil domain-containing protein 73 family
Q8N5Y8	[217, 233]	Poly(ADP-ribose) polymerase catalytic domain
Q96AX9	[823, 877]	Zinc finger, C3HC4 type (RING finger)
Q9C035	[0, 82]	RING-type zinc-finger
Q9H772	[68, 164]	DAN domain
Q9UKR8	[147, 199]	Tetraspanin family
Q9Y5G0	[719, 798]	Cadherin cytoplasmic C-terminal
Q9Y5X4	[36, 119]	Double treble clef zinc finger, C4 type
A0A1B0GTH9	[69, 107]	zinc-finger of a C2HC-type
O15498	[177, 197]	Synaptobrevin
O43567	[216, 285]	Ring finger domain
O60260	[153, 207]	RING/Ubox like zinc-binding domain
P17927	[421, 522]	Sushi repeat (SCR repeat)
P28799	[359, 422]	Granulin
P42677	[33, 76]	Ribosomal protein S27
P60201	[125, 140]	Myelin proteolipid protein (PLP or lipophilin)
Q06587	[267, 302]	RAWUL domain RING finger- and WD40-associated ubiquitin-like
Q5RHP9	[364, 408]	Domain of unknown function (DUF4590)
Q5VYV0	[66, 108]	Forkhead domain
Q6GPH4	[255, 300]	XIAP-associated factor 1 C-terminal domain
Q6ZVZ8	[215, 336]	Ankyrin repeats (3 copies)
Q8TDX9	[827, 844]	REJ domain
Q96FT7	[280, 388]	Amiloride-sensitive sodium channel
Q96MC4	[48, 69]	CEP295 N-terminal-like protein
Q96NL8	[102, 119]	Retinal Maintenance
Q96PD4	[96, 118]	Interleukin-17
Q9HAV4	[478, 493]	Exportin-5 family
Q9NTN9	[367, 388]	Sema domain
Q9NXL9	[166, 204]	MCM OB domain
Q9UFD9	[433, 532]	RIMB1-like, N-terminal domain
Q9UJF2	[96, 152]	PH domain-like
A2VEC9	[2392, 2448]	Low-density lipoprotein receptor domain class A
O60296	[512, 553]	Kinesin associated protein
O60711	[128, 201]	LIM domain
O60826	[201, 225]	CCDC22 protein coiled-coil region
P29474	[618, 640]	Flavodoxin
Q01740	[12, 41]	Flavin-binding monooxygenase-like
Q15784	[189, 226]	Neuronal helix-loop-helix transcription factor
Q53F39	[210, 256]	Calcineurin-like phosphoesterase
Q6UX06	[237, 254]	Olfactomedin-like domain
Q6ZMV5	[479, 500]	Phosphatase 4 regulatory subunit 3
Q6ZU64	[1053, 1071]	CFAP65, eight Ig-like domain
Q70J99	[115, 164]	C2 domain
Q8IZ83	[42, 69]	Aldehyde dehydrogenase family
Q8WXF3	[106, 141]	Insulin/IGF/Relaxin family
Q92629	[195, 224]	Sarcoglycan complex subunit protein
Q96P09	[204, 235]	Zinc finger, C3HC4 type (RING finger)
Q9BX63	[286, 314]	DEAD_2
Q9H0D6	[14, 42]	XRN 5'-3' exonuclease N-terminus
Q9H2A7	[102, 119]	C-X-C motif chemokine 16 domain
Q9H9L3	[175, 200]	Exonuclease
Q9HCC8	[219, 253]	Glycerophosphoryl diester phosphodiesterase family
Q9NPG8	[145, 171]	DHHC palmitoyltransferase
Q9NRA1	[275, 344]	PDGF/VEGF domain
Q9P2E5	[371, 405]	Chondroitin N-acetylgalactosaminyltransferase
Q9UBF6	[39, 96]	RING-H2 zinc finger domain
Q9UKP5	[371, 395]	Reprolysin (M12B) family zinc metalloprotease
Q9Y2J0	[82, 147]	FYVE-type zinc finger
Q9Y2X0	[743, 843]	Mediator complex subunit 16, C-terminal
Q9Y5R6	[77, 114]	DM DNA binding domain
O15146	[424, 455]	Fz domain
O95376	[166, 199]	Zinc finger, C3HC4 type (RING finger)
O95388	[333, 363]	Cystine-knot domain
P00995	[21, 78]	Kazal-type serine protease inhibitor domain
P02765	[179, 254]	Cystatin domain
P0C672	[159, 186]	Tetraspanin family
P13497	[546, 599]	Coagulation Factor Xa inhibitory site
P54753	[365, 400]	Fibronectin type III domain
Q02643	[0, 111]	Hormone receptor domain
Q5JRM2	[336, 356]	Uncharacterized protein CXorf66
Q5JTZ5	[78, 99]	Domain of unknown function (DUF4682)
Q5T3J3	[593, 618]	Ligand-dependent nuclear receptor-interacting factor 1
Q5U651	[183, 221]	Ras association (RalGDS/AF-6) domain
Q6Q8B3	[191, 220]	CD80-like C2-set immunoglobulin domain
Q6X784	[275, 326]	Zona-pellucida-binding protein (Sp38) C-terminal EGF-like domain
Q86VE9	[338, 372]	Serine incorporator (Serinc)
Q8IVJ1	[375, 401]	Divalent cation transporter
Q8NC67	[301, 335]	Low-density lipoprotein receptor domain class A
Q8NCS7	[411, 426]	Plasma-membrane choline transporter
Q96HF1	[104, 192]	Fz domain
Q9H334	[305, 332]	FOXP coiled-coil domain
Q9H4B4	[49, 100]	Protein kinase domain
Q9HC96	[343, 360]	Calpain large subunit, domain III
Q9UGC7	[260, 277]	RF-1 domain
Q9UGI8	[226, 255]	LIM domain
Q9UP79	[323, 356]	Reprolysin (M12B) family zinc metalloprotease
Q9UPM6	[98, 121]	LIM domain
A6NNM3	[432, 532]	RIMB1-like, N-terminal domain
O00213	[363, 411]	Phosphotyrosine interaction domain (PTB/PID)
O15355	[351, 369]	Protein phosphatase 2C
O75689	[8, 26]	Putative GTPase activating protein for Arf
P04628	[75, 117]	wnt family
P31512	[5, 41]	Flavin-binding monooxygenase-like
P51793	[406, 421]	Voltage gated chloride channel
P58062	[28, 84]	Kazal-type serine protease inhibitor domain
Q05048	[121, 144]	WD domain, G-beta repeat
Q13133	[91, 174]	Double treble clef zinc finger, C4 type
Q7KZ85	[320, 350]	Helix-turn-helix DNA-binding domain of SPT6
Q7LDG7	[518, 555]	Phorbol esters/diacylglycerol binding domain (C1 domain)
Q86X45	[361, 388]	Dynein axonemal assembly factor 11-like, CS domain
Q8N967	[27, 62]	Leucine rich repeat N-terminal domain
Q8NDA2	[752, 768]	Immunoglobulin domain
Q8TF40	[70, 135]	Folliculin-interacting protein N-terminus
Q8WY36	[81, 101]	HMG (high mobility group) box
Q9NQT4	[22, 49]	3' exoribonuclease family, domain 1
Q9NR71	[347, 392]	Neutral/alkaline non-lysosomal ceramidase, N-terminal
Q9NYQ7	[1718, 1743]	EGF-like domain
Q9NZL4	[79, 130]	Nucleotide exchange factor Fes1
Q9P2P5	[208, 226]	C2 domain
Q9UBT6	[312, 334]	impB/mucB/samB family
Q9UKI3	[83, 122]	Immunoglobulin V-set domain
Q9ULC8	[100, 139]	DHHC palmitoyltransferase
Q9Y2I2	[57, 104]	Laminin N-terminal (Domain VI)
A0A0B4J240	[93, 113]	Immunoglobulin V-set domain
O60941	[243, 284]	Zinc finger, ZZ type
O95232	[15, 58]	LUC7 N_terminus
P10275	[518, 636]	Double treble clef zinc finger, C4 type
P42226	[337, 360]	STAT protein, DNA binding domain
P81408	[118, 156]	CD20-like family
P81534	[28, 57]	Beta defensin
Q01201	[115, 155]	Rel homology DNA-binding domain
Q13939	[539, 587]	Calicin, beta-propeller domain
Q5H913	[157, 172]	ADP-ribosylation factor family
Q6B9Z1	[65, 119]	Insulin growth factor-like family
Q6UWE0	[667, 722]	Zinc finger, C3HC4 type (RING finger)
Q6ZMZ0	[195, 264]	IBR domain, a half RING-finger domain
Q7Z6E9	[0, 19]	DWNN domain
Q86U70	[256, 282]	LIM-domain binding protein
Q8IWB4	[689, 724]	FAM75 family
Q8ND23	[92, 127]	Carmil pleckstrin homology domain
Q8TCZ2	[206, 243]	CD99 antigen like protein 2
Q99661	[528, 613]	Kinesin motor domain
Q9NNW5	[958, 999]	WD domain, G-beta repeat
Q9UHD1	[13, 64]	CHORD
O43609	[168, 302]	Sprouty protein (Spry)
O75603	[66, 160]	GCM motif protein
P01024	[678, 728]	Anaphylotoxin-like domain
P01599	[30, 57]	Immunoglobulin V-set domain
P07288	[192, 247]	Trypsin
Q08708	[34, 74]	Immunoglobulin V-set domain
Q08AE8	[60, 101]	Kinase non-catalytic C-lobe domain
Q52LD8	[159, 182]	Raftlin
Q5VWQ8	[146, 191]	PH domain-like
Q6P988	[417, 478]	Pectinacetylesterase
Q86W47	[56, 136]	Calcium-activated potassium channel, beta subunit
Q8N6S4	[429, 449]	ANKRD13 C-terminal
Q8NBP7	[213, 245]	Subtilase family
Q96LX7	[431, 472]	CCDC17 C-terminal domain
Q9H0A6	[113, 182]	Ring finger domain
Q9H2Y9	[541, 622]	Kazal-type serine protease inhibitor domain
Q9UGN4	[24, 40]	Immunoglobulin V-set domain
A0AAG2TU59	[0, 40]	Ring finger domain
K9M1U5	[28, 43]	Interleukin-28A
O75676	[400, 435]	Protein kinase domain
P00747	[29, 63]	PAN domain
P00973	[49, 65]	Nucleotidyltransferase domain
P22079	[103, 181]	Animal haem peroxidase
P27815	[221, 249]	Phosphodiesterase 4 upstream conserved regions (UCR)
P37108	[24, 75]	Signal recognition particle 14kD protein
P42892	[726, 760]	Peptidase family M13
Q00872	[139, 174]	Immunoglobulin I-set domain
Q13111	[799, 840]	CAF1 complex subunit p150, region binding to CAF1-p60 at C-term
Q17RY6	[34, 65]	Snake toxin and toxin-like protein
Q6UXH9	[238, 300]	EGF-like domain
Q6ZVN7	[95, 127]	Family of unknown function (DUF5543)
Q7Z6J4	[448, 500]	FYVE zinc finger
Q86U86	[395, 417]	Bromodomain
Q8IWY8	[466, 492]	Myb/SANT-like DNA-binding domain
Q8N2W9	[204, 231]	PINIT domain
Q8NA58	[327, 344]	CAF1 family ribonuclease
Q8WWZ7	[1362, 1378]	ABC transporter
Q9UDY6	[2, 76]	Zinc finger, C3HC4 type (RING finger)
A0A1B0GX31	[93, 114]	Immunoglobulin V-set domain
A6NKU9	[484, 505]	Cell cycle regulatory protein
O43610	[141, 269]	Sprouty protein (Spry)
O43896	[9, 44]	Kinesin motor domain
O75317	[166, 245]	Ubiquitin carboxyl-terminal hydrolase
P22681	[375, 436]	Zinc finger, C3HC4 type (RING finger)
P28068	[91, 116]	Class II histocompatibility antigen, beta domain
P34130	[90, 146]	Nerve growth factor family
P39877	[43, 89]	Phospholipase A2
P41222	[49, 74]	Lipocalin / cytosolic fatty-acid binding protein family
P49591	[50, 68]	Seryl-tRNA synthetase N-terminal domain
P53675	[890, 905]	Region in Clathrin and VPS
Q02156	[272, 309]	Phorbol esters/diacylglycerol binding domain (C1 domain)
Q13562	[166, 198]	Neuronal helix-loop-helix transcription factor
Q5JPI3	[0, 26]	Domain of unknown function (DUF4518)
Q5T890	[423, 449]	SNF2-related domain
Q5TF58	[459, 479]	Intermediate filament protein
Q6NUI2	[634, 652]	Glycerol-3-phosphate acyltransferase C-terminal region
Q6S8J3	[940, 999]	Actin
Q7Z3T8	[739, 812]	FYVE zinc finger
Q7Z6J8	[180, 219]	HECT-like Ubiquitin-conjugating enzyme (E2)-binding
Q86YW9	[665, 692]	Eukaryotic Mediator 12 subunit domain
Q8NHW4	[26, 53]	Small cytokines (intecrine/chemokine), interleukin-8 like
Q8WXI9	[405, 462]	GATA zinc finger
Q96DY7	[627, 692]	MDM2-binding
Q9BZP6	[429, 474]	Chitin binding Peritrophin-A domain
Q9H063	[11, 58]	Maf1 regulator
Q9H4K7	[83, 103]	GTP1/OBG
Q9P1Z9	[1400, 1418]	Domain of unknown function (DUF4456)
Q9UKK3	[140, 198]	PARP4 WGR-like domain
Q9UKP3	[0, 65]	CHORD
Q9UKR0	[122, 143]	Trypsin
Q9Y4D8	[3771, 3790]	HECT-domain (ubiquitin-transferase)
Q9Y5Y9	[304, 338]	Ion transport protein
D6RJB6	[79, 131]	Ubiquitin carboxyl-terminal hydrolase
O00291	[626, 655]	HIP1R domain
O60229	[2314, 2342]	Kalirin, SH3
O60383	[371, 398]	Transforming growth factor beta like domain
O60494	[1606, 1621]	CUB domain
P09958	[179, 203]	Subtilase family
P0C7P4	[60, 79]	Ubiquinol-cytochrome c reductase 8 kDa, N-terminal
P0DN87	[21, 41]	Cystine-knot domain
P55197	[10, 64]	PHD-finger
Q15018	[0, 21]	BRCA1-A complex subunit Abraxas 1 MPN domain
Q52MB2	[62, 95]	Domain of unknown function (DUF4677)
Q5SW24	[240, 256]	Dapper
Q7Z6J0	[0, 67]	Zinc finger, C3HC4 type (RING finger)
Q86UU1	[106, 145]	FHA domain
Q8IUG1	[0, 82]	Keratin, high sulfur B2 protein
Q8WYQ3	[101, 141]	CHCH domain
Q96A47	[61, 77]	LIM domain
Q96FV3	[170, 203]	Tetraspanin family
Q96MH7	[154, 238]	C5orf34-like, second domain
Q96NL3	[191, 233]	Zinc finger, C2H2 type
Q9BTN0	[294, 351]	Immunoglobulin I-set domain
Q9Y4R8	[506, 523]	Telomere length regulation protein
Q9Y6Q2	[677, 734]	Adaptor complexes medium subunit family
A0A1B0GX78	[93, 109]	Immunoglobulin V-set domain
A0AAG2UXS2	[843, 866]	Olduvai domain
A6NN90	[259, 285]	Domain of unknown function (DUF4639)
O43583	[22, 66]	DENR, N-terminal
O75362	[375, 395]	Zinc finger, C2H2 type
Q07021	[181, 200]	Mitochondrial glycoprotein
Q12800	[221, 239]	CP2 transcription factor
Q7Z6M3	[99, 118]	Immunoglobulin domain
Q8N7C7	[289, 304]	Ring finger domain
Q8NB91	[547, 575]	Fanconi anaemia group B protein middle domain
Q8WY41	[235, 267]	Nanos RNA binding domain
Q8WZ73	[33, 97]	E3 ubiquitin-protein ligase CARP1/2, FYVE/PHD zinc finger
Q92876	[122, 145]	Trypsin
Q9BUN1	[200, 276]	Protein missing in infertile sperm 1, putative
Q9C0B1	[162, 187]	FTO catalytic domain
Q9H479	[133, 151]	Fructosamine kinase
Q9HCU0	[77, 143]	Lectin C-type domain
Q9NXW2	[350, 374]	Domain of unknown function (DUF1977)
Q9UIF8	[1940, 1991]	PHD-finger
O00292	[286, 340]	Transforming growth factor beta like domain
O14786	[277, 308]	F5/8 type C domain
O15303	[511, 571]	Nine Cysteines Domain of family 3 GPCR
O60477	[254, 276]	BRNP1-3, EGF domain
O95263	[745, 766]	3'5'-cyclic nucleotide phosphodiesterase
O95715	[50, 90]	Small cytokines (intecrine/chemokine), interleukin-8 like
P19320	[56, 84]	Immunoglobulin I-set domain
P22736	[262, 338]	Double treble clef zinc finger, C4 type
P50895	[118, 151]	Immunoglobulin V-set domain
P56703	[131, 167]	wnt family
Q14574	[797, 895]	Cadherin, Y-type LIR-motif
Q15428	[62, 84]	Zinc-finger of C2H2 type
Q16549	[218, 238]	Subtilase family
Q5TGY3	[608, 625]	Domain of unknown function (DUF4683)
Q8IZC6	[1675, 1699]	Fibrillar collagen C-terminal domain
Q8NB12	[60, 86]	SET domain
Q8TDF5	[311, 331]	Low-density lipoprotein receptor domain class A
Q8TDQ1	[187, 206]	SHP2-interacting transmembrane adaptor protein, SIT
Q96GX9	[79, 94]	Class II Aldolase and Adducin N-terminal domain
Q96L08	[64, 82]	Sushi repeat (SCR repeat)
Q96N03	[115, 160]	Immunoglobulin V-set domain
Q96ST3	[551, 616]	Sin3 family co-repressor
Q9H4F8	[216, 299]	Thyroglobulin type-1 repeat
Q9NRG9	[364, 386]	Aladin seven-bladed propeller
Q9UBS5	[141, 167]	Sushi repeat (SCR repeat)
Q9UEW3	[493, 519]	Scavenger receptor cysteine-rich domain
Q9Y219	[33, 115]	N terminus of Notch ligand C2-like domain
A0A1W2PQJ5	[11, 27]	Ssu72-like protein
O43707	[881, 910]	Ca2+ insensitive EF hand
O95628	[5, 68]	RING/Ubox like zinc-binding domain
P11387	[490, 507]	Eukaryotic DNA topoisomerase I, catalytic core
P47224	[16, 42]	Mss4 protein
P49796	[289, 330]	PDZ domain
P55036	[0, 23]	von Willebrand factor type A domain
P80098	[24, 69]	Small cytokines (intecrine/chemokine), interleukin-8 like
Q14112	[1007, 1081]	Thyroglobulin type-1 repeat
Q15772	[76, 132]	Immunoglobulin I-set domain
Q15797	[62, 135]	MH1 domain
Q53RE8	[124, 139]	Ankyrin repeats (3 copies)
Q6DT37	[885, 931]	Phorbol esters/diacylglycerol binding domain (C1 domain)
Q6IN85	[87, 105]	EVH1-like domain in PP4R3 protein
Q6NUN9	[449, 472]	Zinc finger, C2H2 type
Q6UWN5	[62, 219]	u-PAR/Ly-6 domain
Q7Z7F0	[99, 131]	KH-domain
Q8NB16	[436, 458]	Protein tyrosine and serine/threonine kinase
Q8NBI3	[270, 348]	Draxin
Q92994	[0, 38]	TFIIB zinc-binding
Q96L15	[28, 51]	NAD:arginine ADP-ribosyltransferase
Q96SJ8	[169, 189]	Tetraspanin family
Q9C0B6	[284, 315]	BRNP1-3, EGF domain
Q9H981	[136, 162]	Actin
Q9UI47	[202, 267]	Vinculin family
Q9Y232	[88, 113]	Chromo (CHRromatin Organisation MOdifier) domain
A0A0K0K1C0	[99, 114]	Immunoglobulin V-set domain
A0A1B0GTS1	[143, 183]	HSF-type DNA-binding
A0A804HLA8	[17, 55]	GGL domain
A8MPP1	[225, 298]	DEAD_2
O60294	[129, 148]	Leucine carboxyl methyltransferase
O95299	[98, 116]	Deoxynucleoside kinase
P07478	[123, 218]	Trypsin
P35625	[18, 35]	Tissue inhibitor of metalloproteinase
P43627	[166, 209]	Immunoglobulin domain
P49765	[64, 126]	PDGF/VEGF domain
Q04912	[546, 652]	IPT/TIG domain
Q13873	[77, 136]	Activin types I and II receptor domain
Q14117	[317, 344]	Amidohydrolase family
Q14184	[121, 169]	C2 domain
Q5MNZ6	[18, 40]	PROPPIN
Q5ST30	[873, 890]	Anticodon-binding domain of tRNA ligase
Q7Z3Z2	[48, 72]	RD3 protein
Q86UQ0	[71, 97]	C2H2-type zinc finger
Q8IVL5	[78, 118]	Leprecan family TPR-like repeat region
Q8IYD8	[769, 794]	FANCM to MHF binding domain
Q9BXJ7	[194, 250]	Amnionless
Q9H2S5	[314, 333]	SPRY domain
Q9H3U1	[25, 76]	Tetratricopeptide repeat
Q9H714	[270, 336]	Rubicon, PI3K-binding domain
Q9HBQ8	[23, 59]	Putative golgin subfamily A member 2-like protein 5
Q9UIF9	[1702, 1733]	PHD-finger
Q9UL36	[558, 592]	Zinc finger, C2H2 type
Q9Y4K3	[53, 116]	Zinc finger, C3HC4 type (RING finger)
A6NFA0	[119, 138]	Domain of unknown function (DUF4599)
O00139	[493, 579]	Kinesin motor domain
O15020	[590, 614]	Spectrin repeat
O60281	[803, 830]	Zinc finger, C2H2 type
O60469	[223, 254]	Immunoglobulin I-set domain
O76095	[48, 102]	Jumping translocation breakpoint protein (JTB)
P41235	[48, 132]	Double treble clef zinc finger, C4 type
P61812	[369, 390]	Transforming growth factor beta like domain
Q14451	[102, 129]	RA like domain
Q5M9Q1	[333, 350]	NF-kappa-B-activating protein C-terminal domain
Q6UXU4	[102, 127]	GSG1-like protein
Q7Z699	[326, 440]	Sprouty protein (Spry)
Q7Z6J6	[308, 329]	FERM adjacent (FA)
Q7Z7L1	[121, 172]	Poxviridae B3 protein
Q86UA6	[112, 215]	Replication protein A interacting C-terminal
Q86UW6	[1363, 1408]	Domain of unknown function (DUF7818)
Q8IXT1	[13, 55]	Replication factor-A C terminal domain
Q8N4S0	[412, 435]	Domain of unknown function (DUF4211)
Q8N5L8	[64, 79]	Alba
Q8TEP8	[2285, 2303]	Cep192 domain 7
Q8WY21	[689, 795]	Sortilin, neurotensin receptor 3, C-terminal
Q92785	[6, 59]	DPF1-3, N-terminal
Q96FE7	[22, 107]	Kringle domain
Q96P64	[439, 474]	Putative GTPase activating protein for Arf
Q96PV0	[191, 239]	PH domain-like
Q9H0F5	[482, 514]	Ring finger domain
Q9HA90	[131, 172]	Coiled-coil domain-containing protein 48
Q9Y4K0	[256, 325]	Scavenger receptor cysteine-rich domain
Q9Y615	[92, 110]	Actin
P06734	[245, 290]	Lectin C-type domain
P0DJG4	[196, 269]	Testicular haploid expressed repeat
P21291	[0, 74]	LIM domain
P21980	[0, 30]	Transglutaminase family
P30307	[235, 258]	M-phase inducer phosphatase
P55000	[9, 102]	u-PAR/Ly-6 domain
Q14520	[230, 309]	Kringle domain
Q7Z4S6	[240, 259]	Kinesin motor domain
Q86T75	[633, 684]	Olduvai domain
Q8N6T0	[380, 396]	Domain of unknown function (DUF4554)
Q8NCL9	[251, 273]	Adenomatosis polyposis coli down-regulated 1
Q8NE62	[186, 205]	GMC oxidoreductase
Q8WX77	[37, 138]	Insulin-like growth factor binding protein
Q8WXH2	[0, 34]	MORN repeat
Q96H79	[91, 129]	PARP12-like CCCH zinc finger tandem
Q9BXC9	[684, 706]	BBS2 C-terminal helix bundle
Q9NZM3	[792, 815]	Variant SH3 domain
Q9UHH9	[221, 251]	Inositol polyphosphate kinase
Q9Y678	[618, 652]	Coatomer gamma subunit appendage platform subdomain
Q9Y6V0	[582, 649]	Piccolo Zn-finger
D3W0D1	[175, 204]	Lectin C-type domain
O14511	[216, 308]	Immunoglobulin I-set domain
O75312	[248, 309]	ZPR1 zinc-finger domain
P00738	[310, 326]	Trypsin
P13500	[25, 57]	Small cytokines (intecrine/chemokine), interleukin-8 like
P18084	[18, 87]	Integrin plexin domain
P19525	[115, 152]	Double-stranded RNA binding motif
P22102	[202, 242]	Phosphoribosylglycinamide synthetase, ATP-grasp (A) domain
Q15911	[1595, 1622]	Zinc finger, C2H2 type
Q5IJ48	[559, 575]	Laminin G domain
Q6IE37	[242, 260]	Macroglobulin domain MG3
Q6UWN0	[124, 172]	u-PAR/Ly-6 domain
Q86UK7	[12, 66]	ZNF598 RING finger domain
Q8WZ79	[302, 341]	Deoxyribonuclease II
Q96AE4	[142, 163]	KH domain
Q96QV1	[52, 94]	Folate receptor family
Q9BYZ8	[122, 157]	Lectin C-type domain
Q9GZT9	[12, 58]	MYND finger
Q9H1P6	[73, 136]	Normal lung function maintenance, Low in Lung Cancer 1 protein
Q9H270	[567, 592]	PEP5/VPS11 Clathrin repeat
Q9NQB0	[444, 497]	Zinc finger protein 704 C-terminal domain
Q9P2N5	[281, 309]	Zinc finger C-x8-C-x5-C-x3-H type (and similar)
O15016	[97, 144]	Trim66, B-box zinc-binding domain
O75596	[165, 196]	Lectin C-type domain
P06731	[279, 332]	Immunoglobulin domain
P07814	[313, 378]	tRNA synthetases class I (E and Q), catalytic domain
P10620	[46, 62]	MAPEG family
P11047	[35, 93]	Laminin N-terminal (Domain VI)
P13501	[24, 47]	Small cytokines (intecrine/chemokine), interleukin-8 like
P19075	[173, 188]	Tetraspanin family
P25391	[25, 81]	Laminin N-terminal (Domain VI)
P51124	[178, 218]	Trypsin
P78504	[37, 81]	N terminus of Notch ligand C2-like domain
P98088	[1397, 1482]	Mucin-2 protein WxxW repeating region
Q14249	[107, 130]	DNA/RNA non-specific endonuclease
Q16878	[123, 188]	Cysteine dioxygenase type I
Q7Z3S7	[867, 889]	Neuronal voltage-dependent calcium channel alpha 2acd
Q8NCL4	[564, 580]	Ricin-type beta-trefoil lectin domain
Q96EN8	[660, 692]	MOSC N-terminal beta barrel domain
Q96JK4	[748, 766]	Scavenger receptor cysteine-rich domain
Q9P2B2	[108, 133]	Immunoglobulin V-set domain
Q9ULH1	[342, 384]	PH domain
Q9UQR0	[449, 465]	SLED domain
Q9Y5F8	[717, 804]	Cadherin cytoplasmic C-terminal
O00744	[91, 115]	wnt family
O43151	[55, 103]	CXXC zinc finger domain
O43290	[544, 569]	SART-1 family
P19174	[957, 999]	Phosphatidylinositol-specific phospholipase C, Y domain
P56706	[120, 138]	wnt family
P59025	[173, 206]	Zinc-binding domain
Q13434	[397, 433]	RNA-binding, Nab2-type zinc finger
Q14449	[366, 416]	BPS (Between PH and SH2)
Q14807	[39, 76]	Kinesin motor domain
Q66K41	[58, 105]	Zinc-finger of C2H2 type
Q8IXL7	[71, 167]	SelR domain
Q8IY33	[0, 24]	Calponin homology (CH) domain
Q8NEN9	[846, 916]	Phorbol esters/diacylglycerol binding domain (C1 domain)
Q96L94	[28, 44]	PX domain
Q96NU0	[545, 604]	EGF-like domain
Q9H2X3	[354, 398]	Lectin C-type domain
Q9H8N7	[485, 512]	Zinc finger protein 704 C-terminal domain
Q9P0J6	[64, 93]	Ribosomal protein L36
Q9UKJ5	[82, 99]	Golgin subfamily A member 7/ERF4 family
Q9ULL4	[329, 375]	Sema domain
A0A075B6J6	[24, 40]	Immunoglobulin V-set domain
A0A5F9Z9Y6	[124, 184]	Immunoglobulin domain
C9J2P7	[79, 131]	Ubiquitin carboxyl-terminal hydrolase
O00187	[130, 214]	Calcium-binding EGF domain
O94941	[247, 336]	U-box domain
P00326	[30, 56]	Alcohol dehydrogenase GroES-like domain
P12018	[93, 128]	Immunoglobulin V-set domain
P13349	[55, 120]	Helix-loop-helix DNA-binding domain
P13942	[1563, 1611]	Fibrillar collagen C-terminal domain
Q13308	[498, 541]	Immunoglobulin domain
Q14416	[490, 517]	Nine Cysteines Domain of family 3 GPCR
Q15149	[940, 988]	SH3 domain
Q6DN72	[154, 204]	Immunoglobulin domain
Q6PH81	[7, 45]	Uncharacterised protein family UPF0547
Q6UX71	[317, 374]	Plexin repeat
Q8IYX7	[0, 58]	Stabilizer of axonemal microtubules 1/2
Q92729	[26, 43]	MAM domain, meprin/A5/mu
Q96BF6	[391, 408]	BEN domain
Q96E14	[115, 133]	RecQ-mediated genome instability protein 2
Q96SB8	[946, 965]	RecF/RecN/SMC N terminal domain
Q9BZC1	[202, 227]	RNA recognition motif
Q9H2U2	[152, 168]	Inorganic pyrophosphatase
Q9H4W6	[155, 179]	Transcription factor COE1 DNA-binding domain
Q9NY47	[861, 884]	Neuronal voltage-dependent calcium channel alpha 2acd
Q9UBT2	[148, 177]	ThiF family
Q9UBZ4	[2, 20]	Endonuclease/Exonuclease/phosphatase family
Q9UKI8	[715, 730]	Protein kinase domain
Q9ULX5	[45, 117]	Zinc finger, C3HC4 type (RING finger)
O95428	[34, 191]	ADAMTS cysteine-rich domain
P01718	[84, 109]	Immunoglobulin V-set domain
P04792	[111, 146]	Hsp20/alpha crystallin family
P22674	[94, 125]	Cyclin, N-terminal domain
Q13621	[450, 471]	Amino acid permease
Q14541	[0, 83]	Double treble clef zinc finger, C4 type
Q3MIN7	[284, 311]	RasGEF domain
Q86TJ2	[0, 43]	ADA2 ZZ-type zing finger
Q86XP1	[186, 227]	Phorbol esters/diacylglycerol binding domain (C1 domain)
Q8IZF5	[185, 227]	ADGRF3-like, N-terminal domain
Q8N2H3	[382, 407]	Flavin containing amine oxidoreductase
Q92614	[784, 807]	Myosin head (motor domain)
Q9BQF6	[963, 999]	Ulp1 protease family, C-terminal catalytic domain
Q9BUB5	[210, 266]	Protein kinase domain
Q9BXP8	[746, 823]	Pregnancy-associated plasma protein-A
Q9H1C7	[74, 93]	Cysteine-rich TM module stress tolerance
Q9H1J5	[108, 126]	wnt family
Q9H2P9	[209, 241]	Tetrapyrrole (Corrin/Porphyrin) Methylases
Q9UBI6	[23, 71]	GGL domain
Q9UI33	[283, 328]	Ion transport protein
Q9Y371	[108, 127]	BAR domain
Q9Y5E6	[726, 773]	Cadherin cytoplasmic C-terminal
Q9Y6I4	[12, 112]	Zn-finger in ubiquitin-hydrolases and other protein
O00294	[296, 314]	Tub family
O43395	[622, 658]	Small nuclear ribonucleoprotein Prp3, C-terminal domain
O43900	[75, 112]	PET Domain
O75607	[93, 131]	Nucleoplasmin/nucleophosmin domain
P0C8F1	[13, 97]	u-PAR/Ly-6 domain
P35052	[23, 80]	Glypican
P49901	[0, 69]	Sperm mitochondrial-associated cysteine-rich protein
Q08431	[13, 82]	EGF-like domain
Q10469	[376, 394]	N-acetylglucosaminyltransferase II (MGAT2)
Q12797	[628, 658]	Aspartyl/Asparaginyl beta-hydroxylase
Q13395	[290, 313]	TARBP1 domain
Q16134	[589, 616]	Electron transfer flavoprotein-ubiquinone oxidoreductase, 4Fe-4S
Q16553	[13, 36]	Snake toxin and toxin-like protein
Q5JTZ9	[719, 741]	Threonyl and Alanyl tRNA synthetase second additional domain
Q6NTF7	[6, 50]	APOBEC3H
Q6P1J6	[1267, 1285]	GDSL-like Lipase/Acylhydrolase
Q8IZP9	[205, 251]	ADGRG2, N-terminal domain
Q8N1G0	[588, 609]	ZNF592-like C2H2 zinc finger
Q8NES8	[19, 64]	Beta defensin
Q96KR4	[429, 503]	Leishmanolysin
Q96PZ2	[484, 510]	Trypsin-like peptidase domain
Q9GZM8	[246, 286]	NUDE protein, C-terminal conserved region
Q9HB21	[174, 209]	PH domain
Q9NY59	[490, 592]	Endonuclease/Exonuclease/phosphatase family
Q9UL62	[168, 191]	Transient receptor ion channel II
Q9UM73	[888, 914]	ALK/LTK, Glycine-rich domain
Q9Y5K2	[181, 212]	Trypsin
A8MW99	[125, 145]	Meiosis-specific protein Mei4
O43149	[1803, 1822]	Zinc finger, ZZ type
O43663	[168, 213]	Microtubule associated protein (MAP65/ASE1 family)
O60462	[624, 678]	MAM domain, meprin/A5/mu
P05062	[328, 349]	Fructose-bisphosphate aldolase class-I
P29459	[56, 114]	Interleukin-12 alpha subunit
P48506	[97, 146]	Glutamate-cysteine ligase
P53804	[1943, 2009]	Ring finger domain
P78563	[452, 483]	Adenosine-deaminase (editase) domain
Q12756	[6, 40]	Kinesin motor domain
Q12955	[1406, 1425]	UPA domain
Q16586	[213, 233]	Sarcoglycan alpha/epsilon second domain
Q3SY46	[0, 143]	PMG protein
Q6P158	[282, 326]	RWD domain
Q86Y79	[137, 182]	Peptidyl-tRNA hydrolase
Q8IWV1	[272, 296]	Lymphocyte activation family X
Q8NFT6	[296, 317]	DBF zinc finger
Q8TF44	[339, 355]	C2 domain
Q96C24	[52, 117]	FYVE-type zinc finger
Q96P11	[353, 418]	16S rRNA methyltransferase RsmB/F
Q9H8U3	[152, 226]	AN1-like Zinc finger
Q9HBJ7	[392, 420]	Ubiquitin carboxyl-terminal hydrolase
Q9NZU1	[46, 66]	Leucine rich repeat N-terminal domain
A6NMN3	[146, 214]	Spermatogenesis-associated protein 46
A8MYU2	[788, 826]	Calcium-activated potassium channel slowpoke-like RCK domain
P05165	[684, 703]	Biotin-requiring enzyme
P10147	[20, 71]	Small cytokines (intecrine/chemokine), interleukin-8 like
P11150	[305, 327]	Lipase
P38935	[879, 948]	AN1-like Zinc finger
Q14512	[61, 149]	FGF binding protein 1 (FGF-BP1)
Q6PJI9	[938, 973]	RING/Ubox like zinc-binding domain
Q86TC9	[274, 316]	Immunoglobulin I-set domain
Q8IV45	[160, 200]	ZU5 domain
Q8NG31	[874, 893]	MELT motif
Q8WXQ8	[274, 297]	Zinc carboxypeptidase
Q96RN5	[565, 599]	ARC105/Med15 mediator subunit central domain
Q9BRT2	[0, 17]	Complex III assembly factor UQCC2/CBP6
Q9BUM1	[93, 117]	PAP2 superfamily
Q9C0K1	[262, 293]	ZIP Zinc transporter
Q9H0Q0	[211, 231]	CYRIA/CYRIB Rac1 binding domain
Q9HAW0	[9, 58]	TFIIB zinc-binding
O60437	[389, 422]	SH3 domain
O75051	[506, 562]	Plexin repeat
P01715	[86, 114]	Immunoglobulin V-set domain
P35318	[93, 125]	Calcitonin / CGRP / IAPP family
P36896	[85, 117]	Activin types I and II receptor domain
P52594	[16, 73]	Putative GTPase activating protein for Arf
P68543	[123, 143]	SEP domain
Q13064	[94, 118]	CCCH-type zinc finger
Q5DT21	[20, 85]	Kazal-type serine protease inhibitor domain
Q5SWA1	[235, 271]	eIF2-alpha phosphatase phosphorylation constitutive repressor
Q7Z3Y7	[71, 102]	Intermediate filament protein
Q8N365	[269, 291]	Circadian-associated transcriptional repressor
Q8N9T8	[515, 542]	KRI1-like family C-terminal
Q8NA69	[230, 303]	Stabilizer of axonemal microtubules 5
Q92750	[338, 355]	NHR1 homology to TAF
Q9BYU1	[78, 100]	PBC domain
Q9H5V9	[79, 100]	STEEP1 domain
Q9H706	[183, 227]	Cell-cycle sustaining, positive selection,
Q9NRR6	[551, 581]	Endonuclease/Exonuclease/phosphatase family 2
Q9NYB5	[142, 173]	Organic Anion Transporter Polypeptide (OATP) family
Q9P2G4	[169, 184]	Microtubule associated protein 10, N-terminal domain
Q9Y240	[288, 322]	Lectin C-type domain
A8MYP8	[164, 207]	Sperm-tail PG-rich repeat
O60861	[178, 219]	Unstructured linker region between on GAS7 protein
Q01082	[587, 616]	Spectrin repeat
Q04721	[1616, 1651]	NOTCH protein
Q13751	[19, 88]	Laminin N-terminal (Domain VI)
Q2KHT3	[872, 889]	CLEC16A C-terminal
Q3T906	[445, 492]	LNR domain
Q4VC12	[113, 143]	MYND finger
Q5T5U3	[979, 1003]	PH domain
Q5VTR2	[909, 974]	Zinc finger, C3HC4 type (RING finger)
Q5W5W9	[129, 174]	RESP18 domain
Q6ZN04	[61, 99]	KH domain
Q8IUL8	[307, 330]	Immunoglobulin domain
Q92817	[420, 444]	SH3 domain
Q96FZ2	[81, 103]	SOS response associated peptidase (SRAP)
Q96JY6	[282, 345]	LIM domain
Q96Q05	[972, 988]	Trs120/TRAPPC9, third Ig-like domain
Q9BXR6	[198, 242]	Sushi repeat (SCR repeat)
Q9BXX0	[101, 121]	EMI domain
Q9NRM6	[247, 285]	IL17RD, second fnIII domain
O15072	[337, 384]	Reprolysin (M12B) family zinc metalloprotease
O75150	[941, 1000]	Zinc finger, C3HC4 type (RING finger)
P08048	[200, 246]	Zfx/Zfy transcription activation region
P08069	[166, 350]	Furin-like cysteine rich region
P0C6A0	[207, 272]	GATA zinc finger
P49327	[627, 652]	Acyl transferase domain
P50549	[277, 327]	PEA3 subfamily ETS-domain transcription factor N terminal domain
Q13424	[210, 241]	PH domain
Q16563	[50, 76]	Membrane-associating domain
Q6NUQ4	[451, 485]	TMEM214, C-terminal, caspase 4 activator
Q8IZN3	[161, 213]	DHHC palmitoyltransferase
Q8NHK3	[126, 197]	Immunoglobulin domain
Q8NHX4	[109, 141]	Spermatogenesis-associated protein 3 family
Q8WWQ0	[1374, 1394]	Bromodomain
Q9NYF0	[177, 299]	Dapper
Q9NYJ8	[16, 77]	CUE domain
Q9P0W8	[32, 49]	Spermatogenesis-associated protein 7, or HSD3
Q9Y490	[688, 739]	Talin IBS2B domain
A0A1W2PRS3	[110, 184]	Immunoglobulin domain
O43422	[7, 111]	THAP domain
O75970	[1608, 1630]	Unstructured region 10 on multiple PDZ protein
O94953	[739, 806]	PHD-finger
O95838	[140, 163]	Hormone receptor domain
P00441	[43, 58]	Copper/zinc superoxide dismutase (SODC)
P04731	[0, 59]	Metallothionein
P05026	[119, 146]	Sodium / potassium ATPase beta chain
P06748	[6, 33]	Nucleoplasmin/nucleophosmin domain
P13196	[261, 286]	Aminotransferase class I and II
P21246	[42, 142]	PTN/MK heparin-binding protein family, N-terminal domain
P27701	[165, 201]	Tetraspanin family
P37173	[37, 79]	Transforming growth factor beta receptor 2 ectodomain
P43405	[79, 98]	SH2 domain
P54136	[91, 127]	Arginyl tRNA synthetase N terminal domain
P61968	[14, 31]	LIM domain
P98153	[25, 67]	Low-density lipoprotein receptor domain class A
Q16651	[152, 181]	Trypsin
Q5M775	[952, 998]	Calponin homology (CH) domain
Q7Z3K3	[740, 812]	POGZ-like double zinc finger
Q86YJ5	[99, 155]	RING-variant domain
Q8WTV1	[26, 86]	THAP domain
Q9BTE0	[64, 80]	Acetyltransferase (GNAT) domain
Q9HA65	[87, 122]	Rab-binding domain (RBD)
Q9HCI7	[46, 89]	zinc RING finger of MSL2
Q9NY28	[554, 570]	Ricin-type beta-trefoil lectin domain
Q9Y337	[153, 282]	Trypsin
Q9Y5E1	[742, 758]	Cadherin cytoplasmic C-terminal
Q9Y6X9	[505, 534]	CW-type Zinc Finger
O15391	[338, 368]	Zinc finger, C2H2 type
O60308	[739, 877]	Centrosomal protein CEP104, ZnF
O75081	[544, 595]	MYND finger
P09936	[172, 220]	Ubiquitin carboxyl-terminal hydrolase, family 1
P13688	[281, 347]	Immunoglobulin domain
P17213	[152, 170]	LBP / BPI / CETP family, N-terminal domain
P19544	[206, 303]	Wilm's tumour protein
Q0VAF6	[25, 112]	Syncollin
Q13433	[527, 556]	ZIP Zinc transporter
Q15796	[60, 87]	MH1 domain
Q5EE01	[51, 77]	CENP-W protein
Q5KU26	[688, 741]	Lectin C-type domain
Q5SZK8	[110, 142]	Frem protein N-terminal domain
Q6P3W2	[106, 138]	CSL zinc finger
Q8IXK2	[541, 580]	Ricin-type beta-trefoil lectin domain
Q969G2	[54, 96]	LIM domain
Q99616	[26, 52]	Small cytokines (intecrine/chemokine), interleukin-8 like
Q9BUL5	[331, 391]	PHD-finger
Q9BYN7	[39, 78]	C2H2-type zinc finger
Q9H3J6	[65, 81]	RF-1 domain
Q9H3T3	[362, 388]	Sema domain
Q9NX77	[310, 334]	Retroviral envelope protein
Q9NYP3	[181, 205]	Protein downstream neighbor of Son
Q9NZF1	[21, 106]	PLAC8 family
Q9UJW0	[4, 139]	Dynactin p62 family
Q9UPW0	[134, 154]	Forkhead domain
Q9Y225	[64, 94]	Ring finger domain
Q9Y2W6	[126, 170]	KH domain
A2AJT9	[598, 626]	THRAP3/BCLAF1 family
A2RUH7	[327, 353]	Immunoglobulin I-set domain
A4FU01	[604, 633]	Myotubularin-associated protein
A5YKK6	[624, 653]	CCR4-NOT transcription complex subunit 1 HEAT repeat
O94886	[368, 397]	Cytosolic domain of 10TM putative phosphate transporter
P01717	[85, 111]	Immunoglobulin V-set domain
P01877	[10, 48]	Immunoglobulin C1-set domain
P07585	[29, 78]	Leucine rich repeat N-terminal domain
P20151	[197, 223]	Trypsin
P49747	[502, 524]	Thrombospondin type 3 repeat
P57727	[81, 105]	Low-density lipoprotein receptor domain class A
P98161	[145, 276]	WSC domain
Q14D33	[88, 105]	Zinc-binding domain
Q15746	[1156, 1183]	Immunoglobulin I-set domain
Q2M3G4	[539, 559]	Apx/Shroom domain ASD2
Q5JSP0	[537, 587]	FYVE zinc finger
Q6P9F7	[53, 72]	Pannexin-like TM region of LRRC8
Q7L622	[75, 105]	PHD-like zinc-binding domain
Q8N3T1	[500, 575]	Ricin-type beta-trefoil lectin domain
Q8NEZ3	[1237, 1326]	IFT121, second zinc finger domain
Q8TDM5	[14, 106]	u-PAR/Ly-6 domain
Q969F9	[240, 275]	Hermansky-Pudlak syndrome 3 protein, N-terminal
Q9BWV1	[375, 409]	Immunoglobulin I-set domain
Q9BYX2	[80, 112]	PH domain
Q9P278	[146, 162]	Folliculin-interacting protein N-terminus
Q9UPR6	[266, 290]	Zinc-finger of C2H2 type
Q9Y466	[4, 98]	Double treble clef zinc finger, C4 type
A0PJX4	[38, 77]	Shisa, N-terminal domain
O14525	[247, 266]	Astrotactin 1/2 N-terminal
O60337	[0, 63]	RING-variant domain
O60635	[142, 207]	Tetraspanin family
O94782	[426, 456]	Ubiquitin carboxyl-terminal hydrolase
O95521	[445, 473]	PRAME C-terminal domain
P01876	[1, 44]	Immunoglobulin C1-set domain
P05452	[91, 111]	Lectin C-type domain
P23458	[885, 904]	Protein tyrosine and serine/threonine kinase
P59044	[286, 306]	NACHT domain
P62877	[36, 83]	RING-H2 zinc finger domain
Q08AD1	[1355, 1384]	Microtubule-binding calmodulin-regulated spectrin-associated
Q0VDD8	[3442, 3460]	Dynein heavy chain C-terminal domain
Q14995	[91, 204]	Double treble clef zinc finger, C4 type
Q29RF7	[1062, 1132]	Sister chromatid cohesion protein PDS5 protein
Q5VUE5	[104, 144]	Family of unknown function (DUF5522)
Q6ZNE5	[15, 76]	Vacuolar sorting 38 and autophagy-related subunit 14
Q86XN8	[173, 196]	KH domain
Q86XW9	[157, 172]	Nucleoside diphosphate kinase
Q96RE7	[412, 432]	BEN domain
Q9NZK7	[63, 88]	Phospholipase A2
Q9P021	[45, 100]	Microtubule-associated protein CRIPT
Q9ULD6	[615, 630]	Intu longin-like domain 2
A8K0R7	[692, 765]	Domain of unknown function (DUF4764)
O60333	[12, 43]	Kinesin motor domain
O75962	[1650, 1732]	SH3 domain
O94776	[354, 406]	GATA zinc finger
O95567	[10, 43]	Domain of unknown function (DUF4662)
P00751	[592, 703]	Trypsin
P58004	[301, 336]	PA26 p53-induced protein (sestrin)
Q13574	[661, 720]	Diacylglycerol kinase iota-like domain
Q6ZSB9	[109, 129]	BTB/POZ domain
Q709F0	[503, 525]	Acyl-CoA dehydrogenase, middle domain
Q7Z6V5	[18, 54]	Cytidine and deoxycytidylate deaminase zinc-binding region
Q92502	[975, 990]	START domain
Q96HA4	[50, 114]	Domain of unknown function (DUF4501)
Q96K83	[44, 65]	C2H2-type zinc finger
Q96NY8	[101, 134]	Immunoglobulin V-set domain
Q9GZS1	[99, 173]	A49-like RNA polymerase I associated factor
Q9NRX4	[59, 89]	Janus/Ocnus family (Ocnus)
Q9NUS5	[7, 45]	AP-5 complex subunit sigma-1
Q9Y2L9	[620, 678]	Calponin homology (CH) domain
O75914	[78, 95]	P21-Rho-binding domain
O95158	[234, 277]	Neurexophilin
P06213	[169, 363]	Furin-like cysteine rich region
P08962	[144, 187]	Tetraspanin family
P0DV60	[37, 94]	Late cornified envelope
P48200	[104, 146]	Aconitase family (aconitate hydratase)
P54107	[77, 102]	Cysteine-rich secretory protein family
Q12951	[176, 210]	Forkhead domain
Q13370	[764, 792]	3'5'-cyclic nucleotide phosphodiesterase
Q149N8	[652, 687]	SNF2-related domain
Q49AG3	[99, 159]	BED zinc finger
Q5T4S7	[353, 368]	E3 ubiquitin-protein ligase UBR4 N-terminal
Q8IWV8	[86, 177]	Putative zinc finger in N-recognin (UBR box)
Q8TE56	[109, 128]	Reprolysin family propeptide
Q92622	[487, 527]	Rubicon, PI3K-binding domain
Q99558	[601, 636]	Protein kinase domain
Q9BWT1	[249, 344]	Zinc-finger domain of monoamine-oxidase A repressor R1
Q9NWW7	[10, 51]	Putative treble-clef, zinc-finger, Zn-binding
Q9ULW2	[79, 148]	Fz domain
A0A087WWS6	[22, 39]	Interferon alpha/beta domain
O43497	[247, 335]	Ion transport protein
P21854	[327, 358]	Lectin C-type domain
P56199	[1018, 1064]	Integrin alpha Ig-like domain 3
P60507	[288, 317]	ENV polyprotein (coat polyprotein)
P62079	[162, 207]	Tetraspanin family
Q05469	[782, 804]	alpha/beta hydrolase fold
Q14954	[170, 202]	Immunoglobulin domain
Q14956	[426, 450]	PKAT, KLD domain
Q3MJ16	[180, 332]	Cytosolic phospholipases A2 C2-domain
Q68EM7	[39, 70]	BAR domain
Q8IV04	[75, 130]	Rab-GTPase-TBC domain
Q8NF91	[7945, 7978]	Spectrin repeat
Q8NFP4	[740, 778]	MAM domain, meprin/A5/mu
Q96AQ9	[123, 146]	Putative cell signalling
Q96Q91	[559, 594]	HCO3- transporter integral membrane domain
Q9BS91	[186, 216]	Nucleotide-sugar transporter
Q9BUE6	[109, 128]	Iron-sulphur cluster biosynthesis
Q9C0E4	[483, 503]	PDZ domain
Q9UKQ9	[176, 238]	Trypsin
Q9UNE7	[175, 208]	CHIP N-terminal tetratricopeptide repeat domain
A0A1B0GXF2	[94, 114]	Immunoglobulin V-set domain
O60683	[264, 323]	Ring finger domain
P02452	[32, 93]	von Willebrand factor type C domain
P07202	[238, 339]	Animal haem peroxidase
P08842	[556, 582]	C-terminal region of aryl-sulfatase
P0DP57	[12, 96]	u-PAR/Ly-6 domain
P0DTE7	[143, 173]	Alpha amylase, catalytic domain
P10646	[84, 104]	Kunitz/Bovine pancreatic trypsin inhibitor domain
P13637	[25, 65]	Cation transporter/ATPase, N-terminus
P20645	[175, 191]	Mannose-6-phosphate receptor
P26640	[1079, 1100]	Anticodon-binding domain of tRNA ligase
P41587	[10, 114]	Hormone receptor domain
P61587	[158, 205]	Ras family
Q30KQ5	[29, 81]	Beta defensin
Q3LI83	[10, 206]	PMG protein
Q8NA70	[29, 106]	FAM47 family
Q8TDB6	[151, 179]	DTX3L, alpha/beta domain
Q8TDI0	[336, 389]	PHD-finger
Q8TE49	[882, 920]	A20-like zinc finger
Q8TER5	[1076, 1107]	RhoGEF domain
Q96T92	[418, 451]	Zinc finger, C2H2 type
Q99469	[365, 386]	Variant SH3 domain
Q9BQI3	[470, 503]	Protein kinase domain
Q9GZS9	[153, 180]	Sulfotransferase domain
Q9H756	[345, 369]	Leucine-rich repeat family 19 TM domain
Q9NUL5	[110, 190]	Uncharacterised protein UPF0515
Q9UHF4	[222, 238]	Interferon-alpha/beta receptor, fibronectin type III
Q9UN71	[720, 802]	Cadherin cytoplasmic C-terminal
Q9UQ26	[118, 186]	RIM2-alpha zinc finger
A0A075B6J9	[27, 45]	Immunoglobulin V-set domain
B2RPK0	[7, 49]	HMG-box domain
O43903	[88, 150]	Calponin homology (CH) domain
O95754	[509, 527]	Plexin repeat
P01588	[50, 69]	Erythropoietin/thrombopoietin
P25800	[16, 33]	LIM domain
P51449	[22, 110]	Double treble clef zinc finger, C4 type
Q16620	[9, 52]	Leucine rich repeat N-terminal domain
Q4VC44	[144, 165]	FLYWCH zinc finger domain
Q5JZY3	[357, 412]	Fibronectin type III domain
Q6QN14	[79, 131]	Ubiquitin carboxyl-terminal hydrolase
Q96I15	[380, 399]	Aminotransferase class-V
Q9BXU3	[375, 408]	Putative testis-expressed protein 13C, zinc finger domain
Q9HAI6	[0, 19]	TLR adaptor interacting with SLC15A4 on the lysosome
Q9HBG6	[1223, 1240]	IFT122, C-terminal zinc ribbon domain
Q9HBM6	[83, 122]	Transcription initiation factor IID, 31kD subunit
Q9UBU2	[71, 138]	Dickkopf N-terminal cysteine-rich region
Q9UPV7	[121, 189]	KIAA1045 RING finger
O94759	[1319, 1342]	NUDT9-like, N-terminal domain
O95460	[562, 613]	Trimeric coiled-coil oligomerisation domain of matrilin
O95786	[796, 817]	C-terminal domain of RIG-I
P12645	[391, 410]	Transforming growth factor beta like domain
P32320	[4, 34]	Cytidine and deoxycytidylate deaminase zinc-binding region
P81133	[426, 470]	Single-minded protein C-terminus
Q2MV58	[67, 106]	N-terminal domain of DUF1619
Q5H9J9	[250, 266]	T-complex protein 11
Q92985	[310, 331]	Interferon-regulatory factor 3
Q96ME7	[157, 211]	Zinc finger protein 512, C2HC zinc finger
Q96P53	[311, 334]	FYVE zinc finger
Q9NP77	[11, 37]	Ssu72-like protein
A4GXA9	[95, 134]	ERCC4 domain
A6NNW6	[265, 284]	Enolase, C-terminal TIM barrel domain
O60678	[41, 75]	Protein arginine N-methyltransferase 3, C2H2 zinc finger
P09486	[67, 151]	Kazal-type serine protease inhibitor domain
P35247	[256, 303]	Lectin C-type domain
P63128	[657, 679]	dUTPase
Q10471	[551, 570]	Ricin-type beta-trefoil lectin domain
Q14159	[313, 332]	Domain of unknown function (DUF4502)
Q4G0T1	[198, 243]	Scavenger receptor cysteine-rich domain
Q4KMQ2	[332, 349]	Calcium-activated chloride channel
Q68D85	[210, 246]	Immunoglobulin C1-set domain
Q6GMV2	[84, 145]	SET domain
Q7Z5P9	[1476, 1506]	C8 domain
Q8N690	[14, 73]	Big defensin
Q969Q1	[49, 79]	RING-type zinc-finger
Q96BD5	[480, 550]	PHD-finger
Q96L96	[1530, 1553]	Alpha-kinase family
Q99575	[656, 671]	POPLD (NUC188) domain
Q9BQB4	[72, 181]	Sclerostin (SOST)
Q9H7Y0	[319, 343]	Protein-kinase domain of FAM69
Q9NRD8	[1511, 1537]	Ferric reductase NAD binding domain
Q9NVP4	[692, 719]	Ankyrin repeats (3 copies)
Q9P0V3	[357, 375]	ZU5 domain
Q9UBG7	[46, 158]	LAG1, DNA binding
Q9UK23	[95, 176]	Phosphodiester glycosidase
A0A0B4J1U7	[32, 53]	Immunoglobulin V-set domain
C9J798	[137, 157]	C2 domain
C9JLR9	[257, 315]	Spin-doc/GT2D2, zinc finger domain
O15123	[418, 435]	Fibrinogen beta and gamma chains, C-terminal globular domain
P13236	[26, 57]	Small cytokines (intecrine/chemokine), interleukin-8 like
P43353	[396, 413]	Aldehyde dehydrogenase family
P63215	[15, 74]	GGL domain
Q3LHN2	[0, 51]	Keratin-associated matrix
Q6ZN16	[79, 102]	Deoxyribohydrolase (DRHyd) domain of the ASK signalosome
Q6ZNC4	[380, 411]	Zinc finger protein 704 C-terminal domain
Q7Z333	[2026, 2059]	AAA domain
Q86UT8	[0, 23]	Coiled coil protein 84
Q96JH8	[283, 317]	FHA domain
Q96SW2	[180, 222]	ATP-dependent protease La (LON) substrate-binding domain
Q9BTZ2	[246, 277]	Enoyl-(Acyl carrier protein) reductase
Q9NVU0	[57, 89]	RPC5 protein
Q9NW64	[68, 87]	STL11, N-terminal
Q9NZ20	[154, 197]	Phospholipase A2
Q9UJ41	[6, 46]	A20-like zinc finger
Q9Y6P5	[218, 291]	PA26 p53-induced protein (sestrin)
A0AAG2SUX2	[301, 324]	Olduvai domain
O00442	[12, 66]	RNA 3'-terminal phosphate cyclase
O15496	[57, 164]	Phospholipase A2
O60687	[260, 325]	Sushi repeat (SCR repeat)
P01031	[690, 734]	Anaphylotoxin-like domain
P01889	[106, 139]	Class I Histocompatibility antigen, domains alpha 1 and 2
P20393	[144, 224]	Double treble clef zinc finger, C4 type
P42166	[668, 693]	Lamina-associated polypeptide 2 alpha
P46019	[709, 725]	Glycosyl hydrolases family 15
P98170	[468, 484]	Zinc finger, C3HC4 type (RING finger)
Q5DID0	[505, 552]	Calcium-binding EGF domain
Q6ZRP0	[111, 137]	Protein of unknown function (DUF2476)
Q7Z794	[32, 47]	Keratin type II head
Q8IX06	[312, 328]	ElonginA binding-protein 1
Q8IZP2	[152, 189]	Tetratricopeptide repeat
Q8N370	[276, 304]	Major Facilitator Superfamily
Q8N680	[241, 279]	Zinc finger, C2H2 type
Q8N865	[105, 212]	Sperm-associated microtubule inner protein 4
Q8WXD5	[132, 154]	Gemin6 C-terminal domain
Q96AY2	[282, 310]	ERCC4 domain
Q96FA3	[323, 341]	Pellino, RING domain
Q96SA4	[352, 385]	Serine incorporator (Serinc)
Q9C0K7	[336, 362]	Protein kinase domain
Q9P0L0	[90, 134]	MSP (Major sperm protein) domain
A0A0J9YX75	[92, 110]	Immunoglobulin V-set domain
O14981	[894, 946]	Domain of unknown function (DUF3535)
O43150	[320, 379]	PH domain
O43790	[58, 111]	Keratin type II head
P08118	[10, 113]	Beta-microseminoprotein (PSP-94)
P12755	[80, 117]	SKI/SNO/DAC Dachshund homology domain
P27635	[15, 39]	Ribosomal protein L16p/L10e
P60022	[28, 67]	Beta defensin
Q07627	[4, 92]	Keratin, high sulfur B2 protein
Q13698	[229, 271]	Ion transport protein
Q2LD37	[305, 325]	BLTP1-like family N-terminal region
Q569H4	[203, 233]	Domain of unknown function (DUF4589)
Q96CX2	[292, 311]	KCTD8/12/16 H1 domain
Q9GZP1	[15, 42]	Neurensin/Transmembrane protein 74
Q9Y3B2	[0, 40]	Exosome complex exonuclease RRP4 N-terminal region
Q9Y5E7	[728, 771]	Cadherin cytoplasmic C-terminal
Q9Y6F8	[24, 70]	Chromo (CHRromatin Organisation MOdifier) domain
O15392	[0, 91]	Inhibitor of Apoptosis domain
O43716	[76, 124]	Glu-tRNAGln amidotransferase C subunit
O95967	[36, 91]	Calcium-binding EGF domain
P07315	[11, 33]	Beta/Gamma crystallin
P15882	[238, 260]	Phorbol esters/diacylglycerol binding domain (C1 domain)
P23409	[81, 101]	Myogenic Basic domain
P48065	[164, 185]	Sodium:neurotransmitter symporter family
P49736	[329, 363]	MCM OB domain
P49788	[114, 153]	Latexin
Q2TB90	[691, 738]	Hexokinase
Q7L591	[289, 313]	PTB domain (IRS-1 type)
Q7L8C5	[173, 210]	C2 domain
Q8N468	[255, 297]	Major Facilitator Superfamily
Q8N9H8	[681, 702]	Mut7-C RNAse domain
Q96EK4	[0, 79]	THAP domain
Q96EY5	[22, 47]	MABP domain
Q96PX1	[266, 330]	Zinc finger, C3HC4 type (RING finger)
Q96QI5	[283, 309]	Sulfotransferase domain
Q99750	[164, 245]	MyoD family inhibitor
Q99814	[850, 869]	HIF-1 alpha C terminal transactivation domain
Q9UPN9	[881, 917]	PHD-finger
P23945	[17, 41]	Leucine rich repeat N-terminal domain
P52943	[0, 82]	LIM domain
P53667	[215, 232]	PDZ domain
P55895	[407, 425]	RAG2 PHD domain
Q5JRV8	[152, 200]	FAM70 protein
Q5VXH4	[447, 475]	PRAME C-terminal domain
Q8IZX4	[38, 63]	TATA box-binding protein binding
Q8N5W8	[47, 93]	FAM24 family
Q8N6F7	[73, 106]	Germinal center-associated lymphoma
Q8NHH9	[387, 413]	Guanylate-binding protein, C-terminal domain
Q8TF27	[324, 361]	Putative GTPase activating protein for Arf
Q969W1	[145, 183]	DHHC palmitoyltransferase
Q96PB8	[31, 55]	Leucine rich repeat N-terminal domain
Q96QA6	[6, 36]	Yippee zinc-binding/DNA-binding /Mis18, centromere assembly
Q96T60	[424, 450]	AAA domain
Q9BXB1	[29, 51]	Leucine rich repeat N-terminal domain
Q9NR81	[417, 438]	SOS1/NGEF-like PH domain
Q9NTG7	[262, 289]	Sir2 family
Q9P2R6	[93, 174]	BAH domain
Q9UBV2	[119, 167]	Fibronectin type II domain
Q9Y4E8	[269, 325]	Ubiquitin carboxyl-terminal hydrolase
O75151	[0, 64]	PHD-finger
P01106	[92, 116]	Myc amino-terminal region
P11215	[846, 868]	Integrin alpha Ig-like domain 2
P11474	[70, 150]	Double treble clef zinc finger, C4 type
P12955	[236, 261]	Metallopeptidase family M24
P14410	[60, 79]	Trefoil (P-type) domain
P35499	[1000, 1019]	Sodium ion transport-associated
P48357	[180, 200]	Obesity receptor immunoglobulin like domain
P55198	[0, 71]	PHD-finger
Q04844	[412, 438]	Neurotransmitter-gated ion-channel transmembrane region
Q17R31	[0, 21]	TatD related DNase
Q6P3W6	[644, 672]	Olduvai domain
Q6UX46	[109, 151]	ALK and LTK ligand 1/2
Q6UXD5	[455, 545]	Sushi repeat (SCR repeat)
Q86YT6	[952, 1005]	Zinc finger, C3HC4 type (RING finger)
Q8IZF3	[43, 116]	ADGRF2P-like, N-terminal domain
Q8NDH2	[2282, 2331]	Coiled-coil domain-containing protein 168
Q8WTP8	[105, 131]	Exonuclease
Q99518	[17, 42]	Flavin-binding monooxygenase-like
Q9UMF0	[279, 304]	ICAM-1/3/5, D2 domain
Q9UPQ4	[15, 75]	RING-type zinc-finger
A6NI56	[460, 488]	Coiled-coil domain-containing protein 154
P12107	[1592, 1636]	Fibrillar collagen C-terminal domain
P21580	[759, 789]	A20-like zinc finger
P43235	[133, 233]	Papain family cysteine protease
P62068	[160, 244]	Ubiquitin carboxyl-terminal hydrolase
Q01118	[910, 940]	Sodium ion transport-associated
Q16610	[179, 409]	Extracellular matrix protein 1 (ECM1)
Q2KHT4	[112, 144]	GSG1-like protein
Q5T7B8	[493, 554]	Kinesin motor domain
Q5T7W7	[421, 494]	Rhodanase C-terminal
Q6P387	[28, 115]	Protein of unknown function (DUF4529)
Q8N5H3	[116, 137]	Leucine rich adaptor protein
Q8NCW0	[31, 78]	Kringle domain
Q8TBK6	[20, 74]	Zinc knuckle
Q96EL1	[161, 201]	FAM212 family
Q96IV0	[251, 305]	Transglutaminase-like superfamily
Q96M83	[98, 135]	Spermatogenesis family BioT2
Q99704	[13, 42]	PH domain
Q9BZZ2	[474, 510]	Immunoglobulin I-set domain
Q9H336	[285, 322]	LCCL domain
Q9NUL7	[137, 167]	DEAD/DEAH box helicase
Q9NYG5	[11, 60]	Anaphase-promoting complex subunit 11 RING-H2 finger
Q9UBI9	[96, 126]	Headcase N-terminal
Q9UPQ0	[1011, 1078]	LIM domain
A0A1B0GVS7	[88, 105]	MyoD family inhibitor
A1L3X4	[0, 48]	Metallothionein
A1Z1Q3	[96, 131]	Macro domain
A8K979	[587, 650]	GRF zinc finger
A8MPS7	[240, 269]	YdjC-like protein
H3BV60	[136, 152]	ZP-C domain
O95718	[71, 173]	Double treble clef zinc finger, C4 type
P01033	[136, 205]	Tissue inhibitor of metalloproteinase
P0C0L4	[1107, 1127]	A-macroglobulin TED domain
P36544	[362, 429]	Neurotransmitter-gated ion-channel transmembrane region
P57737	[20, 43]	Domain of unknown function (DUF1899)
P62072	[9, 68]	Tim10/DDP family zinc finger
Q08397	[372, 417]	Lysyl oxidase
Q13224	[912, 942]	N-methyl D-aspartate receptor 2B3 C-terminus
Q14667	[240, 264]	Hobbit/FMP27/BTLP2 family
Q15697	[25, 65]	SCAN domain
Q63HK3	[554, 584]	Myb/SANT-like DNA-binding domain
Q7Z408	[316, 381]	Sushi repeat (SCR repeat)
Q7Z5A7	[42, 130]	TAFA family
Q8N187	[289, 322]	Amyotrophic lateral sclerosis 2 chromosomal region candidate gene 8
Q8TAY7	[149, 184]	Centrosome-associated C terminus
Q96J92	[679, 705]	WNK CCTL2 domain
Q9H1F0	[35, 78]	WAP-type (Whey Acidic Protein) 'four-disulfide core'
Q9HCE0	[1854, 1877]	Epg5-like, TPR repeats
Q9P2R3	[1119, 1149]	FYVE zinc finger
Q9Y5R5	[118, 163]	DM DNA binding domain
Q9Y6F1	[56, 75]	WGR domain
A0A5F9ZH88	[128, 176]	Immunoglobulin domain
O75182	[380, 417]	Sin3 family co-repressor
O95450	[377, 393]	Reprolysin (M12B) family zinc metalloprotease
P0C7H8	[0, 41]	Keratin, high sulfur B2 protein
P15328	[29, 84]	Folate receptor family
P85037	[175, 192]	FHA domain
P98095	[601, 646]	Coagulation Factor Xa inhibitory site
P98194	[129, 170]	P-type ATPase actuator domain
Q13387	[752, 767]	Phosphotyrosine interaction domain (PTB/PID)
Q5T3F8	[379, 405]	Cytosolic domain of 10TM putative phosphate transporter
Q6ZRI0	[92, 141]	Otogelin-like N-terminal
Q86XJ1	[97, 121]	Calponin homology (CH) domain
Q8NE00	[171, 199]	Transmembrane amino acid transporter protein
Q8TF76	[370, 488]	Haspin like kinase domain
Q96H22	[310, 329]	Kinetochore protein CHL4 like
Q9Y534	[68, 89]	'Cold-shock' DNA-binding domain
Q9Y6K5	[1062, 1082]	2'-5'-oligoadenylate synthetase 1, domain 2, C-terminus
A0A0A6YYD4	[96, 115]	Immunoglobulin V-set domain
A0A1W2PQ64	[88, 172]	Ssu72-like protein
B7Z1M9	[278, 327]	C2 domain
F5H094	[452, 501]	Kazal-type serine protease inhibitor domain
O60810	[452, 477]	PRAME C-terminal domain
O75152	[0, 31]	Zinc-finger containing family
P07949	[505, 650]	RET, Cysteine Rich Domain
P10276	[79, 159]	Double treble clef zinc finger, C4 type
P28340	[995, 1084]	C4-type zinc-finger of DNA polymerase delta
P40818	[975, 999]	Ubiquitin carboxyl-terminal hydrolase
P55010	[94, 149]	Domain found in IF2B/IF5
P55259	[468, 488]	ZP-C domain
P57087	[99, 161]	Immunoglobulin V-set domain
P58397	[359, 378]	Reprolysin (M12B) family zinc metalloprotease
Q03167	[711, 728]	ZP-C domain
Q12830	[403, 457]	PHD-finger
Q5FYA8	[524, 561]	C-terminal region of aryl-sulfatase
Q6NVV7	[43, 91]	CDPF1
Q75V66	[334, 354]	Calcium-activated chloride channel
Q7Z3E1	[526, 556]	Poly(ADP-ribose) polymerase catalytic domain
Q7Z442	[163, 236]	D-galactoside/L-rhamnose binding SUEL lectin domain
Q8WUN7	[88, 106]	Ubiquitin-binding domain
Q9BXF9	[262, 299]	Tektin family
Q9NQ79	[515, 604]	Calcium-binding EGF domain
Q9ULT6	[283, 356]	Ring finger domain
Q9Y2C4	[105, 121]	DNA/RNA non-specific endonuclease
O43439	[493, 546]	MYND finger
O60231	[701, 730]	Helicase conserved C-terminal domain
O95260	[58, 93]	Arginine-tRNA-protein transferase, N terminus
P00749	[288, 304]	Trypsin
P01824	[37, 56]	Immunoglobulin V-set domain
P01859	[15, 121]	Immunoglobulin C1-set domain
P09871	[74, 89]	CUB domain
P13598	[44, 59]	Intercellular adhesion molecule (ICAM), N-terminal domain
P50461	[0, 93]	LIM domain
P78333	[51, 68]	Glypican
Q02223	[0, 53]	BCMA, TALL-1 binding
Q15654	[436, 458]	LIM domain
Q17RB8	[101, 164]	Zinc finger, C3HC4 type (RING finger)
Q6UWQ7	[21, 86]	Insulin growth factor-like family
Q7Z419	[63, 178]	IBR domain, a half RING-finger domain
Q8IYD9	[167, 220]	Lung adenoma susceptibility protein 2
Q8TBN0	[285, 325]	Rabin 8-like C-terminal domain
Q96IQ7	[146, 176]	Immunoglobulin domain
Q9HCE6	[1215, 1247]	WD40 repeated domain
Q9NQW6	[1029, 1091]	PH domain
Q9NRM7	[959, 976]	Protein kinase domain
Q9UPQ7	[13, 73]	Zinc finger, C3HC4 type (RING finger)
A4D1P6	[396, 424]	WD domain, G-beta repeat
O15273	[4, 22]	Telethonin protein
P01229	[97, 124]	Cystine-knot domain
P02489	[110, 150]	Hsp20/alpha crystallin family
P04435	[92, 114]	Immunoglobulin V-set domain
P33121	[259, 313]	AMP-binding enzyme
P51172	[574, 635]	Amiloride-sensitive sodium channel
Q14153	[24, 99]	Family of FAM53
Q15013	[45, 81]	Mad1 and Cdc20-bound-Mad2 binding
Q3KNT9	[15, 49]	TMEM95 family
Q5EBN2	[30, 78]	zinc finger of C3HC4-type, RING
Q5THJ4	[241, 273]	VPS13-like family N-terminal region
Q6ZTK2	[496, 527]	LOC400499 family
Q6ZVW7	[303, 332]	Interleukin-17 receptor extracellular region
Q86SR1	[552, 602]	Ricin-type beta-trefoil lectin domain
Q8N3F8	[0, 20]	Calponin homology (CH) domain
Q96JB6	[98, 167]	Scavenger receptor cysteine-rich domain
Q96PN7	[1081, 1108]	C2H2-type zinc finger
Q9BYH1	[440, 463]	CUB domain
Q9H1K0	[145, 204]	FYVE zinc finger
Q9NP61	[87, 107]	Putative GTPase activating protein for Arf
Q9NZI5	[418, 433]	CP2 transcription factor
Q9P2G1	[165, 208]	Ankyrin repeats (3 copies)
Q9Y5S2	[1030, 1090]	Phorbol esters/diacylglycerol binding domain (C1 domain)
A0A0B4J1U3	[87, 116]	Immunoglobulin V-set domain
O00472	[83, 143]	RNA polymerase II elongation factor ELL
O75841	[180, 228]	Tetraspanin family
P28749	[901, 918]	Retinoblastoma-associated protein B domain
P50502	[167, 187]	Tetratricopeptide repeat
P60880	[73, 127]	SNAP-25 family
Q02817	[1326, 1397]	Mucin-2 protein WxxW repeating region
Q15527	[36, 137]	Surfeit locus protein 2 (SURF2)
Q5K4E3	[230, 255]	Trypsin
Q5TBA9	[2797, 2821]	Furry protein C-terminal
Q86UK0	[1841, 1878]	ABC-2 family transporter protein
Q92576	[705, 781]	PHD-finger
Q99645	[104, 146]	Leucine rich repeat N-terminal domain
Q9BQ16	[270, 286]	Secreted protein acidic and rich in cysteine Ca binding region
Q9BUB4	[226, 242]	Adenosine-deaminase (editase) domain
Q9H0B8	[275, 315]	LCCL domain
Q9H169	[47, 80]	Stathmin family
A0A087WV62	[82, 114]	Immunoglobulin V-set domain
O43172	[96, 125]	pre-mRNA processing factor 4 (PRP4) like
P04155	[27, 83]	Trefoil (P-type) domain
P41594	[122, 138]	Receptor family ligand binding region
P47872	[46, 86]	Hormone receptor domain
Q12829	[208, 223]	SOCS box
Q14533	[0, 111]	Keratin type II head
Q14896	[774, 796]	Fibronectin type III domain
Q14938	[97, 116]	MH1 domain
Q15111	[101, 131]	Pleckstrin homology domain
Q15424	[425, 481]	RNA recognition motif
Q15485	[95, 110]	Fibrinogen beta and gamma chains, C-terminal globular domain
Q63HQ2	[327, 382]	Pikachurin, EGF-like domain
Q6R6M4	[85, 129]	Ubiquitin carboxyl-terminal hydrolase
Q8NBU5	[283, 336]	AAA+ lid domain
Q8WUH1	[0, 27]	Churchill protein
Q96GY0	[108, 152]	zinc-finger of a C2HC-type
Q9H3S3	[191, 227]	Scavenger receptor cysteine-rich domain
Q9HBD1	[14, 51]	zinc-RING finger domain
Q9HBH1	[108, 145]	Polypeptide deformylase
Q9NQ29	[0, 74]	LUC7 N_terminus
Q9NTI5	[1067, 1086]	Sister chromatid cohesion protein PDS5 protein
Q9UBW7	[1257, 1310]	Domain of unknown function (DUF3504)
A6NIM6	[273, 294]	POT family
O00238	[23, 106]	Activin types I and II receptor domain
P02778	[20, 70]	Small cytokines (intecrine/chemokine), interleukin-8 like
P10153	[69, 160]	Pancreatic ribonuclease
P42858	[2519, 2535]	Huntingtin, C-terminal HEAT
Q14681	[95, 115]	BTB/POZ domain
Q15406	[47, 132]	Double treble clef zinc finger, C4 type
Q53T94	[0, 42]	Zinc-finger of RNA-polymerase I-specific TFIIB, Rrn7
Q6PIV2	[229, 251]	Forkhead domain
Q86WV6	[298, 340]	STING ligand-binding domain
Q8N158	[29, 77]	Glypican
Q8NFA0	[454, 528]	DUSP domain
Q8TEW6	[13, 71]	PH domain
Q969R2	[750, 770]	Oxysterol-binding protein
Q96AZ6	[0, 27]	Exonuclease
Q96MF7	[178, 232]	Zinc-finger of the MIZ type in Nse subunit
Q96QS1	[155, 188]	Tetraspanin family
Q9H019	[13, 66]	Mitochondrial fission regulator
Q9H0E7	[311, 347]	Ubiquitin carboxyl-terminal hydrolase
Q9H254	[597, 628]	Spectrin repeat
Q9NTX7	[19, 57]	Zinc finger, C3HC4 type (RING finger)
Q9P0K1	[675, 722]	EGF-like domain
Q9P1Y5	[1115, 1144]	Microtubule-binding calmodulin-regulated spectrin-associated
Q9P2F8	[1571, 1631]	C-terminal domain of SPAR protein
Q9UIJ5	[119, 166]	DHHC palmitoyltransferase
D6R901	[79, 131]	Ubiquitin carboxyl-terminal hydrolase
O00144	[97, 150]	Fz domain
O43164	[614, 683]	Ring finger domain
O75443	[592, 635]	Trypsin Inhibitor like cysteine rich domain
P0C874	[92, 148]	Domain of unknown function (DUF4599)
P0CW20	[60, 116]	LIM domain
P10827	[38, 117]	Double treble clef zinc finger, C4 type
P51948	[6, 23]	Zinc finger, C3HC4 type (RING finger)
P59666	[58, 90]	Mammalian defensin
Q02509	[91, 217]	Phospholipase A2
Q03405	[12, 48]	u-PAR/Ly-6 domain
Q5JPF3	[1467, 1506]	CCDC144C protein coiled-coil region
Q5VWM3	[447, 476]	PRAME C-terminal domain
Q68DK2	[1809, 1878]	FYVE zinc finger
Q96A46	[73, 88]	Mitochondrial carrier protein
Q9H9Y6	[90, 107]	RNA polymerase beta subunit
Q9UBN4	[168, 192]	Transient receptor ion channel II
Q9UK96	[771, 791]	Periplasmic copper-binding protein (NosD)
Q9UKN8	[116, 144]	Transcription factor IIIC subunit delta bet-propeller domain
Q9Y2A7	[568, 597]	Nck-associated protein 1
Q9Y6H1	[111, 149]	CHCH domain
A0A087X1C5	[333, 366]	Cytochrome P450
O15066	[2, 30]	Kinesin motor domain
O60293	[1184, 1202]	Putative zinc-finger domain
P01210	[15, 35]	Vertebrate endogenous opioids neuropeptide
P10109	[97, 177]	2Fe-2S iron-sulfur cluster binding domain
P14784	[44, 72]	Interleukin-2 receptor subunit beta N-terminal domain 1
P49840	[379, 428]	Protein kinase domain
P78395	[482, 508]	PRAME C-terminal domain
Q17R89	[41, 76]	BAR domain
Q1MX18	[540, 578]	Protein inscuteable C-terminal
Q6UXZ0	[188, 208]	Immunoglobulin I-set domain
Q86WB0	[275, 296]	NuBaID, C-terminal domain
Q8IUH5	[435, 470]	DHHC palmitoyltransferase
Q96A56	[78, 99]	DOR family
Q9BZL6	[165, 194]	Phorbol esters/diacylglycerol binding domain (C1 domain)
Q9NVS9	[145, 179]	Pyridoxamine 5'-phosphate oxidase
Q9UMN6	[961, 1025]	CXXC zinc finger domain
Q9Y242	[287, 344]	PHD-finger
P02788	[26, 60]	Transferrin
P11362	[169, 190]	Immunoglobulin I-set domain
P19387	[82, 130]	RNA polymerase Rpb3/RpoA insert domain
P21359	[1371, 1391]	GTPase-activator protein for Ras-like GTPase
P48382	[147, 174]	RFX DNA-binding domain
P51805	[490, 547]	Plexin repeat
P78348	[321, 355]	Amiloride-sensitive sodium channel
Q08629	[312, 369]	Thyroglobulin type-1 repeat
Q13203	[391, 473]	Immunoglobulin I-set domain
Q14191	[914, 959]	RecQ zinc-binding
Q15185	[49, 91]	CS domain
Q2VPK5	[373, 405]	Cytoplasmic tRNA 2-thiolation protein 2
Q5VUJ6	[681, 718]	Calponin homology (CH) domain
Q93097	[306, 390]	wnt family
Q96P48	[629, 645]	Putative GTPase activating protein for Arf
Q99460	[792, 809]	26S proteasome regulatory subunit RPN2 C-terminal domain
Q9BZQ6	[79, 94]	Glycosyl hydrolase family 47
A5X5Y0	[347, 363]	Neurotransmitter-gated ion-channel transmembrane region
O95159	[0, 22]	ZFPL1-like, B-box zinc-binding domain
P09884	[662, 692]	DNA polymerase family B, exonuclease domain
P46721	[115, 145]	Organic Anion Transporter Polypeptide (OATP) family
P48147	[2, 18]	Prolyl oligopeptidase, N-terminal beta-propeller domain
P51504	[183, 201]	Zinc finger, C2H2 type
P55317	[229, 267]	Forkhead domain
Q12836	[112, 183]	Trefoil (P-type) domain
Q13686	[296, 372]	2OG-Fe(II) oxygenase superfamily
Q14139	[1000, 1037]	U-box domain
Q15262	[710, 726]	Receptor-type tyrosine-protein phosphatase U Fn3 domain
Q63ZY6	[125, 151]	16S rRNA methyltransferase RsmB/F
Q8N2I9	[111, 126]	Protein kinase domain
Q9H2C0	[266, 292]	KLHDC2/KLHL20/DRC7 Kelch-repeats domain
Q9NQ38	[725, 756]	Kazal-type serine protease inhibitor domain
Q9NTM9	[17, 58]	CutC family
P05067	[149, 198]	Copper-binding of amyloid precursor, CuBD
P09619	[423, 469]	Platelet-derived growth factor receptor Ig-like domain 4
P10826	[79, 160]	Double treble clef zinc finger, C4 type
P17787	[342, 357]	Neurotransmitter-gated ion-channel transmembrane region
P53803	[7, 50]	DNA directed RNA polymerase, 7 kDa subunit
P78396	[99, 158]	Cyclin-A N-terminal APC/C binding region
P98175	[194, 247]	Zn-finger in Ran binding protein and others
Q12899	[1, 77]	zinc finger of C3HC4-type, RING
Q13201	[201, 216]	EMI domain
Q15646	[326, 345]	2'-5'-oligoadenylate synthetase 1, domain 2, C-terminus
Q53EL9	[764, 784]	Sushi repeat (SCR repeat)
Q6NT52	[90, 124]	Cystine-knot domain
Q6P4A8	[462, 490]	Phospholipase B
Q6UW32	[12, 80]	Insulin growth factor-like family
Q6UXV0	[187, 274]	GDNF/GAS1 domain
Q7RTY9	[231, 251]	Trypsin
Q86YI8	[221, 295]	PhD finger domain
Q8IXT2	[33, 87]	DM DNA binding domain
Q96GM1	[161, 206]	PAP2 superfamily
Q9BYS1	[125, 173]	Keratin, high sulfur B2 protein
Q9H211	[461, 493]	DNA replication factor Cdt1 C-terminal domain
Q9P2V4	[280, 295]	Immunoglobulin I-set domain
A0A0G2JLG4	[344, 410]	Amiloride-sensitive sodium channel
B4DH59	[836, 867]	Olduvai domain
O00625	[72, 92]	Pirin
O75581	[271, 315]	Coagulation Factor Xa inhibitory site
P00740	[396, 417]	Trypsin
P08887	[29, 54]	Immunoglobulin domain
P29083	[113, 174]	TFIIB zinc-binding
P49913	[67, 133]	Cathelicidin
P55011	[550, 580]	Amino acid permease
Q08426	[547, 574]	3-hydroxyacyl-CoA dehydrogenase, C-terminal domain
Q12857	[88, 118]	MH1 domain
Q13145	[18, 121]	BMP and activin membrane-bound inhibitor (BAMBI) N-terminal domain
Q7Z5Q1	[525, 541]	Cytoplasmic polyadenylation element-binding protein ZZ domain
Q8IVL6	[71, 99]	Leprecan family TPR-like repeat region
Q8TF72	[1735, 1762]	Apx/Shroom domain ASD2
Q92730	[173, 190]	Ras family
Q96A83	[54, 95]	EMI domain
Q99748	[150, 196]	Transforming growth factor beta like domain
Q9H4G8	[8, 71]	CSL zinc finger
Q9NX70	[109, 134]	Mediator complex subunit 29
Q9NZ32	[180, 204]	Actin
Q9NZU5	[341, 364]	LIM domain
Q9UGM5	[211, 261]	Cystatin domain
O14594	[309, 361]	Extracellular link domain
O15151	[297, 342]	Zn-finger in Ran binding protein and others
O75594	[28, 81]	N-acetylmuramoyl-L-alanine amidase
P46939	[826, 876]	Spectrin repeat
P49767	[163, 185]	PDGF/VEGF domain
P55157	[851, 892]	MTP large subunit, lipid-binding domain
P58166	[270, 346]	Transforming growth factor beta like domain
Q0VDF9	[481, 506]	Hsp70 protein
Q15811	[1603, 1638]	C2 domain
Q16478	[69, 123]	Receptor family ligand binding region
Q5T1V6	[97, 142]	HIT zinc finger
Q6UWL2	[262, 286]	Sushi repeat (SCR repeat)
Q7Z5L9	[8, 43]	Interferon regulatory factor 2-binding protein zinc finger
Q8N490	[317, 373]	Hydroxyacylglutathione hydrolase C-terminus
Q969J5	[65, 131]	Tissue factor
Q96NY9	[158, 183]	Crossover junction endonuclease MUS81-like, winged helix domain
A0A0A0MS03	[77, 113]	Immunoglobulin V-set domain
A6NGN4	[453, 477]	PRAME C-terminal domain
A8MXU0	[20, 53]	Beta defensin
O00237	[649, 669]	Ring finger domain
O43520	[55, 87]	Phospholipid-translocating ATPase N-terminal
O75339	[315, 337]	Immunoglobulin domain
P01703	[84, 117]	Immunoglobulin V-set domain
P10398	[131, 157]	Phorbol esters/diacylglycerol binding domain (C1 domain)
P23352	[48, 116]	Anosmin cysteine rich domain
P23760	[41, 98]	'Paired box' domain
P28331	[129, 156]	NADH-ubiquinone oxidoreductase-G iron-sulfur binding region
P42684	[1075, 1174]	F-actin binding
Q00975	[250, 290]	Ion transport protein
Q5T0J7	[169, 199]	Testis-specific protein 35
Q6UXN2	[0, 57]	Immunoglobulin V-set domain
Q86VF2	[33, 63]	Immunoglobulin I-set domain
Q96PC2	[213, 252]	Inositol polyphosphate kinase
Q96QK8	[0, 19]	Protein of unknown function (DUF2615)
Q99835	[63, 86]	Fz domain
Q9H5Z1	[384, 409]	Helicase conserved C-terminal domain
Q9NQW5	[169, 224]	SSXRD motif
Q9UJ99	[589, 607]	Cadherin domain
Q9UKP4	[347, 378]	Reprolysin (M12B) family zinc metalloprotease
Q9ULI4	[66, 145]	Kinesin-like protein KIF26A/B, tri-helical
Q9UNE2	[83, 146]	FYVE-type zinc finger
Q9Y5F9	[719, 795]	Cadherin cytoplasmic C-terminal
Q9Y5X9	[297, 329]	Lipase
Q9Y6C2	[58, 133]	EMI domain
A0A0A0MRZ9	[100, 119]	Immunoglobulin V-set domain
A0A1B0GWI6	[490, 514]	Domain of unknown function (DUF4641)
A0AVI4	[279, 361]	Putative transmembrane protein precursor
O15297	[90, 107]	Protein phosphatase 2C
O43451	[86, 129]	Trefoil (P-type) domain
P0DN86	[23, 38]	Cystine-knot domain
P23470	[1166, 1193]	Protein-tyrosine phosphatase
P48165	[43, 63]	Connexin
P54802	[507, 522]	Alpha-N-acetylglucosaminidase (NAGLU) C-terminal domain
Q03188	[20, 47]	Kinetochore assembly subunit CENP-C N-terminal
Q15075	[1345, 1410]	FYVE zinc finger
Q16543	[313, 342]	Cdc37 C terminal domain
Q1ZYL8	[136, 158]	Izumo sperm-egg fusion, Ig domain-associated
Q86T03	[75, 155]	Transmembrane protein 55A
Q86YP4	[400, 458]	GATA zinc finger
Q8N7B6	[231, 247]	Parkin co-regulated protein
Q8NHY2	[153, 179]	Zinc finger, C3HC4 type (RING finger)
Q96RD9	[149, 186]	Immunoglobulin domain
Q96S65	[97, 126]	Cysteine/serine-rich nuclear protein N-terminus
Q9NRG4	[53, 77]	SET domain
Q9P218	[613, 641]	Fibronectin type III domain
Q9UKB5	[335, 376]	AJAP1/PANP C-terminus
A0A1B0GWH4	[143, 183]	HSF-type DNA-binding
O94901	[189, 215]	Mitochondrial RNA binding protein MRP
P56880	[99, 118]	PMP-22/EMP/MP20/Claudin family
Q08380	[99, 133]	Scavenger receptor cysteine-rich domain
Q14188	[129, 160]	E2F/DP family winged-helix DNA-binding domain
Q15027	[408, 434]	Putative GTPase activating protein for Arf
Q32P44	[295, 324]	Echinoderm microtubule-associated protein first beta-propeller
Q495C1	[0, 63]	zinc-RING finger domain
Q5T6C5	[237, 277]	SCA7, zinc-binding domain
Q96GF1	[32, 88]	Zinc finger, C3HC4 type (RING finger)
Q9BUK0	[13, 48]	Cytochrome oxidase c subunit VIb
Q9NT22	[77, 140]	EMI domain
Q9Y5F0	[725, 776]	Cadherin cytoplasmic C-terminal
A0A0A0MT36	[73, 99]	Immunoglobulin V-set domain
O60637	[141, 197]	Tetraspanin family
O60936	[66, 96]	Caspase recruitment domain
P03952	[563, 582]	Trypsin
P54762	[348, 384]	Fibronectin type III domain
P57773	[48, 64]	Connexin
Q15825	[380, 414]	Neurotransmitter-gated ion-channel transmembrane region
Q16288	[23, 56]	Leucine rich repeat N-terminal domain
Q5VVP1	[658, 675]	FAM75 family
Q6ZVH7	[270, 334]	Ankyrin repeats (3 copies)
Q7Z410	[931, 949]	Trypsin
Q86WV1	[168, 195]	PH domain
Q8IUC6	[127, 144]	TRIF N-terminal domain
Q8NA57	[0, 29]	Zinc-finger containing family
Q9BVT8	[153, 171]	Ubiquitin family
Q9H8Y1	[418, 443]	Vertnin middle domain
Q9NWS0	[52, 126]	PIH1 N-terminal domain
Q9NXV6	[503, 520]	CDKN2A-interacting protein DSRM domain
O00482	[69, 166]	Double treble clef zinc finger, C4 type
O14745	[157, 257]	PDZ domain
O43918	[294, 349]	PHD-finger
O77932	[196, 263]	RAI1 like PD-(D/E)XK nuclease
P02776	[33, 64]	Small cytokines (intecrine/chemokine), interleukin-8 like
P04085	[90, 190]	PDGF/VEGF domain
P08476	[238, 256]	TGF-beta propeptide
P20231	[209, 229]	Trypsin
P32926	[233, 268]	Cadherin domain
P35670	[351, 420]	Heavy-metal-associated domain
P43121	[138, 168]	CD80-like C2-set immunoglobulin domain
P49619	[730, 770]	Diacylglycerol kinase accessory domain
Q00987	[302, 334]	Zn-finger in Ran binding protein and others
Q05655	[183, 218]	Phorbol esters/diacylglycerol binding domain (C1 domain)
Q14644	[19, 45]	C2 domain
Q16822	[409, 439]	Phosphoenolpyruvate carboxykinase C-terminal P-loop domain
Q8N6Q3	[71, 92]	u-PAR/Ly-6 domain
Q8NI32	[47, 156]	Ly6/PLAUR domain-containing protein 6, Lypd6
Q9NR12	[56, 77]	PDZ domain
Q9UJW8	[68, 84]	KRAB box
Q9UPY3	[628, 664]	Dicer dimerisation domain
O15446	[30, 66]	DNA-directed RNA polymerase I subunit RPA34.5
P18754	[37, 67]	RCC1-like domain
P20718	[124, 141]	Trypsin
P22059	[512, 531]	Oxysterol-binding protein
P25054	[424, 449]	Adenomatous polyposis coli (APC) repeat
P41732	[162, 218]	Tetraspanin family
P56645	[1162, 1184]	Period circadian-like, C-terminal
P59282	[8, 54]	p25-alpha
P68133	[7, 44]	Actin
P84550	[131, 172]	SKI/SNO/DAC Dachshund homology domain
Q15822	[380, 454]	Neurotransmitter-gated ion-channel transmembrane region
Q6P1W5	[354, 406]	Domain of unknown function (DUF4688)
Q8WWQ8	[1565, 1601]	EGF domain
Q96AW1	[26, 54]	VOPP1 N-terminal domain
Q96II8	[670, 730]	Calponin homology (CH) domain
Q96LM6	[138, 179]	TSC21 family
Q99250	[333, 352]	Ion transport protein
Q9HBE4	[58, 89]	Interleukin 15
Q9P2K9	[967, 998]	Domain of unknown function (DUF7023)
A0A0J9YY54	[681, 713]	Putative testis-expressed protein 13C, zinc finger domain
I1YAP6	[0, 66]	Zinc finger, C3HC4 type (RING finger)
O60870	[3, 56]	KIN17 C2H2-type zinc finger domain
P08217	[207, 222]	Trypsin
P21860	[173, 351]	Furin-like cysteine rich region
P54132	[1054, 1075]	RecQ zinc-binding
P55017	[38, 53]	Amino acid permease N-terminal
Q00403	[11, 55]	TFIIB zinc-binding
Q07869	[93, 188]	Double treble clef zinc finger, C4 type
Q2TBC4	[169, 212]	LIM domain
Q5HYR2	[110, 134]	Doublesex-and mab-3-related transcription factor C1 and C2
Q7Z7B8	[16, 60]	Beta defensin
Q86UD0	[293, 309]	Adenomatous polyposis coli tumour suppressor protein
Q8N5W9	[75, 109]	FAM101 family
Q8TBB1	[59, 80]	Zinc finger, C3HC4 type (RING finger)
Q92902	[329, 349]	Second Longin domain of FUZ, MON1 and HPS1
Q9BQI9	[207, 275]	Aspartyl protease
Q9NQ31	[79, 140]	A-kinase-interacting protein 1
Q9Y334	[194, 237]	VWA7 N-terminal domain
Q9Y6R1	[620, 639]	HCO3- transporter integral membrane domain
C9JLJ4	[79, 134]	Ubiquitin carboxyl-terminal hydrolase
O60240	[130, 150]	Perilipin family
P0CW19	[60, 116]	LIM domain
P31150	[384, 421]	GDP dissociation inhibitor
Q13705	[76, 120]	Activin types I and II receptor domain
Q4LE39	[207, 224]	RBB1NT (NUC162) domain
Q5T4F4	[330, 410]	FYVE zinc finger
Q76G19	[146, 164]	PDZ domain
Q8IZF0	[217, 252]	Ion transport protein
Q96DX5	[182, 229]	Ankyrin repeats (3 copies)
Q9BZS1	[185, 299]	FOXP coiled-coil domain
Q9C073	[87, 139]	Protein Family FAM117
Q9NRL2	[892, 916]	Williams-Beuren syndrome DDT (WSD), D-TOX E motif
Q9Y4F3	[928, 945]	MARF1 LOTUS domain
M0QZD8	[188, 209]	Lipoprotein amino terminal region
O60813	[449, 477]	PRAME C-terminal domain
P00533	[173, 351]	Furin-like cysteine rich region
P04090	[159, 184]	Insulin/IGF/Relaxin family
P18887	[0, 26]	XRCC1 N terminal domain
P41214	[288, 317]	eIF2D winged helix domain
P47756	[0, 16]	F-actin capping protein, beta subunit
Q00653	[106, 139]	Rel homology DNA-binding domain
Q6MZP7	[515, 579]	Tesmin/TSO1-like CXC domain, cysteine-rich domain
Q6UXS0	[146, 185]	Lectin C-type domain
Q7Z5J4	[1851, 1905]	PHD-like zinc-binding domain
Q86VF7	[0, 25]	LIM domain
Q86WI3	[613, 636]	NLRC4 helical domain HD2
Q8IZ52	[283, 330]	Chondroitin N-acetylgalactosaminyltransferase
Q8TDZ2	[687, 756]	LIM domain
Q8WXA8	[349, 370]	Neurotransmitter-gated ion-channel transmembrane region
Q93008	[1717, 1736]	Ubiquitin carboxyl-terminal hydrolase
Q96FC9	[241, 296]	DEAD_2
Q96KQ7	[424, 542]	Histone-lysine N-methyltransferase EHMT1/EHMT2, Cys-rich region
Q96MD7	[30, 114]	Uncharacterized conserved protein (DUF2039)
Q96PQ0	[652, 771]	Sortilin, neurotensin receptor 3, C-terminal
Q96RN1	[601, 650]	STAS domain
Q9BVI0	[643, 698]	PhD finger domain
Q9H4Q3	[12, 29]	PR domain zinc finger protein 2, PR domain
Q9NRD9	[1514, 1546]	Ferric reductase NAD binding domain
Q9NV70	[21, 43]	Exocyst complex component SEC3 N-terminal PIP2 binding PH
Q9NYA4	[316, 333]	Myotubularin-like phosphatase domain
Q9UPP1	[31, 101]	PHD-finger
A0AVT1	[582, 623]	ThiF family
A1KZ92	[302, 320]	Immunoglobulin I-set domain
E7ERA6	[44, 151]	zinc-RING finger domain
O60609	[33, 111]	GDNF/GAS1 domain
O75954	[154, 184]	Tetraspanin family
O94907	[72, 153]	Dickkopf N-terminal cysteine-rich region
P10828	[87, 182]	Double treble clef zinc finger, C4 type
P43250	[89, 115]	Regulator of G protein signaling domain
Q14142	[13, 64]	B-box zinc finger
Q15047	[730, 797]	Pre-SET motif
Q504Q3	[634, 671]	Ubiquitin carboxyl-terminal hydrolase
Q5JRX3	[297, 322]	Peptidase M16 inactive domain
Q6ZMM2	[41, 92]	Thrombospondin type 1 domain
Q6ZNL6	[1261, 1309]	FYVE zinc finger
Q8IW70	[389, 439]	TMEM151 family
Q8N2H9	[288, 318]	Pellino, FHA domain
Q8N3P4	[287, 306]	Vps8 beta-propeller
Q96JM2	[0, 44]	Zinc finger protein 462, C2H2 zinc finger
Q9BUD6	[270, 330]	Spondin-like TSP1 domain
Q9C030	[0, 73]	RING-type zinc-finger
Q9C0A0	[1151, 1181]	Laminin G domain
Q9H204	[39, 92]	Mediator complex subunit 28
Q9NQ86	[45, 71]	RING-type zinc-finger
Q9NZH6	[175, 210]	Interleukin-1 / 18
Q9UBR4	[50, 99]	LIM domain
A6NFK2	[190, 247]	GRXCR1/2, C-terminal domain
A6NK58	[40, 65]	Lipoyl protein ligase A/B catalytic domain
P03971	[477, 503]	Transforming growth factor beta like domain
P14138	[89, 111]	Endothelin family
P43632	[129, 199]	Immunoglobulin domain
P48230	[180, 200]	L6 membrane protein
Q05084	[101, 129]	Arfaptin-like domain
Q5R3K3	[74, 96]	Calcium homeostasis modulator
Q5TA79	[53, 105]	Late cornified envelope
Q6PGQ7	[102, 134]	Protein aurora borealis N-terminus
Q76B58	[271, 293]	BRNP1-3, EGF domain
Q86VB7	[127, 157]	Scavenger receptor cysteine-rich domain
Q86VP3	[766, 786]	PACS-1 cytosolic sorting protein
Q86WB7	[162, 195]	Ion channel regulatory protein UNC-93
Q8IUD6	[20, 84]	zinc finger of C3HC4-type, RING
Q8WUH2	[810, 842]	Vacuolar sorting protein 39 C-terminal zinc finger domain
Q9HCC9	[775, 886]	FYVE zinc finger
Q9NQE9	[35, 72]	Scavenger mRNA decapping enzyme C-term binding
Q9NR16	[657, 681]	Scavenger receptor cysteine-rich domain
P05107	[15, 80]	Integrin plexin domain
P15814	[171, 194]	Immunoglobulin C1-set domain
P56730	[99, 115]	Kringle domain
Q04771	[22, 56]	Activin types I and II receptor domain
Q5SQS8	[121, 150]	Family of unknown function (DUF5520)
Q8N149	[276, 301]	Immunoglobulin domain
Q8N1W1	[651, 711]	Phorbol esters/diacylglycerol binding domain (C1 domain)
Q8N8N0	[0, 63]	zinc-RING finger domain
Q8NCM8	[4224, 4306]	Dynein heavy chain C-terminal domain
Q9NVN3	[296, 321]	Guanine nucleotide exchange factor synembryn
Q9NY37	[349, 388]	Amiloride-sensitive sodium channel
Q9UJT2	[52, 90]	Testis-specific serine kinase substrate
A6NDY0	[140, 157]	RNA recognition motif
C9JSJ3	[538, 596]	HMG (high mobility group) box
O00519	[237, 278]	Amidase
O75694	[84, 106]	Nup133 N terminal like
P01861	[22, 116]	Immunoglobulin C1-set domain
P05981	[337, 368]	Trypsin
P17480	[290, 327]	HMG-box domain
P62508	[95, 211]	Double treble clef zinc finger, C4 type
Q01101	[366, 387]	Zinc finger, C2H2 type
Q3SY69	[447, 466]	Aldehyde dehydrogenase family
Q6Y2X3	[532, 568]	Cleavage inducing molecular chaperone
Q8IZF2	[962, 999]	GPCR proteolysis site, GPS, motif
Q8N8K9	[597, 623]	Domain of unknown function (DUF3504)
Q8N8R5	[52, 83]	C2orf69
Q9BXL7	[41, 60]	Caspase recruitment domain
Q9C0B5	[101, 141]	DHHC palmitoyltransferase
Q9HCE3	[1183, 1216]	zinc-finger C2H2-type
Q9NRM2	[55, 75]	C2H2 type zinc-finger (2 copies)
Q9Y314	[0, 68]	Zinc-finger of nitric oxide synthase-interacting protein
O15055	[1182, 1230]	Period circadian-like, C-terminal
O15394	[214, 232]	Immunoglobulin I-set domain
O60241	[197, 223]	Adhesion GPCR B N-terminal region
O60811	[446, 473]	PRAME C-terminal domain
O96028	[458, 485]	HMG (high mobility group) box
P06681	[580, 613]	Trypsin
P0DP73	[23, 62]	Beta defensin
P21741	[33, 127]	PTN/MK heparin-binding protein family, N-terminal domain
P35858	[33, 57]	Leucine rich repeat N-terminal domain
Q14186	[118, 138]	E2F/DP family winged-helix DNA-binding domain
Q53GL0	[70, 86]	PH domain
Q5HYC2	[132, 147]	Bromodomain
Q5TD97	[245, 283]	LIM domain
Q5TI25	[638, 670]	Olduvai domain
Q86VM9	[220, 258]	CCCH-type zinc finger
Q8IVH2	[306, 335]	FOXP coiled-coil domain
Q8IYR2	[286, 321]	SET domain
Q8NEQ6	[73, 131]	Steroid receptor-associated and regulated protein
Q8WWV6	[76, 97]	Immunoglobulin V-set domain
Q92540	[125, 151]	Telomerase activating protein Est1
Q96SC8	[65, 98]	DM DNA binding domain
Q9H094	[423, 444]	Olduvai domain
Q9H1D9	[279, 313]	RNA polymerase Rpc34 subunit
Q9NXF7	[94, 126]	DDB1- and CUL4-associated factor 16
O95897	[34, 61]	Neurogenesis glycoprotein
P08709	[388, 406]	Trypsin
P15927	[199, 225]	Replication protein A C terminal
P16455	[9, 35]	6-O-methylguanine DNA methyltransferase, ribonuclease-like domain
P32927	[68, 98]	GM-CSF/IL-3/IL-5 receptor common beta subunit, N-terminal
P34059	[298, 314]	Sulfatase
P53420	[1492, 1507]	C-terminal tandem repeated domain in type 4 procollagen
P98174	[726, 813]	FYVE zinc finger
Q13625	[6, 36]	Apoptosis-stimulating of p53 protein 2-like, N-terminal RA domain
Q14508	[30, 123]	WAP-type (Whey Acidic Protein) 'four-disulfide core'
Q14624	[913, 929]	Inter-alpha-trypsin inhibitor heavy chain C-terminus
Q16819	[274, 305]	MAM domain, meprin/A5/mu
Q5U5R9	[740, 761]	HECT-domain (ubiquitin-transferase)
Q5VYX0	[33, 67]	NAD(P)-binding Rossmann-like domain
Q6P5W5	[58, 82]	Zinc transporter ZIP4 domain
Q6UX98	[92, 122]	DHHC palmitoyltransferase
Q6ZSG1	[287, 345]	Ring finger domain
Q70CQ3	[216, 311]	Ubiquitin carboxyl-terminal hydrolase
Q70EK9	[467, 528]	Ubiquitin carboxyl-terminal hydrolase
Q71F23	[231, 248]	CENP-A nucleosome associated complex (NAC) subunit
Q7RTY8	[771, 800]	Trypsin
Q86UV5	[261, 280]	Ubiquitin carboxyl-terminal hydrolase
Q86VH2	[181, 198]	Kinesin motor domain
Q8NC96	[150, 167]	Protein of unknown function (DUF1681)
Q8WWY6	[80, 135]	C-terminal domain of methyl-CpG binding protein 2 and 3
Q96K78	[43, 76]	GPR128, N-terminal domain
Q96P47	[832, 849]	Ankyrin repeats (3 copies)
Q9H8X9	[108, 155]	DHHC palmitoyltransferase
Q9HCK8	[2301, 2319]	BRK domain
Q9NXR7	[2, 17]	Brain and reproductive organ-expressed protein (BRE)
Q9P016	[46, 65]	EVE domain
Q9P086	[73, 116]	Mediator complex protein
Q9UBS4	[153, 228]	DnaJ C terminal domain
Q9Y2K6	[12, 73]	Zn-finger in ubiquitin-hydrolases and other protein
O43823	[464, 484]	A-kinase anchoring protein 95 (AKAP95)
O75764	[166, 220]	Transcription factor S-II (TFIIS), central domain
P08174	[74, 129]	Sushi repeat (SCR repeat)
P30613	[384, 409]	Pyruvate kinase, barrel domain
P35557	[436, 464]	Hexokinase
Q5FWF4	[621, 652]	Zn-finger in Ran binding protein and others
Q5VZL5	[1482, 1506]	Domain of unknown function (DUF3504)
Q6BDS2	[454, 502]	Bridge-like lipid transfer protein family member 3A/B
Q8IV20	[393, 411]	Multi-copper polyphenol oxidoreductase laccase
Q9BU89	[229, 299]	HEAT repeats
Q9BZ72	[792, 811]	DDHD domain
Q9H813	[103, 159]	TMEM206 protein family
Q9P0M4	[110, 153]	Interleukin-17
Q9P2E8	[151, 203]	RING-variant domain
Q9Y483	[100, 162]	PHD-finger
Q9Y581	[144, 206]	Insulin/IGF/Relaxin family
A0A1B0GX51	[98, 114]	Immunoglobulin V-set domain
O14964	[152, 227]	FYVE zinc finger
O75554	[0, 35]	U1 zinc finger
P02461	[26, 88]	von Willebrand factor type C domain
P09455	[73, 107]	Lipocalin / cytosolic fatty-acid binding protein family
P78385	[61, 114]	Keratin type II head
Q13241	[133, 178]	Lectin C-type domain
Q13637	[140, 166]	Ras family
Q14721	[53, 84]	BTB/POZ domain
Q7Z6W1	[166, 181]	Transmembrane and coiled-coil domain-containing protein 2
Q8IY37	[597, 612]	Helicase conserved C-terminal domain
Q8N5C8	[1, 73]	CUE domain
Q8NBR6	[482, 504]	MINDY deubiquitinase
Q8NDX5	[773, 828]	Zinc finger, FCS-type
Q8WXH0	[6072, 6122]	Spectrin repeat
Q9BYV1	[216, 265]	Aminotransferase class-III
Q9UPQ3	[604, 642]	Putative GTPase activating protein for Arf
A0AAG2TVJ1	[374, 413]	GM130 C-terminal binding motif
B3GLJ2	[28, 55]	u-PAR/Ly-6 domain
O00562	[907, 932]	PITM 1-3, beta-sandwich domain
O15254	[411, 433]	Acyl-CoA oxidase, C-alpha1 domain
P01860	[13, 52]	Immunoglobulin C1-set domain
P02795	[0, 59]	Metallothionein
P09001	[318, 333]	Ribosomal protein L3
P12318	[92, 108]	Immunoglobulin domain
P20908	[1611, 1690]	Fibrillar collagen C-terminal domain
P33992	[163, 217]	MCM OB domain
P54105	[110, 133]	Regulator of volume decrease after cellular swelling
Q10588	[147, 172]	ADP-ribosyl cyclase
Q13263	[56, 93]	zinc-RING finger domain
Q14005	[1243, 1265]	PDZ domain
Q14118	[255, 276]	Alpha-Dystroglycan N-terminal domain 2
Q5VST9	[109, 140]	Immunoglobulin I-set domain
Q6IQ32	[684, 709]	Adnp2-like, C2H2-type zinc finger
Q6U841	[660, 718]	HCO3- transporter integral membrane domain
Q7Z3Y8	[79, 99]	Intermediate filament protein
Q8N104	[19, 64]	Beta defensin
Q8N5P1	[184, 222]	Zinc finger C-x8-C-x5-C-x3-H type (and similar)
Q8WV22	[192, 250]	RING-like domain
Q96DD7	[46, 68]	Shisa, N-terminal domain
Q96J86	[15, 58]	Cysteine and tyrosine-rich protein 1
Q99523	[441, 464]	Sortilin, neurotensin receptor 3,
Q9H5L6	[33, 80]	THAP domain
Q9NQT5	[52, 76]	Mammalian exosome complex component RRP40, N-terminal
A0A096LNP1	[21, 54]	Beta defensin
A6NDU8	[223, 249]	RAB7A-interacting MON1-CCZ1 complex subunit 1
A6NJZ7	[432, 532]	RIMB1-like, N-terminal domain
A6NKW6	[7, 55]	Shisa, N-terminal domain
A7E2U8	[110, 129]	Cilia-and flagella-associated protein 96
O95292	[78, 129]	MSP (Major sperm protein) domain
P28347	[307, 325]	YAP binding domain
P28906	[165, 231]	CD34/Podocalyxin family
P42701	[484, 500]	Fibronectin type III domain
P58294	[12, 104]	Prokineticin
Q04206	[67, 150]	Rel homology DNA-binding domain
Q49AR2	[222, 237]	UPF0489 domain
Q5T6F2	[60, 104]	Ubiquitin-associated protein 2, UBA domain
Q7Z7A3	[275, 311]	Zinc-ribbon
Q8TEY7	[29, 96]	Zn-finger in ubiquitin-hydrolases and other protein
Q92791	[74, 97]	Leprecan family TPR-like repeat region
Q93098	[110, 126]	wnt family
Q9C0B9	[1137, 1154]	Zinc knuckle
Q9H1Z9	[226, 259]	Tetraspanin family
Q9Y5I4	[734, 751]	Cadherin cytoplasmic C-terminal
O15235	[53, 132]	Ribosomal protein S12/S23
O15375	[189, 219]	Major Facilitator Superfamily
O60500	[96, 117]	Immunoglobulin V-set domain
P10720	[36, 66]	Small cytokines (intecrine/chemokine), interleukin-8 like
P14770	[9, 29]	Leucine rich repeat N-terminal domain
P16112	[2435, 2508]	Sushi repeat (SCR repeat)
P19876	[68, 92]	Small cytokines (intecrine/chemokine), interleukin-8 like
P34896	[373, 405]	Serine hydroxymethyltransferase
Q15413	[1899, 1940]	Ryanodine receptor junctional solenoid repeat
Q15669	[126, 142]	Ras family
Q6UXM1	[503, 525]	Immunoglobulin domain
Q8IZP7	[169, 194]	Sulfotransferase family
Q8N488	[21, 61]	Zn-finger in Ran binding protein and others
Q8TEQ6	[203, 242]	RIG first beta-propeller
Q9BQS6	[97, 138]	Hsp20/alpha crystallin family
Q9Y4A5	[1066, 1081]	Tra1 HEAT repeat ring region
P01127	[107, 185]	PDGF/VEGF domain
P05166	[517, 535]	Carboxyl transferase domain
P0DP74	[23, 62]	Beta defensin
P40313	[192, 216]	Trypsin
P41091	[90, 119]	Elongation factor Tu GTP binding domain
P43628	[166, 206]	Immunoglobulin domain
Q1W4C9	[27, 88]	Kazal-type serine protease inhibitor domain
Q504Y0	[63, 91]	Zinc transporter ZIP4 domain
Q6PI73	[81, 102]	Immunoglobulin domain
Q7RTS7	[110, 130]	Keratin type II head
Q8N895	[529, 574]	Zinc finger, C2H2 type
Q8N9S9	[282, 301]	Sorting Nexin 17 FERM C-terminal domain
Q8NA82	[644, 686]	RING-variant domain
Q96D46	[0, 67]	NMD3 family
Q9H0M4	[245, 300]	CW-type Zinc Finger
Q9H4E7	[245, 309]	PH domain
Q9NZS9	[29, 46]	zinc finger of C3HC4-type, RING
Q9Y2I7	[142, 226]	FYVE zinc finger
Q9Y6H3	[73, 107]	Peptidase M76 family
A6NF83	[16, 46]	DNA-binding nuclear phosphoprotein p8
O14686	[5019, 5045]	PHD-zinc-finger like domain
O15344	[0, 19]	RING-type zinc-finger
O60636	[135, 176]	Tetraspanin family
P00748	[475, 590]	Trypsin
P00750	[405, 445]	Trypsin
P03372	[176, 258]	Double treble clef zinc finger, C4 type
P0DUB6	[143, 173]	Alpha amylase, catalytic domain
P21941	[224, 275]	Coagulation Factor Xa inhibitory site
P32297	[357, 430]	Neurotransmitter-gated ion-channel transmembrane region
P43320	[21, 60]	Beta/Gamma crystallin
P43629	[83, 101]	Immunoglobulin domain
P43631	[166, 202]	Immunoglobulin domain
P47895	[32, 71]	Aldehyde dehydrogenase family
Q52M58	[48, 124]	Family of unknown function (DUF5544)
Q5TFG8	[6, 48]	zinc-finger of a C2HC-type
Q6PJE2	[64, 101]	ZP-C domain
Q7Z3G6	[85, 103]	PET Domain
Q8TDW5	[49, 107]	FYVE-type zinc finger
Q96BY7	[1463, 1504]	Autophagy-related protein 2
Q96G91	[169, 195]	7 transmembrane receptor (rhodopsin family)
Q9BQS8	[1195, 1233]	FYVE zinc finger
Q9ULK6	[81, 110]	PA domain
Q9Y383	[0, 71]	LUC7 N_terminus
E9PQ53	[94, 113]	NADH-ubiquinone oxidoreductase subunit b14.5b (NDUFC2)
P05412	[78, 106]	Jun-like transcription factor
P10124	[32, 49]	Serglycin
P11161	[89, 116]	Early growth response N-terminal domain
P20783	[144, 163]	Nerve growth factor family
P21817	[1769, 1789]	Ryanodine receptor junctional solenoid repeat
P23467	[1352, 1376]	Fibronectin type III domain
P38936	[0, 78]	Cyclin-dependent kinase inhibitor
P43378	[316, 347]	Protein-tyrosine phosphatase
P52732	[19, 57]	Kinesin motor domain
P54252	[0, 28]	Josephin
Q13285	[0, 104]	Double treble clef zinc finger, C4 type
Q16787	[72, 131]	Laminin N-terminal (Domain VI)
Q3MIR4	[63, 89]	LEM3 (ligand-effect modulator 3) family / CDC50 family
Q6DD87	[317, 356]	C2H2-type zinc finger
Q6VUC0	[368, 383]	Transcription factor AP-2
Q7Z5V6	[11, 42]	Protein phosphatase 1 regulatory subunit 32
Q8IWB7	[312, 333]	FYVE zinc finger
Q8N228	[83, 128]	SLED domain
Q8N441	[199, 235]	Immunoglobulin I-set domain
Q8TDE3	[40, 130]	Pancreatic ribonuclease
Q92674	[294, 341]	Mis6
Q9BVH7	[81, 140]	Glycosyltransferase family 29 (sialyltransferase)
Q9HBF4	[593, 666]	FYVE zinc finger
Q9HC84	[1315, 1435]	Mucin-2 protein WxxW repeating region
Q9P0K8	[119, 139]	Forkhead domain
Q9UKZ4	[529, 847]	Teneurin EGF domain
Q9UM47	[1593, 1616]	NOTCH protein
A8MVW0	[506, 534]	FAM171A1/A2/B C-terminal
O60359	[38, 84]	PMP-22/EMP/MP20/Claudin family
O95857	[92, 162]	Tetraspanin family
P0DTU3	[164, 230]	Domain of unknown function (DUF1968)
P16234	[422, 443]	Platelet-derived growth factor receptor Ig-like domain 4
Q13253	[166, 231]	Noggin
Q15303	[171, 354]	Furin-like cysteine rich region
Q16568	[68, 115]	Cocaine and amphetamine regulated transcript protein (CART)
Q5U5X8	[316, 374]	Protein family of FAM222A
Q6P1R3	[175, 218]	Myb/SANT-like DNA-binding domain
Q70Z44	[346, 363]	Neurotransmitter-gated ion-channel transmembrane region
Q86X76	[166, 193]	Carbon-nitrogen hydrolase
Q8IZD2	[109, 179]	PhD finger domain
Q8NCD3	[330, 380]	Holliday junction recognition protein-associated repeat
Q93099	[368, 386]	Homogentisate 1,2-dioxygenase C-terminal
Q96BD0	[198, 219]	Organic Anion Transporter Polypeptide (OATP) family
Q96KR1	[327, 356]	Zinc-finger of C2H2 type
Q9NP62	[54, 128]	GCM motif protein
Q9NSB4	[44, 115]	Keratin type II head
Q9NZH5	[177, 201]	Securin sister-chromatid separation inhibitor
Q9NZP8	[100, 139]	CUB domain
Q9UHD0	[119, 144]	Interleukin 10
Q9UHF7	[424, 465]	Trps1 zinc finger C2H2-type 3
Q9Y5L3	[67, 88]	GDA1/CD39 (nucleoside phosphatase) family
A0A1W2PQD8	[107, 146]	Ssu72-like protein
A6NC86	[14, 51]	Phospholipase A2 inhibitor
O15353	[327, 358]	Forkhead domain
O60312	[774, 791]	P-type ATPase, cytoplasmic domain N
O95382	[74, 93]	Deoxyribohydrolase (DRHyd) domain of the ASK signalosome
O95996	[388, 415]	Adenomatous polyposis coli (APC) repeat
P01344	[49, 94]	Insulin/IGF/Relaxin family
P01591	[78, 158]	Immunoglobulin J chain
P49223	[43, 81]	Kunitz/Bovine pancreatic trypsin inhibitor domain
P59991	[0, 145]	PMG protein
Q13183	[204, 221]	Sodium:sulfate symporter transmembrane region
Q13506	[191, 209]	NAB conserved region 2 (NCD2)
Q13907	[68, 111]	NUDIX domain
Q5T4I8	[31, 56]	Selenocysteine tRNA 1 associated proteins
Q86VZ4	[110, 168]	MANEC domain
Q8N6G6	[32, 100]	Thrombospondin type 1 domain
Q8TE60	[530, 575]	ADAMTS cysteine-rich domain 2
Q92871	[226, 260]	Eukaryotic phosphomannomutase
Q96PS1	[115, 137]	FANCD2 opposite strand protein
Q9BVV6	[1231, 1246]	Hedgehog signalling target
Q9BW19	[477, 511]	Kinesin motor domain
Q9H977	[300, 315]	WDR54
Q9NSV4	[643, 681]	Formin Homology 2 Domain
Q9UM07	[157, 184]	Protein-arginine deiminase (PAD) middle domain
Q9UNS1	[1005, 1027]	Timeless-like, PAB domain
B2RTY4	[2030, 2058]	Phorbol esters/diacylglycerol binding domain (C1 domain)
O15304	[97, 174]	Cd27 binding protein (Siva)
P01834	[75, 99]	Immunoglobulin C1-set domain
P02818	[66, 91]	Osteocalcin, C-terminal domain
P46459	[8, 32]	Cell division protein 48 (CDC48), N-terminal domain
P54922	[96, 127]	ADP-ribosylglycohydrolase
P78552	[89, 119]	Interleukin-13 receptor subunit alpha Ig-like domain
Q00888	[389, 406]	Immunoglobulin domain
Q05513	[117, 184]	Phorbol esters/diacylglycerol binding domain (C1 domain)
Q4QY38	[31, 65]	Beta defensin
Q5T7M9	[325, 369]	Protein-kinase domain of FAM69
Q63HR2	[37, 86]	Phorbol esters/diacylglycerol binding domain (C1 domain)
Q92854	[362, 381]	Sema domain
Q96QZ0	[61, 93]	Innexin
Q99487	[1, 18]	Platelet-activating factor acetylhydrolase, isoform II
Q9BUH6	[0, 43]	PAXX, PAralog of XRCC4 and XLF, also called C9orf142
Q9BX67	[132, 168]	Immunoglobulin domain
Q9H4P4	[0, 67]	Zinc finger, C3HC4 type (RING finger)
Q9P1U1	[0, 38]	Actin
Q9UDV6	[305, 342]	Zinc finger, C2H2 type
Q9UQD0	[314, 352]	Ion transport protein
Q9Y3I0	[468, 504]	tRNA-splicing ligase RtcB
Q9Y5B0	[81, 144]	Fcp1 barrel-sandwich hybrid domain
Q9Y6T7	[316, 382]	Phorbol esters/diacylglycerol binding domain (C1 domain)
A6NM43	[248, 270]	TCP-1/cpn60 chaperonin family
P00734	[313, 347]	Thrombin light chain
P05556	[3, 74]	Integrin plexin domain
P28300	[279, 326]	Lysyl oxidase
Q01484	[983, 998]	ZU5 domain
Q12873	[366, 429]	PHD-finger
Q4G0W2	[82, 111]	Dual specificity phosphatase, catalytic domain
Q5T1A1	[599, 686]	E3 ubiquitin-protein ligase DCST1-like, C-terminal RING domain
Q6UW60	[329, 376]	Subtilase family
Q92574	[253, 271]	Hamartin protein
Q96F83	[238, 253]	Clathrin-binding box of Aftiphilin, vesicle trafficking
Q9BR10	[143, 185]	Spermatogenesis-associated protein 25
Q9H324	[652, 715]	ADAMTS cysteine-rich domain
Q9P2J2	[199, 220]	Immunoglobulin domain
Q9Y6L6	[445, 510]	Organic Anion Transporter Polypeptide (OATP) family
A6NMB1	[293, 313]	Immunoglobulin I-set domain
A8MTI9	[225, 251]	Trypsin
A8MTJ6	[192, 233]	Forkhead domain
O00470	[85, 120]	TALE/MEIS homeobox family N-terminal domain
P02458	[24, 93]	von Willebrand factor type C domain
P0DUQ1	[452, 477]	PRAME C-terminal domain
P20023	[107, 176]	Sushi repeat (SCR repeat)
P21675	[36, 62]	TATA box-binding protein binding
P36980	[236, 269]	Sushi repeat (SCR repeat)
P50336	[456, 476]	Flavin containing amine oxidoreductase
P55001	[96, 128]	Microfibril-associated glycoprotein (MAGP)
P59665	[59, 90]	Mammalian defensin
Q15434	[84, 135]	RNA recognition motif
Q3B820	[376, 476]	Protein FAM161A/B
Q6NVV9	[166, 237]	ADAM cysteine-rich
Q7Z304	[490, 530]	MAM domain, meprin/A5/mu
Q8IUN9	[265, 307]	Lectin C-type domain
Q8ND04	[162, 182]	Smg8_Smg9
Q96JN8	[316, 331]	Neuralized
Q9BQ69	[178, 212]	Macro domain
Q9BV68	[0, 36]	zinc-ribbon
Q9H694	[140, 169]	KH domain
Q9NQ34	[35, 100]	TMEM9
Q9UN76	[157, 191]	Sodium:neurotransmitter symporter family
Q9Y487	[705, 724]	V-type ATPase 116kDa subunit family
Q9Y5E2	[727, 770]	Cadherin cytoplasmic C-terminal
O14967	[347, 388]	Calreticulin family
O43374	[137, 157]	C2 domain
P02768	[105, 145]	Serum albumin family
P09429	[5, 49]	HMG-box domain
P15692	[254, 313]	PDGF/VEGF domain
P51606	[237, 256]	N-acylglucosamine 2-epimerase (GlcNAc 2-epimerase)
Q5SVJ3	[117, 146]	Family of unknown function (DUF5530)
Q5VYJ5	[427, 487]	Low-density lipoprotein receptor domain class A
Q70CQ2	[2049, 2075]	Ubiquitin carboxyl-terminal hydrolase
Q7Z7B7	[20, 68]	Beta defensin
Q8IWS0	[11, 140]	PHD-like zinc-binding domain
Q8N3T6	[229, 251]	TMEM132 second Ig-like domain
Q96B36	[34, 65]	Proline-rich AKT1 substrate 1, N-terminal domain
Q96D70	[91, 110]	R3H-associated N-terminal domain
Q96RP7	[410, 425]	Galactose-3-O-sulfotransferase
Q9BYM8	[260, 333]	RING-type zinc-finger
Q9H1B7	[2, 52]	Interferon regulatory factor 2-binding protein zinc finger
Q9UHI8	[344, 403]	Reprolysin (M12B) family zinc metalloprotease
Q9Y4G6	[538, 579]	Talin, middle domain
H3BPM6	[0, 29]	DUF4796 N-terminal
O14917	[74, 134]	Cadherin-like
O75928	[221, 240]	PINIT domain
O94811	[60, 98]	p25-alpha
O95602	[50, 76]	RNA polymerase Rpb1, domain 1
P01308	[80, 109]	Insulin/IGF/Relaxin family
P14866	[443, 569]	RRM domain
P16562	[60, 101]	Cysteine-rich secretory protein family
P23229	[536, 561]	Integrin alpha Ig-like domain 1
P50993	[228, 248]	P-type ATPase actuator domain
Q13275	[602, 636]	Semaphorin-7A-like, immunoglobulin-like domain
Q14469	[136, 156]	Hairy Orange
Q15257	[80, 103]	Phosphotyrosyl phosphate activator (PTPA) protein
Q2VWA4	[99, 208]	c-SKI Smad4 binding domain
Q5SNV9	[1114, 1141]	Domain of unknown function (DUF4684)
Q8IZF7	[393, 430]	GPCR proteolysis site, GPS, motif
Q92506	[10, 41]	Enoyl-(Acyl carrier protein) reductase
Q93086	[111, 175]	ATP P2X receptor
Q96S66	[47, 74]	Mid-1-related chloride channel (MCLC)
Q9BYV2	[51, 91]	RING-type zinc-finger
Q9H091	[305, 347]	MYND finger
Q9H2P0	[59, 87]	Activity-dependent neuroprotector homeobox protein N-terminal
Q9NVR0	[71, 104]	BTB/POZ domain
Q9UG22	[48, 65]	AIG1 family
Q9Y616	[419, 451]	Protein kinase domain
A0A0C4DH68	[31, 48]	Immunoglobulin V-set domain
P01130	[664, 727]	Coagulation Factor Xa inhibitory site
P06400	[833, 855]	Rb C-terminal domain
P07942	[17, 87]	Laminin N-terminal (Domain VI)
P28325	[96, 122]	Cystatin domain
P32298	[107, 152]	Regulator of G protein signaling domain
P48995	[186, 206]	Transient receptor ion channel II
Q00887	[395, 422]	Immunoglobulin domain
Q00G26	[239, 273]	Perilipin family
Q09328	[637, 740]	Glycosyltransferase family 18
Q14982	[191, 216]	Immunoglobulin domain
Q53H12	[323, 415]	Acylglycerol kinase C-terminal
Q5JPH6	[147, 177]	tRNA synthetases class I (E and Q), catalytic domain
Q8N2G4	[15, 105]	u-PAR/Ly-6 domain
Q8N3E9	[567, 592]	Phosphatidylinositol-specific phospholipase C, Y domain
Q8N944	[208, 244]	APC membrane recruitment protein
Q8TDF6	[555, 591]	Phorbol esters/diacylglycerol binding domain (C1 domain)
Q96DX8	[138, 180]	Zinc-binding domain
Q96P50	[410, 435]	Putative GTPase activating protein for Arf
Q99640	[145, 169]	Protein kinase domain
Q99973	[2044, 2083]	TEP-1 second beta-propeller
Q9NVM4	[210, 230]	Arginine methyltransferase oligomerization subdomain
Q9Y2G8	[713, 775]	DJC16, C-terminal domain
Q9Y4E5	[754, 838]	Two consecutive Zinc fingers C2H2 type, ZNF451
Q9Y5E9	[728, 758]	Cadherin cytoplasmic C-terminal
O00115	[289, 354]	Deoxyribonuclease II
O00400	[476, 497]	Acetyl-coenzyme A transporter 1
O43278	[46, 63]	MANEC domain
O60942	[240, 260]	mRNA capping enzyme, catalytic domain
O75038	[281, 304]	Phosphoinositide-specific phospholipase C, efhand-like
P10909	[214, 233]	Clusterin
P14555	[30, 143]	Phospholipase A2
P14598	[68, 98]	PX domain
P16619	[23, 72]	Small cytokines (intecrine/chemokine), interleukin-8 like
P20800	[37, 73]	Endothelin family
P29375	[10, 62]	jmjN domain
Q13641	[52, 81]	Leucine rich repeat N-terminal domain
Q13670	[200, 245]	Histidine kinase-, DNA gyrase B-, and HSP90-like ATPase
Q14207	[756, 800]	NPAT C terminus
Q5TCS8	[161, 182]	Adenylate kinase
Q5XXA6	[365, 402]	Calcium-activated chloride channel
Q6Q6R5	[0, 60]	LIM domain
Q8IVQ6	[85, 128]	DHHC palmitoyltransferase
Q8IWU5	[98, 115]	Sulfatase
Q8N339	[0, 59]	Metallothionein
Q8TE57	[95, 133]	Reprolysin family propeptide
Q9BQ83	[177, 263]	Structure-specific endonuclease subunit SLX1, C-terminal
Q9Y2L5	[970, 999]	TPPC8 second Ig-like domain
Q9Y5F2	[726, 762]	Cadherin cytoplasmic C-terminal
Q9Y6H5	[367, 387]	Ankyrin repeats (3 copies)
A0A0K0K1E9	[88, 114]	Immunoglobulin V-set domain
O14523	[280, 317]	C2 domain
P15088	[235, 278]	Zinc carboxypeptidase
P47989	[971, 999]	Molybdopterin cofactor-binding domain
Q6N021	[1340, 1411]	Oxygenase domain of the 2OGFeDO superfamily
Q92878	[109, 133]	AAA domain
Q96T68	[135, 195]	Methyl-CpG binding domain
Q9BQC3	[240, 268]	Putative diphthamide synthesis protein
Q9H6B4	[140, 156]	Immunoglobulin domain
Q9HB07	[343, 362]	Uncharacterised protein family (UPF0160)
Q9NX46	[12, 38]	ADP-ribosylglycohydrolase
Q9UKJ3	[551, 574]	ZNF804A small beta sheet domain
O94892	[507, 523]	Zinc finger, C2H2 type
P01185	[12, 127]	Neurohypophysial hormones, C-terminal Domain
P0DMQ9	[0, 64]	Family of unknown function (DUF5537)
P11308	[329, 345]	Ets-domain
P29728	[663, 706]	2'-5'-oligoadenylate synthetase 1, domain 2, C-terminus
P49763	[73, 140]	PDGF/VEGF domain
Q05516	[458, 490]	C2H2-type zinc finger
Q30KQ9	[23, 66]	Beta defensin
Q5T4W7	[191, 219]	Transforming growth factor beta like domain
Q6NT76	[297, 321]	Homeodomain
Q6UWJ8	[6, 109]	Multi-glycosylated core protein 24 (MGC-24), sialomucin
Q6UWV7	[0, 50]	Shisa, N-terminal domain
Q6ZNM6	[61, 107]	Sperm-associated microtubule inner protein 10
Q8IYV9	[216, 238]	Izumo-like Immunoglobulin domain
Q8NFZ6	[359, 394]	Vomeronasal organ pheromone receptor family, V1R
Q8TDN2	[97, 149]	BTB/POZ domain
Q96T51	[636, 707]	FYVE zinc finger
Q99717	[96, 138]	MH1 domain
Q9GZZ7	[23, 134]	GDNF/GAS1 domain
Q9H611	[5, 32]	LRR1 pleckstrin homology domain
Q9HB63	[22, 90]	Laminin N-terminal (Domain VI)
Q9Y2X7	[13, 43]	Putative GTPase activating protein for Arf
Q9Y697	[292, 309]	Aminotransferase class-V
O60673	[3024, 3065]	C4-type zinc-finger of DNA polymerase delta
O75147	[213, 228]	Immunoglobulin I-set domain
O75369	[172, 202]	Calponin homology (CH) domain
O75792	[16, 45]	Ribonuclease HII
P08294	[193, 227]	Copper/zinc superoxide dismutase (SODC)
P10145	[23, 42]	Small cytokines (intecrine/chemokine), interleukin-8 like
P78325	[83, 101]	Reprolysin family propeptide
Q15572	[625, 648]	TAF1C, helical bundle domain
Q16842	[147, 176]	Glycosyltransferase family 29 (sialyltransferase)
Q4KMG9	[141, 157]	Transmembrane 52
Q4VX76	[46, 92]	FYVE-type zinc finger
Q5MIZ7	[87, 104]	EVH1-like domain in PP4R3 protein
Q8IWN7	[74, 107]	Doublecortin
Q8IXV7	[309, 353]	KLHDC2/KLHL20/DRC7 Kelch-repeats domain
Q8N594	[126, 151]	Restriction Enzyme Adenine Methylase Associated
Q96QT4	[1772, 1840]	Alpha-kinase family
Q96RT7	[129, 146]	Gamma-tubulin complex component 6 N-terminus
Q9BQG2	[290, 313]	NADH pyrophosphatase zinc ribbon domain
Q9BSG5	[105, 182]	Folate receptor family
Q9BVM4	[106, 138]	Gamma-glutamyl cyclotransferase, AIG2-like
Q9H3R0	[808, 825]	PHD-zinc-finger like domain
Q9NY12	[64, 89]	Gar1/Naf1 RNA binding region
Q9Y3Y4	[335, 417]	Pygopus, PHD-type zinc finger
A6NCL2	[31, 158]	Colipase-like
A8MVU1	[41, 75]	PX domain
O15105	[96, 129]	MH1 domain
O94964	[581, 610]	Protein SOGA
O95551	[21, 67]	UBA-like domain
P49116	[116, 189]	Double treble clef zinc finger, C4 type
Q14515	[425, 518]	Kazal-type serine protease inhibitor domain
Q6EMK4	[406, 449]	EGF-like domain
Q6ZMC9	[51, 68]	Immunoglobulin V-set domain
Q6ZU65	[558, 573]	Ubinuclein conserved middle domain
Q7Z698	[302, 414]	Sprouty protein (Spry)
Q86TM6	[266, 336]	Ring finger domain
Q86UW8	[212, 228]	Extracellular link domain
Q8IYR6	[161, 239]	Kazal-type serine protease inhibitor domain
Q8N108	[178, 208]	ELM2 domain
Q8N1F8	[539, 573]	STK11-interacting protein PH domain
Q8NDY4	[116, 139]	MDS2-like, C-terminal domain
Q92766	[1239, 1264]	Zinc finger, C2H2 type
Q96RW7	[2167, 2184]	Immunoglobulin domain
Q9C029	[4, 68]	zinc finger of C3HC4-type, RING
Q9P270	[150, 181]	SLAIN motif-containing family
Q9UIG8	[457, 525]	Kazal-type serine protease inhibitor domain
Q9ULV8	[350, 409]	Zinc finger, C3HC4 type (RING finger)
Q9UPW8	[583, 610]	Phorbol esters/diacylglycerol binding domain (C1 domain)
Q9Y2K7	[567, 685]	PHD-finger
Q9Y6N6	[30, 98]	Laminin N-terminal (Domain VI)
Q9Y6R7	[1385, 1400]	von Willebrand factor type D domain
A0A0C4DH24	[75, 113]	Immunoglobulin V-set domain
B4DZS4	[249, 287]	T-complex protein 11
O00186	[502, 519]	Sec1 family
O00555	[252, 297]	Ion transport protein
O95248	[1115, 1156]	Myotubularin-like phosphatase domain
P08861	[203, 238]	Trypsin
P19397	[129, 172]	Tetraspanin family
Q14185	[588, 605]	C2 domain in Dock180 and Zizimin proteins
Q15633	[155, 195]	Double-stranded RNA binding motif
Q16630	[440, 488]	CPSF6-like, RSLD domain, N-terminal region
Q2QD12	[0, 18]	Ribulose-phosphate 3 epimerase family
Q5HYJ3	[0, 141]	FAM76 protein
Q5U5Q3	[602, 658]	Zinc finger, C3HC4 type (RING finger)
Q7Z4M0	[27, 54]	Meiotic recombination protein REC114-like
Q7Z7K0	[7, 68]	Cytochrome c oxidase biogenesis protein Cmc1 like
Q8IVN8	[110, 263]	SBSPON-like, C-terminal
Q8IZL8	[567, 633]	PELP1, middle domain
Q8TE58	[321, 356]	Reprolysin (M12B) family zinc metalloprotease
Q99733	[256, 271]	Nucleosome assembly protein (NAP)
Q9BY07	[679, 701]	HCO3- transporter integral membrane domain
Q9BYT5	[0, 73]	Keratin, high sulfur B2 protein
Q9NW08	[465, 489]	RNA polymerase Rpb2, domain 3
A0JNW5	[469, 490]	Bridge-like lipid transfer protein family member 3A/B
O00712	[96, 117]	MH1 domain
O15534	[274, 345]	Period circadian protein homolog 3-like, PAS-A domain
O76050	[511, 566]	Zinc finger, C3HC4 type (RING finger)
P15918	[94, 146]	RAG1 importin binding
P16519	[354, 386]	Subtilase family
P40425	[67, 110]	PBC domain
P49790	[716, 767]	Zn-finger in Ran binding protein and others
P49863	[137, 163]	Trypsin
P52743	[66, 84]	Zinc finger, C2H2 type
Q68DD2	[265, 313]	Cytosolic phospholipases A2 C2-domain
Q8NAC3	[392, 417]	Interleukin-17 receptor extracellular region
Q8WWL2	[43, 66]	Kinase non-catalytic C-lobe domain
Q8WZ59	[35, 91]	Transmembrane protein 190
Q9BQL6	[501, 528]	FERM central domain
Q9BXN1	[62, 100]	Leucine rich repeat N-terminal domain
Q9BXU7	[645, 667]	Ubiquitin carboxyl-terminal hydrolase
Q9C0K0	[45, 94]	BCL-11A-like CCHC zinc finger
Q9HCL2	[691, 708]	Glycerol-3-phosphate acyltransferase C-terminal region
Q9NRC6	[680, 706]	Spectrin repeat
Q9NYP9	[71, 162]	Yippee zinc-binding/DNA-binding /Mis18, centromere assembly
Q9UJU5	[186, 225]	Forkhead domain
Q9UK17	[453, 491]	Domain of unknown function (DUF3399)
Q9Y3R4	[120, 138]	BNR repeat-like domain
A1L4K1	[378, 397]	Fibronectin type III domain
O60259	[112, 250]	Trypsin
O95503	[365, 389]	CBX family C-terminal motif
P09497	[178, 224]	Clathrin light chain
P30926	[322, 341]	Neurotransmitter-gated ion-channel transmembrane region
P31689	[120, 217]	DnaJ central domain
Q16602	[90, 129]	Hormone receptor domain
Q6UX15	[172, 191]	Lectin C-type domain
Q6VVB1	[22, 90]	zinc-RING finger domain
Q86SG6	[476, 613]	RCC1-like domain
Q8IW19	[372, 394]	PBZ domain
Q8IWR1	[0, 22]	RING-type zinc-finger
Q8N126	[136, 163]	CD80-like C2-set immunoglobulin domain
Q96FI4	[0, 23]	Formamidopyrimidine-DNA glycosylase N-terminal domain
Q96H15	[42, 68]	Immunoglobulin V-set domain
Q96PX6	[164, 199]	CCDC85 family
Q96RU3	[586, 616]	SH3 domain
Q9BYG7	[190, 218]	MROH2B-like, HEAT repeats
Q9H2X0	[46, 124]	von Willebrand factor type C domain
Q9HAZ2	[81, 128]	PR domain zinc finger protein 2, PR domain
Q9HCM2	[501, 558]	Plexin repeat
Q9UBC3	[432, 455]	DNMT3, cysteine rich ADD domain, GATA1-like zinc finger
Q9ULJ3	[656, 689]	Zinc finger, C2H2 type
Q9UPA5	[170, 229]	Piccolo Zn-finger
Q9UQR1	[161, 182]	Zinc finger, C2H2 type
Q9Y5E4	[725, 759]	Cadherin cytoplasmic C-terminal
O95180	[271, 348]	Ion transport protein
O95625	[586, 617]	C2H2-type zinc finger
P04004	[17, 69]	Somatomedin B domain
P07205	[382, 411]	Phosphoglycerate kinase
P31994	[184, 201]	Immunoglobulin domain
P48059	[0, 37]	LIM domain
P49754	[815, 853]	Vps41 C-terminal RING finger domain
P51810	[0, 22]	Ocular albinism type 1 protein
P99999	[0, 34]	Cytochrome c
Q13231	[425, 465]	Chitin binding Peritrophin-A domain
Q14061	[21, 62]	Cytochrome C oxidase copper chaperone (COX17)
Q16270	[36, 88]	Insulin-like growth factor binding protein
Q16609	[18, 130]	Kringle domain
Q2M243	[174, 201]	Coiled-coil domain-containing protein 27
Q30KQ4	[25, 81]	Beta defensin
Q5JQC9	[549, 576]	A-kinase anchor protein 110 kDa (AKAP 110)
Q6ZS10	[343, 377]	Lectin C-type domain
Q86SQ4	[816, 832]	GPCR proteolysis site, GPS, motif
Q86V15	[1155, 1215]	CASZ1-like, zinc finger
Q8NAX2	[71, 114]	Domain of unknown function (DUF4656)
Q8WX93	[262, 289]	Immunoglobulin I-set domain
Q92824	[186, 226]	Subtilase family
Q9H6R6	[101, 132]	DHHC palmitoyltransferase
Q9NT68	[564, 889]	Teneurin EGF domain
Q9UGK8	[310, 416]	RCC1-like domain
Q9UIW2	[536, 616]	TIG domain
Q9UPN3	[843, 914]	SH3 domain
A6NFZ4	[59, 104]	FAM24 family
O15347	[7, 52]	HMG-box domain
O75478	[2, 69]	ADA2 ZZ-type zing finger
O95813	[188, 219]	DAN domain
P04054	[35, 147]	Phospholipase A2
P04233	[194, 266]	Thyroglobulin type-1 repeat
P0C7L1	[62, 96]	Kazal-type serine protease inhibitor domain
P13056	[121, 196]	Double treble clef zinc finger, C4 type
P24043	[57, 109]	Laminin N-terminal (Domain VI)
P24592	[162, 216]	Thyroglobulin type-1 repeat
P36897	[77, 118]	Activin types I and II receptor domain
P40394	[106, 122]	Alcohol dehydrogenase GroES-like domain
P56192	[408, 448]	tRNA synthetases class I (M)
Q13875	[17, 72]	FYVE-type zinc finger
Q2UY09	[1095, 1124]	Kunitz/Bovine pancreatic trypsin inhibitor domain
Q3KNT7	[63, 107]	16S rRNA methyltransferase RsmB/F
Q5J5C9	[21, 60]	Beta defensin
Q76KX8	[18, 74]	KRAB box
Q8IXR5	[220, 270]	Coiled-coil and Nse Interacting (CANIN) domain
Q8TAT5	[501, 541]	GRF zinc finger
Q96G01	[514, 542]	Microtubule-associated protein Bicaudal-D
Q96QF0	[300, 328]	Rabin 8-like C-terminal domain
Q9P2Z0	[11, 80]	THAP domain
A6NP61	[246, 320]	Zinc-binding domain
O60664	[28, 72]	Perilipin family
O76074	[429, 453]	GAF domain
P05106	[24, 90]	Integrin plexin domain
P05997	[35, 97]	von Willebrand factor type C domain
P15509	[56, 77]	IL-3 receptor alpha chain N-terminal domain
P24666	[101, 146]	Low molecular weight phosphotyrosine protein phosphatase
P41439	[32, 184]	Folate receptor family
P42127	[94, 131]	Agouti protein
P43354	[253, 335]	Double treble clef zinc finger, C4 type
P63135	[1028, 1047]	Retro-transcribing viruses envelope glycoprotein
Q2I0M5	[22, 176]	Furin-like repeat, cysteine-rich
Q7RTZ1	[224, 278]	Trypsin
Q92630	[454, 506]	Protein kinase domain
Q969D9	[56, 84]	Thymic stromal lymphopoietin
Q96C12	[169, 197]	ARMC5
Q9BZJ3	[176, 196]	Trypsin
Q9GZM7	[243, 336]	Papain family cysteine protease
Q9NS23	[60, 118]	Phorbol esters/diacylglycerol binding domain (C1 domain)
Q9UHN6	[1141, 1159]	CEMIP domain X
A0A0G2JMM0	[228, 321]	Immunoglobulin domain
A1A5B4	[652, 680]	Calcium-activated chloride channel
A6NLU5	[120, 140]	Immunoglobulin V-set domain
O14618	[135, 154]	Copper/zinc superoxide dismutase (SODC)
O43865	[389, 405]	S-adenosyl-L-homocysteine hydrolase, NAD binding domain
O60320	[124, 162]	CD20-like family
O95409	[237, 276]	Zic proteins zinc finger domain
P48443	[125, 215]	Double treble clef zinc finger, C4 type
P54317	[440, 468]	PLAT/LH2 domain
P86452	[278, 304]	BED zinc finger
Q13519	[10, 76]	Vertebrate endogenous opioids neuropeptide
Q5SNT2	[46, 137]	Ima1 N-terminal domain
Q5VUJ5	[439, 475]	Putative GTPase activating protein for Arf
Q5XPI4	[1243, 1306]	Zinc finger, C3HC4 type (RING finger)
Q6UWH4	[386, 410]	FAM198 protein
Q6ZTN6	[437, 459]	ANKRD13 C-terminal
Q71RG4	[226, 248]	Ubiquitin family
Q8NFH5	[240, 258]	Nup53/35/40-type RNA recognition motif
Q8NFU7	[582, 629]	CXXC zinc finger domain
Q969P6	[218, 233]	Eukaryotic DNA topoisomerase I, DNA binding fragment
Q96M53	[97, 149]	SPATIAL
Q96SI1	[248, 270]	BTB/POZ domain-containing protein KCTD1/15, C-terminal domain
Q9H2R5	[126, 244]	Trypsin
Q9P2P6	[548, 565]	FHA domain
E9PJ23	[219, 248]	Nuclear pore complex interacting protein (NPIP)
O95256	[46, 167]	Immunoglobulin domain
O95271	[819, 837]	Ankyrin repeats (3 copies)
P00387	[265, 300]	Oxidoreductase NAD-binding domain
P13591	[253, 350]	Immunoglobulin I-set domain
P14679	[234, 290]	Common central domain of tyrosinase
P32970	[159, 175]	TNF(Tumour Necrosis Factor) family
P35125	[840, 861]	Ubiquitin carboxyl-terminal hydrolase
P35558	[16, 58]	Phosphoenolpyruvate carboxykinase N-terminal domain
Q03181	[54, 147]	Double treble clef zinc finger, C4 type
Q15438	[339, 359]	PH domain
Q3L8U1	[2560, 2614]	BRK domain
Q53H47	[60, 132]	Pre-SET motif
Q86T96	[448, 472]	Zinc finger, C3HC4 type (RING finger)
Q86Y97	[174, 249]	SET domain
Q8TAA1	[77, 187]	Pancreatic ribonuclease
Q96JH7	[38, 90]	VCIP135 N-terminal
Q96P63	[55, 87]	Serpin (serine protease inhibitor)
Q9BV36	[49, 105]	FYVE-type zinc finger
Q9H0H5	[289, 344]	Phorbol esters/diacylglycerol binding domain (C1 domain)
Q9H6B1	[194, 224]	Zinc-finger of C2H2 type
Q9HA38	[57, 104]	Zinc-finger of C2H2 type
Q9Y639	[229, 261]	Immunoglobulin I-set domain
A0A087WXM9	[200, 219]	Meiosis-specific kinetochore protein
B1AK53	[300, 341]	Ankyrin repeats (3 copies)
O14495	[162, 184]	PAP2 superfamily
O95639	[243, 268]	Zinc knuckle
P13671	[403, 446]	MAC/Perforin domain
P26012	[37, 95]	Integrin plexin domain
P36894	[44, 153]	Activin types I and II receptor domain
P43403	[56, 115]	SH2 domain
P47871	[61, 82]	Hormone receptor domain
Q15195	[31, 71]	PAN domain
Q16650	[500, 521]	T-box transcription factor-associated
Q16658	[228, 277]	Fascin domain
Q6FIF0	[144, 193]	AN1-like Zinc finger
Q92830	[134, 160]	PCAF (P300/CBP-associated factor) N-terminal domain
Q99590	[30, 54]	Ring finger domain
Q99795	[187, 230]	Immunoglobulin domain
Q9UBL3	[108, 185]	ASH2, PHD zinc finger
Q9UKY1	[100, 149]	Zinc-fingers and homeoboxes C2H2 finger domain
A8K7I4	[192, 212]	Calcium-activated chloride channel N terminal
O75417	[2284, 2308]	DNA polymerase family A
O94830	[62, 82]	WWE domain
P02751	[215, 279]	Fibronectin type I domain
P05111	[331, 365]	Transforming growth factor beta like domain
P29400	[1504, 1533]	C-terminal tandem repeated domain in type 4 procollagen
P36578	[118, 136]	Ribosomal protein L4/L1 family
P49746	[705, 721]	Thrombospondin type 3 repeat
Q15131	[309, 330]	Protein kinase domain
Q30KP9	[22, 76]	Beta defensin
Q30KQ6	[18, 67]	Beta defensin
Q6V0L0	[327, 359]	Cytochrome P450
Q6ZTA4	[299, 348]	B-box zinc finger
Q8NDV3	[1084, 1115]	RecF/RecN/SMC N terminal domain
Q8NHM5	[606, 733]	PHD-finger
Q8WYN3	[172, 284]	Cysteine/serine-rich nuclear protein N-terminus
Q92570	[288, 364]	Double treble clef zinc finger, C4 type
Q92784	[0, 66]	DPF1-3, N-terminal
Q96BJ8	[324, 349]	ELMO/CED-12 family
Q96EF9	[155, 222]	Family of unknown function (DUF5588)
Q99961	[76, 124]	BAR domain
Q9H8M7	[107, 140]	Deubiquitinating enzyme MINDY-3/4, conserved domain
Q9NR90	[189, 212]	Daz repeat
O14893	[96, 120]	Survival motor neuron (SMN) interacting protein 1 (SIP1)
O43897	[320, 366]	Astacin (Peptidase family M12A)
O75469	[31, 117]	Double treble clef zinc finger, C4 type
P0C5Y4	[0, 41]	Keratin, high sulfur B2 protein
P17010	[231, 251]	Zfx/Zfy transcription activation region
P21802	[171, 192]	Immunoglobulin I-set domain
P22607	[155, 191]	Immunoglobulin I-set domain
Q86Y13	[1147, 1200]	Ring finger domain
Q8IUK5	[280, 365]	Plexin repeat
Q8IV61	[527, 552]	Phorbol esters/diacylglycerol binding domain (C1 domain)
Q8WV44	[3, 53]	zinc finger of C3HC4-type, RING
Q96BQ3	[16, 64]	zinc finger of C3HC4-type, RING
Q96C10	[653, 677]	C-terminal domain of RIG-I
Q9H0Y0	[49, 77]	Autophagocytosis associated protein, active-site domain
Q9NWK9	[205, 262]	HIT zinc finger
Q9UMZ2	[1245, 1296]	Synergin gamma, C-terminal domain
Q9Y625	[46, 79]	Glypican
A0AAG2UUX9	[548, 601]	EGF-like domain
O75030	[398, 433]	Domain of unknown function (DUF3371)
O95867	[14, 103]	u-PAR/Ly-6 domain
P0C7V6	[172, 243]	Spt20, SEP domain
P0CG38	[713, 729]	Actin
Q06481	[185, 211]	Copper-binding of amyloid precursor, CuBD
Q562R1	[0, 60]	Actin
Q63HK5	[279, 303]	C2H2-type zinc finger
Q96C01	[18, 125]	Eukaryotic protein of unknown function (DUF842)
Q96PH6	[22, 60]	Beta defensin
Q9BQQ3	[175, 204]	GRASP55/65 PDZ-like domain
Q9H4F1	[61, 115]	Glycosyltransferase family 29 (sialyltransferase)
Q9H6P5	[141, 156]	Asparaginase
Q9NUE0	[180, 235]	DHHC palmitoyltransferase
Q9NZV6	[0, 93]	SelR domain
Q9Y2I6	[204, 245]	EF-hand domain pair
A8MXD5	[231, 289]	GRXCR1/2, C-terminal domain
O75900	[274, 297]	ShK domain-like
P18507	[400, 450]	Neurotransmitter-gated ion-channel transmembrane region
Q13219	[578, 695]	Pregnancy-associated plasma protein-A
Q13586	[41, 70]	Stromal interaction molecule 1-like, EF-hand
Q1W6H9	[202, 252]	Centrosome-associated C terminus
Q4VC39	[46, 94]	Hypoxia induced protein conserved region
Q5JRC9	[2, 83]	FAM47 family
Q5T5Y3	[1469, 1499]	Microtubule-binding calmodulin-regulated spectrin-associated
Q5W0Z9	[109, 165]	DHHC palmitoyltransferase
Q6P1L5	[467, 523]	Protein Family FAM117
Q7L5L3	[39, 102]	Glycerophosphoryl diester phosphodiesterase family
Q86YJ7	[291, 308]	ANKRD13 C-terminal
Q8IUC0	[0, 158]	PMG protein
Q8N7C3	[4, 64]	B-box zinc finger
Q8ND82	[608, 679]	POGZ-like double zinc finger
Q8TAT2	[83, 114]	FGF binding protein 1 (FGF-BP1)
Q8TD43	[987, 1005]	Ion transport protein
Q92935	[175, 213]	Exostosin GT47 domain
Q96PU8	[116, 134]	KHDC4/BBP-like, KH-domain type I
A0AAG2UXZ5	[1457, 1501]	Collagenase NC10 and Endostatin
C9JPN9	[79, 131]	Ubiquitin carboxyl-terminal hydrolase
O43592	[648, 678]	Exportin-T
O43916	[148, 180]	Sulfotransferase domain
O95389	[37, 107]	Insulin-like growth factor binding protein
P48740	[623, 647]	Trypsin
P51991	[61, 115]	RNA recognition motif
P62979	[109, 155]	Ribosomal protein S27a
P98196	[480, 509]	P-type ATPase, cytoplasmic domain N
Q14331	[151, 188]	FRG1-like domain
Q2MKA7	[32, 181]	Furin-like repeat, cysteine-rich
Q5T0T0	[71, 138]	RING-variant domain
Q6ZUT3	[286, 323]	FERM adjacent (FA)
Q8N5A5	[317, 384]	G-patch domain
Q8TAL6	[50, 75]	Fin bud initiation factor homologue
Q92478	[115, 148]	Lectin C-type domain
Q92793	[349, 440]	TAZ zinc finger
Q96A84	[28, 153]	EMI domain
Q96MA1	[0, 50]	DM DNA binding domain
Q9NY25	[149, 187]	Lectin C-type domain
Q9UBU9	[567, 596]	TAP C-terminal domain
Q9UGI0	[0, 35]	Zn-finger in Ran binding protein and others
Q9UP38	[115, 149]	Fz domain
Q9Y496	[6, 39]	Kinesin motor domain
P08572	[1690, 1711]	C-terminal tandem repeated domain in type 4 procollagen
P08575	[224, 295]	Leukocyte receptor CD45
P09228	[93, 139]	Cystatin domain
P11678	[127, 169]	Animal haem peroxidase
Q01094	[255, 276]	E2F transcription factor CC-MB domain
Q06432	[59, 97]	PMP-22/EMP/MP20/Claudin tight junction
Q14527	[752, 821]	Zinc finger, C3HC4 type (RING finger)
Q16623	[131, 162]	Syntaxin
Q32P28	[70, 106]	Leprecan family TPR-like repeat region
Q7L266	[51, 95]	Asparaginase
Q8N6K0	[7, 52]	Testis-expressed sequence 29 protein
Q8NCR6	[72, 260]	Spermatid-specific manchette-related protein 1
Q8WTW4	[334, 371]	Nitrogen permease regulator 2
Q92637	[66, 93]	Immunoglobulin domain
Q96MP5	[532, 553]	SWIM zinc finger
Q9BXW6	[153, 205]	Ankyrin repeats (3 copies)
Q9H7C9	[7, 33]	Protein of unknown function (DUF498/DUF598)
Q9NSI8	[161, 180]	Variant SH3 domain
Q9NYZ4	[211, 228]	Immunoglobulin domain
Q9NZ71	[131, 185]	DEAD_2
Q9P0U3	[586, 631]	Ulp1 protease family, C-terminal catalytic domain
Q9ULZ9	[513, 528]	Hemopexin
Q9Y3S1	[1183, 1216]	WNK CCTL2 domain
O00203	[966, 996]	AP-3 complex subunit beta-1, C-terminal domain
O76071	[317, 338]	WD domain, G-beta repeat
P09110	[119, 202]	Thiolase, N-terminal domain
P20851	[164, 213]	Sushi repeat (SCR repeat)
P29120	[355, 386]	Subtilase family
P39060	[391, 416]	Fz domain
P61371	[50, 75]	LIM domain
Q08493	[576, 593]	3'5'-cyclic nucleotide phosphodiesterase
Q30KQ7	[22, 53]	Beta defensin
Q4LDE5	[559, 575]	HYR domain
Q5QP82	[537, 558]	WD domain, G-beta repeat
Q7RTZ2	[81, 125]	Ubiquitin carboxyl-terminal hydrolase
Q7Z2W4	[64, 113]	PARP12-like CCCH zinc finger tandem
Q8IYI0	[89, 125]	Shieldin complex subunit 1, C-terminal domain
Q8WUR7	[56, 91]	Uncharacterised ACR, YggU family COG1872
Q96CJ1	[89, 118]	RNA polymerase II transcription elongation factor
Q96DX7	[174, 202]	B-box zinc finger
Q96S99	[140, 216]	FYVE zinc finger
Q9BVG3	[0, 74]	zinc finger of C3HC4-type, RING
Q9NPF7	[41, 86]	Interleukin 23 subunit alpha
Q9UJJ7	[119, 140]	RNA pseudouridylate synthase
Q9UPS6	[1727, 1762]	COMPASS (Complex proteins associated with Set1p) component N
A5A3E0	[963, 999]	Actin
D6RBM5	[79, 182]	Ubiquitin carboxyl-terminal hydrolase
G3V0H7	[405, 454]	Organic Anion Transporter Polypeptide (OATP) family
O60443	[169, 185]	Gasdermin pore forming domain
O75019	[371, 408]	Immunoglobulin domain
O75636	[76, 103]	Fibrinogen beta and gamma chains, C-terminal globular domain
P12724	[65, 150]	Pancreatic ribonuclease
P15086	[236, 278]	Zinc carboxypeptidase
P41223	[96, 143]	Pre-mRNA-splicing factor BUD31
P41586	[99, 125]	Hormone receptor domain
P48167	[389, 441]	Neurotransmitter-gated ion-channel transmembrane region
P52757	[249, 268]	Phorbol esters/diacylglycerol binding domain (C1 domain)
P55263	[128, 149]	pfkB family carbohydrate kinase
P59901	[266, 315]	Immunoglobulin domain
P60321	[54, 115]	Nanos RNA binding domain
P80294	[0, 59]	Metallothionein
Q03001	[872, 893]	SH3 domain
Q03395	[215, 240]	Tetraspanin family
Q4ZG55	[78, 103]	GREB1 N-terminal domain
Q5VTB9	[538, 565]	Zinc finger, C3HC4 type (RING finger)
Q8N4A0	[451, 472]	Ricin-type beta-trefoil lectin domain
Q96A61	[3, 54]	zinc finger of C3HC4-type, RING
Q96EP1	[467, 540]	Cysteine rich domain with multizinc binding regions
Q9BSL1	[5, 61]	UBAC1 UBL-like domain
Q9UKS6	[398, 422]	Variant SH3 domain
O14514	[906, 931]	GPCR proteolysis site, GPS, motif
O75197	[293, 339]	Coagulation Factor Xa inhibitory site
P04141	[92, 118]	Granulocyte-macrophage colony-stimulating factor
P13725	[184, 205]	LIF / OSM family
P26358	[641, 691]	CXXC zinc finger domain
P55060	[933, 949]	CAS/CSE protein, C-terminus
Q15751	[350, 409]	RCC1-like domain
Q17RY0	[665, 681]	Cytoplasmic polyadenylation element-binding protein ZZ domain
Q5VYY1	[37, 57]	Ankyrin repeats (3 copies)
Q86TG1	[29, 69]	Frag1/DRAM/Sfk1/Cwh43P N-terminal domain
Q8IUC1	[27, 162]	PMG protein
Q8N5C7	[179, 194]	DTW domain
Q8NA92	[34, 75]	THAP domain
Q8WV28	[339, 373]	SH2 domain
Q8WXH4	[284, 313]	SOCS box
Q8WZ42	[2615, 2649]	Immunoglobulin I-set domain
Q99853	[65, 120]	Forkhead domain
Q9H6T0	[545, 562]	RRM domain
Q9H6Y7	[201, 273]	Ring finger domain
Q9HCQ5	[524, 571]	Ricin-type beta-trefoil lectin domain
Q9NS62	[340, 395]	Thrombospondin type 1 domain
Q9P232	[289, 304]	Immunoglobulin domain
Q9UKK9	[108, 136]	NUDIX domain
A6NMK8	[183, 202]	FAM196 family
A6NNY8	[183, 312]	Ubiquitin carboxyl-terminal hydrolase
O14733	[271, 293]	Protein kinase domain
O15034	[877, 909]	Variant SH3 domain
O43424	[125, 140]	Receptor family ligand binding region
P17936	[32, 128]	Insulin-like growth factor binding protein
P18564	[18, 81]	Integrin plexin domain
P19878	[394, 436]	PB1 domain
P35869	[184, 212]	PAS fold
Q52LG2	[1, 168]	PMG protein
Q6PID8	[76, 100]	KLHDC2/KLHL20/DRC7 Kelch-repeats domain
Q6ZQN7	[203, 219]	Organic Anion Transporter Polypeptide (OATP) family
Q86XD8	[650, 721]	AN1-like Zinc finger
Q8N448	[15, 87]	Zinc finger, C3HC4 type (RING finger)
Q969R5	[81, 140]	Zinc finger, FCS-type
Q96CB8	[150, 221]	PHD-finger
Q96E93	[155, 194]	Lectin C-type domain
Q9H2H9	[252, 273]	Transmembrane amino acid transporter protein
Q9NQ90	[397, 425]	Calcium-activated chloride channel
Q9NSY2	[142, 159]	START domain
A0A087WSY4	[28, 48]	Immunoglobulin V-set domain
A0A7I2V3R4	[48, 92]	RING-type zinc-finger
A4D1T9	[127, 149]	Trypsin
A6NHN6	[198, 238]	Nuclear pore complex interacting protein (NPIP)
C9J6K1	[61, 88]	Domain of unknown function (DUF4732)
O00634	[156, 201]	Laminin N-terminal (Domain VI)
O43294	[371, 460]	LIM domain
O95561	[62, 106]	Domain of unknown function (DUF4548)
P07602	[19, 54]	Saposin A-type domain
P12838	[53, 96]	Mammalian defensin
P24593	[18, 115]	Insulin-like growth factor binding protein
Q02325	[31, 72]	PAN domain
Q07444	[214, 229]	Lectin C-type domain
Q1XH10	[547, 565]	Elongin BC and Polycomb repressive complex 2-associated protein
Q86SQ7	[270, 297]	Centrosomal colon cancer autoantigen protein family
Q86X67	[166, 188]	NADH pyrophosphatase zinc ribbon domain
Q8IYX3	[283, 308]	Domain of unknown function (DUF4702)
Q902F9	[268, 287]	Retro-transcribing viruses envelope glycoprotein
Q92953	[61, 83]	BTB/POZ domain
Q96RY5	[381, 443]	Cramped PI3K-like domain
Q9BRA0	[54, 124]	LSM domain
Q9H000	[322, 355]	RNA-binding, Nab2-type zinc finger
Q9NVC6	[339, 365]	Subunit 17 of Mediator complex
Q9Y397	[132, 178]	DHHC palmitoyltransferase
P04114	[201, 244]	Lipoprotein amino terminal region
P07998	[51, 155]	Pancreatic ribonuclease
P10586	[98, 221]	Immunoglobulin I-set domain
P22557	[13, 91]	5-aminolevulinate synthase presequence
P31645	[202, 220]	Sodium:neurotransmitter symporter family
P98160	[189, 243]	Low-density lipoprotein receptor domain class A
Q00839	[598, 636]	AAA domain
Q06141	[149, 173]	Lectin C-type domain
Q14532	[99, 115]	Intermediate filament protein
Q5QGT7	[133, 174]	Zinc-binding domain
Q6V0I7	[4071, 4087]	Laminin G domain
Q7Z569	[238, 317]	Ring finger domain
Q8NDH6	[97, 123]	Arfaptin-like domain
Q8WWF3	[195, 211]	Domain of unknown function (DUF4636)
Q92556	[569, 596]	Pleckstrin homology domain
Q9BSW7	[221, 247]	C2 domain
Q9NQT8	[0, 26]	Kinesin motor domain
Q9UHC9	[24, 39]	Niemann-Pick C1 N terminus
Q9UIS9	[0, 73]	Methyl-CpG binding domain
Q9UKV5	[324, 399]	Ring finger domain
Q9ULD4	[166, 183]	Enhancer of polycomb-like
O76061	[49, 104]	Stanniocalcin family
O95490	[456, 522]	Hormone receptor domain
P05129	[82, 158]	Phorbol esters/diacylglycerol binding domain (C1 domain)
P07320	[0, 43]	Beta/Gamma crystallin
P0DTE8	[143, 173]	Alpha amylase, catalytic domain
P19961	[130, 170]	Alpha amylase, catalytic domain
Q04656	[372, 405]	Heavy-metal-associated domain
Q07654	[25, 79]	Trefoil (P-type) domain
Q14332	[113, 151]	Fz domain
Q15846	[95, 136]	Clusterin
Q5HYK7	[433, 470]	Variant SH3 domain
Q6ZW31	[259, 308]	C2 domain of synapse defective Rho GAP protein
Q7Z5A9	[22, 130]	TAFA family
Q8N3H0	[34, 123]	TAFA family
Q8WWY7	[27, 81]	WAP-type (Whey Acidic Protein) 'four-disulfide core'
Q92481	[376, 397]	Transcription factor AP-2
Q96LJ8	[211, 273]	UBX domain
Q96ME1	[458, 475]	F-box/LRR-repeat protein 18, LRR
Q96NX9	[141, 165]	SKI/SNO/DAC Dachshund homology domain
Q96PM9	[66, 98]	Zinc-finger of C2H2 type
Q96RP9	[420, 437]	Elongation factor Tu domain 2
Q9H305	[131, 153]	LITAF-like zinc ribbon domain
Q9HAK2	[152, 178]	Transcription factor COE1 DNA-binding domain
Q9HCK4	[47, 63]	Immunoglobulin domain
Q9NQC1	[245, 267]	PHD-zinc-finger like domain
Q9NWF9	[500, 532]	RNF216 RING finger HC subclass domain
A8MQ27	[272, 314]	Neuralized
O96014	[126, 225]	wnt family
P16284	[464, 485]	C17orf99 Ig domain
P56704	[125, 171]	wnt family
Q06278	[35, 59]	2Fe-2S iron-sulfur cluster binding domain
Q6ZMJ2	[471, 494]	Scavenger receptor cysteine-rich domain
Q6ZVM7	[0, 27]	VHS domain
Q8IVT5	[48, 72]	Kinase suppressor RAS 1 N-terminal helical hairpin
Q8TBE0	[684, 731]	BAH domain
Q8WW18	[112, 167]	C17orf50 C-terminal zinc-binding domain
Q8WYJ6	[204, 265]	Septin
Q96PE1	[709, 725]	GPCR proteolysis site, GPS, motif
Q99571	[109, 169]	ATP P2X receptor
Q9BXS4	[34, 128]	Brain specific membrane anchored protein
Q9H4H8	[112, 148]	Scaffolding anchor of CK1 domain
Q9H974	[297, 332]	Queuine tRNA-ribosyltransferase
A0A0B4J2E0	[93, 109]	Immunoglobulin V-set domain
A0A191URJ7	[171, 203]	Immunoglobulin domain
A6NCW0	[81, 126]	Ubiquitin carboxyl-terminal hydrolase
A6NH11	[198, 217]	Glycolipid transfer protein (GLTP)
B7ZBB8	[201, 230]	Carbohydrate/starch-binding module (family 21)
O00244	[0, 20]	Heavy-metal-associated domain
O75380	[85, 106]	Zinc-finger domain
P07316	[0, 33]	Beta/Gamma crystallin
P50479	[6, 31]	PDZ domain
Q13342	[586, 601]	SAND domain
Q13733	[238, 267]	P-type ATPase actuator domain
Q17RM4	[118, 151]	CC142 N-terminal
Q5TKA1	[410, 461]	LIN9 C-terminal
Q68BL8	[484, 514]	Olfactomedin-like domain
Q8IWA5	[394, 428]	Plasma-membrane choline transporter
Q8N7E2	[111, 136]	C2H2 Hakai zinc finger domain
Q8NBK3	[318, 356]	Sulfatase-modifying factor enzyme 1-like domain
Q96F46	[31, 63]	IL17RA/B, N-terminal domain
Q9BX69	[73, 100]	Caspase recruitment domain
Q9H1J7	[127, 153]	wnt family
Q9H930	[298, 342]	SAND domain
Q9NV96	[77, 102]	LEM3 (ligand-effect modulator 3) family / CDC50 family
Q9Y4J8	[239, 302]	Zinc finger, ZZ type
A0A0G2JN68	[126, 197]	Immunoglobulin domain
O43504	[0, 44]	Ragulator complex protein LAMTOR5
O75610	[279, 340]	Transforming growth factor beta like domain
O76080	[5, 41]	A20-like zinc finger
P0DUQ2	[452, 477]	PRAME C-terminal domain
P10253	[85, 146]	Trefoil (P-type) domain
P13631	[82, 162]	Double treble clef zinc finger, C4 type
Q14390	[105, 125]	Gamma-glutamyltranspeptidase
Q66K14	[348, 363]	GRAM domain
Q6UXC1	[210, 278]	Low-density lipoprotein receptor domain class A
Q7Z4H9	[106, 126]	FAM220 family
Q8N398	[0, 31]	Vault protein inter-alpha-trypsin domain
Q96EP0	[879, 921]	IBR domain
Q9H165	[36, 79]	BCL-11A-like CCHC zinc finger
Q9H9L4	[16, 108]	KANL2-like, probable zinc-finger domain
Q9HBV2	[101, 121]	Sperm acrosome membrane-associated protein 1
H3BS89	[82, 109]	PMP-22/EMP/MP20/Claudin tight junction
O75200	[198, 231]	Nuclear pore complex interacting protein (NPIP)
P08912	[364, 395]	7 transmembrane receptor (rhodopsin family)
P42679	[436, 465]	Protein tyrosine and serine/threonine kinase
P53672	[15, 44]	Beta/Gamma crystallin
P63218	[17, 52]	GGL domain
Q1L6U9	[33, 111]	Beta-microseminoprotein (PSP-94)
Q5TDP6	[354, 385]	Glutamine synthetase, catalytic domain
Q6PEY0	[49, 64]	Connexin
Q8NFT8	[69, 132]	EGF-like domain
Q92561	[158, 185]	Phytanoyl-CoA hydroxylase-interacting protein C-terminus
Q96MM7	[252, 278]	Sulfotransferase family
Q9BVA0	[619, 636]	con80 domain of Katanin
Q9GZP0	[298, 369]	PDGF/VEGF domain
Q9H633	[47, 106]	RNAse P Rpr2/Rpp21/SNM1 subunit domain
Q9NQL9	[21, 66]	DM DNA binding domain
Q9P253	[839, 860]	VPS18 RING C-terminal domain
Q9UJ68	[183, 216]	Peptide methionine sulfoxide reductase
A1L020	[461, 519]	Zinc finger, C3HC4 type (RING finger)
A6NCK2	[16, 64]	zinc finger of C3HC4-type, RING
M0QZC1	[58, 105]	RING-type zinc-finger
O00142	[43, 63]	Deoxynucleoside kinase
O00167	[324, 364]	haloacid dehalogenase-like hydrolase
O14543	[96, 113]	SH2 domain
O43715	[0, 22]	Uncharacterised protein family (UPF0203)
O75427	[600, 634]	Calponin homology (CH) domain
P01037	[84, 140]	Cystatin domain
P06870	[204, 221]	Trypsin
P36954	[0, 56]	RNA polymerases M/15 Kd subunit
Q02246	[297, 318]	Immunoglobulin domain
Q12929	[116, 190]	Phosphotyrosine-binding domain
Q2TAZ0	[101, 145]	Autophagy-related protein 2
Q53GG5	[286, 340]	LIM domain
Q5VVJ2	[612, 640]	JAB1/Mov34/MPN/PAD-1 ubiquitin protease
Q7L4S7	[112, 187]	Armadillo-like
Q86UP0	[419, 436]	Cadherin domain
Q86YE8	[182, 198]	Zinc finger, C2H2 type
Q8NE35	[634, 650]	Cytoplasmic polyadenylation element-binding protein ZZ domain
Q8TAV5	[61, 112]	Family of unknown function (DUF5570)
Q8WWK9	[546, 561]	Cytoskeleton-associated protein 2 C-terminus
Q96P31	[434, 464]	Immunoglobulin domain
Q99928	[407, 441]	Neurotransmitter-gated ion-channel transmembrane region
Q9BQ24	[37, 95]	FYVE zinc finger
Q9GZX9	[15, 97]	Twisted gastrulation (Tsg) protein N-terminal domain
Q9H492	[7, 32]	Autophagy protein Atg8 ubiquitin like
Q9NX24	[118, 152]	Ribosomal protein L7Ae/L30e/S12e/Gadd45 family
Q9UDW3	[0, 21]	U1 zinc finger
Q9UHX3	[493, 519]	GPCR proteolysis site, GPS, motif
O75164	[828, 864]	PHD-zinc-finger like domain
O95390	[145, 162]	TGF-beta propeptide
P04626	[182, 348]	Furin-like cysteine rich region
P09874	[4, 31]	Poly(ADP-ribose) polymerase and DNA-Ligase Zn-finger region
P21333	[188, 228]	Calponin homology (CH) domain
P47985	[52, 70]	Ubiquinol-cytochrome c reductase 8 kDa, N-terminal
Q13107	[288, 338]	Ubiquitin carboxyl-terminal hydrolase
Q14847	[0, 91]	LIM domain
Q16661	[53, 111]	Guanylin precursor
Q5VTT2	[57, 99]	Protein CFAP95
Q86WI1	[2054, 2071]	IPT/TIG domain
Q86YC2	[861, 881]	Partner and localizer of BRCA2 WD40 domain
Q8N428	[443, 552]	Ricin-type beta-trefoil lectin domain
Q8N907	[138, 171]	DAN domain
Q8N9I9	[157, 196]	Zinc finger, C3HC4 type (RING finger)
Q96KN9	[167, 188]	Connexin
Q9NQS1	[152, 171]	Cell death regulator Aven
Q9NRY7	[163, 181]	Scramblase
A1L4H1	[50, 118]	Scavenger receptor cysteine-rich domain
D6R9N7	[79, 131]	Ubiquitin carboxyl-terminal hydrolase
O95125	[252, 279]	KRAB box
O95793	[509, 543]	Staufen C-terminal domain
P19957	[71, 116]	WAP-type (Whey Acidic Protein) 'four-disulfide core'
P80297	[0, 59]	Metallothionein
P80748	[89, 109]	Immunoglobulin V-set domain
Q12841	[224, 279]	Von Willebrand factor-like domain
Q13323	[45, 63]	Bcl2-interacting killer, BH3-domain containing
Q14833	[382, 397]	Receptor family ligand binding region
Q4VNC0	[156, 179]	Cation transporter/ATPase, N-terminus
Q6PCD5	[280, 341]	Ring finger domain
Q6UX41	[191, 222]	Butyrophilin subfamily 3 member A2-like, Ig-C domain
Q6ZV65	[67, 86]	FAM47 family
Q7RTX1	[344, 371]	Receptor family ligand binding region
Q86SG3	[354, 377]	Daz repeat
Q8IUH2	[125, 164]	CREG, beta-barrel
Q8IVL8	[168, 215]	Zinc carboxypeptidase
Q8IWE5	[820, 843]	PH domain
Q92626	[228, 265]	Immunoglobulin I-set domain
Q96L73	[1900, 1943]	AWS domain
Q96RU8	[232, 255]	Protein kinase domain
Q99952	[218, 234]	Protein-tyrosine phosphatase
Q9GZN8	[153, 173]	Domain of unknown function (DUF4517)
Q9Y6M7	[756, 792]	HCO3- transporter integral membrane domain
B7ZC32	[20, 43]	Kinesin motor domain
O00170	[113, 141]	AH receptor-interacting protein, N-terminal FKBP-type PPIase
O94823	[714, 733]	P-type ATPase, cytoplasmic domain N
O95925	[17, 86]	WAP-type (Whey Acidic Protein) 'four-disulfide core'
P08247	[176, 195]	Membrane-associating domain
P17948	[37, 98]	VEGFR1-3, N-terminal Ig-like domain
P35916	[46, 64]	VEGFR1-3, N-terminal Ig-like domain
P40933	[122, 139]	Interleukin 15
P41743	[117, 197]	Phorbol esters/diacylglycerol binding domain (C1 domain)
P43026	[455, 475]	Transforming growth factor beta like domain
P52948	[1461, 1486]	Nuclear protein 96
Q03164	[1156, 1210]	CXXC zinc finger domain
Q14197	[70, 102]	RF-1 domain
Q24JP5	[134, 212]	TMEM132 second Ig-like domain
Q3LI77	[30, 159]	PMG protein
Q5R387	[68, 148]	Phospholipase A2
Q6Q0C1	[138, 171]	Mitochondrial carrier protein
Q70CQ4	[125, 143]	Ubiquitin carboxyl-terminal hydrolase
Q7RTX0	[354, 375]	Receptor family ligand binding region
Q86SX3	[131, 159]	Tubulin epsilon and delta complex protein 1
Q8IWA6	[369, 385]	Domain of unknown function (DUF4698)
Q8WW22	[122, 216]	DnaJ C terminal domain
Q92485	[411, 436]	Acid sphingomyelin phosphodiesterase C-terminal region
Q96FV9	[387, 463]	THO complex subunit 1 transcription elongation factor
Q96GN5	[282, 424]	Zinc-finger domain of monoamine-oxidase A repressor R1
Q9HC16	[17, 36]	APOBEC3, cytosine deaminase domain
Q9UBL9	[118, 149]	ATP P2X receptor
Q9Y2B0	[98, 136]	TLR4 regulator and MIR-interacting MSAP
O15118	[157, 182]	Niemann-Pick C1 N terminus
O75022	[83, 142]	Immunoglobulin domain
O95235	[409, 436]	Kinesin motor domain
P06401	[527, 565]	Progesterone receptor
P10588	[47, 125]	Double treble clef zinc finger, C4 type
P10606	[82, 126]	Cytochrome c oxidase subunit Vb
P17252	[569, 596]	Protein kinase domain
P51993	[78, 94]	Fucosyltransferase, N-terminal
Q13507	[266, 287]	Transient receptor ion channel II
Q2VPA4	[245, 357]	Sushi repeat (SCR repeat)
Q52LW3	[440, 463]	GEM-interacting protein-like, FCH domain
Q6P9B6	[395, 414]	TLDc domain
Q86Y34	[220, 247]	GPCR proteolysis site, GPS, motif
Q8IYF1	[531, 607]	RNA polymerase II transcription factor SIII (Elongin) subunit A
Q92901	[265, 285]	Ribosomal protein L3
Q96GC6	[229, 258]	SCAN domain
Q99727	[30, 51]	Tissue inhibitor of metalloproteinase
Q99732	[87, 140]	LITAF-like zinc ribbon domain
Q9H3S1	[501, 545]	Plexin repeat
Q9NYG2	[116, 165]	DHHC palmitoyltransferase
Q9UBV4	[134, 165]	wnt family
Q9UM54	[352, 369]	Myosin head (motor domain)
Q9Y4D7	[554, 610]	Plexin repeat
Q9Y5F6	[739, 782]	Cadherin cytoplasmic C-terminal
A2RU30	[262, 301]	Ki-ras-induced actin-interacting protein-IP3R-interacting domain
A3QJZ7	[453, 477]	PRAME C-terminal domain
A6NNE9	[162, 211]	RING-variant domain
O43281	[27, 60]	Variant SH3 domain
O60840	[266, 310]	Ion transport protein
P01042	[323, 385]	Cystatin domain
P09326	[183, 221]	Immunoglobulin domain
P30408	[70, 87]	L6 membrane protein
P31995	[186, 204]	Immunoglobulin domain
Q13103	[93, 149]	Secreted phosphoprotein 24 (Spp-24) cystatin-like domain
Q15113	[325, 344]	UNC-6/NTR/C345C module
Q15596	[354, 385]	PAS domain
Q7Z5Y6	[366, 383]	Transforming growth factor beta like domain
Q8N423	[276, 312]	Immunoglobulin domain
Q92673	[635, 750]	Sortilin, neurotensin receptor 3, C-terminal
Q969F1	[20, 151]	TFIIIC subunit triple barrel domain
Q96GR4	[83, 136]	DHHC palmitoyltransferase
Q96JS3	[701, 729]	Transposase IS4
Q9H2K2	[658, 679]	Ankyrin repeats (3 copies)
Q9H6S3	[110, 183]	Phosphotyrosine-binding domain
O43157	[310, 394]	Sema domain
O94812	[822, 850]	MUN domain
P01857	[15, 121]	Immunoglobulin C1-set domain
P20827	[84, 106]	Ephrin
Q04756	[313, 338]	Kringle domain
Q14524	[316, 351]	Ion transport protein
Q504Y2	[295, 321]	Protein-kinase domain of FAM69
Q5BKZ1	[371, 463]	A-kinase anchoring protein 95 (AKAP95)
Q6IE81	[247, 275]	PHD-zinc-finger like domain
Q75VX8	[208, 246]	Cell-cycle sustaining, positive selection,
Q8IU80	[747, 765]	Trypsin
Q8IWZ3	[1045, 1060]	Ankyrin repeats (3 copies)
Q8IZN7	[31, 63]	Beta defensin
Q96AY4	[502, 534]	Tetratricopeptide repeat
Q96FX2	[12, 81]	CSL zinc finger
Q96M96	[549, 577]	FYVE zinc finger
Q96N76	[335, 354]	Urocanase Rossmann-like domain
Q9H3D4	[215, 231]	P53 DNA-binding domain
Q9HBW9	[382, 408]	GPCR proteolysis site, GPS, motif
Q9NQ69	[63, 82]	LIM domain
Q9NZ94	[157, 176]	Carboxylesterase family
Q9Y6F9	[118, 136]	wnt family
P01848	[37, 65]	Domain of unknown function (DUF1968)
P14616	[147, 352]	Furin-like cysteine rich region
P19022	[604, 622]	Cadherin domain
P52823	[35, 73]	Stanniocalcin family
P55265	[606, 674]	Double-stranded RNA binding motif
Q00604	[30, 132]	Cystine-knot domain
Q15329	[157, 177]	E2F transcription factor CC-MB domain
Q3MHD2	[0, 25]	LSM12, LSM domain
Q494W8	[272, 339]	Neurotransmitter-gated ion-channel transmembrane region
Q569K4	[146, 181]	Zinc-finger of C2H2 type
Q6UXB4	[271, 292]	Lectin C-type domain
Q7Z6K5	[170, 207]	Arp2/3-interacting proteins Arpin
Q8IXJ9	[1502, 1540]	PHD domain of transcriptional enhancer, Asx
Q96FN5	[29, 55]	Kinesin motor domain
Q9BUT1	[169, 190]	Enoyl-(Acyl carrier protein) reductase
Q9BY78	[369, 432]	Zinc finger, C3HC4 type (RING finger)
Q9BZM2	[40, 153]	Phospholipase A2
Q9C0A1	[810, 847]	Zinc finger homeobox protein 3-like, C2H2 type zinc-finger
Q9UBQ7	[308, 323]	D-isomer specific 2-hydroxyacid dehydrogenase, catalytic domain
Q9UGT4	[305, 377]	AMOP domain
Q9UPZ6	[88, 119]	Thrombospondin type 1 domain
Q9Y2E6	[399, 431]	Zinc finger, C3HC4 type (RING finger)
A0A1W2PQC6	[110, 146]	Ssu72-like protein
B8ZZ34	[55, 112]	Shisa, N-terminal domain
O43462	[336, 394]	Peptidase family M50
P01706	[87, 118]	Immunoglobulin V-set domain
P11473	[6, 100]	Double treble clef zinc finger, C4 type
P14314	[19, 131]	Glucosidase II beta subunit-like
P35228	[974, 999]	Oxidoreductase NAD-binding domain
P50876	[98, 213]	IBR domain, a half RING-finger domain
P55899	[260, 292]	Immunoglobulin C1-set domain
Q02779	[37, 59]	Variant SH3 domain
Q12766	[728, 769]	CxC4 like cysteine cluster associated with KDZ transposases
Q12840	[286, 334]	Kinesin motor domain
Q14C87	[224, 239]	TMEM132 second Ig-like domain
Q6AI12	[289, 304]	ANKRD40 ubiquitin-like domain
Q6L8Q7	[588, 607]	Endonuclease/Exonuclease/phosphatase family
Q86WS4	[335, 362]	Regulator of DNA class I crossover intermediates 1-like
Q8IWA0	[191, 215]	WD repeat-containing protein 75 first beta-propeller
Q96CV9	[540, 576]	C2H2 type zinc-finger
Q96GD3	[351, 386]	SLED domain
Q9BYR9	[0, 41]	Keratin, high sulfur B2 protein
Q9HB19	[191, 214]	PH domain
Q9HCG7	[378, 398]	beta-glucosidase 2, glycosyl-hydrolase family 116 N-term
Q9HD43	[226, 255]	Fibronectin type III domain
Q9NRP7	[1185, 1201]	HEAT repeats
Q9UIL4	[257, 289]	Kinesin motor domain
Q9UNA1	[301, 337]	PH domain
Q9Y2H6	[676, 780]	Fibronectin type III domain
Q9Y613	[11, 60]	Formin N-terminal GBD
A6NIE9	[237, 266]	Trypsin
O75718	[79, 135]	Leprecan family TPR-like repeat region
P07477	[125, 231]	Trypsin
P20933	[47, 84]	Asparaginase
P36383	[43, 62]	Connexin
P40763	[412, 427]	STAT protein, DNA binding domain
P60323	[49, 121]	Nanos RNA binding domain
Q06187	[148, 173]	BTK motif
Q13797	[602, 628]	Integrin alpha Ig-like domain 1
Q14943	[86, 105]	Immunoglobulin domain
Q53TQ3	[0, 94]	KANL2-like, probable zinc-finger domain
Q5T8A7	[13, 47]	Protein phosphatase 1 regulatory subunit 26 N-terminus
Q6ZTI6	[114, 136]	FAM101 family
Q7Z2E3	[53, 71]	FHA domain
Q86UR5	[97, 167]	RIM2-alpha zinc finger
Q8IY81	[276, 296]	Ribosomal RNA methyltransferase Spb1, DUF3381
Q8WTX9	[127, 169]	DHHC palmitoyltransferase
Q96CW1	[219, 250]	Adaptor complexes medium subunit family
Q96K49	[120, 152]	TMEM87A/B, GOLD domain
Q9H089	[404, 425]	50S ribosome-binding GTPase
Q9HCE5	[270, 289]	MT-A70
Q9HD89	[50, 107]	Resistin
Q9NYF3	[5, 70]	Family of FAM53
Q9P281	[1975, 2042]	BAHCC1-like, Tudor domain
Q9UGM1	[392, 430]	Neurotransmitter-gated ion-channel transmembrane region
Q9UGP4	[455, 496]	LIM domain
O00468	[1331, 1377]	EGF-like domain
O75821	[144, 189]	Eukaryotic translation initiation factor 3 subunit G
P31943	[270, 286]	RNPHF zinc finger
P55268	[36, 113]	Laminin N-terminal (Domain VI)
P60002	[17, 82]	Transcription elongation factor Elf1 like
P62699	[0, 29]	Yippee zinc-binding/DNA-binding /Mis18, centromere assembly
Q86UP6	[496, 526]	ZP-C domain
Q8IUC8	[534, 555]	Ricin-type beta-trefoil lectin domain
Q8N4T0	[261, 300]	Zinc carboxypeptidase
Q8N556	[168, 224]	PH domain
Q8N5S3	[134, 159]	Ciliary microtubule inner protein 6
Q8NBA8	[62, 86]	DTW domain
Q969V5	[290, 351]	Zinc finger, C3HC4 type (RING finger)
Q96FC7	[352, 375]	Phytanoyl-CoA hydroxylase-interacting protein C-terminus
Q96IU2	[66, 96]	BED zinc finger
Q96KN3	[72, 125]	TALE/MEIS homeobox family N-terminal domain
Q96M86	[4507, 4536]	Dynein heavy chain C-terminal domain
Q96MS0	[77, 103]	Immunoglobulin domain
Q99572	[116, 177]	ATP P2X receptor
Q9P0G3	[123, 240]	Trypsin
Q9P0T7	[17, 90]	TMEM9
A0A0G2JN01	[259, 322]	Immunoglobulin domain
O75448	[356, 385]	Mediator complex subunit 24 N-terminal
O94760	[67, 92]	N,N dimethylarginine dimethylhydrolase, eukaryotic
P00742	[407, 425]	Trypsin
P02675	[98, 118]	Fibrinogen alpha/beta chain family
P11717	[526, 555]	Cation-independent mannose-6-phosphate receptor repeat
P15172	[35, 56]	Myogenic Basic domain
P29376	[162, 192]	ALK/LTK, Glycine-rich domain
P29460	[156, 210]	Cytokine interleukin-12p40 C-terminus
P49792	[1537, 1570]	Zn-finger in Ran binding protein and others
P50150	[15, 64]	GGL domain
P50452	[299, 373]	Serpin (serine protease inhibitor)
P51826	[1007, 1023]	AFF4, C-terminal homology domain
Q32MQ0	[18, 63]	Zinc-finger
Q3BBV0	[841, 866]	Olduvai domain
Q6UWN8	[24, 79]	Kazal-type serine protease inhibitor domain
Q8N114	[25, 74]	Shisa, N-terminal domain
Q8NEP7	[119, 154]	KLHDC2/KLHL20/DRC7 Kelch-repeats domain
Q8TAD2	[105, 120]	Interleukin-17
Q96CW9	[48, 96]	Laminin N-terminal (Domain VI)
Q96PE3	[543, 630]	INPP4A four helix bundle domain
Q9H7T0	[894, 951]	CATSPERB, C-terminal domain
Q9NZL9	[264, 314]	RmlD substrate binding domain
Q9UIG0	[932, 950]	Williams-Beuren syndrome DDT (WSD), D-TOX E motif
Q9UN66	[733, 775]	Cadherin cytoplasmic C-terminal
Q9UQ49	[237, 294]	BNR repeat-like domain
Q9Y6N7	[76, 104]	Immunoglobulin domain
O14802	[60, 82]	RNA polymerase Rpb1, domain 1
O60513	[73, 95]	N-terminal region of glycosyl transferase group 7
P08582	[24, 44]	Transferrin
P08603	[622, 658]	Sushi repeat (SCR repeat)
P41180	[540, 604]	Nine Cysteines Domain of family 3 GPCR
P49023	[342, 401]	LIM domain
P60608	[482, 511]	ENV polyprotein (coat polyprotein)
Q12959	[719, 764]	Guanylate kinase
Q53R12	[113, 150]	L6 membrane protein
Q6PJG9	[301, 340]	Immunoglobulin I-set domain
Q6R2W3	[594, 663]	SCAN domain-containing protein 3-like zinc finger
Q8IZJ6	[170, 214]	NAD dependent epimerase/dehydratase family
Q8N344	[196, 216]	ELM2 domain
Q8WXA3	[535, 605]	FYVE zinc finger
Q8WZ33	[96, 123]	Tektin family
Q92753	[6, 95]	Double treble clef zinc finger, C4 type
Q9H175	[105, 123]	Cysteine/serine-rich nuclear protein N-terminus
Q9UI26	[884, 905]	Importin-11-like, TPR repeats
Q9UIM3	[217, 242]	Tetratricopeptide repeat
Q9ULB1	[658, 713]	EGF-like domain
A6ND01	[150, 217]	Folate receptor family
O60488	[344, 365]	AMP-binding enzyme
P02771	[103, 154]	Serum albumin family
P06127	[60, 136]	Scavenger receptor cysteine-rich domain
P36382	[44, 63]	Connexin
P53621	[1159, 1223]	Coatomer (COPI) alpha subunit C-terminus
P54289	[969, 999]	Neuronal voltage-dependent calcium channel alpha 2acd
P60008	[109, 124]	linker histone H1 and H5 family
Q14592	[461, 502]	Zinc finger, C2H2 type
Q29980	[103, 119]	Class I Histocompatibility antigen, domains alpha 1 and 2
Q2KHM9	[37, 97]	Protein moonraker
Q3MJ13	[1024, 1046]	WDR72, alpha-solenoid domain
Q49A88	[313, 349]	Coiled-coil domain-containing protein 14
Q5HY64	[28, 86]	FAM47 family
Q6DKI7	[115, 148]	Transmembrane protein PVRIG, immunoglobulin-like domain
Q7Z5A8	[35, 131]	TAFA family
Q8IX18	[630, 656]	Oligonucleotide/oligosaccharide-binding (OB)-fold
Q8TAL5	[1, 26]	Domain of unknown function (DUF4647)
Q99466	[1630, 1680]	Ankyrin repeats (3 copies)
Q9BYJ4	[0, 68]	zinc finger of C3HC4-type, RING
Q9H5F2	[0, 30]	Cilia- and flagella-associated protein 68
Q9HCK5	[264, 337]	PAZ domain
Q9P1W9	[254, 289]	Protein kinase domain
Q9UBG0	[472, 528]	Lectin C-type domain
A0A1B0GX95	[99, 114]	Immunoglobulin V-set domain
A0A1W2PQF6	[108, 149]	Immunoglobulin domain
H3BQJ8	[17, 57]	u-PAR/Ly-6 domain
O43396	[124, 153]	PITH domain
O94955	[139, 157]	Ras family
O95789	[285, 335]	Zinc finger MYM-type protein 4-like, TRASH domain
P01880	[51, 97]	Immunoglobulin C1-set domain
P02689	[105, 131]	Lipocalin / cytosolic fatty-acid binding protein family
P08519	[18, 111]	Kringle domain
P12544	[193, 252]	Trypsin
P21757	[429, 450]	Scavenger receptor cysteine-rich domain
P51168	[389, 456]	Amiloride-sensitive sodium channel
P83731	[0, 49]	Ribosomal protein L24e
Q02747	[69, 114]	Guanylin precursor
Q16827	[764, 787]	Fibronectin type III domain
Q2MJR0	[292, 406]	Sprouty protein (Spry)
Q6NSI4	[146, 169]	RPA-related protein RADX
Q6PCT2	[35, 150]	PHD-finger
Q6PJ69	[2, 65]	Zinc finger, C3HC4 type (RING finger)
Q6UXB1	[22, 108]	Insulin growth factor-like family
Q86UG4	[485, 549]	Kazal-type serine protease inhibitor domain
Q99496	[45, 116]	Zinc finger, C3HC4 type (RING finger)
Q9HD47	[0, 34]	Ran-interacting Mog1 protein
Q9NS56	[98, 165]	Zinc finger, C3HC4 type (RING finger)
Q9NSE4	[365, 380]	tRNA synthetases class I (I, L, M and V)
Q9NZC2	[26, 55]	Immunoglobulin V-set domain
Q9P2A4	[305, 365]	Variant SH3 domain
Q9UKW4	[545, 572]	Phorbol esters/diacylglycerol binding domain (C1 domain)
Q9Y2I8	[452, 477]	WD domain, G-beta repeat
Q9Y653	[117, 140]	PTX/LNS-Like (PLL) domain
O75146	[703, 726]	HIP1R domain
O75592	[699, 720]	Regulator of chromosome condensation (RCC1) repeat
P0C091	[200, 237]	Frem protein N-terminal domain
P12757	[244, 319]	c-SKI Smad4 binding domain
P28907	[264, 299]	ADP-ribosyl cyclase
P35609	[864, 889]	Ca2+ insensitive EF hand
P43626	[175, 209]	Immunoglobulin domain
P45974	[638, 658]	Ubiquitin carboxyl-terminal hydrolase
P51843	[93, 120]	Nuclear receptor repeat
P58417	[201, 218]	Neurexophilin
P59510	[684, 712]	ADAMTS cysteine-rich domain
Q14435	[603, 625]	Ricin-type beta-trefoil lectin domain
Q15154	[1697, 1725]	Pericentriolar material 1 C terminus
Q15181	[102, 124]	Inorganic pyrophosphatase
Q15828	[108, 125]	Cystatin domain
Q5TAG4	[901, 950]	Olduvai domain
Q6V1P9	[294, 323]	Cadherin domain
Q6WRI0	[2593, 2610]	Immunoglobulin domain
Q6ZUL3	[168, 200]	Family of unknown function (DUF5553)
Q70EL4	[227, 268]	Ubiquitin carboxyl-terminal hydrolase
Q86T90	[403, 418]	Uncharacterised protein KIAA1328
Q8IYM0	[156, 172]	FAM186A/B, N-terminal
Q93083	[0, 59]	Metallothionein
Q96LB8	[189, 219]	N-acetylmuramoyl-L-alanine amidase
Q96PU4	[313, 401]	PHD-finger
Q9BTC8	[369, 417]	GATA zinc finger
Q9BXY0	[0, 60]	Ribosomal L28e protein family
Q9H3T2	[361, 383]	Sema domain
Q9NZI6	[180, 219]	CP2 transcription factor
O14647	[403, 474]	Chromo (CHRromatin Organisation MOdifier) domain
O15350	[178, 200]	P53 DNA-binding domain
O43657	[141, 196]	Tetraspanin family
P01023	[277, 292]	Macroglobulin domain MG3
P04746	[132, 171]	Alpha amylase, catalytic domain
P05060	[33, 56]	Granin (chromogranin or secretogranin)
P12814	[870, 891]	Ca2+ insensitive EF hand
P13987	[15, 49]	CD59 glycoprotein
P34931	[600, 625]	Hsp70 protein
P54760	[337, 383]	Fibronectin type III domain
P58012	[110, 146]	Forkhead domain
Q2TB10	[347, 378]	zinc-finger C2H2-type
Q5SRR4	[74, 149]	u-PAR/Ly-6 domain
Q6PIF6	[1761, 1795]	MyTH4 domain
Q8IWT6	[53, 79]	Pannexin-like TM region of LRRC8
Q8NG35	[29, 77]	Beta defensin
Q8TAT6	[112, 151]	NPL4 family, putative zinc binding region
Q8WW32	[92, 113]	HMG (high mobility group) box
Q9BXB5	[508, 530]	Oxysterol-binding protein
Q9H2H0	[139, 183]	CXXC zinc finger domain
Q9UFC0	[269, 321]	Leucine-rich repeat and WD repeat-containing protein 1, WD domain
Q9UJT1	[16, 50]	Tubulin/FtsZ family, GTPase domain
Q9Y3S2	[30, 214]	NOA36 protein
O43491	[213, 240]	FERM N-terminal domain
O94972	[78, 107]	B-box zinc finger
P17643	[250, 369]	Common central domain of tyrosinase
P40199	[279, 316]	Immunoglobulin domain
P41161	[320, 359]	PEA3 subfamily ETS-domain transcription factor N terminal domain
P52429	[51, 110]	Phorbol esters/diacylglycerol binding domain (C1 domain)
Q13467	[90, 156]	Fz domain
Q13936	[294, 342]	Ion transport protein
Q495X7	[0, 77]	zinc finger of C3HC4-type, RING
Q53SZ7	[245, 271]	Domain of unknown function (DUF4679)
Q5JX69	[148, 170]	FAM209 family
Q86Y78	[46, 136]	Ly6/PLAUR domain-containing protein 6, Lypd6
Q8N2M8	[44, 65]	Alternative splicing regulator
Q8N4N3	[578, 594]	KLHDC2/KLHL20/DRC7 Kelch-repeats domain
Q8NBV8	[128, 168]	C2 domain
Q8NCV1	[141, 201]	Double-stranded RNA binding motif
Q8NET5	[91, 108]	NFAM1 immunoglobin domain
Q8NGI1	[180, 199]	Olfactory receptor
Q8TCT0	[331, 365]	Ceramide kinase C-terminal domain
Q96GA3	[337, 366]	Low temperature viability protein
Q96IF1	[329, 373]	LIM domain
Q9BY76	[176, 198]	Fibrinogen beta and gamma chains, C-terminal globular domain
Q9H6R7	[221, 239]	WD repeat and coiled-coil-containing protein family
A6NIR3	[462, 488]	Putative GTPase activating protein for Arf
O15067	[484, 531]	AIR synthase related protein, C-terminal domain
P02549	[955, 977]	Spectrin repeat
P08514	[854, 882]	Integrin alpha Ig-like domain 3
P35573	[1224, 1275]	Amylo-alpha-1,6-glucosidase
P39905	[165, 190]	Transforming growth factor beta like domain
P78509	[2129, 2173]	EGF-like domain
Q0P6D2	[313, 338]	Protein-kinase domain of FAM69
Q6N022	[58, 82]	Teneurin Intracellular Region
Q6UX73	[164, 184]	Domain of unknown function (DUF4735)
Q6ZQQ2	[107, 152]	Domain of unknown function (DUF4599)
Q8WU49	[10, 36]	Family of unknown function (DUF5548)
Q9H6U6	[142, 158]	BCAS3, WD40 repeat
Q9HDC5	[16, 34]	MORN repeat
Q9NNX6	[340, 388]	Lectin C-type domain
Q9NPD3	[50, 97]	3' exoribonuclease family, domain 1
Q9UBR2	[76, 178]	Papain family cysteine protease
Q9UN37	[347, 434]	Vps4 C terminal oligomerisation domain
Q9Y6D6	[71, 87]	Mon2/Sec7/BIG1-like, dimerisation and cyclophilin-binding domain
A0A075B6K4	[80, 106]	Immunoglobulin V-set domain
A0A0G2JNF4	[168, 207]	Immunoglobulin domain
A2RRP1	[1137, 1173]	Secretory pathway protein Sec39
A6NIX2	[381, 424]	LIM domain
O15090	[624, 654]	Zinc finger, C2H2 type
O60220	[39, 75]	Tim10/DDP family zinc finger
O75096	[1000, 1037]	Coagulation Factor Xa inhibitory site
P00746	[170, 247]	Trypsin
P49815	[639, 654]	Tuberin
P51530	[226, 260]	DNA replication factor Dna2
Q13228	[71, 91]	56kDa selenium binding protein (SBP56)
Q13361	[69, 92]	Microfibril-associated glycoprotein (MAGP)
Q2M2H8	[51, 72]	Trefoil (P-type) domain
Q5T197	[627, 692]	E3 ubiquitin-protein ligase DCST1-like, C-terminal RING domain
Q7RTV0	[0, 109]	PHF5-like protein
Q8IVF5	[1461, 1479]	Tiam1 second PH domain-like
Q8IYP9	[256, 290]	DHHC palmitoyltransferase
Q8NHV1	[159, 177]	AIG1 family
Q92831	[91, 122]	PCAF (P300/CBP-associated factor) N-terminal domain
Q96IQ9	[108, 202]	C2H2-type zinc ribbon
Q96M02	[160, 225]	Centrosomal C10orf90
Q9C091	[112, 128]	GREB1 N-terminal domain
Q9UDT6	[125, 143]	CAP-Gly domain
Q9Y624	[140, 157]	Immunoglobulin domain
A2A3N6	[505, 536]	von Willebrand factor type A domain
A6NJB7	[142, 190]	Proline-rich 19
B4DS77	[103, 122]	Shisa, N-terminal domain
O75879	[309, 343]	GatB/GatE catalytic domain
O95696	[138, 174]	Enhancer of polycomb-like
P04637	[100, 116]	P53 DNA-binding domain
P05019	[68, 118]	Insulin/IGF/Relaxin family
P05164	[264, 356]	Animal haem peroxidase
P27540	[233, 291]	PAS fold
P55160	[580, 596]	Nck-associated protein 1
Q05086	[37, 66]	Amino-terminal Zinc-binding domain of ubiquitin ligase E3A
Q14643	[0, 62]	Inositol 1,4,5-trisphosphate/ryanodine receptor
Q16820	[267, 312]	MAM domain, meprin/A5/mu
Q3LI76	[4, 132]	PMG protein
Q5T6X5	[511, 588]	Nine Cysteines Domain of family 3 GPCR
Q6PGQ1	[0, 23]	Aspartate-rich protein 1-like
Q86UD1	[197, 272]	Out at first, C-terminal
Q8TAP4	[4, 23]	LIM domain
Q9Y6F7	[24, 69]	Chromo (CHRromatin Organisation MOdifier) domain
A8MYJ7	[492, 519]	Tetratricopeptide repeat
O43653	[0, 107]	Snake toxin and toxin-like protein
P35443	[704, 723]	Thrombospondin type 3 repeat
P84022	[111, 134]	MH1 domain
Q00994	[94, 110]	Brain expressed X-linked like family
Q14CW9	[78, 117]	Sgf11 (transcriptional regulation protein)
Q32NC0	[88, 115]	Ribonuclease MRP subunit P24-like
Q3ZCN5	[982, 999]	von Willebrand factor type D domain
Q5GFL6	[286, 324]	EGF-like domain
Q5VVQ6	[317, 344]	Ubiquitin thioesterase OTU1, C-terminal C2H2-type zinc finger
Q63HN8	[3986, 4014]	Zinc finger, C3HC4 type (RING finger)
Q6UXB3	[13, 124]	Snake toxin and toxin-like protein
Q8N5R6	[167, 197]	Ccdc33 N-terminal domain
Q96N21	[331, 351]	Tepsin VHS/ENTH-like domain
Q9H6S0	[84, 123]	R3H domain
Q9NZH4	[24, 46]	Securin sister-chromatid separation inhibitor
Q9UGM3	[176, 211]	Scavenger receptor cysteine-rich domain
O60809	[452, 473]	PRAME C-terminal domain
O75077	[725, 779]	EGF-like domain
O76075	[11, 56]	CIDE-N domain
O76076	[193, 234]	CCN3 Nov like TSP1 domain
O96008	[70, 91]	Eukaryotic porin
P10746	[239, 264]	Uroporphyrinogen-III synthase HemD
P16144	[20, 95]	Integrin plexin domain
P18621	[49, 78]	Ribosomal protein L22p/L17e
P78356	[317, 332]	Phosphatidylinositol-4-phosphate 5-Kinase
Q3LI81	[27, 114]	PMG protein
Q5XLA6	[58, 87]	Caspase recruitment domain
Q6ZRC1	[1412, 1437]	Protein of unknown function (DUF4527)
Q70CQ1	[317, 345]	Ubiquitin carboxyl-terminal hydrolase
Q86YB8	[82, 145]	Endoplasmic Reticulum Oxidoreductin 1 (ERO1)
Q8N614	[89, 205]	TMEM156 protein family
Q8TB03	[62, 82]	Domain of unknown function (DUF4559)
Q8TBB0	[0, 24]	THAP domain
Q8TE23	[341, 371]	Receptor family ligand binding region
Q969S3	[245, 268]	C2H2 type zinc-finger (2 copies)
Q96B86	[32, 118]	Repulsive guidance molecule (RGM) N-terminal domain
Q9HCX4	[197, 212]	Transient receptor ion channel II
Q9P2K5	[564, 582]	RNA recognition motif
Q9Y5J9	[30, 74]	Tim10/DDP family zinc finger
A0A1B0GTU1	[0, 30]	Zinc-finger containing family
O15091	[340, 361]	Protein-only RNase P
O75976	[1128, 1158]	Zinc carboxypeptidase
P01189	[17, 58]	Pro-opiomelanocortin, N-terminal region
P04808	[153, 184]	Insulin/IGF/Relaxin family
P30203	[41, 97]	Scavenger receptor cysteine-rich domain
Q14031	[1611, 1632]	C-terminal tandem repeated domain in type 4 procollagen
Q502W6	[1140, 1160]	Domain of unknown function (DUF4537)
Q5T5X7	[801, 822]	BEN domain
Q5VTM2	[506, 541]	Putative GTPase activating protein for Arf
Q6WN34	[240, 349]	von Willebrand factor type C domain
Q7LFL8	[244, 308]	CXXC zinc finger domain
Q86TG7	[86, 101]	Domain of unknown function (DUF4939)
Q86U28	[131, 153]	Iron-sulphur cluster biosynthesis
Q8N144	[102, 131]	Connexin
Q8N2Y8	[1445, 1463]	Variant SH3 domain
Q8NG41	[85, 122]	Neuropeptides B and W
Q9H3L0	[57, 124]	Methylmalonic aciduria and homocystinuria type D protein
Q9HAT8	[321, 348]	Pellino, RING domain
Q9NR48	[2084, 2139]	AWS domain
Q9NR83	[355, 386]	Zinc finger protein 704 C-terminal domain
Q9NVS2	[100, 129]	Ribosomal protein S18
Q9P273	[61, 92]	Teneurin Intracellular Region
Q9Y5G2	[726, 800]	Cadherin cytoplasmic C-terminal
A0A0B4J275	[94, 111]	Immunoglobulin V-set domain
O14827	[63, 87]	PH domain
P0C869	[163, 193]	Cytosolic phospholipases A2 C2-domain
P0CG39	[657, 728]	Actin
Q01469	[35, 114]	Lipocalin / cytosolic fatty-acid binding protein family
Q14147	[815, 873]	Oligonucleotide/oligosaccharide-binding (OB)-fold
Q14161	[13, 51]	Putative GTPase activating protein for Arf
Q15003	[215, 272]	Condensin complex subunit 2
Q5YKI7	[87, 102]	Ubiquitin-like domain
Q6FHJ7	[94, 145]	Fz domain
Q6GQQ9	[799, 842]	A20-like zinc finger
Q71UM5	[33, 78]	Ribosomal protein S27
Q7Z5H5	[258, 292]	Vomeronasal organ pheromone receptor family, V1R
Q86SE9	[0, 71]	Zinc finger, C3HC4 type (RING finger)
Q8WVD3	[152, 235]	Drought induced 19 protein (Di19), zinc-binding
Q8WWY8	[274, 294]	Lipase
Q99567	[383, 408]	Nuclear pore component
Q9BY12	[786, 816]	Zinc-finger of C2H2 type
Q9BYX7	[0, 35]	Actin
Q9H9V4	[85, 103]	Ring finger domain
Q9NZ09	[376, 400]	UBA-like domain
Q9P2E7	[741, 764]	Cadherin cytoplasmic C-terminal
Q9UJQ4	[370, 400]	Zinc finger, C2H2 type
Q9UPT9	[279, 344]	Ubiquitin carboxyl-terminal hydrolase
B9A064	[181, 197]	Immunoglobulin C1-set domain
O15492	[122, 178]	Regulator of G protein signaling domain
O75084	[119, 159]	Fz domain
O95989	[3, 81]	NUDIX domain
P0CG22	[251, 269]	Enoyl-(Acyl carrier protein) reductase
P17097	[654, 684]	Zinc finger, C2H2 type
P51575	[106, 164]	ATP P2X receptor
P62987	[85, 115]	Ribosomal L40e family
Q30KQ1	[31, 60]	Beta defensin
Q53FE4	[12, 83]	SPATIAL
Q6UX52	[152, 208]	C17orf99 Ig domain
Q8IUH8	[118, 138]	PA domain
Q8N4C9	[117, 133]	Domain of unknown function (DUF4711)
Q8NFY4	[348, 378]	Sema domain
Q8NG11	[159, 202]	Tetraspanin family
Q8NHP8	[488, 508]	Phospholipase B
Q8NHY3	[84, 115]	Calponin homology (CH) domain
Q8TF30	[158, 181]	N-terminal of Junction-mediating and WASP homolog-associated
Q96BH3	[112, 173]	Fibronectin type II domain
Q9BZ76	[546, 604]	EGF-like domain
Q9H0J4	[1414, 1435]	Domain of unknown function (DUF4795)
Q9H992	[532, 614]	RING-variant domain
Q9HBX9	[12, 71]	Low-density lipoprotein receptor domain class A
Q9HD90	[149, 211]	Neuronal helix-loop-helix transcription factor
Q9NV58	[222, 273]	IBR domain, a half RING-finger domain
H3BNL1	[52, 75]	Domain of unknown function with conserved HDNR motif
O15409	[339, 374]	FOXP coiled-coil domain
P32456	[386, 419]	Guanylate-binding protein, C-terminal domain
P41221	[154, 170]	wnt family
Q01523	[51, 93]	Mammalian defensin
Q01668	[303, 343]	Ion transport protein
Q11201	[132, 159]	Glycosyltransferase family 29 (sialyltransferase)
Q14DG7	[340, 360]	TMEM132 cohesin-like domain
Q5CZC0	[6540, 6569]	Fibrous sheath-interacting protein 2
Q5JXC2	[189, 269]	Migration and invasion-inhibitory
Q6UXX9	[13, 205]	Furin-like repeat, cysteine-rich
Q8NDM7	[883, 910]	Cfap43 coiled coil
Q8WV15	[142, 171]	FAM70 protein
Q96JM7	[527, 544]	mbt repeat
Q9BZB8	[0, 48]	Cytoplasmic polyadenylation element-binding protein 1 N-terminus
Q9HCB6	[752, 806]	Thrombospondin type 1 domain
Q9NWV4	[53, 112]	CXXC motif containing zinc binding protein, eukaryotic
Q9UH73	[156, 179]	Transcription factor COE1 DNA-binding domain
Q9UN67	[727, 762]	Cadherin cytoplasmic C-terminal
O60663	[9, 115]	LIM domain
O95803	[814, 831]	Sulfotransferase domain
P21810	[45, 89]	Leucine rich repeat N-terminal domain
P23276	[700, 731]	Peptidase family M13
Q02388	[2873, 2935]	Kunitz/Bovine pancreatic trypsin inhibitor domain
Q06455	[500, 555]	MYND finger
Q6IC83	[0, 38]	Aspartate-rich protein 1-like
Q75QN2	[226, 252]	Integrator complex subunit 8, TPR repeats
Q7Z570	[409, 473]	ZNF804A small beta sheet domain
Q99501	[262, 278]	Growth-Arrest-Specific Protein 2 Domain
Q9HBZ2	[205, 268]	PAS fold
Q9P0U4	[23, 50]	PHD-finger
Q9Y6K1	[484, 553]	DNMT3, cysteine rich ADD domain, GATA1-like zinc finger
A0A376A8Z9	[136, 173]	Immunoglobulin domain
A0AAG2UXD8	[843, 866]	Olduvai domain
O75487	[34, 85]	Glypican
P04732	[0, 59]	Metallothionein
P07858	[133, 224]	Papain family cysteine protease
P09496	[204, 247]	Clathrin light chain
P10523	[144, 165]	Arrestin (or S-antigen), N-terminal domain
P15498	[536, 585]	Phorbol esters/diacylglycerol binding domain (C1 domain)
P29322	[348, 382]	Fibronectin type III domain
P61565	[270, 286]	Retro-transcribing viruses envelope glycoprotein
Q01415	[382, 415]	GHMP kinases C terminal
Q13489	[70, 104]	Inhibitor of Apoptosis domain
Q14714	[151, 178]	CD20-like family
Q3LHN0	[0, 69]	PMG protein
Q6ZUJ4	[194, 227]	Domain of unknown function (DUF4712)
Q76LX8	[719, 809]	Thrombospondin type 1 domain
Q7Z6G8	[1080, 1096]	Phosphotyrosine interaction domain (PTB/PID)
Q8N5K1	[75, 134]	Iron-binding zinc finger CDGSH type
Q96T23	[890, 955]	PHD-finger
Q9H9B1	[512, 638]	Histone-lysine N-methyltransferase EHMT1/EHMT2, Cys-rich region
Q9NX65	[314, 340]	Myb/SANT-like DNA-binding domain
Q9UKT4	[363, 440]	IBR domain
Q9Y2J2	[102, 126]	FERM N-terminal domain
Q9Y493	[25, 61]	MAM domain, meprin/A5/mu
P04150	[268, 329]	Glucocorticoid receptor
P0C6S8	[433, 489]	Immunoglobulin I-set domain
P46100	[158, 242]	Cysteine Rich ADD domain
P78562	[697, 748]	Peptidase family M13
P79522	[158, 186]	Zinc finger C-x8-C-x5-C-x3-H type (and similar)
Q03591	[292, 329]	Sushi repeat (SCR repeat)
Q06210	[471, 486]	SIS domain
Q12952	[108, 137]	Forkhead domain
Q13683	[659, 676]	Integrin alpha Ig-like domain 1
Q14202	[579, 610]	MYM-type Zinc finger with FCS sequence motif
Q6H9L7	[318, 529]	AMOP domain
Q6ZV73	[1216, 1288]	FYVE zinc finger
Q7L513	[176, 254]	Immunoglobulin domain
Q86SH2	[354, 423]	Zinc-binding domain
Q96KM6	[502, 562]	Zinc finger protein 512, C2HC zinc finger
Q9BQ08	[50, 110]	Resistin
Q9H972	[0, 43]	Domain of unknown function (DUF4616)
Q9NXC5	[728, 872]	Zinc-ribbon like family
Q9NY30	[49, 76]	BTG family
Q9UIK5	[156, 224]	Kazal-type serine protease inhibitor domain
Q9UNI1	[193, 243]	Trypsin
O14524	[363, 389]	NEMP family
O15018	[2783, 2799]	PDZ domain
O60858	[0, 69]	RING-type zinc-finger
O75446	[89, 108]	SAP30 zinc-finger
P0DPF3	[637, 671]	Olduvai domain
P12314	[66, 93]	Immunoglobulin domain
P14207	[20, 163]	Folate receptor family
P24468	[73, 147]	Double treble clef zinc finger, C4 type
P29466	[53, 97]	Caspase recruitment domain
P33176	[154, 195]	Kinesin motor domain
P42575	[355, 370]	Caspase domain
P55209	[263, 282]	Nucleosome assembly protein (NAP)
Q14683	[1096, 1118]	RecF/RecN/SMC N terminal domain
Q5JSL3	[1865, 1920]	DHR-2, Lobe B
Q86SQ3	[142, 170]	GPCR proteolysis site, GPS, motif
Q8N1C3	[393, 440]	Neurotransmitter-gated ion-channel transmembrane region
Q8NEM1	[229, 264]	Zinc finger, C2H2 type
Q92628	[426, 479]	Domain of unknown function (DUF4603)
Q96IY4	[245, 283]	Zinc carboxypeptidase
Q9H293	[85, 176]	Interleukin-17
Q9NSI6	[1306, 1352]	Bromodomain
Q9P0M6	[290, 313]	Macro domain
Q9P2H5	[565, 598]	Ubiquitin carboxyl-terminal hydrolase
A8MUU1	[0, 75]	Lipocalin / cytosolic fatty-acid binding protein family
F5H4B4	[120, 177]	Protein of unknown function
O94880	[469, 490]	PHD-zinc-finger like domain
P07711	[106, 145]	Papain family cysteine protease
P09234	[0, 35]	U1 zinc finger
P49908	[171, 199]	Selenoprotein P, N terminal region
Q12906	[288, 308]	DZF C-terminal domain
Q16552	[79, 105]	Interleukin-17
Q495W5	[91, 117]	Fucosyltransferase, N-terminal
Q53EP0	[652, 732]	Fibronectin type III domain
Q5UCC4	[158, 179]	ER membrane protein complex subunit 10
Q6UWQ5	[131, 147]	C-type lysozyme/alpha-lactalbumin family
Q6ZVD8	[933, 957]	Protein phosphatase 2C
Q8N0X4	[32, 87]	HpcH/HpaI aldolase/citrate lyase
Q8NET1	[20, 54]	Beta defensin
Q8NFA2	[254, 289]	SH3 domain
Q99436	[240, 260]	Proteasome beta subunits C terminal
Q9GZQ4	[354, 382]	Neuromedin-U receptor 2, C-terminal
Q9HCC0	[255, 272]	Carboxyl transferase domain
Q9P0X4	[244, 324]	Ion transport protein
Q9UHC3	[236, 284]	Amiloride-sensitive sodium channel
Q9UKR3	[142, 237]	Trypsin
B7Z368	[60, 96]	Family of unknown function (DUF5558)
P0CG20	[30, 78]	Zinc-finger
P13640	[0, 60]	Metallothionein
P16157	[922, 944]	ZU5 domain
P18615	[293, 347]	RNA recognition motif
P26006	[594, 629]	Integrin alpha Ig-like domain 1
P48304	[119, 165]	Lectin C-type domain
Q08211	[0, 16]	Double-stranded RNA binding motif
Q12770	[1045, 1079]	SCAP Beta-propeller
Q2KJY2	[618, 637]	Kinesin motor domain
Q8N697	[129, 153]	POT family
Q92736	[0, 27]	Inositol 1,4,5-trisphosphate/ryanodine receptor
Q9BQQ7	[138, 176]	Zinc-binding domain
Q9BVN2	[841, 861]	Variant SH3 domain
B1ANY3	[150, 192]	FAM220 family
O14795	[504, 536]	Phorbol esters/diacylglycerol binding domain (C1 domain)
P0DKV0	[96, 119]	Domain of unknown function (DUF4599)
P11498	[788, 813]	HMGL-like
P23468	[169, 226]	Immunoglobulin I-set domain
P53582	[0, 38]	zf-MYND-like zinc finger, mRNA-binding
Q13332	[121, 231]	Immunoglobulin domain
Q5SZI1	[168, 202]	Low-density lipoprotein receptor domain class A
Q8N2Q7	[169, 189]	Carboxylesterase family
Q8NFK1	[39, 67]	Connexin
Q8TC94	[40, 94]	Actin
Q92896	[252, 274]	Cysteine rich repeat
Q96IT1	[114, 138]	SCAN domain
Q96K21	[67, 154]	FYVE zinc finger
Q99706	[132, 148]	Immunoglobulin domain
Q9H0C1	[0, 36]	MYND finger
Q9NVV9	[9, 88]	THAP domain
Q9UIA0	[318, 361]	PH domain
Q9Y261	[210, 260]	Forkhead domain
Q9Y4K1	[1830, 1886]	Beta/Gamma crystallin
A6NH21	[33, 61]	Serine incorporator (Serinc)
P59861	[22, 52]	Beta defensin
Q14149	[400, 441]	CW-type Zinc Finger
Q14832	[507, 524]	Nine Cysteines Domain of family 3 GPCR
Q29983	[59, 76]	Class I Histocompatibility antigen, domains alpha 1 and 2
Q5VWJ9	[294, 310]	BAR domain
Q6P9A2	[555, 587]	Ricin-type beta-trefoil lectin domain
Q7KYR7	[330, 379]	SPRY-associated domain
Q7RTN6	[269, 306]	Protein kinase domain
Q86XS5	[293, 323]	Fibrinogen beta and gamma chains, C-terminal globular domain
Q8TCQ1	[69, 137]	RING-variant domain
Q96M29	[246, 302]	Tektin family
Q99687	[57, 84]	TALE/MEIS homeobox family N-terminal domain
Q9BQK8	[434, 454]	Lipin/Ned1/Smp2 multi-domain protein middle domain
Q9BXT5	[1562, 1606]	Testis expressed sequence 15
Q9H6R4	[263, 281]	Nrap protein domain 1
Q9P121	[191, 214]	Immunoglobulin domain
Q9Y2Y8	[192, 224]	Lectin C-type domain
O60884	[116, 217]	DnaJ C terminal domain
P01266	[296, 378]	Thyroglobulin type-1 repeat
P53384	[236, 294]	NUBPL iron-transfer P-loop NTPase
P78527	[4091, 4127]	FATC domain
Q04759	[0, 30]	Protein kinase C delta/epsilon/eta/theta, C2 domain
Q13127	[167, 189]	REST-like, C2H2-type zinc finger
Q13530	[4, 30]	Serine incorporator (Serinc)
Q14210	[16, 104]	Snake toxin and toxin-like protein
Q16637	[88, 154]	Survival motor neuron protein (SMN), Tudor domain
Q56P03	[173, 223]	E2F-associated phosphoprotein
Q5BKU9	[84, 104]	Oxidoreductase-like protein, N-terminal
Q6UWL6	[323, 338]	Immunoglobulin domain
Q6UXI9	[226, 270]	EGF domain
Q6UXT8	[77, 128]	ALK and LTK ligand 1/2
Q86T82	[459, 525]	Ubiquitin carboxyl-terminal hydrolase
Q86US8	[1334, 1370]	PIN domain
Q8N5J2	[357, 372]	MINDY deubiquitinase
Q8NBL1	[39, 66]	Glycosyl transferase family 90
Q8TED4	[270, 287]	Major Facilitator Superfamily
Q96DX4	[514, 575]	Zinc finger, C3HC4 type (RING finger)
Q9BXY4	[33, 68]	Furin-like repeat, cysteine-rich
Q9C004	[143, 276]	Sprouty protein (Spry)
A4D161	[67, 176]	Protein FAM221A/B
O94966	[366, 381]	CS domain
P05549	[350, 381]	Transcription factor AP-2
P0DM35	[0, 59]	Metallothionein
P0DTL4	[26, 48]	u-PAR/Ly-6 domain
P24903	[465, 490]	Cytochrome P450
P26927	[636, 663]	Trypsin
P33991	[308, 328]	MCM OB domain
P35613	[105, 120]	Immunoglobulin domain
P48061	[22, 39]	Small cytokines (intecrine/chemokine), interleukin-8 like
Q5H8C1	[203, 231]	Frem protein N-terminal domain
Q6P1X6	[186, 205]	Domain of unknown function (DUF4505)
Q86UR1	[378, 397]	PB1 domain
Q8IXW5	[76, 165]	Rtr1/RPAP2 family
Q8N8Q3	[225, 247]	Endonuclease V
Q8N8R7	[195, 244]	ARF7 effector protein C-terminus
Q8WW38	[1118, 1150]	ZFPM2-like CCHC zinc finger
Q8WYR1	[263, 285]	Phosphoinositide 3-kinase gamma adapter protein p101 subunit
Q92519	[203, 225]	Protein kinase domain
Q96MV8	[123, 153]	DHHC palmitoyltransferase
Q9NPD5	[131, 158]	Organic Anion Transporter Polypeptide (OATP) family
A0A1B0GTW7	[462, 572]	Leishmanolysin
O60318	[1255, 1286]	MCM3AP domain of GANP
P07438	[0, 59]	Metallothionein
P23946	[184, 235]	Trypsin
P30622	[244, 284]	CAP-Gly domain
P50453	[319, 362]	Serpin (serine protease inhibitor)
P54108	[67, 100]	Cysteine-rich secretory protein family
P61916	[27, 48]	ML domain
Q13330	[384, 431]	GATA zinc finger
Q14676	[27, 109]	FHA domain
Q15649	[0, 50]	HIT zinc finger
Q5TC82	[1, 55]	zinc-RING finger domain
Q5W5X9	[362, 378]	Tetratricopeptide repeat
Q6NTE8	[1, 73]	MRN-interacting protein
Q6PCB0	[376, 396]	Fibronectin type III domain
Q8IUH4	[424, 441]	DHHC palmitoyltransferase
Q8WZ71	[188, 223]	Transmembrane protein 158
Q96JA1	[759, 780]	Immunoglobulin I-set domain
Q99489	[240, 303]	FAD dependent oxidoreductase
Q9C0F0	[36, 93]	HB1, ASXL, restriction endonuclease HTH domain
Q9P212	[1743, 1764]	Phosphatidylinositol-specific phospholipase C, Y domain
Q9UGL1	[299, 372]	PHD-finger
Q9UKY0	[94, 121]	Prion/Doppel alpha-helical domain
Q9UQQ1	[691, 710]	Transferrin receptor-like dimerisation domain
Q9Y6X8	[71, 151]	Zinc-fingers and homeoboxes C2H2 finger domain
O75112	[541, 595]	LIM domain
P41271	[25, 133]	DAN domain
P46020	[597, 612]	Glycosyl hydrolases family 15
P57730	[54, 89]	Caspase recruitment domain
P61158	[0, 22]	Actin
Q5VT25	[1003, 1071]	Phorbol esters/diacylglycerol binding domain (C1 domain)
Q5VUD6	[328, 363]	Protein-kinase domain of FAM69
Q86UP3	[963, 997]	Zinc finger homeobox protein 3-like, C2H2 type zinc-finger
Q8TEJ3	[51, 101]	RING-type zinc-finger
Q92496	[257, 301]	Sushi repeat (SCR repeat)
Q96LD4	[0, 40]	RING-type zinc-finger
Q96NK8	[170, 191]	Neuronal helix-loop-helix transcription factor
Q9BVL4	[87, 107]	Protein adenylyltransferase SelO
Q9BYC8	[76, 117]	Ribosomal L32p protein family
Q9BZF2	[470, 491]	Oxysterol-binding protein
Q9C026	[0, 42]	Zinc finger, C3HC4 type (RING finger)
Q9UKU0	[243, 269]	AMP-binding enzyme
A0A087WUL8	[366, 401]	Olduvai domain
O14770	[85, 124]	TALE/MEIS homeobox family N-terminal domain
O76013	[82, 106]	Intermediate filament protein
P01893	[266, 294]	Immunoglobulin C1-set domain
P07357	[388, 410]	MAC/Perforin domain
P15374	[186, 227]	Ubiquitin carboxyl-terminal hydrolase, family 1
P17405	[214, 248]	Calcineurin-like phosphoesterase
P53602	[95, 119]	Diphosphomevalonate decarboxylase-like N-terminal domain
Q12882	[33, 97]	Dihydroprymidine dehydrogenase domain II, 4Fe-4S cluster
Q13884	[236, 262]	PH domain
Q58FF6	[256, 276]	Hsp90 protein
Q8IYW5	[4, 91]	Prokaryotic RING finger family 4
Q8N6C5	[742, 759]	Immunoglobulin domain
Q8WU39	[163, 188]	TLR4 regulator and MIR-interacting MSAP
Q8WZ75	[35, 60]	Immunoglobulin domain
Q96A25	[31, 78]	Transmembrane protein 106 N-terminal region
Q96JJ6	[29, 53]	MORN repeat
Q96MT3	[241, 312]	LIM domain
Q96PB7	[39, 85]	Neurogenesis glycoprotein
Q9H1E1	[39, 132]	Pancreatic ribonuclease
Q9H8L6	[116, 136]	EMI domain
Q9NQZ3	[519, 542]	Daz repeat
Q9UPU3	[713, 813]	Sortilin, neurotensin receptor 3, C-terminal
A0A0J9YX94	[0, 15]	PNMA N-terminal RRM-like domain
C9J302	[49, 188]	Domain of unknown function (DUF4722)
O00463	[41, 71]	TNF receptor-associated factor 2/3/5, RING domain
O14646	[1170, 1190]	CDH1/2 SANT-Helical linker 1
O15164	[212, 254]	B-box zinc finger
O60565	[84, 183]	DAN domain
P01215	[23, 115]	Glycoprotein hormone
P01589	[22, 87]	Sushi repeat (SCR repeat)
P02671	[35, 71]	Fibrinogen alpha/beta chain family
P0DP58	[14, 107]	Snake toxin and toxin-like protein
P14222	[270, 312]	MAC/Perforin domain
P20160	[130, 220]	Trypsin
P49005	[68, 99]	DNA polymerase delta subunit OB-fold domain
P51654	[55, 77]	Glypican
P58658	[83, 127]	D-galactoside/L-rhamnose binding SUEL lectin domain
P63267	[6, 48]	Actin
Q02413	[238, 275]	Cadherin domain
Q02846	[752, 776]	Protein tyrosine and serine/threonine kinase
Q2Q1W2	[54, 120]	Zinc finger, C3HC4 type (RING finger)
Q5SWL8	[446, 476]	PRAME C-terminal domain
Q86UW1	[147, 174]	Organic solute transporter Ostalpha
Q8IYS2	[172, 189]	Uncharacterized conserved protein (DUF2152)
Q8IZQ1	[3444, 3523]	FYVE zinc finger
Q8N4N8	[506, 555]	Kinesin motor domain
Q8WWX8	[342, 361]	Sodium:solute symporter family
Q99614	[130, 161]	Tetratricopeptide repeat
Q99728	[43, 125]	zf-RING of BARD1-type protein
Q9BVX2	[41, 70]	Transmembrane protein 106 N-terminal region
Q9BYR8	[0, 82]	Keratin, high-sulphur matrix protein
Q9H3Q3	[349, 368]	Galactose-3-O-sulfotransferase
Q9HAR2	[99, 119]	D-galactoside/L-rhamnose binding SUEL lectin domain
Q9NSA2	[213, 230]	Ion transport protein
Q9UBY9	[92, 147]	Hsp20/alpha crystallin family
Q9UJQ1	[170, 192]	Lysosome-associated membrane glycoprotein 2-like, luminal domains
Q9UKF5	[338, 362]	Reprolysin (M12B) family zinc metalloprotease
Q9Y3D2	[44, 181]	SelR domain
A0ABJ7H351	[396, 433]	RNA-binding, Nab2-type zinc finger
O15111	[698, 727]	I-kappa-kinase-beta NEMO binding domain
O75604	[464, 489]	Ubiquitin carboxyl-terminal hydrolase
P34947	[422, 474]	Protein kinase domain
P55201	[385, 435]	PHD-zinc-finger like domain
P56159	[21, 100]	GDNF/GAS1 domain
Q05639	[397, 424]	GTP-eEF1A C-terminal domain-like
Q6NUJ1	[456, 519]	Saposin A-type domain
Q6VAB6	[119, 161]	SAM like domain present in kinase suppressor RAS 1
Q6XE24	[75, 119]	RNA recognition motif
Q86TB3	[86, 114]	Immunoglobulin I-set domain
Q8N196	[191, 245]	Homeodomain
Q8NB14	[556, 628]	Ubiquitin carboxyl-terminal hydrolase
Q8ND71	[1, 25]	AIG1 family
Q8WTQ1	[19, 69]	Beta defensin
Q96S59	[641, 728]	CTLH/CRA C-terminal to LisH motif domain
Q9NXA8	[157, 217]	Sir2 family
Q9ULY5	[174, 189]	Lectin C-type domain
Q9Y614	[305, 380]	Actin
A6NCS6	[177, 241]	Domain of unknown function (DUF4630)
A7E2V4	[403, 421]	ZSWIM8, TPR repeats
A8MSI8	[8, 31]	Complex 1 protein (LYR family)
A8MZG2	[60, 84]	Domain of unknown function (DUF4644)
C9J1S8	[431, 451]	SPRY domain
O14896	[99, 115]	Interferon regulatory factor transcription factor
O60291	[270, 329]	Zinc finger, C3HC4 type (RING finger)
P05156	[21, 111]	Complement factor I, KAZAL domain
P09382	[0, 20]	Galactoside-binding lectin
P24928	[61, 93]	RNA polymerase Rpb1, domain 1
P54707	[245, 279]	P-type ATPase actuator domain
Q2TBF2	[180, 220]	WSC domain
Q5JWF8	[95, 135]	Actin
Q86YV9	[147, 169]	Hermansky-Pudlak syndrome 6 protein N-terminal domain
Q8IZT6	[1158, 1183]	Calponin homology (CH) domain
Q96QK1	[650, 688]	Vacuolar protein sorting-associated protein 35
Q9BW30	[1, 59]	p25-alpha
Q9BY14	[141, 156]	u-PAR/Ly-6 domain
Q9BYU5	[0, 42]	Keratin, high sulfur B2 protein
Q9NR09	[293, 396]	Inhibitor of Apoptosis domain
Q9P0N8	[58, 142]	RING-variant domain
Q9UJK0	[55, 82]	Possible Fer4-like domain in RNase L inhibitor, RLI
Q9UK22	[126, 144]	F-box associated region
Q9Y2B4	[207, 251]	Cellular tumour antigen p53-inducible 5
Q9Y561	[153, 221]	Low-density lipoprotein receptor domain class A
A0A1W2PRP0	[90, 121]	Forkhead domain
O14746	[498, 533]	Telomerase ribonucleoprotein complex - RNA binding domain
O43541	[204, 281]	MH1 domain
O75398	[191, 218]	SAND domain
O75800	[384, 439]	MYND finger
O94772	[18, 119]	u-PAR/Ly-6 domain
P25713	[0, 67]	Metallothionein
P36405	[164, 181]	ADP-ribosylation factor family
P51671	[26, 78]	Small cytokines (intecrine/chemokine), interleukin-8 like
Q2M3D2	[441, 472]	Exocyst complex component Sec6
Q6IN84	[119, 138]	RNA 2'-O ribose methyltransferase substrate binding
Q8N6Q8	[388, 405]	Methyltransferase domain
Q9GZY6	[97, 118]	Linker for activation of T-cells family member 2
Q9NYU2	[1470, 1505]	Glucosyltransferase 24
Q9UJ71	[283, 327]	Lectin C-type domain
Q9UNA0	[369, 399]	Reprolysin (M12B) family zinc metalloprotease
Q9Y6D5	[25, 77]	Mon2/Sec7/BIG1-like, dimerisation and cyclophilin-binding domain
A6NCQ9	[13, 33]	RING-type zinc-finger
F2Z333	[80, 97]	Fibronectin type III domain-containing protein 10
O60575	[27, 85]	Kazal-type serine protease inhibitor domain
P29122	[232, 250]	Subtilase family
P40967	[511, 553]	PKAT, KLD domain
P42574	[33, 66]	Caspase domain
Q12891	[419, 451]	Hyaluronidase
Q5VYV7	[140, 169]	Uncharacterized protein family UPF0492
Q8IV16	[55, 142]	Snake toxin and toxin-like protein
Q8IY57	[20, 52]	Zn-finger in Ran binding protein and others
Q8N7M2	[345, 383]	Zinc finger, C2H2 type
Q8NHJ6	[111, 187]	Immunoglobulin domain
Q8TAV0	[0, 128]	FAM76 protein
Q92546	[287, 305]	Rgp1
Q92752	[113, 341]	Teneurin EGF domain
Q969K3	[50, 106]	E3 ubiquitin-protein ligase CARP1/2, FYVE/PHD zinc finger
Q96F44	[259, 334]	SPRY-associated domain
Q96JL9	[24, 50]	KRAB box
Q9BPZ7	[10, 41]	Stress-activated map kinase interacting protein 1 (SIN1)
Q9NPC3	[0, 63]	zinc-RING finger domain
Q9NZI8	[240, 262]	KH domain
Q9UBF2	[720, 749]	Coatomer gamma subunit appendage platform subdomain
O95858	[149, 196]	Tetraspanin family
P04629	[173, 199]	Leucine rich repeat C-terminal motif
P22362	[30, 72]	Small cytokines (intecrine/chemokine), interleukin-8 like
P27352	[284, 304]	Eukaryotic cobalamin-binding protein
P52179	[937, 960]	Fibronectin type III domain
P54793	[557, 583]	C-terminal region of aryl-sulfatase
Q13702	[355, 411]	Ring finger domain
Q15858	[315, 336]	Ion transport protein
Q5GAN3	[86, 155]	Pancreatic ribonuclease
Q5XUX0	[441, 473]	Cyclin D1 binding domain
Q6ZRF7	[71, 110]	Zinc finger, C2H2 type
Q6ZSG2	[8, 59]	FAM196 family
Q86WW8	[0, 73]	Cytochrome c oxidase assembly protein PET191
Q8IYA8	[390, 427]	Interactor of HORMAD1 protein 1
Q8WTR7	[15, 44]	KRAB box
Q92563	[328, 377]	Thyroglobulin type-1 repeat
Q9BS86	[299, 350]	Zona-pellucida-binding protein (Sp38) C-terminal EGF-like domain
Q9GZY0	[573, 588]	TAP C-terminal domain
Q9H7B4	[10, 99]	SET domain
Q9NVM9	[206, 224]	Cell cycle and development regulator Mat89Bb
Q9NVR5	[68, 103]	PIH1 N-terminal domain
Q9UIF3	[366, 416]	Tektin family
Q9Y6W6	[143, 200]	Rhodanese-like domain
A0A0K0K1A3	[96, 113]	Immunoglobulin V-set domain
O00159	[574, 595]	Myosin head (motor domain)
O00716	[310, 325]	E2F transcription factor CC-MB domain
P05362	[325, 355]	Immunoglobulin domain
P50238	[0, 72]	LIM domain
P78310	[204, 226]	Immunoglobulin domain
Q00978	[242, 261]	Interferon-regulatory factor 3
Q06546	[32, 71]	GA-binding protein alpha chain
Q14145	[379, 416]	Kelch motif
Q5GAN6	[91, 215]	Pancreatic ribonuclease
Q5T8I9	[315, 340]	HENMT1 C-terminal domain
Q5T953	[240, 302]	Immediate early response protein (IER)
Q6ZQN5	[150, 195]	Forkhead domain
Q6ZU69	[539, 555]	FAM75 family
Q8NGF1	[296, 314]	Olfactory receptor
Q8WXA2	[44, 80]	u-PAR/Ly-6 domain
Q92959	[143, 165]	Organic Anion Transporter Polypeptide (OATP) family
Q9BZY9	[22, 63]	zinc finger of C3HC4-type, RING
Q9HC62	[530, 555]	Ulp1 protease family, C-terminal catalytic domain
Q9NQV7	[169, 228]	SSXRD motif
Q9UBT3	[29, 104]	Dickkopf N-terminal cysteine-rich region
Q9Y4P1	[188, 216]	Peptidase C54 catalytic domain
Q9Y5F1	[727, 752]	Cadherin cytoplasmic C-terminal
A8K0S8	[57, 83]	TALE/MEIS homeobox family N-terminal domain
O60449	[301, 324]	Lectin C-type domain
O75110	[779, 795]	haloacid dehalogenase-like hydrolase
O95157	[181, 212]	Neurexophilin
P02774	[69, 151]	Serum albumin family
P12111	[3141, 3176]	Kunitz/Bovine pancreatic trypsin inhibitor domain
P52849	[820, 841]	Sulfotransferase domain
P57721	[299, 352]	KH domain
Q01524	[56, 99]	Mammalian defensin
Q5VT06	[2529, 2575]	CAP-Gly domain
Q658L1	[171, 208]	Stabilizer of axonemal microtubules 1/2
Q6AZZ1	[109, 137]	B-box zinc finger
Q6PIW4	[597, 633]	AAA+ lid domain
Q6ZT12	[138, 199]	Putative zinc finger in N-recognin (UBR box)
Q8NAN2	[139, 204]	Mitoguardin
Q9BX79	[251, 274]	Retinol binding protein receptor
Q9GZX3	[132, 158]	Sulfotransferase domain
Q9UKG4	[255, 274]	Sodium:sulfate symporter transmembrane region
A0A0A0MS06	[80, 114]	Immunoglobulin V-set domain
D6RA61	[79, 131]	Ubiquitin carboxyl-terminal hydrolase
O60516	[10, 59]	Eukaryotic translation initiation factor 4E binding protein (EIF4EBP)
O75161	[417, 440]	Nephrocystin-4 second C2-like domain
O75912	[225, 280]	Phorbol esters/diacylglycerol binding domain (C1 domain)
O94910	[499, 536]	Hormone receptor domain
O95164	[97, 116]	Ubiquitin-2 like Rad60 SUMO-like
O95475	[0, 23]	Transcriptional regulator, SIX1, N-terminal SD domain
P07306	[241, 285]	Lectin C-type domain
P11226	[208, 247]	Lectin C-type domain
P30876	[869, 892]	RNA polymerase Rpb2, domain 6
P48052	[248, 280]	Zinc carboxypeptidase
P68032	[8, 44]	Actin
Q13233	[1242, 1257]	Protein kinase domain
Q15109	[125, 144]	CD80-like C2-set immunoglobulin domain
Q5VT66	[286, 307]	MOSC domain
Q6P4F2	[93, 180]	2Fe-2S iron-sulfur cluster binding domain
Q6UWI4	[49, 85]	Shisa, N-terminal domain
Q86WS5	[240, 271]	Trypsin
Q8N1N4	[398, 433]	Intermediate filament protein
Q8WXI7	[12124, 12158]	SEA domain
Q96EY1	[234, 308]	DnaJ C terminal domain
Q96K31	[187, 251]	Family of unknown function (DUF5588)
Q9H9D4	[57, 89]	PR domain zinc finger protein 2, PR domain
A2RRL7	[43, 81]	TMEM213 family
O15482	[104, 130]	Predicted transmembrane and coiled-coil 2 protein
O15553	[369, 417]	B-box zinc finger
P08235	[589, 674]	Double treble clef zinc finger, C4 type
P15248	[31, 124]	Interleukin-9
P22455	[155, 182]	Immunoglobulin I-set domain
P46013	[0, 67]	FHA domain
P51841	[765, 788]	Protein tyrosine and serine/threonine kinase
P55199	[59, 154]	RNA polymerase II elongation factor ELL
P78539	[265, 321]	Sushi repeat (SCR repeat)
Q14566	[171, 192]	MCM OB domain
Q5JU85	[964, 999]	PH domain
Q6ZN54	[445, 510]	Rubicon Homology Domain
Q86UE8	[703, 747]	Protein kinase domain
Q86YV0	[246, 279]	PH domain-like
Q8N3C0	[1857, 1899]	Sec63 Brl domain
Q9BTP6	[54, 103]	BED zinc finger
Q9BWP8	[164, 179]	Lectin C-type domain
Q9HBA0	[638, 665]	Ion transport protein
Q9NR19	[248, 275]	AMP-binding enzyme
Q9P2G3	[24, 61]	BTB/POZ domain
Q9UIR0	[368, 392]	Butyrophilin subfamily 3 member A2-like, Ig-C domain
Q9UK80	[396, 453]	Ubiquitin carboxyl-terminal hydrolase
Q9UKA8	[136, 194]	Calcipressin
O94885	[1198, 1223]	SAM domain (Sterile alpha motif)
O95196	[507, 537]	Neural chondroitin sulphate proteoglycan cytoplasmic domain
O95405	[696, 765]	FYVE zinc finger
P08123	[1138, 1169]	Fibrillar collagen C-terminal domain
P35398	[62, 157]	Double treble clef zinc finger, C4 type
P62906	[45, 84]	Ribosomal protein L1p/L10e family
Q06330	[74, 113]	LAG1, DNA binding
Q13449	[183, 206]	Immunoglobulin domain
Q16663	[57, 112]	Small cytokines (intecrine/chemokine), interleukin-8 like
Q8N4L2	[45, 127]	Transmembrane protein 55A
Q8NG27	[576, 642]	Ring finger domain
Q8WVZ1	[113, 128]	DHHC palmitoyltransferase
Q93091	[32, 142]	Pancreatic ribonuclease
Q969P5	[313, 354]	F-box only protein 25 C-terminal domain
Q96DM1	[528, 584]	DDE_Tnp_1-like zinc finger
Q96L21	[21, 39]	Ribosomal protein L16p/L10e
Q9BXT4	[977, 993]	Tudor domain
Q9ULU4	[78, 133]	PHD-finger
Q9Y2G1	[1013, 1048]	Myelin gene regulatory factor C-terminal domain 2
Q9Y5J6	[25, 59]	Tim10/DDP family zinc finger
A0A2R8YCY7	[125, 185]	Immunoglobulin domain
B4DYI2	[93, 112]	Domain of unknown function (DUF4599)
O14924	[949, 998]	Raf-like Ras-binding domain
O75023	[269, 302]	Immunoglobulin domain
O75064	[64, 80]	MABP domain
P19793	[122, 206]	Double treble clef zinc finger, C4 type
P23786	[486, 518]	Choline/Carnitine o-acyltransferase
P26583	[7, 49]	HMG-box domain
P48728	[314, 334]	Glycine cleavage T-protein C-terminal barrel domain
P48960	[498, 533]	GPCR proteolysis site, GPS, motif
Q8IXK0	[633, 686]	Zinc finger, FCS-type
Q8NFW9	[45, 105]	FYVE-type zinc finger
Q96GY3	[94, 122]	LIN37
Q96LB9	[163, 182]	N-acetylmuramoyl-L-alanine amidase
Q9BQW3	[156, 179]	Transcription factor COE1 DNA-binding domain
Q9GZL7	[185, 200]	WD domain, G-beta repeat
Q9H741	[69, 138]	SREBP regulating gene protein
Q9HCR9	[436, 459]	GAF domain
Q9UBT7	[236, 259]	Vinculin family
Q9Y5Q5	[973, 999]	Trypsin
A6H8Z2	[315, 377]	Protein FAM221A/B
H0Y7S4	[453, 477]	PRAME C-terminal domain
O14904	[138, 161]	wnt family
O14983	[0, 27]	Cation transporter/ATPase, N-terminus
O15031	[346, 371]	Sema domain
O60542	[119, 147]	Transforming growth factor beta like domain
O75593	[81, 112]	Forkhead domain
P01705	[73, 111]	Immunoglobulin V-set domain
P05305	[44, 72]	Endothelin family
P0DQW0	[0, 31]	Zinc-finger containing family
P10144	[148, 243]	Trypsin
P23193	[246, 300]	Transcription factor S-II (TFIIS)
Q02297	[53, 156]	Immunoglobulin I-set domain
Q09472	[336, 422]	TAZ zinc finger
Q13349	[833, 862]	Integrin alpha Ig-like domain 2
Q13642	[0, 109]	LIM domain
Q6XQN6	[441, 498]	Nicotinate phosphoribosyltransferase C-terminal domain
Q7L273	[345, 388]	Pentapeptide repeats (8 copies)
Q8NAA6	[75, 165]	Family of unknown function (DUF5556)
Q8TB52	[0, 116]	TRAF-like zinc-finger
Q92771	[242, 315]	DEAD_2
Q96NU7	[184, 209]	Amidohydrolase family
Q96QD9	[217, 245]	Forty-two-three protein
Q99942	[20, 75]	Zinc finger, C3HC4 type (RING finger)
Q9GZZ9	[292, 316]	ThiF family
Q9P2E2	[0, 57]	Kinesin motor domain
Q9UIL8	[65, 165]	PHD-like zinc-binding domain
A0A0C4DH59	[85, 113]	Immunoglobulin V-set domain
A6NLC5	[23, 71]	UPF0524 of C3orf70
O00584	[195, 222]	Ribonuclease T2 family
P28329	[650, 730]	Choline/Carnitine o-acyltransferase
Q6IQ49	[61, 114]	Splicing regulator SDE2, SDE2 domain
Q7Z4W2	[129, 147]	C-type lysozyme/alpha-lactalbumin family
Q8IY34	[121, 156]	POT family
Q8N109	[126, 197]	Immunoglobulin domain
Q8NCQ7	[51, 167]	Phospholipase A2
Q9BTE3	[104, 151]	Mini-chromosome maintenance replisome factor
Q9BZQ2	[104, 140]	SHCBP N-terminal domain
Q9H7H0	[385, 437]	Mitochondrial small ribosomal subunit Rsm22
Q9NQC7	[790, 832]	Ubiquitin carboxyl-terminal hydrolase
Q9NXH9	[137, 152]	N2,N2-dimethylguanosine tRNA methyltransferase
Q9UIU6	[99, 116]	Transcriptional regulator, SIX1, N-terminal SD domain
Q9UL52	[363, 378]	Trypsin
Q9Y5T5	[43, 100]	Zn-finger in ubiquitin-hydrolases and other protein
A0AAG2TTP8	[166, 190]	Ribosomal protein S8e
O43614	[379, 395]	Orexin receptor type 2
P03951	[249, 281]	PAN domain
P18065	[28, 125]	Insulin-like growth factor binding protein
P29590	[52, 103]	Zinc finger, C3HC4 type (RING finger)
P29803	[92, 107]	Dehydrogenase E1 component
P54756	[596, 613]	Ephrin type-A receptor 2 transmembrane domain
P61221	[0, 39]	Possible Fer4-like domain in RNase L inhibitor, RLI
Q14151	[424, 491]	RNA recognition motif
Q16527	[0, 78]	LIM domain
Q496A3	[174, 208]	Spermatogenesis-associated serine-rich protein 1
Q6ZUV0	[0, 23]	Thioesterase superfamily
Q8N688	[18, 64]	Beta defensin
Q8NG50	[172, 194]	RDM1 DSRM domain
Q8TBF4	[99, 126]	Zinc knuckle
Q9BXA6	[251, 272]	Protein kinase domain
Q9BXI2	[12, 30]	Mitochondrial carrier protein
Q9BYR7	[0, 97]	Keratin, high-sulphur matrix protein
Q9H2A2	[4, 46]	Aldehyde dehydrogenase family
Q9H3U7	[234, 286]	Thyroglobulin type-1 repeat
Q9H7D0	[1416, 1435]	DHR-2, Lobe B
Q9HAT1	[160, 177]	Legume-like lectin family
Q9P2N4	[442, 462]	Reprolysin (M12B) family zinc metalloprotease
Q9Y4L5	[215, 272]	Ring finger domain
Q9Y663	[348, 374]	Sulfotransferase domain
A4D1S0	[372, 404]	Lectin C-type domain
P00558	[382, 406]	Phosphoglycerate kinase
P02760	[193, 288]	Kunitz/Bovine pancreatic trypsin inhibitor domain
P03950	[27, 146]	Pancreatic ribonuclease
P11465	[298, 313]	Immunoglobulin domain
P54315	[450, 466]	PLAT/LH2 domain
Q14994	[0, 85]	Double treble clef zinc finger, C4 type
Q17RQ9	[95, 116]	KAP family P-loop domain
Q66K64	[189, 211]	DDB1-and CUL4-substrate receptor 15, WD repeat
Q68D42	[157, 234]	TMEM215 family
Q6TFL3	[1233, 1252]	Coiled-coil domain-containing protein 171
Q6UWV2	[123, 150]	Immunoglobulin V-set domain
Q6UXN8	[191, 221]	Lectin C-type domain
Q6UY14	[359, 505]	ADAMTS cysteine-rich domain
Q7Z7J5	[265, 289]	Dppa2/4 conserved region
Q8NDZ0	[738, 766]	BEN domain
Q96GM8	[254, 332]	CAF1 family ribonuclease
Q99497	[35, 56]	DJ-1/PfpI family
Q9HCM1	[1165, 1199]	Domain of unknown function (DUF4617)
Q9NYJ1	[21, 55]	CHCH domain
A8MW92	[679, 698]	PhD finger domain
O94915	[528, 548]	Cell morphogenesis N-terminal
P08651	[81, 118]	MH1 domain
P15529	[263, 289]	Sushi repeat (SCR repeat)
P29558	[86, 127]	RNA recognition motif
P37231	[122, 211]	Double treble clef zinc finger, C4 type
P38398	[42, 73]	Zinc finger, C3HC4 type (RING finger)
P84103	[57, 85]	RNA recognition motif
Q15390	[65, 107]	Mitochondrial fission regulator
Q2VIQ3	[187, 220]	Kinesin motor domain
Q68G74	[105, 149]	LIM domain
Q6W4X9	[529, 546]	von Willebrand factor type D domain
Q6ZSM3	[231, 253]	Major Facilitator Superfamily
Q7Z2Y8	[2280, 2316]	Interferon-induced very large GTPase 1, C-terminal domain
Q8IYS4	[297, 326]	Dynein axonemal-associated protein 1
Q8IZS8	[963, 999]	Neuronal voltage-dependent calcium channel alpha 2acd
Q8N687	[18, 38]	Beta defensin
Q8NI17	[23, 40]	Interleukin-6 receptor alpha chain, binding
Q96HE7	[77, 157]	Endoplasmic Reticulum Oxidoreductin 1 (ERO1)
Q96RJ3	[17, 34]	BAFF-R, TALL-1 binding
Q9H1H9	[5, 24]	Kinesin motor domain
Q9HBE1	[604, 625]	Zinc finger, C2H2 type
Q9HBL0	[0, 71]	Phorbol esters/diacylglycerol binding domain (C1 domain)
Q9NS15	[1134, 1186]	TB domain
Q9NT62	[125, 143]	Autophagocytosis associated protein, active-site domain
A4D0S4	[13, 43]	Laminin N-terminal (Domain VI)
O00204	[258, 278]	Sulfotransferase domain
O95267	[568, 600]	Phorbol esters/diacylglycerol binding domain (C1 domain)
P07902	[104, 131]	Galactose-1-phosphate uridyl transferase, N-terminal domain
P0DKL9	[76, 146]	ARF7 effector protein C-terminus
P35498	[1177, 1208]	Sodium ion transport-associated
P50458	[44, 64]	LIM domain
P51617	[479, 520]	Protein kinase domain
P55795	[278, 293]	RNPHF zinc finger
P61550	[102, 124]	ENV polyprotein (coat polyprotein)
P78317	[124, 189]	Ring finger domain
Q14CN2	[172, 274]	Calcium-activated chloride channel N terminal
Q5VT98	[450, 474]	PRAME C-terminal domain
Q6K0P9	[349, 377]	HIN-200/IF120x domain
Q7L590	[383, 410]	Primase zinc finger
Q8NER1	[615, 630]	Ion transport protein
Q96JC9	[4, 36]	RNA polymerase II transcription elongation factor
Q96QT6	[55, 114]	PHD-finger
Q9HC23	[32, 63]	Prokineticin
Q9NS39	[649, 708]	Adenosine-deaminase (editase) domain
Q9NSB2	[450, 481]	Intermediate filament protein
Q9NZI7	[206, 228]	CP2 transcription factor
Q9P2D8	[360, 421]	Protein unc-79 homolog, N-terminal region
Q9UN36	[266, 299]	Ndr family
P49916	[797, 819]	ATP dependent DNA ligase C terminal region
P78316	[728, 769]	Nop14-like family
Q04900	[54, 111]	Multi-glycosylated core protein 24 (MGC-24), sialomucin
Q6ZUG5	[139, 166]	Uncharacterised protein FLJ43738 N-terminal domain
Q96LR4	[35, 136]	TAFA family
Q9BT09	[190, 211]	TLR4 regulator and MIR-interacting MSAP
Q9BZM1	[54, 134]	Group XII secretory phospholipase A2 precursor (PLA2G12)
