0.277969092130661
0.44901150465011597
0.2862631678581238
0.44901150465011597
0.2862631678581238
0.5047450065612793
0.509763240814209
0.5892522931098938
0.44957879185676575
0.5892522931098938
0.44957879185676575
0.43134942650794983
0.2813110649585724
0.43134942650794983
0.2813110649585724
0.6261977553367615
0.34095677733421326
0.37624138593673706
0.5055093765258789
0.2931292951107025
0.2962671220302582
0.7160317301750183
0.29517993330955505
0.5303295850753784
0.32969948649406433
0.5303295850753784
0.32969948649406433
0.4117794632911682
0.26561492681503296
0.3443526327610016
0.3246549665927887
0.2779832184314728
0.41765180230140686
0.32750430703163147
0.43790045380592346
0.2874833941459656
0.6482585072517395
0.4593745768070221
0.634780764579773
0.2535361647605896
0.37018537521362305
0.4730919599533081
0.3454168438911438
0.4655913710594177
0.24099284410476685
0.3454168438911438
0.4655913710594177
0.24099284410476685
0.3454168438911438
0.4655913710594177
0.24099284410476685
0.44568848609924316
0.6921849250793457
0.44568848609924316
0.6921849250793457
0.3151378929615021
0.3835822343826294
0.6390190124511719
0.3829917907714844
0.5303646326065063
0.3829917907714844
0.5303646326065063
0.546776294708252
0.46051695942878723
0.43180400133132935
0.31785711646080017
0.4289691746234894
0.5113845467567444
0.3379440903663635
0.3783077299594879
0.3379440903663635
0.3783077299594879
0.5017151832580566
0.4013034701347351
0.6694539785385132
0.4934496283531189
0.6694539785385132
0.4934496283531189
0.30402275919914246
0.35528719425201416
0.30125492811203003
0.35528719425201416
0.30125492811203003
0.2889576554298401
0.5856484770774841
0.3203490376472473
0.2549505829811096
0.36106452345848083
0.2955969274044037
0.36106452345848083
0.2955969274044037
0.5112247467041016
0.41077056527137756
0.3447566628456116
0.4799097776412964
0.42372211813926697
0.39204633235931396
0.5934181809425354
0.4505566954612732
0.6613065600395203
0.2604588270187378
0.603575587272644
0.32387450337409973
0.5999546647071838
0.2372094988822937
0.4322218596935272
0.40349724888801575
0.49787604808807373
0.36113086342811584
0.49787604808807373
0.36113086342811584
0.435804545879364
0.605689287185669
0.29580938816070557
0.6209579110145569
0.27053648233413696
0.6209579110145569
0.27053648233413696
0.5083122849464417
0.4019119143486023
0.45140042901039124
0.4019119143486023
0.45140042901039124
0.27177172899246216
0.5239469408988953
0.5534642934799194
0.5239469408988953
0.5534642934799194
0.31359314918518066
0.4935517907142639
0.5328517556190491
0.4866066575050354
0.5328517556190491
0.4866066575050354
0.35375893115997314
0.4163592457771301
0.3929078280925751
0.48380398750305176
0.443773090839386
0.48380398750305176
0.443773090839386
0.5186185836791992
0.4517895579338074
0.5186185836791992
0.4517895579338074
0.616837739944458
0.4859049618244171
0.5420063138008118
0.4859049618244171
0.5420063138008118
0.30682671070098877
0.47318553924560547
0.6368659734725952
0.3516746163368225
0.7168945670127869
0.7168945670127869
0.40250471234321594
0.4882095754146576
0.6070607900619507
0.3098549544811249
0.4182415008544922
0.4938138425350189
0.3262515664100647
0.4001164436340332
0.2353382110595703
0.5996720790863037
0.4066796600818634
0.6038269996643066
0.572523832321167
0.3043794631958008
0.2578624486923218
0.3043794631958008
0.2578624486923218
0.4082714319229126
0.4070781469345093
0.44976159930229187
0.444443941116333
0.4873170852661133
0.5034229159355164
0.444443941116333
0.4873170852661133
0.5034229159355164
0.444443941116333
0.4873170852661133
0.5034229159355164
0.34854671359062195
0.44498783349990845
0.6381957530975342
0.49643582105636597
0.44498783349990845
0.6381957530975342
0.49643582105636597
0.44498783349990845
0.6381957530975342
0.49643582105636597
0.5741378664970398
0.5744147896766663
0.5741378664970398
0.5744147896766663
0.2392483800649643
0.3318796753883362
0.5963597297668457
0.5191394090652466
0.4868027865886688
0.5191394090652466
0.4868027865886688
0.5390042066574097
0.6256207227706909
0.26033392548561096
0.5465447902679443
0.26033392548561096
0.5465447902679443
0.322065532207489
0.36299988627433777
0.5513307452201843
0.6075466275215149
0.28247374296188354
0.7137089371681213
0.2811962366104126
0.4433239996433258
0.2976914346218109
0.39142099022865295
0.5457450747489929
0.5568084716796875
0.39142099022865295
0.5457450747489929
0.5568084716796875
0.39142099022865295
0.5457450747489929
0.5568084716796875
0.31821227073669434
0.359244167804718
0.5269814729690552
0.4296633303165436
0.4294208586215973
0.42205706238746643
0.4917905926704407
0.42950400710105896
0.44196057319641113
0.32936015725135803
0.39743396639823914
0.40295663475990295
0.4620373249053955
0.4952865540981293
0.33002597093582153
0.314191609621048
0.3686281740665436
0.6388956308364868
0.30760589241981506
0.43620824813842773
0.6388956308364868
0.30760589241981506
0.43620824813842773
0.6388956308364868
0.30760589241981506
0.43620824813842773
0.2611726224422455
0.3324156403541565
0.5854931473731995
0.39381515979766846
0.4138440191745758
0.39381515979766846
0.4138440191745758
0.5342205166816711
0.5600734949111938
0.5342205166816711
0.5600734949111938
0.3019295334815979
0.3974321484565735
0.3658674955368042
0.38663068413734436
0.2600920498371124
0.4718163013458252
0.40352609753608704
0.29299792647361755
0.44834983348846436
0.35290661454200745
0.3700826168060303
0.33827677369117737
0.3700826168060303
0.33827677369117737
0.307081401348114
0.5901485085487366
0.4224548041820526
0.3070281445980072
0.41923758387565613
0.6115177273750305
0.27973055839538574
0.47624489665031433
0.30878570675849915
0.5555732846260071
0.37104111909866333
0.357655793428421
0.5413004755973816
0.5204682350158691
0.2903694212436676
0.3372706174850464
0.31918418407440186
0.40354123711586
0.27463996410369873
0.40354123711586
0.27463996410369873
0.6232929229736328
0.30031242966651917
0.5938975214958191
0.6232929229736328
0.30031242966651917
0.5938975214958191
0.6232929229736328
0.30031242966651917
0.5938975214958191
0.3692239820957184
0.36225202679634094
0.3692239820957184
0.36225202679634094
0.39135998487472534
0.4283737242221832
0.26111528277397156
0.5298095345497131
0.2948494255542755
0.29576629400253296
0.3424995243549347
0.29576629400253296
0.3424995243549347
0.37763285636901855
0.5569390654563904
0.37763285636901855
0.5569390654563904
0.4735875725746155
0.46053412556648254
0.4735875725746155
0.46053412556648254
0.28568708896636963
0.4141830801963806
0.5249409079551697
0.2989536225795746
0.576449990272522
0.33192893862724304
0.491619348526001
0.30228766798973083
0.4046405255794525
0.6000228524208069
0.7090721130371094
0.7671629190444946
0.42797720432281494
0.6000228524208069
0.7090721130371094
0.7671629190444946
0.42797720432281494
0.6000228524208069
0.7090721130371094
0.7671629190444946
0.42797720432281494
0.6000228524208069
0.7090721130371094
0.7671629190444946
0.42797720432281494
0.4117295444011688
0.29402899742126465
0.4117295444011688
0.29402899742126465
0.45752179622650146
0.35671940445899963
0.3827399015426636
0.42827874422073364
0.3827399015426636
0.42827874422073364
0.45562905073165894
0.34221798181533813
0.6730151772499084
0.37347257137298584
0.22703884541988373
0.344119131565094
0.3581966757774353
0.3122590482234955
0.254690557718277
0.42263662815093994
0.39117398858070374
0.3738009035587311
0.31084001064300537
0.4282299876213074
0.31084001064300537
0.4282299876213074
0.6069929599761963
0.3405001759529114
0.2750127613544464
0.485856294631958
0.3405001759529114
0.2750127613544464
0.485856294631958
0.3405001759529114
0.2750127613544464
0.485856294631958
0.32419130206108093
0.34581252932548523
0.2680629789829254
0.44424566626548767
0.2889917492866516
0.2935603857040405
0.45329585671424866
0.2935603857040405
0.45329585671424866
0.35211455821990967
0.344533234834671
0.35211455821990967
0.344533234834671
0.2508571147918701
0.4621506333351135
0.4018982946872711
0.2508571147918701
0.4621506333351135
0.4018982946872711
0.2508571147918701
0.4621506333351135
0.4018982946872711
0.6431941986083984
0.5590996742248535
0.5222408175468445
0.5790147185325623
0.3048284947872162
0.45756909251213074
0.24135515093803406
0.2723301947116852
0.36432161927223206
0.5679988265037537
0.48423677682876587
0.5143086314201355
0.26841697096824646
0.3035261929035187
0.5846788883209229
0.6408937573432922
0.42383328080177307
0.44550949335098267
0.6508296132087708
0.3503159284591675
0.4289869964122772
0.4658171832561493
0.5285157561302185
0.28530505299568176
0.25760817527770996
0.7235305309295654
0.27636343240737915
0.6236794590950012
0.27636343240737915
0.6236794590950012
0.23872749507427216
0.6103808879852295
0.3111855685710907
0.6103808879852295
0.3111855685710907
0.28374770283699036
0.6518124341964722
0.680698037147522
0.33576446771621704
0.6518124341964722
0.680698037147522
0.33576446771621704
0.6518124341964722
0.680698037147522
0.33576446771621704
0.34270018339157104
0.31752389669418335
0.3623591959476471
0.5769924521446228
0.5330137014389038
0.49675023555755615
0.3134163022041321
0.5769924521446228
0.5330137014389038
0.49675023555755615
0.3134163022041321
0.5769924521446228
0.5330137014389038
0.49675023555755615
0.3134163022041321
0.5769924521446228
0.5330137014389038
0.49675023555755615
0.3134163022041321
0.3782833218574524
0.4060228168964386
0.3782833218574524
0.4060228168964386
0.3161948323249817
0.25684043765068054
0.3652664124965668
0.2810194790363312
0.5217627286911011
0.3290877640247345
0.45810264348983765
0.4557039439678192
0.42321914434432983
0.45471397042274475
0.5576093792915344
0.45471397042274475
0.5576093792915344
0.25998392701148987
0.2534940540790558
0.5993724465370178
0.6848259568214417
0.4395678639411926
0.5853644609451294
0.5002336502075195
0.5853644609451294
0.5002336502075195
0.527229905128479
0.5678517818450928
0.26708170771598816
0.2801908850669861
0.2673139274120331
0.4489847719669342
0.6274148225784302
0.2810508608818054
0.6274148225784302
0.2810508608818054
0.5077904462814331
0.26850271224975586
0.38070032000541687
0.5162621140480042
0.47735804319381714
0.39643394947052
0.36644625663757324
0.410422682762146
0.38543349504470825
0.3181527853012085
0.32483920454978943
0.38543349504470825
0.3181527853012085
0.32483920454978943
0.38543349504470825
0.3181527853012085
0.32483920454978943
0.3332381546497345
0.5260183215141296
0.48681947588920593
0.6308188438415527
0.4845907986164093
0.6308188438415527
0.4845907986164093
0.47754645347595215
0.45293936133384705
0.4487622082233429
0.4694445729255676
0.45083415508270264
0.32939964532852173
0.47441282868385315
0.487480491399765
0.47441282868385315
0.487480491399765
0.32818806171417236
0.4371459186077118
0.5317073464393616
0.35874879360198975
0.46775442361831665
0.4057229459285736
0.5990411043167114
0.4057229459285736
0.5990411043167114
0.39781609177589417
0.4302959740161896
0.42079877853393555
0.36597850918769836
0.36330732703208923
0.42079877853393555
0.36597850918769836
0.36330732703208923
0.42079877853393555
0.36597850918769836
0.36330732703208923
0.46252408623695374
0.4190085530281067
0.32040682435035706
0.4190085530281067
0.32040682435035706
0.5450260639190674
0.5797836780548096
0.2631160020828247
0.27330106496810913
0.586909294128418
0.4840947985649109
0.6444137692451477
0.5133225917816162
0.6444137692451477
0.5133225917816162
0.6101164817810059
0.3984358608722687
0.6101164817810059
0.3984358608722687
0.42133015394210815
0.28202760219573975
0.3912807106971741
0.2928199768066406
0.44291403889656067
0.43879297375679016
0.39676037430763245
0.2972687780857086
0.2659580707550049
0.5342314839363098
0.2799455225467682
0.5986179113388062
0.4969962239265442
0.40586358308792114
0.42783689498901367
0.40586358308792114
0.42783689498901367
0.34518781304359436
0.338082879781723
0.6278687119483948
0.338082879781723
0.6278687119483948
0.35629215836524963
0.5386369228363037
0.5763530731201172
0.2867663502693176
0.2659685015678406
0.2559376358985901
0.3614959418773651
0.3205721080303192
0.2870125472545624
0.6174841523170471
0.5231932997703552
0.3375295400619507
0.328898161649704
0.25534045696258545
0.39283522963523865
0.42331770062446594
0.36036524176597595
0.42331770062446594
0.36036524176597595
0.2662934958934784
0.46424174308776855
0.7354716062545776
0.24187339842319489
0.47449249029159546
0.27645808458328247
0.31750068068504333
0.5752739906311035
0.31750068068504333
0.5752739906311035
0.39469191431999207
0.29469773173332214
0.4273540675640106
0.264189749956131
0.2694776952266693
0.264189749956131
0.2694776952266693
0.3695544898509979
0.4248148798942566
0.3695544898509979
0.4248148798942566
0.36502209305763245
0.46832168102264404
0.3778808116912842
0.3044888377189636
0.3773100674152374
0.3441535234451294
0.49262329936027527
0.5238369107246399
0.3441535234451294
0.49262329936027527
0.5238369107246399
0.3441535234451294
0.49262329936027527
0.5238369107246399
0.28514352440834045
0.4596097767353058
0.27933377027511597
0.4596097767353058
0.27933377027511597
0.41462603211402893
0.5244321823120117
0.5192948579788208
0.5539252161979675
0.5244321823120117
0.5192948579788208
0.5539252161979675
0.5244321823120117
0.5192948579788208
0.5539252161979675
0.5758220553398132
0.4798278212547302
0.3341119587421417
0.4798278212547302
0.3341119587421417
0.5710980296134949
0.5017944574356079
0.7137089371681213
0.43762096762657166
0.569467306137085
0.5005245208740234
0.41884294152259827
0.45704513788223267
0.6509262323379517
0.6064060926437378
0.42722073197364807
0.6064060926437378
0.42722073197364807
0.3539270758628845
0.3860078454017639
0.3539270758628845
0.3860078454017639
0.5363177061080933
0.5160242319107056
0.5363177061080933
0.5160242319107056
0.6069052815437317
0.32471317052841187
0.5373749732971191
0.6069052815437317
0.32471317052841187
0.5373749732971191
0.6069052815437317
0.32471317052841187
0.5373749732971191
0.6105020046234131
0.7357044219970703
0.6105020046234131
0.7357044219970703
0.615183413028717
0.5738168358802795
0.615183413028717
0.5738168358802795
0.37950119376182556
0.5836458206176758
0.5889831185340881
0.3011796474456787
0.4410604238510132
0.3011796474456787
0.4410604238510132
0.6449791789054871
0.2578989863395691
0.2617524564266205
0.32829776406288147
0.4916163384914398
0.2617524564266205
0.32829776406288147
0.4916163384914398
0.2617524564266205
0.32829776406288147
0.4916163384914398
0.2910066246986389
0.6071433424949646
0.37329691648483276
0.29486724734306335
0.40000152587890625
0.39500775933265686
0.2691706120967865
0.421095609664917
0.5245601534843445
0.23847785592079163
0.5670036673545837
0.5108296275138855
0.5670036673545837
0.5108296275138855
0.6112760901451111
0.27924734354019165
0.3686600923538208
0.3096100389957428
0.22019411623477936
0.39282339811325073
0.48142269253730774
0.4801229238510132
0.48142269253730774
0.4801229238510132
0.5755971670150757
0.35043221712112427
0.3489317297935486
0.2694390118122101
0.2920910716056824
0.40307649970054626
0.33086010813713074
0.5384588837623596
0.33086010813713074
0.5384588837623596
0.2906699776649475
0.2881300449371338
0.25734370946884155
0.5283771753311157
0.40531793236732483
0.39603862166404724
0.5950044393539429
0.39603862166404724
0.5950044393539429
0.610450804233551
0.5537484288215637
0.5819101929664612
0.6609801054000854
0.5913401246070862
0.3827717900276184
0.25997889041900635
0.6104025840759277
0.562031090259552
0.5928534865379333
0.3519458472728729
0.28093308210372925
0.23485887050628662
0.36424145102500916
0.4136603772640228
0.48629456758499146
0.6278358101844788
0.25387540459632874
0.26903215050697327
0.25387540459632874
0.26903215050697327
0.401326984167099
0.29865899682044983
0.2454536110162735
0.4202994704246521
0.6521633863449097
0.3516124188899994
0.3637469410896301
0.5198803544044495
0.5605993270874023
0.5198803544044495
0.5605993270874023
0.39762571454048157
0.26839131116867065
0.3146614730358124
0.28122517466545105
0.4775424301624298
0.27252909541130066
0.494989275932312
0.27252909541130066
0.494989275932312
0.45419541001319885
0.2389478236436844
0.273611843585968
0.38092395663261414
0.38066965341567993
0.45719778537750244
0.5029886364936829
0.3875114917755127
0.23629125952720642
0.3875114917755127
0.23629125952720642
0.39661070704460144
0.5599924921989441
0.2871232330799103
0.5599924921989441
0.2871232330799103
0.5583690404891968
0.49617108702659607
0.3470695912837982
0.3599282205104828
0.3470695912837982
0.3599282205104828
0.41314709186553955
0.447005957365036
0.5146592259407043
0.5371655225753784
0.3933292627334595
0.6826136708259583
0.5623907446861267
0.4978644549846649
0.35479578375816345
0.2841426432132721
0.3373049795627594
0.48227521777153015
0.30223900079727173
0.651248574256897
0.30011776089668274
0.27169594168663025
0.49529018998146057
0.4645029902458191
0.7014375329017639
0.33259862661361694
0.3175826072692871
0.3104645907878876
0.28136950731277466
0.48320141434669495
0.35340529680252075
0.48320141434669495
0.35340529680252075
0.7261045575141907
0.691679835319519
0.6179142594337463
0.4659745991230011
0.7261045575141907
0.691679835319519
0.6179142594337463
0.4659745991230011
0.7261045575141907
0.691679835319519
0.6179142594337463
0.4659745991230011
0.7261045575141907
0.691679835319519
0.6179142594337463
0.4659745991230011
0.3378342092037201
0.4572660028934479
0.3374321460723877
0.4572660028934479
0.3374321460723877
0.24988903105258942
0.2866501212120056
0.39308902621269226
0.6013250946998596
0.6443918347358704
0.46922338008880615
0.39308902621269226
0.6013250946998596
0.6443918347358704
0.46922338008880615
0.39308902621269226
0.6013250946998596
0.6443918347358704
0.46922338008880615
0.39308902621269226
0.6013250946998596
0.6443918347358704
0.46922338008880615
0.4863215982913971
0.3363977372646332
0.4081769287586212
0.46231651306152344
0.2778443694114685
0.46231651306152344
0.2778443694114685
0.6326895356178284
0.5572323799133301
0.3999292254447937
0.3203750252723694
0.27720218896865845
0.33945146203041077
0.7388442158699036
0.2984234392642975
0.27693748474121094
0.5123154520988464
0.6435168981552124
0.5237511396408081
0.28139930963516235
0.6338920593261719
0.2843951880931854
0.7344411611557007
0.30324122309684753
0.43986812233924866
0.2815565764904022
0.3766726851463318
0.5479277968406677
0.3766726851463318
0.5479277968406677
0.5433535575866699
0.2943786084651947
0.3604526221752167
0.5469983816146851
0.5945083498954773
0.5251982808113098
0.5945083498954773
0.5251982808113098
0.2822079062461853
0.3295096457004547
0.4163336455821991
0.43852341175079346
0.3442090153694153
0.43852341175079346
0.3442090153694153
0.6401849389076233
0.5106827020645142
0.2849406599998474
0.516226053237915
0.3665551543235779
0.2802612781524658
0.2793373763561249
0.4069387912750244
0.45837491750717163
0.25608035922050476
0.42235052585601807
0.3846568167209625
0.45959460735321045
0.5121184587478638
0.45959460735321045
0.5121184587478638
0.6714947819709778
0.353943407535553
0.4591595530509949
0.2607601583003998
0.474892258644104
0.39049461483955383
0.4968569278717041
0.5807682871818542
0.46819907426834106
0.39049461483955383
0.4968569278717041
0.5807682871818542
0.46819907426834106
0.39049461483955383
0.4968569278717041
0.5807682871818542
0.46819907426834106
0.39049461483955383
0.4968569278717041
0.5807682871818542
0.46819907426834106
0.361804336309433
0.48334062099456787
0.6395680904388428
0.5008559823036194
0.48334062099456787
0.6395680904388428
0.5008559823036194
0.48334062099456787
0.6395680904388428
0.5008559823036194
0.25908634066581726
0.2523651123046875
0.36225399374961853
0.3526136875152588
0.4629550278186798
0.714172899723053
0.578591525554657
0.37422576546669006
0.49408459663391113
0.714172899723053
0.578591525554657
0.37422576546669006
0.49408459663391113
0.714172899723053
0.578591525554657
0.37422576546669006
0.49408459663391113
0.714172899723053
0.578591525554657
0.37422576546669006
0.49408459663391113
0.5088656544685364
0.5053457021713257
0.22516033053398132
0.3171550929546356
0.36462679505348206
0.59830641746521
0.3134046196937561
0.59830641746521
0.3134046196937561
0.3331206142902374
0.30122673511505127
0.5928056240081787
0.5658931732177734
0.6567947864532471
0.2569417655467987
0.32621434330940247
0.3135010004043579
0.32621434330940247
0.3135010004043579
0.32728445529937744
0.2672606408596039
0.2990853488445282
0.4714021384716034
0.41021236777305603
0.36982518434524536
0.28575408458709717
0.3071117103099823
0.6064746975898743
0.32187774777412415
0.5370367765426636
0.3747559189796448
0.6471614241600037
0.3911019563674927
0.2995544672012329
0.5701470375061035
0.4769810736179352
0.5701470375061035
0.4769810736179352
0.3816129267215729
0.7064299583435059
0.3816129267215729
0.7064299583435059
0.7168945670127869
0.382706880569458
0.25205671787261963
0.382706880569458
0.25205671787261963
0.38232162594795227
0.35948535799980164
0.38232162594795227
0.35948535799980164
0.2437402755022049
0.316340833902359
0.4630431830883026
0.316340833902359
0.4630431830883026
0.34540536999702454
0.32730287313461304
0.4528234004974365
0.5579318404197693
0.37758174538612366
0.42643457651138306
0.37758174538612366
0.42643457651138306
0.5659284591674805
0.3196064829826355
0.38745754957199097
0.3196064829826355
0.38745754957199097
0.43737468123435974
0.47802865505218506
0.4590584933757782
0.3139187693595886
0.27939072251319885
0.2981462776660919
0.3243938088417053
0.37623199820518494
0.32302024960517883
0.3273371458053589
0.27988216280937195
0.3563544452190399
0.4347776472568512
0.34557417035102844
0.40570348501205444
0.5833409428596497
0.6177711486816406
0.5833409428596497
0.6177711486816406
0.42860040068626404
0.6175107359886169
0.42860040068626404
0.6175107359886169
0.40558043122291565
0.3466379940509796
0.3387352228164673
0.26430070400238037
0.3466379940509796
0.3387352228164673
0.26430070400238037
0.3466379940509796
0.3387352228164673
0.26430070400238037
0.3068988621234894
0.3921816647052765
0.22541093826293945
0.5732158422470093
0.29687437415122986
0.5533064603805542
0.5332061052322388
0.6841367483139038
0.5332061052322388
0.6841367483139038
0.3975977301597595
0.2461806833744049
0.3404849171638489
0.4001217782497406
0.3404849171638489
0.4001217782497406
0.6421248912811279
0.4128990173339844
0.40957847237586975
0.4128990173339844
0.40957847237586975
0.5028385519981384
0.56599360704422
0.5065652132034302
0.5028385519981384
0.56599360704422
0.5065652132034302
0.5028385519981384
0.56599360704422
0.5065652132034302
0.4541018307209015
0.31007230281829834
0.322928249835968
0.3264499306678772
0.3708985149860382
0.352479487657547
0.34381744265556335
0.352479487657547
0.34381744265556335
0.2793809175491333
0.2584875524044037
0.3688971698284149
0.5485836863517761
0.4299142062664032
0.5485836863517761
0.4299142062664032
0.35576534271240234
0.46092793345451355
0.5571197271347046
0.2929007112979889
0.37757936120033264
0.2929007112979889
0.37757936120033264
0.37874671816825867
0.5231015086174011
0.39034634828567505
0.28596603870391846
0.3837150037288666
0.32780247926712036
0.46298399567604065
0.3345596194267273
0.3103153705596924
0.38600170612335205
0.6164379715919495
0.29045000672340393
0.2570570409297943
0.5353971123695374
0.606181263923645
0.26648151874542236
0.29746881127357483
0.5314593315124512
0.6795868873596191
0.5314593315124512
0.6795868873596191
0.3731444776058197
0.606212317943573
0.3731444776058197
0.606212317943573
0.5118424892425537
0.3186701238155365
0.4242710471153259
0.3699434697628021
0.2815004587173462
0.46430644392967224
0.3582134246826172
0.262577086687088
0.6375767588615417
0.3024798333644867
0.6327216029167175
0.40826383233070374
0.6266934275627136
0.3177039921283722
0.32567763328552246
0.2618873715400696
0.2968137562274933
0.3636706471443176
0.6092205047607422
0.3911149203777313
0.35261067748069763
0.4270116686820984
0.6046613454818726
0.4270116686820984
0.6046613454818726
0.24995119869709015
0.5601200461387634
0.415901780128479
0.4919224977493286
0.4087536334991455
0.6329503059387207
0.2749764025211334
0.49355900287628174
0.263864129781723
0.38470539450645447
0.4858053922653198
0.2342536598443985
0.3234330117702484
0.46055907011032104
0.41910138726234436
0.40652966499328613
0.38286131620407104
0.3632580041885376
0.4045727550983429
0.4988245964050293
0.4355953335762024
0.3141973912715912
0.32379069924354553
0.3141973912715912
0.32379069924354553
0.5445095300674438
0.5456867814064026
0.75650554895401
0.5445095300674438
0.5456867814064026
0.75650554895401
0.5445095300674438
0.5456867814064026
0.75650554895401
0.25549226999282837
0.4694356620311737
0.25549226999282837
0.4694356620311737
0.5585794448852539
0.391684889793396
0.2361597865819931
0.2557162940502167
0.391684889793396
0.2361597865819931
0.2557162940502167
0.391684889793396
0.2361597865819931
0.2557162940502167
0.555056631565094
0.620465874671936
0.555056631565094
0.620465874671936
0.3607470393180847
0.3586353361606598
0.5505797863006592
0.43673768639564514
0.3555407226085663
0.43673768639564514
0.3555407226085663
0.3261536657810211
0.29398804903030396
0.3261536657810211
0.29398804903030396
0.28889191150665283
0.3284910023212433
0.5600997805595398
0.3284910023212433
0.5600997805595398
0.3525388240814209
0.4136798083782196
0.3525388240814209
0.4136798083782196
0.539211630821228
0.4659837782382965
0.6039462089538574
0.3384646475315094
0.3210354447364807
0.4081138074398041
0.4021506905555725
0.4081138074398041
0.4021506905555725
0.4374843239784241
0.3702404201030731
0.4988374412059784
0.3080666661262512
0.34237703680992126
0.5702226161956787
0.5167070627212524
0.5889609456062317
0.5821533203125
0.47023850679397583
0.5821533203125
0.47023850679397583
0.4232809543609619
0.525973379611969
0.5341511368751526
0.3278725743293762
0.48954007029533386
0.2980481684207916
0.3061317205429077
0.6078366637229919
0.3061317205429077
0.6078366637229919
0.3830011487007141
0.36346980929374695
0.646604061126709
0.6106509566307068
0.646604061126709
0.6106509566307068
0.26576945185661316
0.25564414262771606
0.32052505016326904
0.4451355040073395
0.3080531060695648
0.3299272954463959
0.34093087911605835
0.42098337411880493
0.2999143898487091
0.24758821725845337
0.3940851390361786
0.4501170814037323
0.39272359013557434
0.4829522669315338
0.4873791038990021
0.39272359013557434
0.4829522669315338
0.4873791038990021
0.39272359013557434
0.4829522669315338
0.4873791038990021
0.25669655203819275
0.3315766155719757
0.25669655203819275
0.3315766155719757
0.47364071011543274
0.5244848132133484
0.5315196514129639
0.47364071011543274
0.5244848132133484
0.5315196514129639
0.47364071011543274
0.5244848132133484
0.5315196514129639
0.5148913860321045
0.4560369849205017
0.27562302350997925
0.24240842461585999
0.34324008226394653
0.6591143012046814
0.40541109442710876
0.6289320588111877
0.40541109442710876
0.6289320588111877
0.2786579132080078
0.3834901750087738
0.44932976365089417
0.384570837020874
0.33893024921417236
0.4061623215675354
0.2970976233482361
0.4061623215675354
0.2970976233482361
0.6642751693725586
0.7168945670127869
0.6963774561882019
0.5119695067405701
0.6963774561882019
0.5119695067405701
0.3946641683578491
0.5194344520568848
0.3946641683578491
0.5194344520568848
0.3604430556297302
0.4467177093029022
0.3604430556297302
0.4467177093029022
0.2700776159763336
0.33083149790763855
0.3647315204143524
0.44616684317588806
0.3933142423629761
0.44616684317588806
0.3933142423629761
0.44922879338264465
0.621894896030426
0.5766357183456421
0.33768218755722046
0.35365116596221924
0.5766357183456421
0.33768218755722046
0.35365116596221924
0.5766357183456421
0.33768218755722046
0.35365116596221924
0.30348894000053406
0.26116058230400085
0.673779308795929
0.2547944486141205
0.4708375632762909
0.4918569326400757
0.29885512590408325
0.6638690829277039
0.33180299401283264
0.29885512590408325
0.6638690829277039
0.33180299401283264
0.29885512590408325
0.6638690829277039
0.33180299401283264
0.2452024519443512
0.6219382286071777
0.33671191334724426
0.27690649032592773
0.25599244236946106
0.6360688805580139
0.2821462154388428
0.42895346879959106
0.42368924617767334
0.630882740020752
0.24150097370147705
0.4940807521343231
0.5587655305862427
0.4940807521343231
0.5587655305862427
0.5053794980049133
0.2938990592956543
0.34282875061035156
0.2898755669593811
0.5472133755683899
0.40322837233543396
0.5472133755683899
0.40322837233543396
0.2973918318748474
0.29450345039367676
0.3565765619277954
0.4346088171005249
0.6940153241157532
0.3565765619277954
0.4346088171005249
0.6940153241157532
0.3565765619277954
0.4346088171005249
0.6940153241157532
0.3083955645561218
0.38307130336761475
0.48109671473503113
0.27245303988456726
0.48109671473503113
0.27245303988456726
0.37394970655441284
0.41606244444847107
0.26541000604629517
0.4233042895793915
0.4982445538043976
0.35506266355514526
0.3769674301147461
0.35506266355514526
0.3769674301147461
0.48103561997413635
0.4063359498977661
0.5095846652984619
0.580532431602478
0.3844462037086487
0.28567084670066833
0.2726803719997406
0.4600096642971039
0.5116761326789856
0.5869800448417664
0.28123241662979126
0.350094199180603
0.3991846740245819
0.3006114661693573
0.509225070476532
0.39358657598495483
0.4072912335395813
0.39358657598495483
0.4072912335395813
0.28333979845046997
0.574212372303009
0.5395562648773193
0.45911136269569397
0.3894117772579193
0.3110528290271759
0.36867767572402954
0.5550754070281982
0.4440252482891083
0.36489975452423096
0.2500954270362854
0.36924245953559875
0.5282564759254456
0.34754419326782227
0.305102676153183
0.43249645829200745
0.546995997428894
0.4758877456188202
0.23686693608760834
0.4758877456188202
0.23686693608760834
0.4141221046447754
0.3678108751773834
0.24895212054252625
0.3100191354751587
0.3574807941913605
0.3100191354751587
0.3574807941913605
0.3363569974899292
0.4078221619129181
0.370876669883728
0.44443607330322266
0.5042495131492615
0.2494990974664688
0.2650735378265381
0.43934619426727295
0.5430963039398193
0.3185410499572754
0.3305533826351166
0.41093796491622925
0.3305533826351166
0.41093796491622925
0.5315984487533569
0.5624111890792847
0.3408094346523285
0.5624111890792847
0.3408094346523285
0.32715731859207153
0.2811121344566345
0.23476342856884003
0.39471402764320374
0.3965720236301422
0.39471402764320374
0.3965720236301422
0.4506552517414093
0.3030896484851837
0.2584199607372284
0.5218629837036133
0.44445690512657166
0.28971943259239197
0.6366479992866516
0.4700242578983307
0.28971943259239197
0.6366479992866516
0.4700242578983307
0.28971943259239197
0.6366479992866516
0.4700242578983307
0.32793912291526794
0.31318891048431396
0.32793912291526794
0.31318891048431396
0.321979284286499
0.3988342583179474
0.26944997906684875
0.6180699467658997
0.4367591142654419
0.3639850318431854
0.2748650312423706
0.6035897135734558
0.2748650312423706
0.6035897135734558
0.2825409173965454
0.5391624569892883
0.5460726022720337
0.5390836596488953
0.33516305685043335
0.5390836596488953
0.33516305685043335
0.34531548619270325
0.5019921064376831
0.5139212608337402
0.27031654119491577
0.2700311541557312
0.3155089318752289
0.6186586022377014
0.5049942135810852
0.44736963510513306
0.6813067197799683
0.545698881149292
0.2539210915565491
0.38129299879074097
0.42948800325393677
0.3220736086368561
0.43311935663223267
0.51606285572052
0.43311935663223267
0.51606285572052
0.6689367294311523
0.3784482181072235
0.27537620067596436
0.43866536021232605
0.445419043302536
0.4052194356918335
0.5664938688278198
0.4610293209552765
0.3140881359577179
0.5664938688278198
0.4610293209552765
0.3140881359577179
0.5664938688278198
0.4610293209552765
0.3140881359577179
0.42010530829429626
0.23923856019973755
0.2804921865463257
0.5632545351982117
0.44663581252098083
0.2804921865463257
0.5632545351982117
0.44663581252098083
0.2804921865463257
0.5632545351982117
0.44663581252098083
0.49596545100212097
0.6963226795196533
0.624187707901001
0.6963226795196533
0.624187707901001
0.521999716758728
0.4528978168964386
0.31583094596862793
0.24668344855308533
0.6073449850082397
0.6236572861671448
0.6073449850082397
0.6236572861671448
0.2713518440723419
0.6495903730392456
0.30460500717163086
0.2373897284269333
0.5124874114990234
0.574371337890625
0.3640846908092499
0.50479656457901
0.4238665699958801
0.5700631141662598
0.4277958571910858
0.28779613971710205
0.4633186459541321
0.4021037817001343
0.4633186459541321
0.4021037817001343
0.285512238740921
0.39514732360839844
0.4381718039512634
0.29334399104118347
0.3044176697731018
0.3138980269432068
0.5468806028366089
0.4319431483745575
0.236430823802948
0.3965362310409546
0.26415470242500305
0.2626427114009857
0.44212937355041504
0.5146118998527527
0.3157666027545929
0.5146118998527527
0.3157666027545929
0.3144166171550751
0.3374423384666443
0.42546072602272034
0.2805277705192566
0.4384711682796478
0.24965181946754456
0.37405940890312195
0.35435599088668823
0.43851909041404724
0.5669704079627991
0.43851909041404724
0.5669704079627991
0.39949262142181396
0.4453146159648895
0.3328094184398651
0.40444812178611755
0.6868623495101929
0.40444812178611755
0.6868623495101929
0.37285077571868896
0.6472925543785095
0.37285077571868896
0.6472925543785095
0.2614705264568329
0.5702259540557861
0.2721226215362549
0.6097601652145386
0.5340073108673096
0.6097601652145386
0.5340073108673096
0.6580923199653625
0.5625402927398682
0.3339884281158447
0.390858918428421
0.4462498426437378
0.3482253849506378
0.26307064294815063
0.390858918428421
0.4462498426437378
0.3482253849506378
0.26307064294815063
0.390858918428421
0.4462498426437378
0.3482253849506378
0.26307064294815063
0.390858918428421
0.4462498426437378
0.3482253849506378
0.26307064294815063
0.6446197032928467
0.5673362612724304
0.46461692452430725
0.5280463695526123
0.27163729071617126
0.4164847433567047
0.3987310230731964
0.40025976300239563
0.5765559077262878
0.3987310230731964
0.40025976300239563
0.5765559077262878
0.3987310230731964
0.40025976300239563
0.5765559077262878
0.37053364515304565
0.4771338403224945
0.37053364515304565
0.4771338403224945
0.320671021938324
0.30301040410995483
0.320671021938324
0.30301040410995483
0.34746795892715454
0.5761674642562866
0.5737361311912537
0.3809506297111511
0.31316033005714417
0.6413030028343201
0.31316033005714417
0.6413030028343201
0.3031097948551178
0.3435900807380676
0.3079163134098053
0.35214751958847046
0.3079163134098053
0.35214751958847046
0.59395432472229
0.3230321705341339
0.5463392734527588
0.3960396945476532
0.27918535470962524
0.3917219340801239
0.30087533593177795
0.4370713233947754
0.4340488910675049
0.44657227396965027
0.2598649263381958
0.6250913739204407
0.3974723219871521
0.294102281332016
0.5146005153656006
0.3243502676486969
0.39180031418800354
0.3012276291847229
0.42686018347740173
0.4970272481441498
0.4156951904296875
0.5529301166534424
0.3282332122325897
0.5651629567146301
0.3282332122325897
0.5651629567146301
0.3504737913608551
0.4550657570362091
0.2234666645526886
0.4659813642501831
0.2234666645526886
0.4659813642501831
0.3650265634059906
0.5868238806724548
0.4500182867050171
0.5749768018722534
0.2643924653530121
0.3226499557495117
0.37119239568710327
0.574070930480957
0.4309380054473877
0.3100758492946625
0.5323702692985535
0.27599164843559265
0.46069326996803284
0.45573586225509644
0.301080584526062
0.4837806820869446
0.3205397427082062
0.4472140669822693
0.5267531275749207
0.24596595764160156
0.35041147470474243
0.6157864928245544
0.6364025473594666
0.4054272472858429
0.6364025473594666
0.4054272472858429
0.3851732909679413
0.5016784071922302
0.4562174081802368
0.4170379638671875
0.43797531723976135
0.3407053053379059
0.43797531723976135
0.3407053053379059
0.3980901837348938
0.40080294013023376
0.45547279715538025
0.569797694683075
0.35139575600624084
0.328533411026001
0.35139575600624084
0.328533411026001
0.4663853347301483
0.378036767244339
0.6238222122192383
0.4663853347301483
0.378036767244339
0.6238222122192383
0.4663853347301483
0.378036767244339
0.6238222122192383
0.4236772358417511
0.41649773716926575
0.2825285494327545
0.3717457354068756
0.5231767296791077
0.2708253264427185
0.5608416199684143
0.24591484665870667
0.7046608924865723
0.3138017952442169
0.29020577669143677
0.3138017952442169
0.29020577669143677
0.293290376663208
0.286727637052536
0.293290376663208
0.286727637052536
0.4116734266281128
0.3339080214500427
0.4116734266281128
0.3339080214500427
0.4692612886428833
0.2519776225090027
0.28864097595214844
0.615163266658783
0.27845707535743713
0.3672173321247101
0.4048486351966858
0.43264517188072205
0.2685214579105377
0.3672173321247101
0.4048486351966858
0.43264517188072205
0.2685214579105377
0.3672173321247101
0.4048486351966858
0.43264517188072205
0.2685214579105377
0.3672173321247101
0.4048486351966858
0.43264517188072205
0.2685214579105377
0.7137089371681213
0.2591942250728607
0.3995332419872284
0.3764077425003052
0.4218812882900238
0.3764077425003052
0.4218812882900238
0.28421077132225037
0.6177718639373779
0.6633791923522949
0.6177718639373779
0.6633791923522949
0.5188602209091187
0.33408620953559875
0.3415304720401764
0.3132307827472687
0.3796918988227844
0.5552618503570557
0.5794550180435181
0.3598528206348419
0.38152116537094116
0.40001869201660156
0.3848152458667755
0.40001869201660156
0.3848152458667755
0.49071621894836426
0.32145601511001587
0.30126017332077026
0.32145601511001587
0.30126017332077026
0.38235020637512207
0.44385698437690735
0.47104892134666443
0.6302822828292847
0.4019952416419983
0.36487576365470886
0.4019952416419983
0.36487576365470886
0.32150229811668396
0.28027746081352234
0.6120940446853638
0.28027746081352234
0.6120940446853638
0.4185618460178375
0.2600940465927124
0.250987708568573
0.4185618460178375
0.2600940465927124
0.250987708568573
0.4185618460178375
0.2600940465927124
0.250987708568573
0.45551592111587524
0.5570032000541687
0.5052343606948853
0.436802476644516
0.3476603627204895
0.436802476644516
0.3476603627204895
0.5209345817565918
0.5340048670768738
0.3657088577747345
0.434581995010376
0.3134489953517914
0.4162256121635437
0.5774447321891785
0.28534066677093506
0.2743273377418518
0.3554207384586334
0.2743273377418518
0.3554207384586334
0.3462706506252289
0.29912763833999634
0.3417488932609558
0.5924825072288513
0.3120880424976349
0.3852002024650574
0.41188928484916687
0.34000372886657715
0.373736172914505
0.40382254123687744
0.373736172914505
0.40382254123687744
0.48831257224082947
0.34529954195022583
0.40582728385925293
0.284208744764328
0.34529954195022583
0.40582728385925293
0.284208744764328
0.34529954195022583
0.40582728385925293
0.284208744764328
0.3915969729423523
0.5305256843566895
0.37943369150161743
0.5015742778778076
0.2786494195461273
0.3331669569015503
0.2699861228466034
0.2786494195461273
0.3331669569015503
0.2699861228466034
0.2786494195461273
0.3331669569015503
0.2699861228466034
0.342721551656723
0.5948147773742676
0.6404482126235962
0.4486439526081085
0.5664469003677368
0.30729222297668457
0.32258081436157227
0.3788290023803711
0.6228746175765991
0.26768195629119873
0.31368473172187805
0.2809862792491913
0.5010045766830444
0.4286235272884369
0.40705689787864685
0.5130252242088318
0.2825179696083069
0.47634559869766235
0.2825179696083069
0.47634559869766235
0.23893620073795319
0.3411080539226532
0.3085930645465851
0.3625263273715973
0.35229402780532837
0.5342578291893005
0.34688273072242737
0.33230388164520264
0.34203067421913147
0.3881317973136902
0.4126223623752594
0.3881317973136902
0.4126223623752594
0.48965689539909363
0.3887782394886017
0.2606809139251709
0.3419884145259857
0.3270461857318878
0.3194113075733185
0.42198875546455383
0.37882933020591736
0.5738520622253418
0.28170275688171387
0.4632267653942108
0.30735674500465393
0.3665621876716614
0.6088349223136902
0.346172958612442
0.5241586565971375
0.35018739104270935
0.5082601308822632
0.3062622547149658
0.5082601308822632
0.3062622547149658
0.2552865743637085
0.31856730580329895
0.38701191544532776
0.5123465061187744
0.4061599373817444
0.5123465061187744
0.4061599373817444
0.5789645314216614
0.22283941507339478
0.5640193819999695
0.3071412146091461
0.35816994309425354
0.4217551052570343
0.35816994309425354
0.4217551052570343
0.5681493878364563
0.5344253182411194
0.5681493878364563
0.5344253182411194
0.3057020604610443
0.3768098056316376
0.5498369932174683
0.6451496481895447
0.553419291973114
0.3866025507450104
0.3869175314903259
0.4688573181629181
0.4989428222179413
0.352071613073349
0.44210872054100037
0.36353951692581177
0.5061478018760681
0.23823998868465424
0.4088047742843628
0.45234712958335876
0.5738683342933655
0.3498497009277344
0.5738683342933655
0.3498497009277344
0.30344679951667786
0.6314250230789185
0.6770673990249634
0.31468671560287476
0.5461717247962952
0.3506013751029968
0.649695873260498
0.5737157464027405
0.649695873260498
0.5737157464027405
0.5129350423812866
0.4220660328865051
0.2686583399772644
0.4738447070121765
0.5419005155563354
0.4738447070121765
0.5419005155563354
0.571236789226532
0.47141018509864807
0.571236789226532
0.47141018509864807
0.2769303023815155
0.5461165308952332
0.6991252303123474
0.5268787145614624
0.48962849378585815
0.5955875515937805
0.48962849378585815
0.5955875515937805
0.2570808529853821
0.5879778265953064
0.4467541575431824
0.3638533651828766
0.27025580406188965
0.4467541575431824
0.3638533651828766
0.27025580406188965
0.4467541575431824
0.3638533651828766
0.27025580406188965
0.32079017162323
0.3492562174797058
0.3236439526081085
0.343698114156723
0.30883315205574036
0.31762364506721497
0.28901952505111694
0.31762364506721497
0.28901952505111694
0.5905800461769104
0.47302505373954773
0.5905800461769104
0.47302505373954773
0.2582768499851227
0.4265976846218109
0.2995348870754242
0.28674209117889404
0.5910453796386719
0.28674209117889404
0.5910453796386719
0.6997352242469788
0.6411563158035278
0.5856566429138184
0.4025774300098419
0.25751757621765137
0.6348879933357239
0.5236762762069702
0.5782221555709839
0.4458758234977722
0.2566922605037689
0.36463111639022827
0.3450589179992676
0.24476318061351776
0.49127399921417236
0.44786208868026733
0.3905881643295288
0.5874121189117432
0.5194927453994751
0.289989173412323
0.42639878392219543
0.36791905760765076
0.4594317674636841
0.3117072284221649
0.4594317674636841
0.3117072284221649
0.3579524755477905
0.4223161041736603
0.31459707021713257
0.4223161041736603
0.31459707021713257
0.530005693435669
0.3470154106616974
0.3481469452381134
0.26462218165397644
0.5128296613693237
0.2951090633869171
0.38974711298942566
0.2580246031284332
0.38974711298942566
0.2580246031284332
0.25781312584877014
0.38118845224380493
0.34672561287879944
0.49079224467277527
0.5400468707084656
0.40159502625465393
0.5378026962280273
0.40159502625465393
0.5378026962280273
0.6537560224533081
0.5685092806816101
0.38259509205818176
0.4218246340751648
0.33121156692504883
0.36618509888648987
0.3513282835483551
0.3948608636856079
0.4499934911727905
0.48218420147895813
0.29963889718055725
0.585279643535614
0.6384146809577942
0.2639629542827606
0.6012417674064636
0.3711303472518921
0.6554939150810242
0.4340518116950989
0.6554939150810242
0.4340518116950989
0.31629905104637146
0.42490461468696594
0.31977006793022156
0.2705683708190918
0.42490461468696594
0.31977006793022156
0.2705683708190918
0.42490461468696594
0.31977006793022156
0.2705683708190918
0.2701539099216461
0.5245844125747681
0.2701539099216461
0.5245844125747681
0.3016248643398285
0.6131858229637146
0.581544041633606
0.6131858229637146
0.581544041633606
0.3195789158344269
0.3555392622947693
0.549030065536499
0.5787972211837769
0.4909742772579193
0.5787972211837769
0.4909742772579193
0.43016770482063293
0.5982974767684937
0.4379563331604004
0.47353053092956543
0.4203697741031647
0.6068000197410583
0.4203697741031647
0.6068000197410583
0.5850222706794739
0.2541220188140869
0.30394089221954346
0.41722673177719116
0.3260977864265442
0.5014704465866089
0.4868292212486267
0.5014704465866089
0.4868292212486267
0.4790944457054138
0.501263439655304
0.34439578652381897
0.3279961943626404
0.44318273663520813
0.3279961943626404
0.44318273663520813
0.4147604703903198
0.46619370579719543
0.4147604703903198
0.46619370579719543
0.38660943508148193
0.3508733808994293
0.4342587888240814
0.3508733808994293
0.4342587888240814
0.46945828199386597
0.3783321976661682
0.2920748293399811
0.6060770153999329
0.3783321976661682
0.2920748293399811
0.6060770153999329
0.3783321976661682
0.2920748293399811
0.6060770153999329
0.6542308926582336
0.4261194169521332
0.5681312680244446
0.7711553573608398
0.6542308926582336
0.4261194169521332
0.5681312680244446
0.7711553573608398
0.6542308926582336
0.4261194169521332
0.5681312680244446
0.7711553573608398
0.6542308926582336
0.4261194169521332
0.5681312680244446
0.7711553573608398
0.5973551273345947
0.46763473749160767
0.5973551273345947
0.46763473749160767
0.42867690324783325
0.2634061276912689
0.2833321988582611
0.6493107676506042
0.38995862007141113
0.2551557421684265
0.3941490352153778
0.45991823077201843
0.43534567952156067
0.3459831774234772
0.43534567952156067
0.3459831774234772
0.572607159614563
0.444347620010376
0.6517217755317688
0.444347620010376
0.6517217755317688
0.46073412895202637
0.27216219902038574
0.46073412895202637
0.27216219902038574
0.619277834892273
0.4915950894355774
0.3128054440021515
0.619277834892273
0.4915950894355774
0.3128054440021515
0.619277834892273
0.4915950894355774
0.3128054440021515
0.2716193199157715
0.4252013564109802
0.2456938922405243
0.4355817437171936
0.31660300493240356
0.43557363748550415
0.31660300493240356
0.43557363748550415
0.29095160961151123
0.4653920829296112
0.43231186270713806
0.2818983197212219
0.43231186270713806
0.2818983197212219
0.48496314883232117
0.34613093733787537
0.6694600582122803
0.3182322382926941
0.44205743074417114
0.3477930426597595
0.44205743074417114
0.3477930426597595
0.45939019322395325
0.4347507357597351
0.34868454933166504
0.36285436153411865
0.32847410440444946
0.6302918195724487
0.2952256500720978
0.5483890771865845
0.37241172790527344
0.6193870902061462
0.418326735496521
0.31165120005607605
0.285756915807724
0.3873657286167145
0.41056370735168457
0.3247782588005066
0.4908887445926666
0.34784525632858276
0.4205886423587799
0.24988575279712677
0.24019208550453186
0.24988575279712677
0.24019208550453186
0.4505368769168854
0.27683430910110474
0.4505368769168854
0.27683430910110474
0.4534974992275238
0.6671573519706726
0.6458472609519958
0.7222491502761841
0.6629368662834167
0.555835485458374
0.4658171832561493
0.5882315039634705
0.5996736884117126
0.3727714419364929
0.2858351171016693
0.3727714419364929
0.2858351171016693
0.3542948365211487
0.5744178295135498
0.6524515748023987
0.5744178295135498
0.6524515748023987
0.47158002853393555
0.4080198407173157
0.4099309742450714
0.5732350945472717
0.3878643214702606
0.349597692489624
0.3929673135280609
0.3636050224304199
0.3283570408821106
0.3636050224304199
0.3283570408821106
0.3291766345500946
0.42566633224487305
0.46171221137046814
0.32884451746940613
0.5528835654258728
0.47647202014923096
0.2584851384162903
0.3816864490509033
0.2411271333694458
0.42052191495895386
0.6376189589500427
0.33992210030555725
0.5100950598716736
0.33061882853507996
0.33992210030555725
0.5100950598716736
0.33061882853507996
0.33992210030555725
0.5100950598716736
0.33061882853507996
0.49327754974365234
0.5872669219970703
0.49327754974365234
0.5872669219970703
0.3361178934574127
0.40096065402030945
0.31267049908638
0.4866132438182831
0.4930952787399292
0.3884000778198242
0.37168049812316895
0.30661261081695557
0.31267049908638
0.4866132438182831
0.4930952787399292
0.3884000778198242
0.37168049812316895
0.30661261081695557
0.31267049908638
0.4866132438182831
0.4930952787399292
0.3884000778198242
0.37168049812316895
0.30661261081695557
0.31267049908638
0.4866132438182831
0.4930952787399292
0.3884000778198242
0.37168049812316895
0.30661261081695557
0.31267049908638
0.4866132438182831
0.4930952787399292
0.3884000778198242
0.37168049812316895
0.30661261081695557
0.31267049908638
0.4866132438182831
0.4930952787399292
0.3884000778198242
0.37168049812316895
0.30661261081695557
0.2514098584651947
0.5048715472221375
0.3385407626628876
0.45242035388946533
0.697391152381897
0.4460907578468323
0.34551355242729187
0.45886048674583435
0.47554662823677063
0.45886048674583435
0.47554662823677063
0.41809719800949097
0.6093765497207642
0.3177469074726105
0.2879520356655121
0.478326678276062
0.42024925351142883
0.5096749067306519
0.42024925351142883
0.5096749067306519
0.36478984355926514
0.30203863978385925
0.2965445816516876
0.3788757920265198
0.643454372882843
0.5290252566337585
0.643454372882843
0.5290252566337585
0.4032590389251709
0.22529348731040955
0.543156623840332
0.22529348731040955
0.543156623840332
0.33411306142807007
0.5190295577049255
0.37911587953567505
0.46861156821250916
0.5804969668388367
0.46861156821250916
0.5804969668388367
0.6273114681243896
0.35201889276504517
0.6590657830238342
0.35201889276504517
0.6590657830238342
0.4033087491989136
0.4732704162597656
0.46174129843711853
0.5408817529678345
0.3582516610622406
0.5408817529678345
0.3582516610622406
0.4209989607334137
0.3763722777366638
0.4943094253540039
0.3763722777366638
0.4943094253540039
0.47109389305114746
0.5581242442131042
0.40531837940216064
0.6720409989356995
0.39387956261634827
0.56877201795578
0.43472182750701904
0.30524516105651855
0.5117112398147583
0.41547954082489014
0.3464199900627136
0.5364389419555664
0.3682587742805481
0.33149048686027527
0.2937662899494171
0.4048866033554077
0.2937662899494171
0.4048866033554077
0.5363561511039734
0.41679298877716064
0.3781856596469879
0.38190940022468567
0.5945757031440735
0.5214130282402039
0.5945757031440735
0.5214130282402039
0.43041762709617615
0.33423560857772827
0.30390554666519165
0.33423560857772827
0.30390554666519165
0.332528680562973
0.4863971471786499
0.34077611565589905
0.41575777530670166
0.3985097110271454
0.30186760425567627
0.3985097110271454
0.30186760425567627
0.2620948255062103
0.3721802830696106
0.48927220702171326
0.5676220655441284
0.560833752155304
0.5676220655441284
0.560833752155304
0.3242098391056061
0.5954294204711914
0.4548231065273285
0.4824494421482086
0.4382494390010834
0.32316458225250244
0.4926045835018158
0.6557271480560303
0.2729940414428711
0.5346824526786804
0.2729940414428711
0.5346824526786804
0.4007188677787781
0.47667616605758667
0.3672734498977661
0.4267619848251343
0.5161336064338684
0.4410403370857239
0.49713844060897827
0.33115607500076294
0.3551049828529358
0.5056405663490295
0.6333611607551575
0.5056405663490295
0.6333611607551575
0.327898770570755
0.3833320140838623
0.33733823895454407
0.3833320140838623
0.33733823895454407
0.45922696590423584
0.41545942425727844
0.4652194082736969
0.3239692151546478
0.3840353190898895
0.6073847413063049
0.3840353190898895
0.6073847413063049
0.2900840938091278
0.5323618054389954
0.4426198899745941
0.5323618054389954
0.4426198899745941
0.3121398985385895
0.5735681056976318
0.588864266872406
0.5342360138893127
0.3521686792373657
0.5342360138893127
0.3521686792373657
0.2798100411891937
0.26641300320625305
0.5245730876922607
0.3462398052215576
0.27544546127319336
0.46025770902633667
0.27544546127319336
0.46025770902633667
0.32222074270248413
0.33133018016815186
0.26361197233200073
0.29998594522476196
0.4099448323249817
0.621781051158905
0.45682424306869507
0.621781051158905
0.45682424306869507
0.3697411119937897
0.3994525074958801
0.5670297741889954
0.5857055187225342
0.46359163522720337
0.3636493980884552
0.30660414695739746
0.5857055187225342
0.46359163522720337
0.3636493980884552
0.30660414695739746
0.5857055187225342
0.46359163522720337
0.3636493980884552
0.30660414695739746
0.5857055187225342
0.46359163522720337
0.3636493980884552
0.30660414695739746
0.37895774841308594
0.604671835899353
0.37895774841308594
0.604671835899353
0.35763612389564514
0.3732946813106537
0.37286660075187683
0.36820167303085327
0.38079482316970825
0.6371586918830872
0.285647451877594
0.5429167747497559
0.4827301800251007
0.7004237771034241
0.5429167747497559
0.4827301800251007
0.7004237771034241
0.5429167747497559
0.4827301800251007
0.7004237771034241
0.5477970242500305
0.6939915418624878
0.4176108241081238
0.3821917176246643
0.27887266874313354
0.30283787846565247
0.42633888125419617
0.3188537359237671
0.489533007144928
0.296812504529953
0.3631497025489807
0.594569206237793
0.28209254145622253
0.4604024291038513
0.30803751945495605
0.29289308190345764
0.26488596200942993
0.4217107892036438
0.38402825593948364
0.369152307510376
0.376322865486145
0.31052327156066895
0.6318817734718323
0.42011842131614685
0.5718338489532471
0.43892014026641846
0.32511866092681885
0.4860762357711792
0.46898597478866577
0.43098345398902893
0.46898597478866577
0.43098345398902893
0.359244167804718
0.3738013803958893
0.3202137351036072
0.31817469000816345
0.3603855073451996
0.31594163179397583
0.3202137351036072
0.31817469000816345
0.3603855073451996
0.31594163179397583
0.3202137351036072
0.31817469000816345
0.3603855073451996
0.31594163179397583
0.3202137351036072
0.31817469000816345
0.3603855073451996
0.31594163179397583
0.39187169075012207
0.46547311544418335
0.5833004117012024
0.46547311544418335
0.5833004117012024
0.42079833149909973
0.2387477457523346
0.4759812355041504
0.2387477457523346
0.4759812355041504
0.5110948085784912
0.4742673337459564
0.6399204134941101
0.26689648628234863
0.370654821395874
0.26689648628234863
0.370654821395874
0.34687304496765137
0.3547123372554779
0.33556804060935974
0.4673721492290497
0.33556804060935974
0.4673721492290497
0.3390679657459259
0.2864663302898407
0.3390679657459259
0.2864663302898407
0.2657024562358856
0.4364641308784485
0.421093612909317
0.4933615028858185
0.43130308389663696
0.5265065431594849
0.3695962429046631
0.43130308389663696
0.5265065431594849
0.3695962429046631
0.43130308389663696
0.5265065431594849
0.3695962429046631
0.38464733958244324
0.32141339778900146
0.267822802066803
0.3950802683830261
0.28825777769088745
0.3950802683830261
0.28825777769088745
0.2754727005958557
0.2828661799430847
0.348445326089859
0.5918045043945312
0.4644014537334442
0.42925626039505005
0.5581105947494507
0.6392046213150024
0.6110523343086243
0.24640585482120514
0.45779502391815186
0.2877894639968872
0.4311688244342804
0.32560837268829346
0.4311688244342804
0.32560837268829346
0.39087408781051636
0.25321781635284424
0.5097475647926331
0.40243709087371826
0.4936901926994324
0.7113368511199951
0.28805485367774963
0.5882315039634705
0.48971372842788696
0.5203301310539246
0.5130290985107422
0.3371679484844208
0.33802714943885803
0.28662946820259094
0.33802714943885803
0.28662946820259094
0.3661947548389435
0.32890114188194275
0.5065396428108215
0.32890114188194275
0.5065396428108215
0.5325278043746948
0.38919150829315186
0.3288256824016571
0.3697037994861603
0.3267180621623993
0.3697037994861603
0.3267180621623993
0.25141528248786926
0.3113691806793213
0.25141528248786926
0.3113691806793213
0.5726386904716492
0.6178232431411743
0.5722823739051819
0.6178232431411743
0.5722823739051819
0.39170676469802856
0.48262566328048706
0.39143913984298706
0.48262566328048706
0.39143913984298706
0.45419642329216003
0.4647122323513031
0.5207188725471497
0.3656527101993561
0.30535218119621277
0.3063431978225708
0.40233516693115234
0.46023955941200256
0.6435667872428894
0.46023955941200256
0.6435667872428894
0.4619515836238861
0.6844683885574341
0.6105700135231018
0.6844683885574341
0.6105700135231018
0.5978738069534302
0.4242907166481018
0.41612350940704346
0.3086002767086029
0.41612350940704346
0.3086002767086029
0.40455031394958496
0.7449988722801208
0.41022923588752747
0.2803567945957184
0.40455031394958496
0.7449988722801208
0.41022923588752747
0.2803567945957184
0.40455031394958496
0.7449988722801208
0.41022923588752747
0.2803567945957184
0.40455031394958496
0.7449988722801208
0.41022923588752747
0.2803567945957184
0.4154658019542694
0.3725849390029907
0.5404961705207825
0.3725849390029907
0.5404961705207825
0.34913259744644165
0.5754309296607971
0.2642105519771576
0.28251704573631287
0.4220886528491974
0.47809702157974243
0.5334975719451904
0.28808924555778503
0.3358880281448364
0.38088884949684143
0.5528970956802368
0.34184664487838745
0.3135240972042084
0.4275737702846527
0.4847975969314575
0.4275737702846527
0.4847975969314575
0.36633631587028503
0.3872635066509247
0.2811284363269806
0.3872635066509247
0.2811284363269806
0.4546366035938263
0.678162157535553
0.4546366035938263
0.678162157535553
0.35178443789482117
0.4145693778991699
0.3475572168827057
0.41221877932548523
0.5065840482711792
0.4710742235183716
0.5694083571434021
0.32002124190330505
0.31973034143447876
0.6431925892829895
0.6211047172546387
0.41502082347869873
0.31973034143447876
0.6431925892829895
0.6211047172546387
0.41502082347869873
0.31973034143447876
0.6431925892829895
0.6211047172546387
0.41502082347869873
0.31973034143447876
0.6431925892829895
0.6211047172546387
0.41502082347869873
0.3917970657348633
0.576697826385498
0.3917970657348633
0.576697826385498
0.24577365815639496
0.29373177886009216
0.24577365815639496
0.29373177886009216
0.6591252088546753
0.4680595397949219
0.6591252088546753
0.4680595397949219
0.6273426413536072
0.2482099086046219
0.5598167777061462
0.3423527777194977
0.276644229888916
0.3423527777194977
0.276644229888916
0.255834698677063
0.3916641175746918
0.685011625289917
0.43693533539772034
0.47671207785606384
0.32772496342658997
0.6079872846603394
0.4090232253074646
0.27897578477859497
0.44884294271469116
0.4093165993690491
0.3333660066127777
0.3526592552661896
0.3333660066127777
0.3526592552661896
0.5795943737030029
0.22965875267982483
0.34671226143836975
0.22965875267982483
0.34671226143836975
0.4487130641937256
0.29177120327949524
0.42415520548820496
0.3691568076610565
0.38191136717796326
0.3691568076610565
0.38191136717796326
0.4950011372566223
0.550263524055481
0.5841203331947327
0.25932174921035767
0.26853880286216736
0.5952489972114563
0.4362199306488037
0.3232332468032837
0.3792383074760437
0.3186616599559784
0.3792383074760437
0.3186616599559784
0.41827720403671265
0.3679015636444092
0.5011310577392578
0.2516290247440338
0.3300860524177551
0.2516290247440338
0.3300860524177551
0.5093675851821899
0.34715408086776733
0.5099660158157349
0.34715408086776733
0.5099660158157349
0.3152420222759247
0.31460049748420715
0.2571406066417694
0.39918792247772217
0.2604128420352936
0.39918792247772217
0.2604128420352936
0.41617658734321594
0.41104114055633545
0.48799365758895874
0.41104114055633545
0.48799365758895874
0.6450830101966858
0.6316706538200378
0.29201412200927734
0.4664239287376404
0.47182324528694153
0.4664239287376404
0.47182324528694153
0.3545503616333008
0.4648660123348236
0.40131959319114685
0.2850092947483063
0.40131959319114685
0.2850092947483063
0.47302165627479553
0.423382967710495
0.6088639497756958
0.6887372136116028
0.5493066310882568
0.6887372136116028
0.5493066310882568
0.2833915948867798
0.3621681034564972
0.293063223361969
0.47356799244880676
0.3426149785518646
0.5557266473770142
0.5966189503669739
0.27880623936653137
0.2899714410305023
0.2588851749897003
0.5563367009162903
0.4468187093734741
0.27701491117477417
0.41413864493370056
0.5587388277053833
0.41413864493370056
0.5587388277053833
0.7086348533630371
0.7200168967247009
0.7086348533630371
0.7200168967247009
0.3285307288169861
0.34242433309555054
0.3339192271232605
0.4189510941505432
0.5209839940071106
0.3651297390460968
0.3291648030281067
0.3651297390460968
0.3291648030281067
0.5864477157592773
0.48969805240631104
0.46413466334342957
0.39435407519340515
0.5791411995887756
0.3259774446487427
0.3365744948387146
0.3725983500480652
0.40846922993659973
0.3752651512622833
0.3202955424785614
0.3355955481529236
0.5304518342018127
0.25341829657554626
0.5073837041854858
0.6875439882278442
0.5381755232810974
0.4370841979980469
0.3062361478805542
0.3587616980075836
0.3062361478805542
0.3587616980075836
0.5070517659187317
0.4360562860965729
0.3352336883544922
0.4360562860965729
0.3352336883544922
0.6812201738357544
0.2614152431488037
0.31820493936538696
0.5799911618232727
0.3610007166862488
0.4153866171836853
0.4611002802848816
0.6180402040481567
0.4611002802848816
0.6180402040481567
0.2653365135192871
0.32912346720695496
0.2653365135192871
0.32912346720695496
0.27086108922958374
0.43559956550598145
0.40176716446876526
0.4044920802116394
0.3752877116203308
0.4003572165966034
0.4998062252998352
0.4707927703857422
0.4998062252998352
0.4707927703857422
0.32987597584724426
0.5072305202484131
0.3010629713535309
0.33402982354164124
0.33944395184516907
0.38743093609809875
0.3989364802837372
0.3299325704574585
0.5639988780021667
0.2796243727207184
0.3798120319843292
0.5096152424812317
0.30326882004737854
0.5294535160064697
0.5631767511367798
0.3045799136161804
0.6691907644271851
0.57521653175354
0.5392247438430786
0.6691907644271851
0.57521653175354
0.5392247438430786
0.6691907644271851
0.57521653175354
0.5392247438430786
0.5715232491493225
0.39691242575645447
0.2851221263408661
0.3047407865524292
0.31649914383888245
0.25435349345207214
0.5872697830200195
0.3532700836658478
0.5572251677513123
0.2934251129627228
0.5572251677513123
0.2934251129627228
0.3453686833381653
0.47930192947387695
0.44535031914711
0.3727823495864868
0.4950011372566223
0.6611681580543518
0.4951798915863037
0.4822060465812683
0.4238224923610687
0.3812492787837982
0.5450526475906372
0.6252645254135132
0.7116600275039673
0.5450526475906372
0.6252645254135132
0.7116600275039673
0.5450526475906372
0.6252645254135132
0.7116600275039673
0.3579086363315582
0.4490625262260437
0.6347877383232117
0.5707019567489624
0.5648983716964722
0.4686909019947052
0.510341227054596
0.3388819098472595
0.6047812700271606
0.2929936647415161
0.4071275591850281
0.3529927432537079
0.5614935755729675
0.4071275591850281
0.3529927432537079
0.5614935755729675
0.4071275591850281
0.3529927432537079
0.5614935755729675
0.3652813732624054
0.746122419834137
0.4618798792362213
0.6762328743934631
0.4618798792362213
0.6762328743934631
0.6564263105392456
0.4562174081802368
0.7179226875305176
0.5824625492095947
0.3043212294578552
0.40859586000442505
0.4954043924808502
0.40859586000442505
0.4954043924808502
0.4677692949771881
0.3387034833431244
0.42963528633117676
0.35279402136802673
0.4815922677516937
0.28570643067359924
0.559859573841095
0.646007239818573
0.28570643067359924
0.559859573841095
0.646007239818573
0.28570643067359924
0.559859573841095
0.646007239818573
0.6325376033782959
0.42642122507095337
0.3689533472061157
0.3956892192363739
0.3565967082977295
0.3042745590209961
0.3089161813259125
0.5677180290222168
0.29235348105430603
0.3646891713142395
0.29235348105430603
0.3646891713142395
0.38653329014778137
0.4368026852607727
0.2994309961795807
0.4368026852607727
0.2994309961795807
0.36245331168174744
0.6080485582351685
0.45456308126449585
0.543825626373291
0.45456308126449585
0.543825626373291
0.49161940813064575
0.27355054020881653
0.41707897186279297
0.5085387229919434
0.39802733063697815
0.5023985505104065
0.5753763318061829
0.3277009129524231
0.6209094524383545
0.6139581203460693
0.6245999336242676
0.6139581203460693
0.6245999336242676
0.28596633672714233
0.3200502097606659
0.2748429775238037
0.4774991571903229
0.48007073998451233
0.350879043340683
0.495915025472641
0.49224337935447693
0.255354106426239
0.49224337935447693
0.255354106426239
0.27628880739212036
0.4167960286140442
0.3275183439254761
0.29303067922592163
0.3450441062450409
0.37684112787246704
0.29303067922592163
0.3450441062450409
0.37684112787246704
0.29303067922592163
0.3450441062450409
0.37684112787246704
0.32816389203071594
0.3987385928630829
0.5299879908561707
0.3987385928630829
0.5299879908561707
0.5539401769638062
0.5485942363739014
0.3714485466480255
0.4144241213798523
0.3212154805660248
0.4233255386352539
0.43431368470191956
0.4233255386352539
0.43431368470191956
0.2898344099521637
0.5285500884056091
0.3790654242038727
0.6075953841209412
0.2507071793079376
0.6075953841209412
0.2507071793079376
0.5604804158210754
0.2947620153427124
0.40069079399108887
0.43490687012672424
0.302238792181015
0.4610196352005005
0.4662575125694275
0.5674838423728943
0.4918249249458313
0.5674838423728943
0.4918249249458313
0.48629099130630493
0.2965371906757355
0.2920553684234619
0.3740960657596588
0.2920553684234619
0.3740960657596588
0.43746334314346313
0.31267210841178894
0.5750885605812073
0.25129857659339905
0.286650687456131
0.42866647243499756
0.3760640621185303
0.41548123955726624
0.27164527773857117
0.5241864919662476
0.25987982749938965
0.6129249930381775
0.2527880072593689
0.4887605607509613
0.2527880072593689
0.4887605607509613
0.26530367136001587
0.27373334765434265
0.44238972663879395
0.308180570602417
0.5201240181922913
0.5868170261383057
0.3812331259250641
0.4852257966995239
0.3812331259250641
0.4852257966995239
0.45554399490356445
0.3402624726295471
0.5832125544548035
0.36513498425483704
0.33988213539123535
0.5561214685440063
0.3853815495967865
0.5561214685440063
0.3853815495967865
0.5422452092170715
0.39837178587913513
0.49581387639045715
0.48502010107040405
0.3110004663467407
0.2491370588541031
0.5978394150733948
0.3482514023780823
0.2746020555496216
0.3482514023780823
0.2746020555496216
0.5092105269432068
0.3717893958091736
0.41344743967056274
0.5400468707084656
0.3704090714454651
0.39428630471229553
0.43375974893569946
0.3605678379535675
0.4811755120754242
0.48773854970932007
0.4811755120754242
0.48773854970932007
0.34976744651794434
0.7130711078643799
0.34017667174339294
0.3972582519054413
0.27790161967277527
0.4417818784713745
0.43496277928352356
0.27790161967277527
0.4417818784713745
0.43496277928352356
0.27790161967277527
0.4417818784713745
0.43496277928352356
0.616775393486023
0.3886226415634155
0.5552816987037659
0.3886226415634155
0.5552816987037659
0.29755881428718567
0.4540078043937683
0.3209245800971985
0.383239209651947
0.3088480532169342
0.32485106587409973
0.2743273377418518
0.3554207384586334
0.2743273377418518
0.3554207384586334
0.4996456503868103
0.47527456283569336
0.549056887626648
0.4996456503868103
0.47527456283569336
0.549056887626648
0.4996456503868103
0.47527456283569336
0.549056887626648
0.3005363941192627
0.28069984912872314
0.3005363941192627
0.28069984912872314
0.5254538059234619
0.44679567217826843
0.5254538059234619
0.44679567217826843
0.35648834705352783
0.27484026551246643
0.5374239683151245
0.5840747952461243
0.4637976288795471
0.5840747952461243
0.4637976288795471
0.30247408151626587
0.3372010290622711
0.2813907265663147
0.2929566204547882
0.2813907265663147
0.2929566204547882
0.5972639918327332
0.3102734386920929
0.5444580316543579
0.3102734386920929
0.5444580316543579
0.5953618288040161
0.6479001641273499
0.5415557622909546
0.5953618288040161
0.6479001641273499
0.5415557622909546
0.5953618288040161
0.6479001641273499
0.5415557622909546
0.3826912045478821
0.35601547360420227
0.39184051752090454
0.417951762676239
0.407409131526947
0.2897081673145294
0.6104280352592468
0.2897081673145294
0.6104280352592468
0.34047091007232666
0.29910045862197876
0.35575103759765625
0.4599570631980896
0.3513721525669098
0.5118699073791504
0.3895133435726166
0.5100527405738831
0.532623291015625
0.5100527405738831
0.532623291015625
0.4421854615211487
0.34704428911209106
0.4421854615211487
0.34704428911209106
0.3387710154056549
0.36012017726898193
0.3387710154056549
0.36012017726898193
0.2545017600059509
0.36184704303741455
0.30247125029563904
0.6745233535766602
0.3654843270778656
0.3346168100833893
0.46885472536087036
0.3678498864173889
0.40975841879844666
0.46885472536087036
0.3678498864173889
0.40975841879844666
0.46885472536087036
0.3678498864173889
0.40975841879844666
0.506412923336029
0.4116149842739105
0.26703596115112305
0.28795325756073
0.26703596115112305
0.28795325756073
0.5135623216629028
0.2960949242115021
0.5877305865287781
0.25369593501091003
0.5655792355537415
0.2667589485645294
0.6391090750694275
0.6149110198020935
0.6135132312774658
0.33503636717796326
0.30344098806381226
0.3268110156059265
0.29378509521484375
0.30341508984565735
0.4409036338329315
0.34237775206565857
0.2680094242095947
0.4957055449485779
0.2680094242095947
0.4957055449485779
0.34984803199768066
0.4032226800918579
0.6411349773406982
0.4032226800918579
0.6411349773406982
0.6640965342521667
0.2815759479999542
0.318851500749588
0.3808172047138214
0.43320751190185547
0.3464861214160919
0.5138639211654663
0.5895801186561584
0.5572313666343689
0.5895801186561584
0.5572313666343689
0.5689368844032288
0.3227018713951111
0.38316774368286133
0.3227018713951111
0.38316774368286133
0.6293455362319946
0.47456538677215576
0.3323560953140259
0.36027443408966064
0.23825529217720032
0.36027443408966064
0.23825529217720032
0.3243015706539154
0.4552821218967438
0.33878472447395325
0.532787024974823
0.5408854484558105
0.4390706717967987
0.532787024974823
0.5408854484558105
0.4390706717967987
0.532787024974823
0.5408854484558105
0.4390706717967987
0.26689454913139343
0.3109619915485382
0.23492372035980225
0.32323381304740906
0.6169196963310242
0.6282296180725098
0.3150900900363922
0.2604953646659851
0.28727516531944275
0.42968273162841797
0.4449758529663086
0.4488404393196106
0.421429306268692
0.288442462682724
0.5009512901306152
0.36437252163887024
0.28846433758735657
0.40354615449905396
0.35243552923202515
0.35704028606414795
0.5653181672096252
0.47642579674720764
0.5158184766769409
0.4193797707557678
0.5158184766769409
0.4193797707557678
0.3202957510948181
0.43827441334724426
0.32923227548599243
0.3535640835762024
0.426352858543396
0.4739644527435303
0.28093472123146057
0.29167768359184265
0.2854679226875305
0.6711576581001282
0.39442625641822815
0.4407123029232025
0.3367407023906708
0.5180974006652832
0.3826209306716919
0.42530548572540283
0.5675118565559387
0.25420305132865906
0.49734988808631897
0.4569084346294403
0.6275441646575928
0.29946523904800415
0.35309308767318726
0.6373107433319092
0.35309308767318726
0.6373107433319092
0.30980467796325684
0.6986042261123657
0.6206790804862976
0.5336431264877319
0.285925030708313
0.5176697373390198
0.5938105583190918
0.316109299659729
0.29272106289863586
0.316109299659729
0.29272106289863586
0.6132545471191406
0.25731077790260315
0.3684307634830475
0.5607520341873169
0.49064287543296814
0.5607520341873169
0.49064287543296814
0.3253473937511444
0.6320755481719971
0.6269371509552002
0.339029461145401
0.33578363060951233
0.27223894000053406
0.4971664845943451
0.33384791016578674
0.28467628359794617
0.32364970445632935
0.49813202023506165
0.42531588673591614
0.49813202023506165
0.42531588673591614
0.5953537225723267
0.6055626273155212
0.28134024143218994
0.24664880335330963
0.28134024143218994
0.24664880335330963
0.29735052585601807
0.4301629662513733
0.8066685199737549
0.7118937373161316
0.6261011958122253
0.39898964762687683
0.8066685199737549
0.7118937373161316
0.6261011958122253
0.39898964762687683
0.8066685199737549
0.7118937373161316
0.6261011958122253
0.39898964762687683
0.8066685199737549
0.7118937373161316
0.6261011958122253
0.39898964762687683
0.3032689094543457
0.2928207218647003
0.43284860253334045
0.3664180338382721
0.5199084281921387
0.3059968948364258
0.47571948170661926
0.5422787666320801
0.47571948170661926
0.5422787666320801
0.42554599046707153
0.34519365429878235
0.48425209522247314
0.43983080983161926
0.48425209522247314
0.43983080983161926
0.3407421112060547
0.37805864214897156
0.349644273519516
0.5006492733955383
0.24270974099636078
0.41801589727401733
0.25362852215766907
0.5432717204093933
0.24809573590755463
0.3969844877719879
0.3374533951282501
0.2782430946826935
0.3374533951282501
0.2782430946826935
0.3749428987503052
0.6764079928398132
0.3047381341457367
0.33560124039649963
0.34086719155311584
0.6462004780769348
0.4153612554073334
0.3752762973308563
0.6039379239082336
0.5736886858940125
0.46290016174316406
0.5736886858940125
0.46290016174316406
0.49401819705963135
0.3404516875743866
0.34507688879966736
0.314983606338501
0.39370980858802795
0.32941901683807373
0.32403647899627686
0.31734585762023926
0.36001577973365784
0.38714599609375
0.36001577973365784
0.38714599609375
0.41153475642204285
0.6733768582344055
0.41153475642204285
0.6733768582344055
0.48276859521865845
0.2691308856010437
0.532277524471283
0.38989803194999695
0.3722522556781769
0.47639742493629456
0.4006401002407074
0.47639742493629456
0.4006401002407074
0.6997762322425842
0.29178228974342346
0.35873597860336304
0.45654958486557007
0.4274241626262665
0.4417366683483124
0.3810282051563263
0.2626044452190399
0.4417366683483124
0.3810282051563263
0.2626044452190399
0.4417366683483124
0.3810282051563263
0.2626044452190399
0.45151764154434204
0.3736875653266907
0.40209993720054626
0.37476417422294617
0.2647261321544647
0.37476417422294617
0.2647261321544647
0.3592154085636139
0.48710280656814575
0.5704906582832336
0.6314449906349182
0.5275311470031738
0.2626730799674988
0.30868467688560486
0.2626730799674988
0.30868467688560486
0.33772024512290955
0.5428761839866638
0.36806967854499817
0.5428761839866638
0.36806967854499817
0.7059000134468079
0.4600609242916107
0.3150580823421478
0.670336127281189
0.4247785806655884
0.5257304310798645
0.448102205991745
0.5561858415603638
0.41313636302948
0.43238896131515503
0.3518878221511841
0.43238896131515503
0.3518878221511841
0.37853896617889404
0.28493255376815796
0.2991845905780792
0.31919822096824646
0.23144219815731049
0.30786171555519104
0.4471918046474457
0.30786171555519104
0.4471918046474457
0.41075584292411804
0.5475988388061523
0.34347227215766907
0.30769050121307373
0.5318503975868225
0.3748434782028198
0.5318503975868225
0.3748434782028198
0.23962172865867615
0.37993553280830383
0.4697398543357849
0.5085999369621277
0.6590933203697205
0.614912211894989
0.6133080124855042
0.46599286794662476
0.42296794056892395
0.25002047419548035
0.42296794056892395
0.25002047419548035
0.47063305974006653
0.6967669725418091
0.5036543011665344
0.6967669725418091
0.5036543011665344
0.5846453309059143
0.3889625072479248
0.4264770448207855
0.2616889774799347
0.28662019968032837
0.6329242587089539
0.38953790068626404
0.44091707468032837
0.5067453384399414
0.6140641570091248
0.34036582708358765
0.44083356857299805
0.461152046918869
0.44588205218315125
0.4975966215133667
0.4835728108882904
0.3177850842475891
0.3661683201789856
0.3906745910644531
0.29234012961387634
0.4135057032108307
0.29234012961387634
0.4135057032108307
0.4210338592529297
0.36615851521492004
0.6961784958839417
0.22985050082206726
0.6058809161186218
0.517861008644104
0.4185945689678192
0.5247824192047119
0.4676126539707184
0.5247824192047119
0.4676126539707184
0.2949385941028595
0.3471541702747345
0.5150040984153748
0.3471541702747345
0.5150040984153748
0.5128543972969055
0.3355293869972229
0.6382121443748474
0.4924706220626831
0.5993784666061401
0.581798255443573
0.24027027189731598
0.5078827738761902
0.6105019450187683
0.35796627402305603
0.3853690028190613
0.35796627402305603
0.3853690028190613
0.36057665944099426
0.3428308069705963
0.36057665944099426
0.3428308069705963
0.23714421689510345
0.3796595335006714
0.36428213119506836
0.31713762879371643
0.43099403381347656
0.2655051052570343
0.5625319480895996
0.6086713671684265
0.48550575971603394
0.3164324164390564
0.3258034586906433
0.3775441348552704
0.31295663118362427
0.3775441348552704
0.31295663118362427
0.28197431564331055
0.28154298663139343
0.28197431564331055
0.28154298663139343
0.5789054036140442
0.5013793706893921
0.3980879783630371
0.47278058528900146
0.479096382856369
0.3067915439605713
0.479096382856369
0.3067915439605713
0.654551088809967
0.33468112349510193
0.654551088809967
0.33468112349510193
0.28707045316696167
0.3639099597930908
0.39271268248558044
0.28863778710365295
0.31613022089004517
0.3220727741718292
0.3785287141799927
0.41760939359664917
0.4013307988643646
0.5474376082420349
0.6422727704048157
0.46264177560806274
0.30705809593200684
0.3508548438549042
0.30705809593200684
0.3508548438549042
0.4953728914260864
0.3270297646522522
0.2842136323451996
0.5963597297668457
0.2591992914676666
0.4084964394569397
0.2591992914676666
0.4084964394569397
0.5474390983581543
0.5684468746185303
0.3753092586994171
0.5684468746185303
0.3753092586994171
0.37989217042922974
0.2935854494571686
0.31447073817253113
0.5939055681228638
0.500176727771759
0.5672139525413513
0.5091870427131653
0.5672139525413513
0.5091870427131653
0.34527286887168884
0.28596431016921997
0.29959040880203247
0.5879109501838684
0.39328935742378235
0.4107857942581177
0.39328935742378235
0.4107857942581177
0.672029972076416
0.3235534131526947
0.39521145820617676
0.46829524636268616
0.3455698788166046
0.3009977638721466
0.3455698788166046
0.3009977638721466
0.4816763699054718
0.2867811918258667
0.41306087374687195
0.41954654455184937
0.559759795665741
0.4291590452194214
0.8008097410202026
0.4291590452194214
0.8008097410202026
0.6487741470336914
0.38620269298553467
0.6516178846359253
0.43679991364479065
0.46942588686943054
0.3123708665370941
0.3894130289554596
0.2582578659057617
0.43641793727874756
0.2545524835586548
0.43641793727874756
0.2545524835586548
0.621465265750885
0.5288835167884827
0.3747752606868744
0.26721715927124023
0.5145463943481445
0.3244711458683014
0.6282387375831604
0.3564786911010742
0.30978503823280334
0.25078487396240234
0.7222491502761841
0.4477260410785675
0.4123964309692383
0.5746713876724243
0.4262332618236542
0.47206684947013855
0.5630921721458435
0.4129377603530884
0.5658247470855713
0.46692684292793274
0.49603286385536194
0.41552770137786865
0.2767888307571411
0.4726942181587219
0.38926318287849426
0.46843886375427246
0.33326494693756104
0.31676316261291504
0.4636383652687073
0.4176587760448456
0.43257951736450195
0.4176587760448456
0.43257951736450195
0.41378509998321533
0.317022442817688
0.49029526114463806
0.5421710014343262
0.26725897192955017
0.49029526114463806
0.5421710014343262
0.26725897192955017
0.49029526114463806
0.5421710014343262
0.26725897192955017
0.3616425096988678
0.27835485339164734
0.24846094846725464
0.2604711055755615
0.38166090846061707
0.43637076020240784
0.29038146138191223
0.38166090846061707
0.43637076020240784
0.29038146138191223
0.38166090846061707
0.43637076020240784
0.29038146138191223
0.34985706210136414
0.46564143896102905
0.48089683055877686
0.27082011103630066
0.46883758902549744
0.4628985822200775
0.3286116421222687
0.3372288644313812
0.332978218793869
0.2933540642261505
0.332978218793869
0.2933540642261505
0.33245131373405457
0.3146781623363495
0.47864478826522827
0.6407009959220886
0.3715582489967346
0.5485407710075378
0.3502536714076996
0.32052963972091675
0.3502536714076996
0.32052963972091675
0.2562156319618225
0.2760108411312103
0.4950624704360962
0.6598921418190002
0.4549356997013092
0.396451473236084
0.27674853801727295
0.39959946274757385
0.3604815900325775
0.5869316458702087
0.5054189562797546
0.34973669052124023
0.36679592728614807
0.5896061062812805
0.49079224467277527
0.2897884249687195
0.5367209315299988
0.3689872920513153
0.5101808309555054
0.5602057576179504
0.6136199235916138
0.3537856638431549
0.5738372206687927
0.4321776032447815
0.41348716616630554
0.4753491282463074
0.5599775910377502
0.4753491282463074
0.5599775910377502
0.5510385036468506
0.6712871193885803
0.46199989318847656
0.4151184558868408
0.38969120383262634
0.30399850010871887
0.38969120383262634
0.30399850010871887
0.5774816870689392
0.5199882388114929
0.3129006028175354
0.26599982380867004
0.3379824757575989
0.245295450091362
0.29107794165611267
0.394815593957901
0.33272019028663635
0.31989970803260803
0.47808900475502014
0.34487244486808777
0.3948962092399597
0.37282928824424744
0.54544597864151
0.3241977095603943
0.40766188502311707
0.6122759580612183
0.48002108931541443
0.5956709384918213
0.4992586672306061
0.3196423053741455
0.5023295879364014
0.3196423053741455
0.5023295879364014
0.6390278339385986
0.31142133474349976
0.6043310761451721
0.512527346611023
0.6043310761451721
0.512527346611023
0.5513420701026917
0.28413328528404236
0.31660646200180054
0.45971018075942993
0.372695654630661
0.3545704782009125
0.4517904222011566
0.5169111490249634
0.3545704782009125
0.4517904222011566
0.5169111490249634
0.3545704782009125
0.4517904222011566
0.5169111490249634
0.6375805735588074
0.4018913507461548
0.39510974287986755
0.4018913507461548
0.39510974287986755
0.5439074039459229
0.6411081552505493
0.5586758852005005
0.25359535217285156
0.49595120549201965
0.3229025602340698
0.2463923990726471
0.39822471141815186
0.3162784278392792
0.2801113724708557
0.3928283452987671
0.37596413493156433
0.6923497319221497
0.37425336241722107
0.420971542596817
0.3494337499141693
0.420971542596817
0.3494337499141693
0.3695126175880432
0.6092104315757751
0.44382423162460327
0.6092104315757751
0.44382423162460327
0.32783883810043335
0.3310020864009857
0.37851136922836304
0.2719549238681793
0.3343503773212433
0.2529667615890503
0.3960469663143158
0.2978799641132355
0.42139676213264465
0.35143762826919556
0.3014369308948517
0.593274712562561
0.5142701864242554
0.39791348576545715
0.2567056119441986
0.3287747800350189
0.25160831212997437
0.2558014690876007
0.5265535712242126
0.36718592047691345
0.28657039999961853
0.2889159321784973
0.30499690771102905
0.28369176387786865
0.3614581823348999
0.535489559173584
0.3614581823348999
0.535489559173584
0.546364426612854
0.41396287083625793
0.3663334846496582
0.41396287083625793
0.3663334846496582
0.4760153889656067
0.3634641170501709
0.4562174081802368
0.4926767349243164
0.46762600541114807
0.39035069942474365
0.41390499472618103
0.44606271386146545
0.41390499472618103
0.44606271386146545
0.3649022877216339
0.4252336323261261
0.5028048753738403
0.5003967881202698
0.5014982223510742
0.38289737701416016
0.3307412266731262
0.25646981596946716
0.3404822051525116
0.4020151197910309
0.40238597989082336
0.2908404767513275
0.5302165746688843
0.3802330791950226
0.6147310137748718
0.3802330791950226
0.6147310137748718
0.5205286145210266
0.5364755392074585
0.6410928964614868
0.5205286145210266
0.5364755392074585
0.6410928964614868
0.5205286145210266
0.5364755392074585
0.6410928964614868
0.45392659306526184
0.6076096296310425
0.45392659306526184
0.6076096296310425
0.4827077388763428
0.477678120136261
0.4827077388763428
0.477678120136261
0.3478826582431793
0.5473329424858093
0.5648288130760193
0.5337501764297485
0.5473329424858093
0.5648288130760193
0.5337501764297485
0.5473329424858093
0.5648288130760193
0.5337501764297485
0.43848004937171936
0.4292748272418976
0.250101238489151
0.30068477988243103
0.30939123034477234
0.30068477988243103
0.30939123034477234
0.4879663586616516
0.2813117802143097
0.6067350506782532
0.519805371761322
0.2700541317462921
0.336334228515625
0.3354058563709259
0.5045088529586792
0.6565552949905396
0.2900553345680237
0.3523543179035187
0.34630149602890015
0.30131009221076965
0.3523543179035187
0.34630149602890015
0.30131009221076965
0.3523543179035187
0.34630149602890015
0.30131009221076965
0.2589496970176697
0.35035330057144165
0.4156906306743622
0.3120061159133911
0.25257644057273865
0.5447821617126465
0.3120061159133911
0.25257644057273865
0.5447821617126465
0.3120061159133911
0.25257644057273865
0.5447821617126465
0.26217928528785706
0.3258301913738251
0.41634777188301086
0.3258301913738251
0.41634777188301086
0.2616865634918213
0.380061537027359
0.3640879690647125
0.24693816900253296
0.42252495884895325
0.41477492451667786
0.5661333799362183
0.41477492451667786
0.5661333799362183
0.49741584062576294
0.5587879419326782
0.49741584062576294
0.5587879419326782
0.3028552234172821
0.47985026240348816
0.3403833508491516
0.47985026240348816
0.3403833508491516
0.5614292025566101
0.5470883846282959
0.2902117371559143
0.494722843170166
0.4307705760002136
0.5828090310096741
0.4307705760002136
0.5828090310096741
0.5400468707084656
0.45346078276634216
0.6355891227722168
0.3519781529903412
0.5270611643791199
0.4134582579135895
0.444353312253952
0.6300051808357239
0.444353312253952
0.6300051808357239
0.3544897139072418
0.3745487630367279
0.2667400538921356
0.3862837255001068
0.2662375569343567
0.4244917035102844
0.24730388820171356
0.5553730726242065
0.338279664516449
0.2514084279537201
0.5531910061836243
0.5704778432846069
0.36524832248687744
0.5704778432846069
0.36524832248687744
0.48931485414505005
0.41291895508766174
0.48931485414505005
0.41291895508766174
0.3595421612262726
0.45673656463623047
0.5782727003097534
0.449901282787323
0.30179110169410706
0.2755851745605469
0.30179110169410706
0.2755851745605469
0.37821322679519653
0.5963043570518494
0.34385836124420166
0.5325630903244019
0.4127129018306732
0.3672506809234619
0.36784878373146057
0.2897387444972992
0.4047248363494873
0.36421123147010803
0.45301711559295654
0.302137166261673
0.33818328380584717
0.302137166261673
0.33818328380584717
0.5168718695640564
0.4592743515968323
0.5861862897872925
0.4181162118911743
0.2887509763240814
0.3460243344306946
0.4624407887458801
0.4499358832836151
0.29052719473838806
0.40018004179000854
0.29052719473838806
0.40018004179000854
0.3809899389743805
0.4174792766571045
0.3809899389743805
0.4174792766571045
0.39595744013786316
0.6450691223144531
0.5886114835739136
0.5423128008842468
0.5886114835739136
0.5423128008842468
0.2669852077960968
0.428631454706192
0.2895366847515106
0.39320921897888184
0.2895366847515106
0.39320921897888184
0.4841952621936798
0.2824874520301819
0.3667559325695038
0.2824874520301819
0.3667559325695038
0.23407520353794098
0.4690168797969818
0.2673660218715668
0.4690168797969818
0.2673660218715668
0.5053380727767944
0.4140607714653015
0.3917551636695862
0.5527859330177307
0.3917551636695862
0.5527859330177307
0.49528905749320984
0.3532659709453583
0.48609739542007446
0.28134456276893616
0.2824741005897522
0.4076724052429199
0.7168945670127869
0.3360019624233246
0.2947654128074646
0.4971682131290436
0.665791928768158
0.2800486385822296
0.5279306769371033
0.3051580786705017
0.34555914998054504
0.5076150298118591
0.34555914998054504
0.5076150298118591
0.4179399311542511
0.4619680345058441
0.4023910164833069
0.4179399311542511
0.4619680345058441
0.4023910164833069
0.4179399311542511
0.4619680345058441
0.4023910164833069
0.3729228079319
0.2586544156074524
0.5323227643966675
0.5746628642082214
0.5323227643966675
0.5746628642082214
0.5963597297668457
0.5165724158287048
0.6291121244430542
0.26986369490623474
0.5663699507713318
0.3417343497276306
0.36314189434051514
0.2594278156757355
0.36314189434051514
0.2594278156757355
0.5277391672134399
0.5227224230766296
0.5703893303871155
0.5227224230766296
0.5703893303871155
0.3034270107746124
0.31542059779167175
0.5909157991409302
0.2833763062953949
0.5909157991409302
0.2833763062953949
0.32924890518188477
0.2944043278694153
0.5204503536224365
0.6204860210418701
0.2653464674949646
0.42076319456100464
0.5638854503631592
0.42076319456100464
0.5638854503631592
0.36331707239151
0.34643080830574036
0.36331707239151
0.34643080830574036
0.316923052072525
0.5742853283882141
0.3362286686897278
0.27572402358055115
0.5370423197746277
0.3230900466442108
0.6930103898048401
0.25232696533203125
0.6491841673851013
0.5333126783370972
0.5159481763839722
0.6491841673851013
0.5333126783370972
0.5159481763839722
0.6491841673851013
0.5333126783370972
0.5159481763839722
0.44002509117126465
0.43921566009521484
0.7084635496139526
0.43921566009521484
0.7084635496139526
0.6851696968078613
0.25945162773132324
0.4197496473789215
0.266720175743103
0.3551444709300995
0.6483773589134216
0.5782299041748047
0.6483773589134216
0.5782299041748047
0.263619601726532
0.39749351143836975
0.2703380584716797
0.32561132311820984
0.3927064836025238
0.3461105227470398
0.3927064836025238
0.3461105227470398
0.3953046202659607
0.32477867603302
0.639273464679718
0.6531962752342224
0.6321814656257629
0.529630720615387
0.6321814656257629
0.529630720615387
0.5554227828979492
0.4384678602218628
0.5356315970420837
0.5292006134986877
0.2878364324569702
0.36091774702072144
0.4215148687362671
0.30308645963668823
0.35115694999694824
0.398674875497818
0.4448794424533844
0.48247095942497253
0.4448794424533844
0.48247095942497253
0.39631861448287964
0.6274751424789429
0.5233604311943054
0.6274751424789429
0.5233604311943054
0.44870108366012573
0.5163809657096863
0.37813037633895874
0.3595471680164337
0.5305401682853699
0.3041522800922394
0.5638986229896545
0.5628359913825989
0.5638986229896545
0.5628359913825989
0.36642715334892273
0.4230442941188812
0.3722098469734192
0.39723384380340576
0.26170146465301514
0.3722098469734192
0.39723384380340576
0.26170146465301514
0.3722098469734192
0.39723384380340576
0.26170146465301514
0.44191545248031616
0.30739596486091614
0.38472020626068115
0.44191399216651917
0.317868173122406
0.4675622880458832
0.2641531229019165
0.5885026454925537
0.3335995376110077
0.3718935549259186
0.4771181344985962
0.5598016381263733
0.5306634902954102
0.4771181344985962
0.5598016381263733
0.5306634902954102
0.4771181344985962
0.5598016381263733
0.5306634902954102
0.3191043734550476
0.2901155650615692
0.4208969473838806
0.2901155650615692
0.4208969473838806
0.3287598192691803
0.5322960019111633
0.36506783962249756
0.3886067867279053
0.5782221555709839
0.3663990795612335
0.38437342643737793
0.3529963195323944
0.3663990795612335
0.38437342643737793
0.3529963195323944
0.3663990795612335
0.38437342643737793
0.3529963195323944
0.3569735586643219
0.3210609555244446
0.2612197697162628
0.31186628341674805
0.3250495493412018
0.2612197697162628
0.31186628341674805
0.3250495493412018
0.2612197697162628
0.31186628341674805
0.3250495493412018
0.2968302369117737
0.5651884078979492
0.5871739387512207
0.35222384333610535
0.7247300148010254
0.6544499397277832
0.5218644142150879
0.7247300148010254
0.6544499397277832
0.5218644142150879
0.7247300148010254
0.6544499397277832
0.5218644142150879
0.42014533281326294
0.2975037693977356
0.3093222677707672
0.2975037693977356
0.3093222677707672
0.5204609632492065
0.5827676653862
0.45159775018692017
0.6146822571754456
0.6404298543930054
0.479949027299881
0.6404298543930054
0.479949027299881
0.6145979762077332
0.511938750743866
0.319386750459671
0.3072986602783203
0.3691135346889496
0.41704222559928894
0.5158144235610962
0.41704222559928894
0.5158144235610962
0.5141408443450928
0.3243573009967804
0.3975703716278076
0.36791905760765076
0.37044528126716614
0.34176164865493774
0.27826404571533203
0.4376770853996277
0.302252858877182
0.4376770853996277
0.302252858877182
0.3755737543106079
0.37493547797203064
0.6171160340309143
0.6088711619377136
0.26878419518470764
0.3146686553955078
0.5278288125991821
0.39468252658843994
0.4251146912574768
0.5021393895149231
0.4251146912574768
0.5021393895149231
0.2972762882709503
0.2824026048183441
0.2972762882709503
0.2824026048183441
0.27327945828437805
0.3049463629722595
0.6696988940238953
0.32202082872390747
0.3766065239906311
0.6503990888595581
0.2910115718841553
0.5687060952186584
0.4272643029689789
0.2951427400112152
0.6508914828300476
0.5935330390930176
0.6508914828300476
0.5935330390930176
0.4846494793891907
0.7518783807754517
0.4338380992412567
0.3638365566730499
0.5519640445709229
0.35676005482673645
0.5284732580184937
0.3386358320713043
0.3161693513393402
0.3410860598087311
0.6831533908843994
0.5008478760719299
0.374422550201416
0.28684788942337036
0.6379733085632324
0.5456583499908447
0.6379733085632324
0.5456583499908447
0.6706535220146179
0.5180696845054626
0.48555734753608704
0.3515746295452118
0.4663811922073364
0.3681338429450989
0.33689603209495544
0.5670047998428345
0.33689603209495544
0.5670047998428345
0.292577862739563
0.2954947352409363
0.292577862739563
0.2954947352409363
0.45689502358436584
0.4526672661304474
0.25867947936058044
0.41302233934402466
0.5060128569602966
0.4579923450946808
0.5682054758071899
0.5971146821975708
0.31948480010032654
0.38735219836235046
0.31948480010032654
0.38735219836235046
0.489772766828537
0.4303000867366791
0.30047735571861267
0.3243618607521057
0.622741162776947
0.30834710597991943
0.28219088912010193
0.5246022939682007
0.35253530740737915
0.28219088912010193
0.5246022939682007
0.35253530740737915
0.28219088912010193
0.5246022939682007
0.35253530740737915
0.6576483249664307
0.445585697889328
0.6576483249664307
0.445585697889328
0.2756979465484619
0.31011196970939636
0.30779045820236206
0.428150475025177
0.24483901262283325
0.2833445072174072
0.5807362794876099
0.2614656686782837
0.6356791257858276
0.24873025715351105
0.5668193101882935
0.24873025715351105
0.5668193101882935
0.37127283215522766
0.34675678610801697
0.3748115003108978
0.3801969587802887
0.5467615127563477
0.4417315423488617
0.5717291831970215
0.5467615127563477
0.4417315423488617
0.5717291831970215
0.5467615127563477
0.4417315423488617
0.5717291831970215
0.600732684135437
0.30003759264945984
0.29414859414100647
0.498359352350235
0.2717694044113159
0.4415793716907501
0.28384116291999817
0.4415793716907501
0.28384116291999817
0.27650803327560425
0.5301746129989624
0.4938642680644989
0.3824242949485779
0.37278831005096436
0.42268165946006775
0.37278831005096436
0.42268165946006775
0.58475261926651
0.26400551199913025
0.58475261926651
0.26400551199913025
0.35839617252349854
0.2939721345901489
0.35839617252349854
0.2939721345901489
0.3780171871185303
0.45364537835121155
0.29645559191703796
0.5780895948410034
0.36932694911956787
0.25845494866371155
0.36932694911956787
0.25845494866371155
0.4023086726665497
0.49506643414497375
0.27643561363220215
0.3610840439796448
0.27643561363220215
0.3610840439796448
0.2763494551181793
0.42726394534111023
0.5217139720916748
0.5739849209785461
0.3022380769252777
0.3240220248699188
0.4184861481189728
0.47966715693473816
0.606204092502594
0.5472578406333923
0.5142061710357666
0.3994072377681732
0.5472578406333923
0.5142061710357666
0.3994072377681732
0.5472578406333923
0.5142061710357666
0.3994072377681732
0.4695214033126831
0.6376516222953796
0.26726943254470825
0.6376516222953796
0.26726943254470825
0.4631776511669159
0.34436336159706116
0.28980132937431335
0.34436336159706116
0.28980132937431335
0.23907071352005005
0.39465993642807007
0.49782031774520874
0.37777239084243774
0.49782031774520874
0.37777239084243774
0.4416813254356384
0.39295029640197754
0.7190473675727844
0.45814627408981323
0.3042081892490387
0.5051681995391846
0.2675784230232239
0.39049971103668213
0.47467488050460815
0.4874035716056824
0.39049971103668213
0.47467488050460815
0.4874035716056824
0.39049971103668213
0.47467488050460815
0.4874035716056824
0.34027865529060364
0.2782721221446991
0.5395469069480896
0.36854809522628784
0.30691561102867126
0.27126067876815796
0.25550347566604614
0.6768672466278076
0.5183513164520264
0.6637165546417236
0.40804553031921387
0.6637165546417236
0.40804553031921387
0.46226194500923157
0.4495857059955597
0.337527871131897
0.24015606939792633
0.40018728375434875
0.4980838894844055
0.47295859456062317
0.25409987568855286
0.3076972961425781
0.4858585298061371
0.2608945071697235
0.45728856325149536
0.413918137550354
0.46909481287002563
0.4076240360736847
0.46909481287002563
0.4076240360736847
0.5197782516479492
0.3679068386554718
0.5691115260124207
0.5034714937210083
0.6205551624298096
0.5034714937210083
0.6205551624298096
0.2450476437807083
0.2585490047931671
0.5587640404701233
0.3897451162338257
0.3343902826309204
0.6915158629417419
0.27529194951057434
0.45117276906967163
0.4340094029903412
0.4487500786781311
0.5962494611740112
0.6133823990821838
0.49428603053092957
0.4611094892024994
0.35160133242607117
0.6584240198135376
0.2751482427120209
0.36565446853637695
0.3763906955718994
0.36169156432151794
0.3652670085430145
0.3860662579536438
0.4309080243110657
0.3753589987754822
0.5991198420524597
0.4309080243110657
0.3753589987754822
0.5991198420524597
0.4309080243110657
0.3753589987754822
0.5991198420524597
0.2938125729560852
0.6834251880645752
0.6486674547195435
0.6834251880645752
0.6486674547195435
0.3986463248729706
0.3791148364543915
0.3986463248729706
0.3791148364543915
0.31249377131462097
0.3714683949947357
0.27575334906578064
0.3659481108188629
0.41649413108825684
0.31719839572906494
0.41286540031433105
0.2663046419620514
0.41286540031433105
0.2663046419620514
0.40293097496032715
0.4859946072101593
0.34949514269828796
0.6576311588287354
0.4291192293167114
0.32214558124542236
0.5132126212120056
0.52787184715271
0.26670363545417786
0.46350032091140747
0.5013787150382996
0.24794970452785492
0.29632794857025146
0.24794970452785492
0.29632794857025146
0.5557853579521179
0.646834671497345
0.46351027488708496
0.3498191237449646
0.3411667048931122
0.5554914474487305
0.444816917181015
0.47246018052101135
0.5185754895210266
0.444816917181015
0.47246018052101135
0.5185754895210266
0.444816917181015
0.47246018052101135
0.5185754895210266
0.3087509572505951
0.46099257469177246
0.4287005364894867
0.5581273436546326
0.2944408357143402
0.3113056421279907
0.3381403088569641
0.5365952849388123
0.39227771759033203
0.3113056421279907
0.3381403088569641
0.5365952849388123
0.39227771759033203
0.3113056421279907
0.3381403088569641
0.5365952849388123
0.39227771759033203
0.3113056421279907
0.3381403088569641
0.5365952849388123
0.39227771759033203
0.5157443284988403
0.5082641839981079
0.5347389578819275
0.5082641839981079
0.5347389578819275
0.6496589779853821
0.3431682586669922
0.564332902431488
0.4680309593677521
0.5870960354804993
0.3418129086494446
0.5318354368209839
0.33170536160469055
0.31887099146842957
0.3365758955478668
0.5049088597297668
0.3406718671321869
0.42981675267219543
0.2304839789867401
0.47547683119773865
0.3554048538208008
0.6332030892372131
0.6309599876403809
0.6332030892372131
0.6309599876403809
0.2946775555610657
0.480876088142395
0.4122590124607086
0.33673328161239624
0.4122590124607086
0.33673328161239624
0.31104952096939087
0.32339155673980713
0.2495063841342926
0.6596570014953613
0.44300931692123413
0.6635751128196716
0.44300931692123413
0.6635751128196716
0.40581008791923523
0.35674339532852173
0.41146740317344666
0.24918721616268158
0.2992640733718872
0.44625020027160645
0.3171229064464569
0.4060353636741638
0.3441850244998932
0.4060353636741638
0.3441850244998932
0.4374011158943176
0.46219897270202637
0.40262526273727417
0.2678506076335907
0.40262526273727417
0.2678506076335907
0.3535647392272949
0.5137106776237488
0.6239376664161682
0.5137106776237488
0.6239376664161682
0.37223827838897705
0.5238202214241028
0.3204490840435028
0.43557512760162354
0.32464301586151123
0.3738628625869751
0.5290687084197998
0.3738628625869751
0.5290687084197998
0.4603694677352905
0.37062448263168335
0.4238661825656891
0.35773053765296936
0.49616315960884094
0.30963245034217834
0.4639125168323517
0.35773053765296936
0.49616315960884094
0.30963245034217834
0.4639125168323517
0.35773053765296936
0.49616315960884094
0.30963245034217834
0.4639125168323517
0.35773053765296936
0.49616315960884094
0.30963245034217834
0.4639125168323517
0.25972750782966614
0.4674184024333954
0.5548416376113892
0.4975883364677429
0.29699280858039856
0.4052262306213379
0.34803932905197144
0.28483784198760986
0.34803932905197144
0.28483784198760986
0.41365933418273926
0.3912559747695923
0.3521422743797302
0.4957704544067383
0.3521422743797302
0.4957704544067383
0.4733688235282898
0.29493051767349243
0.48679113388061523
0.2739698886871338
0.3213444948196411
0.5027962923049927
0.4251573085784912
0.25809961557388306
0.4251573085784912
0.25809961557388306
0.4830959141254425
0.5981454849243164
0.4830959141254425
0.5981454849243164
0.29738807678222656
0.35710734128952026
0.43007683753967285
0.35710734128952026
0.43007683753967285
0.41315576434135437
0.3531263470649719
0.26276203989982605
0.41079697012901306
0.5009877681732178
0.5448199510574341
0.4133116900920868
0.23838338255882263
0.4133116900920868
0.23838338255882263
0.4783390462398529
0.3307395875453949
0.3215983808040619
0.734983503818512
0.5411200523376465
0.734983503818512
0.5411200523376465
0.2577250301837921
0.315166175365448
0.4051927924156189
0.2970501184463501
0.34045177698135376
0.45761317014694214
0.5717200040817261
0.4193405210971832
0.2898222804069519
0.5514305830001831
0.660731315612793
0.3423808217048645
0.45859280228614807
0.5391262173652649
0.40011414885520935
0.372568815946579
0.28839683532714844
0.372568815946579
0.28839683532714844
0.35476645827293396
0.5746104717254639
0.3253471553325653
0.5746104717254639
0.3253471553325653
0.4703511893749237
0.4863521158695221
0.5823267102241516
0.6057976484298706
0.28528836369514465
0.6057976484298706
0.28528836369514465
0.2726210653781891
0.33312657475471497
0.3154835104942322
0.4518013298511505
0.5962108969688416
0.4518013298511505
0.5962108969688416
0.47952207922935486
0.6269557476043701
0.40750494599342346
0.6288136839866638
0.4378368556499481
0.5169830918312073
0.2709634304046631
0.24780215322971344
0.4074089229106903
0.2709634304046631
0.24780215322971344
0.4074089229106903
0.2709634304046631
0.24780215322971344
0.4074089229106903
0.3893861472606659
0.3312717080116272
0.25940826535224915
0.3312717080116272
0.25940826535224915
0.45672282576560974
0.3354572653770447
0.49767428636550903
0.2560276389122009
0.5798314809799194
0.3903813064098358
0.5436838269233704
0.5680484175682068
0.38520362973213196
0.42548060417175293
0.38520362973213196
0.42548060417175293
0.28626951575279236
0.5147846937179565
0.41110843420028687
0.5236403942108154
0.5447342991828918
0.41110843420028687
0.5236403942108154
0.5447342991828918
0.41110843420028687
0.5236403942108154
0.5447342991828918
0.674588680267334
0.42805805802345276
0.44895562529563904
0.25969603657722473
0.3567851185798645
0.44895562529563904
0.25969603657722473
0.3567851185798645
0.44895562529563904
0.25969603657722473
0.3567851185798645
0.6689451932907104
0.6891628503799438
0.2556176781654358
0.244968444108963
0.5590214133262634
0.3839891254901886
0.5606290698051453
0.3794655203819275
0.5241695642471313
0.3794655203819275
0.5241695642471313
0.40362948179244995
0.36793139576911926
0.3123496472835541
0.4187942147254944
0.2872355580329895
0.5787487030029297
0.619450569152832
0.42027416825294495
0.6013725996017456
0.619450569152832
0.42027416825294495
0.6013725996017456
0.619450569152832
0.42027416825294495
0.6013725996017456
0.41247448325157166
0.30164089798927307
0.3837795555591583
0.4233543276786804
0.299153596162796
0.3490569293498993
0.47690850496292114
0.3415667712688446
0.5719910860061646
0.38424405455589294
0.549591600894928
0.3235885500907898
0.2613193690776825
0.25599682331085205
0.3235885500907898
0.2613193690776825
0.25599682331085205
0.3235885500907898
0.2613193690776825
0.25599682331085205
0.506152868270874
0.255027711391449
0.543263852596283
0.5241913199424744
0.27897974848747253
0.5835059881210327
0.2756137251853943
0.27775686979293823
0.4989853501319885
0.6274158954620361
0.5204392671585083
0.305452436208725
0.2921643555164337
0.3345124423503876
0.54354327917099
0.5046725273132324
0.34913143515586853
0.6134616732597351
0.4655539095401764
0.2865031659603119
0.3607431650161743
0.36930975317955017
0.3592134416103363
0.4797861576080322
0.5058315396308899
0.3592134416103363
0.4797861576080322
0.5058315396308899
0.3592134416103363
0.4797861576080322
0.5058315396308899
0.5087405443191528
0.5601623058319092
0.5087405443191528
0.5601623058319092
0.3488253057003021
0.4101200997829437
0.5239051580429077
0.4101200997829437
0.5239051580429077
0.32324081659317017
0.2975558042526245
0.42931410670280457
0.7096008062362671
0.3017466068267822
0.37756165862083435
0.39494311809539795
0.37756165862083435
0.39494311809539795
0.45728084444999695
0.2596142888069153
0.2746250331401825
0.3665381968021393
0.3253260552883148
0.41597652435302734
0.6748338937759399
0.41597652435302734
0.6748338937759399
0.6641217470169067
0.4278804063796997
0.43999698758125305
0.4278804063796997
0.43999698758125305
0.5235978960990906
0.6656275987625122
0.3133653402328491
0.47113388776779175
0.4919617176055908
0.4942232370376587
0.2543041408061981
0.27316153049468994
0.2543041408061981
0.27316153049468994
0.38942086696624756
0.5124358534812927
0.5788318514823914
0.4231559634208679
0.2903769016265869
0.28779539465904236
0.2903769016265869
0.28779539465904236
0.41905274987220764
0.34830737113952637
0.5900651812553406
0.5468619465827942
0.5900651812553406
0.5468619465827942
0.525208592414856
0.6129237413406372
0.525208592414856
0.6129237413406372
0.48290523886680603
0.5066112875938416
0.4319816827774048
0.4054628312587738
0.4285096526145935
0.29769882559776306
0.3691573143005371
0.31950756907463074
0.2702181339263916
0.3392297327518463
0.27253448963165283
0.3392297327518463
0.27253448963165283
0.33419355750083923
0.3960775136947632
0.42515644431114197
0.5964497327804565
0.5354450345039368
0.5085762739181519
0.2834503948688507
0.3144278824329376
0.5085762739181519
0.2834503948688507
0.3144278824329376
0.5085762739181519
0.2834503948688507
0.3144278824329376
0.39732277393341064
0.3564044237136841
0.33504632115364075
0.32989072799682617
0.5984636545181274
0.5285239815711975
0.5513024926185608
0.3577302396297455
0.47846442461013794
0.5513024926185608
0.3577302396297455
0.47846442461013794
0.5513024926185608
0.3577302396297455
0.47846442461013794
0.40033823251724243
0.43046334385871887
0.47315678000450134
0.36221638321876526
0.3604409992694855
0.36221638321876526
0.3604409992694855
0.33784931898117065
0.45457515120506287
0.5465648770332336
0.44389137625694275
0.3618437647819519
0.2987652122974396
0.3147660493850708
0.2755630910396576
0.6790617108345032
0.55008864402771
0.6357187032699585
0.55008864402771
0.6357187032699585
0.5567593574523926
0.6732706427574158
0.38159170746803284
0.6731786727905273
0.3834373652935028
0.3242555260658264
0.4702479839324951
0.4461808204650879
0.2742787003517151
0.2571207880973816
0.2714568078517914
0.37425240874290466
0.3190173804759979
0.37425240874290466
0.3190173804759979
0.46650490164756775
0.4433942139148712
0.6275017857551575
0.2562444508075714
0.3431330621242523
0.2562444508075714
0.3431330621242523
0.28238093852996826
0.6886146664619446
0.30816763639450073
0.5722655057907104
0.30816763639450073
0.5722655057907104
0.637736439704895
0.6432073712348938
0.41460782289505005
0.48739880323410034
0.31620433926582336
0.6595720648765564
0.31620433926582336
0.6595720648765564
0.31595921516418457
0.28307610750198364
0.31595921516418457
0.28307610750198364
0.45574334263801575
0.29850077629089355
0.45574334263801575
0.29850077629089355
0.5932468771934509
0.2862822711467743
0.5932468771934509
0.2862822711467743
0.2729002833366394
0.5041381120681763
0.25958555936813354
0.6342301964759827
0.23977364599704742
0.46116453409194946
0.27276384830474854
0.2629035711288452
0.5273252725601196
0.4817974865436554
0.5560250282287598
0.33887147903442383
0.5761711597442627
0.6087060570716858
0.4700475037097931
0.6746969819068909
0.4047073423862457
0.4551042914390564
0.3453614115715027
0.6545494198799133
0.3453614115715027
0.6545494198799133
0.4363209903240204
0.303469717502594
0.5950828194618225
0.4415214955806732
0.46783629059791565
0.33655282855033875
0.2746238112449646
0.3740652799606323
0.30379483103752136
0.5480054616928101
0.4095718562602997
0.2756904363632202
0.26161089539527893
0.5685040950775146
0.42384499311447144
0.5548074245452881
0.48846566677093506
0.6770887970924377
0.4029878079891205
0.5498479604721069
0.41895008087158203
0.5963597297668457
0.29537099599838257
0.49629634618759155
0.48757874965667725
0.5746583938598633
0.48757874965667725
0.5746583938598633
0.5334084033966064
0.5642911195755005
0.44044503569602966
0.3319956660270691
0.5360588431358337
0.3319956660270691
0.5360588431358337
0.4703693687915802
0.2599957287311554
0.6331539154052734
0.4068891704082489
0.3887108862400055
0.5093088746070862
0.4057009518146515
0.5093088746070862
0.4057009518146515
0.5445351004600525
0.3691779673099518
0.5201237201690674
0.3691779673099518
0.5201237201690674
0.46942904591560364
0.39204007387161255
0.3508259356021881
0.5336681604385376
0.33469584584236145
0.29435279965400696
0.5242691040039062
0.2895914614200592
0.5200046896934509
0.3345686197280884
0.26253271102905273
0.5406662821769714
0.26253271102905273
0.5406662821769714
0.3970094621181488
0.3055671155452728
0.6528323292732239
0.5348277688026428
0.5053105354309082
0.37890249490737915
0.5912702679634094
0.44851377606391907
0.48460954427719116
0.7119433283805847
0.4377840757369995
0.48460954427719116
0.7119433283805847
0.4377840757369995
0.48460954427719116
0.7119433283805847
0.4377840757369995
0.3055775463581085
0.5189282298088074
0.331277996301651
0.5102466344833374
0.33325979113578796
0.23122341930866241
0.4146549701690674
0.4592314064502716
0.4119258224964142
0.28222376108169556
0.498851478099823
0.38780683279037476
0.26586073637008667
0.34014126658439636
0.42594704031944275
0.23576462268829346
0.5947957038879395
0.6082037687301636
0.37303289771080017
0.36215054988861084
0.37303289771080017
0.36215054988861084
0.6199978590011597
0.6460103988647461
0.4048336148262024
0.6199978590011597
0.6460103988647461
0.4048336148262024
0.6199978590011597
0.6460103988647461
0.4048336148262024
0.5809767842292786
0.33871591091156006
0.4019390642642975
0.3800649046897888
0.4374106824398041
0.4474852979183197
0.4374106824398041
0.4474852979183197
0.37162497639656067
0.5624653697013855
0.3371756076812744
0.382813423871994
0.3457432985305786
0.64890056848526
0.370292603969574
0.5372100472450256
0.3475564420223236
0.5719602108001709
0.3475564420223236
0.5719602108001709
0.433565229177475
0.40480053424835205
0.6801463961601257
0.3997713327407837
0.3051295578479767
0.3119257390499115
0.31331032514572144
0.6006009578704834
0.2939381003379822
0.35517823696136475
0.7528374195098877
0.7053132653236389
0.3247511088848114
0.6375263333320618
0.4559476673603058
0.7528374195098877
0.7053132653236389
0.3247511088848114
0.6375263333320618
0.4559476673603058
0.7528374195098877
0.7053132653236389
0.3247511088848114
0.6375263333320618
0.4559476673603058
0.7528374195098877
0.7053132653236389
0.3247511088848114
0.6375263333320618
0.4559476673603058
0.7528374195098877
0.7053132653236389
0.3247511088848114
0.6375263333320618
0.4559476673603058
0.33311182260513306
0.293596088886261
0.5006657838821411
0.3636528253555298
0.555374801158905
0.3022593557834625
0.30948758125305176
0.33885514736175537
0.6302204132080078
0.2941206693649292
0.29964566230773926
0.5798271298408508
0.6494183540344238
0.27937641739845276
0.5915889143943787
0.2962735891342163
0.4719555377960205
0.5915889143943787
0.2962735891342163
0.4719555377960205
0.5915889143943787
0.2962735891342163
0.4719555377960205
0.271727055311203
0.3930678963661194
0.277397096157074
0.26275548338890076
0.277397096157074
0.26275548338890076
0.5589943528175354
0.342854380607605
0.4825611114501953
0.5096318125724792
0.4682881534099579
0.3624955713748932
0.29306313395500183
0.3388647735118866
0.5658945441246033
0.37048664689064026
0.31047773361206055
0.46508270502090454
0.24855254590511322
0.44363218545913696
0.24855254590511322
0.44363218545913696
0.5002596378326416
0.45814844965934753
0.4443050026893616
0.45814844965934753
0.4443050026893616
0.3232705891132355
0.4436476528644562
0.6529895067214966
0.23338457942008972
0.6200059652328491
0.4913625717163086
0.44265642762184143
0.23904472589492798
0.5388472080230713
0.520530641078949
0.5388472080230713
0.520530641078949
0.3105786442756653
0.31832197308540344
0.36088740825653076
0.49352535605430603
0.48867419362068176
0.25674769282341003
0.28759896755218506
0.4695403575897217
0.602128267288208
0.298643559217453
0.4667050242424011
0.3964915871620178
0.2796342968940735
0.4637584090232849
0.2564004063606262
0.5621183514595032
0.2564004063606262
0.5621183514595032
0.436899870634079
0.3176426589488983
0.47620484232902527
0.3960283100605011
0.4882817268371582
0.47620484232902527
0.3960283100605011
0.4882817268371582
0.47620484232902527
0.3960283100605011
0.4882817268371582
0.5913680791854858
0.5755336880683899
0.5913680791854858
0.5755336880683899
0.38410040736198425
0.3807316720485687
0.38410040736198425
0.3807316720485687
0.3359876871109009
0.3722822964191437
0.4322303533554077
0.5186933875083923
0.617215633392334
0.38849395513534546
0.5186933875083923
0.617215633392334
0.38849395513534546
0.5186933875083923
0.617215633392334
0.38849395513534546
0.3992556631565094
0.2504378855228424
0.47561734914779663
0.291902631521225
0.36830058693885803
0.291902631521225
0.36830058693885803
0.4419092535972595
0.3508957624435425
0.6268189549446106
0.2535758912563324
0.49418386816978455
0.2914550304412842
0.43038395047187805
0.7168945670127869
0.33443671464920044
0.40722596645355225
0.25730934739112854
0.36779746413230896
0.5689848065376282
0.44425907731056213
0.49071794748306274
0.5477579236030579
0.24853327870368958
0.5918843150138855
0.6060465574264526
0.6265179514884949
0.2534562647342682
0.6348272562026978
0.505460262298584
0.3885861933231354
0.5656771063804626
0.3885861933231354
0.5656771063804626
0.26774275302886963
0.3242039978504181
0.39352378249168396
0.5297425389289856
0.45476922392845154
0.2892611026763916
0.4762937128543854
0.6282151937484741
0.34649303555488586
0.5818517804145813
0.344387024641037
0.4080735146999359
0.26523450016975403
0.41817453503608704
0.26523450016975403
0.41817453503608704
0.41647645831108093
0.27582672238349915
0.3727724850177765
0.31819096207618713
0.5138437151908875
0.2838505804538727
0.41173818707466125
0.6016462445259094
0.32555830478668213
0.48391664028167725
0.2397424876689911
0.540133535861969
0.6501911878585815
0.5367828607559204
0.2813524007797241
0.5356788635253906
0.4671241343021393
0.5717286467552185
0.31183362007141113
0.2877466678619385
0.6984468698501587
0.4896455705165863
0.6379400491714478
0.4896455705165863
0.6379400491714478
0.6502118706703186
0.44187068939208984
0.29973962903022766
0.2819681763648987
0.4501602053642273
0.5289937257766724
0.6519661545753479
0.2709185481071472
0.6519661545753479
0.2709185481071472
0.2761560380458832
0.3267953395843506
0.5046897530555725
0.3944801092147827
0.6276874542236328
0.4655170738697052
0.6276874542236328
0.4655170738697052
0.25880947709083557
0.42707177996635437
0.5627479553222656
0.5161336064338684
0.4016582667827606
0.4797922968864441
0.5238233208656311
0.4016582667827606
0.4797922968864441
0.5238233208656311
0.4016582667827606
0.4797922968864441
0.5238233208656311
0.28989267349243164
0.25526463985443115
0.3175409436225891
0.3204997479915619
0.4046333432197571
0.5563028454780579
0.4046333432197571
0.5563028454780579
0.4666522741317749
0.590212881565094
0.46718716621398926
0.7164093255996704
0.5167684555053711
0.7164093255996704
0.5167684555053711
0.39009973406791687
0.5434224605560303
0.39871248602867126
0.6353182196617126
0.4739432632923126
0.3125142753124237
0.357864648103714
0.34851503372192383
0.2712324559688568
0.6055911779403687
0.42667078971862793
0.5046829581260681
0.5041154623031616
0.5046829581260681
0.5041154623031616
0.41353878378868103
0.629621684551239
0.3870881497859955
0.3033767640590668
0.4037938117980957
0.3304259777069092
0.4037938117980957
0.3304259777069092
0.5457848310470581
0.534963071346283
0.39741259813308716
0.3183099925518036
0.299063503742218
0.3183099925518036
0.299063503742218
0.5226060748100281
0.5257569551467896
0.27052104473114014
0.4698318541049957
0.27052104473114014
0.4698318541049957
0.3980449140071869
0.43198642134666443
0.39199957251548767
0.5261818766593933
0.38035842776298523
0.39199957251548767
0.5261818766593933
0.38035842776298523
0.39199957251548767
0.5261818766593933
0.38035842776298523
0.24890612065792084
0.2799825072288513
0.3600989878177643
0.4285341799259186
0.3600989878177643
0.4285341799259186
0.48584282398223877
0.5379517078399658
0.48584282398223877
0.5379517078399658
0.5803579092025757
0.40527716279029846
0.4615843892097473
0.5057366490364075
0.6112416982650757
0.6321488618850708
0.6112416982650757
0.6321488618850708
0.35735058784484863
0.3543533384799957
0.315613329410553
0.2829095721244812
0.466602087020874
0.41771289706230164
0.26914119720458984
0.4241718053817749
0.38651758432388306
0.5309394598007202
0.3960873484611511
0.5309394598007202
0.3960873484611511
0.3389136493206024
0.5866902470588684
0.28486111760139465
0.38358622789382935
0.3660372495651245
0.6008574962615967
0.5498232245445251
0.4513636827468872
0.35262516140937805
0.6228295564651489
0.26294559240341187
0.5141926407814026
0.5162702798843384
0.27105915546417236
0.43973425030708313
0.31578776240348816
0.2821987271308899
0.602972149848938
0.3718523383140564
0.24713881313800812
0.3051598072052002
0.3425534963607788
0.5113708972930908
0.5382412672042847
0.31224751472473145
0.2969956398010254
0.48704519867897034
0.31132280826568604
0.26817795634269714
0.3681880235671997
0.2999551296234131
0.389496773481369
0.2999551296234131
0.389496773481369
0.44223085045814514
0.3485487997531891
0.3390675485134125
0.2987515330314636
0.5063327550888062
0.5214312672615051
0.3333396315574646
0.5999950170516968
0.35488608479499817
0.48902228474617004
0.8452034592628479
0.2831987142562866
0.6306332945823669
0.6388402581214905
0.603865921497345
0.2928130626678467
0.4764341115951538
0.349934846162796
0.4764341115951538
0.349934846162796
0.29226747155189514
0.3402425944805145
0.44268888235092163
0.31533992290496826
0.24758459627628326
0.24844808876514435
0.46928587555885315
0.4556578993797302
0.5149528384208679
0.293152779340744
0.49323996901512146
0.32031622529029846
0.5526586771011353
0.4353131949901581
0.5526586771011353
0.4353131949901581
