Accession_number	Start	End	Predicted_score
Q53HC9	95	121	0.277969092130661
Q5T0L3	56	142	0.44901150465011597
Q5T0L3	169	202	0.2862631678581238
Q5VWG9	856	917	0.5047450065612793
Q6UWY2	204	230	0.509763240814209
Q6ZMT1	104	171	0.5892522931098938
Q6ZMT1	371	410	0.44957879185676575
Q8IZ63	75	91	0.43134942650794983
Q8IZ63	336	358	0.2813110649585724
Q8IZJ1	253	339	0.6261977553367615
Q8N4H0	110	126	0.34095677733421326
Q9BT23	32	82	0.37624138593673706
Q9NRY6	94	174	0.5055093765258789
Q9NV35	13	29	0.2931292951107025
Q9Y662	333	359	0.2962671220302582
D6RCP7	79	131	0.7160317301750183
O43820	357	373	0.29517993330955505
P06858	287	319	0.5303295850753784
P06858	447	474	0.32969948649406433
P49720	1	20	0.4117794632911682
P61513	17	64	0.26561492681503296
P78424	507	530	0.3443526327610016
Q07325	31	56	0.3246549665927887
Q30KP8	26	58	0.2779832184314728
Q53GD3	399	420	0.41765180230140686
Q5H9L4	172	200	0.32750430703163147
Q5SWX8	276	291	0.43790045380592346
Q8WTW3	78	93	0.2874833941459656
Q92918	594	621	0.6482585072517395
Q9BYR6	0	97	0.4593745768070221
Q9H2C1	24	133	0.634780764579773
A6NI28	842	863	0.2535361647605896
A8MVZ5	141	197	0.37018537521362305
O00451	28	87	0.4730919599533081
O75969	421	474	0.3454168438911438
O75969	686	713	0.4655913710594177
O75969	741	759	0.24099284410476685
O95274	23	62	0.44568848609924316
O95274	107	233	0.6921849250793457
O95677	425	450	0.3151378929615021
P24278	231	258	0.3835822343826294
Q13114	34	110	0.6390190124511719
Q2TV78	350	392	0.3829917907714844
Q2TV78	640	666	0.5303646326065063
Q2WGJ6	503	580	0.546776294708252
Q659A1	882	923	0.46051695942878723
Q6PEW0	202	221	0.43180400133132935
Q6ZWI9	0	24	0.31785711646080017
Q7Z4F1	147	193	0.4289691746234894
Q86UF1	170	204	0.5113845467567444
Q8NBB4	89	130	0.3379440903663635
Q8NBB4	310	339	0.3783077299594879
Q8NCW6	543	607	0.5017151832580566
Q8TAS1	27	63	0.4013034701347351
Q9BY79	273	310	0.6694539785385132
Q9BY79	527	572	0.4934496283531189
Q9NY74	576	595	0.30402275919914246
Q9UKV8	268	309	0.35528719425201416
Q9UKV8	355	371	0.30125492811203003
A0FGR8	592	625	0.2889576554298401
O00222	506	573	0.5856484770774841
O43638	74	111	0.3203490376472473
O43766	69	84	0.2549505829811096
P10912	49	73	0.36106452345848083
P10912	606	627	0.2955969274044037
P43268	265	330	0.5112247467041016
P55773	39	119	0.41077056527137756
P57764	445	463	0.3447566628456116
Q15031	471	520	0.4799097776412964
Q5H8A4	263	283	0.42372211813926697
Q6UXB8	113	207	0.39204633235931396
Q99675	265	323	0.5934181809425354
Q9UHB6	385	469	0.4505566954612732
A6NCW7	81	125	0.6613065600395203
O95445	157	187	0.2604588270187378
P26436	180	264	0.603575587272644
P36269	429	451	0.32387450337409973
P55055	78	165	0.5999546647071838
Q14765	402	424	0.2372094988822937
Q15366	278	308	0.4322218596935272
Q3BBV2	637	671	0.40349724888801575
Q6ZVN8	77	125	0.49787604808807373
Q6ZVN8	317	343	0.36113086342811584
Q8WUM9	392	419	0.435804545879364
Q9H5I1	221	247	0.605689287185669
Q9H9G7	354	371	0.29580938816070557
Q9UH90	5	146	0.6209579110145569
Q9UH90	661	696	0.27053648233413696
Q9UMW8	218	243	0.5083122849464417
Q9Y252	618	644	0.4019119143486023
Q9Y252	658	684	0.45140042901039124
O14792	258	276	0.27177172899246216
O43291	66	98	0.5239469408988953
O43291	121	196	0.5534642934799194
P01036	84	139	0.31359314918518066
P20155	29	83	0.4935517907142639
Q0VG06	485	512	0.5328517556190491
Q0VG06	588	702	0.4866066575050354
Q12918	173	224	0.35375893115997314
Q13115	36	64	0.4163592457771301
Q5VWM6	446	473	0.3929078280925751
Q6S9Z5	159	188	0.48380398750305176
Q6S9Z5	280	309	0.443773090839386
Q8NER5	15	41	0.5186185836791992
Q8NER5	63	118	0.4517895579338074
Q8NHL6	379	410	0.616837739944458
Q8TDY4	341	371	0.4859049618244171
Q8TDY4	426	452	0.5420063138008118
Q96SZ5	172	265	0.30682671070098877
Q9H6E5	5	45	0.47318553924560547
Q9UBS8	307	357	0.6368659734725952
A6NI73	51	85	0.3516746163368225
C9JVI0	79	131	0.7168945670127869
D6RBQ6	79	131	0.7168945670127869
O15528	103	125	0.40250471234321594
P07327	92	130	0.4882095754146576
P0C7U3	108	156	0.6070607900619507
P25398	96	124	0.3098549544811249
Q08357	369	449	0.4182415008544922
Q5VW22	437	492	0.4938138425350189
Q8WUX1	231	248	0.3262515664100647
Q96CS7	33	72	0.4001164436340332
Q9BWU0	311	347	0.2353382110595703
Q9H8J5	39	145	0.5996720790863037
Q9NQR9	90	116	0.4066796600818634
Q9NRR2	181	265	0.6038269996643066
Q9UKG1	303	389	0.572523832321167
Q9UL18	272	341	0.3043794631958008
Q9UL18	353	368	0.2578624486923218
A0A1B0GTH6	406	512	0.4082714319229126
A0A5A2	97	113	0.4070781469345093
O00548	31	70	0.44976159930229187
O00755	123	141	0.444443941116333
O00755	195	223	0.4873170852661133
O00755	240	348	0.5034229159355164
O43526	520	535	0.34854671359062195
O43866	57	157	0.44498783349990845
O43866	169	246	0.6381957530975342
O43866	264	346	0.49643582105636597
P01871	65	120	0.5741378664970398
P01871	273	336	0.5744147896766663
P13726	219	242	0.2392483800649643
P49407	125	149	0.3318796753883362
Q13117	189	212	0.5963597297668457
Q15139	180	199	0.5191394090652466
Q15139	287	328	0.4868027865886688
Q15910	272	338	0.5390042066574097
Q86XK2	850	903	0.6256207227706909
Q8IU81	0	40	0.26033392548561096
Q8IU81	493	583	0.5465447902679443
Q8N684	375	405	0.322065532207489
Q96GW7	847	869	0.36299988627433777
Q9BYD5	0	74	0.5513307452201843
Q9UBX7	166	266	0.6075466275215149
A6NFC5	56	77	0.28247374296188354
A8MUK1	79	131	0.7137089371681213
O75534	103	124	0.2811962366104126
P22304	154	185	0.4433239996433258
P40855	209	241	0.2976914346218109
Q01973	58	84	0.39142099022865295
Q01973	210	253	0.5457450747489929
Q01973	273	394	0.5568084716796875
Q15116	122	139	0.31821227073669434
Q15661	209	229	0.359244167804718
Q16671	68	123	0.5269814729690552
Q5UE93	618	650	0.4296633303165436
Q7RTY5	200	227	0.4294208586215973
Q86YW7	24	129	0.42205706238746643
Q8NBT3	124	145	0.4917905926704407
Q96SM3	150	172	0.42950400710105896
Q96T88	480	546	0.44196057319641113
Q9H8X2	287	315	0.32936015725135803
Q9NRX5	3	30	0.39743396639823914
Q9P244	366	394	0.40295663475990295
O75326	552	626	0.4620373249053955
O94956	472	507	0.4952865540981293
O95156	178	208	0.33002597093582153
P04216	104	123	0.314191609621048
P09543	405	420	0.3686281740665436
P15289	156	181	0.6388956308364868
P15289	402	442	0.30760589241981506
P15289	472	505	0.43620824813842773
P48067	225	249	0.2611726224422455
Q13822	776	806	0.3324156403541565
Q16515	318	378	0.5854931473731995
Q7Z4I7	0	35	0.39381515979766846
Q7Z4I7	117	201	0.4138440191745758
Q9HBH9	211	234	0.5342205166816711
Q9HBH9	299	316	0.5600734949111938
O00748	79	95	0.3019295334815979
P01733	93	109	0.3974321484565735
P50151	32	63	0.3658674955368042
Q15283	724	753	0.38663068413734436
Q16790	161	183	0.2600920498371124
Q3YBR2	240	264	0.4718163013458252
Q6IPT4	16	43	0.40352609753608704
Q8WVN8	35	55	0.29299792647361755
Q8WYQ5	649	671	0.44834983348846436
Q96FL9	516	551	0.35290661454200745
Q99784	52	101	0.3700826168060303
Q99784	220	244	0.33827677369117737
Q9BZQ8	103	131	0.307081401348114
Q9UHA3	0	44	0.5901485085487366
Q9UI42	236	281	0.4224548041820526
Q9Y5L4	38	82	0.3070281445980072
A8MT70	109	161	0.41923758387565613
C9JJH3	80	123	0.6115177273750305
O95800	293	311	0.27973055839538574
O95868	12	118	0.47624489665031433
P01034	99	123	0.30878570675849915
P01178	9	124	0.5555732846260071
P09603	161	189	0.37104111909866333
P30511	107	134	0.357655793428421
P51693	56	215	0.5413004755973816
Q14953	131	211	0.5204682350158691
Q53RY4	133	156	0.2903694212436676
Q63HN1	269	285	0.3372706174850464
Q7RTS6	211	228	0.31918418407440186
Q8WWB7	239	259	0.40354123711586
Q8WWB7	286	308	0.27463996410369873
Q93052	397	462	0.6232929229736328
Q93052	532	548	0.30031242966651917
Q93052	568	595	0.5938975214958191
Q93084	484	549	0.3692239820957184
Q93084	559	577	0.36225202679634094
Q9H0W7	26	101	0.39135998487472534
Q9P055	0	54	0.4283737242221832
O14867	522	549	0.26111528277397156
O43189	90	145	0.5298095345497131
O95644	670	705	0.2948494255542755
P01699	27	47	0.29576629400253296
P01699	57	88	0.3424995243549347
P05160	39	96	0.37763285636901855
P05160	261	353	0.5569390654563904
P14210	55	94	0.4735875725746155
P14210	645	680	0.46053412556648254
P30566	285	300	0.28568708896636963
P35030	251	271	0.4141830801963806
Q15057	395	427	0.5249409079551697
Q15437	50	73	0.2989536225795746
Q6NUS6	90	109	0.576449990272522
Q7Z2T5	502	524	0.33192893862724304
Q7Z5L0	140	201	0.491619348526001
Q8IVF6	935	991	0.30228766798973083
Q8WTQ7	98	144	0.4046405255794525
Q8WTU2	110	139	0.6000228524208069
Q8WTU2	268	306	0.7090721130371094
Q8WTU2	378	452	0.7671629190444946
Q8WTU2	509	568	0.42797720432281494
Q9BX93	55	134	0.4117295444011688
Q9BX93	174	194	0.29402899742126465
Q9ULV1	117	169	0.45752179622650146
A1L157	183	200	0.35671940445899963
O43240	155	181	0.3827399015426636
O43240	222	245	0.42827874422073364
O76031	99	119	0.45562905073165894
P01730	143	165	0.34221798181533813
P0C7I0	80	128	0.6730151772499084
P14618	341	366	0.37347257137298584
P49207	46	91	0.22703884541988373
P51861	120	161	0.344119131565094
P56277	0	60	0.3581966757774353
Q5TEJ8	344	389	0.3122590482234955
Q6UYE1	122	158	0.254690557718277
Q8TCX5	284	303	0.42263662815093994
Q96D21	129	152	0.39117398858070374
Q96HD1	38	69	0.3738009035587311
Q96LD1	152	186	0.31084001064300537
Q96LD1	209	298	0.4282299876213074
Q9BU40	246	360	0.6069929599761963
Q9HC78	571	597	0.3405001759529114
Q9HC78	671	687	0.2750127613544464
Q9HC78	705	740	0.485856294631958
Q9NR21	44	75	0.32419130206108093
Q9UI36	253	278	0.34581252932548523
A2RUB1	863	887	0.2680629789829254
A3QJZ6	448	478	0.44424566626548767
A6NH00	290	311	0.2889917492866516
A6NKQ9	52	71	0.2935603857040405
A6NKQ9	121	156	0.45329585671424866
O15117	503	534	0.35211455821990967
O15117	766	782	0.344533234834671
P02787	20	43	0.2508571147918701
P02787	501	520	0.4621506333351135
P02787	590	646	0.4018982946872711
P10589	79	154	0.6431941986083984
P54764	351	391	0.5590996742248535
Q5T2Q4	0	137	0.5222408175468445
Q6P5X7	20	70	0.5790147185325623
Q8IWU6	609	646	0.3048284947872162
Q8N302	226	258	0.45756909251213074
Q96HD9	42	72	0.24135515093803406
Q96LA6	258	294	0.2723301947116852
Q9UHF5	83	142	0.36432161927223206
Q9UK28	60	142	0.5679988265037537
Q9UNK4	38	107	0.48423677682876587
Q9Y210	249	277	0.5143086314201355
O95757	759	783	0.26841697096824646
P04198	106	130	0.3035261929035187
P14415	118	168	0.5846788883209229
P28702	195	276	0.6408937573432922
Q13077	372	415	0.42383328080177307
Q2VIR3	91	117	0.44550949335098267
Q5TYX0	447	475	0.6508296132087708
Q6NZ36	149	178	0.3503159284591675
Q6URK8	33	81	0.4289869964122772
Q6ZUB0	92	148	0.4658171832561493
Q7Z4Q2	44	116	0.5285157561302185
Q8WWN9	31	57	0.28530505299568176
Q92484	59	74	0.25760817527770996
Q96GX1	170	200	0.7235305309295654
Q96LA5	259	280	0.27636343240737915
Q96LA5	349	389	0.6236794590950012
Q99963	285	316	0.23872749507427216
Q9UJW2	259	319	0.6103808879852295
Q9UJW2	339	361	0.3111855685710907
Q9Y698	39	83	0.28374770283699036
O94929	103	169	0.6518124341964722
O94929	203	272	0.680698037147522
O94929	289	348	0.33576446771621704
O95704	138	161	0.34270018339157104
P23759	44	97	0.31752389669418335
P37088	371	409	0.3623591959476471
P43652	75	133	0.5769924521446228
P43652	259	353	0.5330137014389038
P43652	483	537	0.49675023555755615
P43652	572	595	0.3134163022041321
P81274	484	509	0.3782833218574524
P81274	585	612	0.4060228168964386
Q10472	519	558	0.3161948323249817
Q15834	69	98	0.25684043765068054
Q3LI59	0	42	0.3652664124965668
Q8N9V2	34	64	0.2810194790363312
Q8NEB7	98	134	0.5217627286911011
Q8TE12	116	151	0.3290877640247345
Q96CA5	247	297	0.45810264348983765
Q96HI0	174	233	0.4557039439678192
Q99988	201	307	0.42321914434432983
Q9BYV6	7	91	0.45471397042274475
Q9BYV6	122	164	0.5576093792915344
Q9UHB9	547	579	0.25998392701148987
A0A075B6H9	95	118	0.2534940540790558
O43597	166	302	0.5993724465370178
P04733	0	60	0.6848259568214417
P09093	207	226	0.4395678639411926
P22692	18	117	0.5853644609451294
P22692	171	257	0.5002336502075195
Q6X4U4	70	177	0.527229905128479
Q8N806	48	140	0.5678517818450928
Q8WTQ4	233	257	0.26708170771598816
Q92529	198	213	0.2801908850669861
Q96LL4	181	201	0.2673139274120331
Q9H013	101	121	0.4489847719669342
Q9NP50	1	70	0.6274148225784302
Q9NP50	185	200	0.2810508608818054
P00325	91	120	0.5077904462814331
P02790	223	238	0.26850271224975586
P16871	30	54	0.38070032000541687
P26010	32	94	0.5162621140480042
P51689	490	535	0.47735804319381714
P51784	690	716	0.39643394947052
P60484	285	312	0.36644625663757324
P78334	433	474	0.410422682762146
Q17RN3	89	109	0.38543349504470825
Q17RN3	139	158	0.3181527853012085
Q17RN3	292	315	0.32483920454978943
Q5VTE6	37	168	0.3332381546497345
Q5VZB9	84	135	0.5260183215141296
Q96AT9	0	18	0.48681947588920593
Q96EG1	159	195	0.6308188438415527
Q96EG1	500	522	0.4845907986164093
Q99424	405	421	0.47754645347595215
Q9BRQ0	324	393	0.45293936133384705
Q9H9P5	629	679	0.4487622082233429
Q9UHC7	361	401	0.4694445729255676
Q9Y282	118	195	0.45083415508270264
A0A075B6N4	89	105	0.32939964532852173
O94806	189	211	0.47441282868385315
O94806	256	329	0.487480491399765
P05231	65	102	0.32818806171417236
P18433	723	738	0.4371459186077118
P55103	309	351	0.5317073464393616
P68366	27	54	0.35874879360198975
Q0P6D6	876	904	0.46775442361831665
Q15560	125	222	0.4057229459285736
Q15560	245	298	0.5990411043167114
Q8NAG6	45	69	0.39781609177589417
Q8NHY6	249	284	0.4302959740161896
Q8WXE1	319	345	0.42079877853393555
Q8WXE1	385	412	0.36597850918769836
Q8WXE1	761	781	0.36330732703208923
Q9H461	97	151	0.46252408623695374
Q9NYK6	5	56	0.4190085530281067
Q9NYK6	116	162	0.32040682435035706
Q9P1T7	158	245	0.5450260639190674
A6NL88	75	132	0.5797836780548096
P19875	48	93	0.2631160020828247
P20749	327	343	0.27330106496810913
P47944	0	61	0.586909294128418
P48509	146	201	0.4840947985649109
P56705	195	241	0.6444137692451477
P56705	264	345	0.5133225917816162
Q01974	233	328	0.6101164817810059
Q01974	361	398	0.3984358608722687
Q5BN46	89	114	0.42133015394210815
Q86V20	418	446	0.28202760219573975
Q8N812	24	66	0.3912807106971741
Q8TAG5	109	141	0.2928199768066406
Q8TE54	531	567	0.44291403889656067
Q8WWP7	50	103	0.43879297375679016
Q9NRF2	295	371	0.39676037430763245
Q9Y3T6	61	77	0.2972687780857086
Q9Y6G9	48	67	0.2659580707550049
A0A2R8Y4M4	26	82	0.5342314839363098
A0AUZ9	893	929	0.2799455225467682
O00253	80	131	0.5986179113388062
O15198	89	139	0.4969962239265442
P08311	112	157	0.40586358308792114
P08311	174	233	0.42783689498901367
P09341	32	92	0.34518781304359436
P09544	129	150	0.338082879781723
P09544	278	357	0.6278687119483948
P16870	287	327	0.35629215836524963
P34096	48	146	0.5386369228363037
P49862	125	240	0.5763530731201172
P80075	24	72	0.2867663502693176
Q01151	23	53	0.2659685015678406
Q02241	189	208	0.2559376358985901
Q02833	58	84	0.3614959418773651
Q15042	645	704	0.3205721080303192
Q16594	68	101	0.2870125472545624
Q3V5L5	656	791	0.6174841523170471
Q6ZWE6	675	760	0.5231932997703552
Q7LGA3	189	208	0.3375295400619507
Q8N5U0	68	118	0.328898161649704
Q969H9	71	102	0.25534045696258545
Q96LC7	306	336	0.39283522963523865
Q9NRU3	711	726	0.42331770062446594
Q9NRU3	761	789	0.36036524176597595
A6NFH5	109	139	0.2662934958934784
O15165	0	55	0.46424174308776855
P0CW18	215	314	0.7354716062545776
P13224	132	153	0.24187339842319489
P56373	102	128	0.47449249029159546
Q11130	63	78	0.27645808458328247
Q14831	377	401	0.31750068068504333
Q14831	514	585	0.5752739906311035
Q7L0R7	402	431	0.39469191431999207
Q7Z3Y9	75	92	0.29469773173332214
Q8N3C7	524	548	0.4273540675640106
Q8N7H5	22	65	0.264189749956131
Q8N7H5	190	208	0.2694776952266693
Q8NF86	152	182	0.3695544898509979
Q8NF86	209	234	0.4248148798942566
Q8TC05	350	371	0.36502209305763245
Q8TE76	414	474	0.46832168102264404
Q96KX2	43	59	0.3778808116912842
Q99502	378	395	0.3044888377189636
Q9BYJ0	35	118	0.3773100674152374
Q9GZT5	146	168	0.3441535234451294
Q9GZT5	230	296	0.49262329936027527
Q9GZT5	359	410	0.5238369107246399
Q9H3R1	810	836	0.28514352440834045
Q9Y6U7	312	335	0.4596097767353058
Q9Y6U7	351	376	0.27933377027511597
A8MUP6	92	112	0.41462603211402893
O14905	131	156	0.5244321823120117
O14905	180	246	0.5192948579788208
O14905	281	356	0.5539252161979675
O15547	126	164	0.5758220553398132
O60243	116	133	0.4798278212547302
O60243	206	234	0.3341119587421417
P36551	162	207	0.5710980296134949
P62736	9	49	0.5017944574356079
Q0WX57	79	131	0.7137089371681213
Q6UXV1	149	169	0.43762096762657166
Q6ZVC0	572	647	0.569467306137085
Q70EL2	578	661	0.5005245208740234
Q9H4D5	264	332	0.41884294152259827
Q9NR50	390	433	0.45704513788223267
Q9NXF8	119	168	0.6509262323379517
O95631	43	116	0.6064060926437378
O95631	184	216	0.42722073197364807
P02679	21	41	0.3539270758628845
P02679	151	188	0.3860078454017639
P08833	27	89	0.5363177061080933
P08833	198	258	0.5160242319107056
P58215	112	159	0.6069052815437317
P58215	263	288	0.32471317052841187
P58215	341	417	0.5373749732971191
Q2L4Q9	140	326	0.6105020046234131
Q2L4Q9	437	485	0.7357044219970703
Q496Y0	146	204	0.615183413028717
Q496Y0	457	522	0.5738168358802795
Q5T871	19	54	0.37950119376182556
Q6UW56	146	202	0.5836458206176758
Q7Z3D6	138	280	0.5889831185340881
Q9BQT9	101	125	0.3011796474456787
Q9BQT9	673	722	0.4410604238510132
Q9H8W4	138	228	0.6449791789054871
Q9UBU7	280	302	0.2578989863395691
A8MVM7	148	176	0.2617524564266205
A8MVM7	308	377	0.32829776406288147
A8MVM7	405	447	0.4916163384914398
O60262	20	55	0.2910066246986389
P21912	88	119	0.6071433424949646
P36575	128	148	0.37329691648483276
P36952	179	195	0.29486724734306335
Q0ZGT2	651	674	0.40000152587890625
Q13324	4	100	0.39500775933265686
Q7Z5A4	259	277	0.2691706120967865
Q8IV63	0	34	0.421095609664917
Q8IYB8	249	278	0.5245601534843445
Q8TC76	266	285	0.23847785592079163
Q8WV99	0	73	0.5670036673545837
Q8WV99	88	141	0.5108296275138855
Q8WWR8	218	280	0.6112760901451111
Q92551	227	259	0.27924734354019165
Q9BYE2	498	515	0.3686600923538208
Q9UQ72	298	334	0.3096100389957428
Q9Y258	25	79	0.22019411623477936
A0A578	90	113	0.39282339811325073
O75925	126	168	0.48142269253730774
O75925	206	239	0.4801229238510132
P01225	70	128	0.5755971670150757
P04075	121	138	0.35043221712112427
P23497	617	658	0.3489317297935486
P27216	13	35	0.2694390118122101
P31997	281	320	0.2920910716056824
P42229	372	402	0.40307649970054626
Q13490	88	124	0.33086010813713074
Q13490	589	614	0.5384588837623596
Q2PZI1	619	654	0.2906699776649475
Q3SYG4	11	32	0.2881300449371338
Q5T8I3	24	62	0.25734370946884155
Q6PEX3	17	171	0.5283771753311157
Q8N5Y8	217	233	0.40531793236732483
Q96AX9	823	877	0.39603862166404724
Q96AX9	916	954	0.5950044393539429
Q9C035	0	82	0.610450804233551
Q9H772	68	164	0.5537484288215637
Q9UKR8	147	199	0.5819101929664612
Q9Y5G0	719	798	0.6609801054000854
Q9Y5X4	36	119	0.5913401246070862
A0A1B0GTH9	69	107	0.3827717900276184
O15498	177	197	0.25997889041900635
O43567	216	285	0.6104025840759277
O60260	153	207	0.562031090259552
P28799	359	422	0.5928534865379333
P42677	33	76	0.3519458472728729
P60201	125	140	0.28093308210372925
Q06587	267	302	0.23485887050628662
Q5VYV0	66	108	0.36424145102500916
Q6GPH4	255	300	0.4136603772640228
Q6ZVZ8	215	336	0.48629456758499146
Q96FT7	280	388	0.6278358101844788
Q96MC4	48	69	0.25387540459632874
Q96MC4	314	335	0.26903215050697327
Q96NL8	102	119	0.401326984167099
Q96PD4	96	118	0.29865899682044983
Q9NTN9	367	388	0.2454536110162735
O60296	512	553	0.4202994704246521
O60711	128	201	0.6521633863449097
O60826	201	225	0.3516124188899994
Q01740	12	41	0.3637469410896301
Q15784	189	226	0.5198803544044495
Q15784	260	320	0.5605993270874023
Q53F39	210	256	0.39762571454048157
Q6UX06	237	254	0.26839131116867065
Q6ZMV5	479	500	0.3146614730358124
Q8IZ83	42	69	0.28122517466545105
Q8WXF3	106	141	0.4775424301624298
Q92629	195	224	0.27252909541130066
Q92629	262	288	0.494989275932312
Q96P09	204	235	0.45419541001319885
Q9H0D6	14	42	0.2389478236436844
Q9H2A7	102	119	0.273611843585968
Q9H9L3	175	200	0.38092395663261414
Q9HCC8	219	253	0.38066965341567993
Q9NPG8	145	171	0.45719778537750244
Q9NRA1	275	344	0.5029886364936829
Q9P2E5	371	405	0.3875114917755127
Q9P2E5	665	680	0.23629125952720642
Q9UBF6	39	96	0.39661070704460144
Q9Y2J0	82	147	0.5599924921989441
Q9Y2J0	407	439	0.2871232330799103
Q9Y2X0	743	843	0.5583690404891968
Q9Y5R6	77	114	0.49617108702659607
O15146	424	455	0.3470695912837982
O15146	680	696	0.3599282205104828
O95376	166	199	0.41314709186553955
O95388	333	363	0.447005957365036
P00995	21	78	0.5146592259407043
P02765	179	254	0.5371655225753784
P0C672	159	186	0.3933292627334595
P13497	546	599	0.6826136708259583
P54753	365	400	0.5623907446861267
Q02643	0	111	0.4978644549846649
Q5JRM2	336	356	0.35479578375816345
Q5JTZ5	78	99	0.2841426432132721
Q5T3J3	593	618	0.3373049795627594
Q5U651	183	221	0.48227521777153015
Q6Q8B3	191	220	0.30223900079727173
Q6X784	275	326	0.651248574256897
Q86VE9	338	372	0.30011776089668274
Q8IVJ1	375	401	0.27169594168663025
Q8NC67	301	335	0.49529018998146057
Q8NCS7	411	426	0.4645029902458191
Q96HF1	104	192	0.7014375329017639
Q9H334	305	332	0.33259862661361694
Q9H4B4	49	100	0.3175826072692871
Q9HC96	343	360	0.3104645907878876
Q9UGC7	260	277	0.28136950731277466
Q9UGI8	226	255	0.48320141434669495
Q9UGI8	392	408	0.35340529680252075
Q9UP79	323	356	0.7261045575141907
Q9UP79	367	386	0.691679835319519
Q9UP79	651	698	0.6179142594337463
Q9UP79	840	867	0.4659745991230011
Q9UPM6	98	121	0.3378342092037201
O00213	363	411	0.4572660028934479
O00213	655	672	0.3374321460723877
O15355	351	369	0.24988903105258942
O75689	8	26	0.2866501212120056
P04628	75	117	0.39308902621269226
P04628	129	160	0.6013250946998596
P04628	210	235	0.6443918347358704
P04628	249	369	0.46922338008880615
P31512	5	41	0.4863215982913971
P51793	406	421	0.3363977372646332
P58062	28	84	0.4081769287586212
Q05048	121	144	0.46231651306152344
Q05048	411	430	0.2778443694114685
Q13133	91	174	0.6326895356178284
Q7LDG7	518	555	0.5572323799133301
Q86X45	361	388	0.3999292254447937
Q8N967	27	62	0.3203750252723694
Q8WY36	81	101	0.27720218896865845
Q9NQT4	22	49	0.33945146203041077
Q9NR71	347	392	0.7388442158699036
Q9NZL4	79	130	0.2984234392642975
Q9UBT6	312	334	0.27693748474121094
Q9UKI3	83	122	0.5123154520988464
Q9ULC8	100	139	0.6435168981552124
Q9Y2I2	57	104	0.5237511396408081
A0A0B4J240	93	113	0.28139930963516235
O60941	243	284	0.6338920593261719
O95232	15	58	0.2843951880931854
P10275	518	636	0.7344411611557007
P42226	337	360	0.30324122309684753
P81408	118	156	0.43986812233924866
P81534	28	57	0.2815565764904022
Q01201	115	155	0.3766726851463318
Q01201	183	230	0.5479277968406677
Q13939	539	587	0.5433535575866699
Q5H913	157	172	0.2943786084651947
Q6B9Z1	65	119	0.3604526221752167
Q6UWE0	667	722	0.5469983816146851
Q6ZMZ0	195	264	0.5945083498954773
Q6ZMZ0	285	315	0.5251982808113098
Q86U70	256	282	0.2822079062461853
Q8TCZ2	206	243	0.3295096457004547
Q99661	528	613	0.4163336455821991
Q9UHD1	13	64	0.43852341175079346
Q9UHD1	153	171	0.3442090153694153
O43609	168	302	0.6401849389076233
O75603	66	160	0.5106827020645142
P01599	30	57	0.2849406599998474
P07288	192	247	0.516226053237915
Q08708	34	74	0.3665551543235779
Q08AE8	60	101	0.2802612781524658
Q52LD8	159	182	0.2793373763561249
Q6P988	417	478	0.4069387912750244
Q86W47	56	136	0.45837491750717163
Q8N6S4	429	449	0.25608035922050476
Q8NBP7	213	245	0.42235052585601807
Q96LX7	431	472	0.3846568167209625
Q9H0A6	113	182	0.45959460735321045
Q9H0A6	281	361	0.5121184587478638
Q9H2Y9	541	622	0.6714947819709778
Q9UGN4	24	40	0.353943407535553
A0AAG2TU59	0	40	0.4591595530509949
K9M1U5	28	43	0.2607601583003998
O75676	400	435	0.474892258644104
P00747	29	63	0.39049461483955383
P00747	401	460	0.4968569278717041
P00747	515	588	0.5807682871818542
P00747	740	763	0.46819907426834106
P00973	49	65	0.361804336309433
P22079	103	181	0.48334062099456787
P22079	231	293	0.6395680904388428
P22079	304	371	0.5008559823036194
P27815	221	249	0.25908634066581726
P37108	24	75	0.2523651123046875
P42892	726	760	0.36225399374961853
Q13111	799	840	0.3526136875152588
Q17RY6	34	65	0.4629550278186798
Q6UXH9	238	300	0.714172899723053
Q6UXH9	317	358	0.578591525554657
Q6UXH9	377	446	0.37422576546669006
Q6UXH9	629	660	0.49408459663391113
Q6ZVN7	95	127	0.5088656544685364
Q7Z6J4	448	500	0.5053457021713257
Q8IWY8	466	492	0.22516033053398132
Q8N2W9	204	231	0.3171550929546356
Q8NA58	327	344	0.36462679505348206
Q9UDY6	2	76	0.59830641746521
Q9UDY6	93	121	0.3134046196937561
A0A1B0GX31	93	114	0.3331206142902374
A6NKU9	484	505	0.30122673511505127
O43610	141	269	0.5928056240081787
O75317	166	245	0.5658931732177734
P22681	375	436	0.6567947864532471
P28068	91	116	0.2569417655467987
P34130	90	146	0.32621434330940247
P34130	160	178	0.3135010004043579
P39877	43	89	0.32728445529937744
P41222	49	74	0.2672606408596039
P49591	50	68	0.2990853488445282
Q02156	272	309	0.4714021384716034
Q13562	166	198	0.41021236777305603
Q5JPI3	0	26	0.36982518434524536
Q5TF58	459	479	0.28575408458709717
Q6NUI2	634	652	0.3071117103099823
Q7Z6J8	180	219	0.6064746975898743
Q8NHW4	26	53	0.32187774777412415
Q8WXI9	405	462	0.5370367765426636
Q96DY7	627	692	0.3747559189796448
Q9BZP6	429	474	0.6471614241600037
Q9H063	11	58	0.3911019563674927
Q9H4K7	83	103	0.2995544672012329
Q9UKP3	0	65	0.5701470375061035
Q9UKP3	158	207	0.4769810736179352
Q9UKR0	122	143	0.3816129267215729
Q9UKR0	172	225	0.7064299583435059
D6RJB6	79	131	0.7168945670127869
O60383	371	398	0.382706880569458
O60383	418	434	0.25205671787261963
P09958	179	203	0.38232162594795227
P09958	338	371	0.35948535799980164
P0C7P4	60	79	0.2437402755022049
P0DN87	21	41	0.316340833902359
P0DN87	92	126	0.4630431830883026
Q15018	0	21	0.34540536999702454
Q52MB2	62	95	0.32730287313461304
Q5SW24	240	256	0.4528234004974365
Q7Z6J0	0	67	0.5579318404197693
Q8IUG1	0	82	0.37758174538612366
Q8IUG1	110	166	0.42643457651138306
Q8WYQ3	101	141	0.5659284591674805
Q96A47	61	77	0.3196064829826355
Q96A47	114	148	0.38745754957199097
Q96FV3	170	203	0.43737468123435974
Q96MH7	154	238	0.47802865505218506
Q96NL3	191	233	0.4590584933757782
Q9BTN0	294	351	0.3139187693595886
Q9Y4R8	506	523	0.27939072251319885
Q9Y6Q2	677	734	0.2981462776660919
A0A1B0GX78	93	109	0.3243938088417053
A6NN90	259	285	0.37623199820518494
O43583	22	66	0.32302024960517883
Q07021	181	200	0.3273371458053589
Q12800	221	239	0.27988216280937195
Q7Z6M3	99	118	0.3563544452190399
Q8N7C7	289	304	0.4347776472568512
Q8NB91	547	575	0.34557417035102844
Q8WY41	235	267	0.40570348501205444
Q8WZ73	33	97	0.5833409428596497
Q8WZ73	304	356	0.6177711486816406
Q92876	122	145	0.42860040068626404
Q92876	170	232	0.6175107359886169
Q9BUN1	200	276	0.40558043122291565
Q9C0B1	162	187	0.3466379940509796
Q9C0B1	339	357	0.3387352228164673
Q9C0B1	454	493	0.26430070400238037
Q9H479	133	151	0.3068988621234894
Q9HCU0	77	143	0.3921816647052765
Q9NXW2	350	374	0.22541093826293945
O00292	286	340	0.5732158422470093
O14786	277	308	0.29687437415122986
O15303	511	571	0.5533064603805542
O60477	254	276	0.5332061052322388
O60477	402	476	0.6841367483139038
O95263	745	766	0.3975977301597595
O95715	50	90	0.2461806833744049
P19320	56	84	0.3404849171638489
P19320	480	497	0.4001217782497406
P22736	262	338	0.6421248912811279
P50895	118	151	0.4128990173339844
P50895	168	186	0.40957847237586975
P56703	131	167	0.5028385519981384
P56703	186	228	0.56599360704422
P56703	271	354	0.5065652132034302
Q14574	797	895	0.4541018307209015
Q15428	62	84	0.31007230281829834
Q16549	218	238	0.322928249835968
Q8NB12	60	86	0.3264499306678772
Q8TDF5	311	331	0.3708985149860382
Q8TDQ1	187	206	0.352479487657547
Q8TDQ1	244	261	0.34381744265556335
Q96GX9	79	94	0.2793809175491333
Q96L08	64	82	0.2584875524044037
Q96N03	115	160	0.3688971698284149
Q9H4F8	216	299	0.5485836863517761
Q9H4F8	378	433	0.4299142062664032
Q9NRG9	364	386	0.35576534271240234
Q9UBS5	141	167	0.46092793345451355
Q9UEW3	493	519	0.5571197271347046
A0A1W2PQJ5	11	27	0.2929007112979889
A0A1W2PQJ5	88	174	0.37757936120033264
O43707	881	910	0.37874671816825867
O95628	5	68	0.5231015086174011
P11387	490	507	0.39034634828567505
P47224	16	42	0.28596603870391846
P55036	0	23	0.3837150037288666
P80098	24	69	0.32780247926712036
Q15797	62	135	0.46298399567604065
Q53RE8	124	139	0.3345596194267273
Q6IN85	87	105	0.3103153705596924
Q6NUN9	449	472	0.38600170612335205
Q6UWN5	62	219	0.6164379715919495
Q7Z7F0	99	131	0.29045000672340393
Q8NB16	436	458	0.2570570409297943
Q8NBI3	270	348	0.5353971123695374
Q92994	0	38	0.606181263923645
Q96L15	28	51	0.26648151874542236
Q96SJ8	169	189	0.29746881127357483
Q9C0B6	284	315	0.5314593315124512
Q9C0B6	425	496	0.6795868873596191
Q9H981	136	162	0.3731444776058197
Q9H981	276	300	0.606212317943573
Q9UI47	202	267	0.5118424892425537
Q9Y232	88	113	0.3186701238155365
A0A0K0K1C0	99	114	0.4242710471153259
A0A1B0GTS1	143	183	0.3699434697628021
A0A804HLA8	17	55	0.2815004587173462
A8MPP1	225	298	0.46430644392967224
O60294	129	148	0.3582134246826172
O95299	98	116	0.262577086687088
P07478	123	218	0.6375767588615417
P35625	18	35	0.3024798333644867
P43627	166	209	0.6327216029167175
P49765	64	126	0.40826383233070374
Q14117	317	344	0.6266934275627136
Q14184	121	169	0.3177039921283722
Q5MNZ6	18	40	0.32567763328552246
Q7Z3Z2	48	72	0.2618873715400696
Q86UQ0	71	97	0.2968137562274933
Q8IVL5	78	118	0.3636706471443176
Q9BXJ7	194	250	0.6092205047607422
Q9H2S5	314	333	0.3911149203777313
Q9H3U1	25	76	0.35261067748069763
Q9H714	270	336	0.4270116686820984
Q9H714	598	658	0.6046613454818726
Q9HBQ8	23	59	0.24995119869709015
Q9Y4K3	53	116	0.5601200461387634
A6NFA0	119	138	0.415901780128479
O00139	493	579	0.4919224977493286
O76095	48	102	0.4087536334991455
P41235	48	132	0.6329503059387207
P61812	369	390	0.2749764025211334
Q14451	102	129	0.49355900287628174
Q5M9Q1	333	350	0.263864129781723
Q6UXU4	102	127	0.38470539450645447
Q7Z699	326	440	0.4858053922653198
Q7Z6J6	308	329	0.2342536598443985
Q7Z7L1	121	172	0.3234330117702484
Q86UA6	112	215	0.46055907011032104
Q8IXT1	13	55	0.41910138726234436
Q8N4S0	412	435	0.40652966499328613
Q8N5L8	64	79	0.38286131620407104
Q92785	6	59	0.3632580041885376
Q96FE7	22	107	0.4045727550983429
Q96P64	439	474	0.4988245964050293
Q9H0F5	482	514	0.4355953335762024
Q9HA90	131	172	0.3141973912715912
Q9HA90	576	597	0.32379069924354553
Q9Y4K0	256	325	0.5445095300674438
Q9Y4K0	370	436	0.5456867814064026
Q9Y4K0	519	593	0.75650554895401
Q9Y615	92	110	0.25549226999282837
Q9Y615	356	391	0.4694356620311737
P06734	245	290	0.5585794448852539
P0DJG4	196	269	0.391684889793396
P0DJG4	331	361	0.2361597865819931
P0DJG4	428	453	0.2557162940502167
P21291	0	74	0.555056631565094
P21291	109	188	0.620465874671936
P21980	0	30	0.3607470393180847
P30307	235	258	0.3586353361606598
P55000	9	102	0.5505797863006592
Q14520	230	309	0.43673768639564514
Q14520	489	515	0.3555407226085663
Q86T75	633	684	0.3261536657810211
Q86T75	702	747	0.29398804903030396
Q8N6T0	380	396	0.28889191150665283
Q8NCL9	251	273	0.3284910023212433
Q8NCL9	382	397	0.5600997805595398
Q8NE62	186	205	0.3525388240814209
Q8NE62	474	550	0.4136798083782196
Q8WX77	37	138	0.539211630821228
Q8WXH2	0	34	0.4659837782382965
Q96H79	91	129	0.6039462089538574
Q9BXC9	684	706	0.3384646475315094
Q9UHH9	221	251	0.3210354447364807
Q9Y678	618	652	0.4081138074398041
Q9Y678	723	746	0.4021506905555725
D3W0D1	175	204	0.4374843239784241
O14511	216	308	0.3702404201030731
O75312	248	309	0.4988374412059784
P00738	310	326	0.3080666661262512
P13500	25	57	0.34237703680992126
P18084	18	87	0.5702226161956787
P19525	115	152	0.5167070627212524
Q6UWN0	124	172	0.5889609456062317
Q86UK7	12	66	0.5821533203125
Q86UK7	858	900	0.47023850679397583
Q8WZ79	302	341	0.4232809543609619
Q96AE4	142	163	0.525973379611969
Q96QV1	52	94	0.5341511368751526
Q9BYZ8	122	157	0.3278725743293762
Q9GZT9	12	58	0.48954007029533386
Q9H1P6	73	136	0.2980481684207916
Q9H270	567	592	0.3061317205429077
Q9H270	805	869	0.6078366637229919
Q9NQB0	444	497	0.3830011487007141
O75596	165	196	0.36346980929374695
P06731	279	332	0.646604061126709
P06731	462	501	0.6106509566307068
P10620	46	62	0.26576945185661316
P13501	24	47	0.25564414262771606
P19075	173	188	0.32052505016326904
P51124	178	218	0.4451355040073395
Q14249	107	130	0.3080531060695648
Q16878	123	188	0.3299272954463959
Q8NCL4	564	580	0.34093087911605835
Q96EN8	660	692	0.42098337411880493
Q96JK4	748	766	0.2999143898487091
Q9P2B2	108	133	0.24758821725845337
Q9UQR0	449	465	0.3940851390361786
Q9Y5F8	717	804	0.4501170814037323
O00744	91	115	0.39272359013557434
O00744	210	271	0.4829522669315338
O00744	309	382	0.4873791038990021
O43290	544	569	0.25669655203819275
O43290	646	691	0.3315766155719757
P56706	120	138	0.47364071011543274
P56706	188	223	0.5244848132133484
P56706	266	348	0.5315196514129639
P59025	173	206	0.5148913860321045
Q13434	397	433	0.4560369849205017
Q14449	366	416	0.27562302350997925
Q14807	39	76	0.24240842461585999
Q66K41	58	105	0.34324008226394653
Q8IXL7	71	167	0.6591143012046814
Q8IY33	0	24	0.40541109442710876
Q8IY33	179	240	0.6289320588111877
Q96L94	28	44	0.2786579132080078
Q9H2X3	354	398	0.3834901750087738
Q9H8N7	485	512	0.44932976365089417
Q9P0J6	64	93	0.384570837020874
Q9UKJ5	82	99	0.33893024921417236
A0A075B6J6	24	40	0.4061623215675354
A0A075B6J6	62	101	0.2970976233482361
A0A5F9Z9Y6	124	184	0.6642751693725586
C9J2P7	79	131	0.7168945670127869
O00187	130	214	0.6963774561882019
O00187	611	632	0.5119695067405701
O94941	247	336	0.3946641683578491
O94941	474	540	0.5194344520568848
P00326	30	56	0.3604430556297302
P00326	86	113	0.4467177093029022
P12018	93	128	0.2700776159763336
P13349	55	120	0.33083149790763855
Q14416	490	517	0.3647315204143524
Q6DN72	154	204	0.44616684317588806
Q6DN72	258	275	0.3933142423629761
Q6PH81	7	45	0.44922879338264465
Q6UX71	317	374	0.621894896030426
Q8IYX7	0	58	0.5766357183456421
Q8IYX7	167	234	0.33768218755722046
Q8IYX7	271	313	0.35365116596221924
Q96BF6	391	408	0.30348894000053406
Q96E14	115	133	0.26116058230400085
Q9BZC1	202	227	0.673779308795929
Q9H2U2	152	168	0.2547944486141205
Q9H4W6	155	179	0.4708375632762909
Q9UBT2	148	177	0.4918569326400757
Q9UBZ4	2	20	0.29885512590408325
Q9UBZ4	82	120	0.6638690829277039
Q9UBZ4	450	486	0.33180299401283264
Q9UKI8	715	730	0.2452024519443512
Q9ULX5	45	117	0.6219382286071777
P01718	84	109	0.33671191334724426
P04792	111	146	0.27690649032592773
P22674	94	125	0.25599244236946106
Q14541	0	83	0.6360688805580139
Q3MIN7	284	311	0.2821462154388428
Q86TJ2	0	43	0.42895346879959106
Q8N2H3	382	407	0.42368924617767334
Q9BUB5	210	266	0.630882740020752
Q9H1C7	74	93	0.24150097370147705
Q9H1J5	108	126	0.4940807521343231
Q9H1J5	222	341	0.5587655305862427
Q9H2P9	209	241	0.5053794980049133
Q9UBI6	23	71	0.2938990592956543
Q9Y371	108	127	0.34282875061035156
Q9Y5E6	726	773	0.2898755669593811
Q9Y6I4	12	112	0.5472133755683899
Q9Y6I4	337	399	0.40322837233543396
O00294	296	314	0.2973918318748474
O43395	622	658	0.29450345039367676
O43900	75	112	0.3565765619277954
O43900	249	270	0.4346088171005249
O43900	280	364	0.6940153241157532
O75607	93	131	0.3083955645561218
P0C8F1	13	97	0.38307130336761475
P35052	23	80	0.48109671473503113
P35052	396	448	0.27245303988456726
P49901	0	69	0.37394970655441284
Q08431	13	82	0.41606244444847107
Q10469	376	394	0.26541000604629517
Q12797	628	658	0.4233042895793915
Q16134	589	616	0.4982445538043976
Q16553	13	36	0.35506266355514526
Q16553	59	130	0.3769674301147461
Q5JTZ9	719	741	0.48103561997413635
Q6NTF7	6	50	0.4063359498977661
Q8NES8	19	64	0.5095846652984619
Q96KR4	429	503	0.580532431602478
Q96PZ2	484	510	0.3844462037086487
Q9GZM8	246	286	0.28567084670066833
Q9HB21	174	209	0.2726803719997406
Q9NY59	490	592	0.4600096642971039
Q9UL62	168	191	0.5116761326789856
Q9Y5K2	181	212	0.5869800448417664
A8MW99	125	145	0.28123241662979126
O43663	168	213	0.350094199180603
O60462	624	678	0.3991846740245819
P05062	328	349	0.3006114661693573
P29459	56	114	0.509225070476532
P48506	97	146	0.39358657598495483
P48506	491	506	0.4072912335395813
P78563	452	483	0.28333979845046997
Q16586	213	233	0.574212372303009
Q3SY46	0	143	0.5395562648773193
Q86Y79	137	182	0.45911136269569397
Q8IWV1	272	296	0.3894117772579193
Q8NFT6	296	317	0.3110528290271759
Q8TF44	339	355	0.36867767572402954
Q96C24	52	117	0.5550754070281982
Q96P11	353	418	0.4440252482891083
Q9H8U3	152	226	0.36489975452423096
Q9HBJ7	392	420	0.2500954270362854
Q9NZU1	46	66	0.36924245953559875
A6NMN3	146	214	0.5282564759254456
P05165	684	703	0.34754419326782227
P10147	20	71	0.305102676153183
P11150	305	327	0.43249645829200745
P38935	879	948	0.546995997428894
Q14512	61	149	0.4758877456188202
Q14512	203	233	0.23686693608760834
Q6PJI9	938	973	0.4141221046447754
Q8IV45	160	200	0.3678108751773834
Q8WXQ8	274	297	0.24895212054252625
Q96RN5	565	599	0.3100191354751587
Q96RN5	714	737	0.3574807941913605
Q9BRT2	0	17	0.3363569974899292
Q9BUM1	93	117	0.4078221619129181
Q9C0K1	262	293	0.370876669883728
Q9H0Q0	211	231	0.44443607330322266
Q9HAW0	9	58	0.5042495131492615
P01715	86	114	0.2494990974664688
P35318	93	125	0.2650735378265381
P36896	85	117	0.43934619426727295
P52594	16	73	0.5430963039398193
P68543	123	143	0.3185410499572754
Q13064	94	118	0.3305533826351166
Q13064	397	436	0.41093796491622925
Q5DT21	20	85	0.5315984487533569
Q5SWA1	235	271	0.5624111890792847
Q5SWA1	593	650	0.3408094346523285
Q7Z3Y7	71	102	0.32715731859207153
Q8N365	269	291	0.2811121344566345
Q8N9T8	515	542	0.23476342856884003
Q8NA69	230	303	0.39471402764320374
Q8NA69	320	335	0.3965720236301422
Q92750	338	355	0.4506552517414093
Q9BYU1	78	100	0.3030896484851837
Q9H5V9	79	100	0.2584199607372284
Q9H706	183	227	0.5218629837036133
Q9NRR6	551	581	0.44445690512657166
Q9NYB5	142	173	0.28971943259239197
Q9NYB5	469	492	0.6366479992866516
Q9NYB5	502	542	0.4700242578983307
Q9P2G4	169	184	0.32793912291526794
Q9P2G4	885	904	0.31318891048431396
Q9Y240	288	322	0.321979284286499
A8MYP8	164	207	0.3988342583179474
O60861	178	219	0.26944997906684875
Q4VC12	113	143	0.6180699467658997
Q5VTR2	909	974	0.4367591142654419
Q5W5W9	129	174	0.3639850318431854
Q6ZN04	61	99	0.2748650312423706
Q6ZN04	513	568	0.6035897135734558
Q96FZ2	81	103	0.2825409173965454
Q96JY6	282	345	0.5391624569892883
Q9BXR6	198	242	0.5460726022720337
Q9NRM6	247	285	0.5390836596488953
Q9NRM6	400	417	0.33516305685043335
P08048	200	246	0.34531548619270325
P0C6A0	207	272	0.5019921064376831
P50549	277	327	0.5139212608337402
Q13424	210	241	0.27031654119491577
Q16563	50	76	0.2700311541557312
Q6NUQ4	451	485	0.3155089318752289
Q8IZN3	161	213	0.6186586022377014
Q8NHK3	126	197	0.5049942135810852
Q8NHX4	109	141	0.44736963510513306
Q9NYF0	177	299	0.6813067197799683
Q9NYJ8	16	77	0.545698881149292
Q9P0W8	32	49	0.2539210915565491
A0A1W2PRS3	110	184	0.38129299879074097
O43422	7	111	0.42948800325393677
O95838	140	163	0.3220736086368561
P00441	43	58	0.43311935663223267
P00441	99	120	0.51606285572052
P04731	0	59	0.6689367294311523
P05026	119	146	0.3784482181072235
P06748	6	33	0.27537620067596436
P13196	261	286	0.43866536021232605
P21246	42	142	0.445419043302536
P27701	165	201	0.4052194356918335
P37173	37	79	0.5664938688278198
P37173	129	154	0.4610293209552765
P37173	464	552	0.3140881359577179
P43405	79	98	0.42010530829429626
P54136	91	127	0.23923856019973755
P61968	14	31	0.2804921865463257
P61968	44	82	0.5632545351982117
P61968	99	164	0.44663581252098083
P98153	25	67	0.49596545100212097
Q16651	152	181	0.6963226795196533
Q16651	210	246	0.624187707901001
Q86YJ5	99	155	0.521999716758728
Q8WTV1	26	86	0.4528978168964386
Q9BTE0	64	80	0.31583094596862793
Q9HA65	87	122	0.24668344855308533
Q9HCI7	46	89	0.6073449850082397
Q9HCI7	460	514	0.6236572861671448
Q9NY28	554	570	0.2713518440723419
Q9Y337	153	282	0.6495903730392456
Q9Y5E1	742	758	0.30460500717163086
O15391	338	368	0.2373897284269333
O60308	739	877	0.5124874114990234
O75081	544	595	0.574371337890625
P09936	172	220	0.3640846908092499
P13688	281	347	0.50479656457901
P17213	152	170	0.4238665699958801
P19544	206	303	0.5700631141662598
Q0VAF6	25	112	0.4277958571910858
Q13433	527	556	0.28779613971710205
Q15796	60	87	0.4633186459541321
Q15796	154	179	0.4021037817001343
Q5EE01	51	77	0.285512238740921
Q5KU26	688	741	0.39514732360839844
Q6P3W2	106	138	0.4381718039512634
Q8IXK2	541	580	0.29334399104118347
Q969G2	54	96	0.3044176697731018
Q99616	26	52	0.3138980269432068
Q9BUL5	331	391	0.5468806028366089
Q9BYN7	39	78	0.4319431483745575
Q9H3J6	65	81	0.236430823802948
Q9H3T3	362	388	0.3965362310409546
Q9NX77	310	334	0.26415470242500305
Q9NYP3	181	205	0.2626427114009857
Q9NZF1	21	106	0.44212937355041504
Q9UJW0	4	139	0.5146118998527527
Q9UJW0	257	292	0.3157666027545929
Q9UPW0	134	154	0.3144166171550751
Q9Y225	64	94	0.3374423384666443
Q9Y2W6	126	170	0.42546072602272034
A2AJT9	598	626	0.2805277705192566
A2RUH7	327	353	0.4384711682796478
A4FU01	604	633	0.24965181946754456
O94886	368	397	0.37405940890312195
P01717	85	111	0.35435599088668823
P01877	10	48	0.43851909041404724
P01877	70	216	0.5669704079627991
P07585	29	78	0.39949262142181396
P20151	197	223	0.4453146159648895
P49747	502	524	0.3328094184398651
P57727	81	105	0.40444812178611755
P57727	366	409	0.6868623495101929
Q14D33	88	105	0.37285077571868896
Q14D33	129	154	0.6472925543785095
Q2M3G4	539	559	0.2614705264568329
Q5JSP0	537	587	0.5702259540557861
Q6P9F7	53	72	0.2721226215362549
Q7L622	75	105	0.6097601652145386
Q7L622	232	309	0.5340073108673096
Q8N3T1	500	575	0.6580923199653625
Q8TDM5	14	106	0.5625402927398682
Q9BYX2	80	112	0.3339884281158447
Q9UPR6	266	290	0.390858918428421
Q9UPR6	311	354	0.4462498426437378
Q9UPR6	456	503	0.3482253849506378
Q9UPR6	846	866	0.26307064294815063
Q9Y466	4	98	0.6446197032928467
A0PJX4	38	77	0.5673362612724304
O60337	0	63	0.46461692452430725
O60635	142	207	0.5280463695526123
O94782	426	456	0.27163729071617126
O95521	445	473	0.4164847433567047
P01876	1	44	0.3987310230731964
P01876	63	98	0.40025976300239563
P01876	115	229	0.5765559077262878
P05452	91	111	0.37053364515304565
P05452	161	192	0.4771338403224945
P59044	286	306	0.320671021938324
P59044	328	351	0.30301040410995483
P62877	36	83	0.34746795892715454
Q14995	91	204	0.5761674642562866
Q5VUE5	104	144	0.5737361311912537
Q6ZNE5	15	76	0.3809506297111511
Q86XN8	173	196	0.31316033005714417
Q86XN8	594	650	0.6413030028343201
Q86XW9	157	172	0.3031097948551178
Q96RE7	412	432	0.3435900807380676
Q9NZK7	63	88	0.3079163134098053
Q9NZK7	106	141	0.35214751958847046
Q9P021	45	100	0.59395432472229
Q9ULD6	615	630	0.3230321705341339
A8K0R7	692	765	0.5463392734527588
O94776	354	406	0.3960396945476532
O95567	10	43	0.27918535470962524
P00751	592	703	0.3917219340801239
P58004	301	336	0.30087533593177795
Q13574	661	720	0.4370713233947754
Q6ZSB9	109	129	0.4340488910675049
Q709F0	503	525	0.44657227396965027
Q7Z6V5	18	54	0.2598649263381958
Q96HA4	50	114	0.6250913739204407
Q96NY8	101	134	0.3974723219871521
Q9GZS1	99	173	0.294102281332016
Q9NRX4	59	89	0.5146005153656006
Q9NUS5	7	45	0.3243502676486969
Q9Y2L9	620	678	0.39180031418800354
O75914	78	95	0.3012276291847229
O95158	234	277	0.42686018347740173
P08962	144	187	0.4970272481441498
P0DV60	37	94	0.4156951904296875
P48200	104	146	0.5529301166534424
P54107	77	102	0.3282332122325897
P54107	170	248	0.5651629567146301
Q12951	176	210	0.3504737913608551
Q49AG3	99	159	0.4550657570362091
Q92622	487	527	0.2234666645526886
Q92622	886	968	0.4659813642501831
Q99558	601	636	0.3650265634059906
Q9BWT1	249	344	0.5868238806724548
Q9NWW7	10	51	0.4500182867050171
Q9ULW2	79	148	0.5749768018722534
A0A087WWS6	22	39	0.2643924653530121
P21854	327	358	0.3226499557495117
P60507	288	317	0.37119239568710327
P62079	162	207	0.574070930480957
Q14954	170	202	0.4309380054473877
Q14956	426	450	0.3100758492946625
Q3MJ16	180	332	0.5323702692985535
Q68EM7	39	70	0.27599164843559265
Q8IV04	75	130	0.46069326996803284
Q8NFP4	740	778	0.45573586225509644
Q96AQ9	123	146	0.301080584526062
Q96Q91	559	594	0.4837806820869446
Q9BS91	186	216	0.3205397427082062
Q9BUE6	109	128	0.4472140669822693
Q9UKQ9	176	238	0.5267531275749207
Q9UNE7	175	208	0.24596595764160156
A0A1B0GXF2	94	114	0.35041147470474243
O60683	264	323	0.6157864928245544
P07202	238	339	0.6364025473594666
P07202	360	397	0.4054272472858429
P08842	556	582	0.3851732909679413
P0DP57	12	96	0.5016784071922302
P0DTE7	143	173	0.4562174081802368
P10646	84	104	0.4170379638671875
P20645	175	191	0.43797531723976135
P20645	228	248	0.3407053053379059
P41587	10	114	0.3980901837348938
P61587	158	205	0.40080294013023376
Q30KQ5	29	81	0.45547279715538025
Q3LI83	10	206	0.569797694683075
Q8NA70	29	106	0.35139575600624084
Q8NA70	333	403	0.328533411026001
Q8TDB6	151	179	0.4663853347301483
Q8TDB6	234	320	0.378036767244339
Q8TDB6	551	602	0.6238222122192383
Q8TE49	882	920	0.4236772358417511
Q96T92	418	451	0.41649773716926575
Q99469	365	386	0.2825285494327545
Q9BQI3	470	503	0.3717457354068756
Q9GZS9	153	180	0.5231767296791077
Q9H756	345	369	0.2708253264427185
Q9NUL5	110	190	0.5608416199684143
Q9UHF4	222	238	0.24591484665870667
Q9UN71	720	802	0.7046608924865723
A0A075B6J9	27	45	0.3138017952442169
A0A075B6J9	57	88	0.29020577669143677
B2RPK0	7	49	0.293290376663208
B2RPK0	91	119	0.286727637052536
O43903	88	150	0.4116734266281128
O43903	205	226	0.3339080214500427
O95754	509	527	0.4692612886428833
P01588	50	69	0.2519776225090027
P25800	16	33	0.28864097595214844
P51449	22	110	0.615163266658783
Q16620	9	52	0.27845707535743713
Q4VC44	144	165	0.3672173321247101
Q4VC44	300	340	0.4048486351966858
Q4VC44	445	487	0.43264517188072205
Q4VC44	534	581	0.2685214579105377
Q6QN14	79	131	0.7137089371681213
Q96I15	380	399	0.2591942250728607
Q9BXU3	375	408	0.3995332419872284
Q9HAI6	0	19	0.3764077425003052
Q9HAI6	39	139	0.4218812882900238
Q9HBM6	83	122	0.28421077132225037
Q9UBU2	71	138	0.6177718639373779
Q9UBU2	168	258	0.6633791923522949
Q9UPV7	121	189	0.5188602209091187
O95460	562	613	0.33408620953559875
O95786	796	817	0.3415304720401764
P12645	391	410	0.3132307827472687
P32320	4	34	0.3796918988227844
P81133	426	470	0.5552618503570557
Q2MV58	67	106	0.5794550180435181
Q5H9J9	250	266	0.3598528206348419
Q92985	310	331	0.38152116537094116
Q96ME7	157	211	0.40001869201660156
Q96ME7	408	427	0.3848152458667755
Q96P53	311	334	0.49071621894836426
Q9NP77	11	37	0.32145601511001587
Q9NP77	113	193	0.30126017332077026
A4GXA9	95	134	0.38235020637512207
A6NNW6	265	284	0.44385698437690735
O60678	41	75	0.47104892134666443
P09486	67	151	0.6302822828292847
P35247	256	303	0.4019952416419983
P35247	324	367	0.36487576365470886
Q10471	551	570	0.32150229811668396
Q14159	313	332	0.28027746081352234
Q14159	748	832	0.6120940446853638
Q4KMQ2	332	349	0.4185618460178375
Q4KMQ2	423	443	0.2600940465927124
Q4KMQ2	792	817	0.250987708568573
Q68D85	210	246	0.45551592111587524
Q6GMV2	84	145	0.5570032000541687
Q8N690	14	73	0.5052343606948853
Q969Q1	49	79	0.436802476644516
Q969Q1	106	163	0.3476603627204895
Q96BD5	480	550	0.5209345817565918
Q9BQB4	72	181	0.5340048670768738
Q9H7Y0	319	343	0.3657088577747345
Q9NVP4	692	719	0.434581995010376
Q9P0V3	357	375	0.3134489953517914
Q9UBG7	46	158	0.4162256121635437
Q9UK23	95	176	0.5774447321891785
A0A0B4J1U7	32	53	0.28534066677093506
C9J798	137	157	0.2743273377418518
C9J798	690	716	0.3554207384586334
C9JLR9	257	315	0.3462706506252289
O15123	418	435	0.29912763833999634
P13236	26	57	0.3417488932609558
P43353	396	413	0.5924825072288513
P63215	15	74	0.3120880424976349
Q3LHN2	0	51	0.3852002024650574
Q6ZNC4	380	411	0.41188928484916687
Q86UT8	0	23	0.34000372886657715
Q96SW2	180	222	0.373736172914505
Q96SW2	316	335	0.40382254123687744
Q9BTZ2	246	277	0.48831257224082947
Q9NVU0	57	89	0.34529954195022583
Q9NVU0	99	120	0.40582728385925293
Q9NVU0	223	249	0.284208744764328
Q9NW64	68	87	0.3915969729423523
Q9NZ20	154	197	0.5305256843566895
Q9UJ41	6	46	0.37943369150161743
Q9Y6P5	218	291	0.5015742778778076
A0AAG2SUX2	301	324	0.2786494195461273
A0AAG2SUX2	366	413	0.3331669569015503
A0AAG2SUX2	441	480	0.2699861228466034
O00442	12	66	0.342721551656723
O15496	57	164	0.5948147773742676
O60687	260	325	0.6404482126235962
P01889	106	139	0.4486439526081085
P20393	144	224	0.5664469003677368
P42166	668	693	0.30729222297668457
P98170	468	484	0.32258081436157227
Q6ZRP0	111	137	0.3788290023803711
Q7Z794	32	47	0.6228746175765991
Q8IX06	312	328	0.26768195629119873
Q8IZP2	152	189	0.31368473172187805
Q8N370	276	304	0.2809862792491913
Q8N680	241	279	0.5010045766830444
Q8N865	105	212	0.4286235272884369
Q8WXD5	132	154	0.40705689787864685
Q96AY2	282	310	0.5130252242088318
Q96FA3	323	341	0.2825179696083069
Q96FA3	363	388	0.47634559869766235
Q96SA4	352	385	0.23893620073795319
Q9C0K7	336	362	0.3411080539226532
Q9P0L0	90	134	0.3085930645465851
A0A0J9YX75	92	110	0.3625263273715973
O43790	58	111	0.35229402780532837
P08118	10	113	0.5342578291893005
P12755	80	117	0.34688273072242737
P27635	15	39	0.33230388164520264
P60022	28	67	0.34203067421913147
Q07627	4	92	0.3881317973136902
Q07627	119	176	0.4126223623752594
Q569H4	203	233	0.48965689539909363
Q96CX2	292	311	0.3887782394886017
Q9GZP1	15	42	0.2606809139251709
Q9Y3B2	0	40	0.3419884145259857
Q9Y5E7	728	771	0.3270461857318878
Q9Y6F8	24	70	0.3194113075733185
O15392	0	91	0.42198875546455383
O43716	76	124	0.37882933020591736
O95967	36	91	0.5738520622253418
P07315	11	33	0.28170275688171387
P15882	238	260	0.4632267653942108
P23409	81	101	0.30735674500465393
P48065	164	185	0.3665621876716614
P49736	329	363	0.6088349223136902
P49788	114	153	0.346172958612442
Q2TB90	691	738	0.5241586565971375
Q7L591	289	313	0.35018739104270935
Q7L8C5	173	210	0.5082601308822632
Q7L8C5	374	412	0.3062622547149658
Q8N468	255	297	0.2552865743637085
Q8N9H8	681	702	0.31856730580329895
Q96EK4	0	79	0.38701191544532776
Q96EY5	22	47	0.5123465061187744
Q96EY5	91	107	0.4061599373817444
Q96PX1	266	330	0.5789645314216614
Q96QI5	283	309	0.22283941507339478
Q99750	164	245	0.5640193819999695
Q99814	850	869	0.3071412146091461
P23945	17	41	0.35816994309425354
P23945	322	358	0.4217551052570343
P52943	0	82	0.5681493878364563
P52943	120	193	0.5344253182411194
P53667	215	232	0.3057020604610443
P55895	407	425	0.3768098056316376
Q5JRV8	152	200	0.5498369932174683
Q5VXH4	447	475	0.6451496481895447
Q8N5W8	47	93	0.553419291973114
Q8N6F7	73	106	0.3866025507450104
Q8NHH9	387	413	0.3869175314903259
Q8TF27	324	361	0.4688573181629181
Q969W1	145	183	0.4989428222179413
Q96PB8	31	55	0.352071613073349
Q96QA6	6	36	0.44210872054100037
Q96T60	424	450	0.36353951692581177
Q9BXB1	29	51	0.5061478018760681
Q9NR81	417	438	0.23823998868465424
Q9NTG7	262	289	0.4088047742843628
Q9UBV2	119	167	0.45234712958335876
Q9Y4E8	269	325	0.5738683342933655
Q9Y4E8	753	818	0.3498497009277344
P01106	92	116	0.30344679951667786
P11474	70	150	0.6314250230789185
P12955	236	261	0.6770673990249634
Q04844	412	438	0.31468671560287476
Q17R31	0	21	0.5461717247962952
Q6UX46	109	151	0.3506013751029968
Q6UXD5	455	545	0.649695873260498
Q6UXD5	698	731	0.5737157464027405
Q8IZF3	43	116	0.5129350423812866
Q8WTP8	105	131	0.4220660328865051
Q99518	17	42	0.2686583399772644
Q9UMF0	279	304	0.4738447070121765
Q9UMF0	784	837	0.5419005155563354
Q9UPQ4	15	75	0.571236789226532
Q9UPQ4	94	152	0.47141018509864807
A6NI56	460	488	0.2769303023815155
P21580	759	789	0.5461165308952332
P43235	133	233	0.6991252303123474
P62068	160	244	0.5268787145614624
Q16610	179	409	0.48962849378585815
Q16610	422	514	0.5955875515937805
Q2KHT4	112	144	0.2570808529853821
Q5T7W7	421	494	0.5879778265953064
Q6P387	28	115	0.4467541575431824
Q6P387	210	260	0.3638533651828766
Q6P387	286	311	0.27025580406188965
Q8N5H3	116	137	0.32079017162323
Q8NCW0	31	78	0.3492562174797058
Q8TBK6	20	74	0.3236439526081085
Q96EL1	161	201	0.343698114156723
Q96IV0	251	305	0.30883315205574036
Q99704	13	42	0.31762364506721497
Q99704	57	101	0.28901952505111694
Q9H336	285	322	0.5905800461769104
Q9H336	399	425	0.47302505373954773
Q9NUL7	137	167	0.2582768499851227
Q9NYG5	11	60	0.4265976846218109
Q9UBI9	96	126	0.2995348870754242
A0A1B0GVS7	88	105	0.28674209117889404
A0A1B0GVS7	118	188	0.5910453796386719
A1L3X4	0	48	0.6997352242469788
A1Z1Q3	96	131	0.6411563158035278
A8K979	587	650	0.5856566429138184
A8MPS7	240	269	0.4025774300098419
H3BV60	136	152	0.25751757621765137
O95718	71	173	0.6348879933357239
P01033	136	205	0.5236762762069702
P36544	362	429	0.5782221555709839
P57737	20	43	0.4458758234977722
P62072	9	68	0.2566922605037689
Q08397	372	417	0.36463111639022827
Q15697	25	65	0.3450589179992676
Q63HK3	554	584	0.24476318061351776
Q7Z5A7	42	130	0.49127399921417236
Q8N187	289	322	0.44786208868026733
Q8TAY7	149	184	0.3905881643295288
Q9H1F0	35	78	0.5874121189117432
Q9Y5R5	118	163	0.5194927453994751
Q9Y6F1	56	75	0.289989173412323
A0A5F9ZH88	128	176	0.42639878392219543
P0C7H8	0	41	0.36791905760765076
P15328	29	84	0.4594317674636841
P15328	126	141	0.3117072284221649
P85037	175	192	0.3579524755477905
P98194	129	170	0.4223161041736603
P98194	197	216	0.31459707021713257
Q13387	752	767	0.530005693435669
Q5T3F8	379	405	0.3470154106616974
Q86XJ1	97	121	0.3481469452381134
Q8NE00	171	199	0.26462218165397644
Q8TF76	370	488	0.5128296613693237
Q96H22	310	329	0.2951090633869171
Q9Y534	68	89	0.38974711298942566
Q9Y534	117	133	0.2580246031284332
A0A0A6YYD4	96	115	0.25781312584877014
A0A1W2PQ64	88	172	0.38118845224380493
B7Z1M9	278	327	0.34672561287879944
F5H094	452	501	0.49079224467277527
O60810	452	477	0.5400468707084656
O75152	0	31	0.40159502625465393
O75152	48	99	0.5378026962280273
P10276	79	159	0.6537560224533081
P55010	94	149	0.5685092806816101
P55259	468	488	0.38259509205818176
P57087	99	161	0.4218246340751648
Q03167	711	728	0.33121156692504883
Q5FYA8	524	561	0.36618509888648987
Q6NVV7	43	91	0.3513282835483551
Q75V66	334	354	0.3948608636856079
Q7Z3E1	526	556	0.4499934911727905
Q8WUN7	88	106	0.48218420147895813
Q9BXF9	262	299	0.29963889718055725
Q9NQ79	515	604	0.585279643535614
Q9ULT6	283	356	0.6384146809577942
Q9Y2C4	105	121	0.2639629542827606
O43439	493	546	0.6012417674064636
O95260	58	93	0.3711303472518921
P00749	288	304	0.6554939150810242
P00749	357	425	0.4340518116950989
P01824	37	56	0.31629905104637146
P01859	15	121	0.42490461468696594
P01859	230	245	0.31977006793022156
P01859	300	316	0.2705683708190918
P09871	74	89	0.2701539099216461
P09871	581	640	0.5245844125747681
P13598	44	59	0.3016248643398285
P50461	0	93	0.6131858229637146
P50461	108	193	0.581544041633606
P78333	51	68	0.3195789158344269
Q02223	0	53	0.3555392622947693
Q15654	436	458	0.549030065536499
Q17RB8	101	164	0.5787972211837769
Q17RB8	496	517	0.4909742772579193
Q6UWQ7	21	86	0.43016770482063293
Q7Z419	63	178	0.5982974767684937
Q8IYD9	167	220	0.4379563331604004
Q8TBN0	285	325	0.47353053092956543
Q96IQ7	146	176	0.4203697741031647
Q96IQ7	198	235	0.6068000197410583
A4D1P6	396	424	0.5850222706794739
O15273	4	22	0.2541220188140869
P01229	97	124	0.30394089221954346
P02489	110	150	0.41722673177719116
P04435	92	114	0.3260977864265442
P33121	259	313	0.5014704465866089
P33121	459	474	0.4868292212486267
P51172	574	635	0.4790944457054138
Q14153	24	99	0.501263439655304
Q15013	45	81	0.34439578652381897
Q3KNT9	15	49	0.3279961943626404
Q3KNT9	96	144	0.44318273663520813
Q5EBN2	30	78	0.4147604703903198
Q5EBN2	94	138	0.46619370579719543
Q6ZTK2	496	527	0.38660943508148193
Q6ZVW7	303	332	0.3508733808994293
Q6ZVW7	391	464	0.4342587888240814
Q86SR1	552	602	0.46945828199386597
Q8N3F8	0	20	0.3783321976661682
Q8N3F8	67	88	0.2920748293399811
Q8N3F8	156	229	0.6060770153999329
Q96JB6	98	167	0.6542308926582336
Q96JB6	245	292	0.4261194169521332
Q96JB6	364	421	0.5681312680244446
Q96JB6	500	530	0.7711553573608398
Q9H1K0	145	204	0.5973551273345947
Q9H1K0	240	276	0.46763473749160767
Q9NP61	87	107	0.42867690324783325
Q9NZI5	418	433	0.2634061276912689
A0A0B4J1U3	87	116	0.2833321988582611
O00472	83	143	0.6493107676506042
O75841	180	228	0.38995862007141113
P50502	167	187	0.2551557421684265
P60880	73	127	0.3941490352153778
Q15527	36	137	0.45991823077201843
Q5K4E3	230	255	0.43534567952156067
Q5K4E3	340	385	0.3459831774234772
Q99645	104	146	0.572607159614563
Q9BQ16	270	286	0.444347620010376
Q9BQ16	316	397	0.6517217755317688
Q9BUB4	226	242	0.46073412895202637
Q9BUB4	258	275	0.27216219902038574
Q9H0B8	275	315	0.619277834892273
Q9H0B8	394	431	0.4915950894355774
Q9H0B8	467	494	0.3128054440021515
Q9H169	47	80	0.2716193199157715
A0A087WV62	82	114	0.4252013564109802
O43172	96	125	0.2456938922405243
P04155	27	83	0.4355817437171936
P47872	46	86	0.31660300493240356
P47872	103	130	0.43557363748550415
Q12829	208	223	0.29095160961151123
Q14533	0	111	0.4653920829296112
Q14938	97	116	0.43231186270713806
Q14938	233	256	0.2818983197212219
Q15424	425	481	0.48496314883232117
Q15485	95	110	0.34613093733787537
Q6R6M4	85	129	0.6694600582122803
Q8NBU5	283	336	0.3182322382926941
Q8WUH1	0	27	0.44205743074417114
Q8WUH1	87	106	0.3477930426597595
Q96GY0	108	152	0.45939019322395325
Q9H3S3	191	227	0.4347507357597351
Q9HBH1	108	145	0.34868454933166504
Q9NQ29	0	74	0.36285436153411865
A6NIM6	273	294	0.32847410440444946
O00238	23	106	0.6302918195724487
P02778	20	70	0.2952256500720978
P10153	69	160	0.5483890771865845
Q14681	95	115	0.37241172790527344
Q15406	47	132	0.6193870902061462
Q53T94	0	42	0.418326735496521
Q6PIV2	229	251	0.31165120005607605
Q86WV6	298	340	0.285756915807724
Q8N158	29	77	0.3873657286167145
Q8TEW6	13	71	0.41056370735168457
Q969R2	750	770	0.3247782588005066
Q96AZ6	0	27	0.4908887445926666
Q96MF7	178	232	0.34784525632858276
Q96QS1	155	188	0.4205886423587799
Q9H019	13	66	0.24988575279712677
Q9H019	230	256	0.24019208550453186
Q9H0E7	311	347	0.4505368769168854
Q9H0E7	533	548	0.27683430910110474
Q9NTX7	19	57	0.4534974992275238
Q9P0K1	675	722	0.6671573519706726
Q9UIJ5	119	166	0.6458472609519958
D6R901	79	131	0.7222491502761841
O00144	97	150	0.6629368662834167
O43164	614	683	0.555835485458374
P0C874	92	148	0.4658171832561493
P0CW20	60	116	0.5882315039634705
P10827	38	117	0.5996736884117126
P51948	6	23	0.3727714419364929
P51948	277	296	0.2858351171016693
P59666	58	90	0.3542948365211487
Q02509	91	217	0.5744178295135498
Q02509	321	409	0.6524515748023987
Q03405	12	48	0.47158002853393555
Q5VWM3	447	476	0.4080198407173157
Q96A46	73	88	0.4099309742450714
Q9UBN4	168	192	0.5732350945472717
Q9UK96	771	791	0.3878643214702606
Q9UKN8	116	144	0.349597692489624
Q9Y6H1	111	149	0.3929673135280609
A0A087X1C5	333	366	0.3636050224304199
A0A087X1C5	498	514	0.3283570408821106
O15066	2	30	0.3291766345500946
P01210	15	35	0.42566633224487305
P10109	97	177	0.46171221137046814
P14784	44	72	0.32884451746940613
P49840	379	428	0.5528835654258728
P78395	482	508	0.47647202014923096
Q17R89	41	76	0.2584851384162903
Q1MX18	540	578	0.3816864490509033
Q6UXZ0	188	208	0.2411271333694458
Q86WB0	275	296	0.42052191495895386
Q8IUH5	435	470	0.6376189589500427
Q96A56	78	99	0.33992210030555725
Q96A56	119	140	0.5100950598716736
Q96A56	154	178	0.33061882853507996
Q9BZL6	165	194	0.49327754974365234
Q9BZL6	280	322	0.5872669219970703
Q9NVS9	145	179	0.3361178934574127
Q9Y242	287	344	0.40096065402030945
P02788	26	60	0.31267049908638
P02788	180	266	0.4866132438182831
P02788	374	399	0.4930952787399292
P02788	509	533	0.3884000778198242
P02788	637	660	0.37168049812316895
P02788	680	709	0.30661261081695557
P11362	169	190	0.2514098584651947
P19387	82	130	0.5048715472221375
P48382	147	174	0.3385407626628876
P78348	321	355	0.45242035388946533
Q08629	312	369	0.697391152381897
Q13203	391	473	0.4460907578468323
Q15185	49	91	0.34551355242729187
Q2VPK5	373	405	0.45886048674583435
Q2VPK5	425	504	0.47554662823677063
Q5VUJ6	681	718	0.41809719800949097
Q93097	306	390	0.6093765497207642
Q99460	792	809	0.3177469074726105
Q9BZQ6	79	94	0.2879520356655121
A5X5Y0	347	363	0.478326678276062
O95159	0	22	0.42024925351142883
O95159	80	116	0.5096749067306519
P46721	115	145	0.36478984355926514
P48147	2	18	0.30203863978385925
P51504	183	201	0.2965445816516876
P55317	229	267	0.3788757920265198
Q12836	112	183	0.643454372882843
Q12836	433	475	0.5290252566337585
Q13686	296	372	0.4032590389251709
Q63ZY6	125	151	0.22529348731040955
Q63ZY6	170	197	0.543156623840332
Q8N2I9	111	126	0.33411306142807007
Q9H2C0	266	292	0.5190295577049255
Q9NTM9	17	58	0.37911587953567505
P05067	149	198	0.46861156821250916
P05067	281	357	0.5804969668388367
P10826	79	160	0.6273114681243896
P17787	342	357	0.35201889276504517
P17787	369	405	0.6590657830238342
P53803	7	50	0.4033087491989136
P78396	99	158	0.4732704162597656
P98175	194	247	0.46174129843711853
Q12899	1	77	0.5408817529678345
Q12899	93	140	0.3582516610622406
Q15646	326	345	0.4209989607334137
Q53EL9	764	784	0.3763722777366638
Q53EL9	809	892	0.4943094253540039
Q6NT52	90	124	0.47109389305114746
Q6P4A8	462	490	0.5581242442131042
Q6UW32	12	80	0.40531837940216064
Q6UXV0	187	274	0.6720409989356995
Q7RTY9	231	251	0.39387956261634827
Q86YI8	221	295	0.56877201795578
Q8IXT2	33	87	0.43472182750701904
Q96GM1	161	206	0.30524516105651855
Q9BYS1	125	173	0.5117112398147583
Q9H211	461	493	0.41547954082489014
Q9P2V4	280	295	0.3464199900627136
A0A0G2JLG4	344	410	0.5364389419555664
O00625	72	92	0.3682587742805481
P00740	396	417	0.33149048686027527
P08887	29	54	0.2937662899494171
P08887	117	135	0.4048866033554077
P29083	113	174	0.5363561511039734
P49913	67	133	0.41679298877716064
Q08426	547	574	0.3781856596469879
Q12857	88	118	0.38190940022468567
Q13145	18	121	0.5945757031440735
Q13145	200	236	0.5214130282402039
Q7Z5Q1	525	541	0.43041762709617615
Q8IVL6	71	99	0.33423560857772827
Q8IVL6	295	311	0.30390554666519165
Q92730	173	190	0.332528680562973
Q96A83	54	95	0.4863971471786499
Q99748	150	196	0.34077611565589905
Q9H4G8	8	71	0.41575777530670166
Q9NX70	109	134	0.3985097110271454
Q9NX70	168	188	0.30186760425567627
Q9NZ32	180	204	0.2620948255062103
Q9NZU5	341	364	0.3721802830696106
Q9UGM5	211	261	0.48927220702171326
O15151	297	342	0.5676220655441284
O15151	425	488	0.560833752155304
O75594	28	81	0.3242098391056061
P49767	163	185	0.5954294204711914
P55157	851	892	0.4548231065273285
P58166	270	346	0.4824494421482086
Q0VDF9	481	506	0.4382494390010834
Q16478	69	123	0.32316458225250244
Q5T1V6	97	142	0.4926045835018158
Q6UWL2	262	286	0.6557271480560303
Q7Z5L9	8	43	0.2729940414428711
Q7Z5L9	496	583	0.5346824526786804
Q8N490	317	373	0.4007188677787781
Q969J5	65	131	0.47667616605758667
Q96NY9	158	183	0.3672734498977661
A0A0A0MS03	77	113	0.4267619848251343
A6NGN4	453	477	0.5161336064338684
A8MXU0	20	53	0.4410403370857239
O00237	649	669	0.49713844060897827
P01703	84	117	0.33115607500076294
P10398	131	157	0.3551049828529358
P23352	48	116	0.5056405663490295
P23352	127	189	0.6333611607551575
P23760	41	98	0.327898770570755
P28331	129	156	0.3833320140838623
P28331	680	726	0.33733823895454407
Q5T0J7	169	199	0.45922696590423584
Q6UXN2	0	57	0.41545942425727844
Q96PC2	213	252	0.4652194082736969
Q96QK8	0	19	0.3239692151546478
Q99835	63	86	0.3840353190898895
Q99835	105	223	0.6073847413063049
Q9H5Z1	384	409	0.2900840938091278
Q9NQW5	169	224	0.5323618054389954
Q9NQW5	247	263	0.4426198899745941
Q9UJ99	589	607	0.3121398985385895
Q9UNE2	83	146	0.5735681056976318
Q9Y5F9	719	795	0.588864266872406
Q9Y5X9	297	329	0.5342360138893127
Q9Y5X9	448	489	0.3521686792373657
A0A0A0MRZ9	100	119	0.2798100411891937
A0A1B0GWI6	490	514	0.26641300320625305
A0AVI4	279	361	0.5245730876922607
O15297	90	107	0.3462398052215576
P0DN86	23	38	0.27544546127319336
P0DN86	91	126	0.46025770902633667
P48165	43	63	0.32222074270248413
P54802	507	522	0.33133018016815186
Q03188	20	47	0.26361197233200073
Q16543	313	342	0.29998594522476196
Q1ZYL8	136	158	0.4099448323249817
Q86T03	75	155	0.621781051158905
Q86T03	175	214	0.45682424306869507
Q86YP4	400	458	0.3697411119937897
Q8N7B6	231	247	0.3994525074958801
Q8NHY2	153	179	0.5670297741889954
Q96RD9	149	186	0.5857055187225342
Q96RD9	346	361	0.46359163522720337
Q96RD9	622	640	0.3636493980884552
Q96RD9	801	826	0.30660414695739746
Q96S65	97	126	0.37895774841308594
Q96S65	226	305	0.604671835899353
Q9NRG4	53	77	0.35763612389564514
Q9UKB5	335	376	0.3732946813106537
A0A1B0GWH4	143	183	0.37286660075187683
O94901	189	215	0.36820167303085327
P56880	99	118	0.38079482316970825
Q08380	99	133	0.6371586918830872
Q14188	129	160	0.285647451877594
Q15027	408	434	0.5429167747497559
Q15027	599	616	0.4827301800251007
Q15027	626	645	0.7004237771034241
Q32P44	295	324	0.5477970242500305
Q495C1	0	63	0.6939915418624878
Q5T6C5	237	277	0.4176108241081238
Q96GF1	32	88	0.3821917176246643
Q9BUK0	13	48	0.27887266874313354
Q9NT22	77	140	0.30283787846565247
Q9Y5F0	725	776	0.42633888125419617
A0A0A0MT36	73	99	0.3188537359237671
O60637	141	197	0.489533007144928
O60936	66	96	0.296812504529953
P03952	563	582	0.3631497025489807
P54762	348	384	0.594569206237793
P57773	48	64	0.28209254145622253
Q15825	380	414	0.4604024291038513
Q16288	23	56	0.30803751945495605
Q86WV1	168	195	0.29289308190345764
Q8IUC6	127	144	0.26488596200942993
Q8NA57	0	29	0.4217107892036438
Q9BVT8	153	171	0.38402825593948364
Q9H8Y1	418	443	0.369152307510376
Q9NWS0	52	126	0.376322865486145
Q9NXV6	503	520	0.31052327156066895
O00482	69	166	0.6318817734718323
O14745	157	257	0.42011842131614685
O43918	294	349	0.5718338489532471
O77932	196	263	0.43892014026641846
P02776	33	64	0.32511866092681885
P04085	90	190	0.4860762357711792
P08476	238	256	0.46898597478866577
P08476	343	363	0.43098345398902893
P20231	209	229	0.359244167804718
P32926	233	268	0.3738013803958893
P43121	138	168	0.3202137351036072
P43121	266	283	0.31817469000816345
P43121	304	323	0.3603855073451996
P43121	339	379	0.31594163179397583
P49619	730	770	0.39187169075012207
Q00987	302	334	0.46547311544418335
Q00987	433	490	0.5833004117012024
Q05655	183	218	0.42079833149909973
Q14644	19	45	0.2387477457523346
Q14644	698	724	0.4759812355041504
Q16822	409	439	0.5110948085784912
Q8N6Q3	71	92	0.4742673337459564
Q8NI32	47	156	0.6399204134941101
Q9NR12	56	77	0.26689648628234863
Q9NR12	273	290	0.370654821395874
Q9UJW8	68	84	0.34687304496765137
O15446	30	66	0.3547123372554779
P18754	37	67	0.33556804060935974
P18754	93	116	0.4673721492290497
P20718	124	141	0.3390679657459259
P20718	187	236	0.2864663302898407
P22059	512	531	0.2657024562358856
P41732	162	218	0.4364641308784485
P59282	8	54	0.421093612909317
P68133	7	44	0.4933615028858185
P84550	131	172	0.43130308389663696
P84550	189	212	0.5265065431594849
P84550	223	248	0.3695962429046631
Q15822	380	454	0.38464733958244324
Q6P1W5	354	406	0.32141339778900146
Q96AW1	26	54	0.267822802066803
Q96II8	670	730	0.3950802683830261
Q96II8	751	770	0.28825777769088745
Q96LM6	138	179	0.2754727005958557
Q9HBE4	58	89	0.2828661799430847
A0A0J9YY54	681	713	0.348445326089859
I1YAP6	0	66	0.5918045043945312
O60870	3	56	0.4644014537334442
P08217	207	222	0.42925626039505005
Q00403	11	55	0.5581105947494507
Q07869	93	188	0.6392046213150024
Q2TBC4	169	212	0.6110523343086243
Q5HYR2	110	134	0.24640585482120514
Q7Z7B8	16	60	0.45779502391815186
Q86UD0	293	309	0.2877894639968872
Q8N5W9	75	109	0.4311688244342804
Q8N5W9	130	160	0.32560837268829346
Q8TBB1	59	80	0.39087408781051636
Q92902	329	349	0.25321781635284424
Q9BQI9	207	275	0.5097475647926331
Q9NQ31	79	140	0.40243709087371826
Q9Y334	194	237	0.4936901926994324
C9JLJ4	79	134	0.7113368511199951
O60240	130	150	0.28805485367774963
P0CW19	60	116	0.5882315039634705
P31150	384	421	0.48971372842788696
Q13705	76	120	0.5203301310539246
Q5T4F4	330	410	0.5130290985107422
Q76G19	146	164	0.3371679484844208
Q96DX5	182	229	0.33802714943885803
Q96DX5	268	285	0.28662946820259094
Q9BZS1	185	299	0.3661947548389435
Q9C073	87	139	0.32890114188194275
Q9C073	324	397	0.5065396428108215
O60813	449	477	0.5325278043746948
P04090	159	184	0.38919150829315186
P18887	0	26	0.3288256824016571
P41214	288	317	0.3697037994861603
P41214	432	456	0.3267180621623993
P47756	0	16	0.25141528248786926
P47756	63	80	0.3113691806793213
Q00653	106	139	0.5726386904716492
Q6MZP7	515	579	0.6178232431411743
Q6MZP7	589	651	0.5722823739051819
Q6UXS0	146	185	0.39170676469802856
Q8IZ52	283	330	0.48262566328048706
Q8IZ52	398	420	0.39143913984298706
Q8WXA8	349	370	0.45419642329216003
Q96FC9	241	296	0.4647122323513031
Q96MD7	30	114	0.5207188725471497
Q96RN1	601	650	0.3656527101993561
Q9H4Q3	12	29	0.30535218119621277
Q9NV70	21	43	0.3063431978225708
E7ERA6	44	151	0.40233516693115234
O60609	33	111	0.46023955941200256
O60609	208	334	0.6435667872428894
O75954	154	184	0.4619515836238861
O94907	72	153	0.6844683885574341
O94907	173	265	0.6105700135231018
P10828	87	182	0.5978738069534302
P43250	89	115	0.4242907166481018
Q14142	13	64	0.41612350940704346
Q14142	183	207	0.3086002767086029
Q6ZMM2	41	92	0.40455031394958496
Q6ZMM2	140	197	0.7449988722801208
Q6ZMM2	414	440	0.41022923588752747
Q6ZMM2	450	480	0.2803567945957184
Q8IW70	389	439	0.4154658019542694
Q8N2H9	288	318	0.3725849390029907
Q8N2H9	353	468	0.5404961705207825
Q9BUD6	270	330	0.34913259744644165
Q9C030	0	73	0.5754309296607971
Q9H204	39	92	0.2642105519771576
Q9NQ86	45	71	0.28251704573631287
Q9NZH6	175	210	0.4220886528491974
Q9UBR4	50	99	0.47809702157974243
A6NFK2	190	247	0.5334975719451904
A6NK58	40	65	0.28808924555778503
P03971	477	503	0.3358880281448364
P14138	89	111	0.38088884949684143
P43632	129	199	0.5528970956802368
P48230	180	200	0.34184664487838745
Q05084	101	129	0.3135240972042084
Q5R3K3	74	96	0.4275737702846527
Q5R3K3	130	164	0.4847975969314575
Q5TA79	53	105	0.36633631587028503
Q6PGQ7	102	134	0.3872635066509247
Q6PGQ7	154	170	0.2811284363269806
Q76B58	271	293	0.4546366035938263
Q76B58	406	488	0.678162157535553
Q86VP3	766	786	0.35178443789482117
Q86WB7	162	195	0.4145693778991699
Q8IUD6	20	84	0.3475572168827057
Q8WUH2	810	842	0.41221877932548523
Q9HCC9	775	886	0.5065840482711792
Q9NQE9	35	72	0.4710742235183716
P05107	15	80	0.5694083571434021
P15814	171	194	0.32002124190330505
P56730	99	115	0.31973034143447876
P56730	354	382	0.6431925892829895
P56730	565	621	0.6211047172546387
P56730	790	831	0.41502082347869873
Q04771	22	56	0.3917970657348633
Q04771	66	117	0.576697826385498
Q5SQS8	121	150	0.24577365815639496
Q5SQS8	243	295	0.29373177886009216
Q8N149	276	301	0.6591252088546753
Q8N149	355	411	0.4680595397949219
Q8N8N0	0	63	0.6273426413536072
Q9NVN3	296	321	0.2482099086046219
Q9NY37	349	388	0.5598167777061462
Q9UJT2	52	90	0.3423527777194977
Q9UJT2	387	505	0.276644229888916
A6NDY0	140	157	0.255834698677063
C9JSJ3	538	596	0.3916641175746918
O00519	237	278	0.685011625289917
P01861	22	116	0.43693533539772034
P05981	337	368	0.47671207785606384
P17480	290	327	0.32772496342658997
P62508	95	211	0.6079872846603394
Q01101	366	387	0.4090232253074646
Q3SY69	447	466	0.27897578477859497
Q6Y2X3	532	568	0.44884294271469116
Q8N8K9	597	623	0.4093165993690491
Q8N8R5	52	83	0.3333660066127777
Q8N8R5	205	247	0.3526592552661896
Q9C0B5	101	141	0.5795943737030029
Q9NRM2	55	75	0.22965875267982483
Q9NRM2	362	377	0.34671226143836975
Q9Y314	0	68	0.4487130641937256
O15394	214	232	0.29177120327949524
O60811	446	473	0.42415520548820496
P06681	580	613	0.3691568076610565
P06681	656	685	0.38191136717796326
P0DP73	23	62	0.4950011372566223
P21741	33	127	0.550263524055481
P35858	33	57	0.5841203331947327
Q14186	118	138	0.25932174921035767
Q53GL0	70	86	0.26853880286216736
Q5TD97	245	283	0.5952489972114563
Q86VM9	220	258	0.4362199306488037
Q8IVH2	306	335	0.3232332468032837
Q8IYR2	286	321	0.3792383074760437
Q8IYR2	375	391	0.3186616599559784
Q8NEQ6	73	131	0.41827720403671265
Q8WWV6	76	97	0.3679015636444092
Q96SC8	65	98	0.5011310577392578
Q9H094	423	444	0.2516290247440338
Q9H094	559	582	0.3300860524177551
Q9H1D9	279	313	0.5093675851821899
Q9NXF7	94	126	0.34715408086776733
Q9NXF7	153	202	0.5099660158157349
O95897	34	61	0.3152420222759247
P08709	388	406	0.31460049748420715
P15927	199	225	0.2571406066417694
P16455	9	35	0.39918792247772217
P16455	52	70	0.2604128420352936
P32927	68	98	0.41617658734321594
P34059	298	314	0.41104114055633545
P34059	476	521	0.48799365758895874
P98174	726	813	0.6450830101966858
Q14508	30	123	0.6316706538200378
Q14624	913	929	0.29201412200927734
Q16819	274	305	0.4664239287376404
Q16819	662	718	0.47182324528694153
Q5U5R9	740	761	0.3545503616333008
Q5VYX0	33	67	0.4648660123348236
Q6P5W5	58	82	0.40131959319114685
Q6P5W5	274	304	0.2850092947483063
Q6UX98	92	122	0.47302165627479553
Q6ZSG1	287	345	0.423382967710495
Q70CQ3	216	311	0.6088639497756958
Q70EK9	467	528	0.6887372136116028
Q70EK9	540	600	0.5493066310882568
Q71F23	231	248	0.2833915948867798
Q7RTY8	771	800	0.3621681034564972
Q8NC96	150	167	0.293063223361969
Q8WWY6	80	135	0.47356799244880676
Q96K78	43	76	0.3426149785518646
Q96P47	832	849	0.5557266473770142
Q9H8X9	108	155	0.5966189503669739
Q9NXR7	2	17	0.27880623936653137
Q9P016	46	65	0.2899714410305023
Q9P086	73	116	0.2588851749897003
Q9UBS4	153	228	0.5563367009162903
Q9Y2K6	12	73	0.4468187093734741
O43823	464	484	0.27701491117477417
O75764	166	220	0.41413864493370056
O75764	294	347	0.5587388277053833
P08174	74	129	0.7086348533630371
P08174	213	281	0.7200168967247009
P30613	384	409	0.3285307288169861
P35557	436	464	0.34242433309555054
Q8IV20	393	411	0.3339192271232605
Q9BU89	229	299	0.4189510941505432
Q9H813	103	159	0.5209839940071106
Q9P0M4	110	153	0.3651297390460968
Q9P0M4	166	196	0.3291648030281067
Q9P2E8	151	203	0.5864477157592773
Q9Y483	100	162	0.48969805240631104
Q9Y581	144	206	0.46413466334342957
A0A1B0GX51	98	114	0.39435407519340515
O14964	152	227	0.5791411995887756
O75554	0	35	0.3259774446487427
P09455	73	107	0.3365744948387146
P78385	61	114	0.3725983500480652
Q13241	133	178	0.40846922993659973
Q13637	140	166	0.3752651512622833
Q14721	53	84	0.3202955424785614
Q7Z6W1	166	181	0.3355955481529236
Q8N5C8	1	73	0.5304518342018127
Q8NBR6	482	504	0.25341829657554626
Q8NDX5	773	828	0.5073837041854858
Q9BYV1	216	265	0.6875439882278442
Q9UPQ3	604	642	0.5381755232810974
A0AAG2TVJ1	374	413	0.4370841979980469
B3GLJ2	28	55	0.3062361478805542
B3GLJ2	74	97	0.3587616980075836
O15254	411	433	0.5070517659187317
P01860	13	52	0.4360562860965729
P01860	283	299	0.3352336883544922
P02795	0	59	0.6812201738357544
P09001	318	333	0.2614152431488037
P12318	92	108	0.31820493936538696
P33992	163	217	0.5799911618232727
P54105	110	133	0.3610007166862488
Q10588	147	172	0.4153866171836853
Q13263	56	93	0.4611002802848816
Q13263	618	680	0.6180402040481567
Q14118	255	276	0.2653365135192871
Q14118	688	711	0.32912346720695496
Q7Z3Y8	79	99	0.27086108922958374
Q8N104	19	64	0.43559956550598145
Q8N5P1	184	222	0.40176716446876526
Q8WV22	192	250	0.4044920802116394
Q96DD7	46	68	0.3752877116203308
Q96J86	15	58	0.4003572165966034
Q99523	441	464	0.4998062252998352
Q99523	669	724	0.4707927703857422
Q9H5L6	33	80	0.32987597584724426
Q9NQT5	52	76	0.5072305202484131
A0A096LNP1	21	54	0.3010629713535309
A6NDU8	223	249	0.33402982354164124
A6NKW6	7	55	0.33944395184516907
A7E2U8	110	129	0.38743093609809875
O95292	78	129	0.3989364802837372
P28347	307	325	0.3299325704574585
P28906	165	231	0.5639988780021667
P42701	484	500	0.2796243727207184
P58294	12	104	0.3798120319843292
Q04206	67	150	0.5096152424812317
Q49AR2	222	237	0.30326882004737854
Q7Z7A3	275	311	0.5294535160064697
Q8TEY7	29	96	0.5631767511367798
Q92791	74	97	0.3045799136161804
Q93098	110	126	0.6691907644271851
Q93098	152	200	0.57521653175354
Q93098	218	334	0.5392247438430786
Q9H1Z9	226	259	0.5715232491493225
O15235	53	132	0.39691242575645447
O15375	189	219	0.2851221263408661
P10720	36	66	0.3047407865524292
P14770	9	29	0.31649914383888245
P19876	68	92	0.25435349345207214
P34896	373	405	0.5872697830200195
Q15669	126	142	0.3532700836658478
Q8IZP7	169	194	0.5572251677513123
Q8IZP7	267	285	0.2934251129627228
Q8N488	21	61	0.3453686833381653
Q9BQS6	97	138	0.47930192947387695
P01127	107	185	0.44535031914711
P05166	517	535	0.3727823495864868
P0DP74	23	62	0.4950011372566223
P40313	192	216	0.6611681580543518
P41091	90	119	0.4951798915863037
P43628	166	206	0.4822060465812683
Q1W4C9	27	88	0.4238224923610687
Q504Y0	63	91	0.3812492787837982
Q6PI73	81	102	0.5450526475906372
Q6PI73	268	303	0.6252645254135132
Q6PI73	372	405	0.7116600275039673
Q7RTS7	110	130	0.3579086363315582
Q8N895	529	574	0.4490625262260437
Q8N9S9	282	301	0.6347877383232117
Q8NA82	644	686	0.5707019567489624
Q96D46	0	67	0.5648983716964722
Q9H0M4	245	300	0.4686909019947052
Q9H4E7	245	309	0.510341227054596
Q9NZS9	29	46	0.3388819098472595
Q9Y6H3	73	107	0.6047812700271606
A6NF83	16	46	0.2929936647415161
O15344	0	19	0.4071275591850281
O15344	44	61	0.3529927432537079
O15344	106	188	0.5614935755729675
O60636	135	176	0.3652813732624054
P00748	475	590	0.746122419834137
P00750	405	445	0.4618798792362213
P00750	475	519	0.6762328743934631
P03372	176	258	0.6564263105392456
P0DUB6	143	173	0.4562174081802368
P21941	224	275	0.7179226875305176
P32297	357	430	0.5824625492095947
P43320	21	60	0.3043212294578552
P43629	83	101	0.40859586000442505
P43629	218	298	0.4954043924808502
P43631	166	202	0.4677692949771881
P47895	32	71	0.3387034833431244
Q52M58	48	124	0.42963528633117676
Q5TFG8	6	48	0.35279402136802673
Q6PJE2	64	101	0.4815922677516937
Q7Z3G6	85	103	0.28570643067359924
Q7Z3G6	116	150	0.559859573841095
Q7Z3G6	242	313	0.646007239818573
Q8TDW5	49	107	0.6325376033782959
Q96G91	169	195	0.42642122507095337
Q9ULK6	81	110	0.3689533472061157
Q9Y383	0	71	0.3956892192363739
E9PQ53	94	113	0.3565967082977295
P05412	78	106	0.3042745590209961
P10124	32	49	0.3089161813259125
P11161	89	116	0.5677180290222168
P20783	144	163	0.29235348105430603
P20783	193	227	0.3646891713142395
P38936	0	78	0.38653329014778137
P43378	316	347	0.4368026852607727
P43378	495	516	0.2994309961795807
P54252	0	28	0.36245331168174744
Q13285	0	104	0.6080485582351685
Q3MIR4	63	89	0.45456308126449585
Q3MIR4	134	165	0.543825626373291
Q6DD87	317	356	0.49161940813064575
Q6VUC0	368	383	0.27355054020881653
Q7Z5V6	11	42	0.41707897186279297
Q8IWB7	312	333	0.5085387229919434
Q8N228	83	128	0.39802733063697815
Q8N441	199	235	0.5023985505104065
Q8TDE3	40	130	0.5753763318061829
Q92674	294	341	0.3277009129524231
Q9BVH7	81	140	0.6209094524383545
Q9HBF4	593	666	0.6139581203460693
Q9HBF4	722	776	0.6245999336242676
Q9P0K8	119	139	0.28596633672714233
A8MVW0	506	534	0.3200502097606659
O60359	38	84	0.2748429775238037
O95857	92	162	0.4774991571903229
P0DTU3	164	230	0.48007073998451233
Q13253	166	231	0.350879043340683
Q16568	68	115	0.495915025472641
Q5U5X8	316	374	0.49224337935447693
Q5U5X8	386	407	0.255354106426239
Q6P1R3	175	218	0.27628880739212036
Q70Z44	346	363	0.4167960286140442
Q86X76	166	193	0.3275183439254761
Q8NCD3	330	380	0.29303067922592163
Q8NCD3	438	464	0.3450441062450409
Q8NCD3	575	635	0.37684112787246704
Q93099	368	386	0.32816389203071594
Q96BD0	198	219	0.3987385928630829
Q96BD0	502	575	0.5299879908561707
Q9NP62	54	128	0.5539401769638062
Q9NSB4	44	115	0.5485942363739014
Q9NZH5	177	201	0.3714485466480255
Q9NZP8	100	139	0.4144241213798523
Q9UHD0	119	144	0.3212154805660248
Q9Y5L3	67	88	0.4233255386352539
Q9Y5L3	284	314	0.43431368470191956
A0A1W2PQD8	107	146	0.2898344099521637
A6NC86	14	51	0.5285500884056091
O15353	327	358	0.3790654242038727
P01344	49	94	0.6075953841209412
P01344	104	120	0.2507071793079376
P01591	78	158	0.5604804158210754
P49223	43	81	0.2947620153427124
P59991	0	145	0.40069079399108887
Q13183	204	221	0.43490687012672424
Q13506	191	209	0.302238792181015
Q13907	68	111	0.4610196352005005
Q5T4I8	31	56	0.4662575125694275
Q86VZ4	110	168	0.5674838423728943
Q86VZ4	327	352	0.4918249249458313
Q92871	226	260	0.48629099130630493
Q96PS1	115	137	0.2965371906757355
Q9BW19	477	511	0.2920553684234619
Q9BW19	527	576	0.3740960657596588
Q9H977	300	315	0.43746334314346313
Q9UM07	157	184	0.31267210841178894
O15304	97	174	0.5750885605812073
P01834	75	99	0.25129857659339905
P02818	66	91	0.286650687456131
P46459	8	32	0.42866647243499756
P54922	96	127	0.3760640621185303
P78552	89	119	0.41548123955726624
Q00888	389	406	0.27164527773857117
Q05513	117	184	0.5241864919662476
Q4QY38	31	65	0.25987982749938965
Q5T7M9	325	369	0.6129249930381775
Q92854	362	381	0.2527880072593689
Q92854	501	570	0.4887605607509613
Q96QZ0	61	93	0.26530367136001587
Q99487	1	18	0.27373334765434265
Q9BUH6	0	43	0.44238972663879395
Q9BX67	132	168	0.308180570602417
Q9H4P4	0	67	0.5201240181922913
Q9P1U1	0	38	0.5868170261383057
Q9UDV6	305	342	0.3812331259250641
Q9UDV6	363	399	0.4852257966995239
Q9Y3I0	468	504	0.45554399490356445
Q9Y5B0	81	144	0.3402624726295471
Q9Y6T7	316	382	0.5832125544548035
A6NM43	248	270	0.36513498425483704
P00734	313	347	0.33988213539123535
P05556	3	74	0.5561214685440063
P05556	198	218	0.3853815495967865
P28300	279	326	0.5422452092170715
Q4G0W2	82	111	0.39837178587913513
Q5T1A1	599	686	0.49581387639045715
Q6UW60	329	376	0.48502010107040405
Q96F83	238	253	0.3110004663467407
Q9BR10	143	185	0.2491370588541031
Q9Y6L6	445	510	0.5978394150733948
A6NMB1	293	313	0.3482514023780823
A6NMB1	397	424	0.2746020555496216
A8MTI9	225	251	0.5092105269432068
A8MTJ6	192	233	0.3717893958091736
O00470	85	120	0.41344743967056274
P0DUQ1	452	477	0.5400468707084656
P36980	236	269	0.3704090714454651
P50336	456	476	0.39428630471229553
P55001	96	128	0.43375974893569946
P59665	59	90	0.3605678379535675
Q15434	84	135	0.4811755120754242
Q15434	174	229	0.48773854970932007
Q3B820	376	476	0.34976744651794434
Q6NVV9	166	237	0.7130711078643799
Q7Z304	490	530	0.34017667174339294
Q8IUN9	265	307	0.3972582519054413
Q8ND04	162	182	0.27790161967277527
Q8ND04	547	591	0.4417818784713745
Q8ND04	608	651	0.43496277928352356
Q9BQ69	178	212	0.616775393486023
Q9BV68	0	36	0.3886226415634155
Q9BV68	205	278	0.5552816987037659
Q9H694	140	169	0.29755881428718567
Q9NQ34	35	100	0.4540078043937683
Q9UN76	157	191	0.3209245800971985
Q9Y487	705	724	0.383239209651947
Q9Y5E2	727	770	0.3088480532169342
O14967	347	388	0.32485106587409973
O43374	137	157	0.2743273377418518
O43374	690	716	0.3554207384586334
P02768	105	145	0.4996456503868103
P02768	263	330	0.47527456283569336
P02768	442	552	0.549056887626648
P09429	5	49	0.3005363941192627
P09429	91	120	0.28069984912872314
P15692	254	313	0.5254538059234619
P15692	347	393	0.44679567217826843
P51606	237	256	0.35648834705352783
Q5SVJ3	117	146	0.27484026551246643
Q7Z7B7	20	68	0.5374239683151245
Q8IWS0	11	140	0.5840747952461243
Q8IWS0	268	300	0.4637976288795471
Q96B36	34	65	0.30247408151626587
Q96D70	91	110	0.3372010290622711
Q96RP7	410	425	0.2813907265663147
Q96RP7	437	463	0.2929566204547882
Q9BYM8	260	333	0.5972639918327332
Q9H1B7	2	52	0.3102734386920929
Q9H1B7	704	794	0.5444580316543579
Q9UHI8	344	403	0.5953618288040161
Q9UHI8	664	734	0.6479001641273499
Q9UHI8	871	966	0.5415557622909546
H3BPM6	0	29	0.3826912045478821
O75928	221	240	0.35601547360420227
O94811	60	98	0.39184051752090454
P01308	80	109	0.417951762676239
P14866	443	569	0.407409131526947
P16562	60	101	0.2897081673145294
P16562	169	242	0.6104280352592468
Q13275	602	636	0.34047091007232666
Q14469	136	156	0.29910045862197876
Q15257	80	103	0.35575103759765625
Q8IZF7	393	430	0.4599570631980896
Q92506	10	41	0.3513721525669098
Q93086	111	175	0.5118699073791504
Q96S66	47	74	0.3895133435726166
Q9BYV2	51	91	0.5100527405738831
Q9BYV2	107	173	0.532623291015625
Q9H091	305	347	0.4421854615211487
Q9H091	636	679	0.34704428911209106
Q9NVR0	71	104	0.3387710154056549
Q9NVR0	640	685	0.36012017726898193
Q9UG22	48	65	0.2545017600059509
Q9Y616	419	451	0.36184704303741455
A0A0C4DH68	31	48	0.30247125029563904
P01130	664	727	0.6745233535766602
P06400	833	855	0.3654843270778656
P28325	96	122	0.3346168100833893
P32298	107	152	0.46885472536087036
P32298	190	223	0.3678498864173889
P32298	419	457	0.40975841879844666
P48995	186	206	0.506412923336029
Q00887	395	422	0.4116149842739105
Q00G26	239	273	0.26703596115112305
Q00G26	334	349	0.28795325756073
Q09328	637	740	0.5135623216629028
Q14982	191	216	0.2960949242115021
Q53H12	323	415	0.5877305865287781
Q5JPH6	147	177	0.25369593501091003
Q8N2G4	15	105	0.5655792355537415
Q8N3E9	567	592	0.2667589485645294
Q8N944	208	244	0.6391090750694275
Q8TDF6	555	591	0.6149110198020935
Q96DX8	138	180	0.6135132312774658
Q96P50	410	435	0.33503636717796326
Q99640	145	169	0.30344098806381226
Q9NVM4	210	230	0.3268110156059265
Q9Y2G8	713	775	0.29378509521484375
Q9Y5E9	728	758	0.30341508984565735
O00115	289	354	0.4409036338329315
O00400	476	497	0.34237775206565857
O43278	46	63	0.2680094242095947
O43278	272	310	0.4957055449485779
O60942	240	260	0.34984803199768066
P10909	214	233	0.4032226800918579
P10909	257	325	0.6411349773406982
P14555	30	143	0.6640965342521667
P14598	68	98	0.2815759479999542
P16619	23	72	0.318851500749588
P20800	37	73	0.3808172047138214
Q13641	52	81	0.43320751190185547
Q13670	200	245	0.3464861214160919
Q5XXA6	365	402	0.5138639211654663
Q6Q6R5	0	60	0.5895801186561584
Q6Q6R5	114	189	0.5572313666343689
Q8IVQ6	85	128	0.5689368844032288
Q8IWU5	98	115	0.3227018713951111
Q8IWU5	588	606	0.38316774368286133
Q8N339	0	59	0.6293455362319946
Q9BQ83	177	263	0.47456538677215576
Q9Y5F2	726	762	0.3323560953140259
Q9Y6H5	367	387	0.36027443408966064
Q9Y6H5	482	502	0.23825529217720032
A0A0K0K1E9	88	114	0.3243015706539154
O14523	280	317	0.4552821218967438
P15088	235	278	0.33878472447395325
Q96T68	135	195	0.532787024974823
Q96T68	258	365	0.5408854484558105
Q96T68	403	450	0.4390706717967987
Q9BQC3	240	268	0.26689454913139343
Q9H6B4	140	156	0.3109619915485382
Q9HB07	343	362	0.23492372035980225
Q9NX46	12	38	0.32323381304740906
O94892	507	523	0.6169196963310242
P01185	12	127	0.6282296180725098
P0DMQ9	0	64	0.3150900900363922
P11308	329	345	0.2604953646659851
P29728	663	706	0.28727516531944275
P49763	73	140	0.42968273162841797
Q05516	458	490	0.4449758529663086
Q30KQ9	23	66	0.4488404393196106
Q5T4W7	191	219	0.421429306268692
Q6NT76	297	321	0.288442462682724
Q6UWJ8	6	109	0.5009512901306152
Q6UWV7	0	50	0.36437252163887024
Q6ZNM6	61	107	0.28846433758735657
Q8IYV9	216	238	0.40354615449905396
Q8NFZ6	359	394	0.35243552923202515
Q8TDN2	97	149	0.35704028606414795
Q96T51	636	707	0.5653181672096252
Q99717	96	138	0.47642579674720764
Q9GZZ7	23	134	0.5158184766769409
Q9GZZ7	205	264	0.4193797707557678
Q9H611	5	32	0.3202957510948181
Q9HB63	22	90	0.43827441334724426
Q9Y2X7	13	43	0.32923227548599243
Q9Y697	292	309	0.3535640835762024
O75792	16	45	0.426352858543396
P08294	193	227	0.4739644527435303
P10145	23	42	0.28093472123146057
P78325	83	101	0.29167768359184265
Q15572	625	648	0.2854679226875305
Q16842	147	176	0.6711576581001282
Q4KMG9	141	157	0.39442625641822815
Q4VX76	46	92	0.4407123029232025
Q5MIZ7	87	104	0.3367407023906708
Q8IXV7	309	353	0.5180974006652832
Q8N594	126	151	0.3826209306716919
Q9BQG2	290	313	0.42530548572540283
Q9BSG5	105	182	0.5675118565559387
Q9BVM4	106	138	0.25420305132865906
Q9NY12	64	89	0.49734988808631897
Q9Y3Y4	335	417	0.4569084346294403
A6NCL2	31	158	0.6275441646575928
A8MVU1	41	75	0.29946523904800415
O15105	96	129	0.35309308767318726
O15105	150	222	0.6373107433319092
O95551	21	67	0.30980467796325684
P49116	116	189	0.6986042261123657
Q14515	425	518	0.6206790804862976
Q6EMK4	406	449	0.5336431264877319
Q6ZMC9	51	68	0.285925030708313
Q7Z698	302	414	0.5176697373390198
Q86TM6	266	336	0.5938105583190918
Q86UW8	212	228	0.316109299659729
Q86UW8	288	330	0.29272106289863586
Q8IYR6	161	239	0.6132545471191406
Q8N108	178	208	0.25731077790260315
Q8NDY4	116	139	0.3684307634830475
Q9C029	4	68	0.5607520341873169
Q9C029	124	181	0.49064287543296814
Q9P270	150	181	0.3253473937511444
Q9UIG8	457	525	0.6320755481719971
Q9ULV8	350	409	0.6269371509552002
A0A0C4DH24	75	113	0.339029461145401
B4DZS4	249	287	0.33578363060951233
O00186	502	519	0.27223894000053406
P08861	203	238	0.4971664845943451
P19397	129	172	0.33384791016578674
Q15633	155	195	0.28467628359794617
Q16630	440	488	0.32364970445632935
Q2QD12	0	18	0.49813202023506165
Q2QD12	170	227	0.42531588673591614
Q5HYJ3	0	141	0.5953537225723267
Q5U5Q3	602	658	0.6055626273155212
Q7Z4M0	27	54	0.28134024143218994
Q7Z4M0	201	224	0.24664880335330963
Q7Z7K0	7	68	0.29735052585601807
Q8IVN8	110	263	0.4301629662513733
Q8TE58	321	356	0.8066685199737549
Q8TE58	366	396	0.7118937373161316
Q8TE58	635	683	0.6261011958122253
Q8TE58	852	948	0.39898964762687683
Q99733	256	271	0.3032689094543457
Q9BYT5	0	73	0.2928207218647003
O00712	96	117	0.43284860253334045
O76050	511	566	0.3664180338382721
P16519	354	386	0.5199084281921387
P40425	67	110	0.3059968948364258
P49863	137	163	0.47571948170661926
P49863	185	241	0.5422787666320801
P52743	66	84	0.42554599046707153
Q68DD2	265	313	0.34519365429878235
Q8NAC3	392	417	0.48425209522247314
Q8NAC3	472	500	0.43983080983161926
Q8WWL2	43	66	0.3407421112060547
Q8WZ59	35	91	0.37805864214897156
Q9BQL6	501	528	0.349644273519516
Q9BXN1	62	100	0.5006492733955383
Q9BXU7	645	667	0.24270974099636078
Q9C0K0	45	94	0.41801589727401733
Q9HCL2	691	708	0.25362852215766907
Q9NYP9	71	162	0.5432717204093933
Q9UJU5	186	225	0.24809573590755463
Q9UK17	453	491	0.3969844877719879
Q9Y3R4	120	138	0.3374533951282501
Q9Y3R4	320	350	0.2782430946826935
A1L4K1	378	397	0.3749428987503052
O60259	112	250	0.6764079928398132
O95503	365	389	0.3047381341457367
P09497	178	224	0.33560124039649963
P30926	322	341	0.34086719155311584
P31689	120	217	0.6462004780769348
Q16602	90	129	0.4153612554073334
Q6UX15	172	191	0.3752762973308563
Q6VVB1	22	90	0.6039379239082336
Q86SG6	476	613	0.5736886858940125
Q86SG6	666	684	0.46290016174316406
Q8IW19	372	394	0.49401819705963135
Q8IWR1	0	22	0.3404516875743866
Q8N126	136	163	0.34507688879966736
Q96FI4	0	23	0.314983606338501
Q96H15	42	68	0.39370980858802795
Q96PX6	164	199	0.32941901683807373
Q96RU3	586	616	0.32403647899627686
Q9BYG7	190	218	0.31734585762023926
Q9H2X0	46	124	0.36001577973365784
Q9H2X0	712	765	0.38714599609375
Q9UBC3	432	455	0.41153475642204285
Q9UBC3	471	498	0.6733768582344055
Q9UQR1	161	182	0.48276859521865845
Q9Y5E4	725	759	0.2691308856010437
P04004	17	69	0.532277524471283
P07205	382	411	0.38989803194999695
P31994	184	201	0.3722522556781769
P48059	0	37	0.47639742493629456
P48059	113	196	0.4006401002407074
P49754	815	853	0.6997762322425842
P51810	0	22	0.29178228974342346
P99999	0	34	0.35873597860336304
Q13231	425	465	0.45654958486557007
Q14061	21	62	0.4274241626262665
Q16270	36	88	0.4417366683483124
Q16270	110	162	0.3810282051563263
Q16270	240	261	0.2626044452190399
Q16609	18	130	0.45151764154434204
Q2M243	174	201	0.3736875653266907
Q30KQ4	25	81	0.40209993720054626
Q5JQC9	549	576	0.37476417422294617
Q5JQC9	674	741	0.2647261321544647
Q6ZS10	343	377	0.3592154085636139
Q8NAX2	71	114	0.48710280656814575
Q9H6R6	101	132	0.5704906582832336
Q9UGK8	310	416	0.6314449906349182
A6NFZ4	59	104	0.5275311470031738
O15347	7	52	0.2626730799674988
O15347	97	117	0.30868467688560486
O75478	2	69	0.33772024512290955
O95813	188	219	0.5428761839866638
O95813	230	253	0.36806967854499817
P04054	35	147	0.7059000134468079
P04233	194	266	0.4600609242916107
P0C7L1	62	96	0.3150580823421478
P13056	121	196	0.670336127281189
P24592	162	216	0.4247785806655884
P36897	77	118	0.5257304310798645
P40394	106	122	0.448102205991745
P56192	408	448	0.5561858415603638
Q13875	17	72	0.41313636302948
Q3KNT7	63	107	0.43238896131515503
Q3KNT7	137	160	0.3518878221511841
Q5J5C9	21	60	0.37853896617889404
Q76KX8	18	74	0.28493255376815796
Q8IXR5	220	270	0.2991845905780792
Q8TAT5	501	541	0.31919822096824646
Q96G01	514	542	0.23144219815731049
Q96QF0	300	328	0.30786171555519104
Q96QF0	383	415	0.4471918046474457
Q9P2Z0	11	80	0.41075584292411804
A6NP61	246	320	0.5475988388061523
O60664	28	72	0.34347227215766907
O76074	429	453	0.30769050121307373
P05106	24	90	0.5318503975868225
P05106	296	311	0.3748434782028198
P15509	56	77	0.23962172865867615
P24666	101	146	0.37993553280830383
P41439	32	184	0.4697398543357849
P42127	94	131	0.5085999369621277
P43354	253	335	0.6590933203697205
Q2I0M5	22	176	0.614912211894989
Q7RTZ1	224	278	0.6133080124855042
Q92630	454	506	0.46599286794662476
Q969D9	56	84	0.42296794056892395
Q969D9	105	143	0.25002047419548035
Q96C12	169	197	0.47063305974006653
Q9BZJ3	176	196	0.6967669725418091
Q9BZJ3	207	227	0.5036543011665344
Q9GZM7	243	336	0.5846453309059143
Q9NS23	60	118	0.3889625072479248
A0A0G2JMM0	228	321	0.4264770448207855
A1A5B4	652	680	0.2616889774799347
A6NLU5	120	140	0.28662019968032837
O14618	135	154	0.6329242587089539
O43865	389	405	0.38953790068626404
O60320	124	162	0.44091707468032837
O95409	237	276	0.5067453384399414
P48443	125	215	0.6140641570091248
P54317	440	468	0.34036582708358765
P86452	278	304	0.44083356857299805
Q13519	10	76	0.461152046918869
Q5SNT2	46	137	0.44588205218315125
Q5VUJ5	439	475	0.4975966215133667
Q6UWH4	386	410	0.4835728108882904
Q6ZTN6	437	459	0.3177850842475891
Q71RG4	226	248	0.3661683201789856
Q8NFH5	240	258	0.3906745910644531
Q969P6	218	233	0.29234012961387634
Q969P6	326	346	0.4135057032108307
Q96M53	97	149	0.4210338592529297
Q96SI1	248	270	0.36615851521492004
Q9H2R5	126	244	0.6961784958839417
E9PJ23	219	248	0.22985050082206726
O95256	46	167	0.6058809161186218
P00387	265	300	0.517861008644104
P13591	253	350	0.4185945689678192
P14679	234	290	0.5247824192047119
P14679	311	343	0.4676126539707184
P32970	159	175	0.2949385941028595
P35558	16	58	0.3471541702747345
P35558	389	419	0.5150040984153748
Q03181	54	147	0.5128543972969055
Q15438	339	359	0.3355293869972229
Q53H47	60	132	0.6382121443748474
Q86T96	448	472	0.4924706220626831
Q86Y97	174	249	0.5993784666061401
Q8TAA1	77	187	0.581798255443573
Q96P63	55	87	0.24027027189731598
Q9BV36	49	105	0.5078827738761902
Q9H0H5	289	344	0.6105019450187683
Q9H6B1	194	224	0.35796627402305603
Q9H6B1	259	289	0.3853690028190613
Q9HA38	57	104	0.36057665944099426
Q9HA38	232	268	0.3428308069705963
Q9Y639	229	261	0.23714421689510345
A0A087WXM9	200	219	0.3796595335006714
B1AK53	300	341	0.36428213119506836
O14495	162	184	0.31713762879371643
O95639	243	268	0.43099403381347656
P13671	403	446	0.2655051052570343
P26012	37	95	0.5625319480895996
P36894	44	153	0.6086713671684265
P43403	56	115	0.48550575971603394
P47871	61	82	0.3164324164390564
Q15195	31	71	0.3258034586906433
Q16650	500	521	0.3775441348552704
Q16650	661	681	0.31295663118362427
Q16658	228	277	0.28197431564331055
Q16658	315	334	0.28154298663139343
Q6FIF0	144	193	0.5789054036140442
Q92830	134	160	0.5013793706893921
Q99795	187	230	0.3980879783630371
Q9UBL3	108	185	0.47278058528900146
Q9UKY1	100	149	0.479096382856369
Q9UKY1	512	528	0.3067915439605713
A8K7I4	192	212	0.654551088809967
A8K7I4	247	278	0.33468112349510193
O94830	62	82	0.28707045316696167
P05111	331	365	0.3639099597930908
P36578	118	136	0.39271268248558044
P49746	705	721	0.28863778710365295
Q15131	309	330	0.31613022089004517
Q30KP9	22	76	0.3220727741718292
Q30KQ6	18	67	0.3785287141799927
Q6V0L0	327	359	0.41760939359664917
Q6ZTA4	299	348	0.4013307988643646
Q8WYN3	172	284	0.5474376082420349
Q92570	288	364	0.6422727704048157
Q92784	0	66	0.46264177560806274
Q96BJ8	324	349	0.30705809593200684
Q96BJ8	550	624	0.3508548438549042
Q96EF9	155	222	0.4953728914260864
Q99961	76	124	0.3270297646522522
Q9H8M7	107	140	0.2842136323451996
Q9NR90	189	212	0.5963597297668457
O14893	96	120	0.2591992914676666
O14893	134	169	0.4084964394569397
O75469	31	117	0.5474390983581543
P0C5Y4	0	41	0.5684468746185303
P0C5Y4	62	120	0.3753092586994171
P17010	231	251	0.37989217042922974
P21802	171	192	0.2935854494571686
P22607	155	191	0.31447073817253113
Q8IUK5	280	365	0.5939055681228638
Q8IV61	527	552	0.500176727771759
Q8WV44	3	53	0.5672139525413513
Q8WV44	425	492	0.5091870427131653
Q96BQ3	16	64	0.34527286887168884
Q96C10	653	677	0.28596431016921997
Q9H0Y0	49	77	0.29959040880203247
Q9NWK9	205	262	0.5879109501838684
Q9Y625	46	79	0.39328935742378235
Q9Y625	395	442	0.4107857942581177
A0AAG2UUX9	548	601	0.672029972076416
O75030	398	433	0.3235534131526947
O95867	14	103	0.39521145820617676
P0C7V6	172	243	0.46829524636268616
Q06481	185	211	0.3455698788166046
Q06481	300	323	0.3009977638721466
Q562R1	0	60	0.4816763699054718
Q96C01	18	125	0.2867811918258667
Q96PH6	22	60	0.41306087374687195
Q9BQQ3	175	204	0.41954654455184937
Q9H4F1	61	115	0.559759795665741
Q9H6P5	141	156	0.4291590452194214
Q9H6P5	259	297	0.8008097410202026
Q9NUE0	180	235	0.6487741470336914
Q9NZV6	0	93	0.38620269298553467
A8MXD5	231	289	0.6516178846359253
O75900	274	297	0.43679991364479065
P18507	400	450	0.46942588686943054
Q13586	41	70	0.3123708665370941
Q1W6H9	202	252	0.3894130289554596
Q4VC39	46	94	0.2582578659057617
Q5JRC9	2	83	0.43641793727874756
Q5JRC9	433	449	0.2545524835586548
Q5W0Z9	109	165	0.621465265750885
Q6P1L5	467	523	0.5288835167884827
Q7L5L3	39	102	0.3747752606868744
Q86YJ7	291	308	0.26721715927124023
Q8IUC0	0	158	0.5145463943481445
Q8N7C3	4	64	0.3244711458683014
Q8ND82	608	679	0.6282387375831604
Q8TAT2	83	114	0.3564786911010742
Q92935	175	213	0.30978503823280334
Q96PU8	116	134	0.25078487396240234
C9JPN9	79	131	0.7222491502761841
O43592	648	678	0.4477260410785675
O43916	148	180	0.4123964309692383
O95389	37	107	0.5746713876724243
P48740	623	647	0.4262332618236542
P51991	61	115	0.47206684947013855
P62979	109	155	0.5630921721458435
Q14331	151	188	0.4129377603530884
Q2MKA7	32	181	0.5658247470855713
Q5T0T0	71	138	0.46692684292793274
Q6ZUT3	286	323	0.49603286385536194
Q8N5A5	317	384	0.41552770137786865
Q8TAL6	50	75	0.2767888307571411
Q92478	115	148	0.4726942181587219
Q96A84	28	153	0.38926318287849426
Q96MA1	0	50	0.46843886375427246
Q9NY25	149	187	0.33326494693756104
Q9UBU9	567	596	0.31676316261291504
Q9UGI0	0	35	0.4636383652687073
Q9UP38	115	149	0.4176587760448456
Q9UP38	172	240	0.43257951736450195
Q9Y496	6	39	0.41378509998321533
P09228	93	139	0.317022442817688
P11678	127	169	0.49029526114463806
P11678	240	303	0.5421710014343262
P11678	677	698	0.26725897192955017
Q01094	255	276	0.3616425096988678
Q06432	59	97	0.27835485339164734
Q16623	131	162	0.24846094846725464
Q32P28	70	106	0.2604711055755615
Q7L266	51	95	0.38166090846061707
Q7L266	105	121	0.43637076020240784
Q7L266	134	173	0.29038146138191223
Q8N6K0	7	52	0.34985706210136414
Q8NCR6	72	260	0.46564143896102905
Q8WTW4	334	371	0.48089683055877686
Q92637	66	93	0.27082011103630066
Q96MP5	532	553	0.46883758902549744
Q9BXW6	153	205	0.4628985822200775
Q9H7C9	7	33	0.3286116421222687
Q9NSI8	161	180	0.3372288644313812
Q9NYZ4	211	228	0.332978218793869
Q9NYZ4	299	328	0.2933540642261505
Q9P0U3	586	631	0.33245131373405457
Q9ULZ9	513	528	0.3146781623363495
O76071	317	338	0.47864478826522827
P09110	119	202	0.6407009959220886
P20851	164	213	0.3715582489967346
P29120	355	386	0.5485407710075378
P61371	50	75	0.3502536714076996
P61371	113	139	0.32052963972091675
Q08493	576	593	0.2562156319618225
Q30KQ7	22	53	0.2760108411312103
Q5QP82	537	558	0.4950624704360962
Q7RTZ2	81	125	0.6598921418190002
Q7Z2W4	64	113	0.4549356997013092
Q8IYI0	89	125	0.396451473236084
Q8WUR7	56	91	0.27674853801727295
Q96CJ1	89	118	0.39959946274757385
Q96DX7	174	202	0.3604815900325775
Q96S99	140	216	0.5869316458702087
Q9BVG3	0	74	0.5054189562797546
Q9NPF7	41	86	0.34973669052124023
Q9UJJ7	119	140	0.36679592728614807
D6RBM5	79	182	0.5896061062812805
G3V0H7	405	454	0.49079224467277527
O60443	169	185	0.2897884249687195
O75019	371	408	0.5367209315299988
O75636	76	103	0.3689872920513153
P12724	65	150	0.5101808309555054
P15086	236	278	0.5602057576179504
P41223	96	143	0.6136199235916138
P41586	99	125	0.3537856638431549
P48167	389	441	0.5738372206687927
P52757	249	268	0.4321776032447815
P55263	128	149	0.41348716616630554
P59901	266	315	0.4753491282463074
P59901	376	408	0.5599775910377502
P60321	54	115	0.5510385036468506
P80294	0	59	0.6712871193885803
Q03395	215	240	0.46199989318847656
Q5VTB9	538	565	0.4151184558868408
Q8N4A0	451	472	0.38969120383262634
Q8N4A0	549	577	0.30399850010871887
Q96A61	3	54	0.5774816870689392
Q96EP1	467	540	0.5199882388114929
Q9BSL1	5	61	0.3129006028175354
Q9UKS6	398	422	0.26599982380867004
P04141	92	118	0.3379824757575989
P13725	184	205	0.245295450091362
P55060	933	949	0.29107794165611267
Q17RY0	665	681	0.394815593957901
Q5VYY1	37	57	0.33272019028663635
Q86TG1	29	69	0.31989970803260803
Q8IUC1	27	162	0.47808900475502014
Q8N5C7	179	194	0.34487244486808777
Q8NA92	34	75	0.3948962092399597
Q8WV28	339	373	0.37282928824424744
Q8WXH4	284	313	0.54544597864151
Q99853	65	120	0.3241977095603943
Q9H6T0	545	562	0.40766188502311707
Q9H6Y7	201	273	0.6122759580612183
Q9HCQ5	524	571	0.48002108931541443
Q9NS62	340	395	0.5956709384918213
Q9UKK9	108	136	0.4992586672306061
A6NMK8	183	202	0.3196423053741455
A6NMK8	446	477	0.5023295879364014
A6NNY8	183	312	0.6390278339385986
O14733	271	293	0.31142133474349976
P17936	32	128	0.6043310761451721
P17936	209	288	0.512527346611023
P18564	18	81	0.5513420701026917
P19878	394	436	0.28413328528404236
P35869	184	212	0.31660646200180054
Q52LG2	1	168	0.45971018075942993
Q6PID8	76	100	0.372695654630661
Q6ZQN7	203	219	0.3545704782009125
Q6ZQN7	488	504	0.4517904222011566
Q6ZQN7	516	571	0.5169111490249634
Q86XD8	650	721	0.6375805735588074
Q8N448	15	87	0.4018913507461548
Q8N448	450	490	0.39510974287986755
Q969R5	81	140	0.5439074039459229
Q96CB8	150	221	0.6411081552505493
Q96E93	155	194	0.5586758852005005
Q9H2H9	252	273	0.25359535217285156
Q9NQ90	397	425	0.49595120549201965
Q9NSY2	142	159	0.3229025602340698
A0A087WSY4	28	48	0.2463923990726471
A0A7I2V3R4	48	92	0.39822471141815186
A4D1T9	127	149	0.3162784278392792
A6NHN6	198	238	0.2801113724708557
C9J6K1	61	88	0.3928283452987671
O00634	156	201	0.37596413493156433
O43294	371	460	0.6923497319221497
O95561	62	106	0.37425336241722107
P07602	19	54	0.420971542596817
P07602	490	523	0.3494337499141693
P12838	53	96	0.3695126175880432
P24593	18	115	0.6092104315757751
P24593	204	271	0.44382423162460327
Q02325	31	72	0.32783883810043335
Q07444	214	229	0.3310020864009857
Q1XH10	547	565	0.37851136922836304
Q86SQ7	270	297	0.2719549238681793
Q86X67	166	188	0.3343503773212433
Q8IYX3	283	308	0.2529667615890503
Q902F9	268	287	0.3960469663143158
Q92953	61	83	0.2978799641132355
Q9BRA0	54	124	0.42139676213264465
Q9H000	322	355	0.35143762826919556
Q9NVC6	339	365	0.3014369308948517
Q9Y397	132	178	0.593274712562561
P07998	51	155	0.5142701864242554
P22557	13	91	0.39791348576545715
P31645	202	220	0.2567056119441986
Q00839	598	636	0.3287747800350189
Q06141	149	173	0.25160831212997437
Q14532	99	115	0.2558014690876007
Q5QGT7	133	174	0.5265535712242126
Q7Z569	238	317	0.36718592047691345
Q8NDH6	97	123	0.28657039999961853
Q8WWF3	195	211	0.2889159321784973
Q92556	569	596	0.30499690771102905
Q9BSW7	221	247	0.28369176387786865
Q9UIS9	0	73	0.3614581823348999
Q9UIS9	310	386	0.535489559173584
Q9UKV5	324	399	0.546364426612854
O76061	49	104	0.41396287083625793
O76061	201	219	0.3663334846496582
P05129	82	158	0.4760153889656067
P07320	0	43	0.3634641170501709
P0DTE8	143	173	0.4562174081802368
P19961	130	170	0.4926767349243164
Q07654	25	79	0.46762600541114807
Q14332	113	151	0.39035069942474365
Q15846	95	136	0.41390499472618103
Q15846	289	340	0.44606271386146545
Q5HYK7	433	470	0.3649022877216339
Q6ZW31	259	308	0.4252336323261261
Q7Z5A9	22	130	0.5028048753738403
Q8N3H0	34	123	0.5003967881202698
Q8WWY7	27	81	0.5014982223510742
Q92481	376	397	0.38289737701416016
Q96LJ8	211	273	0.3307412266731262
Q96ME1	458	475	0.25646981596946716
Q96NX9	141	165	0.3404822051525116
Q96PM9	66	98	0.4020151197910309
Q96RP9	420	437	0.40238597989082336
Q9H305	131	153	0.2908404767513275
Q9HAK2	152	178	0.5302165746688843
Q9NQC1	245	267	0.3802330791950226
Q9NQC1	288	369	0.6147310137748718
Q9NWF9	500	532	0.5205286145210266
Q9NWF9	548	577	0.5364755392074585
Q9NWF9	596	748	0.6410928964614868
A8MQ27	272	314	0.45392659306526184
A8MQ27	494	554	0.6076096296310425
O96014	126	225	0.4827077388763428
O96014	239	353	0.477678120136261
P16284	464	485	0.3478826582431793
P56704	125	171	0.5473329424858093
P56704	182	232	0.5648288130760193
P56704	271	351	0.5337501764297485
Q6ZMJ2	471	494	0.43848004937171936
Q6ZVM7	0	27	0.4292748272418976
Q8IVT5	48	72	0.250101238489151
Q8TBE0	684	731	0.30068477988243103
Q8TBE0	761	779	0.30939123034477234
Q8WW18	112	167	0.4879663586616516
Q8WYJ6	204	265	0.2813117802143097
Q99571	109	169	0.6067350506782532
Q9BXS4	34	128	0.519805371761322
Q9H4H8	112	148	0.2700541317462921
Q9H974	297	332	0.336334228515625
A0A0B4J2E0	93	109	0.3354058563709259
A0A191URJ7	171	203	0.5045088529586792
A6NCW0	81	126	0.6565552949905396
A6NH11	198	217	0.2900553345680237
B7ZBB8	201	230	0.3523543179035187
B7ZBB8	243	262	0.34630149602890015
B7ZBB8	296	357	0.30131009221076965
O00244	0	20	0.2589496970176697
O75380	85	106	0.35035330057144165
P07316	0	33	0.4156906306743622
P50479	6	31	0.3120061159133911
P50479	56	82	0.25257644057273865
P50479	244	284	0.5447821617126465
Q13342	586	601	0.26217928528785706
Q17RM4	118	151	0.3258301913738251
Q17RM4	650	682	0.41634777188301086
Q5TKA1	410	461	0.2616865634918213
Q68BL8	484	514	0.380061537027359
Q8IWA5	394	428	0.3640879690647125
Q8N7E2	111	136	0.24693816900253296
Q8NBK3	318	356	0.42252495884895325
Q96F46	31	63	0.41477492451667786
Q96F46	263	312	0.5661333799362183
Q9H1J7	127	153	0.49741584062576294
Q9H1J7	273	355	0.5587879419326782
Q9H930	298	342	0.3028552234172821
Q9NV96	77	102	0.47985026240348816
Q9NV96	153	170	0.3403833508491516
Q9Y4J8	239	302	0.5614292025566101
A0A0G2JN68	126	197	0.5470883846282959
O43504	0	44	0.2902117371559143
O75610	279	340	0.494722843170166
O76080	5	41	0.4307705760002136
O76080	149	194	0.5828090310096741
P0DUQ2	452	477	0.5400468707084656
P10253	85	146	0.45346078276634216
P13631	82	162	0.6355891227722168
Q14390	105	125	0.3519781529903412
Q7Z4H9	106	126	0.5270611643791199
Q9H165	36	79	0.4134582579135895
Q9H9L4	16	108	0.444353312253952
Q9H9L4	293	363	0.6300051808357239
Q9HBV2	101	121	0.3544897139072418
H3BS89	82	109	0.3745487630367279
O75200	198	231	0.2667400538921356
P08912	364	395	0.3862837255001068
P42679	436	465	0.2662375569343567
P53672	15	44	0.4244917035102844
P63218	17	52	0.24730388820171356
Q1L6U9	33	111	0.5553730726242065
Q5TDP6	354	385	0.338279664516449
Q6PEY0	49	64	0.2514084279537201
Q8NFT8	69	132	0.5531910061836243
Q92561	158	185	0.5704778432846069
Q92561	303	329	0.36524832248687744
Q96MM7	252	278	0.48931485414505005
Q96MM7	344	378	0.41291895508766174
Q9BVA0	619	636	0.3595421612262726
Q9GZP0	298	369	0.45673656463623047
Q9H633	47	106	0.5782727003097534
Q9NQL9	21	66	0.449901282787323
Q9P253	839	860	0.30179110169410706
Q9P253	929	965	0.2755851745605469
Q9UJ68	183	216	0.37821322679519653
A1L020	461	519	0.5963043570518494
A6NCK2	16	64	0.34385836124420166
M0QZC1	58	105	0.5325630903244019
O00142	43	63	0.4127129018306732
O00167	324	364	0.3672506809234619
O14543	96	113	0.36784878373146057
O43715	0	22	0.2897387444972992
O75427	600	634	0.4047248363494873
P01037	84	140	0.36421123147010803
P06870	204	221	0.45301711559295654
P36954	0	56	0.302137166261673
P36954	74	99	0.33818328380584717
Q12929	116	190	0.5168718695640564
Q53GG5	286	340	0.4592743515968323
Q5VVJ2	612	640	0.5861862897872925
Q7L4S7	112	187	0.4181162118911743
Q86UP0	419	436	0.2887509763240814
Q86YE8	182	198	0.3460243344306946
Q8NE35	634	650	0.4624407887458801
Q8TAV5	61	112	0.4499358832836151
Q8WWK9	546	561	0.29052719473838806
Q8WWK9	585	682	0.40018004179000854
Q96P31	434	464	0.3809899389743805
Q96P31	532	561	0.4174792766571045
Q99928	407	441	0.39595744013786316
Q9BQ24	37	95	0.6450691223144531
Q9GZX9	15	97	0.5886114835739136
Q9GZX9	130	222	0.5423128008842468
Q9H492	7	32	0.2669852077960968
Q9NX24	118	152	0.428631454706192
Q9UDW3	0	21	0.2895366847515106
Q9UDW3	55	79	0.39320921897888184
Q9UHX3	493	519	0.4841952621936798
O95390	145	162	0.2824874520301819
O95390	358	388	0.3667559325695038
P47985	52	70	0.23407520353794098
Q13107	288	338	0.4690168797969818
Q13107	764	781	0.2673660218715668
Q14847	0	91	0.5053380727767944
Q16661	53	111	0.4140607714653015
Q5VTT2	57	99	0.3917551636695862
Q5VTT2	113	228	0.5527859330177307
Q8N428	443	552	0.49528905749320984
Q8N907	138	171	0.3532659709453583
Q8N9I9	157	196	0.48609739542007446
Q96KN9	167	188	0.28134456276893616
Q9NQS1	152	171	0.2824741005897522
Q9NRY7	163	181	0.4076724052429199
D6R9N7	79	131	0.7168945670127869
O95125	252	279	0.3360019624233246
O95793	509	543	0.2947654128074646
P19957	71	116	0.4971682131290436
P80297	0	59	0.665791928768158
P80748	89	109	0.2800486385822296
Q12841	224	279	0.5279306769371033
Q13323	45	63	0.3051580786705017
Q14833	382	397	0.34555914998054504
Q14833	513	582	0.5076150298118591
Q6PCD5	280	341	0.4179399311542511
Q6PCD5	429	444	0.4619680345058441
Q6PCD5	737	754	0.4023910164833069
Q6UX41	191	222	0.3729228079319
Q6ZV65	67	86	0.2586544156074524
Q7RTX1	344	371	0.5323227643966675
Q7RTX1	494	547	0.5746628642082214
Q86SG3	354	377	0.5963597297668457
Q8IUH2	125	164	0.5165724158287048
Q8IVL8	168	215	0.6291121244430542
Q96RU8	232	255	0.26986369490623474
Q99952	218	234	0.5663699507713318
Q9GZN8	153	173	0.3417343497276306
B7ZC32	20	43	0.36314189434051514
B7ZC32	428	450	0.2594278156757355
O00170	113	141	0.5277391672134399
O95925	17	86	0.5227224230766296
O95925	102	132	0.5703893303871155
P08247	176	195	0.3034270107746124
P40933	122	139	0.31542059779167175
P41743	117	197	0.5909157991409302
P41743	509	526	0.2833763062953949
P43026	455	475	0.32924890518188477
Q14197	70	102	0.2944043278694153
Q3LI77	30	159	0.5204503536224365
Q5R387	68	148	0.6204860210418701
Q6Q0C1	138	171	0.2653464674949646
Q7RTX0	354	375	0.42076319456100464
Q7RTX0	487	575	0.5638854503631592
Q86SX3	131	159	0.36331707239151
Q86SX3	192	217	0.34643080830574036
Q8IWA6	369	385	0.316923052072525
Q8WW22	122	216	0.5742853283882141
Q92485	411	436	0.3362286686897278
Q96FV9	387	463	0.27572402358055115
Q96GN5	282	424	0.5370423197746277
Q9HC16	17	36	0.3230900466442108
Q9UBL9	118	149	0.6930103898048401
Q9Y2B0	98	136	0.25232696533203125
O75022	83	142	0.6491841673851013
O75022	272	302	0.5333126783370972
O75022	377	400	0.5159481763839722
O95235	409	436	0.44002509117126465
P06401	527	565	0.43921566009521484
P06401	595	642	0.7084635496139526
P10588	47	125	0.6851696968078613
P10606	82	126	0.25945162773132324
P17252	569	596	0.4197496473789215
P51993	78	94	0.266720175743103
Q13507	266	287	0.3551444709300995
Q2VPA4	245	357	0.6483773589134216
Q2VPA4	443	554	0.5782299041748047
Q6P9B6	395	414	0.263619601726532
Q86Y34	220	247	0.39749351143836975
Q8IYF1	531	607	0.2703380584716797
Q92901	265	285	0.32561132311820984
Q96GC6	229	258	0.3927064836025238
Q96GC6	285	325	0.3461105227470398
Q99727	30	51	0.3953046202659607
Q99732	87	140	0.32477867603302
Q9H3S1	501	545	0.639273464679718
Q9NYG2	116	165	0.6531962752342224
Q9UBV4	134	165	0.6321814656257629
Q9UBV4	275	364	0.529630720615387
Q9Y5F6	739	782	0.5554227828979492
A2RU30	262	301	0.4384678602218628
A3QJZ7	453	477	0.5356315970420837
A6NNE9	162	211	0.5292006134986877
O43281	27	60	0.2878364324569702
P01042	323	385	0.36091774702072144
P09326	183	221	0.4215148687362671
P30408	70	87	0.30308645963668823
P31995	186	204	0.35115694999694824
Q13103	93	149	0.398674875497818
Q15113	325	344	0.4448794424533844
Q15113	377	398	0.48247095942497253
Q7Z5Y6	366	383	0.39631861448287964
Q8N423	276	312	0.6274751424789429
Q8N423	368	410	0.5233604311943054
Q969F1	20	151	0.44870108366012573
Q96GR4	83	136	0.5163809657096863
Q96JS3	701	729	0.37813037633895874
Q9H6S3	110	183	0.3595471680164337
P01857	15	121	0.5305401682853699
P20827	84	106	0.3041522800922394
Q04756	313	338	0.5638986229896545
Q04756	524	608	0.5628359913825989
Q504Y2	295	321	0.36642715334892273
Q5BKZ1	371	463	0.4230442941188812
Q6IE81	247	275	0.3722098469734192
Q6IE81	300	333	0.39723384380340576
Q6IE81	346	369	0.26170146465301514
Q75VX8	208	246	0.44191545248031616
Q8IU80	747	765	0.30739596486091614
Q8IZN7	31	63	0.38472020626068115
Q96FX2	12	81	0.44191399216651917
Q96M96	549	577	0.317868173122406
Q96N76	335	354	0.4675622880458832
Q9H3D4	215	231	0.2641531229019165
Q9HBW9	382	408	0.5885026454925537
Q9NQ69	63	82	0.3335995376110077
Q9NZ94	157	176	0.3718935549259186
Q9Y6F9	118	136	0.4771181344985962
Q9Y6F9	199	245	0.5598016381263733
Q9Y6F9	301	359	0.5306634902954102
P01848	37	65	0.3191043734550476
P19022	604	622	0.2901155650615692
P19022	690	710	0.4208969473838806
P52823	35	73	0.3287598192691803
Q00604	30	132	0.5322960019111633
Q15329	157	177	0.36506783962249756
Q3MHD2	0	25	0.3886067867279053
Q494W8	272	339	0.5782221555709839
Q569K4	146	181	0.3663990795612335
Q569K4	279	303	0.38437342643737793
Q569K4	345	368	0.3529963195323944
Q6UXB4	271	292	0.3569735586643219
Q7Z6K5	170	207	0.3210609555244446
Q96FN5	29	55	0.2612197697162628
Q96FN5	246	266	0.31186628341674805
Q96FN5	302	317	0.3250495493412018
Q9BUT1	169	190	0.2968302369117737
Q9BY78	369	432	0.5651884078979492
Q9BZM2	40	153	0.5871739387512207
Q9UBQ7	308	323	0.35222384333610535
Q9UGT4	305	377	0.7247300148010254
Q9UGT4	672	691	0.6544499397277832
Q9UGT4	743	766	0.5218644142150879
Q9Y2E6	399	431	0.42014533281326294
A0A1W2PQC6	110	146	0.2975037693977356
A0A1W2PQC6	176	193	0.3093222677707672
B8ZZ34	55	112	0.5204609632492065
O43462	336	394	0.5827676653862
P01706	87	118	0.45159775018692017
P11473	6	100	0.6146822571754456
P14314	19	131	0.6404298543930054
P14314	421	515	0.479949027299881
P50876	98	213	0.6145979762077332
P55899	260	292	0.511938750743866
Q02779	37	59	0.319386750459671
Q6AI12	289	304	0.3072986602783203
Q6L8Q7	588	607	0.3691135346889496
Q86WS4	335	362	0.41704222559928894
Q86WS4	554	638	0.5158144235610962
Q8IWA0	191	215	0.5141408443450928
Q96CV9	540	576	0.3243573009967804
Q96GD3	351	386	0.3975703716278076
Q9BYR9	0	41	0.36791905760765076
Q9HB19	191	214	0.37044528126716614
Q9HCG7	378	398	0.34176164865493774
Q9UIL4	257	289	0.27826404571533203
Q9UNA1	301	337	0.4376770853996277
Q9UNA1	736	794	0.302252858877182
A6NIE9	237	266	0.3755737543106079
O75718	79	135	0.37493547797203064
P07477	125	231	0.6171160340309143
P20933	47	84	0.6088711619377136
P36383	43	62	0.26878419518470764
P40763	412	427	0.3146686553955078
P60323	49	121	0.5278288125991821
Q06187	148	173	0.39468252658843994
Q14943	86	105	0.4251146912574768
Q14943	221	305	0.5021393895149231
Q6ZTI6	114	136	0.2972762882709503
Q6ZTI6	177	196	0.2824026048183441
Q7Z2E3	53	71	0.27327945828437805
Q8IY81	276	296	0.3049463629722595
Q8WTX9	127	169	0.6696988940238953
Q96CW1	219	250	0.32202082872390747
Q96K49	120	152	0.3766065239906311
Q9H089	404	425	0.6503990888595581
Q9HCE5	270	289	0.2910115718841553
Q9HD89	50	107	0.5687060952186584
Q9NYF3	5	70	0.4272643029689789
Q9UGM1	392	430	0.2951427400112152
Q9UGP4	455	496	0.6508914828300476
Q9UGP4	595	675	0.5935330390930176
O75821	144	189	0.4846494793891907
P31943	270	286	0.7518783807754517
P60002	17	82	0.4338380992412567
P62699	0	29	0.3638365566730499
Q86UP6	496	526	0.5519640445709229
Q8IUC8	534	555	0.35676005482673645
Q8N4T0	261	300	0.5284732580184937
Q8N556	168	224	0.3386358320713043
Q8N5S3	134	159	0.3161693513393402
Q8NBA8	62	86	0.3410860598087311
Q969V5	290	351	0.6831533908843994
Q96FC7	352	375	0.5008478760719299
Q96IU2	66	96	0.374422550201416
Q96KN3	72	125	0.28684788942337036
Q99572	116	177	0.6379733085632324
Q99572	465	511	0.5456583499908447
Q9P0G3	123	240	0.6706535220146179
Q9P0T7	17	90	0.5180696845054626
A0A0G2JN01	259	322	0.48555734753608704
O75448	356	385	0.3515746295452118
O94760	67	92	0.4663811922073364
P00742	407	425	0.3681338429450989
P02675	98	118	0.33689603209495544
P02675	211	249	0.5670047998428345
P15172	35	56	0.292577862739563
P15172	87	142	0.2954947352409363
P29376	162	192	0.45689502358436584
P29460	156	210	0.4526672661304474
P50150	15	64	0.25867947936058044
P50452	299	373	0.41302233934402466
Q32MQ0	18	63	0.5060128569602966
Q6UWN8	24	79	0.4579923450946808
Q8N114	25	74	0.5682054758071899
Q8NEP7	119	154	0.5971146821975708
Q8TAD2	105	120	0.31948480010032654
Q8TAD2	137	180	0.38735219836235046
Q96CW9	48	96	0.489772766828537
Q96PE3	543	630	0.4303000867366791
Q9NZL9	264	314	0.30047735571861267
Q9UN66	733	775	0.3243618607521057
Q9UQ49	237	294	0.622741162776947
O60513	73	95	0.30834710597991943
P08582	24	44	0.28219088912010193
P08582	172	198	0.5246022939682007
P08582	520	549	0.35253530740737915
P49023	342	401	0.6576483249664307
P49023	526	549	0.445585697889328
P60608	482	511	0.2756979465484619
Q12959	719	764	0.31011196970939636
Q53R12	113	150	0.30779045820236206
Q6PJG9	301	340	0.428150475025177
Q8IZJ6	170	214	0.24483901262283325
Q8N344	196	216	0.2833445072174072
Q8WXA3	535	605	0.5807362794876099
Q8WZ33	96	123	0.2614656686782837
Q92753	6	95	0.6356791257858276
Q9H175	105	123	0.24873025715351105
Q9H175	186	280	0.5668193101882935
Q9UI26	884	905	0.37127283215522766
Q9UIM3	217	242	0.34675678610801697
A6ND01	150	217	0.3748115003108978
O60488	344	365	0.3801969587802887
P02771	103	154	0.5467615127563477
P02771	292	332	0.4417315423488617
P02771	488	519	0.5717291831970215
P06127	60	136	0.600732684135437
P36382	44	63	0.30003759264945984
P60008	109	124	0.29414859414100647
Q14592	461	502	0.498359352350235
Q29980	103	119	0.2717694044113159
Q2KHM9	37	97	0.4415793716907501
Q2KHM9	378	399	0.28384116291999817
Q49A88	313	349	0.27650803327560425
Q6DKI7	115	148	0.5301746129989624
Q7Z5A8	35	131	0.4938642680644989
Q8IX18	630	656	0.3824242949485779
Q8TAL5	1	26	0.37278831005096436
Q8TAL5	87	119	0.42268165946006775
Q9BYJ4	0	68	0.58475261926651
Q9BYJ4	86	103	0.26400551199913025
Q9H5F2	0	30	0.35839617252349854
Q9H5F2	54	69	0.2939721345901489
Q9HCK5	264	337	0.3780171871185303
Q9P1W9	254	289	0.45364537835121155
A0A1B0GX95	99	114	0.29645559191703796
A0A1W2PQF6	108	149	0.5780895948410034
H3BQJ8	17	57	0.36932694911956787
H3BQJ8	68	137	0.25845494866371155
O43396	124	153	0.4023086726665497
O94955	139	157	0.49506643414497375
P01880	51	97	0.27643561363220215
P01880	238	275	0.3610840439796448
P02689	105	131	0.2763494551181793
P12544	193	252	0.42726394534111023
P21757	429	450	0.5217139720916748
P51168	389	456	0.5739849209785461
P83731	0	49	0.3022380769252777
Q02747	69	114	0.3240220248699188
Q2MJR0	292	406	0.4184861481189728
Q6NSI4	146	169	0.47966715693473816
Q6PCT2	35	150	0.606204092502594
Q6PJ69	2	65	0.5472578406333923
Q6PJ69	92	132	0.5142061710357666
Q6PJ69	399	425	0.3994072377681732
Q6UXB1	22	108	0.4695214033126831
Q86UG4	485	549	0.6376516222953796
Q86UG4	640	657	0.26726943254470825
Q99496	45	116	0.4631776511669159
Q9HD47	0	34	0.34436336159706116
Q9HD47	72	90	0.28980132937431335
Q9NZC2	26	55	0.23907071352005005
Q9P2A4	305	365	0.39465993642807007
Q9UKW4	545	572	0.49782031774520874
Q9UKW4	646	664	0.37777239084243774
Q9Y2I8	452	477	0.4416813254356384
Q9Y653	117	140	0.39295029640197754
P12757	244	319	0.7190473675727844
P28907	264	299	0.45814627408981323
P35609	864	889	0.3042081892490387
P43626	175	209	0.5051681995391846
P45974	638	658	0.2675784230232239
P51843	93	120	0.39049971103668213
P51843	133	155	0.47467488050460815
P51843	182	225	0.4874035716056824
P58417	201	218	0.34027865529060364
Q14435	603	625	0.2782721221446991
Q15181	102	124	0.5395469069480896
Q15828	108	125	0.36854809522628784
Q6ZUL3	168	200	0.30691561102867126
Q86T90	403	418	0.27126067876815796
Q8IYM0	156	172	0.25550347566604614
Q93083	0	59	0.6768672466278076
Q96LB8	189	219	0.5183513164520264
Q96PU4	313	401	0.6637165546417236
Q96PU4	522	560	0.40804553031921387
Q9BTC8	369	417	0.46226194500923157
Q9BXY0	0	60	0.4495857059955597
Q9H3T2	361	383	0.337527871131897
Q9NZI6	180	219	0.24015606939792633
O15350	178	200	0.40018728375434875
O43657	141	196	0.4980838894844055
P04746	132	171	0.47295859456062317
P05060	33	56	0.25409987568855286
P12814	870	891	0.3076972961425781
P13987	15	49	0.4858585298061371
P34931	600	625	0.2608945071697235
P54760	337	383	0.45728856325149536
P58012	110	146	0.413918137550354
Q2TB10	347	378	0.46909481287002563
Q2TB10	604	637	0.4076240360736847
Q5SRR4	74	149	0.5197782516479492
Q8IWT6	53	79	0.3679068386554718
Q8NG35	29	77	0.5691115260124207
Q8TAT6	112	151	0.5034714937210083
Q8TAT6	382	420	0.6205551624298096
Q8WW32	92	113	0.2450476437807083
Q9BXB5	508	530	0.2585490047931671
Q9H2H0	139	183	0.5587640404701233
Q9UFC0	269	321	0.3897451162338257
Q9UJT1	16	50	0.3343902826309204
Q9Y3S2	30	214	0.6915158629417419
O94972	78	107	0.27529194951057434
P17643	250	369	0.45117276906967163
P40199	279	316	0.4340094029903412
P41161	320	359	0.4487500786781311
P52429	51	110	0.5962494611740112
Q13467	90	156	0.6133823990821838
Q495X7	0	77	0.49428603053092957
Q53SZ7	245	271	0.4611094892024994
Q5JX69	148	170	0.35160133242607117
Q86Y78	46	136	0.6584240198135376
Q8N2M8	44	65	0.2751482427120209
Q8N4N3	578	594	0.36565446853637695
Q8NBV8	128	168	0.3763906955718994
Q8NCV1	141	201	0.36169156432151794
Q8NET5	91	108	0.3652670085430145
Q8NGI1	180	199	0.3860662579536438
Q8TCT0	331	365	0.4309080243110657
Q8TCT0	393	413	0.3753589987754822
Q8TCT0	471	513	0.5991198420524597
Q96GA3	337	366	0.2938125729560852
Q96IF1	329	373	0.6834251880645752
Q96IF1	488	537	0.6486674547195435
Q9BY76	176	198	0.3986463248729706
Q9BY76	336	369	0.3791148364543915
Q9H6R7	221	239	0.31249377131462097
A6NIR3	462	488	0.3714683949947357
P39905	165	190	0.27575334906578064
Q0P6D2	313	338	0.3659481108188629
Q6UX73	164	184	0.41649413108825684
Q8WU49	10	36	0.31719839572906494
Q9H6U6	142	158	0.41286540031433105
Q9H6U6	445	465	0.2663046419620514
Q9HDC5	16	34	0.40293097496032715
Q9NNX6	340	388	0.4859946072101593
Q9NPD3	50	97	0.34949514269828796
Q9UBR2	76	178	0.6576311588287354
Q9UN37	347	434	0.4291192293167114
A0A075B6K4	80	106	0.32214558124542236
A0A0G2JNF4	168	207	0.5132126212120056
A6NIX2	381	424	0.52787184715271
O60220	39	75	0.26670363545417786
P00746	170	247	0.46350032091140747
Q13228	71	91	0.5013787150382996
Q13361	69	92	0.24794970452785492
Q13361	121	153	0.29632794857025146
Q5T197	627	692	0.5557853579521179
Q7RTV0	0	109	0.646834671497345
Q8IYP9	256	290	0.46351027488708496
Q8NHV1	159	177	0.3498191237449646
Q92831	91	122	0.3411667048931122
Q96IQ9	108	202	0.5554914474487305
Q96M02	160	225	0.444816917181015
Q96M02	272	428	0.47246018052101135
Q96M02	474	529	0.5185754895210266
Q9Y624	140	157	0.3087509572505951
A2A3N6	505	536	0.46099257469177246
A6NJB7	142	190	0.4287005364894867
B4DS77	103	122	0.5581273436546326
O75879	309	343	0.2944408357143402
P04637	100	116	0.3113056421279907
P04637	173	192	0.3381403088569641
P04637	213	250	0.5365952849388123
P04637	269	286	0.39227771759033203
P05019	68	118	0.5157443284988403
P05164	264	356	0.5082641839981079
P05164	369	409	0.5347389578819275
P27540	233	291	0.6496589779853821
Q05086	37	66	0.3431682586669922
Q16820	267	312	0.564332902431488
Q3LI76	4	132	0.4680309593677521
Q5T6X5	511	588	0.5870960354804993
Q6PGQ1	0	23	0.3418129086494446
Q86UD1	197	272	0.5318354368209839
Q8TAP4	4	23	0.33170536160469055
Q9Y6F7	24	69	0.31887099146842957
A8MYJ7	492	519	0.3365758955478668
O43653	0	107	0.5049088597297668
P35443	704	723	0.3406718671321869
P84022	111	134	0.42981675267219543
Q00994	94	110	0.2304839789867401
Q14CW9	78	117	0.47547683119773865
Q32NC0	88	115	0.3554048538208008
Q5GFL6	286	324	0.6332030892372131
Q5GFL6	712	754	0.6309599876403809
Q5VVQ6	317	344	0.2946775555610657
Q6UXB3	13	124	0.480876088142395
Q8N5R6	167	197	0.4122590124607086
Q8N5R6	245	262	0.33673328161239624
Q96N21	331	351	0.31104952096939087
Q9NZH4	24	46	0.32339155673980713
O60809	452	473	0.2495063841342926
O75077	725	779	0.6596570014953613
O76075	11	56	0.44300931692123413
O76075	198	246	0.6635751128196716
O76076	193	234	0.40581008791923523
O96008	70	91	0.35674339532852173
P10746	239	264	0.41146740317344666
P18621	49	78	0.24918721616268158
P78356	317	332	0.2992640733718872
Q3LI81	27	114	0.44625020027160645
Q5XLA6	58	87	0.3171229064464569
Q70CQ1	317	345	0.4060353636741638
Q70CQ1	511	530	0.3441850244998932
Q86YB8	82	145	0.4374011158943176
Q8N614	89	205	0.46219897270202637
Q8TB03	62	82	0.40262526273727417
Q8TB03	213	235	0.2678506076335907
Q8TBB0	0	24	0.3535647392272949
Q8TE23	341	371	0.5137106776237488
Q8TE23	489	552	0.6239376664161682
Q969S3	245	268	0.37223827838897705
Q96B86	32	118	0.5238202214241028
Q9HCX4	197	212	0.3204490840435028
Q9P2K5	564	582	0.43557512760162354
Q9Y5J9	30	74	0.32464301586151123
A0A1B0GTU1	0	30	0.3738628625869751
A0A1B0GTU1	48	100	0.5290687084197998
O15091	340	361	0.4603694677352905
P01189	17	58	0.37062448263168335
P04808	153	184	0.4238661825656891
P30203	41	97	0.35773053765296936
P30203	248	267	0.49616315960884094
P30203	298	316	0.30963245034217834
P30203	346	371	0.4639125168323517
Q5T5X7	801	822	0.25972750782966614
Q5VTM2	506	541	0.4674184024333954
Q6WN34	240	349	0.5548416376113892
Q7LFL8	244	308	0.4975883364677429
Q86TG7	86	101	0.29699280858039856
Q86U28	131	153	0.4052262306213379
Q8N144	102	131	0.34803932905197144
Q8N144	177	195	0.28483784198760986
Q8NG41	85	122	0.41365933418273926
Q9H3L0	57	124	0.3912559747695923
Q9HAT8	321	348	0.3521422743797302
Q9HAT8	365	419	0.4957704544067383
Q9NR83	355	386	0.4733688235282898
Q9NVS2	100	129	0.29493051767349243
Q9Y5G2	726	800	0.48679113388061523
A0A0B4J275	94	111	0.2739698886871338
P0C869	163	193	0.3213444948196411
Q01469	35	114	0.5027962923049927
Q14161	13	51	0.4251573085784912
Q14161	695	725	0.25809961557388306
Q15003	215	272	0.4830959141254425
Q15003	400	450	0.5981454849243164
Q5YKI7	87	102	0.29738807678222656
Q6FHJ7	94	145	0.35710734128952026
Q6FHJ7	222	254	0.43007683753967285
Q6GQQ9	799	842	0.41315576434135437
Q71UM5	33	78	0.3531263470649719
Q7Z5H5	258	292	0.26276203989982605
Q86SE9	0	71	0.41079697012901306
Q8WVD3	152	235	0.5009877681732178
Q8WWY8	274	294	0.5448199510574341
Q99567	383	408	0.4133116900920868
Q99567	538	567	0.23838338255882263
Q9BYX7	0	35	0.4783390462398529
Q9H9V4	85	103	0.3307395875453949
Q9NZ09	376	400	0.3215983808040619
Q9UPT9	279	344	0.734983503818512
Q9UPT9	356	405	0.5411200523376465
B9A064	181	197	0.2577250301837921
O15492	122	178	0.315166175365448
O75084	119	159	0.4051927924156189
O95989	3	81	0.2970501184463501
P0CG22	251	269	0.34045177698135376
P17097	654	684	0.45761317014694214
P51575	106	164	0.5717200040817261
P62987	85	115	0.4193405210971832
Q30KQ1	31	60	0.2898222804069519
Q53FE4	12	83	0.5514305830001831
Q6UX52	152	208	0.660731315612793
Q8IUH8	118	138	0.3423808217048645
Q8N4C9	117	133	0.45859280228614807
Q8NG11	159	202	0.5391262173652649
Q8NHP8	488	508	0.40011414885520935
Q8NHY3	84	115	0.372568815946579
Q8NHY3	263	281	0.28839683532714844
Q8TF30	158	181	0.35476645827293396
Q96BH3	112	173	0.5746104717254639
Q96BH3	195	211	0.3253471553325653
Q9H992	532	614	0.4703511893749237
Q9HBX9	12	71	0.4863521158695221
Q9HD90	149	211	0.5823267102241516
Q9NV58	222	273	0.6057976484298706
Q9NV58	289	307	0.28528836369514465
H3BNL1	52	75	0.2726210653781891
O15409	339	374	0.33312657475471497
P32456	386	419	0.3154835104942322
P41221	154	170	0.4518013298511505
P41221	299	376	0.5962108969688416
Q01523	51	93	0.47952207922935486
Q11201	132	159	0.6269557476043701
Q5JXC2	189	269	0.40750494599342346
Q6UXX9	13	205	0.6288136839866638
Q8WV15	142	171	0.4378368556499481
Q96JM7	527	544	0.5169830918312073
Q9BZB8	0	48	0.2709634304046631
Q9BZB8	265	303	0.24780215322971344
Q9BZB8	510	551	0.4074089229106903
Q9HCB6	752	806	0.3893861472606659
Q9NWV4	53	112	0.3312717080116272
Q9NWV4	129	159	0.25940826535224915
Q9UH73	156	179	0.45672282576560974
Q9UN67	727	762	0.3354572653770447
O60663	9	115	0.49767428636550903
O95803	814	831	0.2560276389122009
P21810	45	89	0.5798314809799194
P23276	700	731	0.3903813064098358
Q06455	500	555	0.5436838269233704
Q6IC83	0	38	0.5680484175682068
Q75QN2	226	252	0.38520362973213196
Q75QN2	309	328	0.42548060417175293
Q99501	262	278	0.28626951575279236
Q9HBZ2	205	268	0.5147846937179565
Q9P0U4	23	50	0.41110843420028687
Q9P0U4	166	220	0.5236403942108154
Q9P0U4	474	588	0.5447342991828918
Q9Y6K1	484	553	0.674588680267334
A0A376A8Z9	136	173	0.42805805802345276
O75487	34	85	0.44895562529563904
O75487	325	345	0.25969603657722473
O75487	397	428	0.3567851185798645
P04732	0	59	0.6689451932907104
P07858	133	224	0.6891628503799438
P09496	204	247	0.2556176781654358
P10523	144	165	0.244968444108963
P15498	536	585	0.5590214133262634
P61565	270	286	0.3839891254901886
Q01415	382	415	0.5606290698051453
Q13489	70	104	0.3794655203819275
Q13489	576	603	0.5241695642471313
Q14714	151	178	0.40362948179244995
Q3LHN0	0	69	0.36793139576911926
Q6ZUJ4	194	227	0.3123496472835541
Q8N5K1	75	134	0.4187942147254944
Q9NX65	314	340	0.2872355580329895
Q9UKT4	363	440	0.5787487030029297
P04150	268	329	0.619450569152832
P04150	352	372	0.42027416825294495
P04150	412	496	0.6013725996017456
P0C6S8	433	489	0.41247448325157166
P78562	697	748	0.30164089798927307
P79522	158	186	0.3837795555591583
Q03591	292	329	0.4233543276786804
Q06210	471	486	0.299153596162796
Q12952	108	137	0.3490569293498993
Q6H9L7	318	529	0.47690850496292114
Q7L513	176	254	0.3415667712688446
Q86SH2	354	423	0.5719910860061646
Q96KM6	502	562	0.38424405455589294
Q9BQ08	50	110	0.549591600894928
Q9H972	0	43	0.3235885500907898
Q9H972	138	156	0.2613193690776825
Q9H972	434	464	0.25599682331085205
Q9NXC5	728	872	0.506152868270874
Q9NY30	49	76	0.255027711391449
Q9UIK5	156	224	0.543263852596283
Q9UNI1	193	243	0.5241913199424744
O14524	363	389	0.27897974848747253
O60858	0	69	0.5835059881210327
O75446	89	108	0.2756137251853943
P12314	66	93	0.27775686979293823
P14207	20	163	0.4989853501319885
P24468	73	147	0.6274158954620361
P29466	53	97	0.5204392671585083
P33176	154	195	0.305452436208725
P42575	355	370	0.2921643555164337
P55209	263	282	0.3345124423503876
Q86SQ3	142	170	0.54354327917099
Q8N1C3	393	440	0.5046725273132324
Q8NEM1	229	264	0.34913143515586853
Q96IY4	245	283	0.6134616732597351
Q9H293	85	176	0.4655539095401764
Q9P0M6	290	313	0.2865031659603119
A8MUU1	0	75	0.3607431650161743
F5H4B4	120	177	0.36930975317955017
O94880	469	490	0.3592134416103363
O94880	748	782	0.4797861576080322
O94880	866	925	0.5058315396308899
P07711	106	145	0.5087405443191528
P07711	163	223	0.5601623058319092
P09234	0	35	0.3488253057003021
P49908	171	199	0.4101200997829437
P49908	273	340	0.5239051580429077
Q12906	288	308	0.32324081659317017
Q16552	79	105	0.2975558042526245
Q495W5	91	117	0.42931410670280457
Q5UCC4	158	179	0.7096008062362671
Q6UWQ5	131	147	0.3017466068267822
Q8N0X4	32	87	0.37756165862083435
Q8N0X4	97	117	0.39494311809539795
Q8NET1	20	54	0.45728084444999695
Q8NFA2	254	289	0.2596142888069153
Q99436	240	260	0.2746250331401825
Q9GZQ4	354	382	0.3665381968021393
Q9HCC0	255	272	0.3253260552883148
Q9UHC3	236	284	0.41597652435302734
Q9UHC3	302	379	0.6748338937759399
Q9UKR3	142	237	0.6641217470169067
B7Z368	60	96	0.4278804063796997
B7Z368	113	129	0.43999698758125305
P0CG20	30	78	0.5235978960990906
P13640	0	60	0.6656275987625122
P18615	293	347	0.3133653402328491
P48304	119	165	0.47113388776779175
Q8N697	129	153	0.4919617176055908
Q9BQQ7	138	176	0.4942232370376587
Q9BVN2	841	861	0.2543041408061981
Q9BVN2	880	895	0.27316153049468994
B1ANY3	150	192	0.38942086696624756
P53582	0	38	0.5124358534812927
Q5SZI1	168	202	0.5788318514823914
Q8N2Q7	169	189	0.4231559634208679
Q8NFK1	39	67	0.2903769016265869
Q8NFK1	167	185	0.28779539465904236
Q8TC94	40	94	0.41905274987220764
Q96IT1	114	138	0.34830737113952637
Q96K21	67	154	0.5900651812553406
Q96K21	416	456	0.5468619465827942
Q99706	132	148	0.525208592414856
Q99706	169	205	0.6129237413406372
Q9H0C1	0	36	0.48290523886680603
Q9NVV9	9	88	0.5066112875938416
Q9UIA0	318	361	0.4319816827774048
Q9Y261	210	260	0.4054628312587738
A6NH21	33	61	0.4285096526145935
P59861	22	52	0.29769882559776306
Q14149	400	441	0.3691573143005371
Q14832	507	524	0.31950756907463074
Q29983	59	76	0.2702181339263916
Q5VWJ9	294	310	0.3392297327518463
Q5VWJ9	355	384	0.27253448963165283
Q6P9A2	555	587	0.33419355750083923
Q7KYR7	330	379	0.3960775136947632
Q7RTN6	269	306	0.42515644431114197
Q86XS5	293	323	0.5964497327804565
Q8TCQ1	69	137	0.5354450345039368
Q96M29	246	302	0.5085762739181519
Q96M29	386	417	0.2834503948688507
Q96M29	453	484	0.3144278824329376
Q99687	57	84	0.39732277393341064
Q9BQK8	434	454	0.3564044237136841
Q9P121	191	214	0.33504632115364075
Q9Y2Y8	192	224	0.32989072799682617
O60884	116	217	0.5984636545181274
P53384	236	294	0.5285239815711975
Q04759	0	30	0.5513024926185608
Q04759	188	208	0.3577302396297455
Q04759	261	280	0.47846442461013794
Q13530	4	30	0.40033823251724243
Q14210	16	104	0.43046334385871887
Q16637	88	154	0.47315678000450134
Q56P03	173	223	0.36221638321876526
Q56P03	246	284	0.3604409992694855
Q5BKU9	84	104	0.33784931898117065
Q6UWL6	323	338	0.45457515120506287
Q6UXI9	226	270	0.5465648770332336
Q6UXT8	77	128	0.44389137625694275
Q86T82	459	525	0.3618437647819519
Q8N5J2	357	372	0.2987652122974396
Q8NBL1	39	66	0.3147660493850708
Q8TED4	270	287	0.2755630910396576
Q96DX4	514	575	0.6790617108345032
Q9BXY4	33	68	0.55008864402771
Q9BXY4	84	191	0.6357187032699585
Q9C004	143	276	0.5567593574523926
A4D161	67	176	0.6732706427574158
P05549	350	381	0.38159170746803284
P0DM35	0	59	0.6731786727905273
P0DTL4	26	48	0.3834373652935028
P24903	465	490	0.3242555260658264
P26927	636	663	0.4702479839324951
P33991	308	328	0.4461808204650879
P35613	105	120	0.2742787003517151
P48061	22	39	0.2571207880973816
Q6P1X6	186	205	0.2714568078517914
Q86UR1	378	397	0.37425240874290466
Q86UR1	412	435	0.3190173804759979
Q8IXW5	76	165	0.46650490164756775
Q8N8Q3	225	247	0.4433942139148712
Q8N8R7	195	244	0.6275017857551575
Q8WYR1	263	285	0.2562444508075714
Q8WYR1	746	840	0.3431330621242523
Q92519	203	225	0.28238093852996826
Q96MV8	123	153	0.6886146664619446
Q9NPD5	131	158	0.30816763639450073
Q9NPD5	450	480	0.5722655057907104
A0A1B0GTW7	462	572	0.637736439704895
P07438	0	59	0.6432073712348938
P23946	184	235	0.41460782289505005
P50453	319	362	0.48739880323410034
P54108	67	100	0.31620433926582336
P54108	181	244	0.6595720648765564
P61916	27	48	0.31595921516418457
P61916	87	103	0.28307610750198364
Q13330	384	431	0.45574334263801575
Q13330	470	539	0.29850077629089355
Q15649	0	50	0.5932468771934509
Q15649	122	154	0.2862822711467743
Q5W5X9	362	378	0.2729002833366394
Q6NTE8	1	73	0.5041381120681763
Q6PCB0	376	396	0.25958555936813354
Q8IUH4	424	441	0.6342301964759827
Q8WZ71	188	223	0.23977364599704742
Q99489	240	303	0.46116453409194946
Q9UKY0	94	121	0.27276384830474854
Q9UQQ1	691	710	0.2629035711288452
Q9Y6X8	71	151	0.5273252725601196
O75112	541	595	0.4817974865436554
P41271	25	133	0.5560250282287598
P57730	54	89	0.33887147903442383
P61158	0	22	0.5761711597442627
Q5VUD6	328	363	0.6087060570716858
Q8TEJ3	51	101	0.4700475037097931
Q92496	257	301	0.6746969819068909
Q96LD4	0	40	0.4047073423862457
Q96NK8	170	191	0.4551042914390564
Q9BVL4	87	107	0.3453614115715027
Q9BVL4	122	149	0.6545494198799133
Q9BYC8	76	117	0.4363209903240204
Q9BZF2	470	491	0.303469717502594
Q9C026	0	42	0.5950828194618225
Q9UKU0	243	269	0.4415214955806732
O14770	85	124	0.46783629059791565
O76013	82	106	0.33655282855033875
P01893	266	294	0.2746238112449646
P07357	388	410	0.3740652799606323
P15374	186	227	0.30379483103752136
P17405	214	248	0.5480054616928101
P53602	95	119	0.4095718562602997
Q13884	236	262	0.2756904363632202
Q58FF6	256	276	0.26161089539527893
Q8IYW5	4	91	0.5685040950775146
Q8WU39	163	188	0.42384499311447144
Q96A25	31	78	0.5548074245452881
Q96JJ6	29	53	0.48846566677093506
Q96MT3	241	312	0.6770887970924377
Q96PB7	39	85	0.4029878079891205
Q9H1E1	39	132	0.5498479604721069
Q9H8L6	116	136	0.41895008087158203
Q9NQZ3	519	542	0.5963597297668457
A0A0J9YX94	0	15	0.29537099599838257
C9J302	49	188	0.49629634618759155
O00463	41	71	0.48757874965667725
O00463	132	244	0.5746583938598633
O60565	84	183	0.5334084033966064
P01215	23	115	0.5642911195755005
P01589	22	87	0.44044503569602966
P02671	35	71	0.3319956660270691
P02671	803	818	0.5360588431358337
P0DP58	14	107	0.4703693687915802
P14222	270	312	0.2599957287311554
P20160	130	220	0.6331539154052734
P49005	68	99	0.4068891704082489
P51654	55	77	0.3887108862400055
P58658	83	127	0.5093088746070862
P58658	149	210	0.4057009518146515
P63267	6	48	0.5445351004600525
Q2Q1W2	54	120	0.3691779673099518
Q2Q1W2	259	313	0.5201237201690674
Q5SWL8	446	476	0.46942904591560364
Q86UW1	147	174	0.39204007387161255
Q8IYS2	172	189	0.3508259356021881
Q8N4N8	506	555	0.5336681604385376
Q8WWX8	342	361	0.33469584584236145
Q99614	130	161	0.29435279965400696
Q99728	43	125	0.5242691040039062
Q9BVX2	41	70	0.2895914614200592
Q9BYR8	0	82	0.5200046896934509
Q9H3Q3	349	368	0.3345686197280884
Q9NSA2	213	230	0.26253271102905273
Q9NSA2	452	500	0.5406662821769714
Q9UBY9	92	147	0.3970094621181488
Q9UJQ1	170	192	0.3055671155452728
Q9UKF5	338	362	0.6528323292732239
Q9Y3D2	44	181	0.5348277688026428
A0ABJ7H351	396	433	0.5053105354309082
O15111	698	727	0.37890249490737915
O75604	464	489	0.5912702679634094
P34947	422	474	0.44851377606391907
P56159	21	100	0.48460954427719116
P56159	147	281	0.7119433283805847
P56159	307	331	0.4377840757369995
Q05639	397	424	0.3055775463581085
Q6NUJ1	456	519	0.5189282298088074
Q6VAB6	119	161	0.331277996301651
Q6XE24	75	119	0.5102466344833374
Q8N196	191	245	0.33325979113578796
Q8ND71	1	25	0.23122341930866241
Q8WTQ1	19	69	0.4146549701690674
Q96S59	641	728	0.4592314064502716
Q9NXA8	157	217	0.4119258224964142
Q9ULY5	174	189	0.28222376108169556
Q9Y614	305	380	0.498851478099823
A6NCS6	177	241	0.38780683279037476
A8MSI8	8	31	0.26586073637008667
A8MZG2	60	84	0.34014126658439636
C9J1S8	431	451	0.42594704031944275
O14896	99	115	0.23576462268829346
O60291	270	329	0.5947957038879395
P05156	21	111	0.6082037687301636
P09382	0	20	0.37303289771080017
P09382	59	84	0.36215054988861084
Q2TBF2	180	220	0.6199978590011597
Q2TBF2	231	266	0.6460103988647461
Q2TBF2	290	310	0.4048336148262024
Q5JWF8	95	135	0.5809767842292786
Q86YV9	147	169	0.33871591091156006
Q96QK1	650	688	0.4019390642642975
Q9BW30	1	59	0.3800649046897888
Q9BY14	141	156	0.4374106824398041
Q9BY14	186	216	0.4474852979183197
Q9BYU5	0	42	0.37162497639656067
Q9P0N8	58	142	0.5624653697013855
Q9UJK0	55	82	0.3371756076812744
Q9UK22	126	144	0.382813423871994
Q9Y2B4	207	251	0.3457432985305786
Q9Y561	153	221	0.64890056848526
A0A1W2PRP0	90	121	0.370292603969574
O43541	204	281	0.5372100472450256
O75398	191	218	0.3475564420223236
O75398	231	303	0.5719602108001709
O75800	384	439	0.433565229177475
O94772	18	119	0.40480053424835205
P25713	0	67	0.6801463961601257
P36405	164	181	0.3997713327407837
P51671	26	78	0.3051295578479767
Q2M3D2	441	472	0.3119257390499115
Q6IN84	119	138	0.31331032514572144
Q8N6Q8	388	405	0.6006009578704834
Q9GZY6	97	118	0.2939381003379822
Q9UJ71	283	327	0.35517823696136475
Q9UNA0	369	399	0.7528374195098877
Q9UNA0	417	436	0.7053132653236389
Q9UNA0	481	499	0.3247511088848114
Q9UNA0	703	737	0.6375263333320618
Q9UNA0	873	929	0.4559476673603058
A6NCQ9	13	33	0.33311182260513306
F2Z333	80	97	0.293596088886261
O60575	27	85	0.5006657838821411
P29122	232	250	0.3636528253555298
P40967	511	553	0.555374801158905
P42574	33	66	0.3022593557834625
Q12891	419	451	0.30948758125305176
Q5VYV7	140	169	0.33885514736175537
Q8IV16	55	142	0.6302204132080078
Q8IY57	20	52	0.2941206693649292
Q8N7M2	345	383	0.29964566230773926
Q8NHJ6	111	187	0.5798271298408508
Q8TAV0	0	128	0.6494183540344238
Q92546	287	305	0.27937641739845276
Q969K3	50	106	0.5915889143943787
Q969K3	136	154	0.2962735891342163
Q969K3	317	371	0.4719555377960205
Q96F44	259	334	0.271727055311203
Q96JL9	24	50	0.3930678963661194
Q9BPZ7	10	41	0.277397096157074
Q9BPZ7	137	160	0.26275548338890076
Q9NPC3	0	63	0.5589943528175354
Q9NZI8	240	262	0.342854380607605
Q9UBF2	720	749	0.4825611114501953
O95858	149	196	0.5096318125724792
P04629	173	199	0.4682881534099579
P22362	30	72	0.3624955713748932
P27352	284	304	0.29306313395500183
P54793	557	583	0.3388647735118866
Q13702	355	411	0.5658945441246033
Q5GAN3	86	155	0.37048664689064026
Q5XUX0	441	473	0.31047773361206055
Q6ZRF7	71	110	0.46508270502090454
Q6ZSG2	8	59	0.24855254590511322
Q6ZSG2	388	422	0.44363218545913696
Q86WW8	0	73	0.5002596378326416
Q8IYA8	390	427	0.45814844965934753
Q8IYA8	532	585	0.4443050026893616
Q8WTR7	15	44	0.3232705891132355
Q92563	328	377	0.4436476528644562
Q9BS86	299	350	0.6529895067214966
Q9GZY0	573	588	0.23338457942008972
Q9H7B4	10	99	0.6200059652328491
Q9NVM9	206	224	0.4913625717163086
Q9NVR5	68	103	0.44265642762184143
Q9UIF3	366	416	0.23904472589492798
Q9Y6W6	143	200	0.5388472080230713
Q9Y6W6	266	290	0.520530641078949
A0A0K0K1A3	96	113	0.3105786442756653
O00716	310	325	0.31832197308540344
P05362	325	355	0.36088740825653076
P50238	0	72	0.49352535605430603
P78310	204	226	0.48867419362068176
Q00978	242	261	0.25674769282341003
Q06546	32	71	0.28759896755218506
Q14145	379	416	0.4695403575897217
Q5GAN6	91	215	0.602128267288208
Q5T8I9	315	340	0.298643559217453
Q5T953	240	302	0.4667050242424011
Q6ZQN5	150	195	0.3964915871620178
Q8NGF1	296	314	0.2796342968940735
Q8WXA2	44	80	0.4637584090232849
Q92959	143	165	0.2564004063606262
Q92959	417	511	0.5621183514595032
Q9BZY9	22	63	0.436899870634079
Q9HC62	530	555	0.3176426589488983
Q9NQV7	169	228	0.47620484232902527
Q9NQV7	246	262	0.3960283100605011
Q9NQV7	376	412	0.4882817268371582
Q9UBT3	29	104	0.5913680791854858
Q9UBT3	140	223	0.5755336880683899
Q9Y4P1	188	216	0.38410040736198425
Q9Y4P1	284	300	0.3807316720485687
Q9Y5F1	727	752	0.3359876871109009
A8K0S8	57	83	0.3722822964191437
O95157	181	212	0.4322303533554077
P02774	69	151	0.5186933875083923
P02774	263	400	0.617215633392334
P02774	430	473	0.38849395513534546
P52849	820	841	0.3992556631565094
P57721	299	352	0.2504378855228424
Q01524	56	99	0.47561734914779663
Q658L1	171	208	0.291902631521225
Q658L1	303	356	0.36830058693885803
Q6AZZ1	109	137	0.4419092535972595
Q6PIW4	597	633	0.3508957624435425
Q8NAN2	139	204	0.6268189549446106
Q9BX79	251	274	0.2535758912563324
Q9GZX3	132	158	0.49418386816978455
Q9UKG4	255	274	0.2914550304412842
A0A0A0MS06	80	114	0.43038395047187805
D6RA61	79	131	0.7168945670127869
O60516	10	59	0.33443671464920044
O95164	97	116	0.40722596645355225
O95475	0	23	0.25730934739112854
P07306	241	285	0.36779746413230896
P11226	208	247	0.5689848065376282
P48052	248	280	0.44425907731056213
P68032	8	44	0.49071794748306274
Q15109	125	144	0.5477579236030579
Q5VT66	286	307	0.24853327870368958
Q6P4F2	93	180	0.5918843150138855
Q6UWI4	49	85	0.6060465574264526
Q86WS5	240	271	0.6265179514884949
Q8N1N4	398	433	0.2534562647342682
Q96EY1	234	308	0.6348272562026978
Q96K31	187	251	0.505460262298584
Q9H9D4	57	89	0.3885861933231354
Q9H9D4	111	137	0.5656771063804626
A2RRL7	43	81	0.26774275302886963
O15482	104	130	0.3242039978504181
O15553	369	417	0.39352378249168396
P08235	589	674	0.5297425389289856
P15248	31	124	0.45476922392845154
P22455	155	182	0.2892611026763916
P55199	59	154	0.4762937128543854
P78539	265	321	0.6282151937484741
Q14566	171	192	0.34649303555488586
Q6ZN54	445	510	0.5818517804145813
Q86UE8	703	747	0.344387024641037
Q9BTP6	54	103	0.4080735146999359
Q9BWP8	164	179	0.26523450016975403
Q9BWP8	238	261	0.41817453503608704
Q9HBA0	638	665	0.41647645831108093
Q9NR19	248	275	0.27582672238349915
Q9P2G3	24	61	0.3727724850177765
Q9UIR0	368	392	0.31819096207618713
Q9UK80	396	453	0.5138437151908875
Q9UKA8	136	194	0.2838505804538727
O95196	507	537	0.41173818707466125
P35398	62	157	0.6016462445259094
P62906	45	84	0.32555830478668213
Q06330	74	113	0.48391664028167725
Q13449	183	206	0.2397424876689911
Q16663	57	112	0.540133535861969
Q8N4L2	45	127	0.6501911878585815
Q8NG27	576	642	0.5367828607559204
Q8WVZ1	113	128	0.2813524007797241
Q93091	32	142	0.5356788635253906
Q969P5	313	354	0.4671241343021393
Q96DM1	528	584	0.5717286467552185
Q96L21	21	39	0.31183362007141113
Q9Y5J6	25	59	0.2877466678619385
A0A2R8YCY7	125	185	0.6984468698501587
O75023	269	302	0.4896455705165863
O75023	354	412	0.6379400491714478
P19793	122	206	0.6502118706703186
P23786	486	518	0.44187068939208984
P26583	7	49	0.29973962903022766
P48728	314	334	0.2819681763648987
P48960	498	533	0.4501602053642273
Q8IXK0	633	686	0.5289937257766724
Q8NFW9	45	105	0.6519661545753479
Q8NFW9	758	779	0.2709185481071472
Q96GY3	94	122	0.2761560380458832
Q96LB9	163	182	0.3267953395843506
Q9BQW3	156	179	0.5046897530555725
Q9GZL7	185	200	0.3944801092147827
Q9H741	69	138	0.6276874542236328
Q9H741	169	203	0.4655170738697052
Q9HCR9	436	459	0.25880947709083557
Q9UBT7	236	259	0.42707177996635437
A6H8Z2	315	377	0.5627479553222656
H0Y7S4	453	477	0.5161336064338684
O14904	138	161	0.4016582667827606
O14904	207	245	0.4797922968864441
O14904	291	364	0.5238233208656311
O60542	119	147	0.28989267349243164
O75593	81	112	0.25526463985443115
P01705	73	111	0.3175409436225891
P05305	44	72	0.3204997479915619
P0DQW0	0	31	0.4046333432197571
P0DQW0	47	97	0.5563028454780579
P10144	148	243	0.4666522741317749
P23193	246	300	0.590212881565094
Q02297	53	156	0.46718716621398926
Q13642	0	109	0.7164093255996704
Q13642	166	232	0.5167684555053711
Q6XQN6	441	498	0.39009973406791687
Q7L273	345	388	0.5434224605560303
Q8NAA6	75	165	0.39871248602867126
Q8TB52	0	116	0.6353182196617126
Q92771	242	315	0.4739432632923126
Q96NU7	184	209	0.3125142753124237
Q96QD9	217	245	0.357864648103714
Q99942	20	75	0.34851503372192383
Q9GZZ9	292	316	0.2712324559688568
Q9UIL8	65	165	0.6055911779403687
A0A0C4DH59	85	113	0.42667078971862793
A6NLC5	23	71	0.5046829581260681
A6NLC5	111	150	0.5041154623031616
O00584	195	222	0.41353878378868103
P28329	650	730	0.629621684551239
Q6IQ49	61	114	0.3870881497859955
Q7Z4W2	129	147	0.3033767640590668
Q8IY34	121	156	0.4037938117980957
Q8IY34	273	306	0.3304259777069092
Q8N109	126	197	0.5457848310470581
Q8NCQ7	51	167	0.534963071346283
Q9BTE3	104	151	0.39741259813308716
Q9BZQ2	104	140	0.3183099925518036
Q9BZQ2	551	572	0.299063503742218
Q9H7H0	385	437	0.5226060748100281
Q9NQC7	790	832	0.5257569551467896
Q9NXH9	137	152	0.27052104473114014
Q9NXH9	357	397	0.4698318541049957
Q9UIU6	99	116	0.3980449140071869
Q9UL52	363	378	0.43198642134666443
Q9Y5T5	43	100	0.39199957251548767
Q9Y5T5	596	624	0.5261818766593933
Q9Y5T5	650	682	0.38035842776298523
A0AAG2TTP8	166	190	0.24890612065792084
O43614	379	395	0.2799825072288513
P03951	249	281	0.3600989878177643
P03951	540	580	0.4285341799259186
P18065	28	125	0.48584282398223877
P18065	227	320	0.5379517078399658
P29590	52	103	0.5803579092025757
P29803	92	107	0.40527716279029846
P61221	0	39	0.4615843892097473
Q14151	424	491	0.5057366490364075
Q16527	0	78	0.6112416982650757
Q16527	107	192	0.6321488618850708
Q496A3	174	208	0.35735058784484863
Q6ZUV0	0	23	0.3543533384799957
Q8N688	18	64	0.315613329410553
Q8NG50	172	194	0.2829095721244812
Q8TBF4	99	126	0.466602087020874
Q9BXA6	251	272	0.41771289706230164
Q9BXI2	12	30	0.26914119720458984
Q9BYR7	0	97	0.4241718053817749
Q9H2A2	4	46	0.38651758432388306
Q9H3U7	234	286	0.5309394598007202
Q9H3U7	370	420	0.3960873484611511
Q9HAT1	160	177	0.3389136493206024
Q9Y4L5	215	272	0.5866902470588684
Q9Y663	348	374	0.28486111760139465
A4D1S0	372	404	0.38358622789382935
P00558	382	406	0.3660372495651245
P02760	193	288	0.6008574962615967
P03950	27	146	0.5498232245445251
P11465	298	313	0.4513636827468872
P54315	450	466	0.35262516140937805
Q14994	0	85	0.6228295564651489
Q17RQ9	95	116	0.26294559240341187
Q66K64	189	211	0.5141926407814026
Q68D42	157	234	0.5162702798843384
Q6UWV2	123	150	0.27105915546417236
Q6UXN8	191	221	0.43973425030708313
Q7Z7J5	265	289	0.31578776240348816
Q8NDZ0	738	766	0.2821987271308899
Q96GM8	254	332	0.602972149848938
Q99497	35	56	0.3718523383140564
Q9NYJ1	21	55	0.24713881313800812
P08651	81	118	0.3051598072052002
P15529	263	289	0.3425534963607788
P29558	86	127	0.5113708972930908
P37231	122	211	0.5382412672042847
P84103	57	85	0.31224751472473145
Q15390	65	107	0.2969956398010254
Q68G74	105	149	0.48704519867897034
Q6ZSM3	231	253	0.31132280826568604
Q8IYS4	297	326	0.26817795634269714
Q8N687	18	38	0.3681880235671997
Q8NI17	23	40	0.2999551296234131
Q8NI17	54	84	0.389496773481369
Q96HE7	77	157	0.44223085045814514
Q96RJ3	17	34	0.3485487997531891
Q9HBE1	604	625	0.3390675485134125
Q9NT62	125	143	0.2987515330314636
O00204	258	278	0.5063327550888062
O95267	568	600	0.5214312672615051
P07902	104	131	0.3333396315574646
P0DKL9	76	146	0.5999950170516968
P50458	44	64	0.35488608479499817
P51617	479	520	0.48902228474617004
P55795	278	293	0.8452034592628479
P61550	102	124	0.2831987142562866
P78317	124	189	0.6306332945823669
Q14CN2	172	274	0.6388402581214905
Q5VT98	450	474	0.603865921497345
Q6K0P9	349	377	0.2928130626678467
Q7L590	383	410	0.4764341115951538
Q7L590	774	867	0.349934846162796
Q8NER1	615	630	0.29226747155189514
Q96JC9	4	36	0.3402425944805145
Q9HC23	32	63	0.44268888235092163
Q9NS39	649	708	0.31533992290496826
Q9NSB2	450	481	0.24758459627628326
Q9NZI7	206	228	0.24844808876514435
Q9UN36	266	299	0.46928587555885315
P78316	728	769	0.4556578993797302
Q04900	54	111	0.5149528384208679
Q6ZUG5	139	166	0.293152779340744
Q96LR4	35	136	0.49323996901512146
Q9BT09	190	211	0.32031622529029846
Q9BZM1	54	134	0.5526586771011353
Q9BZM1	153	188	0.4353131949901581
