0.31017534782608697
0.43305813043478264
0.27691358620689654
0.36135525316455697
0.27691358620689654
0.36135525316455697
0.25122365
0.25310335483870966
0.4176074313725491
0.39242422
0.25310335483870966
0.4176074313725491
0.39242422
0.25310335483870966
0.4176074313725491
0.39242422
0.33079383950617286
0.25373329411764706
0.3858020818181818
0.34018250000000005
0.3041660625
0.34018250000000005
0.3041660625
0.29115275
0.2537006111111111
0.2728655416666667
0.33210937254901957
0.29115275
0.2537006111111111
0.2728655416666667
0.33210937254901957
0.29115275
0.2537006111111111
0.2728655416666667
0.33210937254901957
0.29115275
0.2537006111111111
0.2728655416666667
0.33210937254901957
0.5943562931034483
0.30415200000000003
0.3899477755102041
0.25012283333333335
0.271931037037037
0.6273997542857143
0.2851214411764706
0.3471808695652174
0.24815989655172413
0.26228861363636363
0.44994419753086423
0.30524195454545455
0.41933165384615384
0.30524195454545455
0.41933165384615384
0.34273008
0.33251699999999995
0.34273008
0.33251699999999995
0.3582111886792453
0.4698229861111111
0.3582111886792453
0.4698229861111111
0.35721273076923077
0.41524540186915887
0.35721273076923077
0.41524540186915887
0.2836932195121951
0.26491105555555555
0.21285020270270272
0.46748714788732393
0.23987746153846154
0.2581488717948718
0.46748714788732393
0.23987746153846154
0.2581488717948718
0.46748714788732393
0.23987746153846154
0.2581488717948718
0.3477483125
0.22894003389830508
0.3477483125
0.22894003389830508
0.2610815555555555
0.4713225471698113
0.6256538076923077
0.3421264
0.4742190291262136
0.25678528
0.23624313333333333
0.2501357454545455
0.25678528
0.23624313333333333
0.2501357454545455
0.25678528
0.23624313333333333
0.2501357454545455
0.47259976000000004
0.2856690151515151
0.47259976000000004
0.2856690151515151
0.26547514285714285
0.3676284375
0.26190574285714285
0.5733947716535432
0.2960182537313433
0.3956250392156863
0.2960182537313433
0.3956250392156863
0.24858053125
0.43991416666666666
0.24858053125
0.43991416666666666
0.2763918125
0.34744685
0.371867
0.34744685
0.371867
0.21550200000000003
0.2777588103448276
0.62335919375
0.43120828125
0.62335919375
0.43120828125
0.2781902
0.22158575000000003
0.28264627999999997
0.40148345652173917
0.3381324358974359
0.31818837209302325
0.40148345652173917
0.3381324358974359
0.31818837209302325
0.40148345652173917
0.3381324358974359
0.31818837209302325
0.255251875
0.36877649999999995
0.3256407647058823
0.33365999999999996
0.3256407647058823
0.33365999999999996
0.2579179166666667
0.23295593939393938
0.40111901265822786
0.2579179166666667
0.23295593939393938
0.40111901265822786
0.2579179166666667
0.23295593939393938
0.40111901265822786
0.6283512690058479
0.29006659090909087
0.38371945
0.2705261111111111
0.37373165999999997
0.29006659090909087
0.38371945
0.2705261111111111
0.37373165999999997
0.29006659090909087
0.38371945
0.2705261111111111
0.37373165999999997
0.29006659090909087
0.38371945
0.2705261111111111
0.37373165999999997
0.4711421794871795
0.2826557435897436
0.37148996551724134
0.4711421794871795
0.2826557435897436
0.37148996551724134
0.4711421794871795
0.2826557435897436
0.37148996551724134
0.7024950588235294
0.3233438823529412
0.22164593333333332
0.2703281132075472
0.2990725416666667
0.32961304545454545
0.45404898400000004
0.30490336842105265
0.3667943039215686
0.4519761810344828
0.2984992
0.30490336842105265
0.3667943039215686
0.4519761810344828
0.2984992
0.30490336842105265
0.3667943039215686
0.4519761810344828
0.2984992
0.30490336842105265
0.3667943039215686
0.4519761810344828
0.2984992
0.28005115789473684
0.35901901960784316
0.28005115789473684
0.35901901960784316
0.26310764935064934
0.46606287665198237
0.2995546
0.27482058490566036
0.3643074074074074
0.3566247321428571
0.27482058490566036
0.3643074074074074
0.3566247321428571
0.27482058490566036
0.3643074074074074
0.3566247321428571
0.3690855348837209
0.2937842842105263
0.3663262985074627
0.32727060869565217
0.3663262985074627
0.32727060869565217
0.2653279523809524
0.2728411785714286
0.55241305
0.27218018518518516
0.27218018518518516
0.24406683999999998
0.23792415384615387
0.42345504545454543
0.29501535
0.42345504545454543
0.29501535
0.6950579470588235
0.3123120810810811
0.6950579470588235
0.3123120810810811
0.3596275357142857
0.39201299999999994
0.254350875
0.3954536989966555
0.254350875
0.3954536989966555
0.5447802580645161
0.49217188157894737
0.2919126956521739
0.2833105714285714
0.27229052173913043
0.2833105714285714
0.27229052173913043
0.2541356
0.229457125
0.3417709310344828
0.40332758333333335
0.26996114814814814
0.2513223
0.281461125
0.47223502777777776
0.281461125
0.47223502777777776
0.23448132432432436
0.35084406451612904
0.3882881111111111
0.23448132432432436
0.35084406451612904
0.3882881111111111
0.23448132432432436
0.35084406451612904
0.3882881111111111
0.3602553461538462
0.43112500000000004
0.26272757142857145
0.43112500000000004
0.26272757142857145
0.41026247619047623
0.31191451851851854
0.28566240909090906
0.2568624
0.6638784436363636
0.2568624
0.6638784436363636
0.43195476470588234
0.33614038461538465
0.5608229266055046
0.24879117241379312
0.2703592
0.24879117241379312
0.2703592
0.30104746666666665
0.30898554545454543
0.33560915625
0.29878767741935486
0.2567724
0.25117678571428576
0.21137572413793101
0.42711557999999994
0.380266105882353
0.42711557999999994
0.380266105882353
0.323679
0.6159053313253012
0.587390544
0.36224678048780484
0.6159053313253012
0.587390544
0.36224678048780484
0.6159053313253012
0.587390544
0.36224678048780484
0.27105083333333335
0.529844
0.3111240869565217
0.529844
0.3111240869565217
0.3710025098039216
0.37171027450980393
0.3710025098039216
0.37171027450980393
0.32345234285714286
0.27185003703703703
0.22704362686567164
0.3353314074074074
0.29336921052631576
0.2972697894736842
0.4742704375
0.3412536052631579
0.2550842045454545
0.32672978431372546
0.3566098703703704
0.32672978431372546
0.3566098703703704
0.4213367
0.3132119523809524
0.2718457358490566
0.5390637037037037
0.8434537215189875
0.3458435217391304
0.24519093333333333
0.28040094117647063
0.25207159999999995
0.2945774567901234
0.25485393333333334
0.3722670967741935
0.3458435217391304
0.24519093333333333
0.28040094117647063
0.25207159999999995
0.2945774567901234
0.25485393333333334
0.3722670967741935
0.3458435217391304
0.24519093333333333
0.28040094117647063
0.25207159999999995
0.2945774567901234
0.25485393333333334
0.3722670967741935
0.3458435217391304
0.24519093333333333
0.28040094117647063
0.25207159999999995
0.2945774567901234
0.25485393333333334
0.3722670967741935
0.3458435217391304
0.24519093333333333
0.28040094117647063
0.25207159999999995
0.2945774567901234
0.25485393333333334
0.3722670967741935
0.3458435217391304
0.24519093333333333
0.28040094117647063
0.25207159999999995
0.2945774567901234
0.25485393333333334
0.3722670967741935
0.3458435217391304
0.24519093333333333
0.28040094117647063
0.25207159999999995
0.2945774567901234
0.25485393333333334
0.3722670967741935
0.212099875
0.28117971428571426
0.212099875
0.28117971428571426
0.30013859459459463
0.2743377777777778
0.30013859459459463
0.2743377777777778
0.372275192
0.35952036666666665
0.30687238461538463
0.32773282352941174
0.30687238461538463
0.32773282352941174
0.3375060967741935
0.33377616666666665
0.3375060967741935
0.33377616666666665
0.44057483673469383
0.29663724999999996
0.32211764000000004
0.41368075247524755
0.7376223773584906
0.41368075247524755
0.7376223773584906
0.4173041111111111
0.28433019047619046
0.21562835714285714
0.29114182191780824
0.34482654901960785
0.3666131568627451
0.29114182191780824
0.34482654901960785
0.3666131568627451
0.29114182191780824
0.34482654901960785
0.3666131568627451
0.502652
0.2635982424242424
0.502652
0.2635982424242424
0.29761527272727273
0.4007687152317881
0.6680625603864734
0.32855717647058824
0.44485525000000004
0.32855717647058824
0.44485525000000004
0.8446164444444444
0.34419649999999996
0.26262945
0.3475526129032258
0.26262945
0.3475526129032258
0.33633013333333334
0.25711983606557376
0.2332101666666667
0.4387033928571428
0.33146230769230767
0.3828981339285714
0.344621575
0.32885756862745097
0.344621575
0.32885756862745097
0.3303054583333333
0.22102449019607845
0.3417992631578947
0.22102449019607845
0.3417992631578947
0.3277096428571429
0.3260572222222222
0.6202352666666666
0.49064017391304343
0.6202352666666666
0.49064017391304343
0.399996875
0.4371239333333333
0.26499815151515155
0.27745068888888885
0.448293140625
0.4302011830065359
0.3074505238095238
0.5326401636363637
0.34250633333333336
0.5326401636363637
0.34250633333333336
0.24162684999999998
0.2888743
0.24162684999999998
0.2888743
0.3103476666666667
0.45660344444444445
0.34727591304347827
0.260620875
0.3141943090909091
0.260620875
0.3141943090909091
0.3269763666666667
0.28661831578947367
0.2618072285714286
0.3029659333333334
0.29764453571428573
0.35639157407407407
0.2618072285714286
0.3029659333333334
0.29764453571428573
0.35639157407407407
0.2618072285714286
0.3029659333333334
0.29764453571428573
0.35639157407407407
0.2618072285714286
0.3029659333333334
0.29764453571428573
0.35639157407407407
0.3053351447368421
0.3285846274509804
0.4037843417721519
0.3053351447368421
0.3285846274509804
0.4037843417721519
0.3053351447368421
0.3285846274509804
0.4037843417721519
0.4365632222222222
0.4315258133333333
0.4365632222222222
0.4315258133333333
0.3365728409090909
0.43151537037037035
0.3365728409090909
0.43151537037037035
0.2603752127659575
0.2673182608695652
0.2657107735849057
0.2603752127659575
0.2673182608695652
0.2657107735849057
0.2603752127659575
0.2673182608695652
0.2657107735849057
0.4884550625
0.2901759166666667
0.27858278378378376
0.4391640833333333
0.2770796818181818
0.4391640833333333
0.2770796818181818
0.5021599885496184
0.3102568125
0.3292220952380952
0.2557506875
0.22580046666666667
0.2836711739130435
0.30406676470588234
0.2836711739130435
0.30406676470588234
0.34649175
0.8591081037037037
0.35675683333333336
0.3818940666666667
0.3645037894736842
0.4749668208955224
0.3645037894736842
0.4749668208955224
0.6757827105263159
0.4300060740740741
0.3267451666666667
0.30546833333333334
0.23740180000000005
0.30546833333333334
0.23740180000000005
0.3183082105263158
0.4088049038461538
0.3183082105263158
0.4088049038461538
0.3928872
0.5704904662576687
0.43921139436619716
0.5704904662576687
0.43921139436619716
0.48730206666666664
0.292586696969697
0.48730206666666664
0.292586696969697
0.5834311290322581
0.23062253731343285
0.2603364
0.24872156521739128
0.36319061290322585
0.36833708333333337
0.24872156521739128
0.36319061290322585
0.36833708333333337
0.24872156521739128
0.36319061290322585
0.36833708333333337
0.2739475675675676
0.2487520625
0.22839291304347825
0.2291544705882353
0.2853152608695652
0.7700906481481482
0.24241602702702703
0.3391085
0.3482936111111111
0.24241602702702703
0.3391085
0.3482936111111111
0.24241602702702703
0.3391085
0.3482936111111111
0.35716105660377356
0.4322519523809524
0.35716105660377356
0.4322519523809524
0.2889039565217391
0.3028471034482759
0.4736236888888889
0.3028471034482759
0.4736236888888889
0.34185013186813185
0.3951656141732284
0.34185013186813185
0.3951656141732284
0.683565970684039
0.5140277226890756
0.61765084375
0.32448143
0.3419579274193548
0.30834560784313725
0.31284020512820515
0.27164113636363635
0.24546537735849056
0.23502665217391303
0.2636669056603773
0.28983724
0.31284020512820515
0.27164113636363635
0.24546537735849056
0.23502665217391303
0.2636669056603773
0.28983724
0.31284020512820515
0.27164113636363635
0.24546537735849056
0.23502665217391303
0.2636669056603773
0.28983724
0.31284020512820515
0.27164113636363635
0.24546537735849056
0.23502665217391303
0.2636669056603773
0.28983724
0.31284020512820515
0.27164113636363635
0.24546537735849056
0.23502665217391303
0.2636669056603773
0.28983724
0.31284020512820515
0.27164113636363635
0.24546537735849056
0.23502665217391303
0.2636669056603773
0.28983724
0.3039687837837838
0.4027697727272727
0.3039687837837838
0.4027697727272727
0.29138365217391304
0.43708916000000003
0.3597186923076923
0.3129145681818182
0.3294707037037037
0.29138365217391304
0.43708916000000003
0.3597186923076923
0.3129145681818182
0.3294707037037037
0.29138365217391304
0.43708916000000003
0.3597186923076923
0.3129145681818182
0.3294707037037037
0.29138365217391304
0.43708916000000003
0.3597186923076923
0.3129145681818182
0.3294707037037037
0.29138365217391304
0.43708916000000003
0.3597186923076923
0.3129145681818182
0.3294707037037037
0.3215427714285714
0.4114923544303798
0.3215427714285714
0.4114923544303798
0.286471
0.371583962962963
0.34480049253731343
0.37977976530612245
0.34480049253731343
0.37977976530612245
0.2905100338983051
0.237651
0.5357230384615385
0.2905100338983051
0.237651
0.5357230384615385
0.2905100338983051
0.237651
0.5357230384615385
0.46038588461538466
0.3134267450980392
0.2574698620689655
0.3586008333333333
0.4788573333333333
0.413872
0.4788573333333333
0.413872
0.2665905
0.44130544285714285
0.2754178888888889
0.2644739130434782
0.2754178888888889
0.2644739130434782
0.48199592237442923
0.33977609523809527
0.23884503773584906
0.39913735365853664
0.4545321923076923
0.39913735365853664
0.4545321923076923
0.2683535
0.25479053125
0.2605154444444444
0.2820004705882353
0.28605590000000003
0.2820004705882353
0.28605590000000003
0.2900224375
0.41882811764705885
0.4328133378378379
0.1994617741935484
0.2600498947368421
0.1994617741935484
0.2600498947368421
0.3837365094339622
0.3159519411764706
0.36666115189873416
0.318156375
0.3167631851851852
0.2416034347826087
0.3167631851851852
0.2416034347826087
0.25806545161290323
0.6152395294117647
0.37795741666666666
0.4690689545454545
0.3074476842105263
0.32249466666666665
0.3074476842105263
0.32249466666666665
0.3232589375
0.3579681538461538
0.3232589375
0.3579681538461538
0.2928163111111111
0.3030334
0.4156463251533742
0.3030334
0.4156463251533742
0.32197105555555555
0.26124206122448984
0.29737779166666667
0.37860879166666667
0.35835174509803924
0.37860879166666667
0.35835174509803924
0.26355896153846153
0.26996114814814814
0.30369870000000004
0.28198829166666667
0.273589
0.30369870000000004
0.28198829166666667
0.273589
0.30369870000000004
0.28198829166666667
0.273589
0.26492898076923077
0.3126617
0.2261351851851852
0.35225154166666667
0.4526747489451477
0.35225154166666667
0.4526747489451477
0.4522744727272727
0.33548672549019604
0.356192037037037
0.34942366666666663
0.33548672549019604
0.356192037037037
0.34942366666666663
0.33548672549019604
0.356192037037037
0.34942366666666663
0.27514595454545454
0.3843807878787879
0.585284311627907
0.2427544642857143
0.3815413725490196
0.4150717142857143
0.2427544642857143
0.3815413725490196
0.4150717142857143
0.2427544642857143
0.3815413725490196
0.4150717142857143
0.3361337
0.3150991304347826
0.31904335
0.3150991304347826
0.31904335
0.35904250000000004
0.30698533333333333
0.5381410983606558
0.3023130947368421
0.41427232710280376
0.3023130947368421
0.41427232710280376
0.285949303030303
0.2655185384615385
0.30154498507462685
0.285949303030303
0.2655185384615385
0.30154498507462685
0.285949303030303
0.2655185384615385
0.30154498507462685
0.32223073913043476
0.6324483606557376
0.28040535714285714
0.33816479487179485
0.3235395
0.33816479487179485
0.3235395
0.3467395652173913
0.3174041724137931
0.5427168260869566
0.2600218205128205
0.2957214285714286
0.27027630434782607
0.40834323437500003
0.27027630434782607
0.40834323437500003
0.33590533333333333
0.25034703999999997
0.3040143157894737
0.25034703999999997
0.3040143157894737
0.43731657692307696
0.37301264516129035
0.43731657692307696
0.37301264516129035
0.29250018518518517
0.3555597450980392
0.25566757500000004
0.29250018518518517
0.3555597450980392
0.25566757500000004
0.29250018518518517
0.3555597450980392
0.25566757500000004
0.29776352
0.37301950980392157
0.31895406896551726
0.37301950980392157
0.31895406896551726
0.32779051612903226
0.33363541176470585
0.4686540649350649
0.28915194642857145
0.6693599562937063
0.42023257894736843
0.3811750333333333
0.27169187878787876
0.48291631578947364
0.2966285
0.3679214814814815
0.2966285
0.3679214814814815
0.33034140540540535
0.3635634303797468
0.33034140540540535
0.3635634303797468
0.23294717391304348
0.343358
0.4383715494505494
0.3745689411764706
0.4104773924050633
0.343358
0.4383715494505494
0.3745689411764706
0.4104773924050633
0.343358
0.4383715494505494
0.3745689411764706
0.4104773924050633
0.343358
0.4383715494505494
0.3745689411764706
0.4104773924050633
0.21523183098591547
0.346346421875
0.4622562962962963
0.346346421875
0.4622562962962963
0.3217791568627451
0.43927949
0.50337875
0.543240904109589
0.43927949
0.50337875
0.543240904109589
0.43927949
0.50337875
0.543240904109589
0.4897733529411765
0.6441254212765958
0.3007686
0.305404
0.4075372911392405
0.3007686
0.305404
0.4075372911392405
0.3007686
0.305404
0.4075372911392405
0.25706127272727275
0.5994858440860216
0.4724814769736842
0.31606488888888884
0.3132018472222222
0.3087782380952381
0.27396492307692305
0.3875963913043478
0.3365728409090909
0.43151537037037035
0.3365728409090909
0.43151537037037035
0.29230990625
0.35270073333333335
0.4859641176470588
0.35270073333333335
0.4859641176470588
0.24630245454545455
0.2660753181818182
0.2930442857142857
0.24630245454545455
0.2660753181818182
0.2930442857142857
0.24630245454545455
0.2660753181818182
0.2930442857142857
0.4935680689655172
0.2659144375
0.2514766
0.3436222333333333
0.44653441304347824
0.3436222333333333
0.44653441304347824
0.3273166981132075
0.3283678888888889
0.28697786666666664
0.5222617772020725
0.36412741176470587
0.33204874468085105
0.2698105909090909
0.347026
0.4330623142857143
0.37445816129032256
0.47024018421052627
0.44837231297709923
0.3869450925925926
0.37299761728395064
0.37445816129032256
0.47024018421052627
0.44837231297709923
0.3869450925925926
0.37299761728395064
0.37445816129032256
0.47024018421052627
0.44837231297709923
0.3869450925925926
0.37299761728395064
0.37445816129032256
0.47024018421052627
0.44837231297709923
0.3869450925925926
0.37299761728395064
0.37445816129032256
0.47024018421052627
0.44837231297709923
0.3869450925925926
0.37299761728395064
0.32406668627450985
0.37908435384615385
0.32406668627450985
0.37908435384615385
0.2418907777777778
0.49465278151260506
0.31023884
0.4513668732394366
0.2670640701754386
0.4513668732394366
0.2670640701754386
0.4170172428571428
0.43588915
0.4170172428571428
0.43588915
0.38574623943661973
0.43388990909090913
0.3426751388888889
0.2678380454545454
0.26068502222222223
0.32971008421052633
0.26068502222222223
0.32971008421052633
0.3254696020408163
0.2940971
0.27411980198019803
0.5603610826086957
0.29192071428571426
0.2134142580645161
0.29192071428571426
0.2134142580645161
0.6893389699570815
0.32387505
0.29401894736842105
0.2839395625
0.26134936363636363
0.32387505
0.29401894736842105
0.2839395625
0.26134936363636363
0.32387505
0.29401894736842105
0.2839395625
0.26134936363636363
0.32387505
0.29401894736842105
0.2839395625
0.26134936363636363
0.31561147058823524
0.25839896
0.44789664705882354
0.29942905
0.44789664705882354
0.29942905
0.29752132
0.36145763636363637
0.3235720576923077
0.34508178431372555
0.29752132
0.36145763636363637
0.3235720576923077
0.34508178431372555
0.29752132
0.36145763636363637
0.3235720576923077
0.34508178431372555
0.29752132
0.36145763636363637
0.3235720576923077
0.34508178431372555
0.3815837368421053
0.35407435294117645
0.4081520379746835
0.35407435294117645
0.4081520379746835
0.2480345625
0.2498881304347826
0.3114774347826087
0.31665371428571426
0.3114774347826087
0.31665371428571426
0.35715626666666667
0.33556427777777775
0.35715626666666667
0.33556427777777775
0.29652454545454543
0.6080065526315789
0.2822155
0.4152059268292683
0.2822155
0.4152059268292683
0.4823974130434782
0.41192596875000004
0.40754275
0.4823974130434782
0.41192596875000004
0.40754275
0.4823974130434782
0.41192596875000004
0.40754275
0.2719352571428571
0.4529977333333334
0.3590666
0.35470215384615383
0.2871011153846154
0.24896317391304348
0.3267338947368421
0.37932483333333333
0.25668416
0.26313695
0.3765986086956522
0.2874935769230769
0.3734173164556962
0.3965795610859728
0.35710419047619046
0.28597517391304345
0.47932716666666664
0.7097201551724138
0.49281356363636364
0.3869401470588235
0.49281356363636364
0.3869401470588235
0.35017298484848486
0.3437929803921569
0.2508962857142857
0.48236415384615383
0.36840425217391304
0.8957970275862069
0.4510851212121212
0.27495583333333334
0.276445
0.276445
0.27495583333333334
0.276445
0.276445
0.27495583333333334
0.276445
0.276445
0.41757044444444447
0.38016966666666663
0.29412762068965514
0.2858617407407407
0.27234677777777777
0.5335198115183246
0.24017475
0.3791856470588235
0.27127799999999996
0.30047146153846155
0.8397561032608695
0.28567775
0.27218018518518516
0.32882172499999995
0.43394582407407406
0.441963025
0.26782659999999997
0.2857549705882353
0.32121706000000005
0.3278026666666667
0.32121706000000005
0.3278026666666667
0.3315854356435643
0.40153002469135807
0.3315854356435643
0.40153002469135807
0.26007310344827583
0.3628521153846154
0.8398067225433526
0.38412112903225804
0.44516466279069766
0.23303394736842106
0.6550761336206897
0.43813708333333334
0.2812462
0.31285999999999997
0.43154983870967745
0.425711
0.6220501139240506
0.425711
0.6220501139240506
0.2294041875
0.2540440487804878
0.24426641463414633
0.2294041875
0.2540440487804878
0.24426641463414633
0.2294041875
0.2540440487804878
0.24426641463414633
0.33913906666666666
0.6209237926829269
0.33913906666666666
0.6209237926829269
0.33700361904761905
0.26787820689655173
0.33039717241379307
0.22170194117647057
0.450069
0.37954743999999996
0.32452955
0.26903147727272725
0.32452955
0.26903147727272725
0.2635420952380952
0.2823115384615385
0.2635420952380952
0.2823115384615385
0.4948495714285714
0.42671555000000005
0.5604814285714286
0.5179412296296296
0.41830385185185187
0.369432
0.27274745
0.5106882272727273
0.3452034838709677
0.42345970588235293
0.3495073052631579
0.3431046
0.27135298181818185
0.3874744583333333
0.36427706
0.34863204
0.27135298181818185
0.3874744583333333
0.36427706
0.34863204
0.27135298181818185
0.3874744583333333
0.36427706
0.34863204
0.27135298181818185
0.3874744583333333
0.36427706
0.34863204
0.25877855
0.2617758
0.3768965681818182
0.2684471538461538
0.3768965681818182
0.2684471538461538
0.29592027027027024
0.22328458620689653
0.2684654375
0.3535341764705882
0.3315048235294118
0.30285045098039215
0.32766184210526317
0.3772398625
0.2535821923076923
0.380216164556962
0.2535821923076923
0.380216164556962
0.3227924347826087
0.3107385714285714
0.3673905411764706
0.3474924142857143
0.3227924347826087
0.3107385714285714
0.3673905411764706
0.3474924142857143
0.3227924347826087
0.3107385714285714
0.3673905411764706
0.3474924142857143
0.3227924347826087
0.3107385714285714
0.3673905411764706
0.3474924142857143
0.37933594444444446
0.38902004545454544
0.37933594444444446
0.38902004545454544
0.37724225714285714
0.30737756338028166
0.32053923529411765
0.30737756338028166
0.32053923529411765
0.562245945945946
0.4560605714285715
0.562245945945946
0.4560605714285715
0.47189815
0.45855026086956524
0.346616
0.27370941666666665
0.3530423235294118
0.35026399999999996
0.40614999999999996
0.346616
0.27370941666666665
0.3530423235294118
0.35026399999999996
0.40614999999999996
0.346616
0.27370941666666665
0.3530423235294118
0.35026399999999996
0.40614999999999996
0.346616
0.27370941666666665
0.3530423235294118
0.35026399999999996
0.40614999999999996
0.346616
0.27370941666666665
0.3530423235294118
0.35026399999999996
0.40614999999999996
0.38216633333333333
0.3310936153846154
0.26568151282051283
0.28655827272727274
0.26568151282051283
0.28655827272727274
0.27211717391304346
0.5061271061946903
0.27211717391304346
0.5061271061946903
0.28306990476190474
0.2784451111111111
0.36795046666666664
0.2784451111111111
0.36795046666666664
0.3213009333333333
0.34124441666666666
0.3544130625
0.3575693137254902
0.3213009333333333
0.34124441666666666
0.3544130625
0.3575693137254902
0.3213009333333333
0.34124441666666666
0.3544130625
0.3575693137254902
0.3213009333333333
0.34124441666666666
0.3544130625
0.3575693137254902
0.3041526
0.2761271282051282
0.33203737878787876
0.2770797333333333
0.5542378888888889
0.2861680689655172
0.2960672156862745
0.4110506626506024
0.42540958990536276
0.3844413333333333
0.36331775675675676
0.2701951875
0.5642731666666667
0.38771359259259264
0.3769681875
0.38771359259259264
0.3769681875
0.270143625
0.8273933398692811
0.5677767
0.47179135294117647
0.5677767
0.47179135294117647
0.3134906111111111
0.2849859375
0.3134906111111111
0.2849859375
0.25548296551724137
0.25812644999999995
0.25548296551724137
0.25812644999999995
0.2811447179487179
0.6875209537037037
0.2811447179487179
0.6875209537037037
0.319107568627451
0.3730849636363637
0.319107568627451
0.3730849636363637
0.4122716
0.3620702142857143
0.3716374375
0.27170236363636363
0.3204868607594937
0.27170236363636363
0.3204868607594937
0.38010849999999996
0.3461893962264151
0.3055420588235294
0.37693106603773585
0.26671354999999997
0.37693106603773585
0.26671354999999997
0.4576429411764706
0.3772712549019608
0.4576429411764706
0.3772712549019608
0.29391717647058824
0.5464330531914894
0.29391717647058824
0.5464330531914894
0.22929851648351646
0.32632516901408454
0.6135371376146789
0.31049512
0.2810829900990099
0.6064876829268293
0.2966831111111111
0.40615553846153846
0.3278205098039216
0.6985686165048544
0.32353115094339624
0.3743776226415094
0.32353115094339624
0.3743776226415094
0.3009623050847458
0.3603217142857143
0.3101751886792453
0.4213711733333333
0.3101751886792453
0.4213711733333333
0.24343641666666668
0.33975858333333336
0.26755851999999997
0.40225789361702124
0.31638723529411766
0.3168471470588235
0.40225789361702124
0.31638723529411766
0.3168471470588235
0.40225789361702124
0.31638723529411766
0.3168471470588235
0.31143329545454546
0.3131852
0.31143329545454546
0.3131852
0.42352103333333335
0.35952391304347825
0.27922374
0.3421994509803922
0.27922374
0.3421994509803922
0.42821432000000004
0.34133040909090906
0.42821432000000004
0.34133040909090906
0.24087536363636364
0.27218018518518516
0.34109980392156863
0.3184218666666666
0.4088145486725664
0.3391646
0.4088145486725664
0.3391646
0.23190694444444443
0.27370053846153847
0.32160823636363634
0.27370053846153847
0.32160823636363634
0.2374613888888889
0.27383779999999996
0.27144472000000003
0.2041745882352941
0.27383779999999996
0.27144472000000003
0.2041745882352941
0.27383779999999996
0.27144472000000003
0.2041745882352941
0.31032958620689655
0.4315181473684211
0.31032958620689655
0.4315181473684211
0.2619563454545455
0.37177266666666664
0.2539399259259259
0.269462294117647
0.3612702173913043
0.23827757894736842
0.5119616363636363
0.49943003448275863
0.5119616363636363
0.49943003448275863
0.2778573962264151
0.4297835542168675
0.2778573962264151
0.4297835542168675
0.25202447499999997
0.26865758139534884
0.26186990322580644
0.5258661212121212
0.3617448888888889
0.4680027185185185
0.3617448888888889
0.4680027185185185
0.47899182758620695
0.2398074285714286
0.3748331153846154
0.20750808928571426
0.2853915172413793
0.41318038095238097
0.2853915172413793
0.41318038095238097
0.2990758
0.26879445
0.3655777974683544
0.27264935714285715
0.35710419047619046
0.3071338571428571
0.41241529015544043
0.41425730031948876
0.3251153333333333
0.3370327619047619
0.3251153333333333
0.3370327619047619
0.2818558461538462
0.38615613513513514
0.3590909487179487
0.4139933
0.38615613513513514
0.3590909487179487
0.4139933
0.38615613513513514
0.3590909487179487
0.4139933
0.49998684146341466
0.45469554838709675
0.28207355
0.45469554838709675
0.28207355
0.3007246
0.4150856484375
0.3007246
0.4150856484375
0.26077132653061225
0.3567057
0.26997936
0.3567057
0.26997936
0.38537653846153846
0.2674611212121212
0.2489543636363636
0.23468568965517242
0.2836934545454545
0.5735534109589041
0.3343197916666667
0.21851767567567565
0.3343197916666667
0.21851767567567565
0.3323333137254902
0.3142731739130435
0.20771115624999997
0.342963987654321
0.44015494814814815
0.342963987654321
0.44015494814814815
0.2975967297297297
0.2603856
0.2729354358974359
0.327111
0.26258860714285714
0.36359256666666667
0.291028
0.43317034883720934
0.26400113636363637
0.301875
0.21283331034482758
0.27038686153846153
0.43187176666666666
0.27038686153846153
0.43187176666666666
0.2806506923076923
0.7942405203252032
0.32560274626865676
0.30783894594594596
0.43599428758169934
0.34623126086956524
0.3786422156862745
0.34623126086956524
0.3786422156862745
0.3909949811320755
0.4176503333333333
0.5835522258064516
0.3479953870967742
0.3568732666666667
0.3479953870967742
0.3568732666666667
0.5081265625
0.459464463800905
0.26961752
0.42793161963190185
0.26961752
0.42793161963190185
0.3182806909090909
0.3522261960784314
0.3182806909090909
0.3522261960784314
0.28814458333333337
0.44094706666666666
0.28814458333333337
0.44094706666666666
0.26646504545454547
0.30412233333333333
0.376648
0.30412233333333333
0.376648
0.31204999999999994
0.2868588888888889
0.31204999999999994
0.2868588888888889
0.27760484999999996
0.3570584117647059
0.31250524
0.3050201666666667
0.3837077878787879
0.29811291304347826
0.37286804347826086
0.39212860377358494
0.3863842156862745
0.29811291304347826
0.37286804347826086
0.39212860377358494
0.3863842156862745
0.29811291304347826
0.37286804347826086
0.39212860377358494
0.3863842156862745
0.29811291304347826
0.37286804347826086
0.39212860377358494
0.3863842156862745
0.3041471666666667
0.5522757222222222
0.2644902727272727
0.2874935769230769
0.28440190909090907
0.5489110588235294
0.3146286923076923
0.219294
0.3234359215686275
0.219294
0.3234359215686275
0.29366216666666667
0.2406261304347826
0.29366216666666667
0.2406261304347826
0.5478587761194029
0.45185152777777776
0.5478587761194029
0.45185152777777776
0.29048045454545457
0.26139703846153844
0.28734892727272726
0.2863616
0.5000472317596566
0.25733595652173913
0.40784564705882353
0.5302851208053692
0.40784564705882353
0.5302851208053692
0.29715706666666664
0.40304659420289857
0.35541062500000004
0.29715706666666664
0.40304659420289857
0.35541062500000004
0.29715706666666664
0.40304659420289857
0.35541062500000004
0.40996308108108104
0.25087326923076925
0.28395163157894737
0.31472766037735844
0.25087326923076925
0.28395163157894737
0.31472766037735844
0.25087326923076925
0.28395163157894737
0.31472766037735844
0.24271669999999998
0.38570832075471695
0.2720257555555555
0.571125399339934
0.2958636666666667
0.3902845857142857
0.30355340740740744
0.2418227659574468
0.28450412765957445
0.34857435294117645
0.30355340740740744
0.2418227659574468
0.28450412765957445
0.34857435294117645
0.30355340740740744
0.2418227659574468
0.28450412765957445
0.34857435294117645
0.30355340740740744
0.2418227659574468
0.28450412765957445
0.34857435294117645
0.24847066666666665
0.44296178787878787
0.2216749411764706
0.5985598301886793
0.4172938473895582
0.3105858235294118
0.2617962222222222
0.28404837499999996
0.3053422666666667
0.4268445416666667
0.28404837499999996
0.3053422666666667
0.4268445416666667
0.28404837499999996
0.3053422666666667
0.4268445416666667
0.26642285714285713
0.33750740322580647
0.382426672
0.3948080428571428
0.33750740322580647
0.382426672
0.3948080428571428
0.33750740322580647
0.382426672
0.3948080428571428
0.5684570967741935
0.28799840909090907
0.2920433484848485
0.6832992523364486
0.32617863888888887
0.25302241176470586
0.3413924516129032
0.3745764705882353
0.4097466022727273
0.25302241176470586
0.3413924516129032
0.3745764705882353
0.4097466022727273
0.25302241176470586
0.3413924516129032
0.3745764705882353
0.4097466022727273
0.25302241176470586
0.3413924516129032
0.3745764705882353
0.4097466022727273
0.24220140776699028
0.3119562962962963
0.4031120731707317
0.3064136904761905
0.3410877169811321
0.4127583921568627
0.4031120731707317
0.3064136904761905
0.3410877169811321
0.4127583921568627
0.4031120731707317
0.3064136904761905
0.3410877169811321
0.4127583921568627
0.4031120731707317
0.3064136904761905
0.3410877169811321
0.4127583921568627
0.4434698095238095
0.31783151612903227
0.2897619444444444
0.2755445652173913
0.4434698095238095
0.31783151612903227
0.2897619444444444
0.2755445652173913
0.4434698095238095
0.31783151612903227
0.2897619444444444
0.2755445652173913
0.4434698095238095
0.31783151612903227
0.2897619444444444
0.2755445652173913
0.34382374509803926
0.41116206666666666
0.2866500416666667
0.36501121875
0.31832552
0.26320564948453606
0.31832552
0.26320564948453606
0.25941675
0.24308586206896554
0.25941675
0.24308586206896554
0.35828983050847457
0.3699013157894737
0.2252028
0.3043008035714286
0.2252028
0.3043008035714286
0.40222020512820517
0.3313904
0.2543610789473685
0.30827817333333335
0.2543610789473685
0.30827817333333335
0.4253754705882353
0.277383
0.4568101533742331
0.277383
0.4568101533742331
0.22613024137931034
0.41765205438066466
0.37800725490196074
0.29028827450980393
0.33066936842105266
0.36578996296296296
0.33066936842105266
0.36578996296296296
0.2362381379310345
0.2937767333333333
0.5426451333333333
0.23639733333333332
0.41493664705882355
0.29770032
0.25387235
0.34938262809917353
0.2257904
0.41715898591549294
0.2905533928571429
0.2707112916666667
0.2905533928571429
0.2707112916666667
0.27052132
0.3688738076923077
0.4018937254901961
0.27052132
0.3688738076923077
0.4018937254901961
0.27052132
0.3688738076923077
0.4018937254901961
0.29363533333333336
0.23906716
0.29363533333333336
0.23906716
0.34468464
0.32677942857142855
0.28006653333333337
0.3753339814814815
0.3198233725490196
0.3233800465116279
0.3645026862745098
0.384807
0.3233800465116279
0.3645026862745098
0.384807
0.3233800465116279
0.3645026862745098
0.384807
0.29402663636363635
0.2340644
0.32693601960784313
0.2340644
0.32693601960784313
0.3788349666666667
0.2601525294117647
0.27215905405405405
0.36287526315789476
0.27215905405405405
0.36287526315789476
0.38353451162790697
0.42922227536231883
0.38353451162790697
0.42922227536231883
0.2532732307692308
0.3956771098901099
0.35843633962264154
0.3956771098901099
0.35843633962264154
0.4336535294117647
0.2725422631578947
0.2607545
0.3580764852941177
0.2607545
0.3580764852941177
0.34768822448979586
0.40175908928571424
0.27271012499999997
0.37837272727272725
0.30103465853658534
0.3542758
0.33853788461538464
0.30084950877192984
0.28064430434782606
0.3028507346938775
0.30084950877192984
0.28064430434782606
0.3028507346938775
0.30084950877192984
0.28064430434782606
0.3028507346938775
0.4669430625
0.20981441999999997
0.3876191848739496
0.20981441999999997
0.3876191848739496
0.25072808333333335
0.26996114814814814
0.3166455882352941
0.4504700833333333
0.40280513749999997
0.4504700833333333
0.40280513749999997
0.4587438
0.3198431034482758
0.3243133658536585
0.46908502747252745
0.4514400824742268
0.5845291235955056
0.2513588214285714
0.43060373333333335
0.28397604545454547
0.43060373333333335
0.28397604545454547
0.444246
0.37808223428571425
0.2856926
0.2277111111111111
0.2856926
0.2277111111111111
0.33163390196078435
0.25157539534883716
0.40262715686274514
0.25157539534883716
0.40262715686274514
0.3780451898734177
0.3659049019607843
0.37163080392156866
0.3780451898734177
0.3659049019607843
0.37163080392156866
0.3780451898734177
0.3659049019607843
0.37163080392156866
0.27465975
0.356842
0.2881037777777778
0.3032144509803921
0.2945176842105263
0.31350772549019607
0.2945176842105263
0.31350772549019607
0.439892006097561
0.731688178694158
0.3799496041666666
0.39679210416666666
0.2931266
0.270528
0.28048066666666666
0.270528
0.28048066666666666
0.43422427160493826
0.46341774683544307
0.39383038095238093
0.26256387999999997
0.7243792587412587
0.29730405263157894
0.4057187764705882
0.26077132653061225
0.28542038
0.27258048148148145
0.3794122983870968
0.3265079130434783
0.27258048148148145
0.3794122983870968
0.3265079130434783
0.27258048148148145
0.3794122983870968
0.3265079130434783
0.47489354545454543
0.5577112941176471
0.47489354545454543
0.5577112941176471
0.30746092
0.4550909162303665
0.28200925
0.3324734210526316
0.474647865470852
0.28200925
0.3324734210526316
0.474647865470852
0.28200925
0.3324734210526316
0.474647865470852
0.27168143396226413
0.40668784999999996
0.3535155094339622
0.40668784999999996
0.3535155094339622
0.2917766842105263
0.43496260909090906
0.2917766842105263
0.43496260909090906
0.3390186363636363
0.42635437623762373
0.3917909714285714
0.46333534951456307
0.42635437623762373
0.3917909714285714
0.46333534951456307
0.42635437623762373
0.3917909714285714
0.46333534951456307
0.7438899588235294
0.288839
0.3394533913043478
0.4450998130841122
0.3107125490196078
0.37380279245283016
0.3107125490196078
0.37380279245283016
0.29754828125
0.269582431372549
0.50616868
0.33104026666666664
0.50616868
0.33104026666666664
0.25711748333333334
0.2499561891891892
0.3028371382113821
0.30054355
0.3004323
0.30905658139534886
0.31005845098039214
0.38073511200000004
0.4521392
0.30905658139534886
0.31005845098039214
0.38073511200000004
0.4521392
0.30905658139534886
0.31005845098039214
0.38073511200000004
0.4521392
0.30905658139534886
0.31005845098039214
0.38073511200000004
0.4521392
0.2940565238095238
0.353104947368421
0.37233275
0.37755362264150943
0.353104947368421
0.37233275
0.37755362264150943
0.353104947368421
0.37233275
0.37755362264150943
0.3957203142857143
0.4433467709923664
0.5205175105633804
0.5204040606060606
0.3554871538461538
0.5204040606060606
0.3554871538461538
0.3311610588235294
0.27254395
0.22749360000000002
0.27254395
0.22749360000000002
0.46198813461538457
0.24049372727272728
0.29460908695652177
0.2607316923076923
0.5097291764705882
0.3652976111111111
0.37721777358490566
0.4721651754385965
0.3652976111111111
0.37721777358490566
0.4721651754385965
0.3652976111111111
0.37721777358490566
0.4721651754385965
0.43431699999999995
0.40316953333333333
0.5725947125
0.3787583333333333
0.35042482758620686
0.43537121367521364
0.326141
0.24023295238095238
0.2599254736842105
0.3146742105263158
0.33575646875
0.33370099999999997
0.30382453571428575
0.30476311111111115
0.2683866470588235
0.30476311111111115
0.2683866470588235
0.37278211392405064
0.3384548095238095
0.29326266666666667
0.4391874090909091
0.2539184
0.30664838095238095
0.23409341176470588
0.3543308115942029
0.30664838095238095
0.23409341176470588
0.3543308115942029
0.30664838095238095
0.23409341176470588
0.3543308115942029
0.3104346274509804
0.36424905
0.2849008648648649
0.37638965217391307
0.2617829130434783
0.3409550615384615
0.2692133255813953
0.2849008648648649
0.37638965217391307
0.2617829130434783
0.3409550615384615
0.2692133255813953
0.2849008648648649
0.37638965217391307
0.2617829130434783
0.3409550615384615
0.2692133255813953
0.2849008648648649
0.37638965217391307
0.2617829130434783
0.3409550615384615
0.2692133255813953
0.2849008648648649
0.37638965217391307
0.2617829130434783
0.3409550615384615
0.2692133255813953
0.2694285294117647
0.3678462459016394
0.30448397727272725
0.5005087486910995
0.32585095454545454
0.2694400243902439
0.2584942
0.3855474
0.2243124117647059
0.33672153125
0.37425533846153847
0.31730119047619043
0.3159544285714286
0.41124963999999997
0.4651700632183908
0.3159544285714286
0.41124963999999997
0.4651700632183908
0.3159544285714286
0.41124963999999997
0.4651700632183908
0.3622715909090909
0.2643476170212766
0.3622715909090909
0.2643476170212766
0.3782422075471698
0.2929133541666667
0.3782422075471698
0.2929133541666667
0.38424724545454547
0.38953203571428574
0.2651165789473684
0.38424724545454547
0.38953203571428574
0.2651165789473684
0.38424724545454547
0.38953203571428574
0.2651165789473684
0.5080541748251748
0.2456058947368421
0.23601511428571428
0.25950778125
0.22462767346938778
0.2456058947368421
0.23601511428571428
0.25950778125
0.22462767346938778
0.2456058947368421
0.23601511428571428
0.25950778125
0.22462767346938778
0.2456058947368421
0.23601511428571428
0.25950778125
0.22462767346938778
0.40553448979591833
0.28807434615384614
0.3311848157894737
0.449040738410596
0.3311848157894737
0.449040738410596
0.4389437218934911
0.5638279642857142
0.4389437218934911
0.5638279642857142
0.5675643846153846
0.27581695833333336
0.44800058441558444
0.48908797656249997
0.3016290625
0.27972714814814814
0.4755763589743589
0.3233800789473684
0.2744753181818182
0.29573390476190475
0.2744753181818182
0.29573390476190475
0.2527203736263736
0.3650031568627451
0.3875424470588235
0.2527203736263736
0.3650031568627451
0.3875424470588235
0.2527203736263736
0.3650031568627451
0.3875424470588235
0.39662431851851854
0.36646368656716416
0.21219491666666668
0.37794500000000003
0.25600765
0.3447358235294118
0.25600765
0.3447358235294118
0.3035374230769231
0.2803372608695653
0.39012503703703705
0.3765005432098765
0.45082833714285714
0.3188465238095238
0.45082833714285714
0.3188465238095238
0.22801788571428572
0.36711003448275864
0.28755192307692307
0.36711003448275864
0.28755192307692307
0.2519752580645161
0.31694951020408163
0.3869105625
0.35666249999999994
0.2519752580645161
0.31694951020408163
0.3869105625
0.35666249999999994
0.2519752580645161
0.31694951020408163
0.3869105625
0.35666249999999994
0.2519752580645161
0.31694951020408163
0.3869105625
0.35666249999999994
0.2784450181818182
0.3792447666666667
0.24155686363636367
0.2711632068965517
0.3368566666666667
0.3121214347826087
0.3368566666666667
0.3121214347826087
0.38448813924050634
0.3520717857142857
0.38448813924050634
0.3520717857142857
0.4028519090909091
0.28549246153846153
0.2969080909090909
0.28549246153846153
0.2969080909090909
0.28272536363636364
0.3435893205128205
0.28272536363636364
0.3435893205128205
0.38519942741935487
0.33911566666666665
0.38519942741935487
0.33911566666666665
0.397284064516129
0.31610373684210524
0.439747
0.31610373684210524
0.439747
0.28841134999999996
0.2625120285714286
0.3888316625
0.3052058208955224
0.2605503809523809
0.33399768292682924
0.33940874107142854
0.5335227083333334
0.31525558620689653
0.35970364516129033
0.2605503809523809
0.33399768292682924
0.33940874107142854
0.5335227083333334
0.31525558620689653
0.35970364516129033
0.2605503809523809
0.33399768292682924
0.33940874107142854
0.5335227083333334
0.31525558620689653
0.35970364516129033
0.2605503809523809
0.33399768292682924
0.33940874107142854
0.5335227083333334
0.31525558620689653
0.35970364516129033
0.2605503809523809
0.33399768292682924
0.33940874107142854
0.5335227083333334
0.31525558620689653
0.35970364516129033
0.2605503809523809
0.33399768292682924
0.33940874107142854
0.5335227083333334
0.31525558620689653
0.35970364516129033
0.2992405294117647
0.5088260701754386
0.6600011666666666
0.5088260701754386
0.6600011666666666
0.3863607727272727
0.4947006666666667
0.3136231785714286
0.4947006666666667
0.3136231785714286
0.3398667173913043
0.3837830675675676
0.434964672489083
0.46027829411764704
0.47995823428571427
0.434964672489083
0.46027829411764704
0.47995823428571427
0.434964672489083
0.46027829411764704
0.47995823428571427
0.3887956023391813
0.36415163636363634
0.35970161363636366
0.47208046666666664
0.3560486666666667
0.5908009375
0.35970161363636366
0.47208046666666664
0.3560486666666667
0.5908009375
0.35970161363636366
0.47208046666666664
0.3560486666666667
0.5908009375
0.35970161363636366
0.47208046666666664
0.3560486666666667
0.5908009375
0.34216678947368423
0.30191648979591834
0.3900261176470588
0.35258617857142854
0.43354721481481484
0.43682988607594936
0.43354721481481484
0.43682988607594936
0.43966660606060604
0.4502230294117647
0.43966660606060604
0.4502230294117647
0.24094553571428573
0.27926195
0.325638472972973
0.2608148518518519
0.325638472972973
0.2608148518518519
0.3534911388888889
0.36168977966101695
0.3534911388888889
0.36168977966101695
0.2935404545454545
0.2835908421052632
0.2783255
0.3128913442622951
0.4073328148148148
0.40197327672955974
0.392755375
0.29040009375
0.30471763636363636
0.392755375
0.29040009375
0.30471763636363636
0.392755375
0.29040009375
0.30471763636363636
0.222414
0.3948058484848485
0.4053675182186235
0.3096385909090909
0.25721015625
0.27525957692307695
0.3781958214285714
0.2681606
0.3781958214285714
0.2681606
0.3055161607142857
0.39772726804123715
0.4014154117647059
0.4177999183673469
0.3055161607142857
0.39772726804123715
0.4014154117647059
0.4177999183673469
0.3055161607142857
0.39772726804123715
0.4014154117647059
0.4177999183673469
0.3055161607142857
0.39772726804123715
0.4014154117647059
0.4177999183673469
0.26464638888888886
0.3660950476190476
0.49405826315789475
0.48666088461538465
0.40272874999999997
0.48666088461538465
0.40272874999999997
0.2650406896551724
0.36914276470588236
0.2650406896551724
0.36914276470588236
0.22798934210526317
0.3711773699421965
0.45594225
0.27593886666666667
0.3397763888888889
0.49974833333333335
0.5123880618556701
0.49974833333333335
0.5123880618556701
0.42067293333333333
0.3178235714285714
0.42067293333333333
0.3178235714285714
0.6183795020491804
0.35428566666666667
0.5757897910447761
0.6183795020491804
0.35428566666666667
0.5757897910447761
0.6183795020491804
0.35428566666666667
0.5757897910447761
0.4176755714285715
0.3744896
0.25588339393939397
0.3185055857142857
0.27848119444444447
0.42988174074074076
0.3167395217391304
0.32431647916666667
0.260461075
0.27530470588235295
0.426041075
0.3133452333333333
0.426041075
0.3133452333333333
0.40122071962616823
0.3919526818181818
0.5865980487804878
0.35365165909090907
0.5865980487804878
0.35365165909090907
0.370484
0.27380229629629627
0.31735576
0.22516625
0.31735576
0.22516625
0.2936707397260274
0.471498303030303
0.29913753571428575
0.42322076271186443
0.29913753571428575
0.42322076271186443
0.3019364
0.5043466636771301
0.33239853333333336
0.2990964857142857
0.30181505555555554
0.4689889786096257
0.35084916949152545
0.4689889786096257
0.35084916949152545
0.34675947058823525
0.45851521739130435
0.26896876
0.4401036734693878
0.4425456315789474
0.2922568545454546
0.32053425
0.30806425000000004
0.21480817142857142
0.31150056521739133
0.4824517232142857
0.21480817142857142
0.31150056521739133
0.4824517232142857
0.21480817142857142
0.31150056521739133
0.4824517232142857
0.5567114538461538
0.49857401754385966
0.6600011666666666
0.49857401754385966
0.6600011666666666
0.5210748333333333
0.36185377215189873
0.36716306451612907
0.36185377215189873
0.36716306451612907
0.6219787784810127
0.34133858333333333
0.6219787784810127
0.34133858333333333
0.41125667692307694
0.33602466666666664
0.41125667692307694
0.33602466666666664
0.267638
0.25215635714285717
0.38684296078431374
0.34712964150943393
0.30880114285714283
0.3749716585365854
0.3154821739130435
0.27918934782608695
0.3078729428571429
0.3749716585365854
0.3154821739130435
0.27918934782608695
0.3078729428571429
0.3749716585365854
0.3154821739130435
0.27918934782608695
0.3078729428571429
0.3749716585365854
0.3154821739130435
0.27918934782608695
0.3078729428571429
0.36155935
0.31234179687499997
0.36787363636363635
0.3645584117647059
0.36155935
0.31234179687499997
0.36787363636363635
0.3645584117647059
0.36155935
0.31234179687499997
0.36787363636363635
0.3645584117647059
0.36155935
0.31234179687499997
0.36787363636363635
0.3645584117647059
0.2647838823529412
0.3385894683544304
0.49365200000000004
0.27062535
0.3385894683544304
0.49365200000000004
0.27062535
0.3385894683544304
0.49365200000000004
0.27062535
0.5479695384615385
0.5772407333333334
0.5479695384615385
0.5772407333333334
0.22729070588235295
0.2600121388888889
0.3075574
0.32760466666666666
0.2914709166666667
0.32013956923076925
0.2848065789473684
0.45710219704433497
0.30659858333333334
0.27595785
0.30659858333333334
0.27595785
0.3559004375
0.5469025263157895
0.5333450980392156
0.5469025263157895
0.5333450980392156
0.31325488235294113
0.3098691304347826
0.31325488235294113
0.3098691304347826
0.251143875
0.5738335597014925
0.2585527083333333
0.5738335597014925
0.2585527083333333
0.6008159352941177
0.31868219607843135
0.4090003859649123
0.3130237142857143
0.4383469183673469
0.3025106
0.2956923703703704
0.4149246206896552
0.2956923703703704
0.4149246206896552
0.2887677333333334
0.3849156507936508
0.33330316363636364
0.3823453913043478
0.33330316363636364
0.3823453913043478
0.28497433333333333
0.42771566417910445
0.3665825454545455
0.22830971428571425
0.30079684
0.22830971428571425
0.30079684
0.5267499903846153
0.2381998524590164
0.45824627586206895
0.3501495531914893
0.32442384313725486
0.297146380952381
0.39515389999999995
0.3266241739130435
0.44440915
0.39515389999999995
0.3266241739130435
0.44440915
0.39515389999999995
0.3266241739130435
0.44440915
0.3040284761904762
0.29467533333333334
0.2320960925925926
0.5040407551020408
0.6475674636363636
0.36053016981132074
0.3481458275862069
0.35225743478260874
0.34962652173913045
0.4535677915407855
0.414974623853211
0.5308416686746987
0.27268592592592594
0.4653713238095238
0.27268592592592594
0.4653713238095238
0.263997
0.37162277108433733
0.3301781818181818
0.5454464594594594
0.3833001923076923
0.5454464594594594
0.3833001923076923
0.34187305882352936
0.38953926666666666
0.2852991428571428
0.3829363921568627
0.31789354901960787
0.3829363921568627
0.31789354901960787
0.2541153103448276
0.2531812191780822
0.2549036111111111
0.2531812191780822
0.2549036111111111
0.23701984615384616
0.35823466666666665
0.29955966666666667
0.30686230000000003
0.2804783809523809
0.5740041129032257
0.3133815
0.38100972
0.20475548780487807
0.26784352380952375
0.5263371041666667
0.3609377358490566
0.46169470466321244
0.3609377358490566
0.46169470466321244
0.3099550196078431
0.2097550857142857
0.3982105396825397
0.2097550857142857
0.3982105396825397
0.2958185555555556
0.292431
0.2958185555555556
0.292431
0.27681472
0.28516888235294113
0.3552170638297872
0.31827500000000003
0.2774212380952381
0.4359886
0.2774212380952381
0.4359886
0.2630367142857143
0.3317031764705882
0.27835031250000003
0.2630367142857143
0.3317031764705882
0.27835031250000003
0.2630367142857143
0.3317031764705882
0.27835031250000003
0.3070443157894737
0.3387538415841584
0.6004384102564102
0.3387538415841584
0.6004384102564102
0.8087049822064056
0.4070336503067485
0.3263206785714286
0.2718539574468085
0.3055925
0.29720044
0.25163266666666667
0.3304013571428571
0.2718539574468085
0.3055925
0.29720044
0.25163266666666667
0.3304013571428571
0.2718539574468085
0.3055925
0.29720044
0.25163266666666667
0.3304013571428571
0.2718539574468085
0.3055925
0.29720044
0.25163266666666667
0.3304013571428571
0.2718539574468085
0.3055925
0.29720044
0.25163266666666667
0.3304013571428571
0.3372647042253521
0.3025546862745098
0.2802184
0.30118741666666665
0.37048958490566036
0.2802184
0.30118741666666665
0.37048958490566036
0.2802184
0.30118741666666665
0.37048958490566036
0.34966010000000003
0.32794185
0.3270049571428571
0.3399781428571429
0.312218037037037
0.32794185
0.3270049571428571
0.3399781428571429
0.312218037037037
0.32794185
0.3270049571428571
0.3399781428571429
0.312218037037037
0.32794185
0.3270049571428571
0.3399781428571429
0.312218037037037
0.29669413725490196
0.3205111272727273
0.27067907142857145
0.45924143023255815
0.2929051568627451
0.3823265
0.3012090980392157
0.3421425333333333
0.36882625925925927
0.3793614705882353
0.4067342295081967
0.36882625925925927
0.3793614705882353
0.4067342295081967
0.36882625925925927
0.3793614705882353
0.4067342295081967
0.2641599
0.2950952
0.3281371764705882
0.6579059241706161
0.33270042857142856
0.46268947368421054
0.33270042857142856
0.46268947368421054
0.33962314141414146
0.3447494509803921
0.3235478
0.3261840769230769
0.22760919047619046
0.3076628421052632
0.3261840769230769
0.22760919047619046
0.3076628421052632
0.3261840769230769
0.22760919047619046
0.3076628421052632
0.3628028983050847
0.26954846875
0.2741495909090909
0.36126018867924525
0.2741495909090909
0.36126018867924525
0.47158135999999995
0.3378472391304348
0.3725506125
0.3378472391304348
0.3725506125
0.3139867254901961
0.47356220622568096
0.27111685185185186
0.25624399999999997
0.23555706666666668
0.27111685185185186
0.25624399999999997
0.23555706666666668
0.27111685185185186
0.25624399999999997
0.23555706666666668
0.42979471111111117
0.25094336666666667
0.2357885909090909
0.25094336666666667
0.2357885909090909
0.3753454444444444
0.25067236363636364
0.33064442857142856
0.25067236363636364
0.33064442857142856
0.2997952173913044
0.33889839215686274
0.2997952173913044
0.33889839215686274
0.34959851515151513
0.45046767391304343
0.38130641176470587
0.3468551764705882
0.34959851515151513
0.45046767391304343
0.38130641176470587
0.3468551764705882
0.34959851515151513
0.45046767391304343
0.38130641176470587
0.3468551764705882
0.34959851515151513
0.45046767391304343
0.38130641176470587
0.3468551764705882
0.3631727450980392
0.35507042857142856
0.357189691588785
0.38331762195121954
0.35507042857142856
0.357189691588785
0.38331762195121954
0.35507042857142856
0.357189691588785
0.38331762195121954
0.3357342
0.35436504166666666
0.37087334246575343
0.46537781781376514
0.35436504166666666
0.37087334246575343
0.46537781781376514
0.35436504166666666
0.37087334246575343
0.46537781781376514
0.2677249583333334
0.3465328039215686
0.34596017307692306
0.2677249583333334
0.3465328039215686
0.34596017307692306
0.2677249583333334
0.3465328039215686
0.34596017307692306
0.24538123076923077
0.29636349514563104
0.2847867037037037
0.2766133409090909
0.34900116
0.372339137254902
0.2766133409090909
0.34900116
0.372339137254902
0.2766133409090909
0.34900116
0.372339137254902
0.3500932682926829
0.40186883333333334
0.46575256666666665
0.43238117412935323
0.5726725065502183
0.46575256666666665
0.43238117412935323
0.5726725065502183
0.46575256666666665
0.43238117412935323
0.5726725065502183
0.24537428301886793
0.4478666923076923
0.31562517647058824
0.4478666923076923
0.31562517647058824
0.3475777837837838
0.422095401826484
0.3475777837837838
0.422095401826484
0.40523605263157897
0.3132482272727273
0.772280783464567
0.3268108490566038
0.296153431372549
0.3268108490566038
0.296153431372549
0.2312802
0.29099395833333336
0.2312802
0.29099395833333336
0.3031861111111111
0.31484989090909093
0.3031861111111111
0.31484989090909093
0.45889310714285714
0.34097373333333336
0.3884985254237288
0.45889310714285714
0.34097373333333336
0.3884985254237288
0.45889310714285714
0.34097373333333336
0.3884985254237288
0.3839090810810811
0.42833933333333335
0.3839090810810811
0.42833933333333335
0.2706159259259259
0.5751986882716049
0.306035431372549
0.3175900930232558
0.2612551923076923
0.2925369545454546
0.2941001
0.2925369545454546
0.2941001
0.23726596428571428
0.25526492307692306
0.5361866363636364
0.3856783275862069
0.3724517450980392
0.3856783275862069
0.3724517450980392
0.4678210666666667
0.4943342083333333
0.2805278965517241
0.4943342083333333
0.2805278965517241
0.34233980392156865
0.5140978467741936
0.42250033333333337
0.3442955294117647
0.5140978467741936
0.42250033333333337
0.3442955294117647
0.5140978467741936
0.42250033333333337
0.3442955294117647
0.2437340909090909
0.47562710169491523
0.39588136842105265
0.47562710169491523
0.39588136842105265
0.3026909545454546
0.3203723653846154
0.34018270588235294
0.3203723653846154
0.34018270588235294
0.2665111923076923
0.3137825
0.5354403666666667
0.3137825
0.5354403666666667
0.36941275
0.33057935294117646
0.36941275
0.33057935294117646
0.4543388638743455
0.26077132653061225
0.22602236111111107
0.288707
0.2624307105263158
0.2338146153846154
0.2624307105263158
0.2338146153846154
0.379247375
0.26678225
0.2615825
0.2973139310344828
0.27112283333333337
0.283331375
0.291443
0.32387332432432436
0.37591260869565213
0.3717334761904762
0.27934188
0.23839078571428574
0.5340345480769231
0.5931240875912408
0.5340345480769231
0.5931240875912408
0.41896555882352937
0.42470094999999997
0.41896555882352937
0.42470094999999997
0.4230256666666667
0.40984346052631576
0.2744405384615385
0.2966017195121951
0.4085675416666667
0.4234485098039215
0.41847008196721314
0.4085675416666667
0.4234485098039215
0.41847008196721314
0.4085675416666667
0.4234485098039215
0.41847008196721314
0.34122672727272724
0.35451027027027027
0.3522738260869565
0.2771977272727273
0.41607113043478267
0.32917078260869564
0.2771977272727273
0.41607113043478267
0.32917078260869564
0.2771977272727273
0.41607113043478267
0.32917078260869564
0.31389023188405796
0.5628536126126126
0.3844589230769231
0.5628536126126126
0.3844589230769231
0.41199261111111113
0.28707532258064516
0.6571022278481012
0.28707532258064516
0.6571022278481012
0.3920500769230769
0.3029014074074074
0.3920500769230769
0.3029014074074074
0.3279910476190476
0.26891488888888887
0.31161154901960786
0.3279910476190476
0.26891488888888887
0.31161154901960786
0.3279910476190476
0.26891488888888887
0.31161154901960786
0.3017301578947369
0.3445689444444444
0.37574667213114754
0.3294883725490196
0.4838439085714286
0.4095476666666667
0.244152
0.30360218181818177
0.24106886956521736
0.26742673333333333
0.34605085714285716
0.30360218181818177
0.24106886956521736
0.26742673333333333
0.34605085714285716
0.30360218181818177
0.24106886956521736
0.26742673333333333
0.34605085714285716
0.30360218181818177
0.24106886956521736
0.26742673333333333
0.34605085714285716
0.4263508518518519
0.4391420740740741
0.32462147058823526
0.4263508518518519
0.4391420740740741
0.32462147058823526
0.4263508518518519
0.4391420740740741
0.32462147058823526
0.5344005
0.566160590909091
0.32406212962962966
0.3347286862745098
0.30180033333333334
0.5555858507462687
0.2937976333333333
0.5555858507462687
0.2937976333333333
0.25539972222222224
0.267672
0.27444026666666665
0.29919915625
0.41123109803921565
0.35821955172413794
0.29919915625
0.41123109803921565
0.35821955172413794
0.29919915625
0.41123109803921565
0.35821955172413794
0.23359079545454547
0.33519766666666667
0.23359079545454547
0.33519766666666667
0.3167691228070175
0.4111890384615385
0.3167691228070175
0.4111890384615385
0.28423895238095237
0.30693134375000003
0.28423895238095237
0.30693134375000003
0.38327723809523806
0.4306993737373737
0.38327723809523806
0.4306993737373737
0.3347259
0.2659914418604651
0.32176871875
0.2659914418604651
0.32176871875
0.29843553191489364
0.632988885462555
0.29843553191489364
0.632988885462555
0.45821183950617284
0.34351076923076923
0.30394324137931034
0.34351076923076923
0.30394324137931034
0.3002359861111111
0.2605506086956522
0.3002359861111111
0.2605506086956522
0.2777120465116279
0.38375693670886074
0.3773601960784314
0.2909376274509804
0.28602475
0.2649333095238095
0.45383312000000003
0.4107334285714286
0.3388190588235294
0.3626613552631579
0.3388190588235294
0.3626613552631579
0.2789359090909091
0.2972470526315789
0.5094394660194175
0.29157305555555557
0.25998468750000003
0.29972995
0.27136562745098036
0.25998468750000003
0.29972995
0.27136562745098036
0.25998468750000003
0.29972995
0.27136562745098036
0.29334436
0.3957999038461538
0.4370333170731707
0.47881743137254906
0.29334436
0.3957999038461538
0.4370333170731707
0.47881743137254906
0.29334436
0.3957999038461538
0.4370333170731707
0.47881743137254906
0.29334436
0.3957999038461538
0.4370333170731707
0.47881743137254906
0.6895009270833333
0.3342268
0.42171634999999996
0.5930313629032258
0.2589812142857143
0.3302132222222222
0.25256642424242426
0.23292355999999997
0.4306193507853403
0.23292355999999997
0.4306193507853403
0.32263015217391305
0.687199269379845
0.284928
0.5014107987804878
0.284928
0.5014107987804878
0.6460176863905326
0.2706461968503937
0.33534344
0.207677
0.2706461968503937
0.33534344
0.207677
0.2706461968503937
0.33534344
0.207677
0.28427770588235296
0.37931503921568627
0.3695117464788732
0.28427770588235296
0.37931503921568627
0.3695117464788732
0.28427770588235296
0.37931503921568627
0.3695117464788732
0.4458128848167539
0.45334541176470583
0.3979219534883721
0.4458128848167539
0.45334541176470583
0.3979219534883721
0.4458128848167539
0.45334541176470583
0.3979219534883721
0.43894044444444447
0.6176743315412186
0.43894044444444447
0.6176743315412186
0.39332451470588237
0.43950414723926373
0.3654555544554456
0.39332451470588237
0.43950414723926373
0.3654555544554456
0.39332451470588237
0.43950414723926373
0.3654555544554456
0.27514882142857144
0.4342583225806451
0.34256734285714285
0.3433896981132075
0.43873100000000004
0.3433896981132075
0.43873100000000004
0.24136527777777778
0.2863905
0.2626946129032258
0.5091421666666667
0.5156537
0.5091421666666667
0.5156537
0.5836318550724637
0.4809489105058366
0.40624669696969695
0.28231630434782606
0.28545465000000003
0.28231630434782606
0.28545465000000003
0.32627030769230775
0.4949843734939759
0.32627030769230775
0.4949843734939759
0.28628507407407405
0.4300147796610169
0.2692275
0.32452558823529415
0.35071033333333335
0.3618603921568627
0.2692275
0.32452558823529415
0.35071033333333335
0.3618603921568627
0.2692275
0.32452558823529415
0.35071033333333335
0.3618603921568627
0.2692275
0.32452558823529415
0.35071033333333335
0.3618603921568627
0.4924956875
0.34358694285714286
0.4096682469135803
0.35725311764705886
0.34358694285714286
0.4096682469135803
0.35725311764705886
0.34358694285714286
0.4096682469135803
0.35725311764705886
0.5211007697841726
0.3288175652173913
0.5211007697841726
0.3288175652173913
0.36536236
0.36640696078431373
0.3834062549019608
0.36536236
0.36640696078431373
0.3834062549019608
0.36536236
0.36640696078431373
0.3834062549019608
0.35873933333333335
0.34394621568627454
0.3921715257731959
0.277473625
0.27181849999999996
0.3620647254901961
0.27181849999999996
0.3620647254901961
0.36100659183673467
0.45531553333333336
0.32746664999999997
0.45531553333333336
0.32746664999999997
0.3463945
0.36662755555555554
0.2307184117647059
0.285237619047619
0.35754573913043475
0.3266932894736842
0.34809336842105265
0.27806522222222224
0.3037993333333333
0.27806522222222224
0.3037993333333333
0.23861344999999998
0.6546069285714285
0.3060040196078431
0.35976969387755103
0.3060040196078431
0.35976969387755103
0.4321402105263158
0.3263774693877551
0.4237511875
0.3263774693877551
0.4237511875
0.2711598695652174
0.3497451
0.42294746666666666
0.28792985
0.2762493272727273
0.3543683125
0.32386265454545454
0.2752719411764706
0.28792985
0.2762493272727273
0.3543683125
0.32386265454545454
0.2752719411764706
0.28792985
0.2762493272727273
0.3543683125
0.32386265454545454
0.2752719411764706
0.28792985
0.2762493272727273
0.3543683125
0.32386265454545454
0.2752719411764706
0.28792985
0.2762493272727273
0.3543683125
0.32386265454545454
0.2752719411764706
0.3804638392857143
0.3134676625
0.3481352549019608
0.3134676625
0.3481352549019608
0.22669753846153845
0.3386286363636364
0.22669753846153845
0.3386286363636364
0.5649874623115578
0.2954727450980392
0.3332617843137255
0.2954727450980392
0.3332617843137255
0.28274543137254904
0.2528641025641026
0.2707485
0.28274543137254904
0.2528641025641026
0.2707485
0.28274543137254904
0.2528641025641026
0.2707485
0.5746860169491526
0.2636024782608696
0.32423016666666665
0.34594652941176474
0.407430862745098
0.34594652941176474
0.407430862745098
0.4054008623853211
0.3214272156862745
0.2805308
0.3304310888888889
0.4054008623853211
0.3214272156862745
0.2805308
0.3304310888888889
0.4054008623853211
0.3214272156862745
0.2805308
0.3304310888888889
0.4054008623853211
0.3214272156862745
0.2805308
0.3304310888888889
0.24686003703703704
0.3199794210526316
0.5664003333333334
0.45849931782945735
0.5664003333333334
0.45849931782945735
0.52193959375
0.30121711764705883
0.26674905
0.2972642105263158
0.26132248148148146
0.26817341666666666
0.324349625
0.3842296603773585
0.8658003110047847
0.3393967333333333
0.2947457777777778
0.6233889696969698
0.2947457777777778
0.6233889696969698
0.2917041509433962
0.34250667441860466
0.2917041509433962
0.34250667441860466
0.2930565357142857
0.415775
0.2930565357142857
0.415775
0.3580270952380952
0.3516528260869565
0.37442407894736845
0.3097618235294118
0.31140780392156864
0.3257639565217391
0.3486061764705883
0.31140780392156864
0.3257639565217391
0.3486061764705883
0.31140780392156864
0.3257639565217391
0.3486061764705883
0.3001759583333333
0.29652700000000004
0.534429840909091
0.5094581944444445
0.29652700000000004
0.534429840909091
0.5094581944444445
0.29652700000000004
0.534429840909091
0.5094581944444445
0.4724117288135593
0.30591878846153847
0.4724117288135593
0.30591878846153847
0.45052579148936167
0.3270486923076923
0.3862270740740741
0.3904537037037037
0.3862270740740741
0.3904537037037037
0.25333467857142855
0.21662404166666663
0.25333467857142855
0.21662404166666663
0.30950909803921567
0.26152865306122447
0.26673562790697675
0.26152865306122447
0.26673562790697675
0.23976244444444444
0.2878658292682927
0.4411508968253968
0.3127525
0.39003774038461536
0.3127525
0.39003774038461536
0.2467917
0.22278977941176473
0.2467917
0.22278977941176473
0.3184095
0.3410761333333333
0.2895822978723404
0.37213542857142856
0.2895822978723404
0.37213542857142856
0.2665325074626866
0.34886674509803917
0.36711309375
0.32394507843137255
0.31521265217391303
0.779542074074074
0.37537939449541285
0.3677904393939394
0.305821
0.4160118219178082
0.2942545172413793
0.26745638095238095
0.35637026086956525
0.3178790588235294
0.3084897
0.2758492448979592
0.3011702962962963
0.32389315686274506
0.3011702962962963
0.32389315686274506
0.2908698333333333
0.42669212500000003
0.3060237631578947
0.27173731460674155
0.5947011029900332
0.29807972222222223
0.32910070588235296
0.41912688000000003
0.5224652027027027
0.41912688000000003
0.5224652027027027
0.2913420588235294
0.3358793043478261
0.2801916896551724
0.2572261818181818
0.4880618666666667
0.26315365714285716
0.44880440000000005
0.4257774779411765
0.366178
0.44880440000000005
0.4257774779411765
0.366178
0.44880440000000005
0.4257774779411765
0.366178
0.31889737037037036
0.49341340476190476
0.4182479333333333
0.33142699999999997
0.4182479333333333
0.33142699999999997
0.24475117187499998
0.33231825490196076
0.24475117187499998
0.33231825490196076
0.32733471999999997
0.3884641176470588
0.5202313749999999
0.3884641176470588
0.5202313749999999
0.29740052173913045
0.3517179444444445
0.7397255046728971
0.29740052173913045
0.3517179444444445
0.7397255046728971
0.29740052173913045
0.3517179444444445
0.7397255046728971
0.273005
0.4068490476190476
0.2936897857142857
0.4068490476190476
0.2936897857142857
0.20356245714285714
0.373677552631579
0.20356245714285714
0.373677552631579
0.33868699999999996
0.2797596875
0.6672945
0.35603247058823534
0.4059814567901235
0.6091776068376069
0.25574962790697675
0.35693233333333335
0.25574962790697675
0.35693233333333335
0.2640783448275862
0.26443782608695654
0.3597041818181818
0.47360682608695653
0.3597041818181818
0.47360682608695653
0.3139672125
0.42696191666666666
0.3263780869565217
0.42696191666666666
0.3263780869565217
0.3813192857142857
0.33840882352941176
0.33443635294117646
0.4723726857142857
0.35415229629629624
0.5989941917808219
0.4723726857142857
0.35415229629629624
0.5989941917808219
0.4723726857142857
0.35415229629629624
0.5989941917808219
0.3990174285714285
0.46687939130434786
0.4492617021276596
0.3990174285714285
0.46687939130434786
0.4492617021276596
0.3990174285714285
0.46687939130434786
0.4492617021276596
0.26405418333333336
0.35176675
0.2768816470588235
0.22420065384615384
0.4897258938547486
0.32287001265822785
0.32389988235294115
0.343131
0.32287001265822785
0.32389988235294115
0.343131
0.32287001265822785
0.32389988235294115
0.343131
0.3316270263157895
0.3326293137254902
0.5251176428571428
0.688949015625
0.5251176428571428
0.688949015625
0.2982298333333333
0.2872351090909091
0.2982298333333333
0.2872351090909091
0.34026194444444446
0.299673
0.4220987692307692
0.3608314516129032
0.24129731250000003
0.3608314516129032
0.24129731250000003
0.271171125
0.6654700748663102
0.2503822888888889
0.30880125
0.6395905294117648
0.3814518987341772
0.3753378148148148
0.4387192688679245
0.3753378148148148
0.4387192688679245
0.30569615254237287
0.3852757327586207
0.29861352631578947
0.30569615254237287
0.3852757327586207
0.29861352631578947
0.30569615254237287
0.3852757327586207
0.29861352631578947
0.32955914285714283
0.44556510526315796
0.32955914285714283
0.44556510526315796
0.27945203125
0.3515063125
0.40157652272727273
0.41191975
0.33627388571428574
0.39355042241379307
0.3594895490196079
0.39355042241379307
0.3594895490196079
0.303498
0.3592759523809524
0.27074045
0.259966
0.46243206451612906
0.27074045
0.259966
0.46243206451612906
0.27074045
0.259966
0.46243206451612906
0.26474279166666664
0.37263661764705885
0.26474279166666664
0.37263661764705885
0.46454950833333336
0.3272025625
0.25428860416666665
0.3272025625
0.25428860416666665
0.3137913636363636
0.4072672148148148
0.3574878627450981
0.42053077118644067
0.3574878627450981
0.42053077118644067
0.2740005454545455
0.2830177894736842
0.2740005454545455
0.2830177894736842
0.26637575
0.504275062200957
0.34331347826086955
0.3296104
0.2890965882352941
0.3910109411764706
0.2890965882352941
0.3910109411764706
0.3219623921568628
0.32027498039215685
0.3671636310679611
0.3219623921568628
0.32027498039215685
0.3671636310679611
0.3219623921568628
0.32027498039215685
0.3671636310679611
0.24737935483870968
0.38263765306122444
0.3325113157894737
0.38263765306122444
0.3325113157894737
0.4731482857142857
0.3485593924050633
0.4214333333333333
0.3485593924050633
0.4214333333333333
0.29977356862745097
0.39004931249999997
0.3871731176470588
0.3470373333333333
0.36738635443037976
0.29275379999999995
0.39004931249999997
0.3871731176470588
0.3470373333333333
0.36738635443037976
0.29275379999999995
0.39004931249999997
0.3871731176470588
0.3470373333333333
0.36738635443037976
0.29275379999999995
0.39004931249999997
0.3871731176470588
0.3470373333333333
0.36738635443037976
0.29275379999999995
0.39004931249999997
0.3871731176470588
0.3470373333333333
0.36738635443037976
0.29275379999999995
0.2578038648648649
0.3142654705882353
0.3825179607843137
0.3142654705882353
0.3825179607843137
0.48319746153846155
0.4661512792792793
0.4318399160305344
0.5051326804123711
0.4661512792792793
0.4318399160305344
0.5051326804123711
0.4661512792792793
0.4318399160305344
0.5051326804123711
0.2875067826086956
0.4269062025316455
0.2875067826086956
0.4269062025316455
0.27112054545454545
0.39696894392523363
0.4253767426900585
0.39696894392523363
0.4253767426900585
0.29474300000000003
0.3931854509803921
0.29474300000000003
0.3931854509803921
0.4723523333333333
0.23624485294117648
0.34104839743589743
0.23624485294117648
0.34104839743589743
0.25716826086956524
0.23856806451612905
0.6996961181434599
0.6164456764705882
0.4065641764705883
0.6164456764705882
0.4065641764705883
0.22693063917525771
0.21759294736842105
0.22404362500000002
0.27606875
0.2748768823529412
0.22404362500000002
0.27606875
0.2748768823529412
0.22404362500000002
0.27606875
0.2748768823529412
0.264783
0.3099567567567567
0.5688938483965015
0.281596
0.3577945443037975
0.32772677777777776
0.4003595794392524
0.3148359607843137
0.32772677777777776
0.4003595794392524
0.3148359607843137
0.32772677777777776
0.4003595794392524
0.3148359607843137
0.33188988
0.24190017391304347
0.43440405000000004
0.353347641509434
0.24190017391304347
0.43440405000000004
0.353347641509434
0.24190017391304347
0.43440405000000004
0.353347641509434
0.5693231621621622
0.37837272727272725
0.2894842962962963
0.42709063999999997
0.3941450933333333
0.2894842962962963
0.42709063999999997
0.3941450933333333
0.2894842962962963
0.42709063999999997
0.3941450933333333
0.30856557142857144
0.4504116923076923
0.34772149999999996
0.3039725
0.3099722857142857
0.3039725
0.3099722857142857
0.35241163636363637
0.20444663636363636
0.2651369487179487
0.20444663636363636
0.2651369487179487
0.3814971538461538
0.35537638095238094
0.2873552571428571
0.35537638095238094
0.2873552571428571
0.5206550379146919
0.43106841304347826
0.323782
0.5206550379146919
0.43106841304347826
0.323782
0.5206550379146919
0.43106841304347826
0.323782
0.49858
0.31029780952380953
0.2671034761904762
0.46755567741935483
0.342458
0.47527265365853655
0.2671034761904762
0.46755567741935483
0.342458
0.47527265365853655
0.2671034761904762
0.46755567741935483
0.342458
0.47527265365853655
0.2671034761904762
0.46755567741935483
0.342458
0.47527265365853655
0.787138905
0.351672125
0.30326016666666666
0.38004916279069767
0.35427384000000006
0.607203739884393
0.4976791811023622
0.4530652272727273
0.4787703577981651
0.4530652272727273
0.4787703577981651
0.31384549019607844
0.2895414074074074
0.23474729032258063
0.2895414074074074
0.23474729032258063
0.24784748
0.2902018695652174
0.6325496631578947
0.30743305263157894
0.3225447962962963
0.4205675
0.30743305263157894
0.3225447962962963
0.4205675
0.30743305263157894
0.3225447962962963
0.4205675
0.36441874074074077
0.26950355263157894
0.36441874074074077
0.26950355263157894
0.32169742105263155
0.35325779999999996
0.39236208928571426
0.35594364197530864
0.35325779999999996
0.39236208928571426
0.35594364197530864
0.35325779999999996
0.39236208928571426
0.35594364197530864
0.3315778125
0.5486406764705882
0.5552028400000001
0.3805569189189189
0.38723141666666666
0.3805569189189189
0.38723141666666666
0.45380356488549617
0.2600653
0.2969882549019608
0.3720766862745098
0.2969882549019608
0.3720766862745098
0.3590608113207547
0.3027358461538462
0.34426083333333335
0.2747382156862745
0.37837272727272725
0.26353036842105265
0.28502726315789473
0.5431439726027397
0.32286090476190477
0.25941364285714286
0.38879125000000003
0.3389071875
0.24278195999999996
0.3445097450980392
0.35236900000000004
0.24695391666666666
0.21322262162162162
0.4896188695652174
0.48335904301075266
0.24856813636363637
0.3709965862068966
0.2749559166666667
0.4508595223880597
0.35259680392156867
0.3709965862068966
0.2749559166666667
0.4508595223880597
0.35259680392156867
0.3709965862068966
0.2749559166666667
0.4508595223880597
0.35259680392156867
0.3709965862068966
0.2749559166666667
0.4508595223880597
0.35259680392156867
0.3803667380952381
0.3182030303030303
0.3803667380952381
0.3182030303030303
0.3627804814814815
0.22972622727272726
0.4264443653846154
0.3154060188679245
0.34510895454545454
0.260478914893617
0.2773742222222222
0.3021877
0.20582502777777778
0.341950575
0.29683155
0.3120963823529412
0.2940623076923077
0.6660900131004367
0.3482225882352941
0.52400196
0.3640204313725491
0.6702797981651376
0.3839148974358974
0.51651525
0.3839148974358974
0.51651525
0.2794593913043478
0.2304308333333333
0.26888985
0.40110628571428575
0.43927351851851854
0.5998858343195267
0.5520923333333334
0.5998858343195267
0.5520923333333334
0.404196147826087
0.7890058241758242
0.5583465303867403
0.45779905
0.5583465303867403
0.45779905
0.87186977
0.5003448666666667
0.5463625961538462
0.5003448666666667
0.5463625961538462
0.33083453333333335
0.28967829166666664
0.29737046153846153
0.3756153962264151
0.28967829166666664
0.29737046153846153
0.3756153962264151
0.28967829166666664
0.29737046153846153
0.3756153962264151
0.44842475000000004
0.3145924390243902
0.29800579452054793
0.3487265
0.29800579452054793
0.3487265
0.39688764556962025
0.3384466470588235
0.3443100588235294
0.39688764556962025
0.3384466470588235
0.3443100588235294
0.39688764556962025
0.3384466470588235
0.3443100588235294
0.36997961764705883
0.31944771739130434
0.31844811538461537
0.31944771739130434
0.31844811538461537
0.37072719696969697
0.33640825
0.37032894736842104
0.3717220930232558
0.2483883
0.3717220930232558
0.2483883
0.3529190909090909
0.4028098543689321
0.38542724074074075
0.2946486666666666
0.3529190909090909
0.4028098543689321
0.38542724074074075
0.2946486666666666
0.3529190909090909
0.4028098543689321
0.38542724074074075
0.2946486666666666
0.3529190909090909
0.4028098543689321
0.38542724074074075
0.2946486666666666
0.367203
0.2575856875
0.367203
0.2575856875
0.4224540612244898
0.4845516392405063
0.4501931398601398
0.4470563026315789
0.383113
0.4845516392405063
0.4501931398601398
0.4470563026315789
0.383113
0.4845516392405063
0.4501931398601398
0.4470563026315789
0.383113
0.4845516392405063
0.4501931398601398
0.4470563026315789
0.383113
0.26146833333333336
0.6317667336448598
0.26146833333333336
0.6317667336448598
0.297595625
0.2815995909090909
0.4890546463414634
0.6876486627218935
0.31890162068965516
0.3024570909090909
0.7938907731958763
0.26196454838709676
0.5900847064846417
0.40539916666666664
0.3537437647058823
0.40539916666666664
0.3537437647058823
0.28851872972972975
0.4168579743589743
0.3806908
0.4168579743589743
0.3806908
0.2694691363636364
0.27919362264150943
0.42172063600000004
0.27919362264150943
0.42172063600000004
0.2600559677419355
0.2988685652173913
0.5029222612612613
0.2988685652173913
0.5029222612612613
0.3891255113636364
0.4328685906040269
0.3863460952380952
0.5045113106796116
0.4328685906040269
0.3863460952380952
0.5045113106796116
0.4328685906040269
0.3863460952380952
0.5045113106796116
0.345525125
0.26245571875
0.24156851694915255
0.3077198644067797
0.3800018064516129
0.3077198644067797
0.3800018064516129
0.3142557272727272
0.3493475490196078
0.3142557272727272
0.3493475490196078
0.5600605204991088
0.37259566666666666
0.2680396315789474
0.3543340952380952
0.5519814375
0.3543340952380952
0.5519814375
0.25661665
0.33955761904761905
0.3608834193548387
0.38217470588235297
0.38417436144578315
0.31295670833333333
0.38417436144578315
0.31295670833333333
0.3794857619047619
0.3372826229508197
0.33893812328767126
0.3531771176470588
0.3009367647058823
0.33893812328767126
0.3531771176470588
0.3009367647058823
0.33893812328767126
0.3531771176470588
0.3009367647058823
0.263528
0.38302652941176474
0.3052100357142857
0.4442988823529412
0.3052100357142857
0.4442988823529412
0.5338910743801653
0.32335818518518517
0.23075978571428574
0.3348629655172414
0.2083846
0.26871394871794874
0.2083846
0.26871394871794874
0.3562930476190476
0.5548835
0.3562930476190476
0.5548835
0.3784670434782608
0.43254648888888886
0.3784670434782608
0.43254648888888886
0.33413848
0.2687205652173913
0.37788468181818186
0.33413848
0.2687205652173913
0.37788468181818186
0.33413848
0.2687205652173913
0.37788468181818186
0.41850553333333335
0.37503925000000005
0.43075038036809815
0.37503925000000005
0.43075038036809815
0.3810468684210526
0.37677652941176476
0.3810468684210526
0.37677652941176476
0.26970089473684206
0.34769490000000003
0.26970089473684206
0.34769490000000003
0.3590474444444445
0.3623001898734177
0.3590474444444445
0.3623001898734177
0.30272923529411766
0.2754864285714286
0.3125065
0.2834142909090909
0.3125065
0.2834142909090909
0.522759902173913
0.29961543999999996
0.522759902173913
0.29961543999999996
0.6236596638655463
0.4900588823529412
0.33308013636363637
0.6236596638655463
0.4900588823529412
0.33308013636363637
0.6236596638655463
0.4900588823529412
0.33308013636363637
0.20276894736842105
0.25718665
0.37034573333333337
0.3517381875
0.32378968750000003
0.3387505652173913
0.3775679130434783
0.3158505
0.37034573333333337
0.3517381875
0.32378968750000003
0.3387505652173913
0.3775679130434783
0.3158505
0.37034573333333337
0.3517381875
0.32378968750000003
0.3387505652173913
0.3775679130434783
0.3158505
0.37034573333333337
0.3517381875
0.32378968750000003
0.3387505652173913
0.3775679130434783
0.3158505
0.37034573333333337
0.3517381875
0.32378968750000003
0.3387505652173913
0.3775679130434783
0.3158505
0.37034573333333337
0.3517381875
0.32378968750000003
0.3387505652173913
0.3775679130434783
0.3158505
0.27666777777777773
0.28441107843137253
0.27380229629629627
0.4023624705882353
0.3163431153846154
0.5158575599999999
0.2874723068181818
0.3918256133333333
0.2874723068181818
0.3918256133333333
0.30267985185185187
0.258534875
0.28085980555555556
0.258534875
0.28085980555555556
0.3208757272727273
0.2663067391304348
0.3208757272727273
0.2663067391304348
0.29374674285714286
0.4667688412698413
0.29374674285714286
0.4667688412698413
0.3039180909090909
0.5090304881889763
0.3288398833333333
0.31482896363636365
0.3288398833333333
0.31482896363636365
0.2736808823529412
0.33876187500000005
0.26505460869565217
0.29154625
0.2977105322580645
0.29154625
0.2977105322580645
0.38326255555555555
0.53511575
0.42008373417721523
0.35728466666666664
0.5324017157894737
0.35728466666666664
0.5324017157894737
0.3512609565217391
0.8773410714285714
0.308554875
0.3592834848484849
0.3101162333333333
0.22951786666666668
0.308554875
0.3592834848484849
0.3101162333333333
0.22951786666666668
0.308554875
0.3592834848484849
0.3101162333333333
0.22951786666666668
0.308554875
0.3592834848484849
0.3101162333333333
0.22951786666666668
0.5936957765363129
0.4104465789473684
0.5936957765363129
0.4104465789473684
0.5633043360000001
0.2958799420289855
0.3599236
0.5633043360000001
0.2958799420289855
0.3599236
0.5633043360000001
0.2958799420289855
0.3599236
0.43973613461538463
0.2710733913043478
0.3034600909090909
0.2806369577464789
0.3034600909090909
0.2806369577464789
0.29595338095238094
0.29281580645161287
0.3850729047619047
0.2756405
0.2717325185185185
0.39721599999999996
0.3078674090909091
0.3286301121495327
0.3264183125
0.40201166666666666
0.3286301121495327
0.3264183125
0.40201166666666666
0.3286301121495327
0.3264183125
0.40201166666666666
0.27074086153846155
0.4517273
0.3106352222222222
0.4517273
0.3106352222222222
0.23213614285714285
0.4438367727272727
0.564140590909091
0.44991589655172415
0.29388709090909093
0.27218018518518516
0.4527705625
0.2999734722222222
0.25266787500000004
0.2999734722222222
0.25266787500000004
0.3041397391304348
0.2564219130434783
0.438496
0.23118311111111112
0.2617697142857143
0.23386017241379312
0.2617697142857143
0.23386017241379312
0.20386357575757577
0.41655394444444444
0.3296405625
0.37334632
0.8120409245283019
0.34069415384615387
0.40949283544303794
0.34069415384615387
0.40949283544303794
0.3102273529411765
0.5127044152542373
0.7771734
0.36668607999999997
0.4313356081081081
0.26443845238095237
0.6061196548223351
0.3396637142857143
0.6265909031141869
0.24716100000000002
0.23545803333333334
0.24716100000000002
0.23545803333333334
0.7154842878787878
0.27420452727272726
0.7154842878787878
0.27420452727272726
0.29524066666666665
0.3126100520833333
0.4287560909090909
0.3737742380952381
0.35211970000000004
0.3671218076923077
0.30177176470588235
0.39003171604938275
0.30177176470588235
0.39003171604938275
0.2797631568627451
0.3576030980392157
0.36820407594936705
0.3178194285714286
0.2797631568627451
0.3576030980392157
0.36820407594936705
0.3178194285714286
0.2797631568627451
0.3576030980392157
0.36820407594936705
0.3178194285714286
0.2797631568627451
0.3576030980392157
0.36820407594936705
0.3178194285714286
0.31678750649350645
0.4047653982300885
0.2556158125
0.48968811764705883
0.31678750649350645
0.4047653982300885
0.2556158125
0.48968811764705883
0.31678750649350645
0.4047653982300885
0.2556158125
0.48968811764705883
0.31678750649350645
0.4047653982300885
0.2556158125
0.48968811764705883
0.3832146140350877
0.39429770731707314
0.58088675
0.33198833333333333
0.58088675
0.33198833333333333
0.3727048490566038
0.44092090625
0.3084898
0.35220205263157894
0.3084898
0.35220205263157894
0.6391132075471697
0.29214477272727274
0.46394362264150946
0.31562517647058824
0.46394362264150946
0.31562517647058824
0.2940053125
0.2658896333333333
0.23130358333333334
0.2658896333333333
0.23130358333333334
0.31794484
0.4274393879310345
0.568147243902439
0.45090729927007295
0.3024925
0.568147243902439
0.45090729927007295
0.3024925
0.568147243902439
0.45090729927007295
0.3024925
0.30229505
0.34194785
0.3246113103448276
0.34194785
0.3246113103448276
0.43661304545454543
0.4502804367816092
0.43661304545454543
0.4502804367816092
0.32244795238095236
0.409702
0.40946205185185186
0.3846958627450981
0.409702
0.40946205185185186
0.3846958627450981
0.409702
0.40946205185185186
0.3846958627450981
0.5015866875
0.38424050476190474
0.364136568627451
0.2661301578947369
0.32431620895522384
0.2771171052631579
0.32431620895522384
0.2771171052631579
0.45061933749999994
0.6762134150943396
0.45061933749999994
0.6762134150943396
0.2545914090909091
0.3225723
0.28687446875
0.411326225
0.3941005970149254
0.28687446875
0.411326225
0.3941005970149254
0.28687446875
0.411326225
0.3941005970149254
0.2557963
0.37704993333333336
0.2557963
0.37704993333333336
0.466183
0.25604717857142856
0.6634474478527608
0.29333207843137254
0.28842770588235295
0.33067265217391306
0.28842770588235295
0.33067265217391306
0.28229523809523804
0.2949973333333333
0.27731680392156866
0.38735891304347825
0.28512907843137253
0.27731680392156866
0.38735891304347825
0.28512907843137253
0.27731680392156866
0.38735891304347825
0.28512907843137253
0.3603981451612903
0.21287454285714286
0.3603981451612903
0.21287454285714286
0.31139560000000005
0.26859603773584906
0.38092744303797466
0.2756532857142857
0.3526406818181818
0.3809798125
0.2756532857142857
0.3526406818181818
0.3809798125
0.2756532857142857
0.3526406818181818
0.3809798125
0.2690135238095238
0.4342261612903226
0.35900663461538457
0.24562394736842105
0.35708590566037735
0.40808845398773
0.35708590566037735
0.40808845398773
0.3494557391304348
0.4719534144144144
0.2859443137254902
0.3356553529411765
0.737919531986532
0.7174957961432507
0.28978441304347824
0.7174957961432507
0.28978441304347824
0.37837272727272725
0.34121915999999997
0.3710661111111111
0.34121915999999997
0.3710661111111111
0.3462596
0.2621315714285714
0.33650392156862746
0.2621315714285714
0.33650392156862746
0.2745148095238095
0.37424257446808507
0.2745148095238095
0.37424257446808507
0.37350049999999996
0.3486720983606557
0.37350049999999996
0.3486720983606557
0.2581039130434783
0.26549970588235294
0.3022026
0.8630900154639175
0.2756985
0.37825104347826083
0.2756985
0.37825104347826083
0.2906843333333333
0.287734
0.41387746428571426
0.22390141025641028
0.2885823214285715
0.35483816000000007
0.22390141025641028
0.2885823214285715
0.35483816000000007
0.22390141025641028
0.2885823214285715
0.35483816000000007
0.31998735616438356
0.23538970588235292
0.29549362962962966
0.23538970588235292
0.29549362962962966
0.29859355
0.2863626896551724
0.5630183142857142
0.26588385
0.3085484285714286
0.32623349999999995
0.26748316666666666
0.36817293333333334
0.3767835319148936
0.37054191588785046
0.2862658695652174
0.25658016666666666
0.3449970769230769
0.40850991999999997
0.40458445283018873
0.25658016666666666
0.3449970769230769
0.40850991999999997
0.40458445283018873
0.25658016666666666
0.3449970769230769
0.40850991999999997
0.40458445283018873
0.25658016666666666
0.3449970769230769
0.40850991999999997
0.40458445283018873
0.30065607692307694
0.3525811224489796
0.34507458823529413
0.3342760980392157
0.3525811224489796
0.34507458823529413
0.3342760980392157
0.3525811224489796
0.34507458823529413
0.3342760980392157
0.2716790344827586
0.29723675
0.3599862962962963
0.2716790344827586
0.29723675
0.3599862962962963
0.2716790344827586
0.29723675
0.3599862962962963
0.2951752564102564
0.19848070512820515
0.30556099999999997
0.24294961904761905
0.34190702
0.24294961904761905
0.34190702
0.5492994579439252
0.454114
0.4838630438596491
0.5771372026143791
0.4838630438596491
0.5771372026143791
0.36549398947368417
0.3532853
0.3795627721518987
0.328160625
0.298675705882353
0.3795627721518987
0.328160625
0.298675705882353
0.3795627721518987
0.328160625
0.298675705882353
0.291746
0.261624625
0.35823784375
0.49702376315789476
0.261624625
0.35823784375
0.49702376315789476
0.261624625
0.35823784375
0.49702376315789476
0.3308166875
0.2301873728813559
0.3308166875
0.2301873728813559
0.23349358823529412
0.2627079
0.3488458823529412
0.37445007843137257
0.3488458823529412
0.37445007843137257
0.5282241119402985
0.24192671428571427
0.24652027272727273
0.5746368995983936
0.3379805555555555
0.2632389375
0.30415690476190477
0.34210258823529416
0.29514655263157896
0.37450885714285714
0.34210258823529416
0.29514655263157896
0.37450885714285714
0.34210258823529416
0.29514655263157896
0.37450885714285714
0.26916039999999997
0.3283313
0.4371927142857143
0.3283313
0.4371927142857143
0.2797366774193548
0.32872213725490196
0.2797366774193548
0.32872213725490196
0.20179917142857143
0.3523841568627451
0.26468975
0.28824113636363635
0.26468975
0.28824113636363635
0.32629125
0.34630423529411763
0.32629125
0.34630423529411763
0.3550460625
0.3879801818181818
0.3256198510638298
0.3550460625
0.3879801818181818
0.3256198510638298
0.3550460625
0.3879801818181818
0.3256198510638298
0.2674256551724138
0.27218018518518516
0.331449953125
0.3499777647058824
0.3529906078431373
0.3499777647058824
0.3529906078431373
0.2349840303030303
0.2291488787878788
0.2349840303030303
0.2291488787878788
0.22598734285714286
0.2912350862068966
0.347236
0.22598734285714286
0.2912350862068966
0.347236
0.22598734285714286
0.2912350862068966
0.347236
0.8262036878048781
0.2569106
0.3451418571428571
0.33963750980392154
0.2851038928571428
0.29372521739130436
0.2851038928571428
0.29372521739130436
0.49287205882352936
0.22321013636363632
0.3876195217391304
0.2569382037037037
0.4814202058823529
0.3876195217391304
0.2569382037037037
0.4814202058823529
0.3876195217391304
0.2569382037037037
0.4814202058823529
0.27163400000000004
0.27237814516129033
0.38363746
0.38151811764705884
0.388403568627451
0.27237814516129033
0.38363746
0.38151811764705884
0.388403568627451
0.27237814516129033
0.38363746
0.38151811764705884
0.388403568627451
0.27237814516129033
0.38363746
0.38151811764705884
0.388403568627451
0.42146952
0.512139871559633
0.3788382470588235
0.512139871559633
0.3788382470588235
0.30027715
0.24393313043478262
0.4423446732026144
0.5582839516129032
0.28005713793103443
0.23211316
0.7908396516129033
0.392706417721519
0.27944590476190473
0.24968745714285712
0.27964003846153845
0.24968745714285712
0.27964003846153845
0.38221047826086957
0.37837272727272725
0.6885320581818182
0.3485433809523809
0.3320201818181818
0.41353952
0.4189976734693877
0.24908865000000002
0.32004740677966104
0.24908865000000002
0.32004740677966104
0.2764198
0.3939781320754717
0.40371725490196075
0.34757027450980393
0.2764198
0.3939781320754717
0.40371725490196075
0.34757027450980393
0.2764198
0.3939781320754717
0.40371725490196075
0.34757027450980393
0.2764198
0.3939781320754717
0.40371725490196075
0.34757027450980393
0.21453446666666667
0.35166242857142854
0.21453446666666667
0.35166242857142854
0.3150001363636364
0.30980864705882355
0.3150001363636364
0.30980864705882355
0.24330167123287672
0.2808655185185185
0.24330167123287672
0.2808655185185185
0.46811861240310076
0.311963075
0.40267464556962024
0.35268367088607594
0.311963075
0.40267464556962024
0.35268367088607594
0.311963075
0.40267464556962024
0.35268367088607594
0.3186882040816327
0.36107869230769235
0.3186882040816327
0.36107869230769235
0.6488702215909091
0.24632715
0.27776435
0.2921586666666666
0.3336703188405797
0.3468477843137255
0.3662032745098039
0.3336703188405797
0.3468477843137255
0.3662032745098039
0.3336703188405797
0.3468477843137255
0.3662032745098039
0.31263799999999997
0.2532566153846154
0.2614169772727273
0.5882352222222222
0.46079620754716977
0.5882352222222222
0.46079620754716977
0.4804094780487805
0.24951088461538465
0.3539830588235294
0.42134009677419354
0.30052264
0.3982088117647059
0.36412888095238094
0.3982088117647059
0.36412888095238094
0.6373374360902255
0.309495625
0.5016737299999999
0.24129011111111112
0.3964714090909091
0.3356571666666666
0.3964714090909091
0.3356571666666666
0.2909495
0.30536987096774193
0.2909495
0.30536987096774193
0.28007037288135594
0.38815743137254904
0.28007037288135594
0.38815743137254904
0.35710419047619046
0.32871303846153843
0.4424075180722892
0.31902263636363637
0.4341850243902439
0.43176053658536584
0.3846851944444445
0.40268567567567565
0.43176053658536584
0.3846851944444445
0.40268567567567565
0.43176053658536584
0.3846851944444445
0.40268567567567565
0.3816631234567901
0.4339712173913044
0.29271677777777777
0.4339712173913044
0.29271677777777777
0.34042272727272727
0.2573808913043478
0.3089944255319149
0.2573808913043478
0.3089944255319149
0.47555365714285713
0.3606097619047619
0.27229808333333333
0.5694406363636363
0.29295204545454545
0.5694406363636363
0.29295204545454545
0.5832524
0.2791683888888889
0.3279459464285714
0.26593484615384616
0.4890980384615385
0.2637598108108108
0.47094176470588234
0.25875370588235297
0.24805026470588237
0.27590554545454543
0.2310066888888889
0.335555294117647
0.35232950909090904
0.32428148
0.27590554545454543
0.2310066888888889
0.335555294117647
0.35232950909090904
0.32428148
0.27590554545454543
0.2310066888888889
0.335555294117647
0.35232950909090904
0.32428148
0.27590554545454543
0.2310066888888889
0.335555294117647
0.35232950909090904
0.32428148
0.27590554545454543
0.2310066888888889
0.335555294117647
0.35232950909090904
0.32428148
0.3310392380952381
0.3579549523809524
0.2785709322033898
0.34043783333333333
0.3468432727272727
0.3226054
0.3468432727272727
0.3226054
0.6436756666666666
0.32188313636363636
0.3419935769230769
0.4207151121495327
0.33815912903225803
0.24150475
0.3933585287356322
0.4086642545454546
0.3933585287356322
0.4086642545454546
0.377055691588785
0.27808024
0.28770032142857144
0.48160888
0.3322711944444444
0.48160888
0.3322711944444444
0.8072848606557377
0.3454014848484848
0.38594155555555554
0.3913242941176471
0.3454014848484848
0.38594155555555554
0.3913242941176471
0.3454014848484848
0.38594155555555554
0.3913242941176471
0.49916199300699304
0.4425381711711712
0.49916199300699304
0.4425381711711712
0.3207873333333333
0.29967184
0.4034058156028369
0.46074037804878054
0.4263816634615385
0.3356840285714286
0.4034058156028369
0.46074037804878054
0.4263816634615385
0.3356840285714286
0.4034058156028369
0.46074037804878054
0.4263816634615385
0.3356840285714286
0.4034058156028369
0.46074037804878054
0.4263816634615385
0.3356840285714286
0.37837272727272725
0.36054760975609756
0.26027729166666663
0.3475263921568627
0.26027729166666663
0.3475263921568627
0.4664756285714286
0.22263647619047622
0.33273505999999997
0.22263647619047622
0.33273505999999997
0.3602181836734694
0.27660398039215683
0.24913123529411765
0.33831933333333336
0.24913123529411765
0.33831933333333336
0.6398457063829788
0.32534190196078433
0.29417373333333335
0.2670607
0.29417373333333335
0.2670607
0.32177706666666667
0.3475707358490566
0.28484000000000004
0.37837272727272725
0.3172675
0.2873130303030303
0.3172675
0.2873130303030303
0.3918906075949367
0.37669859615384615
0.3918906075949367
0.37669859615384615
0.48239899999999997
0.4345452916666667
0.2908108039215686
0.45742167153284674
0.2908108039215686
0.45742167153284674
0.283394
0.38345517931034484
0.2505944230769231
0.27659832142857144
0.2505944230769231
0.27659832142857144
0.4980065763888889
0.40551499999999996
0.2672929736842105
0.2599434761904762
0.25004945
0.35710419047619046
0.33187784
0.3018506
0.2915550303030303
0.33187784
0.3018506
0.2915550303030303
0.33187784
0.3018506
0.2915550303030303
0.28278695833333334
0.3205893508771929
0.4209960625
0.3329384545454545
0.3205893508771929
0.4209960625
0.3329384545454545
0.3205893508771929
0.4209960625
0.3329384545454545
0.3771426
0.39418956862745097
0.2638472444444444
0.40830717647058823
0.2638472444444444
0.40830717647058823
0.5108119109311741
0.40783976363636365
0.2445992962962963
0.3211908235294118
0.2445992962962963
0.3211908235294118
0.3397106176470588
0.3369258095238095
0.3397106176470588
0.3369258095238095
0.23881449999999999
0.32921575000000003
0.23881449999999999
0.32921575000000003
0.3428208518518518
0.5121839057591623
0.5999146000000001
0.25454327272727273
0.3657254761904762
0.2311866111111111
0.34879890196078434
0.3657254761904762
0.2311866111111111
0.34879890196078434
0.3657254761904762
0.2311866111111111
0.34879890196078434
0.3800075263157895
0.4446628823529412
0.26607
0.24759377272727273
0.2768194318181818
0.25480412
0.37928730188679244
0.43210166666666666
0.32538452083333336
0.25480412
0.37928730188679244
0.43210166666666666
0.32538452083333336
0.25480412
0.37928730188679244
0.43210166666666666
0.32538452083333336
0.25480412
0.37928730188679244
0.43210166666666666
0.32538452083333336
0.34390528571428575
0.5509980434782609
0.29941281481481485
0.5509980434782609
0.29941281481481485
0.2898237
0.37557086842105264
0.2823233333333333
0.37557086842105264
0.2823233333333333
0.28359553846153845
0.26419668
0.4355869658119658
0.220541625
0.3013922258064516
0.220541625
0.3013922258064516
0.26089713999999997
0.41939019607843137
0.38790515789473684
0.26089713999999997
0.41939019607843137
0.38790515789473684
0.26089713999999997
0.41939019607843137
0.38790515789473684
0.44897329629629623
0.3020562608695652
0.35924550000000005
0.44897329629629623
0.3020562608695652
0.35924550000000005
0.44897329629629623
0.3020562608695652
0.35924550000000005
0.3599257058823529
0.3508440649350649
0.35241161290322576
0.43599227325581397
0.34186357575757575
0.42499637037037036
0.34186357575757575
0.42499637037037036
0.24090604999999998
0.610520167400881
0.284137625
0.5436425792079208
0.610520167400881
0.284137625
0.5436425792079208
0.610520167400881
0.284137625
0.5436425792079208
0.28567827777777777
0.43807604347826085
0.4400352156862745
0.48218565217391307
0.4400352156862745
0.48218565217391307
0.44668585714285713
0.35524653333333334
0.3095689375
0.3645651764705882
0.35524653333333334
0.3095689375
0.3645651764705882
0.35524653333333334
0.3095689375
0.3645651764705882
0.2895295625
0.37462761904761904
0.5391851684210527
0.37462761904761904
0.5391851684210527
0.5179515
0.3913348
0.35561278571428573
0.3346135757575757
0.2192431935483871
0.24438004545454542
0.3346135757575757
0.2192431935483871
0.24438004545454542
0.3346135757575757
0.2192431935483871
0.24438004545454542
0.22441264705882355
0.26198382352941174
0.3562664901960784
0.26198382352941174
0.3562664901960784
0.4829724852941176
0.28403366666666663
0.2960453611111111
0.28136035000000004
0.5939001398305085
0.28136035000000004
0.5939001398305085
0.522222
0.31213478048780485
0.8202848692810457
0.3565290833333334
0.33484192307692306
0.2516884193548387
0.2983100392156863
0.5396603157894737
0.28807584999999997
0.300585125
0.41440577272727275
0.300585125
0.41440577272727275
0.29690126
0.32380450980392156
0.38042396078431373
0.32380450980392156
0.38042396078431373
0.24201414285714284
0.26797985915492956
0.40985132142857145
0.4353466129032258
0.3455401111111111
0.2902343658536585
0.3169823
0.3221837
0.3169823
0.3221837
0.39032391304347824
0.4257487431192661
0.30207119607843136
0.28008792156862744
0.39032391304347824
0.4257487431192661
0.30207119607843136
0.28008792156862744
0.39032391304347824
0.4257487431192661
0.30207119607843136
0.28008792156862744
0.39032391304347824
0.4257487431192661
0.30207119607843136
0.28008792156862744
0.2997584761904762
0.23014654545454546
0.28396747826086954
0.23014654545454546
0.28396747826086954
0.22088512121212123
0.2623934230769231
0.28844969230769235
0.22088512121212123
0.2623934230769231
0.28844969230769235
0.22088512121212123
0.2623934230769231
0.28844969230769235
0.24348470454545454
0.3934752631578947
0.32647188095238094
0.25058575609756095
0.3224898684210526
0.2947875833333333
0.3224898684210526
0.2947875833333333
0.49766547058823524
0.27195134782608693
0.30879165625
0.27195134782608693
0.30879165625
0.279664125
0.3106783125
0.6192300091743119
0.3951038461538462
0.49203323237597907
0.27999904545454546
0.30172058974358973
0.44162880952380956
0.327834
0.27999904545454546
0.30172058974358973
0.44162880952380956
0.327834
0.27999904545454546
0.30172058974358973
0.44162880952380956
0.327834
0.27999904545454546
0.30172058974358973
0.44162880952380956
0.327834
0.3498378780487805
0.4010855942028986
0.32591839215686275
0.2881371818181818
0.318269
0.2881371818181818
0.318269
0.23025657142857142
0.26940092000000004
0.37429718181818183
0.26940092000000004
0.37429718181818183
0.25495682258064517
0.27050890476190476
0.2709964117647059
0.40411926923076924
0.3684123125
0.3625399607843137
0.40411926923076924
0.3684123125
0.3625399607843137
0.40411926923076924
0.3684123125
0.3625399607843137
0.29049964705882353
0.3386002549019608
0.29049964705882353
0.3386002549019608
0.22099102702702705
0.4039993125
0.4256949361702128
0.22099102702702705
0.4039993125
0.4256949361702128
0.22099102702702705
0.4039993125
0.4256949361702128
0.2907918666666667
0.38358468539325846
0.42556440186915884
0.2907918666666667
0.38358468539325846
0.42556440186915884
0.2907918666666667
0.38358468539325846
0.42556440186915884
0.6114595153374233
0.38497374999999995
0.6114595153374233
0.38497374999999995
0.5800633
0.30839935
0.32014906896551726
0.30839935
0.32014906896551726
0.4896056470588235
0.5797111
0.2305089772727273
0.2969583125
0.2410892962962963
0.2798315714285714
0.4282831052631579
0.3790890784313725
0.2798315714285714
0.4282831052631579
0.3790890784313725
0.2798315714285714
0.4282831052631579
0.3790890784313725
0.283294301369863
0.3587847647058824
0.3272948604651163
0.38078150000000005
0.7282542240000001
0.28378730188679246
0.46179824299065425
0.4038544430379747
0.28378730188679246
0.46179824299065425
0.4038544430379747
0.28378730188679246
0.46179824299065425
0.4038544430379747
0.2312285769230769
0.2821242222222222
0.39823307317073176
0.35074200000000005
0.4489477216494845
0.35074200000000005
0.4489477216494845
0.310844380952381
0.278228756097561
0.310844380952381
0.278228756097561
0.6273533984962406
0.2602538
0.25763304761904765
0.2906837222222223
0.2355903870967742
0.2901279642857143
0.27820955555555554
0.2901279642857143
0.27820955555555554
0.22471813333333335
0.33975105555555557
0.2822086103896104
0.3505106153846154
0.6650577894736842
0.34883433333333336
0.23144499999999998
0.37301291999999997
0.27065110000000003
0.27806643999999997
0.35549713725490195
0.27806643999999997
0.35549713725490195
0.2938065217391304
0.34350627397260275
0.41792001010101015
0.30838676
0.341897
0.31097029411764704
0.3052195
0.2839864210526316
0.44624359477124187
0.3887754938271605
0.44624359477124187
0.3887754938271605
0.398724875
0.39304155
0.398724875
0.39304155
0.34932895918367346
0.2872161428571428
0.3990701282051282
0.48305754838709675
0.24183016666666668
0.2766203
0.22386787499999997
0.40553746511627903
0.45818504713804714
0.23211636666666666
0.2474754375
0.2879349
0.37837272727272725
0.3707274705882353
0.5086516111111111
0.5941739067055394
0.5086516111111111
0.5941739067055394
0.4225575
0.290290125
0.38860410714285715
0.34223643000000004
0.38860410714285715
0.34223643000000004
0.4172882608695652
0.4160918102189781
0.3204254411764706
0.3341707058823529
0.3283586
0.3806256666666667
0.35769524999999996
0.1971378378378378
0.27103447619047616
0.26679640625
0.35769524999999996
0.1971378378378378
0.27103447619047616
0.26679640625
0.35769524999999996
0.1971378378378378
0.27103447619047616
0.26679640625
0.35769524999999996
0.1971378378378378
0.27103447619047616
0.26679640625
0.3125314827586207
0.5299475784615385
0.3125314827586207
0.5299475784615385
0.41025074233128833
0.285228
0.2428987727272727
0.285228
0.2428987727272727
0.34745170000000003
0.4185037957746479
0.3429814098360656
0.4987015806451613
0.3105219375
0.4987015806451613
0.3105219375
0.3357412716049383
0.3435796862745098
0.27963026470588237
0.3357412716049383
0.3435796862745098
0.27963026470588237
0.3357412716049383
0.3435796862745098
0.27963026470588237
0.5628513
0.3835915882352941
0.5191840869565217
0.5671621592356688
0.5684803978494624
0.5671621592356688
0.5684803978494624
0.43919160344827585
0.28140977272727274
0.43919160344827585
0.28140977272727274
0.32665222807017547
0.2567488333333333
0.29879130000000004
0.3226947333333333
0.23464153846153848
0.39537391379310344
0.40301112499999997
0.38849089830508476
0.3152863770491803
0.3210293703703704
0.2463888260869565
0.3210293703703704
0.2463888260869565
0.29523173913043477
0.26481856
0.47882818726591764
0.29828436
0.47882818726591764
0.29828436
0.2547908695652174
0.3178683125
0.2676899
0.2547908695652174
0.3178683125
0.2676899
0.2547908695652174
0.3178683125
0.2676899
0.2511803125
0.3214330344827586
0.24243346153846151
0.2846582272727272
0.3082185111111111
0.5062925576923077
0.4643020625
0.28685535
0.3797478148148148
0.3330767142857143
0.38207988235294116
0.2863328888888889
0.30508129629629627
0.27732242105263155
0.26558716666666665
0.3705495915492958
0.280463
0.290656825
0.31023637254901965
0.290656825
0.31023637254901965
0.45234775862068966
0.526760766798419
0.26375111392405065
0.42756381818181816
0.26375111392405065
0.42756381818181816
0.40904050000000003
0.33078973469387757
0.32893995833333334
0.27931176470588237
0.33580384375
0.30835694999999996
0.33580384375
0.30835694999999996
0.27172244
0.31756133333333336
0.3435283809523809
0.31756133333333336
0.3435283809523809
0.33009655
0.43665333333333334
0.3480700909090909
0.4028171914893617
0.33009655
0.43665333333333334
0.3480700909090909
0.4028171914893617
0.33009655
0.43665333333333334
0.3480700909090909
0.4028171914893617
0.33009655
0.43665333333333334
0.3480700909090909
0.4028171914893617
0.40680439999999995
0.32382460784313727
0.37346813725490197
0.32382460784313727
0.37346813725490197
0.38921102564102567
0.26956104545454546
0.39919778260869565
0.44580448255813954
0.26956104545454546
0.39919778260869565
0.44580448255813954
0.26956104545454546
0.39919778260869565
0.44580448255813954
0.3173987916666667
0.588629951417004
0.3173987916666667
0.588629951417004
0.21541222222222223
0.25661214285714284
0.30959966666666666
0.21541222222222223
0.25661214285714284
0.30959966666666666
0.21541222222222223
0.25661214285714284
0.30959966666666666
0.3189457083333333
0.25363663636363637
0.26704633333333333
0.27728176923076925
0.39076525
0.27728176923076925
0.39076525
0.36294695652173914
0.33122379999999996
0.38668525
0.33122379999999996
0.38668525
0.35058480392156866
0.47492632727272727
0.35058480392156866
0.47492632727272727
0.34163901960784315
0.35560879629629627
0.34163901960784315
0.35560879629629627
0.2587251304347826
0.25542255555555554
0.2999224705882353
0.3549874705882353
0.2782629761904762
0.4327887777777778
0.2999224705882353
0.3549874705882353
0.2782629761904762
0.4327887777777778
0.2999224705882353
0.3549874705882353
0.2782629761904762
0.4327887777777778
0.2999224705882353
0.3549874705882353
0.2782629761904762
0.4327887777777778
0.37837272727272725
0.7306321899224807
0.2813283636363636
0.2652524444444444
0.2787718181818182
0.32476992499999996
0.2349785238095238
0.2352418
0.2349785238095238
0.2352418
0.32115937499999997
0.316352
0.2673464
0.2529762380952381
0.2700431463414634
0.3149945625
0.2670641176470588
0.2700431463414634
0.3149945625
0.2670641176470588
0.2700431463414634
0.3149945625
0.2670641176470588
0.29146697368421054
0.337547375
0.31449332183908046
0.3376701081081081
0.37180592156862746
0.3734923137254902
0.385052
0.3376701081081081
0.37180592156862746
0.3734923137254902
0.385052
0.3376701081081081
0.37180592156862746
0.3734923137254902
0.385052
0.3376701081081081
0.37180592156862746
0.3734923137254902
0.385052
0.34947552380952385
0.29730328
0.6077836285714285
0.6343606520833334
0.35843049999999993
0.558019906403941
0.6343606520833334
0.35843049999999993
0.558019906403941
0.6343606520833334
0.35843049999999993
0.558019906403941
0.4996891290322581
0.4723378484848485
0.4996891290322581
0.4723378484848485
0.5364525
0.40329545
0.3866168484848485
0.37831316216216215
0.3884407721518987
0.33806098
0.3866168484848485
0.37831316216216215
0.3884407721518987
0.33806098
0.3866168484848485
0.37831316216216215
0.3884407721518987
0.33806098
0.3866168484848485
0.37831316216216215
0.3884407721518987
0.33806098
0.3681851728395062
0.43212983486238526
0.3681851728395062
0.43212983486238526
0.33228595
0.266671
0.2781186363636364
0.3247842075471698
0.266671
0.2781186363636364
0.3247842075471698
0.266671
0.2781186363636364
0.3247842075471698
0.45211361920529797
0.37297370588235296
0.24977804000000003
0.2736172
0.36210499999999995
0.3485995063291139
0.4427338709677419
0.8644939558823529
0.35764016
0.26625465
0.46490772
0.33928171999999995
0.314695
0.35380471153846155
0.314695
0.35380471153846155
0.22764883783783785
0.24116832352941178
0.24788017391304348
0.24116832352941178
0.24788017391304348
0.412227640167364
0.4209757160493827
0.412227640167364
0.4209757160493827
0.55984927
0.38604282142857144
0.32909950000000004
0.25440891304347824
0.32909950000000004
0.25440891304347824
0.23480376666666666
0.35913252631578946
0.25717825
0.35913252631578946
0.25717825
0.4197120476190476
0.34521177999999997
0.4197120476190476
0.34521177999999997
0.2423209375
0.7078756242236024
0.3050191111111111
0.3274819285714286
0.7078756242236024
0.3050191111111111
0.3274819285714286
0.7078756242236024
0.3050191111111111
0.3274819285714286
0.34837170967741937
0.3553649523809524
0.4788305348837209
0.42396691428571426
0.34837170967741937
0.3553649523809524
0.4788305348837209
0.42396691428571426
0.34837170967741937
0.3553649523809524
0.4788305348837209
0.42396691428571426
0.34837170967741937
0.3553649523809524
0.4788305348837209
0.42396691428571426
0.28327926
0.3930926862745098
0.28327926
0.3930926862745098
0.32116696
0.3667684736842105
0.3363939078947369
0.3667684736842105
0.3363939078947369
0.36190755555555554
0.342599625
0.4599354814814815
0.342599625
0.4599354814814815
0.5630475142857142
0.3172327058823529
0.3439249873417721
0.4323202195121951
0.44451938333333335
0.4323202195121951
0.44451938333333335
0.3336324583333334
0.2844004444444444
0.3336324583333334
0.2844004444444444
0.2534360434782609
0.36444681355932207
0.45257925
0.36444681355932207
0.45257925
0.43727729130434784
0.37796447826086954
0.39640009090909095
0.43727729130434784
0.37796447826086954
0.39640009090909095
0.43727729130434784
0.37796447826086954
0.39640009090909095
0.2694076818181818
0.3476481764705882
0.2694076818181818
0.3476481764705882
0.4245107819548872
0.4892398041237113
0.4245107819548872
0.4892398041237113
0.38637751785714286
0.2540503103448276
0.2644892272727273
0.26925570833333334
0.37021196
0.34270216
0.26925570833333334
0.37021196
0.34270216
0.26925570833333334
0.37021196
0.34270216
0.5153352432432432
0.26258855000000003
0.2680079
0.3183890476190476
0.4762123428571429
0.3183890476190476
0.4762123428571429
0.44017261904761906
0.2967534307692308
0.37911968749999997
0.3945230888888889
0.38415143999999996
0.5611855
0.4219829130434783
0.5449313409090909
0.4219829130434783
0.5449313409090909
0.241971
0.2733075909090909
0.45319573357664233
0.42267335714285714
0.4194851568627451
0.34207333333333334
0.307505137254902
0.4194851568627451
0.34207333333333334
0.307505137254902
0.4194851568627451
0.34207333333333334
0.307505137254902
0.3191169607843138
0.3731544329896907
0.3191169607843138
0.3731544329896907
0.5559145611940298
0.5585415674157304
0.3925607058823529
0.4605787272727273
0.5585415674157304
0.3925607058823529
0.4605787272727273
0.5585415674157304
0.3925607058823529
0.4605787272727273
0.8289092312138728
0.3970365
0.31638723529411766
0.3168471470588235
0.3970365
0.31638723529411766
0.3168471470588235
0.3970365
0.31638723529411766
0.3168471470588235
0.36646368656716416
0.24482776470588236
0.48497456603773587
0.24907913636363635
0.27931363380281693
0.24337713333333333
0.25284575
0.4200007894736842
0.33808002941176474
0.5519026909090909
0.33808002941176474
0.5519026909090909
0.31390494444444444
0.30841413636363635
0.3072441739130435
0.31390494444444444
0.30841413636363635
0.3072441739130435
0.31390494444444444
0.30841413636363635
0.3072441739130435
0.28324932
0.3689649344262295
0.28324932
0.3689649344262295
0.35428186274509804
0.3405823333333333
0.2019534
0.27325751219512195
0.3619188148148148
0.27325751219512195
0.3619188148148148
0.38886612612612614
0.2994096666666667
0.4255126962025316
0.36342722222222223
0.2755495
0.25763069565217395
0.3608701384615384
0.25763069565217395
0.3608701384615384
0.29406566
0.4240644049079755
0.29406566
0.4240644049079755
0.3084293888888889
0.25640325
0.5721169642857143
0.5899103214285715
0.29178427500000004
0.5899103214285715
0.29178427500000004
0.3031183076923077
0.2846696
0.4240332879581152
0.2846696
0.4240332879581152
0.35112015625
0.23677456818181816
0.2991095098039216
0.28085550000000004
0.28430309375
0.4423952695652174
0.5024305327868853
0.34517923529411765
0.5024305327868853
0.34517923529411765
0.46114704657534245
0.6456881760299625
0.2670275365853658
0.3533842619047619
0.38446525
0.3600964
0.21101439285714285
0.2670275365853658
0.3533842619047619
0.38446525
0.3600964
0.21101439285714285
0.2670275365853658
0.3533842619047619
0.38446525
0.3600964
0.21101439285714285
0.2670275365853658
0.3533842619047619
0.38446525
0.3600964
0.21101439285714285
0.2670275365853658
0.3533842619047619
0.38446525
0.3600964
0.21101439285714285
0.5490686842105262
0.4478560431034483
0.5490686842105262
0.4478560431034483
0.3443530379746836
0.4517411696969697
0.3443530379746836
0.4517411696969697
0.28124923809523805
0.7834366707920792
0.3981959285714286
0.7834366707920792
0.3981959285714286
0.2718730625
0.2823358695652174
0.3046334905660378
0.3352771333333333
0.2718730625
0.2823358695652174
0.3046334905660378
0.3352771333333333
0.2718730625
0.2823358695652174
0.3046334905660378
0.3352771333333333
0.2718730625
0.2823358695652174
0.3046334905660378
0.3352771333333333
0.380195
0.29662031578947373
0.380195
0.29662031578947373
0.31009033333333336
0.46860440151515154
0.31009033333333336
0.46860440151515154
0.6253058282442748
0.31934686274509805
0.2583382
0.8379070535714286
0.31338126470588235
0.37802019047619045
0.31338126470588235
0.37802019047619045
0.4773665846994536
0.34393298039215686
0.4773665846994536
0.34393298039215686
0.32400386363636363
0.2994724545454545
0.32400386363636363
0.2994724545454545
0.3136710392156863
0.35660234146341463
0.3136710392156863
0.35660234146341463
0.25462736956521737
0.30835665384615385
0.5910240945121952
0.3689206346153846
0.28762980000000005
0.4147198
0.32301795999999994
0.4147198
0.32301795999999994
0.29908605555555556
0.34292490909090906
0.29908605555555556
0.34292490909090906
0.34970614
0.40316805154639174
0.47613945454545453
0.34970614
0.40316805154639174
0.47613945454545453
0.34970614
0.40316805154639174
0.47613945454545453
0.43045683464566925
0.383246875
0.294372776119403
0.37501952000000005
0.42590739285714285
0.20846078571428572
0.42590739285714285
0.20846078571428572
0.30058339999999995
0.36167595238095235
0.30058339999999995
0.36167595238095235
0.40110939622641506
0.29278108333333336
0.3270470909090909
0.29678630434782605
0.30013671875
0.3270470909090909
0.29678630434782605
0.30013671875
0.3270470909090909
0.29678630434782605
0.30013671875
0.30858307999999995
0.31161237837837835
0.3163233921568627
0.30858307999999995
0.31161237837837835
0.3163233921568627
0.30858307999999995
0.31161237837837835
0.3163233921568627
0.8881728363636364
0.3535076603773585
0.2980606
0.5793694025157233
0.3316304285714286
0.3338501679389313
0.394599568627451
0.43529072549019604
0.3338501679389313
0.394599568627451
0.43529072549019604
0.3338501679389313
0.394599568627451
0.43529072549019604
0.7747084545454545
0.3310264736842105
0.2828636216216216
0.39366665116279065
0.2483121851851852
0.2552506521739131
0.37068389873417723
0.37363621518987344
0.2552506521739131
0.37068389873417723
0.37363621518987344
0.2552506521739131
0.37068389873417723
0.37363621518987344
0.608933112033195
0.27218018518518516
0.27447711764705884
0.26142624999999997
0.2648469607843137
0.26142624999999997
0.2648469607843137
0.280847125
0.26681278571428574
0.4082173544303797
0.26681278571428574
0.4082173544303797
0.2703094222222222
0.3716777261904762
0.31022555172413796
0.2545055294117647
0.32397456249999995
0.3025200952380952
0.3779062222222222
0.25561007575757577
0.2818530344827586
0.3907473369565217
0.2818530344827586
0.3907473369565217
0.44478656834532376
0.5603337500000001
0.29944818749999996
0.5603337500000001
0.29944818749999996
0.2674059090909091
0.30692804395604395
0.2658446666666667
0.29338179452054797
0.3489985238095238
0.29338179452054797
0.3489985238095238
0.34832
0.25678203125
0.37837272727272725
0.3701861896551724
0.25753468421052633
0.25465894736842104
0.25753468421052633
0.25465894736842104
0.43203315909090906
0.34248234615384615
0.3211403
0.3353749215686274
0.36543733333333334
0.3353749215686274
0.36543733333333334
0.2504409090909091
0.25658510714285715
0.5152340612244898
0.2504409090909091
0.25658510714285715
0.5152340612244898
0.2504409090909091
0.25658510714285715
0.5152340612244898
0.32404297260273973
0.4899502857142857
0.22062841666666666
0.607230393258427
0.5833940857142857
0.607230393258427
0.5833940857142857
0.2721307741935484
0.24878088888888888
0.36273925
0.3488023529411765
0.24878088888888888
0.36273925
0.3488023529411765
0.24878088888888888
0.36273925
0.3488023529411765
0.38760096666666666
0.37363088607594935
0.38760096666666666
0.37363088607594935
0.5208404018691589
0.4137255234375
0.43925577922077924
0.4137255234375
0.43925577922077924
0.3185055857142857
0.45951873684210526
0.25634152
0.582250228
0.26928709375
0.27013793333333336
0.2360486
0.40350950364963506
0.26727031034482757
0.40575414285714284
0.26727031034482757
0.40575414285714284
0.30847104999999997
0.35757777272727276
0.47324044
0.30847104999999997
0.35757777272727276
0.47324044
0.30847104999999997
0.35757777272727276
0.47324044
0.38478057608695654
0.422014975308642
0.39778332098765434
0.38478057608695654
0.422014975308642
0.39778332098765434
0.38478057608695654
0.422014975308642
0.39778332098765434
0.31963904918032787
0.4390598421052631
0.5162706666666667
0.3288850303030303
0.44759066141732284
0.316702
0.39901481818181816
0.3112842
0.30327231578947367
0.3112842
0.30327231578947367
0.32318027272727273
0.36618743298969075
0.335903164556962
0.29606446666666664
0.26514047058823526
0.26160595833333333
0.230192875
0.44679915434083595
0.274022
0.3404448
0.319821705882353
0.2570471714285714
0.3150426
0.2976772745098039
0.3004767708333333
0.4376554680851064
0.41387455140186913
0.4376554680851064
0.41387455140186913
0.35792454347826086
0.3329173125
0.36408663793103446
0.3224148571428571
0.3328228142857143
0.3224148571428571
0.3328228142857143
0.28231248979591833
0.3632690837988827
0.26330713333333333
0.63756972
0.38441519444444444
0.63756972
0.38441519444444444
0.2633311403508772
0.2317745
0.33940206000000006
0.2502287391304348
0.37821722784810125
0.27077033333333334
0.2502287391304348
0.37821722784810125
0.27077033333333334
0.2502287391304348
0.37821722784810125
0.27077033333333334
0.3934297669172932
0.36119660606060605
0.3669675909090909
0.35466966666666666
0.3977164666666667
0.2961433043478261
0.2768525625
0.2961433043478261
0.2768525625
0.3329882
0.2771855882352941
0.27923952941176466
0.4909482356020942
0.27923952941176466
0.4909482356020942
0.6429621968503937
0.6515896235011991
0.6429621968503937
0.6515896235011991
0.34548346153846154
0.3297555
0.34548346153846154
0.3297555
0.30083993333333336
0.3650309
0.3204018245614035
0.4278967461928934
0.3204018245614035
0.4278967461928934
0.39406091666666665
0.2293361095890411
0.2678465
0.36925003125
0.37573868292682927
0.36925003125
0.37573868292682927
0.31308484210526316
0.47291264150943396
0.44818965822784806
0.37973645977011494
0.2621496956521739
0.3486916470588235
0.3473981568627451
0.2621496956521739
0.3486916470588235
0.3473981568627451
0.2621496956521739
0.3486916470588235
0.3473981568627451
0.3988082
0.29656452173913045
0.32652025490196074
0.29656452173913045
0.32652025490196074
0.3026256666666667
0.27527846875
0.3026256666666667
0.27527846875
0.24530289285714285
0.35450966666666667
0.24530289285714285
0.35450966666666667
0.2717213913043478
0.37408603846153843
0.3972208148148148
0.2717213913043478
0.37408603846153843
0.3972208148148148
0.2717213913043478
0.37408603846153843
0.3972208148148148
0.35264900000000005
0.2245811875
0.316623
0.500311423076923
0.4215509012345679
0.500311423076923
0.4215509012345679
0.4405036129032258
0.30633499999999997
0.6512282388059701
0.33033695
0.30633499999999997
0.6512282388059701
0.33033695
0.30633499999999997
0.6512282388059701
0.33033695
0.2826992
0.26980945
0.2826992
0.26980945
0.267853275862069
0.3177284375
0.267853275862069
0.3177284375
0.398704
0.34189262745098037
0.2628269285714286
