Accession_number	Start	End	Predicted_score
O75678	51	74	0.31017534782608697
Q05329	62	85	0.43305813043478264
Q14585	0	29	0.27691358620689654
Q14585	81	160	0.36135525316455697
Q7RTU4	120	140	0.25122365
Q7Z7K2	64	95	0.25310335483870966
Q7Z7K2	151	202	0.4176074313725491
Q7Z7K2	346	446	0.39242422
Q8IXZ3	321	402	0.33079383950617286
Q8IZ63	0	17	0.25373329411764706
Q8IZJ1	252	362	0.3858020818181818
Q8N1N2	12	78	0.34018250000000005
Q8N1N2	120	152	0.3041660625
Q8NAF0	38	86	0.29115275
Q8NAF0	233	251	0.2537006111111111
Q8NAF0	264	312	0.2728655416666667
Q8NAF0	375	426	0.33210937254901957
Q9BRZ2	88	146	0.5943562931034483
Q9BT23	29	48	0.30415200000000003
Q9UL59	237	286	0.3899477755102041
Q9Y5H7	722	740	0.25012283333333335
D6RCP7	34	61	0.271931037037037
O43915	178	353	0.6273997542857143
P51970	28	62	0.2851214411764706
Q53GD3	105	128	0.3471808695652174
Q5EBM0	65	94	0.24815989655172413
Q5TC79	420	464	0.26228861363636363
Q8N823	222	384	0.44994419753086423
Q96C00	375	397	0.30524195454545455
Q96C00	429	455	0.41933165384615384
Q96QE4	510	535	0.34273008
Q96QE4	735	756	0.33251699999999995
Q9NZV7	304	410	0.3582111886792453
Q9NZV7	454	526	0.4698229861111111
Q9UK11	139	191	0.35721273076923077
Q9UK11	209	316	0.41524540186915887
Q9Y297	32	114	0.2836932195121951
A6NC57	426	444	0.26491105555555555
O00321	167	241	0.21285020270270272
O14545	2	144	0.46748714788732393
O14545	282	321	0.23987746153846154
O14545	359	398	0.2581488717948718
O43283	696	744	0.3477483125
O43283	900	959	0.22894003389830508
P08588	440	476	0.2610815555555555
P0DH78	102	155	0.4713225471698113
P25445	42	172	0.6256538076923077
Q03828	376	401	0.3421264
Q13114	42	248	0.4742190291262136
Q13118	154	179	0.25678528
Q13118	191	221	0.23624313333333333
Q13118	360	415	0.2501357454545455
Q2TV78	293	318	0.47259976000000004
Q2TV78	415	481	0.2856690151515151
Q2YD98	220	262	0.26547514285714285
Q5VTJ3	503	519	0.3676284375
Q659A1	558	593	0.26190574285714285
Q7Z4F1	308	435	0.5733947716535432
Q96NJ3	179	246	0.2960182537313433
Q96NJ3	503	554	0.3956250392156863
Q9BY79	11	43	0.24858053125
Q9BY79	412	472	0.43991416666666666
Q9Y6F6	0	16	0.2763918125
O14512	22	42	0.34744685
O14512	69	89	0.371867
O43638	201	224	0.21550200000000003
O43766	95	153	0.2777588103448276
O75078	432	592	0.62335919375
O75078	622	718	0.43120828125
P55285	580	600	0.2781902
Q5H8A4	597	637	0.22158575000000003
Q64ET8	1	26	0.28264627999999997
Q86YH2	334	380	0.40148345652173917
Q86YH2	390	429	0.3381324358974359
Q86YH2	448	491	0.31818837209302325
Q8N878	502	542	0.255251875
Q99675	310	328	0.36877649999999995
Q9BV97	172	189	0.3256407647058823
Q9BV97	200	251	0.33365999999999996
Q9Y2H8	192	216	0.2579179166666667
Q9Y2H8	245	278	0.23295593939393938
Q9Y2H8	395	474	0.40111901265822786
Q9Y5Y6	442	613	0.6283512690058479
A9YTQ3	342	364	0.29006659090909087
A9YTQ3	426	446	0.38371945
A9YTQ3	512	557	0.2705261111111111
A9YTQ3	605	655	0.37373165999999997
P78386	0	39	0.4711421794871795
P78386	424	463	0.2826557435897436
P78386	475	504	0.37148996551724134
Q496H8	0	17	0.7024950588235294
Q6PK81	182	233	0.3233438823529412
Q6ZVN8	137	182	0.22164593333333332
Q7RTV3	158	211	0.2703281132075472
Q8NEC7	606	630	0.2990725416666667
O43155	637	659	0.32961304545454545
P02748	26	151	0.45404898400000004
Q06730	235	254	0.30490336842105265
Q06730	268	370	0.3667943039215686
Q06730	531	763	0.4519761810344828
Q06730	788	808	0.2984992
Q06732	236	255	0.28005115789473684
Q06732	269	371	0.35901901960784316
Q0VG06	334	411	0.26310764935064934
Q0VGE8	212	439	0.46606287665198237
Q13115	172	192	0.2995546
Q2QGD7	171	224	0.27482058490566036
Q2QGD7	337	364	0.3643074074074074
Q2QGD7	379	435	0.3566247321428571
Q5W0U4	17	60	0.3690855348837209
Q6S9Z5	157	252	0.2937842842105263
Q8IVF1	1	68	0.3663262985074627
Q8IVF1	97	120	0.32727060869565217
Q8NER5	138	159	0.2653279523809524
Q9H6E5	555	583	0.2728411785714286
Q9UBS8	257	277	0.55241305
C9JVI0	34	61	0.27218018518518516
D6RBQ6	34	61	0.27218018518518516
Q5T764	127	152	0.24406683999999998
Q8N3Y3	30	56	0.23792415384615387
Q9NQ32	231	297	0.42345504545454543
Q9NQ32	331	351	0.29501535
O00548	185	525	0.6950579470588235
O00548	568	605	0.3123120810810811
O15537	27	55	0.3596275357142857
O43526	417	438	0.39201299999999994
Q14584	72	104	0.254350875
Q14584	123	422	0.3954536989966555
Q15910	489	613	0.5447802580645161
Q2KHN1	17	169	0.49217188157894737
Q68CJ9	112	135	0.2919126956521739
Q6ZVT6	476	497	0.2833105714285714
Q6ZVT6	662	685	0.27229052173913043
Q86XK2	352	367	0.2541356
Q86XT9	152	176	0.229457125
Q96BR5	13	42	0.3417709310344828
A0A3B3IT33	49	73	0.40332758333333335
A8MUK1	34	61	0.26996114814814814
Q15813	130	150	0.2513223
Q16671	17	33	0.281461125
Q16671	464	572	0.47223502777777776
Q4G163	117	154	0.23448132432432436
Q4G163	629	660	0.35084406451612904
Q4G163	672	690	0.3882881111111111
Q5FWF5	203	229	0.3602553461538462
Q5W111	2	21	0.43112500000000004
Q5W111	38	59	0.26272757142857145
Q86WR7	76	97	0.41026247619047623
Q96T88	392	419	0.31191451851851854
O76096	13	35	0.28566240909090906
P07204	19	34	0.2568624
P07204	214	489	0.6638784436363636
P0CH99	114	267	0.43195476470588234
P51888	62	88	0.33614038461538465
Q13822	48	157	0.5608229266055046
Q14314	29	58	0.24879117241379312
Q14314	88	108	0.2703592
Q6ZN32	205	220	0.30104746666666665
Q8IW03	62	84	0.30898554545454543
Q8N5Z5	278	310	0.33560915625
Q8TBP0	713	744	0.29878767741935486
Q96KS0	33	53	0.2567724
Q9BR61	248	276	0.25117678571428576
Q9HBH9	360	389	0.21137572413793101
Q03923	96	146	0.42711557999999994
Q03923	161	246	0.380266105882353
Q60I27	329	372	0.323679
Q8N8U9	67	233	0.6159053313253012
Q8N8U9	245	370	0.587390544
Q8N8U9	527	568	0.36224678048780484
Q96P44	405	453	0.27105083333333335
Q9BZR9	85	130	0.529844
Q9BZR9	461	484	0.3111240869565217
Q9HCL3	191	242	0.3710025098039216
Q9HCL3	415	466	0.37171027450980393
A8MT70	113	148	0.32345234285714286
C9JJH3	34	61	0.27185003703703703
O43187	433	500	0.22704362686567164
O75820	136	190	0.3353314074074074
P03999	317	336	0.29336921052631576
P09603	162	200	0.2972697894736842
P42681	12	28	0.4742704375
Q6NSW7	0	38	0.3412536052631579
Q6P6B7	0	44	0.2550842045454545
Q8NB50	132	183	0.32672978431372546
Q8NB50	412	466	0.3566098703703704
Q96CX6	328	348	0.4213367
Q9BQ31	469	490	0.3132119523809524
Q9BXK1	120	173	0.2718457358490566
Q9BY15	22	76	0.5390637037037037
Q9BYQ3	0	158	0.8434537215189875
O14867	136	159	0.3458435217391304
O14867	173	233	0.24519093333333333
O14867	252	286	0.28040094117647063
O14867	401	421	0.25207159999999995
O14867	450	531	0.2945774567901234
O14867	610	640	0.25485393333333334
O14867	704	735	0.3722670967741935
O95644	159	191	0.212099875
O95644	732	760	0.28117971428571426
P05160	494	531	0.30013859459459463
P05160	637	655	0.2743377777777778
P14210	166	416	0.372275192
P35030	0	30	0.35952036666666665
Q3SXZ3	104	143	0.30687238461538463
Q3SXZ3	162	213	0.32773282352941174
Q7Z2T5	110	141	0.3375060967741935
Q7Z2T5	155	173	0.33377616666666665
Q86YR6	0	49	0.44057483673469383
Q96PT3	3	23	0.29663724999999996
Q9ULV1	142	167	0.32211764000000004
O76015	0	101	0.41368075247524755
O76015	402	455	0.7376223773584906
O76031	0	18	0.4173041111111111
P08571	19	40	0.28433019047619046
P35372	34	62	0.21562835714285714
P35789	108	181	0.29114182191780824
P35789	192	243	0.34482654901960785
P35789	388	439	0.3666131568627451
Q6DN03	88	116	0.502652
Q6DN03	137	170	0.2635982424242424
Q6ZNG2	141	163	0.29761527272727273
Q6ZS27	195	346	0.4007687152317881
Q96HD1	129	336	0.6680625603864734
Q9BV87	260	277	0.32855717647058824
Q9BV87	325	361	0.44485525000000004
Q9BYR2	0	180	0.8446164444444444
Q9H9S0	0	38	0.34419649999999996
Q9HC78	56	76	0.26262945
Q9HC78	698	729	0.3475526129032258
Q9NQF3	187	202	0.33633013333333334
Q9UET6	267	328	0.25711983606557376
A3QJZ6	127	145	0.2332101666666667
O00161	68	96	0.4387033928571428
P02787	343	369	0.33146230769230767
P54764	222	334	0.3828981339285714
Q15928	105	145	0.344621575
Q15928	218	269	0.32885756862745097
Q56VL3	122	146	0.3303054583333333
Q8IWU6	434	485	0.22102449019607845
Q8IWU6	831	850	0.3417992631578947
Q96K80	31	101	0.3277096428571429
Q96MH2	267	285	0.3260572222222222
Q9NS68	27	72	0.6202352666666666
Q9NS68	209	278	0.49064017391304343
Q9UK28	31	55	0.399996875
Q9UNK4	129	144	0.4371239333333333
Q9Y210	32	65	0.26499815151515155
C9JH25	796	841	0.27745068888888885
O95436	625	689	0.448293140625
P0CI00	114	267	0.4302011830065359
P45880	0	21	0.3074505238095238
Q13077	11	66	0.5326401636363637
Q13077	77	104	0.34250633333333336
Q5TB30	390	430	0.24162684999999998
Q5TB30	487	517	0.2888743
Q5VUG0	635	659	0.3103476666666667
Q6S8J7	17	44	0.45660344444444445
Q86UZ6	490	513	0.34727591304347827
Q86VK4	210	226	0.260620875
Q86VK4	270	325	0.3141943090909091
Q8N1L9	73	133	0.3269763666666667
Q8N9F0	0	19	0.28661831578947367
Q9BU19	0	35	0.2618072285714286
Q9BU19	63	78	0.3029659333333334
Q9BU19	319	375	0.29764453571428573
Q9BU19	408	462	0.35639157407407407
Q9HCX3	133	209	0.3053351447368421
Q9HCX3	242	293	0.3285846274509804
Q9HCX3	438	517	0.4037843417721519
Q9UJW2	56	74	0.4365632222222222
Q9UJW2	84	159	0.4315258133333333
H3BUK9	0	44	0.3365728409090909
H3BUK9	54	81	0.43151537037037035
O14901	157	204	0.2603752127659575
O14901	220	243	0.2673182608695652
O14901	415	468	0.2657107735849057
O94929	116	164	0.4884550625
O95704	249	273	0.2901759166666667
P22459	615	652	0.27858278378378376
P35913	28	52	0.4391640833333333
P35913	831	853	0.2770796818181818
Q68DI1	255	517	0.5021599885496184
Q8NDY8	31	47	0.3102568125
Q8NEB7	383	404	0.3292220952380952
Q92963	0	16	0.2557506875
Q96CA5	24	39	0.22580046666666667
Q96JB3	433	456	0.2836711739130435
Q96JB3	496	547	0.30406676470588234
Q99988	192	216	0.34649175
Q9BYR5	0	135	0.8591081037037037
Q9BYV6	186	210	0.35675683333333336
Q9WJR5	928	958	0.3818940666666667
O14639	4	23	0.3645037894736842
O14639	59	126	0.4749668208955224
O43597	276	314	0.6757827105263159
P22692	120	147	0.4300060740740741
P98077	72	108	0.3267451666666667
Q5JXM2	0	21	0.30546833333333334
Q5JXM2	86	106	0.23740180000000005
Q75N03	100	119	0.3183082105263158
Q75N03	129	181	0.4088049038461538
Q8N806	133	158	0.3928872
Q8TC27	373	536	0.5704904662576687
Q8TC27	591	662	0.43921139436619716
Q8WYQ9	776	806	0.48730206666666664
Q8WYQ9	897	930	0.292586696969697
Q9H013	349	690	0.5834311290322581
Q9H093	560	627	0.23062253731343285
Q9HBT6	586	606	0.2603364
Q9NQX0	127	173	0.24872156521739128
Q9NQX0	188	219	0.36319061290322585
Q9NQX0	483	591	0.36833708333333337
Q9NVF9	11	48	0.2739475675675676
Q9UN74	725	741	0.2487520625
O43248	5	28	0.22839291304347825
O75564	538	555	0.2291544705882353
P19013	0	23	0.2853152608695652
P26010	465	681	0.7700906481481482
P98168	192	229	0.24241602702702703
P98168	321	377	0.3391085
P98168	429	447	0.3482936111111111
Q147U1	187	240	0.35716105660377356
Q147U1	385	532	0.4322519523809524
Q5T7W0	247	270	0.2889039565217391
Q96N19	325	354	0.3028471034482759
Q96N19	371	416	0.4736236888888889
Q9H9P5	70	161	0.34185013186813185
Q9H9P5	202	329	0.3951656141732284
Q9NYJ7	168	475	0.683565970684039
Q9UBN6	72	191	0.5140277226890756
Q9UGC6	17	49	0.61765084375
Q9UHC7	168	268	0.32448143
Q9UKT9	109	233	0.3419579274193548
O15156	337	388	0.30834560784313725
Q01954	26	65	0.31284020512820515
Q01954	294	316	0.27164113636363635
Q01954	348	401	0.24546537735849056
Q01954	429	452	0.23502665217391303
Q01954	711	764	0.2636669056603773
Q01954	947	972	0.28983724
Q13772	340	377	0.3039687837837838
Q13772	387	431	0.4027697727272727
Q5JVG2	167	190	0.29138365217391304
Q5JVG2	212	237	0.43708916000000003
Q5JVG2	263	302	0.3597186923076923
Q5JVG2	338	426	0.3129145681818182
Q5JVG2	821	848	0.3294707037037037
Q6ZN11	132	202	0.3215427714285714
Q6ZN11	218	297	0.4114923544303798
Q7RTS3	90	129	0.286471
Q8N8U3	447	474	0.371583962962963
Q8NHY6	416	483	0.34480049253731343
Q8NHY6	505	603	0.37977976530612245
Q92800	322	381	0.2905100338983051
Q92800	396	432	0.237651
Q92800	483	613	0.5357230384615385
Q96NS1	0	26	0.46038588461538466
Q9H461	217	268	0.3134267450980392
Q9NRS4	72	101	0.2574698620689655
O75113	531	567	0.3586008333333333
Q15466	0	15	0.4788573333333333
Q15466	32	57	0.413872
Q3B8N5	4	24	0.2665905
Q8IXZ2	662	802	0.44130544285714285
Q8NEG5	514	559	0.2754178888888889
Q8NEG5	591	614	0.2644739130434782
Q8TC21	186	405	0.48199592237442923
Q96JK2	872	893	0.33977609523809527
Q9UJM3	102	155	0.23884503773584906
Q9UM63	23	105	0.39913735365853664
Q9UM63	147	173	0.4545321923076923
Q9UN75	723	741	0.2683535
O15198	175	207	0.25479053125
P01100	313	331	0.2605154444444444
Q02833	95	129	0.2820004705882353
Q02833	141	161	0.28605590000000003
Q15042	500	532	0.2900224375
Q3V5L5	770	787	0.41882811764705885
Q5FWF6	225	299	0.4328133378378379
Q6ICB4	152	183	0.1994617741935484
Q6ICB4	239	258	0.2600498947368421
Q6ZNH5	95	148	0.3837365094339622
Q8N988	136	187	0.3159519411764706
Q96HQ0	250	329	0.36666115189873416
Q96LC7	450	466	0.318156375
Q9BWW7	182	236	0.3167631851851852
Q9BWW7	323	346	0.2416034347826087
Q9NRU3	887	918	0.25806545161290323
O00622	20	173	0.6152395294117647
P0CW18	360	396	0.37795741666666666
P13224	19	41	0.4690689545454545
P54257	0	19	0.3074476842105263
P54257	655	670	0.32249466666666665
Q6ZMY9	169	185	0.3232589375
Q6ZMY9	196	248	0.3579681538461538
Q7L0R7	119	164	0.2928163111111111
Q86TJ5	262	287	0.3030334
Q86TJ5	315	478	0.4156463251533742
Q9Y6U7	307	325	0.32197105555555555
A6NEQ0	431	480	0.26124206122448984
A6NKF1	46	70	0.29737779166666667
P17031	163	235	0.37860879166666667
P17031	249	300	0.35835174509803924
P36551	9	35	0.26355896153846153
Q0WX57	34	61	0.26996114814814814
Q3KNW5	0	20	0.30369870000000004
Q3KNW5	315	339	0.28198829166666667
Q3KNW5	352	376	0.273589
Q5RL73	169	221	0.26492898076923077
Q70EL2	159	189	0.3126617
Q7Z6M1	18	45	0.2261351851851852
Q8N8Z8	55	199	0.35225154166666667
Q8N8Z8	218	692	0.4526747489451477
Q96EG3	104	324	0.4522744727272727
Q96JF6	118	169	0.33548672549019604
Q96JF6	559	613	0.356192037037037
Q96JF6	752	803	0.34942366666666663
Q9H4D5	310	332	0.27514595454545454
A8MUZ8	107	239	0.3843807878787879
O95631	274	489	0.585284311627907
P17032	164	192	0.2427544642857143
P17032	262	313	0.3815413725490196
P17032	457	534	0.4150717142857143
P52798	142	162	0.3361337
Q2L4Q9	282	305	0.3150991304347826
Q2L4Q9	532	552	0.31904335
Q496Y0	405	433	0.35904250000000004
Q6UW56	68	89	0.30698533333333333
Q6ZNE9	509	570	0.5381410983606558
Q7Z3V5	81	176	0.3023130947368421
Q7Z3V5	186	293	0.41427232710280376
Q8N554	157	190	0.285949303030303
Q8N554	223	249	0.2655185384615385
Q8N554	414	481	0.30154498507462685
Q8NC60	130	153	0.32223073913043476
Q8TCV5	17	139	0.6324483606557376
Q96JP5	302	358	0.28040535714285714
Q9NS98	517	556	0.33816479487179485
Q9NS98	724	746	0.3235395
O95620	0	23	0.3467395652173913
P07333	942	971	0.3174041724137931
P21128	18	133	0.5427168260869566
P41143	330	369	0.2600218205128205
Q9BYE2	196	217	0.2957214285714286
B7Z6K7	83	106	0.27027630434782607
B7Z6K7	192	256	0.40834323437500003
O00217	100	118	0.33590533333333333
O00327	229	279	0.25034703999999997
O00327	298	317	0.3040143157894737
P40126	18	70	0.43731657692307696
P40126	96	127	0.37301264516129035
Q15464	44	71	0.29250018518518517
Q15464	99	150	0.3555597450980392
Q15464	193	233	0.25566757500000004
Q8N635	337	362	0.29776352
Q9HCK0	317	368	0.37301950980392157
Q9HCK0	391	420	0.31895406896551726
Q9UL40	57	88	0.32779051612903226
A0A7P0TAN4	222	273	0.33363541176470585
O60260	314	391	0.4686540649350649
P21754	280	336	0.28915194642857145
P28799	15	587	0.6693599562937063
P35414	321	340	0.42023257894736843
P63136	923	953	0.3811750333333333
Q495A1	189	222	0.27169187878787876
Q6GPH4	30	182	0.48291631578947364
Q6ZMV8	108	142	0.2966285
Q6ZMV8	164	272	0.3679214814814815
Q96H40	114	151	0.33034140540540535
Q96H40	285	364	0.3635634303797468
Q96NL8	19	42	0.23294717391304348
Q9Y473	187	208	0.343358
Q9Y473	230	321	0.4383715494505494
Q9Y473	382	433	0.3745689411764706
Q9Y473	466	545	0.4104773924050633
A0A1W2PPM1	128	199	0.21523183098591547
A6NI47	17	81	0.346346421875
A6NI47	91	118	0.4622562962962963
C9JN71	134	185	0.3217791568627451
O14836	23	123	0.43927949
O14836	184	204	0.50337875
O14836	219	292	0.543240904109589
O60711	319	336	0.4897733529411765
P0DPK3	22	257	0.6441254212765958
Q13398	124	149	0.3007686
Q13398	204	226	0.305404
Q13398	304	383	0.4075372911392405
Q13474	0	44	0.25706127272727275
Q14393	97	283	0.5994858440860216
Q8N4W9	222	526	0.4724814769736842
Q92629	270	288	0.31606488888888884
Q96LW9	209	281	0.3132018472222222
Q9BVS4	353	374	0.3087782380952381
Q9H0D6	252	291	0.27396492307692305
Q9UBF6	0	23	0.3875963913043478
A0A0A6YYL3	0	44	0.3365728409090909
A0A0A6YYL3	54	81	0.43151537037037035
O94900	9	41	0.29230990625
O95376	128	143	0.35270073333333335
O95376	223	325	0.4859641176470588
P02765	19	41	0.24630245454545455
P02765	87	109	0.2660753181818182
P02765	129	157	0.2930442857142857
P54753	258	345	0.4935680689655172
Q02643	21	53	0.2659144375
Q5JTZ5	0	15	0.2514766
Q6H8Q1	0	30	0.3436222333333333
Q6H8Q1	117	163	0.44653441304347824
Q6PDB4	173	226	0.3273166981132075
Q6X784	217	235	0.3283678888888889
Q8NCS7	68	83	0.28697786666666664
Q8NDW4	371	564	0.5222617772020725
Q8NFJ8	363	380	0.36412741176470587
Q96HF1	141	188	0.33204874468085105
Q96NN9	56	78	0.2698105909090909
Q9UGI8	33	55	0.347026
Q9UPM6	0	70	0.4330623142857143
Q9Y2Q1	52	83	0.37445816129032256
Q9Y2Q1	105	143	0.47024018421052627
Q9Y2Q1	162	293	0.44837231297709923
Q9Y2Q1	306	360	0.3869450925925926
Q9Y2Q1	422	503	0.37299761728395064
A0A8I5KTY6	91	142	0.32406668627450985
A0A8I5KTY6	203	268	0.37908435384615385
O00213	663	681	0.2418907777777778
O14763	70	189	0.49465278151260506
O15355	484	509	0.31023884
Q17RS7	236	307	0.4513668732394366
Q17RS7	842	899	0.2670640701754386
Q6A163	0	70	0.4170172428571428
Q6A163	392	452	0.43588915
Q6FI81	226	297	0.38574623943661973
Q6NSI1	6	50	0.43388990909090913
Q8N587	215	323	0.3426751388888889
Q8WY36	595	617	0.2678380454545454
Q96MU6	106	151	0.26068502222222223
Q96MU6	172	267	0.32971008421052633
Q9BWX5	178	276	0.3254696020408163
Q9NZL4	337	357	0.2940971
Q9UBT6	608	709	0.27411980198019803
Q9Y2I2	298	528	0.5603610826086957
O95886	428	449	0.29192071428571426
O95886	464	526	0.2134142580645161
O95965	27	493	0.6893389699570815
P81408	212	232	0.32387505
P81408	300	319	0.29401894736842105
P81408	373	389	0.2839395625
P81408	520	542	0.26134936363636363
Q15785	56	73	0.31561147058823524
Q5H913	264	289	0.25839896
Q6ZMZ0	108	176	0.44789664705882354
Q6ZMZ0	636	656	0.29942905
Q6ZN55	300	350	0.29752132
Q6ZN55	383	405	0.36145763636363637
Q6ZN55	457	509	0.3235720576923077
Q6ZN55	729	780	0.34508178431372555
Q86U70	0	19	0.3815837368421053
Q86Y25	207	258	0.35407435294117645
Q86Y25	403	482	0.4081520379746835
Q969T3	294	310	0.2480345625
Q99661	246	269	0.2498881304347826
Q9BZR6	28	51	0.3114774347826087
Q9BZR6	324	345	0.31665371428571426
Q9H609	18	48	0.35715626666666667
Q9H609	103	157	0.33556427777777775
O14649	350	372	0.29652454545454543
O43609	280	318	0.6080065526315789
P10074	185	209	0.2822155
P10074	282	364	0.4152059268292683
P17014	260	444	0.4823974130434782
P17014	455	551	0.41192596875000004
P17014	624	640	0.40754275
P46092	323	358	0.2719352571428571
Q08AE8	614	629	0.4529977333333334
Q13516	282	307	0.3590666
Q86W56	230	256	0.35470215384615383
Q8IWL2	9	35	0.2871011153846154
Q8TBC5	432	455	0.24896317391304348
Q969W9	11	30	0.3267338947368421
Q9BXR3	925	955	0.37932483333333333
Q9H2Y9	22	72	0.25668416
Q9NS73	177	197	0.26313695
Q9Y5F7	719	742	0.3765986086956522
A6NDE4	433	459	0.2874935769230769
O43309	237	316	0.3734173164556962
P00747	140	361	0.3965795610859728
P0DXC3	343	364	0.35710419047619046
P22079	121	144	0.28597517391304345
P32239	400	418	0.47932716666666664
P80370	21	253	0.7097201551724138
Q6UXH9	32	87	0.49281356363636364
Q6UXH9	255	289	0.3869401470588235
Q7Z3F1	581	647	0.35017298484848486
Q8IWY8	669	720	0.3437929803921569
Q8N2W9	389	424	0.2508962857142857
Q8WXH6	250	276	0.48236415384615383
Q96N77	242	357	0.36840425217391304
Q9BYQ7	0	145	0.8957970275862069
Q9UHR6	0	66	0.4510851212121212
A6NKU9	112	136	0.27495583333333334
A6NKU9	185	209	0.276445
A6NKU9	258	282	0.276445
O43610	109	172	0.41757044444444447
P01732	208	226	0.38016966666666663
P0CG32	338	367	0.29412762068965514
P22681	711	738	0.2858617407407407
P35368	361	379	0.27234677777777777
P36941	28	219	0.5335198115183246
P54278	201	225	0.24017475
P54687	0	17	0.3791856470588235
Q6NUI2	0	18	0.27127799999999996
Q8NI29	79	118	0.30047146153846155
Q9BYQ9	0	184	0.8397561032608695
A2RUB6	85	113	0.28567775
D6RJB6	34	61	0.27218018518518516
O43435	357	397	0.32882172499999995
P09958	576	684	0.43394582407407406
Q13137	386	426	0.441963025
Q1X8D7	563	583	0.26782659999999997
Q7Z6J0	82	116	0.2857549705882353
Q8NAP8	159	209	0.32121706000000005
Q8NAP8	360	435	0.3278026666666667
Q96NL3	170	271	0.3315854356435643
Q96NL3	330	411	0.40153002469135807
Q9BR26	498	527	0.26007310344827583
Q9BTN0	14	40	0.3628521153846154
Q9BYQ4	0	173	0.8398067225433526
Q9P107	494	525	0.38412112903225804
Q9Y215	364	450	0.44516466279069766
Q9Y6Q2	126	145	0.23303394736842106
G5E9R7	0	232	0.6550761336206897
Q07021	54	78	0.43813708333333334
Q86Y33	179	199	0.2812462
Q8TB22	759	785	0.31285999999999997
Q8WZ73	4	97	0.43154983870967745
Q92832	214	231	0.425711
Q92832	256	809	0.6220501139240506
Q96GX5	306	338	0.2294041875
Q96GX5	444	485	0.2540440487804878
Q96GX5	523	564	0.24426641463414633
Q9HCU0	159	174	0.33913906666666666
Q9HCU0	195	359	0.6209237926829269
Q9UND3	324	345	0.33700361904761905
O00292	240	269	0.26787820689655173
O95263	86	115	0.33039717241379307
O95571	236	253	0.22170194117647057
P04070	92	126	0.450069
P48060	182	207	0.37954743999999996
Q14574	660	680	0.32452955
Q14574	735	823	0.26903147727272725
Q16549	692	713	0.2635420952380952
Q16549	758	784	0.2823115384615385
Q6P3X8	559	587	0.4948495714285714
Q8WXD0	109	129	0.42671555000000005
Q96GX9	0	28	0.5604814285714286
Q96I82	42	177	0.5179412296296296
Q9H4F8	32	167	0.41830385185185187
P78549	283	301	0.369432
Q13461	229	249	0.27274745
Q53RE8	0	22	0.5106882272727273
Q5TA31	86	117	0.3452034838709677
Q6NUN9	501	552	0.42345970588235293
Q8NAM6	287	382	0.3495073052631579
Q8NEA9	33	68	0.3431046
Q8TF50	99	154	0.27135298181818185
Q8TF50	191	215	0.3874744583333333
Q8TF50	296	346	0.36427706
Q8TF50	436	486	0.34863204
Q92581	586	606	0.25877855
Q96EV8	131	151	0.2617758
Q9ULJ1	458	502	0.3768965681818182
Q9ULJ1	513	539	0.2684471538461538
Q9Y6X2	390	427	0.29592027027027024
A8MXQ7	300	358	0.22328458620689653
O60294	468	484	0.2684654375
P62745	178	195	0.3535341764705882
Q86UD7	232	249	0.3315048235294118
Q86UQ0	239	290	0.30285045098039215
Q8IXS0	488	507	0.32766184210526317
Q8IZ26	242	322	0.3772398625
Q8NEP9	103	129	0.2535821923076923
Q8NEP9	163	242	0.380216164556962
Q8TCN5	146	169	0.3227924347826087
Q8TCN5	182	210	0.3107385714285714
Q8TCN5	632	717	0.3673905411764706
Q8TCN5	734	804	0.3474924142857143
Q8TF66	21	39	0.37933594444444446
Q8TF66	558	580	0.38902004545454544
Q9H2S5	77	147	0.37724225714285714
Q9HBQ8	34	105	0.30737756338028166
Q9HBQ8	126	143	0.32053923529411765
Q9Y4K3	0	37	0.562245945945946
Q9Y4K3	127	211	0.4560605714285715
A6NFA0	38	58	0.47189815
A6NK02	46	69	0.45855026086956524
Q5VTL7	403	426	0.346616
Q5VTL7	444	468	0.27370941666666665
Q5VTL7	489	523	0.3530423235294118
Q5VTL7	533	552	0.35026399999999996
Q5VTL7	574	595	0.40614999999999996
Q86UD3	0	39	0.38216633333333333
Q8IXT1	954	993	0.3310936153846154
Q8TD94	109	148	0.26568151282051283
Q8TD94	186	241	0.28655827272727274
Q92785	200	223	0.27211717391304346
Q92785	261	374	0.5061271061946903
Q9BTT6	414	435	0.28306990476190474
Q9H0F5	202	238	0.2784451111111111
Q9H0F5	452	467	0.36795046666666664
Q9UJU3	185	245	0.3213009333333333
Q9UJU3	280	304	0.34124441666666666
Q9UJU3	320	352	0.3544130625
Q9UJU3	516	567	0.3575693137254902
A2A3K4	47	67	0.3041526
O15488	301	340	0.2761271282051282
P21291	0	132	0.33203737878787876
P30307	426	456	0.2770797333333333
Q14520	47	218	0.5542378888888889
Q58G82	15	44	0.2861680689655172
Q5T0B9	218	269	0.2960672156862745
Q6ZTB9	20	186	0.4110506626506024
Q7Z3I7	109	426	0.42540958990536276
Q86UN3	31	46	0.3844413333333333
Q8N474	160	197	0.36331775675675676
Q8NCL9	23	39	0.2701951875
Q8WX77	22	160	0.5642731666666667
Q96H79	189	216	0.38771359259259264
Q96H79	283	299	0.3769681875
Q96PQ7	172	196	0.270143625
Q9BYQ2	0	153	0.8273933398692811
Q9BZ11	349	689	0.5677767
Q9BZ11	720	754	0.47179135294117647
O14511	0	18	0.3134906111111111
O14511	334	350	0.2849859375
P00738	75	104	0.25548296551724137
P00738	138	158	0.25812644999999995
P18084	403	442	0.2811447179487179
P18084	452	668	0.6875209537037037
Q16587	239	290	0.319107568627451
Q16587	515	570	0.3730849636363637
Q494X3	246	341	0.4122716
Q6ZN44	255	297	0.3620702142857143
Q86UK7	178	194	0.3716374375
Q86V71	52	74	0.27170236363636363
Q86V71	164	243	0.3204868607594937
Q8IUW3	349	397	0.38010849999999996
Q8NB42	293	346	0.3461893962264151
Q8WW24	0	17	0.3055420588235294
Q969Z4	24	130	0.37693106603773585
Q969Z4	264	304	0.26671354999999997
Q96LW1	261	312	0.4576429411764706
Q96LW1	345	396	0.3772712549019608
Q96QV1	525	542	0.29391717647058824
Q96QV1	581	675	0.5464330531914894
Q9BUH8	152	243	0.22929851648351646
Q9NQB0	434	505	0.32632516901408454
A6NF34	412	630	0.6135371376146789
O94991	364	389	0.31049512
P17027	109	210	0.2810829900990099
P23327	616	698	0.6064876829268293
P78346	249	267	0.2966831111111111
Q5W186	125	151	0.40615553846153846
Q6P2D0	203	254	0.3278205098039216
Q8IUB2	19	225	0.6985686165048544
Q8WUU4	222	275	0.32353115094339624
Q8WUU4	379	432	0.3743776226415094
Q96N20	144	203	0.3009623050847458
Q9H228	316	337	0.3603217142857143
Q9NSJ1	91	144	0.3101751886792453
Q9NSJ1	201	351	0.4213711733333333
A4IF30	71	95	0.24343641666666668
O95544	11	35	0.33975858333333336
P22460	566	591	0.26755851999999997
Q13434	56	150	0.40225789361702124
Q13434	203	254	0.31638723529411766
Q13434	269	303	0.3168471470588235
Q6PI77	246	290	0.31143329545454546
Q6PI77	302	322	0.3131852
Q7L0X0	20	50	0.42352103333333335
Q8IXL7	26	49	0.35952391304347825
Q8N883	196	246	0.27922374
Q8N883	278	329	0.3421994509803922
Q96NL1	30	55	0.42821432000000004
Q96NL1	89	111	0.34133040909090906
Q9H8N7	118	140	0.24087536363636364
C9J2P7	34	61	0.27218018518518516
P17036	191	242	0.34109980392156863
Q6DN72	418	433	0.3184218666666666
Q86SQ6	312	425	0.4088145486725664
Q86SQ6	460	480	0.3391646
Q8NE31	9	45	0.23190694444444443
Q8NEA6	335	387	0.27370053846153847
Q8NEA6	403	458	0.32160823636363634
Q92966	0	36	0.2374613888888889
Q9NWH7	268	338	0.27383779999999996
Q9NWH7	360	385	0.27144472000000003
Q9NWH7	406	440	0.2041745882352941
Q9ULX5	1	30	0.31032958620689655
Q9ULX5	42	137	0.4315181473684211
Q9Y2Y9	158	213	0.2619563454545455
P17029	368	419	0.37177266666666664
P22674	40	67	0.2539399259259259
P42081	311	328	0.269462294117647
Q86VX9	30	53	0.3612702173913043
Q8N2H3	393	412	0.23827757894736842
Q96PM5	92	114	0.5119616363636363
Q96PM5	126	155	0.49943003448275863
Q96SQ5	53	106	0.2778573962264151
Q96SQ5	259	508	0.4297835542168675
Q9BRR9	181	221	0.25202447499999997
Q9NSN8	148	191	0.26865758139534884
Q9ULG6	601	632	0.26186990322580644
A6NLI5	31	64	0.5258661212121212
O43900	16	97	0.3617448888888889
O43900	240	375	0.4680027185185185
Q15942	373	518	0.47899182758620695
Q16629	96	124	0.2398074285714286
Q8IYL2	719	745	0.3748331153846154
Q8NA31	474	530	0.20750808928571426
Q96KR4	128	186	0.2853915172413793
Q96KR4	590	611	0.41318038095238097
Q96PT4	3	23	0.2990758
Q9NYY3	7	27	0.26879445
Q9UL58	370	449	0.3655777974683544
Q9UL62	907	963	0.27264935714285715
P0DM63	343	364	0.35710419047619046
Q6PI78	21	42	0.3071338571428571
Q8IYX0	117	310	0.41241529015544043
Q8NA42	161	474	0.41425730031948876
Q8NFT6	353	377	0.3251153333333333
Q8NFT6	413	455	0.3370327619047619
Q96BT7	332	358	0.2818558461538462
Q9H8U3	7	44	0.38615613513513514
Q9H8U3	88	127	0.3590909487179487
Q9H8U3	146	226	0.4139933
Q9UHF1	21	185	0.49998684146341466
A6NMN3	80	111	0.45469554838709675
A6NMN3	256	276	0.28207355
O00110	22	42	0.3007246
O00110	61	189	0.4150856484375
P0DJD3	431	480	0.26077132653061225
Q3SXY7	23	43	0.3567057
Q3SXY7	544	569	0.26997936
Q6PJI9	880	919	0.38537653846153846
Q6ZMY6	0	33	0.2674611212121212
Q8IV45	344	366	0.2489543636363636
Q8IYW4	190	219	0.23468568965517242
Q92698	675	708	0.2836934545454545
Q9NPF0	30	176	0.5735534109589041
A7XYQ1	765	789	0.3343197916666667
A7XYQ1	815	852	0.21851767567567565
P10073	259	310	0.3323333137254902
P13945	358	381	0.3142731739130435
P31275	72	104	0.20771115624999997
Q12901	167	248	0.342963987654321
Q12901	307	442	0.44015494814814815
Q13064	261	298	0.2975967297297297
Q15365	185	210	0.2603856
Q4G112	302	341	0.2729354358974359
Q6N063	314	330	0.327111
Q8IZ41	407	435	0.26258860714285714
Q8IZP6	230	260	0.36359256666666667
Q9GZU3	2	27	0.291028
Q9H0F6	343	386	0.43317034883720934
Q9H706	349	371	0.26400113636363637
Q9UNX9	387	405	0.301875
A2VCK2	92	121	0.21283331034482758
P13682	171	236	0.27038686153846153
P13682	457	517	0.43187176666666666
P25490	287	339	0.2806506923076923
P60409	0	369	0.7942405203252032
P62684	537	604	0.32560274626865676
Q5VTR2	894	931	0.30783894594594596
Q86WZ6	241	394	0.43599428758169934
Q8N0Y2	170	193	0.34623126086956524
Q8N0Y2	241	292	0.3786422156862745
Q8N143	292	398	0.3909949811320755
Q8N2R0	191	272	0.4176503333333333
Q92764	392	454	0.5835522258064516
Q9BXR6	189	220	0.3479953870967742
Q9BXR6	372	402	0.3568732666666667
Q9NRM6	485	501	0.5081265625
Q9UK13	143	585	0.459464463800905
O95780	108	133	0.26961752
O95780	220	383	0.42793161963190185
P08048	443	498	0.3182806909090909
P08048	706	757	0.3522261960784314
P0C6A0	9	69	0.28814458333333337
P0C6A0	197	272	0.44094706666666666
P78368	388	410	0.26646504545454547
Q58WW2	121	145	0.30412233333333333
Q58WW2	178	193	0.376648
Q7Z713	19	37	0.31204999999999994
Q7Z713	118	145	0.2868588888888889
Q8IZN3	346	366	0.27760484999999996
Q8N8Y5	78	129	0.3570584117647059
Q92804	354	379	0.31250524
Q969S2	307	331	0.3050201666666667
Q9NYJ8	659	692	0.3837077878787879
A6NDX5	101	124	0.29811291304347826
A6NDX5	268	291	0.37286804347826086
A6NDX5	324	377	0.39212860377358494
A6NDX5	540	591	0.3863842156862745
P61968	140	164	0.3041471666666667
P98153	284	338	0.5522757222222222
Q13886	134	189	0.2644902727272727
Q15415	433	459	0.2874935769230769
Q5SRH9	151	173	0.28440190909090907
Q5UAW9	290	307	0.5489110588235294
Q86YJ5	29	55	0.3146286923076923
Q99684	132	164	0.219294
Q99684	275	326	0.3234359215686275
Q9HCI7	133	163	0.29366216666666667
Q9HCI7	210	256	0.2406261304347826
Q9UKJ8	378	579	0.5478587761194029
Q9UKJ8	635	671	0.45185152777777776
O15218	342	364	0.29048045454545457
O15391	245	297	0.26139703846153844
P19544	314	369	0.28734892727272726
P35523	808	828	0.2863616
Q13643	0	233	0.5000472317596566
Q86VP1	602	625	0.25733595652173913
Q8N3J9	22	39	0.40784564705882353
Q8N3J9	106	255	0.5302851208053692
Q9BYN7	464	479	0.29715706666666664
Q9BYN7	530	599	0.40304659420289857
Q9BYN7	613	669	0.35541062500000004
Q9NZF1	1	38	0.40996308108108104
O15060	334	386	0.25087326923076925
O15060	552	571	0.28395163157894737
O15060	596	649	0.31472766037735844
O95391	112	132	0.24271669999999998
P01877	66	119	0.38570832075471695
P28358	77	122	0.2720257555555555
P49747	58	361	0.571125399339934
Q14D33	488	536	0.2958636666666667
Q5GH76	13	83	0.3902845857142857
Q68DV7	249	276	0.30355340740740744
Q68DV7	471	518	0.2418227659574468
Q68DV7	690	737	0.28450412765957445
Q68DV7	748	782	0.34857435294117645
Q6ZU52	445	484	0.24847066666666665
Q7L622	0	33	0.44296178787878787
Q8N3T1	459	476	0.2216749411764706
Q92956	33	192	0.5985598301886793
Q99676	211	460	0.4172938473895582
Q9BRP7	325	342	0.3105858235294118
Q9BTL4	177	213	0.2617962222222222
Q9UID6	103	119	0.28404837499999996
Q9UID6	225	240	0.3053422666666667
Q9UID6	315	339	0.4268445416666667
Q9UPR6	374	423	0.26642285714285713
A6NK53	190	252	0.33750740322580647
A6NK53	291	416	0.382426672
A6NK53	438	578	0.3948080428571428
O76081	198	229	0.5684570967741935
O95630	386	408	0.28799840909090907
P01876	66	132	0.2920433484848485
P03973	24	131	0.6832992523364486
P35348	408	444	0.32617863888888887
P52740	105	156	0.25302241176470586
P52740	219	250	0.3413924516129032
P52740	338	389	0.3745764705882353
P52740	617	705	0.4097466022727273
Q14995	290	393	0.24220140776699028
Q5VUE5	31	58	0.3119562962962963
Q6ZR52	41	82	0.4031120731707317
Q6ZR52	103	145	0.3064136904761905
Q6ZR52	184	237	0.3410877169811321
Q6ZR52	548	599	0.4127583921568627
Q8IZ20	0	21	0.4434698095238095
Q8IZ20	32	94	0.31783151612903227
Q8IZ20	162	180	0.2897619444444444
Q8IZ20	417	440	0.2755445652173913
Q96NJ6	132	183	0.34382374509803926
Q9P021	0	15	0.41116206666666666
Q9Y5I0	722	746	0.2866500416666667
A6NEL2	177	209	0.36501121875
P00751	87	112	0.31832552
P00751	130	227	0.26320564948453606
P14780	242	314	0.25941675
P14780	356	385	0.24308586206896554
P52742	197	256	0.35828983050847457
Q13574	119	138	0.3699013157894737
Q6ZSB9	119	169	0.2252028
Q6ZSB9	353	409	0.3043008035714286
Q8N328	553	592	0.40222020512820517
Q8TF61	715	735	0.3313904
Q92802	222	260	0.2543610789473685
Q92802	311	386	0.30827817333333335
Q96FV2	0	17	0.4253754705882353
Q96I27	54	72	0.277383
Q96I27	139	302	0.4568101533742331
Q9BZE9	118	147	0.22613024137931034
A2RRD8	152	483	0.41765205438066466
O14978	369	420	0.37800725490196074
O60765	205	256	0.29028827450980393
P17023	145	164	0.33066936842105266
P17023	180	234	0.36578996296296296
P30518	338	367	0.2362381379310345
P48200	157	187	0.2937767333333333
P54107	167	212	0.5426451333333333
Q05586	434	452	0.23639733333333332
Q5MJ70	0	17	0.41493664705882355
Q5T089	346	371	0.29770032
Q68CR7	686	706	0.25387235
Q6ZN08	95	216	0.34938262809917353
Q8IYX8	284	329	0.2257904
Q8NDX6	120	191	0.41715898591549294
Q8WVV4	13	41	0.2905533928571429
Q8WVV4	173	197	0.2707112916666667
Q96SZ4	126	151	0.27052132
Q96SZ4	395	447	0.3688738076923077
Q96SZ4	513	564	0.4018937254901961
Q9NWW7	216	243	0.29363533333333336
Q9NWW7	279	304	0.23906716
Q9ULW2	181	206	0.34468464
Q9Y6M4	421	442	0.32677942857142855
C9JVW0	0	15	0.28006653333333337
O95863	168	222	0.3753339814814815
P0CG23	476	527	0.3198233725490196
P17039	79	165	0.3233800465116279
P17039	195	246	0.3645026862745098
P17039	279	330	0.384807
P21854	215	237	0.29402663636363635
P51508	235	260	0.2340644
P51508	349	400	0.32693601960784313
P63133	925	955	0.3788349666666667
Q3MJ16	732	749	0.2601525294117647
Q6ZMW2	127	164	0.27215905405405405
Q6ZMW2	360	436	0.36287526315789476
Q8TD23	101	144	0.38353451162790697
Q8TD23	163	301	0.42922227536231883
Q96AQ9	0	26	0.2532732307692308
Q9NQX1	152	334	0.3956771098901099
Q9NQX1	423	476	0.35843633962264154
A0JP26	0	51	0.4336535294117647
O43909	166	185	0.2725422631578947
P07202	133	155	0.2607545
P07202	710	846	0.3580764852941177
P10646	81	130	0.34768822448979586
P29320	219	331	0.40175908928571424
P41587	23	47	0.27271012499999997
Q6DHY5	523	545	0.37837272727272725
Q7L3V2	40	81	0.30103465853658534
Q8ND94	37	82	0.3542758
Q8TE49	867	919	0.33853788461538464
Q96T92	254	311	0.30084950877192984
Q96T92	461	484	0.28064430434782606
Q96T92	516	565	0.3028507346938775
P25800	12	28	0.4669430625
Q4V348	14	64	0.20981441999999997
Q4V348	166	404	0.3876191848739496
Q4VC44	680	704	0.25072808333333335
Q6QN14	34	61	0.26996114814814814
Q6ZNA1	209	260	0.3166455882352941
Q86T29	133	157	0.4504700833333333
Q86T29	187	267	0.40280513749999997
Q86VW2	0	35	0.4587438
Q93075	8	37	0.3198431034482758
Q96HE9	129	170	0.3243133658536585
Q9UBU2	67	249	0.46908502747252745
O95361	66	163	0.4514400824742268
O95460	211	389	0.5845291235955056
O95786	208	236	0.2513588214285714
P13385	69	129	0.43060373333333335
P13385	144	166	0.28397604545454547
P32320	0	21	0.444246
Q68DY1	96	271	0.37808223428571425
Q6NXE6	0	20	0.2856926
Q6NXE6	462	480	0.2277111111111111
Q7Z7L9	213	264	0.33163390196078435
Q86UD4	6	49	0.25157539534883716
Q86UD4	194	245	0.40262715686274514
Q8WV37	222	301	0.3780451898734177
Q8WV37	362	413	0.3659049019607843
Q8WV37	446	497	0.37163080392156866
Q96ME7	242	258	0.27465975
Q9H156	333	358	0.356842
Q9UJH8	160	178	0.2881037777777778
Q9UNY5	294	345	0.3032144509803921
A6NGD5	0	19	0.2945176842105263
A6NGD5	347	398	0.31350772549019607
P17098	248	412	0.439892006097561
P60411	0	291	0.731688178694158
Q02447	589	637	0.3799496041666666
Q6GMV2	342	390	0.39679210416666666
Q86UX6	465	485	0.2931266
Q8NCP5	393	441	0.270528
Q8NCP5	478	493	0.28048066666666666
Q9NV72	300	462	0.43422427160493826
Q9NVP4	182	340	0.46341774683544307
Q9NXR8	352	415	0.39383038095238093
Q9UBG7	49	74	0.26256387999999997
Q9UK23	295	438	0.7243792587412587
A0AAG2TUQ4	0	19	0.29730405263157894
O43313	121	206	0.4057187764705882
P0C7P1	431	480	0.26077132653061225
P51523	199	249	0.28542038
Q13422	60	87	0.27258048148148145
Q13422	108	232	0.3794122983870968
Q13422	481	504	0.3265079130434783
Q14525	2	57	0.47489354545454543
Q14525	352	403	0.5577112941176471
Q5JT82	274	324	0.30746092
Q6ZNG1	153	344	0.4550909162303665
Q8N393	185	205	0.28200925
Q8N393	287	325	0.3324734210526316
Q8N393	358	581	0.474647865470852
Q92667	476	529	0.27168143396226413
Q9BZE0	192	212	0.40668784999999996
Q9BZE0	226	279	0.3535155094339622
Q9NSI5	229	248	0.2917766842105263
Q9NSI5	270	380	0.43496260909090906
Q9NZ20	427	449	0.3390186363636363
Q9UIE0	159	260	0.42635437623762373
Q9UIE0	271	341	0.3917909714285714
Q9UIE0	355	458	0.46333534951456307
A8MX34	0	340	0.7438899588235294
O14492	307	342	0.288839
O60687	63	86	0.3394533913043478
P52737	215	322	0.4450998130841122
Q52M93	177	228	0.3107125490196078
Q52M93	429	482	0.37380279245283016
Q6NUJ5	395	427	0.29754828125
Q7L5Y9	298	349	0.269582431372549
Q8IX06	400	425	0.50616868
Q8IX06	446	476	0.33104026666666664
Q8IXW0	573	633	0.25711748333333334
Q8IZQ8	568	642	0.2499561891891892
Q8N680	354	477	0.3028371382113821
Q8N865	348	368	0.30054355
Q96AY2	155	185	0.3004323
Q96MR9	204	247	0.30905658139534886
Q96MR9	339	390	0.31005845098039214
Q96MR9	510	635	0.38073511200000004
Q96MR9	647	782	0.4521392
Q96ST8	761	782	0.2940565238095238
Q9BS34	92	111	0.353104947368421
Q9BS34	123	155	0.37233275
Q9BS34	188	241	0.37755362264150943
Q9HBX8	17	52	0.3957203142857143
Q9UDV7	485	616	0.4433467709923664
Q9Y3Q7	378	662	0.5205175105633804
O43790	0	33	0.5204040606060606
O43790	407	485	0.3554871538461538
P56270	270	321	0.3311610588235294
Q2WGN9	162	182	0.27254395
Q2WGN9	197	217	0.22749360000000002
Q6BEB4	260	312	0.46198813461538457
Q969S8	379	412	0.24049372727272728
Q96IL0	25	71	0.29460908695652177
Q96SF7	375	401	0.2607316923076923
Q9GZP1	0	17	0.5097291764705882
Q9UC07	0	18	0.3652976111111111
Q9UC07	153	206	0.37721777358490566
Q9UC07	234	462	0.4721651754385965
A6NHN0	91	111	0.43431699999999995
A8MWA4	107	242	0.40316953333333333
O95967	25	345	0.5725947125
O95970	36	60	0.3787583333333333
Q2M1V0	0	29	0.35042482758620686
Q5HYA8	49	166	0.43537121367521364
Q8N9H8	772	798	0.326141
Q8TA86	97	118	0.24023295238095238
Q8WXH5	176	214	0.2599254736842105
Q8WXI3	231	269	0.3146742105263158
Q99075	119	151	0.33575646875
Q99814	195	213	0.33370099999999997
Q9BRG2	269	297	0.30382453571428575
Q9NUC0	163	190	0.30476311111111115
Q9NUC0	338	355	0.2683866470588235
A8MTY0	273	352	0.37278211392405064
E9PIF3	343	364	0.3384548095238095
P14652	234	255	0.29326266666666667
P53667	7	29	0.4391874090909091
Q02930	7	32	0.2539184
Q05215	113	134	0.30664838095238095
Q05215	162	179	0.23409341176470588
Q05215	458	527	0.3543308115942029
Q15776	313	364	0.3104346274509804
Q4FZB7	313	333	0.36424905
Q6IQ21	137	174	0.2849008648648649
Q6IQ21	207	230	0.37638965217391307
Q6IQ21	300	323	0.2617829130434783
Q6IQ21	452	517	0.3409550615384615
Q6IQ21	585	628	0.2692133255813953
Q8N6F7	23	40	0.2694285294117647
Q8WYH8	178	239	0.3678462459016394
Q92974	51	95	0.30448397727272725
Q96CS4	140	331	0.5005087486910995
Q9BXB1	886	908	0.32585095454545454
Q9NR81	484	525	0.2694400243902439
P36888	463	483	0.2584942
Q14973	333	348	0.3855474
Q2T9J0	6	40	0.2243124117647059
Q4VXU2	490	522	0.33672153125
Q5JNZ3	226	291	0.37425533846153847
Q6UXD5	693	714	0.31730119047619043
Q8NDP4	110	159	0.3159544285714286
Q8NDP4	175	200	0.41124963999999997
Q8NDP4	224	398	0.4651700632183908
Q8WTP8	1	23	0.3622715909090909
Q8WTP8	72	119	0.2643476170212766
Q9BRH9	228	281	0.3782422075471698
Q9BRH9	585	633	0.2929133541666667
Q9P2F9	36	146	0.38424724545454547
Q9P2F9	191	275	0.38953203571428574
Q9P2F9	562	581	0.2651165789473684
Q9UBP4	136	279	0.5080541748251748
Q9UMF0	414	452	0.2456058947368421
Q9UMF0	495	530	0.23601511428571428
Q9UMF0	585	617	0.25950778125
Q9UMF0	662	711	0.22462767346938778
O00154	14	63	0.40553448979591833
O94933	362	388	0.28807434615384614
P16415	31	145	0.3311848157894737
P16415	211	513	0.449040738410596
P21580	467	636	0.4389437218934911
P21580	705	789	0.5638279642857142
Q14012	338	364	0.5675643846153846
Q2KHT4	269	293	0.27581695833333336
Q5T7W7	424	501	0.44800058441558444
Q8WUB8	369	497	0.48908797656249997
Q96J02	142	190	0.3016290625
Q96L34	675	702	0.27972714814814814
Q9H336	211	250	0.4755763589743589
Q9NST1	407	445	0.3233800789473684
Q9UHL9	0	22	0.2744753181818182
Q9UHL9	293	314	0.29573390476190475
Q9Y2A4	54	145	0.2527203736263736
Q9Y2A4	216	267	0.3650031568627451
Q9Y2A4	579	664	0.3875424470588235
Q9Y2P0	101	236	0.39662431851851854
A6NNL0	1	68	0.36646368656716416
A8MPS7	283	319	0.21219491666666668
B9A6J9	523	545	0.37794500000000003
O95718	1	21	0.25600765
O95718	59	93	0.3447358235294118
P49019	360	386	0.3035374230769231
Q05209	722	745	0.2803372608695653
Q15697	317	371	0.39012503703703705
Q49AA0	290	371	0.3765005432098765
Q63HK3	754	929	0.45082833714285714
Q63HK3	939	960	0.3188465238095238
Q6KB66	8	43	0.22801788571428572
Q9NUK0	18	76	0.36711003448275864
Q9NUK0	173	238	0.28755192307692307
O43296	44	75	0.2519752580645161
O43296	147	245	0.31694951020408163
O43296	362	378	0.3869105625
O43296	437	497	0.35666249999999994
P36508	156	211	0.2784450181818182
P63132	928	958	0.3792447666666667
Q14392	416	438	0.24155686363636367
Q86XJ1	196	225	0.2711632068965517
Q8NFG4	0	30	0.3368566666666667
Q8NFG4	71	94	0.3121214347826087
Q8TF47	245	324	0.38448813924050634
Q8TF47	441	511	0.3520717857142857
Q8WWF5	394	416	0.4028519090909091
Q9NYD6	30	56	0.28549246153846153
Q9NYD6	88	121	0.2969080909090909
Q9NYT6	186	208	0.28272536363636364
Q9NYT6	243	321	0.3435893205128205
Q9UKS7	103	227	0.38519942741935487
Q9UKS7	489	513	0.33911566666666665
O15354	560	591	0.397284064516129
P55259	37	94	0.31610373684210524
P55259	171	234	0.439747
Q6NUM6	199	219	0.28841134999999996
Q6PJW8	66	101	0.2625120285714286
Q8N184	244	324	0.3888316625
Q8NHG8	150	217	0.3052058208955224
Q9ULT6	268	289	0.2605503809523809
Q9ULT6	316	357	0.33399768292682924
Q9ULT6	520	632	0.33940874107142854
Q9ULT6	699	723	0.5335227083333334
Q9ULT6	768	855	0.31525558620689653
Q9ULT6	870	901	0.35970364516129033
O43829	268	319	0.2992405294117647
O76011	0	57	0.5088260701754386
O76011	351	393	0.6600011666666666
O95377	217	239	0.3863607727272727
P00749	18	39	0.4947006666666667
P00749	144	172	0.3136231785714286
P01859	72	118	0.3398667173913043
P0CB33	107	255	0.3837830675675676
P16109	120	349	0.434964672489083
P16109	430	464	0.46027829411764704
P16109	492	667	0.47995823428571427
P50461	0	171	0.3887956023391813
Q02223	123	145	0.36415163636363634
Q7Z419	5	49	0.35970161363636366
Q7Z419	61	91	0.47208046666666664
Q7Z419	231	249	0.3560486666666667
Q7Z419	286	302	0.5908009375
Q8N4T4	0	19	0.34216678947368423
Q8NBP0	62	111	0.30191648979591834
Q8NDY6	190	224	0.3900261176470588
Q8TAX0	194	250	0.35258617857142854
Q96IR2	234	369	0.43354721481481484
Q96IR2	626	705	0.43682988607594936
Q9BRN9	57	90	0.43966660606060604
Q9BRN9	130	164	0.4502230294117647
Q9UKP6	343	371	0.24094553571428573
Q9UKZ9	290	310	0.27926195
P51172	25	99	0.325638472972973
P51172	155	182	0.2608148518518519
Q14153	293	329	0.3534911388888889
Q14153	358	417	0.36168977966101695
Q5EBN2	175	197	0.2935404545454545
Q6ZVW7	453	472	0.2835908421052632
Q8N3F8	106	134	0.2783255
Q8N972	93	154	0.3128913442622951
Q8TD17	334	415	0.4073328148148148
Q8TF39	381	540	0.40197327672955974
Q96AP4	0	16	0.392755375
Q96AP4	72	104	0.29040009375
Q96AP4	145	211	0.30471763636363636
Q96IZ6	122	152	0.222414
Q9BXJ4	19	52	0.3948058484848485
P51786	153	400	0.4053675182186235
P60880	77	99	0.3096385909090909
Q13639	349	381	0.25721015625
Q5K4E3	478	504	0.27525957692307695
Q6ZN18	252	280	0.3781958214285714
Q6ZN18	319	344	0.2681606
Q8IVP9	45	101	0.3055161607142857
Q8IVP9	147	244	0.39772726804123715
Q8IVP9	259	310	0.4014154117647059
Q8IVP9	343	392	0.4177999183673469
Q8N4L4	6	24	0.26464638888888886
Q9BQ16	79	163	0.3660950476190476
Q9H0B8	205	243	0.49405826315789475
Q9H4E5	0	26	0.48666088461538465
Q9H4E5	197	213	0.40272874999999997
Q9NXT0	53	111	0.2650406896551724
Q9NXT0	141	192	0.36914276470588236
Q9Y253	549	587	0.22798934210526317
A6NP11	107	280	0.3711773699421965
P35354	17	37	0.45594225
Q04741	0	15	0.27593886666666667
Q12829	259	277	0.3397763888888889
Q14533	0	33	0.49974833333333335
Q14533	407	504	0.5123880618556701
Q8IVW8	0	15	0.42067293333333333
Q8IVW8	28	49	0.3178235714285714
Q8IWY4	18	506	0.6183795020491804
Q8IWY4	554	578	0.35428566666666667
Q8IWY4	606	807	0.5757897910447761
Q8N4L8	241	269	0.4176755714285715
Q96GY0	289	314	0.3744896
Q96M89	136	169	0.25588339393939397
Q9HDB9	534	604	0.3185055857142857
O14960	23	59	0.27848119444444447
O15270	0	27	0.42988174074074076
P58549	52	75	0.3167395217391304
P98182	246	294	0.32431647916666667
Q86U44	265	305	0.260461075
Q92886	0	17	0.27530470588235295
Q96QS1	230	270	0.426041075
Q96QS1	289	319	0.3133452333333333
Q9BUG6	347	454	0.40122071962616823
Q9NTX7	0	44	0.3919526818181818
Q9P0K1	432	596	0.5865980487804878
Q9P0K1	624	668	0.35365165909090907
B3KNS4	0	21	0.370484
D6R901	34	61	0.27380229629629627
O00144	185	210	0.31735576
O00144	552	576	0.22516625
O95202	1	74	0.2936707397260274
O95985	684	783	0.471498303030303
P0DPA2	313	341	0.29913753571428575
P0DPA2	354	413	0.42322076271186443
P51685	325	345	0.3019364
Q03405	87	310	0.5043466636771301
Q499Z3	391	406	0.33239853333333336
Q86UC2	26	96	0.2990964857142857
Q86V35	163	181	0.30181505555555554
Q8IW36	140	327	0.4689889786096257
Q8IW36	455	514	0.35084916949152545
Q9BSG1	164	215	0.34675947058823525
Q9H3Y0	217	240	0.45851521739130435
Q9HAZ1	38	63	0.26896876
A0AAG2SVG9	0	49	0.4401036734693878
P31391	356	375	0.4425456315789474
P52747	228	283	0.2922568545454546
P61225	166	182	0.32053425
Q1MX18	19	39	0.30806425000000004
Q92782	80	150	0.21480817142857142
Q92782	186	209	0.31150056521739133
Q92782	260	372	0.4824517232142857
Q9UKQ2	397	657	0.5567114538461538
A0A140TA62	42	99	0.49857401754385966
A0A140TA62	393	435	0.6600011666666666
P17735	435	453	0.5210748333333333
P49711	257	336	0.36185377215189873
P49711	486	579	0.36716306451612907
Q07011	16	174	0.6219787784810127
Q07011	230	254	0.34133858333333333
Q08629	75	205	0.41125667692307694
Q08629	301	322	0.33602466666666664
Q2VPK5	492	512	0.267638
Q49AM3	10	38	0.25215635714285717
Q8TDD2	259	310	0.38684296078431374
Q96RE9	258	311	0.34712964150943393
Q96SD1	425	453	0.30880114285714283
Q9UEG4	141	223	0.3749716585365854
Q9UEG4	560	583	0.3154821739130435
Q9UEG4	759	782	0.27918934782608695
Q9UEG4	833	868	0.3078729428571429
Q9Y2K1	113	133	0.36155935
Q9Y2K1	415	479	0.31234179687499997
Q9Y2K1	521	587	0.36787363636363635
Q9Y2K1	597	648	0.3645584117647059
A1YPR0	355	406	0.2647838823529412
P51504	12	91	0.3385894683544304
P51504	178	197	0.49365200000000004
P51504	236	256	0.27062535
P53801	33	59	0.5479695384615385
P53801	115	130	0.5772407333333334
Q13651	441	475	0.22729070588235295
Q16665	197	233	0.2600121388888889
Q63ZY6	264	284	0.3075574
Q8NCK3	149	200	0.32760466666666666
Q96AG4	125	149	0.2914709166666667
Q96H86	152	217	0.32013956923076925
Q96MC5	184	203	0.2848065789473684
Q9BWM5	193	396	0.45710219704433497
O14490	5	29	0.30659858333333334
O14490	248	268	0.27595785
O60671	265	281	0.3559004375
O76009	0	57	0.5469025263157895
O76009	352	403	0.5333450980392156
P10826	0	17	0.31325488235294113
P10826	39	62	0.3098691304347826
P22792	470	494	0.251143875
P26842	17	151	0.5738335597014925
P26842	221	245	0.2585527083333333
P43489	0	170	0.6008159352941177
Q13106	124	175	0.31868219607843135
Q15375	223	337	0.4090003859649123
Q53EL9	759	780	0.3130237142857143
Q6UXV0	17	66	0.4383469183673469
Q8IXT2	1	21	0.3025106
Q8WWZ3	46	73	0.2956923703703704
Q8WWZ3	85	114	0.4149246206896552
Q9P2V4	23	38	0.2887677333333334
Q9UK53	345	408	0.3849156507936508
Q9UPG8	29	84	0.33330316363636364
Q9UPG8	182	205	0.3823453913043478
Q9Y228	24	51	0.28497433333333333
P00740	53	187	0.42771566417910445
P16473	18	40	0.3665825454545455
P49798	23	51	0.22830971428571425
P49798	179	204	0.30079684
Q15935	97	201	0.5267499903846153
Q52LR7	394	455	0.2381998524590164
Q96A83	113	142	0.45824627586206895
Q96NA8	18	65	0.3501495531914893
Q9C0F3	129	180	0.32442384313725486
Q9GZW5	168	189	0.297146380952381
Q9NZU5	17	67	0.39515389999999995
Q9NZU5	232	255	0.3266241739130435
Q9NZU5	296	316	0.44440915
Q9UGM5	142	163	0.3040284761904762
O14921	3	18	0.29467533333333334
O43353	369	423	0.2320960925925926
P07358	492	590	0.5040407551020408
P49767	198	418	0.6475674636363636
P51522	420	473	0.36053016981132074
P56915	93	122	0.3481458275862069
P58166	229	252	0.35225743478260874
Q16478	922	945	0.34962652173913045
Q2VY69	166	497	0.4535677915407855
Q6S545	17	126	0.414974623853211
Q6UWL2	24	190	0.5308416686746987
Q6ZN79	107	134	0.27268592592592594
Q6ZN79	162	267	0.4653713238095238
Q96LK8	0	20	0.263997
Q9H116	308	391	0.37162277108433733
F8WFD2	323	345	0.3301781818181818
O00237	560	597	0.5454464594594594
O00237	658	684	0.3833001923076923
Q14134	162	196	0.34187305882352936
Q2M3R5	34	64	0.38953926666666666
Q5SXH7	416	437	0.2852991428571428
Q8NCA9	92	143	0.3829363921568627
Q8NCA9	187	238	0.31789354901960787
Q8TED9	349	378	0.2541153103448276
Q96G46	113	186	0.2531812191780822
Q96G46	279	297	0.2549036111111111
Q96PC2	167	193	0.23701984615384616
Q99835	53	80	0.35823466666666665
Q9H898	44	86	0.29955966666666667
E9PKD4	325	345	0.30686230000000003
Q05996	622	643	0.2804783809523809
Q14990	125	249	0.5740041129032257
Q1ZYL8	213	231	0.3133815
Q4G1C9	199	224	0.38100972
Q56NI9	17	58	0.20475548780487807
Q7Z4H8	485	506	0.26784352380952375
Q8N4Y2	344	392	0.5263371041666667
Q8N7K0	133	186	0.3609377358490566
Q8N7K0	217	410	0.46169470466321244
Q8N9Z0	223	274	0.3099550196078431
Q8TBZ5	50	85	0.2097550857142857
Q8TBZ5	134	197	0.3982105396825397
Q96MI6	80	98	0.2958185555555556
Q96MI6	157	177	0.292431
Q96S65	17	42	0.27681472
Q99650	847	864	0.28516888235294113
Q9BSK1	107	201	0.3552170638297872
Q9NRG4	254	276	0.31827500000000003
Q9NY57	334	355	0.2774212380952381
Q9NY57	388	413	0.4359886
Q9Y620	218	260	0.2630367142857143
Q9Y620	598	615	0.3317031764705882
Q9Y620	822	838	0.27835031250000003
A0AAG2TWJ7	0	19	0.3070443157894737
O76014	0	101	0.3387538415841584
O76014	402	441	0.6004384102564102
P60331	0	281	0.8087049822064056
Q3KNS6	203	366	0.4070336503067485
Q5H9K5	0	28	0.3263206785714286
Q5T6C5	61	108	0.2718539574468085
Q5T6C5	402	420	0.3055925
Q5T6C5	509	534	0.29720044
Q5T6C5	574	607	0.25163266666666667
Q5T6C5	651	721	0.3304013571428571
Q68BL7	36	107	0.3372647042253521
Q8NCE0	181	232	0.3025546862745098
Q8TB69	95	110	0.2802184
Q8TB69	228	252	0.30118741666666665
Q8TB69	283	336	0.37048958490566036
Q96GF1	28	48	0.34966010000000003
Q9BYV9	138	158	0.32794185
Q9BYV9	489	559	0.3270049571428571
Q9BYV9	652	799	0.3399781428571429
Q9BYV9	812	839	0.312218037037037
Q9H4T2	227	278	0.29669413725490196
A6NHQ4	0	55	0.3205111272727273
P03952	364	392	0.27067907142857145
P54762	242	328	0.45924143023255815
Q06889	296	347	0.2929051568627451
Q3ZCT1	16	122	0.3823265
Q5HY98	206	257	0.3012090980392157
Q6WBX8	399	414	0.3421425333333333
Q6ZNG0	201	228	0.36882625925925927
Q6ZNG0	243	294	0.3793614705882353
Q6ZNG0	317	378	0.4067342295081967
Q8N7R1	108	128	0.2641599
Q9BT49	112	132	0.2950952
Q9NW07	142	193	0.3281371764705882
Q9Y5W5	166	377	0.6579059241706161
O15393	55	83	0.33270042857142856
O15393	111	149	0.46268947368421054
O43918	385	484	0.33962314141414146
O75712	218	269	0.3447494509803921
P08476	303	318	0.3235478
P32926	565	604	0.3261840769230769
P32926	794	836	0.22760919047619046
P32926	979	998	0.3076628421052632
P49619	302	361	0.3628028983050847
Q00987	351	383	0.26954846875
Q08ER8	153	241	0.2741495909090909
Q08ER8	330	383	0.36126018867924525
Q499Z4	0	325	0.47158135999999995
Q5TEC3	252	298	0.3378472391304348
Q5TEC3	343	423	0.3725506125
Q6PF04	195	246	0.3139867254901961
Q96CX3	13	270	0.47356220622568096
Q96PR1	67	94	0.27111685185185186
Q96PR1	498	534	0.25624399999999997
Q96PR1	564	594	0.23555706666666668
Q9BRB3	632	677	0.42979471111111117
Q9BUK6	392	452	0.25094336666666667
Q9BUK6	472	494	0.2357885909090909
Q9NR12	271	289	0.3753454444444444
Q9NWN3	163	196	0.25067236363636364
Q9NWN3	621	642	0.33064442857142856
Q9NWS9	323	346	0.2997952173913044
Q9NWS9	386	437	0.33889839215686274
Q9NYW8	154	187	0.34959851515151513
Q9NYW8	252	436	0.45046767391304343
Q9NYW8	448	499	0.38130641176470587
Q9NYW8	614	665	0.3468551764705882
Q9UJW8	344	395	0.3631727450980392
P17035	170	191	0.35507042857142856
P17035	206	313	0.357189691588785
P17035	337	419	0.38331762195121954
P84550	939	964	0.3357342
Q5SXM1	72	96	0.35436504166666666
Q5SXM1	116	189	0.37087334246575343
Q5SXM1	200	447	0.46537781781376514
Q8IVC4	135	159	0.2677249583333334
Q8IVC4	205	256	0.3465328039215686
Q8IVC4	317	369	0.34596017307692306
Q8IXM7	70	96	0.24538123076923077
Q8WW33	6	109	0.29636349514563104
Q96AW1	140	167	0.2847867037037037
Q96N22	95	139	0.2766133409090909
Q96N22	217	242	0.34900116
Q96N22	329	380	0.372339137254902
A0A0J9YY54	672	713	0.3500932682926829
B7ZLF3	28	82	0.40186883333333334
O95980	28	58	0.46575256666666665
O95980	109	310	0.43238117412935323
O95980	543	772	0.5726725065502183
P01854	433	486	0.24537428301886793
P0CG36	79	131	0.4478666923076923
P0CG36	188	222	0.31562517647058824
P0DPD5	108	145	0.3475777837837838
P0DPD5	164	383	0.422095401826484
P14151	117	269	0.40523605263157897
P22749	32	54	0.3132482272727273
P60368	0	254	0.772280783464567
Q6DJT9	25	78	0.3268108490566038
Q6DJT9	176	227	0.296153431372549
Q8N3A8	311	341	0.2312802
Q8N3A8	356	404	0.29099395833333336
Q8N9L1	162	180	0.3031861111111111
Q8N9L1	195	250	0.31484989090909093
Q8TBB1	3	31	0.45889310714285714
Q8TBB1	74	89	0.34097373333333336
Q8TBB1	102	161	0.3884985254237288
Q96CC6	490	527	0.3839090810810811
Q96CC6	537	609	0.42833933333333335
C9JLJ4	34	61	0.2706159259259259
P48745	26	350	0.5751986882716049
P52738	152	203	0.306035431372549
Q13705	17	60	0.3175900930232558
Q5HYM0	356	382	0.2612551923076923
Q7RTU7	126	148	0.2925369545454546
Q7RTU7	171	191	0.2941001
Q9C073	59	87	0.23726596428571428
Q9H1K6	320	346	0.25526492307692306
Q9H3Z4	125	147	0.5361866363636364
A8MXY4	241	299	0.3856783275862069
A8MXY4	388	439	0.3724517450980392
O43692	227	242	0.4678210666666667
P22413	92	212	0.4943342083333333
P22413	603	632	0.2805278965517241
Q5T5D7	178	229	0.34233980392156865
Q6MZP7	514	638	0.5140978467741936
Q6MZP7	694	709	0.42250033333333337
Q6MZP7	731	748	0.3442955294117647
Q8NGA4	0	33	0.2437340909090909
Q96FC9	843	902	0.47562710169491523
Q96FC9	923	961	0.39588136842105265
Q96MD7	123	145	0.3026909545454546
Q9BUY5	135	187	0.3203723653846154
Q9BUY5	299	350	0.34018270588235294
Q9H4Q3	592	644	0.2665111923076923
Q9H5U6	87	105	0.3137825
Q9H5U6	380	470	0.5354403666666667
E7ERA6	40	168	0.36941275
E7ERA6	219	236	0.33057935294117646
O94907	74	265	0.4543388638743455
P0DJD4	431	480	0.26077132653061225
P10828	9	45	0.22602236111111107
P13284	217	249	0.288707
P22001	72	110	0.2624307105263158
P22001	545	571	0.2338146153846154
P43250	550	574	0.379247375
Q6ZMM2	352	372	0.26678225
Q6ZP65	11	31	0.2615825
Q8IW70	536	565	0.2973139310344828
Q8TD20	590	614	0.27112283333333337
Q92670	311	327	0.283331375
Q96MY7	114	137	0.291443
Q9BSK4	261	298	0.32387332432432436
Q9NQ86	104	127	0.37591260869565213
Q9UBR4	9	30	0.3717334761904762
A4QPH2	281	306	0.27934188
O43364	286	314	0.23839078571428574
O75074	155	259	0.5340345480769231
O75074	357	494	0.5931240875912408
P14138	148	182	0.41896555882352937
P14138	217	237	0.42470094999999997
Q12849	12	27	0.4230256666666667
Q16600	127	279	0.40984346052631576
Q2TAK8	149	175	0.2744405384615385
Q6PGQ7	476	558	0.2966017195121951
Q6U7Q0	0	24	0.4085675416666667
Q6U7Q0	52	103	0.4234485098039215
Q6U7Q0	134	256	0.41847008196721314
Q8IUD6	90	112	0.34122672727272724
Q8IUQ4	0	37	0.35451027027027027
Q9BXJ1	62	85	0.3522738260869565
Q9HCC9	468	490	0.2771977272727273
Q9HCC9	548	594	0.41607113043478267
Q9HCC9	776	799	0.32917078260869564
Q9NQE9	5	74	0.31389023188405796
O00220	121	232	0.5628536126126126
O00220	262	288	0.3844589230769231
P01112	170	188	0.41199261111111113
P05107	378	409	0.28707532258064516
P05107	438	675	0.6571022278481012
P23769	278	382	0.3920500769230769
P23769	402	429	0.3029014074074074
Q14526	207	249	0.3279910476190476
Q14526	415	451	0.26891488888888887
Q14526	498	549	0.31161154901960786
Q15493	3	22	0.3017301578947369
Q2I0M4	35	53	0.3445689444444444
Q68DU8	278	339	0.37574667213114754
Q6P9A1	230	281	0.3294883725490196
Q6UXH8	36	211	0.4838439085714286
Q7LFX5	6	45	0.4095476666666667
Q8IVU1	743	761	0.244152
Q8IWR0	579	601	0.30360218181818177
Q8IWR0	714	737	0.24106886956521736
Q8IWR0	764	794	0.26742673333333333
Q8IWR0	854	875	0.34605085714285716
Q96G27	17	44	0.4263508518518519
Q96G27	146	173	0.4391420740740741
Q96G27	194	228	0.32462147058823526
Q96RP8	0	16	0.5344005
Q9HB15	11	33	0.566160590909091
Q9NQ03	146	200	0.32406212962962966
Q9P0L1	374	425	0.3347286862745098
C9JSJ3	253	280	0.30180033333333334
O43184	356	624	0.5555858507462687
O43184	743	773	0.2937976333333333
O75330	705	723	0.25539972222222224
P01861	95	115	0.267672
P05981	1	16	0.27444026666666665
P15622	99	131	0.29919915625
P15622	190	241	0.41123109803921565
P15622	498	556	0.35821955172413794
P62508	0	44	0.23359079545454547
P62508	93	126	0.33519766666666667
Q01101	258	315	0.3167691228070175
Q01101	429	455	0.4111890384615385
Q3SY52	91	112	0.28423895238095237
Q3SY52	189	253	0.30693134375000003
Q5VIY5	170	191	0.38327723809523806
Q5VIY5	228	426	0.4306993737373737
Q7Z3E5	751	771	0.3347259
Q8N8K9	39	82	0.2659914418604651
Q8N8K9	102	134	0.32176871875
Q8WTR8	15	62	0.29843553191489364
Q8WTR8	146	373	0.632988885462555
Q96K75	193	274	0.45821183950617284
Q96RL1	494	533	0.34351076923076923
Q96RL1	552	610	0.30394324137931034
Q9H1H1	0	72	0.3002359861111111
Q9H1H1	86	109	0.2605506086956522
Q9H7E9	10	53	0.2777120465116279
Q9UK10	167	246	0.38375693670886074
Q9Y330	378	429	0.3773601960784314
P06681	47	98	0.2909376274509804
P35858	560	592	0.28602475
Q5D1E8	295	337	0.2649333095238095
Q5TD97	86	111	0.45383312000000003
Q8IYR2	586	649	0.4107334285714286
Q8N720	203	254	0.3388190588235294
Q8N720	371	447	0.3626613552631579
Q99612	191	246	0.2789359090909091
O75751	533	552	0.2972470526315789
P08709	101	204	0.5094394660194175
P23921	773	791	0.29157305555555557
P52736	55	87	0.25998468750000003
P52736	99	119	0.29972995
P52736	205	256	0.27136562745098036
Q08AG5	92	117	0.29334436
Q08AG5	132	184	0.3957999038461538
Q08AG5	204	286	0.4370333170731707
Q08AG5	300	351	0.47881743137254906
Q14508	27	123	0.6895009270833333
Q5T601	121	141	0.3342268
Q70EK9	223	243	0.42171634999999996
Q7RTY8	481	605	0.5930313629032258
Q8WY91	341	369	0.2589812142857143
Q96K78	41	68	0.3302132222222222
Q9H8X9	343	376	0.25256642424242426
Q9Y2G7	108	133	0.23292355999999997
Q9Y2G7	149	340	0.4306193507853403
Q9Y2K6	0	46	0.32263015217391305
A8MUX0	0	516	0.687199269379845
O75509	3	21	0.284928
O75509	56	220	0.5014107987804878
P08138	28	197	0.6460176863905326
Q13835	124	251	0.2706461968503937
Q13835	460	485	0.33534344
Q13835	502	537	0.207677
Q8N1W2	286	303	0.28427770588235296
Q8N1W2	314	365	0.37931503921568627
Q8N1W2	381	452	0.3695117464788732
Q96GE5	216	407	0.4458128848167539
Q96GE5	467	518	0.45334541176470583
Q96GE5	551	637	0.3979219534883721
Q99435	218	236	0.43894044444444447
Q99435	257	815	0.6176743315412186
Q9BY31	246	314	0.39332451470588237
Q9BY31	330	493	0.43950414723926373
Q9BY31	729	830	0.3654555544554456
Q9H172	334	362	0.27514882142857144
Q9UIC8	2	33	0.4342583225806451
Q9UM44	371	406	0.34256734285714285
Q9Y2Y4	362	415	0.3433896981132075
Q9Y2Y4	469	486	0.43873100000000004
O14773	517	535	0.24136527777777778
O43482	1	27	0.2863905
P30530	844	875	0.2626946129032258
P78385	2	38	0.5091421666666667
P78385	412	492	0.5156537
Q12933	94	232	0.5836318550724637
Q15973	75	332	0.4809489105058366
Q8N5C8	678	711	0.40624669696969695
Q96AP0	176	245	0.28231630434782606
Q96AP0	411	431	0.28545465000000003
Q9H3R2	166	192	0.32627030769230775
Q9H3R2	327	410	0.4949843734939759
A0AAG2TVJ1	328	355	0.28628507407407405
O43257	94	153	0.4300147796610169
O75373	106	132	0.2692275
O75373	164	215	0.32452558823529415
O75373	248	299	0.35071033333333335
O75373	360	411	0.3618603921568627
P01860	72	168	0.4924956875
P17019	105	140	0.34358694285714286
P17019	158	239	0.4096682469135803
P17019	439	490	0.35725311764705886
Q13263	54	193	0.5211007697841726
Q13263	703	726	0.3288175652173913
Q5MCW4	149	174	0.36536236
Q5MCW4	205	256	0.36640696078431373
Q5MCW4	373	424	0.3834062549019608
Q8N5P1	186	273	0.35873933333333335
Q8N859	277	328	0.34394621568627454
Q9UJ78	323	420	0.3921715257731959
Q9Y278	43	75	0.277473625
O15535	166	192	0.27181849999999996
O15535	245	296	0.3620647254901961
P0CJ79	214	312	0.36100659183673467
P42701	24	39	0.45531553333333336
P42701	185	205	0.32746664999999997
Q7L3S4	57	105	0.3463945
Q7Z7A3	0	18	0.36662755555555554
Q8TF42	356	390	0.2307184117647059
Q8WUA4	542	563	0.285237619047619
Q92838	14	37	0.35754573913043475
Q96IK5	33	71	0.3266932894736842
Q9H1Z9	19	57	0.34809336842105265
Q9UDY8	721	739	0.27806522222222224
Q9UDY8	766	793	0.3037993333333333
O00602	100	120	0.23861344999999998
O95633	84	252	0.6546069285714285
P28698	347	398	0.3060040196078431
P28698	478	527	0.35976969387755103
P49795	28	85	0.4321402105263158
P52739	282	331	0.3263774693877551
P52739	347	395	0.4237511875
Q2M385	390	413	0.2711598695652174
Q7L7V1	722	742	0.3497451
Q8N7S2	143	188	0.42294746666666666
Q8NBF1	1	21	0.28792985
Q8NBF1	54	109	0.2762493272727273
Q8NBF1	196	212	0.3543683125
Q8NBF1	253	308	0.32386265454545454
Q8NBF1	589	606	0.2752719411764706
Q9HC57	133	189	0.3804638392857143
Q9NQZ8	64	144	0.3134676625
Q9NQZ8	401	452	0.3481352549019608
O95685	15	41	0.22669753846153845
O95685	82	104	0.3386286363636364
Q8IUA0	41	240	0.5649874623115578
Q8N141	161	212	0.2954727450980392
Q8N141	441	492	0.3332617843137255
Q8N895	244	295	0.28274543137254904
Q8N895	605	644	0.2528641025641026
Q8N895	682	708	0.2707485
Q92743	21	139	0.5746860169491526
Q96BH1	187	210	0.2636024782608696
Q96S21	262	280	0.32423016666666665
Q96SE7	280	331	0.34594652941176474
Q96SE7	644	695	0.407430862745098
Q96SL8	12	121	0.4054008623853211
Q96SL8	191	242	0.3214272156862745
Q96SL8	322	372	0.2805308
Q96SL8	405	450	0.3304310888888889
Q9ULV3	513	540	0.24686003703703704
A6NFQ7	171	190	0.3199794210526316
P00748	49	139	0.5664003333333334
P00748	151	280	0.45849931782945735
P00750	66	98	0.52193959375
P17025	225	276	0.30121711764705883
P49759	41	61	0.26674905
P51582	345	364	0.2972642105263158
Q08050	149	176	0.26132248148148146
Q15695	316	340	0.26817341666666666
Q6PJE2	118	174	0.324349625
Q6Q0C0	185	291	0.3842296603773585
A0A140TA64	0	209	0.8658003110047847
A6NDA9	492	537	0.3393967333333333
O15499	0	27	0.2947457777777778
O15499	53	86	0.6233889696969698
P11161	331	384	0.2917041509433962
P11161	432	475	0.34250667441860466
P41182	337	365	0.2930565357142857
P41182	464	616	0.415775
P51884	31	52	0.3580270952380952
P83881	1	24	0.3516528260869565
Q02386	242	318	0.37442407894736845
Q5VTD9	183	234	0.3097618235294118
Q6DD87	57	108	0.31140780392156864
Q6DD87	271	294	0.3257639565217391
Q6DD87	308	359	0.3486061764705883
Q8N8L2	3	51	0.3001759583333333
Q9H8W5	18	33	0.29652700000000004
Q9H8W5	124	168	0.534429840909091
Q9H8W5	499	571	0.5094581944444445
Q9HBF4	0	118	0.4724117288135593
Q9HBF4	432	484	0.30591878846153847
Q9NZL3	167	637	0.45052579148936167
P0C7A2	0	39	0.3270486923076923
Q14929	225	306	0.3862270740740741
Q14929	393	447	0.3904537037037037
Q5U5X8	0	28	0.25333467857142855
Q5U5X8	305	329	0.21662404166666663
Q6P1L6	260	311	0.30950909803921567
Q9NSB4	1	50	0.26152865306122447
Q9NSB4	458	501	0.26673562790697675
Q9NZV8	552	597	0.23976244444444444
Q9Y2D8	567	608	0.2878658292682927
A6NC86	77	203	0.4411508968253968
A6PVC2	685	707	0.3127525
A6PVC2	745	849	0.39003774038461536
O60393	231	251	0.2467917
O60393	552	620	0.22278977941176473
Q147X3	23	43	0.3184095
Q8NFN8	745	775	0.3410761333333333
Q9BSI4	345	392	0.2895822978723404
Q9BSI4	415	450	0.37213542857142856
Q9H7L2	284	351	0.2665325074626866
Q9H7R5	169	220	0.34886674509803917
Q9UPX6	111	175	0.36711309375
B4DU55	223	274	0.32394507843137255
O43781	32	55	0.31521265217391303
P60370	0	270	0.779542074074074
Q14258	86	195	0.37537939449541285
Q6PII5	223	289	0.3677904393939394
Q6ZMJ4	184	208	0.305821
Q96A37	8	81	0.4160118219178082
Q96NS5	240	269	0.2942545172413793
Q99697	0	21	0.26745638095238095
Q9H4P4	97	143	0.35637026086956525
Q9NP72	188	205	0.3178790588235294
Q9P0K9	93	113	0.3084897
Q9P2Y4	154	203	0.2758492448979592
Q9UDV6	276	330	0.3011702962962963
Q9UDV6	418	469	0.32389315686274506
Q9Y5B0	112	136	0.2908698333333333
Q9Y6T7	278	334	0.42669212500000003
A0AAQ5BID4	1	39	0.3060237631578947
P00734	49	138	0.27173731460674155
P05556	393	694	0.5947011029900332
P49640	336	372	0.29807972222222223
P51815	356	407	0.32910070588235296
Q6UW60	585	610	0.41912688000000003
Q6UW60	638	712	0.5224652027027027
Q6ZNA5	193	210	0.2913420588235294
Q6ZVD7	230	253	0.3358793043478261
Q96F83	276	305	0.2801916896551724
Q9BX74	56	78	0.2572261818181818
Q9H2U9	602	662	0.4880618666666667
Q9NQG7	494	529	0.26315365714285716
Q9P255	73	113	0.44880440000000005
Q9P255	131	267	0.4257774779411765
Q9P255	384	435	0.366178
P06239	0	27	0.31889737037037036
P55001	140	182	0.49341340476190476
Q3KQV3	116	146	0.4182479333333333
Q3KQV3	190	266	0.33142699999999997
Q66K89	211	275	0.24475117187499998
Q66K89	426	477	0.33231825490196076
Q6NSZ9	339	389	0.32733471999999997
Q6NVV9	321	338	0.3884641176470588
Q6NVV9	349	397	0.5202313749999999
Q6UXH1	20	43	0.29740052173913045
Q6UXH1	78	96	0.3517179444444445
Q6UXH1	125	339	0.7397255046728971
Q7Z304	495	518	0.273005
Q8IUN9	124	145	0.4068490476190476
Q8IUN9	162	190	0.2936897857142857
Q8WUT4	351	386	0.20356245714285714
Q8WUT4	541	579	0.373677552631579
Q92613	155	223	0.33868699999999996
Q92633	321	337	0.2797596875
Q9BXQ6	157	197	0.6672945
Q9BZM3	39	73	0.35603247058823534
Q9H7X3	116	197	0.4059814567901235
Q9NQ30	18	135	0.6091776068376069
O14753	0	86	0.25574962790697675
O14753	109	196	0.35693233333333335
P54368	46	75	0.2640783448275862
Q06416	56	79	0.26443782608695654
Q15916	292	314	0.3597041818181818
Q15916	373	396	0.47360682608695653
Q6S5L8	393	473	0.3139672125
Q8IWS0	6	54	0.42696191666666666
Q8IWS0	201	224	0.3263780869565217
Q8N819	394	415	0.3813192857142857
Q8ND76	0	17	0.33840882352941176
Q8WXB4	475	526	0.33443635294117646
Q9BYM8	191	226	0.4723726857142857
Q9BYM8	399	426	0.35415229629629624
Q9BYM8	436	509	0.5989941917808219
Q9GZV8	419	440	0.3990174285714285
Q9GZV8	451	497	0.46687939130434786
Q9GZV8	508	555	0.4492617021276596
Q9NQV5	23	83	0.26405418333333336
Q9UHI8	406	554	0.35176675
H3BPM6	205	222	0.2768816470588235
O75928	410	462	0.22420065384615384
P25942	10	189	0.4897258938547486
Q03936	164	243	0.32287001265822785
Q03936	472	523	0.32389988235294115
Q03936	556	578	0.343131
Q13275	544	582	0.3316270263157895
Q14119	165	216	0.3326293137254902
Q15323	1	57	0.5251176428571428
Q15323	351	415	0.688949015625
Q15915	260	278	0.2982298333333333
Q15915	293	348	0.2872351090909091
Q96HC4	409	427	0.34026194444444446
Q9H091	238	263	0.299673
Q9NTQ9	217	243	0.4220987692307692
Q9Y2T1	530	561	0.3608314516129032
Q9Y2T1	693	725	0.24129731250000003
Q9Y5H6	725	741	0.271171125
P01130	16	390	0.6654700748663102
P32241	26	71	0.2503822888888889
P60827	18	38	0.30880125
P78536	442	612	0.6395905294117648
Q13105	297	376	0.3814518987341772
Q14586	258	285	0.3753378148148148
Q14586	313	525	0.4387192688679245
Q2M3W8	220	279	0.30569615254237287
Q2M3W8	424	540	0.3852757327586207
Q2M3W8	551	570	0.29861352631578947
Q6NUI6	29	57	0.32955914285714283
Q6NUI6	385	423	0.44556510526315796
Q8N944	821	853	0.27945203125
Q8N966	77	93	0.3515063125
Q8TDF6	556	644	0.40157652272727273
Q8WX94	955	979	0.41191975
Q96DX8	143	178	0.33627388571428574
Q9BR84	96	212	0.39355042241379307
Q9BR84	288	339	0.3594895490196079
Q9H4Q4	290	313	0.303498
O15529	324	345	0.3592759523809524
O43278	30	50	0.27074045
O43278	239	256	0.259966
O43278	276	400	0.46243206451612906
P20800	26	50	0.26474279166666664
P20800	85	119	0.37263661764705885
P21709	220	340	0.46454950833333336
Q13670	37	53	0.3272025625
Q13670	104	152	0.25428860416666665
Q5FYB0	0	22	0.3137913636363636
Q6ECI4	247	382	0.4072672148148148
Q6ZN19	192	243	0.3574878627450981
Q6ZN19	435	553	0.42053077118644067
Q8IWU5	709	731	0.2740005454545455
Q8IWU5	812	831	0.2830177894736842
Q9BTV6	366	386	0.26637575
Q9BUZ4	82	291	0.504275062200957
Q9BXI9	46	69	0.34331347826086955
Q9ULK2	107	127	0.3296104
A6NM28	143	194	0.2890965882352941
A6NM28	255	306	0.3910109411764706
O43361	289	340	0.3219623921568628
O43361	474	525	0.32027498039215685
O43361	659	762	0.3671636310679611
P24864	52	83	0.24737935483870968
P60852	225	274	0.38263765306122444
P60852	535	554	0.3325113157894737
Q6DRA6	88	116	0.4731482857142857
Q96NX5	364	443	0.3485593924050633
Q96NX5	454	475	0.4214333333333333
Q9HCZ1	228	279	0.29977356862745097
Q9UII5	26	74	0.39004931249999997
Q9UII5	151	202	0.3871731176470588
Q9UII5	235	286	0.3470373333333333
Q9UII5	599	678	0.36738635443037976
Q9UII5	767	782	0.29275379999999995
A6NFC9	194	231	0.2578038648648649
O94892	196	247	0.3142654705882353
O94892	448	499	0.3825179607843137
P0C0E4	251	277	0.48319746153846155
P10643	26	137	0.4661512792792793
P10643	449	580	0.4318399160305344
P10643	648	842	0.5051326804123711
Q05516	395	418	0.2875067826086956
Q05516	509	588	0.4269062025316455
Q13351	270	325	0.27112054545454545
Q3MIS6	204	311	0.39696894392523363
Q3MIS6	456	627	0.4253767426900585
Q6P9A3	266	318	0.29474300000000003
Q6P9A3	464	515	0.3931854509803921
Q6UWJ8	0	15	0.4723523333333333
Q8NC26	112	146	0.23624485294117648
Q8NC26	268	346	0.34104839743589743
Q8NEP3	36	59	0.25716826086956524
Q92466	27	58	0.23856806451612905
Q9H1U4	193	430	0.6996961181434599
Q9HB63	262	466	0.6164456764705882
Q9HB63	498	515	0.4065641764705883
Q9NYF5	322	419	0.22693063917525771
Q9UBB9	380	399	0.21759294736842105
Q9UGR2	414	454	0.22404362500000002
Q9UGR2	751	783	0.27606875
Q9UGR2	839	856	0.2748768823529412
O75792	3	34	0.264783
O94842	561	598	0.3099567567567567
P78325	304	647	0.5688938483965015
Q14213	16	32	0.281596
Q17R60	677	756	0.3577945443037975
Q5JVG8	105	141	0.32772677777777776
Q5JVG8	192	299	0.4003595794392524
Q5JVG8	360	411	0.3148359607843137
Q7RTU3	228	253	0.33188988
Q9P0T4	0	23	0.24190017391304347
Q9P0T4	75	95	0.43440405000000004
Q9P0T4	106	159	0.353347641509434
A6NCL2	24	61	0.5693231621621622
A6NER0	523	545	0.37837272727272725
B2RXF5	194	221	0.2894842962962963
B2RXF5	283	308	0.42709063999999997
B2RXF5	325	400	0.3941450933333333
O15105	49	70	0.30856557142857144
P0DTL6	140	218	0.4504116923076923
P57729	194	210	0.34772149999999996
Q02487	665	683	0.3039725
Q02487	786	828	0.3099722857142857
Q18PE1	481	503	0.35241163636363637
Q3ZLR7	198	253	0.20444663636363636
Q3ZLR7	268	307	0.2651369487179487
Q6EMK4	21	47	0.3814971538461538
Q6ZNA4	580	601	0.35537638095238094
Q6ZNA4	917	952	0.2873552571428571
Q8IYR6	34	245	0.5206550379146919
Q8IYR6	263	309	0.43106841304347826
Q8IYR6	351	368	0.323782
Q8N782	248	478	0.49858
Q8NDY4	68	89	0.31029780952380953
Q9UJW7	192	213	0.2671034761904762
Q9UJW7	227	258	0.46755567741935483
Q9UJW7	340	393	0.342458
Q9UJW7	619	824	0.47527265365853655
P60372	0	400	0.787138905
Q05923	136	152	0.351672125
Q15633	322	346	0.30326016666666666
Q1L5Z9	132	175	0.38004916279069767
Q8IU68	664	689	0.35427384000000006
Q8IUX8	25	198	0.607203739884393
Q8IVN8	14	141	0.4976791811023622
Q8TE58	460	592	0.4530652272727273
Q8TE58	840	949	0.4787703577981651
Q9BS31	169	220	0.31384549019607844
O76050	31	58	0.2895414074074074
O76050	474	505	0.23474729032258063
P30260	168	193	0.24784748
P54274	33	56	0.2902018695652174
P59990	0	95	0.6325496631578947
Q14872	118	156	0.30743305263157894
Q14872	191	245	0.3225447962962963
Q14872	623	647	0.4205675
Q5U623	151	178	0.36441874074074077
Q5U623	233	271	0.26950355263157894
Q8N100	0	38	0.32169742105263155
Q9C0K0	124	154	0.35325779999999996
Q9C0K0	169	225	0.39236208928571426
Q9C0K0	787	868	0.35594364197530864
Q9H871	368	384	0.3315778125
Q9NYP9	0	34	0.5486406764705882
O43854	17	167	0.5552028400000001
Q6PJF5	488	525	0.3805569189189189
Q6PJF5	538	610	0.38723141666666666
Q6PJT7	590	721	0.45380356488549617
Q6VVB1	101	121	0.2600653
Q8IZC7	65	116	0.2969882549019608
Q8IZC7	216	267	0.3720766862745098
Q8N9K5	198	251	0.3590608113207547
Q9NX94	244	296	0.3027358461538462
Q9UBC3	382	412	0.34426083333333335
Q9UQR1	162	213	0.2747382156862745
A0A087WXS9	523	545	0.37837272727272725
P0C7U0	284	303	0.26353036842105265
Q15061	0	19	0.28502726315789473
Q16270	19	165	0.5431439726027397
Q8NAX2	14	35	0.32286090476190477
Q8NDL9	839	881	0.25941364285714286
Q9H6R6	387	407	0.38879125000000003
Q9NZC7	373	389	0.3389071875
Q9UK39	49	74	0.24278195999999996
Q9Y5A6	268	319	0.3445097450980392
Q9Y5B8	227	242	0.35236900000000004
D6RGH6	0	60	0.24695391666666666
P04233	202	239	0.21322262162162162
P22735	37	60	0.4896188695652174
P24592	20	113	0.48335904301075266
Q13572	346	412	0.24856813636363637
Q68DY9	163	192	0.3709965862068966
Q68DY9	202	226	0.2749559166666667
Q68DY9	241	308	0.4508595223880597
Q68DY9	425	476	0.35259680392156867
Q6XR72	395	437	0.3803667380952381
Q6XR72	451	484	0.3182030303030303
Q76KX8	273	381	0.3627804814814815
Q8IXR5	568	590	0.22972622727272726
Q8TAT5	242	294	0.4264443653846154
Q96CK0	489	542	0.3154060188679245
Q96G01	952	974	0.34510895454545454
Q96MM3	179	226	0.260478914893617
Q96PD2	2	20	0.2773742222222222
Q96SR6	278	338	0.3021877
Q9P2Z0	119	155	0.20582502777777778
O43623	119	199	0.341950575
O76074	68	88	0.29683155
O95081	19	53	0.3120963823529412
O95190	4	30	0.2940623076923077
P05106	455	684	0.6660900131004367
P17026	46	97	0.3482225882352941
Q2I0M5	21	46	0.52400196
Q3ZCX4	241	292	0.3640204313725491
Q7Z3S9	0	218	0.6702797981651376
Q9GZM7	21	60	0.3839148974358974
Q9GZM7	116	148	0.51651525
Q9NS23	29	52	0.2794593913043478
A8MTQ0	50	80	0.2304308333333333
O60320	212	232	0.26888985
O75558	264	285	0.40110628571428575
O75829	271	298	0.43927351851851854
P07911	22	191	0.5998858343195267
P07911	279	321	0.5520923333333334
P29317	219	334	0.404196147826087
P60371	0	364	0.7890058241758242
Q99965	362	543	0.5583465303867403
Q99965	584	644	0.45779905
Q9BQ66	0	200	0.87186977
Q9UM82	372	417	0.5003448666666667
Q9UM82	449	501	0.5463625961538462
P0C7M6	0	15	0.33083453333333335
P0DKX0	108	132	0.28967829166666664
P0DKX0	147	173	0.29737046153846153
P0DKX0	217	270	0.3756153962264151
P14679	21	57	0.44842475000000004
P21506	197	279	0.3145924390243902
P47974	148	221	0.29800579452054793
P47974	282	366	0.3487265
Q03938	164	243	0.39688764556962025
Q03938	304	355	0.3384466470588235
Q03938	388	439	0.3443100588235294
Q16589	290	324	0.36997961764705883
Q53H47	1	47	0.31944771739130434
Q53H47	307	333	0.31844811538461537
Q5MJ68	168	234	0.37072719696969697
Q86T96	92	116	0.33640825
Q86VH5	28	47	0.37032894736842104
Q86Y97	275	318	0.3717220930232558
Q86Y97	353	373	0.2483883
Q92664	53	75	0.3529190909090909
Q92664	91	194	0.4028098543689321
Q92664	208	262	0.38542724074074075
Q92664	331	358	0.2946486666666666
Q9HA38	50	84	0.367203
Q9HA38	228	260	0.2575856875
O95639	122	171	0.4224540612244898
P13671	31	189	0.4845516392405063
P13671	510	653	0.4501931398601398
P13671	731	807	0.4470563026315789
P13671	825	872	0.383113
P26012	402	435	0.26146833333333336
P26012	457	671	0.6317667336448598
P43403	79	111	0.297595625
P55291	569	591	0.2815995909090909
Q14192	37	201	0.4890546463414634
Q2TAL6	155	324	0.6876486627218935
Q8IW52	331	360	0.31890162068965516
Q969F8	11	33	0.3024570909090909
Q9BYR4	0	194	0.7938907731958763
P31260	156	187	0.26196454838709676
P49746	255	548	0.5900847064846417
Q49A33	0	18	0.40539916666666664
Q49A33	54	105	0.3537437647058823
Q6AZY7	11	48	0.28851872972972975
Q6ZTA4	0	39	0.4168579743589743
Q6ZTA4	136	171	0.3806908
Q86X02	154	176	0.2694691363636364
Q8TAU3	53	106	0.27919362264150943
Q8TAU3	259	509	0.42172063600000004
Q8WYN3	493	524	0.2600559677419355
Q92784	189	212	0.2988685652173913
Q92784	251	362	0.5029222612612613
Q9HB58	509	597	0.3891255113636364
Q9UK12	136	285	0.4328685906040269
Q9UK12	300	321	0.3863460952380952
Q9UK12	332	435	0.5045113106796116
Q9Y3L5	166	182	0.345525125
Q9Y5K3	32	64	0.26245571875
A6NI86	212	330	0.24156851694915255
O75290	148	207	0.3077198644067797
O75290	316	378	0.3800018064516129
P17010	447	502	0.3142557272727272
P17010	710	761	0.3493475490196078
P23142	30	591	0.5600605204991088
P78358	64	85	0.37259566666666666
Q2VPB7	142	161	0.2680396315789474
Q6VB84	287	308	0.3543340952380952
Q6VB84	320	416	0.5519814375
Q8IUK5	345	365	0.25661665
Q8WV44	172	193	0.33955761904761905
Q96BQ3	93	124	0.3608834193548387
Q96C10	194	228	0.38217470588235297
Q9H2S9	150	233	0.38417436144578315
Q9H2S9	548	572	0.31295670833333333
Q9NWK9	200	263	0.3794857619047619
Q9UC06	93	154	0.3372826229508197
Q9UFB7	427	500	0.33893812328767126
Q9UFB7	539	590	0.3531771176470588
Q9UFB7	623	691	0.3009367647058823
Q9Y4W2	688	708	0.263528
Q9Y6M5	422	456	0.38302652941176474
A0AAG2UUX9	664	692	0.3052100357142857
A0AAG2UUX9	710	744	0.4442988823529412
O14798	37	158	0.5338910743801653
O14830	725	752	0.32335818518518517
O75030	194	222	0.23075978571428574
O75618	142	171	0.3348629655172414
P0C7V6	198	253	0.2083846
P0C7V6	268	307	0.26871394871794874
Q3SYB3	287	308	0.3562930476190476
Q3SYB3	320	416	0.5548835
Q7Z4K8	119	142	0.3784670434782608
Q7Z4K8	161	206	0.43254648888888886
Q86UW9	185	210	0.33413848
Q86UW9	401	424	0.2687205652173913
Q86UW9	459	481	0.37788468181818186
Q8IY42	0	15	0.41850553333333335
Q8TAQ5	121	181	0.37503925000000005
Q8TAQ5	298	461	0.43075038036809815
Q8TF32	195	233	0.3810468684210526
Q8TF32	251	302	0.37677652941176476
Q96DT7	265	284	0.26970089473684206
Q96DT7	797	817	0.34769490000000003
Q9H0M5	0	18	0.3590474444444445
Q9H0M5	241	320	0.3623001898734177
Q9H6P5	343	360	0.30272923529411766
Q9HD26	0	21	0.2754864285714286
O60481	286	304	0.3125065
O60481	319	374	0.2834142909090909
P20333	25	209	0.522759902173913
P20333	372	397	0.29961543999999996
Q13444	354	592	0.6236596638655463
Q13444	624	692	0.4900588823529412
Q13444	720	742	0.33308013636363637
Q5BJF6	4	42	0.20276894736842105
Q86UY8	25	45	0.25718665
Q8ND82	341	386	0.37034573333333337
Q8ND82	404	420	0.3517381875
Q8ND82	433	449	0.32378968750000003
Q8ND82	461	484	0.3387505652173913
Q8ND82	603	626	0.3775679130434783
Q8ND82	645	675	0.3158505
Q92935	69	87	0.27666777777777773
Q96ND8	203	254	0.28441107843137253
C9JPN9	34	61	0.27380229629629627
O95389	154	188	0.4023624705882353
P48740	132	158	0.3163431153846154
Q2MKA7	27	52	0.5158575599999999
Q5CZA5	157	245	0.2874723068181818
Q5CZA5	394	469	0.3918256133333333
Q5T0T0	260	287	0.30267985185185187
Q6UX68	596	620	0.258534875
Q6UX68	647	683	0.28085980555555556
Q96A84	91	113	0.3208757272727273
Q96A84	123	146	0.2663067391304348
Q96BR6	50	85	0.29374674285714286
Q96BR6	266	455	0.4667688412698413
Q9BYT3	2	35	0.3039180909090909
Q9HAV5	0	127	0.5090304881889763
Q9UGI0	56	116	0.3288398833333333
Q9UGI0	126	181	0.31482896363636365
Q9UP38	105	122	0.2736808823529412
Q9Y4R7	645	669	0.33876187500000005
P17544	0	23	0.26505460869565217
Q6IA86	694	714	0.29154625
Q6IA86	761	823	0.2977105322580645
Q6PIS1	557	575	0.38326255555555555
Q71RC9	56	76	0.53511575
Q8TBZ8	132	211	0.42008373417721523
Q8WXT5	287	308	0.35728466666666664
Q8WXT5	320	415	0.5324017157894737
Q969Q0	1	24	0.3512609565217391
Q9BYR0	0	154	0.8773410714285714
Q9NZJ0	439	463	0.308554875
Q9NZJ0	533	599	0.3592834848484849
Q9NZJ0	622	652	0.3101162333333333
Q9NZJ0	699	729	0.22951786666666668
Q9UKF2	389	568	0.5936957765363129
Q9UKF2	601	658	0.4104465789473684
Q9Y6Q6	26	151	0.5633043360000001
Q9Y6Q6	252	321	0.2958799420289855
Q9Y6Q6	378	458	0.3599236
A0A1W2PQL4	107	367	0.43973613461538463
A6NMD0	62	85	0.2710733913043478
A8K8V0	142	186	0.3034600909090909
A8K8V0	303	374	0.2806369577464789
O76071	223	244	0.29595338095238094
P20851	180	211	0.29281580645161287
P22888	24	45	0.3850729047619047
P26717	103	119	0.2756405
P41440	535	589	0.2717325185185185
Q30KQ7	20	41	0.39721599999999996
Q3KP44	46	68	0.3078674090909091
Q5HYK9	79	186	0.3286301121495327
Q5HYK9	312	344	0.3264183125
Q5HYK9	377	431	0.40201166666666666
Q5QP82	401	466	0.27074086153846155
Q7Z2W4	146	196	0.4517273
Q7Z2W4	502	529	0.3106352222222222
Q8N323	293	314	0.23213614285714285
Q8NC06	197	263	0.4438367727272727
Q92796	0	22	0.564140590909091
Q96DX7	21	50	0.44991589655172415
Q9UJJ7	214	236	0.29388709090909093
D6RBM5	34	61	0.27218018518518516
O60548	0	16	0.4527705625
O75636	15	51	0.2999734722222222
O75636	75	99	0.25266787500000004
P82663	128	151	0.3041397391304348
Q13569	340	363	0.2564219130434783
Q6MZW2	54	115	0.438496
Q8WWX0	162	180	0.23118311111111112
Q96A61	172	193	0.2617697142857143
Q96A61	204	233	0.23386017241379312
Q96E09	231	264	0.20386357575757577
Q96EP1	417	453	0.41655394444444444
Q9H8M5	0	16	0.3296405625
Q9Y4X0	0	100	0.37334632
A8MVA2	0	159	0.8120409245283019
O75123	114	166	0.34069415384615387
O75123	198	277	0.40949283544303794
P17022	399	450	0.3102273529411765
P83110	13	131	0.5127044152542373
Q6ZNB6	201	836	0.7771734
Q96B33	266	291	0.36668607999999997
Q9NUD5	328	402	0.4313356081081081
A2RTX5	36	78	0.26443845238095237
O15232	260	457	0.6061196548223351
O75170	750	778	0.3396637142857143
P18564	396	685	0.6265909031141869
P35869	692	723	0.24716100000000002
P35869	753	783	0.23545803333333334
P98155	17	413	0.7154842878787878
P98155	703	758	0.27420452727272726
Q15582	81	96	0.29524066666666665
Q5T1N1	593	689	0.3126100520833333
Q5T9A4	614	647	0.4287560909090909
Q6PEZ8	28	49	0.3737742380952381
Q8IUE0	146	176	0.35211970000000004
Q8N448	120	146	0.3671218076923077
Q8TF68	219	270	0.30177176470588235
Q8TF68	308	389	0.39003171604938275
Q96MX3	103	154	0.2797631568627451
Q96MX3	183	234	0.3576030980392157
Q96MX3	266	345	0.36820407594936705
Q96MX3	536	585	0.3178194285714286
Q9C0B0	79	156	0.31678750649350645
Q9C0B0	210	323	0.4047653982300885
Q9C0B0	360	392	0.2556158125
Q9C0B0	758	809	0.48968811764705883
Q9HCG1	242	299	0.3832146140350877
Q9P2F5	159	241	0.39429770731707314
Q9UF47	129	149	0.58088675
Q9UF47	180	198	0.33198833333333333
Q9UJN7	98	151	0.3727048490566038
Q9UKA1	658	690	0.44092090625
A0A7I2V3R4	24	64	0.3084898
A0A7I2V3R4	212	231	0.35220205263157894
O00634	244	456	0.6391132075471697
P07602	187	209	0.29214477272727274
P0CG37	78	131	0.46394362264150946
P0CG37	188	222	0.31562517647058824
Q07444	103	119	0.2940053125
Q1XH10	260	290	0.2658896333333333
Q1XH10	311	335	0.23130358333333334
Q5T5N4	14	39	0.31794484
Q8N567	119	235	0.4274393879310345
Q96NZ8	20	143	0.568147243902439
Q96NZ8	288	425	0.45090729927007295
Q96NZ8	482	500	0.3024925
Q9BRA0	5	25	0.30229505
Q9H000	0	60	0.34194785
Q9H000	160	218	0.3246113103448276
Q9H963	0	22	0.43661304545454543
Q9H963	41	128	0.4502804367816092
Q9Y5X2	443	464	0.32244795238095236
A6NK75	117	147	0.409702
A6NK75	173	308	0.40946205185185186
A6NK75	425	476	0.3846958627450981
O43559	0	16	0.5015866875
O95185	267	372	0.38424050476190474
P0CG40	297	348	0.364136568627451
P28562	150	169	0.2661301578947369
P63145	537	604	0.32431620895522384
P63145	646	665	0.2771171052631579
Q14532	0	80	0.45061933749999994
Q14532	394	447	0.6762134150943396
Q3MIP1	273	295	0.2545914090909091
Q7Z569	380	400	0.3225723
Q8IYB9	55	87	0.28687446875
Q8IYB9	105	145	0.411326225
Q8IYB9	164	298	0.3941005970149254
Q8N130	269	309	0.2557963
Q8N130	567	582	0.37704993333333336
Q9BSW7	23	49	0.466183
Q9H1R3	238	266	0.25604717857142856
Q9UIS9	120	283	0.6634474478527608
Q9Y2X9	252	303	0.29333207843137254
P05129	9	26	0.28842770588235295
P05129	78	101	0.33067265217391306
Q01860	58	79	0.28229523809523804
Q14332	219	234	0.2949973333333333
Q5SVQ8	352	403	0.27731680392156866
Q5SVQ8	413	436	0.38735891304347825
Q5SVQ8	687	738	0.28512907843137253
Q5VZF2	13	75	0.3603981451612903
Q5VZF2	315	350	0.21287454285714286
Q6XUX3	47	72	0.31139560000000005
Q6ZMS7	427	480	0.26859603773584906
Q86W11	292	371	0.38092744303797466
Q8TA94	54	117	0.2756532857142857
Q8TA94	160	204	0.3526406818181818
Q8TA94	216	296	0.3809798125
Q9HCP0	396	417	0.2690135238095238
Q9NQC1	191	222	0.4342261612903226
Q9NRH1	143	195	0.35900663461538457
Q9NUQ3	35	73	0.24562394736842105
Q9P2J8	267	320	0.35708590566037735
Q9P2J8	659	822	0.40808845398773
A1A519	306	329	0.3494557391304348
O15204	358	469	0.4719534144144144
O95365	373	424	0.2859443137254902
P17041	68	119	0.3356553529411765
P60412	0	297	0.737919531986532
Q14114	30	393	0.7174957961432507
Q14114	686	732	0.28978441304347824
Q6IPX1	523	545	0.37837272727272725
Q6PJ61	519	544	0.34121915999999997
Q6PJ61	562	598	0.3710661111111111
Q6ZMJ2	28	48	0.3462596
Q6ZN57	35	63	0.2621315714285714
Q6ZN57	93	144	0.33650392156862746
Q8IVT5	145	166	0.2745148095238095
Q8IVT5	352	399	0.37424257446808507
Q8TBE0	383	405	0.37350049999999996
Q8TBE0	428	489	0.3486720983606557
Q96AC6	814	837	0.2581039130434783
Q96N95	242	293	0.26549970588235294
Q96RL6	462	482	0.3022026
Q9BYQ6	0	194	0.8630900154639175
B7ZBB8	66	86	0.2756985
B7ZBB8	113	136	0.37825104347826083
O95672	89	104	0.2906843333333333
P24386	558	614	0.287734
Q13191	338	422	0.41387746428571426
Q13342	167	206	0.22390141025641028
Q13342	336	364	0.2885823214285715
Q13342	443	468	0.35483816000000007
Q68BL8	64	137	0.31998735616438356
Q8IY22	307	324	0.23538970588235292
Q8IY22	345	372	0.29549362962962966
Q8N7E2	0	20	0.29859355
Q8NBK3	32	61	0.2863626896551724
Q8NCF0	217	287	0.5630183142857142
Q8NCN4	17	37	0.26588385
Q9Y5W9	220	241	0.3085484285714286
O00408	0	20	0.32623349999999995
O75610	240	270	0.26748316666666666
P10253	0	15	0.36817293333333334
Q02086	494	541	0.3767835319148936
Q15940	9	116	0.37054191588785046
Q6PEW1	336	359	0.2862658695652174
Q8IYN0	0	18	0.25658016666666666
Q8IYN0	138	177	0.3449970769230769
Q8IYN0	196	221	0.40850991999999997
Q8IYN0	252	305	0.40458445283018873
Q8N8B7	279	305	0.30065607692307694
Q8TF20	20	69	0.3525811224489796
Q8TF20	200	251	0.34507458823529413
Q8TF20	620	671	0.3342760980392157
Q9H165	101	130	0.2716790344827586
Q9H165	152	184	0.29723675
Q9H165	733	814	0.3599862962962963
A2RRH5	477	516	0.2951752564102564
O75200	258	336	0.19848070512820515
P30291	16	31	0.30556099999999997
Q6IV72	113	134	0.24294961904761905
Q6IV72	178	228	0.34190702
Q86YD5	12	119	0.5492994579439252
Q8N565	5	27	0.454114
Q8NFT8	27	141	0.4838630438596491
Q8NFT8	304	610	0.5771372026143791
Q9BRP0	102	197	0.36549398947368417
Q9NS67	350	370	0.3532853
Q9NU63	110	189	0.3795627721518987
Q9NU63	271	303	0.328160625
Q9NU63	373	390	0.298675705882353
Q9Y4X5	383	399	0.291746
P17024	63	119	0.261624625
P17024	134	198	0.35823784375
P17024	219	409	0.49702376315789476
Q6ZMT4	29	45	0.3308166875
Q6ZMT4	738	797	0.2301873728813559
Q6ZSA7	219	236	0.23349358823529412
Q86UP0	606	626	0.2627079
Q86YE8	181	232	0.3488458823529412
Q86YE8	545	596	0.37445007843137257
Q8TEU8	35	169	0.5282241119402985
Q99593	312	340	0.24192671428571427
Q9NP90	178	200	0.24652027272727273
Q9UHX3	19	268	0.5746368995983936
Q9UIF7	276	348	0.3379805555555555
Q9Y5I2	723	739	0.2632389375
O95390	294	315	0.30415690476190477
Q09FC8	47	81	0.34210258823529416
Q09FC8	139	177	0.29514655263157896
Q09FC8	236	390	0.37450885714285714
Q13829	0	15	0.26916039999999997
Q3KNW1	143	183	0.3283313
Q3KNW1	193	291	0.4371927142857143
Q8TAW3	221	252	0.2797366774193548
Q8TAW3	276	327	0.32872213725490196
Q96H55	668	703	0.20179917142857143
Q96PQ6	213	264	0.3523841568627451
Q96RR4	47	71	0.26468975
Q96RR4	110	132	0.28824113636363635
Q9BRR0	268	328	0.32629125
Q9BRR0	471	522	0.34630423529411763
Q9Y6R6	156	236	0.3550460625
Q9Y6R6	315	403	0.3879801818181818
Q9Y6R6	744	791	0.3256198510638298
A0A0M3HER8	309	338	0.2674256551724138
D6R9N7	34	61	0.27218018518518516
O43167	272	336	0.331449953125
O95125	388	439	0.3499777647058824
O95125	472	523	0.3529906078431373
P0DP72	383	416	0.2349840303030303
P0DP72	470	503	0.2291488787878788
P98169	198	233	0.22598734285714286
P98169	262	320	0.2912350862068966
P98169	433	451	0.347236
Q14162	13	423	0.8262036878048781
Q17RG1	565	600	0.2569106
Q5JRS4	277	312	0.3451418571428571
Q5T619	270	321	0.33963750980392154
Q8IYH5	153	181	0.2851038928571428
Q8IYH5	204	227	0.29372521739130436
Q8N3G9	384	401	0.49287205882352936
Q8NFH8	14	36	0.22321013636363632
Q96PV7	72	95	0.3876195217391304
Q96PV7	119	173	0.2569382037037037
Q96PV7	318	386	0.4814202058823529
Q96RU8	36	62	0.27163400000000004
Q96SK3	66	128	0.27237814516129033
Q96SK3	161	211	0.38363746
Q96SK3	468	519	0.38151811764705884
Q96SK3	552	603	0.388403568627451
Q9HBK9	349	374	0.42146952
A8MUV8	108	326	0.512139871559633
A8MUV8	387	472	0.3788382470588235
O15327	199	219	0.30027715
O95998	40	63	0.24393313043478262
P0CG00	343	496	0.4423446732026144
P19883	77	325	0.5582839516129032
P41743	102	131	0.28005713793103443
Q2TB18	629	654	0.23211316
Q6L8G4	0	155	0.7908396516129033
Q6ZSS3	170	249	0.392706417721519
Q86VV4	189	210	0.27944590476190473
O95235	752	787	0.24968745714285712
O95235	849	875	0.27964003846153845
P07988	288	311	0.38221047826086957
P0C7X1	523	545	0.37837272727272725
P0DPK4	0	275	0.6885320581818182
Q2VPA4	401	422	0.3485433809523809
Q5SZB4	178	200	0.3320201818181818
Q5TGY1	608	633	0.41353952
Q6P9G9	317	366	0.4189976734693877
Q96GC6	249	269	0.24908865000000002
Q96GC6	462	521	0.32004740677966104
Q9BWE0	0	15	0.2764198
Q9BWE0	138	191	0.3939781320754717
Q9BWE0	227	278	0.40371725490196075
Q9BWE0	366	417	0.34757027450980393
A0A1W2PPD8	370	400	0.21453446666666667
A0A1W2PPD8	493	514	0.35166242857142854
A2RU30	280	302	0.3150001363636364
A2RU30	349	400	0.30980864705882355
P01042	81	154	0.24330167123287672
P01042	249	276	0.2808655185185185
P16581	132	519	0.46811861240310076
P17038	96	136	0.311963075
P17038	165	244	0.40267464556962024
P17038	277	356	0.35268367088607594
P52741	41	90	0.3186882040816327
P52741	363	415	0.36107869230769235
P62633	0	176	0.6488702215909091
Q02556	118	138	0.24632715
Q15113	311	331	0.27776435
Q53H54	432	447	0.2921586666666666
Q8NDQ6	160	229	0.3336703188405797
Q8NDQ6	430	481	0.3468477843137255
Q8NDQ6	514	565	0.3662032745098039
Q96JB8	389	407	0.31263799999999997
Q9UI38	48	74	0.2532566153846154
P01857	77	121	0.2614169772727273
P19438	33	132	0.5882352222222222
P19438	151	204	0.46079620754716977
Q04756	97	302	0.4804094780487805
Q05066	29	55	0.24951088461538465
Q07617	498	515	0.3539830588235294
Q6IE81	195	226	0.42134009677419354
Q75VX8	541	566	0.30052264
Q86TH1	137	222	0.3982088117647059
Q86TH1	565	649	0.36412888095238094
Q8IU80	444	577	0.6373374360902255
Q96FX2	65	81	0.309495625
Q9HBW9	14	114	0.5016737299999999
Q9N2J8	239	266	0.24129011111111112
Q9NQ69	0	22	0.3964714090909091
Q9NQ69	50	74	0.3356571666666666
Q9NV66	245	265	0.2909495
Q9NV66	394	425	0.30536987096774193
A0A087WUV0	167	226	0.28007037288135594
A0A087WUV0	240	291	0.38815743137254904
E9PJI5	343	364	0.35710419047619046
Q15270	97	123	0.32871303846153843
Q32M78	184	267	0.4424075180722892
Q6UXB4	82	104	0.31902263636363637
Q86UY6	195	236	0.4341850243902439
Q8N3Z6	232	273	0.43176053658536584
Q8N3Z6	292	328	0.3846851944444445
Q8N3Z6	338	375	0.40268567567567565
Q8N9F8	207	288	0.3816631234567901
Q8NB78	42	88	0.4339712173913044
Q8NB78	225	243	0.29271677777777777
Q8NFU1	422	455	0.34042272727272727
Q8WW14	21	67	0.2573808913043478
Q8WW14	179	226	0.3089944255319149
Q96FN5	457	527	0.47555365714285713
Q9NR56	12	75	0.3606097619047619
Q9NRH2	736	760	0.27229808333333333
Q9UGT4	20	53	0.5694406363636363
Q9UGT4	425	447	0.29295204545454545
Q9UHQ1	0	20	0.5832524
Q9Y5H5	723	741	0.2791683888888889
O15062	616	672	0.3279459464285714
P04183	189	215	0.26593484615384616
P50876	60	86	0.4890980384615385
Q6NZY4	221	258	0.2637598108108108
Q6P1R4	384	435	0.47094176470588234
Q6ZW61	287	304	0.25875370588235297
Q86WS4	90	124	0.24805026470588237
Q8N2I2	10	32	0.27590554545454543
Q8N2I2	44	89	0.2310066888888889
Q8N2I2	179	230	0.335555294117647
Q8N2I2	394	449	0.35232950909090904
Q8N2I2	478	503	0.32428148
Q8N841	848	890	0.3310392380952381
Q9H5Y7	25	46	0.3579549523809524
Q9HCG7	10	69	0.2785709322033898
Q02080	299	329	0.34043783333333333
Q08554	658	680	0.3468432727272727
Q08554	824	874	0.3226054
Q14943	366	381	0.6436756666666666
Q5T5M9	349	371	0.32188313636363636
Q7Z5L7	57	83	0.3419935769230769
Q8TCF1	0	107	0.4207151121495327
Q8WTX9	378	409	0.33815912903225803
Q9BW71	438	458	0.24150475
Q9H693	2	89	0.3933585287356322
Q9H693	102	157	0.4086642545454546
A0PJY2	279	386	0.377055691588785
O15209	477	527	0.27808024
O60279	121	149	0.28770032142857144
O94989	198	223	0.48160888
O94989	736	772	0.3322711944444444
P60413	0	244	0.8072848606557377
Q03924	41	74	0.3454014848484848
Q03924	100	136	0.38594155555555554
Q03924	156	207	0.3913242941176471
Q8N8E2	110	253	0.49916199300699304
Q8N8E2	266	488	0.4425381711711712
Q96G75	370	388	0.3207873333333333
Q96GX2	59	84	0.29967184
Q9NTW7	135	276	0.4034058156028369
Q9NTW7	290	372	0.46074037804878054
Q9NTW7	433	537	0.4263816634615385
Q9NTW7	571	606	0.3356840285714286
A0A087WVF3	523	545	0.37837272727272725
A6NIN4	7	89	0.36054760975609756
B4DXR9	105	129	0.26027729166666663
B4DXR9	269	320	0.3475263921568627
P00742	46	186	0.4664756285714286
P29376	69	90	0.22263647619047622
P29376	370	420	0.33273505999999997
Q02446	614	663	0.3602181836734694
Q8NEP7	170	221	0.27660398039215683
Q8TD19	867	918	0.24913123529411765
Q8TD19	957	978	0.33831933333333336
Q96CW9	286	521	0.6398457063829788
Q96NG8	190	241	0.32534190196078433
Q96PE3	382	397	0.29417373333333335
Q96PE3	916	946	0.2670607
Q99592	401	476	0.32177706666666667
Q9GZX5	225	278	0.3475707358490566
Q9UQ49	407	424	0.28484000000000004
A0A087X179	523	545	0.37837272727272725
O60269	215	253	0.3172675
O60269	269	302	0.2873130303030303
P17021	181	260	0.3918906075949367
P17021	376	428	0.37669859615384615
P51797	0	31	0.48239899999999997
Q13049	95	143	0.4345452916666667
Q68EA5	69	120	0.2908108039215686
Q68EA5	131	268	0.45742167153284674
Q6PKC3	466	487	0.283394
Q7Z340	234	379	0.38345517931034484
Q8N344	6	32	0.2505944230769231
Q8N344	516	544	0.27659832142857144
Q8N6M9	0	144	0.4980065763888889
Q96NU1	2	27	0.40551499999999996
Q99741	127	165	0.2672929736842105
Q9H175	460	481	0.2599434761904762
Q9UIM3	157	177	0.25004945
A0A0B4J1W7	343	364	0.35710419047619046
P06127	190	215	0.33187784
P06127	233	258	0.3018506
P06127	320	353	0.2915550303030303
P09564	215	239	0.28278695833333334
Q14592	181	238	0.3205893508771929
Q14592	299	315	0.4209960625
Q14592	411	455	0.3329384545454545
Q15569	560	615	0.3771426
Q2M3X9	243	294	0.39418956862745097
Q53GI3	281	326	0.2638472444444444
Q53GI3	349	400	0.40830717647058823
Q6ZN06	234	481	0.5108119109311741
Q6ZN17	118	173	0.40783976363636365
Q8NCG7	249	276	0.2445992962962963
Q8NCG7	304	321	0.3211908235294118
Q9H4S2	36	70	0.3397106176470588
Q9H4S2	220	241	0.3369258095238095
Q5H9M0	251	277	0.23881449999999999
Q5H9M0	302	322	0.32921575000000003
Q6PCT2	639	693	0.3428208518518518
Q86XN6	236	427	0.5121839057591623
Q8WW36	0	165	0.5999146000000001
Q9UKW4	182	204	0.25454327272727273
P17020	34	76	0.3657254761904762
P17020	144	180	0.2311866111111111
P17020	200	251	0.34879890196078434
P28907	0	19	0.3800075263157895
P51843	93	144	0.4446628823529412
Q03989	264	284	0.26607
Q15005	6	28	0.24759377272727273
Q86UT5	70	114	0.2768194318181818
Q8IYI8	95	120	0.25480412
Q8IYI8	133	186	0.37928730188679244
Q8IYI8	214	439	0.43210166666666666
Q8IYI8	449	497	0.32538452083333336
Q8NCT1	364	385	0.34390528571428575
Q96PU4	320	366	0.5509980434782609
Q96PU4	421	448	0.29941281481481485
Q9BU70	5	55	0.2898237
Q9H3T2	516	554	0.37557086842105264
Q9H3T2	620	638	0.2823233333333333
Q9NVH0	350	376	0.28359553846153845
P34931	606	631	0.26419668
P54760	212	329	0.4355869658119658
P57059	674	698	0.220541625
P57059	745	776	0.3013922258064516
P58317	0	50	0.26089713999999997
P58317	163	214	0.41939019607843137
P58317	250	326	0.38790515789473684
Q2TB10	0	27	0.44897329629629623
Q2TB10	221	244	0.3020562608695652
Q2TB10	278	302	0.35924550000000005
Q6P280	301	352	0.3599257058823529
Q6V9R5	225	302	0.3508440649350649
Q8TAT6	576	607	0.35241161290322576
Q9BQA5	190	362	0.43599227325581397
Q9H2H0	26	59	0.34186357575757575
Q9H2H0	100	181	0.42499637037037036
Q9H9P8	22	42	0.24090604999999998
Q9NQ36	29	483	0.610520167400881
Q9NQ36	561	585	0.284137625
Q9NQ36	616	818	0.5436425792079208
Q9UJ96	0	18	0.28567827777777777
O94972	41	64	0.43807604347826085
P17643	23	74	0.4400352156862745
P17643	99	122	0.48218565217391307
P52429	133	175	0.44668585714285713
Q13467	164	194	0.35524653333333334
Q13467	207	223	0.3095689375
Q13467	531	548	0.3645651764705882
Q5H9S7	0	16	0.2895295625
Q5VV16	287	308	0.37462761904761904
Q5VV16	320	415	0.5391851684210527
Q8NBV8	53	69	0.5179515
Q96IF1	327	347	0.3913348
Q96PX8	330	358	0.35561278571428573
Q99708	543	576	0.3346135757575757
Q99708	612	643	0.2192431935483871
Q99708	862	884	0.24438004545454542
Q99972	36	70	0.22441264705882355
Q9NSD4	92	143	0.26198382352941174
Q9NSD4	172	223	0.3562664901960784
P37023	23	91	0.4829724852941176
Q12947	425	443	0.28403366666666663
Q3MJ62	219	291	0.2960453611111111
Q53RD9	70	90	0.28136035000000004
Q53RD9	103	339	0.5939001398305085
Q8WU20	0	16	0.522222
Q96KP6	238	279	0.31213478048780485
Q9BYP9	0	153	0.8202848692810457
Q9NP64	125	149	0.3565290833333334
Q9NX31	187	213	0.33484192307692306
Q9Y676	83	114	0.2516884193548387
O14771	308	359	0.2983100392156863
O95407	38	209	0.5396603157894737
P17483	49	69	0.28807584999999997
P27037	31	55	0.300585125
P27037	83	105	0.41440577272727275
Q13361	122	172	0.29690126
Q6AW86	248	299	0.32380450980392156
Q6AW86	416	467	0.38042396078431373
Q6ULP2	354	375	0.24201414285714284
Q7Z398	174	245	0.26797985915492956
Q7Z444	204	232	0.40985132142857145
Q8IYP9	13	44	0.4353466129032258
Q8N135	24	42	0.3455401111111111
Q8N3S3	402	443	0.2902343658536585
Q92831	1	21	0.3169823
Q92831	31	61	0.3221837
Q96K58	13	36	0.39032391304347824
Q96K58	75	184	0.4257487431192661
Q96K58	355	406	0.30207119607843136
Q96K58	507	558	0.28008792156862744
B4DS77	18	39	0.2997584761904762
P27540	245	300	0.23014654545454546
P27540	338	361	0.28396747826086954
P40238	182	215	0.22088512121212123
P40238	324	350	0.2623934230769231
P40238	574	626	0.28844969230769235
P49639	12	56	0.24348470454545454
Q16670	248	324	0.3934752631578947
Q16820	597	639	0.32647188095238094
Q658N2	303	344	0.25058575609756095
Q6PGQ1	127	165	0.3224898684210526
Q6PGQ1	176	200	0.2947875833333333
Q8TAP4	0	17	0.49766547058823524
Q9H707	82	105	0.27195134782608693
Q9H707	190	254	0.30879165625
Q9UQF0	20	36	0.279664125
O00311	340	372	0.3106783125
O14672	424	642	0.6192300091743119
O43316	276	302	0.3951038461538462
P35443	247	630	0.49203323237597907
Q14593	85	107	0.27999904545454546
Q14593	139	178	0.30172058974358973
Q14593	197	239	0.44162880952380956
Q14593	309	360	0.327834
Q5GFL6	217	258	0.3498378780487805
Q6AZW8	23	92	0.4010855942028986
Q6NX45	142	193	0.32591839215686275
Q86YS7	444	466	0.2881371818181818
Q86YS7	981	999	0.318269
Q96NI6	570	626	0.23025657142857142
Q9BSJ5	417	442	0.26940092000000004
Q9BSJ5	586	608	0.37429718181818183
Q9BVS5	28	90	0.25495682258064517
Q9BX10	1	22	0.27050890476190476
Q9H5J0	463	514	0.2709964117647059
Q9UKN5	536	562	0.40411926923076924
Q9UKN5	581	597	0.3684123125
Q9UKN5	609	660	0.3625399607843137
Q9Y3M9	199	250	0.29049964705882353
Q9Y3M9	676	727	0.3386002549019608
Q9Y6Q3	169	206	0.22099102702702705
Q9Y6Q3	231	263	0.4039993125
Q9Y6Q3	278	419	0.4256949361702128
O14628	194	209	0.2907918666666667
O14628	235	413	0.38358468539325846
O14628	429	536	0.42556440186915884
O75077	490	653	0.6114595153374233
O75077	681	777	0.38497374999999995
O76076	19	249	0.5800633
P41002	638	658	0.30839935
P41002	728	757	0.32014906896551726
Q8NEZ5	0	17	0.4896056470588235
Q93038	20	190	0.5797111
Q96B86	134	178	0.2305089772727273
Q9H2S6	0	16	0.2969583125
Q9Y576	18	45	0.2410892962962963
A6NHJ4	221	242	0.2798315714285714
A6NHJ4	260	412	0.4282831052631579
A6NHJ4	445	496	0.3790890784313725
H0YKK7	212	358	0.283294301369863
O95201	299	350	0.3587847647058824
P30203	118	204	0.3272948604651163
P36406	117	219	0.38078150000000005
P60014	0	250	0.7282542240000001
Q3KP31	61	114	0.28378730188679246
Q3KP31	151	258	0.46179824299065425
Q3KP31	291	370	0.4038544430379747
Q5T5X7	800	826	0.2312285769230769
Q5VTM2	659	677	0.2821242222222222
Q66K79	19	60	0.39823307317073176
Q6NX49	202	232	0.35074200000000005
Q6NX49	256	450	0.4489477216494845
Q6PJ21	60	102	0.310844380952381
Q6PJ21	250	291	0.278228756097561
Q6WN34	50	183	0.6273533984962406
Q86TG7	287	307	0.2602538
Q8IYX4	121	142	0.25763304761904765
Q8IZ13	21	39	0.2906837222222223
Q8N144	254	285	0.2355903870967742
Q8N3X6	13	41	0.2901279642857143
Q8N3X6	66	111	0.27820955555555554
Q8WWW8	228	243	0.22471813333333335
Q9HCJ2	322	340	0.33975105555555557
Q9NR83	302	379	0.2822086103896104
A6NNA2	130	156	0.3505106153846154
B2RUY7	69	221	0.6650577894736842
O60304	316	367	0.34883433333333336
P0C869	670	698	0.23144499999999998
Q6FHJ7	160	185	0.37301291999999997
Q6GQQ9	709	739	0.27065110000000003
Q7L945	90	115	0.27806643999999997
Q7L945	158	209	0.35549713725490195
Q86SE9	131	154	0.2938065217391304
Q8NF99	254	327	0.34350627397260275
Q8WVD3	15	114	0.41792001010101015
Q96QS3	0	25	0.30838676
Q9Y2L1	25	46	0.341897
A6NJL1	346	397	0.31097029411764704
O14793	263	283	0.3052195
O75084	224	243	0.2839864210526316
P17097	141	294	0.44624359477124187
P17097	404	485	0.3887754938271605
Q9NV58	139	155	0.398724875
Q9NV58	166	186	0.39304155
Q9P209	234	283	0.34932895918367346
H3BNL1	136	157	0.2872161428571428
Q5GH73	43	82	0.3990701282051282
Q6UXX9	20	51	0.48305754838709675
Q7Z309	220	244	0.24183016666666668
Q86VD1	843	863	0.2766203
Q8TAU0	113	137	0.22386787499999997
Q96JM7	109	152	0.40553746511627903
Q9HCB6	432	729	0.45818504713804714
Q9NZB8	10	40	0.23211636666666666
Q9UHI6	407	423	0.2474754375
Q9Y5H8	721	741	0.2879349
A0A087X1G2	523	545	0.37837272727272725
B6SEH8	118	186	0.3707274705882353
O00339	263	299	0.5086516111111111
O00339	311	654	0.5941739067055394
O60663	2	98	0.4225575
P23276	75	91	0.290290125
Q13360	113	141	0.38860410714285715
Q13360	198	298	0.34223643000000004
Q8N884	385	408	0.4172882608695652
Q96C28	139	276	0.4160918102189781
Q9P0U4	369	403	0.3204254411764706
P51814	360	411	0.3341707058823529
Q08AN1	152	227	0.3283586
Q5T4F7	173	194	0.3806256666666667
Q5W0B1	50	74	0.35769524999999996
Q5W0B1	310	347	0.1971378378378378
Q5W0B1	364	406	0.27103447619047616
Q5W0B1	447	479	0.26679640625
Q96N58	222	251	0.3125314827586207
Q96N58	264	589	0.5299475784615385
Q96PE6	158	321	0.41025074233128833
Q9C0D7	411	437	0.285228
Q9C0D7	621	643	0.2428987727272727
Q9NPA2	521	541	0.34745170000000003
Q9NX65	477	619	0.4185037957746479
Q9P272	167	228	0.3429814098360656
Q9UKT4	0	62	0.4987015806451613
Q9UKT4	72	104	0.3105219375
Q9Y2D9	228	309	0.3357412716049383
Q9Y2D9	348	399	0.3435796862745098
Q9Y2D9	432	500	0.27963026470588237
A5D8T8	217	287	0.5628513
P0C6S8	15	49	0.3835915882352941
P27918	28	419	0.5191840869565217
P28908	18	175	0.5671621592356688
P28908	222	315	0.5684803978494624
P51864	71	129	0.43919160344827585
P51864	144	166	0.28140977272727274
Q03591	103	217	0.32665222807017547
Q5M7Z0	89	119	0.2567488333333333
Q7L513	35	55	0.29879130000000004
Q86SH2	36	66	0.3226947333333333
Q86Y91	679	718	0.23464153846153848
Q8N2G6	123	239	0.39537391379310344
Q96FE5	37	53	0.40301112499999997
Q96KM6	585	644	0.38849089830508476
Q96NI8	201	262	0.3152863770491803
Q9H7S9	381	408	0.3210293703703704
Q9H7S9	453	476	0.2463888260869565
Q9NVL1	118	141	0.29523173913043477
Q9NY30	136	161	0.26481856
Q9UIK5	40	307	0.47882818726591764
Q9UIK5	341	366	0.29828436
O75426	7	30	0.2547908695652174
O75426	430	446	0.3178683125
O75426	508	538	0.2676899
P42575	162	178	0.2511803125
P54826	59	88	0.3214330344827586
Q504T8	321	373	0.24243346153846151
Q641Q3	177	199	0.2846582272727272
Q6PEV8	22	67	0.3082185111111111
Q86SQ3	15	67	0.5062925576923077
Q86WK7	409	425	0.4643020625
Q8IV53	575	595	0.28685535
Q8N145	27	54	0.3797478148148148
Q8N715	47	75	0.3330767142857143
Q8NEM1	313	364	0.38207988235294116
Q9H293	31	49	0.2863328888888889
Q9NX45	393	420	0.30508129629629627
Q9UN73	722	741	0.27732242105263155
A8MUU1	0	18	0.26558716666666665
B6SEH9	115	186	0.3705495915492958
F5H4B4	394	418	0.280463
O75437	184	224	0.290656825
O75437	257	308	0.31023637254901965
O94880	311	398	0.45234775862068966
P29279	21	274	0.526760766798419
Q2M218	198	277	0.26375111392405065
Q2M218	338	503	0.42756381818181816
Q8N7W2	153	175	0.40904050000000003
Q9H5H4	254	303	0.33078973469387757
Q9UJV3	710	734	0.32893995833333334
P0CG20	0	17	0.27931176470588237
P15586	418	450	0.33580384375
P15586	505	525	0.30835694999999996
Q6ZRM9	57	82	0.27172244
Q8WUJ1	206	227	0.31756133333333336
Q8WUJ1	242	263	0.3435283809523809
Q9BVN2	0	20	0.33009655
Q9BVN2	52	82	0.43665333333333334
Q9BVN2	96	118	0.3480700909090909
Q9BVN2	144	191	0.4028171914893617
Q9H9Z2	128	183	0.40680439999999995
O75467	248	299	0.32382460784313727
O75467	416	467	0.37346813725490197
P0CG31	235	313	0.38921102564102567
Q0D2J5	95	117	0.26956104545454546
Q0D2J5	163	186	0.39919778260869565
Q0D2J5	210	382	0.44580448255813954
Q12805	18	66	0.3173987916666667
Q12805	138	385	0.588629951417004
Q14590	130	166	0.21541222222222223
Q14590	187	208	0.25661214285714284
Q14590	282	333	0.30959966666666666
Q16659	425	449	0.3189457083333333
Q1HG43	320	342	0.25363663636363637
Q5QGZ9	119	134	0.26704633333333333
Q6NSJ2	431	457	0.27728176923076925
Q6NSJ2	514	542	0.39076525
Q7Z5B4	292	315	0.36294695652173914
Q8NGU9	364	384	0.33122379999999996
Q8NGU9	417	433	0.38668525
Q8NI51	276	327	0.35058480392156866
Q8NI51	476	531	0.47492632727272727
Q96IT1	426	477	0.34163901960784315
Q96IT1	513	567	0.35560879629629627
Q96K21	4	27	0.2587251304347826
Q9BUA3	1	28	0.25542255555555554
Q9Y2L8	337	388	0.2999224705882353
Q9Y2L8	540	591	0.3549874705882353
Q9Y2L8	683	725	0.2782629761904762
Q9Y2L8	736	808	0.4327887777777778
A6NDS4	523	545	0.37837272727272725
P60410	0	258	0.7306321899224807
Q14149	776	809	0.2813283636363636
Q7Z3K6	261	279	0.2652524444444444
Q86TD4	449	471	0.2787718181818182
Q86XS5	46	86	0.32476992499999996
Q8N5Q1	305	347	0.2349785238095238
Q8N5Q1	399	419	0.2352418
Q96M29	4	28	0.32115937499999997
Q9HBT8	234	285	0.316352
Q9UER7	717	737	0.2673464
Q9Y2Y8	81	102	0.2529762380952381
A0A1W2PPK0	113	195	0.2700431463414634
A0A1W2PPK0	266	282	0.3149945625
A0A1W2PPK0	365	399	0.2670641176470588
A6NNA5	169	207	0.29146697368421054
P53384	0	40	0.337547375
Q04759	254	341	0.31449332183908046
Q14587	244	281	0.3376701081081081
Q14587	295	346	0.37180592156862746
Q14587	519	570	0.3734923137254902
Q14587	827	878	0.385052
Q5BKU9	19	40	0.34947552380952385
Q68D51	227	252	0.29730328
Q6UXI9	121	191	0.6077836285714285
Q8IX30	21	501	0.6343606520833334
Q8IX30	556	580	0.35843049999999993
Q8IX30	610	813	0.558019906403941
Q9BXY4	21	52	0.4996891290322581
Q9BXY4	83	215	0.4723378484848485
Q9C004	258	298	0.5364525
Q9H0J9	153	173	0.40329545
Q9H8G1	137	170	0.3866168484848485
Q9H8G1	196	233	0.37831316216216215
Q9H8G1	252	331	0.3884407721518987
Q9H8G1	393	443	0.33806098
P17030	107	188	0.3681851728395062
P17030	249	358	0.43212983486238526
Q5JUK2	0	40	0.33228595
Q6PG37	64	91	0.266671
Q6PG37	121	154	0.2781186363636364
Q6PG37	187	240	0.3247842075471698
Q7L2R6	206	508	0.45211361920529797
Q8N8Q3	264	281	0.37297370588235296
Q8N8R7	1	26	0.24977804000000003
Q8TBZ2	0	20	0.2736172
Q92731	122	152	0.36210499999999995
Q96C55	105	184	0.3485995063291139
Q96S15	707	738	0.4427338709677419
Q9BYQ5	0	204	0.8644939558823529
Q9BZG8	412	437	0.35764016
Q9GZP4	1	21	0.26625465
Q9H819	25	50	0.46490772
Q9UHN1	0	25	0.33928171999999995
Q9Y462	405	428	0.314695
Q9Y462	467	519	0.35380471153846155
A0A1B0GTW7	116	153	0.22764883783783785
O75815	335	369	0.24116832352941178
O75815	389	458	0.24788017391304348
P17017	54	293	0.412227640167364
P17017	326	407	0.4209757160493827
P22891	82	182	0.55984927
Q6DCA0	0	28	0.38604282142857144
Q6PF15	7	31	0.32909950000000004
Q6PF15	557	580	0.25440891304347824
Q8IUH4	0	30	0.23480376666666666
Q8NB59	176	214	0.35913252631578946
Q8NB59	390	410	0.25717825
Q9BSJ1	49	70	0.4197120476190476
Q9BSJ1	86	136	0.34521177999999997
Q9BZ81	240	256	0.2423209375
Q9NR61	179	501	0.7078756242236024
Q9NR61	587	614	0.3050191111111111
Q9NR61	642	684	0.3274819285714286
Q9UF56	9	71	0.34837170967741937
Q9UF56	129	150	0.3553649523809524
Q9UF56	186	229	0.4788305348837209
Q9UF56	284	319	0.42396691428571426
Q9ULD5	538	588	0.28327926
Q9ULD5	627	678	0.3930926862745098
Q9Y603	184	209	0.32116696
A6NNF4	105	143	0.3667684736842105
A6NNF4	164	240	0.3363939078947369
O75112	540	558	0.36190755555555554
Q6S5H5	17	81	0.342599625
Q6S5H5	91	118	0.4599354814814815
Q6UXF7	217	287	0.5630475142857142
Q92496	78	95	0.3172327058823529
Q96BR9	273	352	0.3439249873417721
Q96LD4	0	82	0.4323202195121951
Q96LD4	101	161	0.44451938333333335
Q9BRP1	38	62	0.3336324583333334
Q9BRP1	73	109	0.2844004444444444
Q9BZF2	429	475	0.2534360434782609
Q9C026	81	140	0.36444681355932207
Q9C026	157	261	0.45257925
Q9HAH1	103	333	0.43727729130434784
Q9HAH1	361	384	0.37796447826086954
Q9HAH1	400	455	0.39640009090909095
O76013	0	22	0.2694076818181818
O76013	391	442	0.3476481764705882
P07357	16	149	0.4245107819548872
P07357	486	583	0.4892398041237113
P78412	389	445	0.38637751785714286
Q8IWL1	5	34	0.2540503103448276
Q8IYW5	291	313	0.2644892272727273
Q8NE65	139	163	0.26925570833333334
Q8NE65	195	220	0.37021196
Q8NE65	254	304	0.34270216
Q96Q40	0	37	0.5153352432432432
Q9UL41	406	426	0.26258855000000003
Q9Y385	138	158	0.2680079
O00463	0	21	0.3183890476190476
O00463	130	165	0.4762123428571429
O60733	139	160	0.44017261904761906
O75840	200	265	0.2967534307692308
P10114	166	182	0.37911968749999997
P14222	370	415	0.3945230888888889
P58658	150	175	0.38415143999999996
Q13443	352	516	0.5611855
Q2Q1W2	5	28	0.4219829130434783
Q2Q1W2	188	232	0.5449313409090909
Q5SWL8	123	143	0.241971
Q6GV28	170	192	0.2733075909090909
Q8TAF7	211	485	0.45319573357664233
Q92765	159	187	0.42267335714285714
Q96BV0	126	177	0.4194851568627451
Q96BV0	272	323	0.34207333333333334
Q96BV0	437	488	0.307505137254902
Q96LX8	175	226	0.3191169607843138
Q96LX8	314	411	0.3731544329896907
Q9UBX5	14	349	0.5559145611940298
Q9UKF5	387	565	0.5585415674157304
Q9UKF5	592	609	0.3925607058823529
Q9UKF5	619	663	0.4605787272727273
A0A140TA67	0	173	0.8289092312138728
A0ABJ7H351	54	150	0.3970365
A0ABJ7H351	203	254	0.31638723529411766
A0ABJ7H351	269	303	0.3168471470588235
B1AL46	1	68	0.36646368656716416
O15265	508	525	0.24482776470588236
O75173	437	596	0.48497456603773587
O95243	239	305	0.24907913636363635
P17028	222	293	0.27931363380281693
Q0VG99	306	351	0.24337713333333333
Q3KP66	439	459	0.25284575
Q5EBM4	92	168	0.4200007894736842
Q5T700	0	34	0.33808002941176474
Q5T700	63	173	0.5519026909090909
Q6NUJ1	123	141	0.31390494444444444
Q6NUJ1	173	195	0.30841413636363635
Q6NUJ1	385	408	0.3072441739130435
Q6VAB6	194	219	0.28324932
Q6VAB6	425	486	0.3689649344262295
Q8N8J6	223	274	0.35428186274509804
Q96E35	153	174	0.3405823333333333
Q96S59	594	619	0.2019534
Q9BQE6	156	197	0.27325751219512195
Q9BQE6	237	264	0.3619188148148148
Q9NPC7	293	404	0.38886612612612614
Q9NXA8	282	309	0.2994096666666667
A8MT65	283	362	0.4255126962025316
P59817	325	361	0.36342722222222223
Q6P3S6	334	354	0.2755495
Q8TF45	73	96	0.25763069565217395
Q8TF45	181	246	0.3608701384615384
Q96JC4	107	157	0.29406566
Q96JC4	176	339	0.4240644049079755
Q9BY14	207	225	0.3084293888888889
Q9NRI5	176	196	0.25640325
Q9P0N8	0	28	0.5721169642857143
Q9Y561	379	491	0.5899103214285715
Q9Y561	818	858	0.29178427500000004
O43541	110	136	0.3031183076923077
O75346	104	144	0.2846696
O75346	191	382	0.4240332879581152
O75398	262	294	0.35112015625
P55789	60	104	0.23677456818181816
Q6ZMS4	150	201	0.2991095098039216
Q8N2C3	36	56	0.28085550000000004
Q8N7B1	258	290	0.28430309375
Q9UNA0	527	642	0.4423952695652174
Q9UNE0	0	122	0.5024305327868853
Q9UNE0	140	157	0.34517923529411765
P0CG24	4	369	0.46114704657534245
P29122	682	949	0.6456881760299625
Q6N043	231	272	0.2670275365853658
Q6N043	349	391	0.3533842619047619
Q6N043	409	425	0.38446525
Q6N043	466	496	0.3600964
Q6N043	802	830	0.21101439285714285
Q8IWZ5	0	19	0.5490686842105262
Q8IWZ5	31	147	0.4478560431034483
Q8N7M2	198	277	0.3443530379746836
Q8N7M2	394	559	0.4517411696969697
Q92913	15	36	0.28124923809523805
Q96GP6	41	445	0.7834366707920792
Q96GP6	461	503	0.3981959285714286
Q96JL9	27	59	0.2718730625
Q96JL9	264	287	0.2823358695652174
Q96JL9	327	380	0.3046334905660378
Q96JL9	649	664	0.3352771333333333
Q99062	156	190	0.380195
Q99062	237	256	0.29662031578947373
Q9BWX1	0	45	0.31009033333333336
Q9BWX1	87	219	0.46860440151515154
Q9NPY3	214	476	0.6253058282442748
Q9NQX6	122	173	0.31934686274509805
Q9UNW8	359	379	0.2583382
A8MTY7	0	168	0.8379070535714286
B2RXH2	372	406	0.31338126470588235
B2RXH2	448	469	0.37802019047619045
B4DX44	110	293	0.4773665846994536
B4DX44	304	355	0.34393298039215686
O43474	369	391	0.32400386363636363
O43474	421	476	0.2994724545454545
O75626	566	617	0.3136710392156863
O75626	678	719	0.35660234146341463
O95231	211	257	0.25462736956521737
P04629	33	59	0.30835665384615385
Q14246	17	345	0.5910240945121952
Q15072	7	59	0.3689206346153846
Q5T442	307	327	0.28762980000000005
Q5XUX0	0	25	0.4147198
Q5XUX0	44	69	0.32301795999999994
Q8N6M6	53	89	0.29908605555555556
Q8N6M6	120	142	0.34292490909090906
Q8WTR7	311	361	0.34970614
Q8WTR7	637	734	0.40316805154639174
Q8WTR7	749	870	0.47613945454545453
Q92563	79	206	0.43045683464566925
Q9BS86	241	257	0.383246875
Q9GZY0	0	67	0.294372776119403
Q9H7B4	250	275	0.37501952000000005
Q9Y6W6	62	90	0.42590739285714285
Q9Y6W6	151	179	0.20846078571428572
Q14145	2	47	0.30058339999999995
Q14145	602	623	0.36167595238095235
Q6P3V2	429	482	0.40110939622641506
Q6PML9	15	39	0.29278108333333336
Q86Y01	189	211	0.3270470909090909
Q86Y01	400	423	0.29678630434782605
Q86Y01	448	480	0.30013671875
Q8N7Q3	75	100	0.30858307999999995
Q8N7Q3	114	151	0.31161237837837835
Q8N7Q3	188	239	0.3163233921568627
Q9BYR3	0	165	0.8881728363636364
Q9NQV7	599	652	0.3535076603773585
O14638	566	586	0.2980606
P07225	102	261	0.5793694025157233
P08047	595	672	0.3316304285714286
P15621	102	233	0.3338501679389313
P15621	264	315	0.394599568627451
P15621	599	650	0.43529072549019604
P60369	0	220	0.7747084545454545
Q13368	314	333	0.3310264736842105
Q9H832	232	269	0.2828636216216216
Q9P1U0	0	43	0.39366665116279065
Q9UBL0	755	809	0.2483121851851852
Q9Y2P7	81	104	0.2552506521739131
Q9Y2P7	230	309	0.37068389873417723
Q9Y2P7	482	561	0.37363621518987344
A0A096LNW5	26	267	0.608933112033195
D6RA61	34	61	0.27218018518518516
P07306	142	159	0.27447711764705884
P10072	92	112	0.26142624999999997
P10072	292	343	0.2648469607843137
P11226	21	45	0.280847125
P49910	264	306	0.26681278571428574
P49910	335	414	0.4082173544303797
Q02040	513	558	0.2703094222222222
Q15326	517	601	0.3716777261904762
Q16099	905	934	0.31022555172413796
Q5T440	28	45	0.2545055294117647
Q6P531	476	492	0.32397456249999995
Q6UWI4	195	216	0.3025200952380952
Q6UY18	28	46	0.3779062222222222
Q8N1N4	411	477	0.25561007575757577
Q96LU7	51	80	0.2818530344827586
Q96LU7	100	192	0.3907473369565217
Q9H9D4	344	483	0.44478656834532376
Q9HAU8	0	16	0.5603337500000001
Q9HAU8	121	137	0.29944818749999996
B4E2M5	126	148	0.2674059090909091
O15553	316	407	0.30692804395604395
P08235	184	211	0.2658446666666667
P26651	98	171	0.29338179452054797
P26651	238	259	0.3489985238095238
Q6ZN54	255	292	0.34832
Q86UE3	167	231	0.25678203125
Q8IZP1	523	545	0.37837272727272725
Q8ND24	644	702	0.3701861896551724
Q92499	101	120	0.25753468421052633
Q92499	627	646	0.25465894736842104
Q96P26	42	86	0.43203315909090906
Q9Y2T5	334	360	0.34248234615384615
O95196	348	378	0.3211403
P10075	174	225	0.3353749215686274
P10075	314	365	0.36543733333333334
P24394	361	394	0.2504409090909091
P24394	412	440	0.25658510714285715
P24394	707	756	0.5152340612244898
P47928	7	80	0.32404297260273973
P52824	92	232	0.4899502857142857
Q05823	716	740	0.22062841666666666
Q6A162	0	89	0.607230393258427
Q6A162	391	426	0.5833940857142857
Q7Z3H0	39	101	0.2721307741935484
Q8NEK5	74	101	0.24878088888888888
Q8NEK5	356	372	0.36273925
Q8NEK5	440	491	0.3488023529411765
Q8TBJ5	110	140	0.38760096666666666
Q8TBJ5	268	347	0.37363088607594935
Q99944	85	192	0.5208404018691589
Q9BX82	225	353	0.4137255234375
Q9BX82	394	625	0.43925577922077924
A0AAQ5BIG5	605	675	0.3185055857142857
O00300	26	197	0.45951873684210526
O43298	364	414	0.25634152
P48960	15	265	0.582250228
Q13501	19	51	0.26928709375
Q64LD2	509	524	0.27013793333333336
Q86Y38	916	936	0.2360486
Q969W8	190	327	0.40350950364963506
Q9H160	153	182	0.26727031034482757
Q9H160	204	267	0.40575414285714284
Q9H1R2	145	165	0.30847104999999997
Q9H1R2	209	231	0.35757777272727276
Q9H1R2	269	294	0.47324044
Q9H7R0	105	197	0.38478057608695654
Q9H7R0	228	309	0.422014975308642
Q9H7R0	479	560	0.39778332098765434
Q9NR11	263	324	0.31963904918032787
Q9Y508	0	76	0.4390598421052631
O60883	426	453	0.5162706666666667
P05305	98	164	0.3288850303030303
P14373	0	127	0.44759066141732284
Q13642	217	259	0.316702
Q5VT99	28	50	0.39901481818181816
Q6ZN84	315	335	0.3112842
Q6ZN84	613	632	0.30327231578947367
Q96NE9	565	587	0.32318027272727273
Q9BSY4	2	99	0.36618743298969075
Q9HBJ0	108	187	0.335903164556962
O14944	37	67	0.29606446666666664
O43300	450	467	0.26514047058823526
O60729	6	30	0.26160595833333333
P51649	15	31	0.230192875
Q15937	184	495	0.44679915434083595
Q6P1Q9	113	152	0.274022
Q6P461	24	39	0.3404448
Q99726	370	387	0.319821705882353
Q9C098	43	78	0.2570471714285714
Q9H8G2	32	82	0.3150426
Q9HBT7	359	410	0.2976772745098039
Q9UK33	86	134	0.3004767708333333
Q9ULM2	114	208	0.4376554680851064
Q9ULM2	241	348	0.41387455140186913
B2RU33	0	46	0.35792454347826086
O43603	344	376	0.3329173125
P29590	178	236	0.36408663793103446
Q12950	283	304	0.3224148571428571
Q12950	316	386	0.3328228142857143
Q15306	183	232	0.28231248979591833
Q16527	0	179	0.3632690837988827
Q6UWU4	145	160	0.26330713333333333
Q6UY11	0	275	0.63756972
Q6UY11	331	367	0.38441519444444444
Q8NI77	733	790	0.2633311403508772
Q8TC71	503	537	0.2317745
Q96K62	450	500	0.33940206000000006
Q96N38	67	90	0.2502287391304348
Q96N38	135	214	0.37821722784810125
Q96N38	538	553	0.27077033333333334
Q9H3U7	29	162	0.3934297669172932
Q9UIH9	39	72	0.36119660606060605
A4D1S0	208	230	0.3669675909090909
O14843	324	345	0.35466966666666666
P30281	0	15	0.3977164666666667
Q66K64	262	285	0.2961433043478261
Q66K64	336	368	0.2768525625
Q6UWV2	204	234	0.3329882
Q6UXN8	101	118	0.2771855882352941
Q86XU0	203	237	0.27923952941176466
Q86XU0	254	445	0.4909482356020942
Q96DN2	16	270	0.6429621968503937
Q96DN2	375	792	0.6515896235011991
Q9NT99	46	72	0.34548346153846154
Q9NT99	332	350	0.3297555
Q9NUG4	335	410	0.30083993333333336
Q9UNL4	188	248	0.3650309
Q9Y4I5	175	232	0.3204018245614035
Q9Y4I5	287	484	0.4278967461928934
P13489	197	221	0.39406091666666665
P33981	258	331	0.2293361095890411
P35663	614	636	0.2678465
P52744	43	75	0.36925003125
P52744	98	180	0.37573868292682927
P84103	0	19	0.31308484210526316
Q3SY56	217	270	0.47291264150943396
Q68G74	0	79	0.44818965822784806
Q8N8C0	16	103	0.37973645977011494
Q969J2	142	165	0.2621496956521739
Q969J2	311	362	0.3486916470588235
Q969J2	478	529	0.3473981568627451
Q96HE7	24	44	0.3988082
Q9HBE1	0	23	0.29656452173913045
Q9HBE1	346	397	0.32652025490196074
Q9Y6S9	0	21	0.3026256666666667
Q9Y6S9	348	380	0.27527846875
C9J069	235	263	0.24530289285714285
C9J069	654	678	0.35450966666666667
E7ETH6	83	106	0.2717213913043478
E7ETH6	192	218	0.37408603846153843
E7ETH6	230	284	0.3972208148148148
P0DKL9	14	55	0.35264900000000005
P17509	102	118	0.2245811875
P35908	0	16	0.316623
Q14588	167	375	0.500311423076923
Q14588	447	528	0.4215509012345679
Q8NFZ5	397	428	0.4405036129032258
Q8WWZ8	39	58	0.30633499999999997
Q8WWZ8	141	275	0.6512282388059701
Q8WWZ8	502	522	0.33033695
Q9H161	0	15	0.2826992
Q9H161	314	334	0.26980945
Q9NSB2	510	539	0.267853275862069
Q9NSB2	551	599	0.3177284375
Q92686	0	18	0.398704
Q96NG5	143	194	0.34189262745098037
Q9N2K0	238	266	0.2628269285714286
