0.3162570595741272
0.2713180184364319
0.2922776937484741
0.3364456295967102
0.3931105136871338
0.6337117552757263
0.2739829421043396
0.31976574659347534
0.3172457814216614
0.4270932972431183
0.29699936509132385
0.696746826171875
0.30945801734924316
0.39258307218551636
0.5816090106964111
0.5963684916496277
0.5318067669868469
0.45078179240226746
0.5963684916496277
0.5318067669868469
0.45078179240226746
0.5963684916496277
0.5318067669868469
0.45078179240226746
0.47364184260368347
0.34379222989082336
0.3945877254009247
0.40633800625801086
0.34379222989082336
0.3945877254009247
0.40633800625801086
0.34379222989082336
0.3945877254009247
0.40633800625801086
0.5797904133796692
0.46485769748687744
0.39527958631515503
0.5797904133796692
0.46485769748687744
0.39527958631515503
0.5797904133796692
0.46485769748687744
0.39527958631515503
0.676284670829773
0.5931585431098938
0.24961639940738678
0.38601458072662354
0.28788241744041443
0.37414923310279846
0.28788241744041443
0.37414923310279846
0.3979978859424591
0.4134330451488495
0.39765504002571106
0.6844231486320496
0.39765504002571106
0.6844231486320496
0.3775504231452942
0.37309157848358154
0.37647971510887146
0.4982372224330902
0.5064165592193604
0.430183082818985
0.5064165592193604
0.430183082818985
0.5632328987121582
0.6086068153381348
0.5632328987121582
0.6086068153381348
0.2739402949810028
0.6133306622505188
0.40265294909477234
0.36923301219940186
0.7191298007965088
0.5272963643074036
0.3647567629814148
0.5272963643074036
0.3647567629814148
0.3428086042404175
0.32525673508644104
0.2994104325771332
0.3428086042404175
0.32525673508644104
0.2994104325771332
0.5445250272750854
0.5012704133987427
0.5643232464790344
0.5670424103736877
0.48779550194740295
0.32335352897644043
0.6050627827644348
0.5644618272781372
0.3431996703147888
0.6050627827644348
0.5644618272781372
0.3431996703147888
0.6050627827644348
0.5644618272781372
0.3431996703147888
0.34946614503860474
0.7436827421188354
0.5797552466392517
0.2925439476966858
0.6279065012931824
0.5895706415176392
0.416898250579834
0.3609125018119812
0.32210713624954224
0.416898250579834
0.3609125018119812
0.32210713624954224
0.30586451292037964
0.6622289419174194
0.698228120803833
0.7340311408042908
0.6622289419174194
0.698228120803833
0.7340311408042908
0.6622289419174194
0.698228120803833
0.7340311408042908
0.32859745621681213
0.5270853042602539
0.6140120029449463
0.4387439489364624
0.615116536617279
0.442178338766098
0.4402375817298889
0.49990931153297424
0.5942678451538086
0.33331501483917236
0.5942678451538086
0.33331501483917236
0.47100672125816345
0.45672518014907837
0.6562173962593079
0.45672518014907837
0.6562173962593079
0.6693137288093567
0.3722885847091675
0.5080424547195435
0.3722885847091675
0.5080424547195435
0.5010685324668884
0.43018263578414917
0.39314043521881104
0.6814871430397034
0.5690712928771973
0.6221609711647034
0.5690712928771973
0.6221609711647034
0.25483232736587524
0.5538928508758545
0.25520044565200806
0.4441479742527008
0.32782238721847534
0.2983687222003937
0.487443208694458
0.3701591193675995
0.4363909959793091
0.5709292888641357
0.4363909959793091
0.5709292888641357
0.3133292496204376
0.34462472796440125
0.40785884857177734
0.3890681564807892
0.40785884857177734
0.3890681564807892
0.271392285823822
0.5902158617973328
0.49287572503089905
0.3823487460613251
0.49287572503089905
0.3823487460613251
0.41750675439834595
0.41880175471305847
0.6593241691589355
0.29137006402015686
0.6714428663253784
0.2957029938697815
0.4882547855377197
0.6074094772338867
0.2957029938697815
0.4882547855377197
0.6074094772338867
0.3412971794605255
0.6782030463218689
0.3412971794605255
0.6782030463218689
0.460576593875885
0.6481258869171143
0.4503515660762787
0.5379008650779724
0.5477798581123352
0.5379008650779724
0.5477798581123352
0.5379681587219238
0.3824286460876465
0.5748099684715271
0.46627670526504517
0.524448812007904
0.2844164967536926
0.3209497928619385
0.5706343054771423
0.347663015127182
0.3023529052734375
0.3575434684753418
0.46512994170188904
0.7823188900947571
0.46512994170188904
0.7823188900947571
0.30478766560554504
0.5893212556838989
0.3953922688961029
0.3668743073940277
0.7253383994102478
0.5117195844650269
0.5053706169128418
0.4767167866230011
0.6795010566711426
0.270110547542572
0.6765828132629395
0.270110547542572
0.6765828132629395
0.5908668041229248
0.5116982460021973
0.27847298979759216
0.3415352404117584
0.4435339868068695
0.3415352404117584
0.4435339868068695
0.44222357869148254
0.574776828289032
0.5070586800575256
0.3612481653690338
0.5285958051681519
0.48852530121803284
0.4683457314968109
0.48603492975234985
0.27428653836250305
0.3618769645690918
0.6065165400505066
0.4750519394874573
0.3900342881679535
0.6065165400505066
0.4750519394874573
0.3900342881679535
0.6065165400505066
0.4750519394874573
0.3900342881679535
0.3202807903289795
0.5065807700157166
0.34710076451301575
0.3562886416912079
0.34710076451301575
0.3562886416912079
0.3756348490715027
0.6853446364402771
0.38078171014785767
0.3138379752635956
0.71014803647995
0.3138379752635956
0.71014803647995
0.6514022946357727
0.38626357913017273
0.704835832118988
0.3190392851829529
0.33103543519973755
0.4031737148761749
0.3190392851829529
0.33103543519973755
0.4031737148761749
0.5007928609848022
0.3546409010887146
0.5007928609848022
0.3546409010887146
0.3360004425048828
0.24088014662265778
0.2430458962917328
0.48354431986808777
0.3381214737892151
0.3337462544441223
0.592149019241333
0.35267239809036255
0.4036143124103546
0.6663193106651306
0.6705331802368164
0.29158276319503784
0.39929816126823425
0.5785551071166992
0.4071146845817566
0.5527461171150208
0.4071146845817566
0.5527461171150208
0.3532300889492035
0.4372714161872864
0.6266970634460449
0.4372714161872864
0.6266970634460449
0.37387990951538086
0.27881526947021484
0.5577096343040466
0.452492356300354
0.5577096343040466
0.452492356300354
0.5844131708145142
0.4512253701686859
0.3352687954902649
0.2466740608215332
0.5177052617073059
0.43638163805007935
0.6668434739112854
0.48041781783103943
0.40756163001060486
0.30996862053871155
0.5153025984764099
0.42768168449401855
0.36123141646385193
0.7118440866470337
0.6964830756187439
0.7118440866470337
0.6964830756187439
0.4752976894378662
0.3410849869251251
0.4752976894378662
0.3410849869251251
0.3290320336818695
0.5339773893356323
0.6334561705589294
0.307453989982605
0.28647664189338684
0.3682934641838074
0.4582314193248749
0.4010079503059387
0.4582314193248749
0.4010079503059387
0.5718085765838623
0.4508361220359802
0.5718085765838623
0.4508361220359802
0.6532328724861145
0.3217419683933258
0.34539705514907837
0.578612208366394
0.36471080780029297
0.6485444903373718
0.29192230105400085
0.3931388854980469
0.46250787377357483
0.31544142961502075
0.3557828366756439
0.3206292688846588
0.4362795948982239
0.39009883999824524
0.4362795948982239
0.39009883999824524
0.5508472323417664
0.3201100528240204
0.2842479646205902
0.6672093868255615
0.424334317445755
0.2667018175125122
0.6571035981178284
0.3754025399684906
0.7175289392471313
0.5928113460540771
0.5361959338188171
0.423981249332428
0.3717036247253418
0.504713773727417
0.3717036247253418
0.504713773727417
0.33314836025238037
0.4222896993160248
0.42143771052360535
0.4873412847518921
0.517045795917511
0.3137439787387848
0.4873412847518921
0.517045795917511
0.3137439787387848
0.4873412847518921
0.517045795917511
0.3137439787387848
0.4319832921028137
0.41822269558906555
0.47842124104499817
0.4250747859477997
0.4846908748149872
0.6614905595779419
0.30944642424583435
0.46050575375556946
0.6171408295631409
0.4580240547657013
0.3937436044216156
0.4888777732849121
0.42194613814353943
0.259899377822876
0.4888777732849121
0.42194613814353943
0.259899377822876
0.39866018295288086
0.5373280048370361
0.6065409183502197
0.61568683385849
0.6065409183502197
0.61568683385849
0.3729477524757385
0.4942644536495209
0.48998451232910156
0.3729477524757385
0.4942644536495209
0.48998451232910156
0.3729477524757385
0.4942644536495209
0.48998451232910156
0.38317689299583435
0.5753688216209412
0.38317689299583435
0.5753688216209412
0.6431386470794678
0.42251262068748474
0.29928499460220337
0.5713971853256226
0.48293691873550415
0.3055572807788849
0.48293691873550415
0.3055572807788849
0.2965676784515381
0.5161964297294617
0.2965676784515381
0.5161964297294617
0.39488133788108826
0.56021648645401
0.2691831886768341
0.6495848298072815
0.3861846327781677
0.3425856828689575
0.2695889174938202
0.4544316828250885
0.543648898601532
0.2695889174938202
0.4544316828250885
0.543648898601532
0.37929046154022217
0.2717869281768799
0.259848415851593
0.7163405418395996
0.6572368144989014
0.3791230618953705
0.37208062410354614
0.6076155304908752
0.6143010258674622
0.37208062410354614
0.6076155304908752
0.6143010258674622
0.37208062410354614
0.6076155304908752
0.6143010258674622
0.3689701557159424
0.4316020905971527
0.3778025805950165
0.31701216101646423
0.6476730704307556
0.31701216101646423
0.6476730704307556
0.366813063621521
0.285003125667572
0.40211352705955505
0.5215064287185669
0.36491304636001587
0.5215064287185669
0.36491304636001587
0.4599152207374573
0.5580292344093323
0.3900516629219055
0.40196648240089417
0.5763858556747437
0.693243145942688
0.5763858556747437
0.693243145942688
0.6013857126235962
0.32558882236480713
0.4023488163948059
0.30842235684394836
0.37155410647392273
0.3548188805580139
0.6159318685531616
0.44283536076545715
0.689310610294342
0.6262762546539307
0.689310610294342
0.6262762546539307
0.5460115075111389
0.351876825094223
0.4690399169921875
0.351876825094223
0.4690399169921875
0.28334352374076843
0.7462011575698853
0.2859615683555603
0.45853209495544434
0.48326146602630615
0.497540146112442
0.2681661546230316
0.6172654628753662
0.497540146112442
0.2681661546230316
0.6172654628753662
0.28902938961982727
0.39125263690948486
0.28902938961982727
0.39125263690948486
0.39360511302948
0.34051230549812317
0.6745953559875488
0.3372095227241516
0.6513335108757019
0.33938857913017273
0.6498391628265381
0.6479840278625488
0.6498391628265381
0.6479840278625488
0.5269197821617126
0.41798824071884155
0.5269197821617126
0.41798824071884155
0.4689357280731201
0.5609478950500488
0.6516453623771667
0.5279116034507751
0.6516453623771667
0.5279116034507751
0.531035840511322
0.7075262665748596
0.531035840511322
0.7075262665748596
0.4810643792152405
0.6070210933685303
0.58833909034729
0.560883104801178
0.58833909034729
0.560883104801178
0.5514434576034546
0.29119059443473816
0.5705729722976685
0.4449872374534607
0.2830738425254822
0.4324270486831665
0.3739572763442993
0.4769391119480133
0.4726158678531647
0.5398016571998596
0.4324270486831665
0.3739572763442993
0.4769391119480133
0.4726158678531647
0.5398016571998596
0.4324270486831665
0.3739572763442993
0.4769391119480133
0.4726158678531647
0.5398016571998596
0.4324270486831665
0.3739572763442993
0.4769391119480133
0.4726158678531647
0.5398016571998596
0.4324270486831665
0.3739572763442993
0.4769391119480133
0.4726158678531647
0.5398016571998596
0.33521297574043274
0.5456353425979614
0.289458692073822
0.33521297574043274
0.5456353425979614
0.289458692073822
0.3321903347969055
0.691126823425293
0.6127967238426208
0.35051101446151733
0.32886040210723877
0.31035616993904114
0.40843865275382996
0.31035616993904114
0.40843865275382996
0.6450339555740356
0.2642722725868225
0.5061919689178467
0.5624626874923706
0.651772677898407
0.5624626874923706
0.651772677898407
0.45788466930389404
0.5254228711128235
0.5070529580116272
0.3086320161819458
0.5070529580116272
0.3086320161819458
0.4335639476776123
0.33227935433387756
0.39530861377716064
0.392465204000473
0.5068622827529907
0.5746760964393616
0.48616182804107666
0.5068622827529907
0.5746760964393616
0.48616182804107666
0.5068622827529907
0.5746760964393616
0.48616182804107666
0.6391821503639221
0.5186078548431396
0.48867544531822205
0.36374935507774353
0.5186078548431396
0.48867544531822205
0.36374935507774353
0.5186078548431396
0.48867544531822205
0.36374935507774353
0.6741167306900024
0.6137226223945618
0.310981810092926
0.43351036310195923
0.3133411109447479
0.530758798122406
0.3353400230407715
0.530758798122406
0.3353400230407715
0.279988557100296
0.40681028366088867
0.2792752981185913
0.392839640378952
0.5079589486122131
0.29702284932136536
0.25397127866744995
0.3806551694869995
0.668921947479248
0.3489319980144501
0.5610905885696411
0.3489319980144501
0.5610905885696411
0.34167763590812683
0.3493082821369171
0.6512957811355591
0.3493082821369171
0.6512957811355591
0.4874064028263092
0.5847761034965515
0.31317299604415894
0.667649507522583
0.6071229577064514
0.667649507522583
0.6071229577064514
0.3945235013961792
0.6690396666526794
0.5753138065338135
0.3945235013961792
0.6690396666526794
0.5753138065338135
0.3945235013961792
0.6690396666526794
0.5753138065338135
0.3651987314224243
0.5518386960029602
0.39321601390838623
0.5518386960029602
0.39321601390838623
0.27376940846443176
0.6775517463684082
0.6197200417518616
0.27376940846443176
0.6775517463684082
0.6197200417518616
0.2859920263290405
0.322367399930954
0.6328345537185669
0.322367399930954
0.6328345537185669
0.34884023666381836
0.4269951581954956
0.35145169496536255
0.3702296316623688
0.5177874565124512
0.6680320501327515
0.6367108821868896
0.6680320501327515
0.6367108821868896
0.46137532591819763
0.3594543933868408
0.5228127241134644
0.37548965215682983
0.43909189105033875
0.6496716141700745
0.33772459626197815
0.40734240412712097
0.2931170165538788
0.586381733417511
0.6389043927192688
0.44636470079421997
0.6389043927192688
0.44636470079421997
0.31536048650741577
0.3594229817390442
0.47453370690345764
0.6432469487190247
0.6010290384292603
0.3541886508464813
0.6010290384292603
0.3541886508464813
0.6126689910888672
0.3897603452205658
0.6415209770202637
0.3897603452205658
0.6415209770202637
0.3091380000114441
0.4012371897697449
0.5621921420097351
0.581108570098877
0.5668683052062988
0.581108570098877
0.5668683052062988
0.46129462122917175
0.328133225440979
0.41362670063972473
0.5024557113647461
0.328133225440979
0.41362670063972473
0.5024557113647461
0.34376993775367737
0.624473512172699
0.388210654258728
0.5663983225822449
0.388210654258728
0.5663983225822449
0.36793994903564453
0.46349188685417175
0.5733882784843445
0.45601266622543335
0.36793994903564453
0.46349188685417175
0.5733882784843445
0.45601266622543335
0.36793994903564453
0.46349188685417175
0.5733882784843445
0.45601266622543335
0.36793994903564453
0.46349188685417175
0.5733882784843445
0.45601266622543335
0.3046174943447113
0.5574461817741394
0.3988107442855835
0.4421268701553345
0.3988107442855835
0.4421268701553345
0.30875974893569946
0.48595333099365234
0.3872906565666199
0.3536774516105652
0.3177228569984436
0.35849058628082275
0.46165332198143005
0.6854006052017212
0.46165332198143005
0.6854006052017212
0.3972705602645874
0.4330291450023651
0.2770608365535736
0.5091622471809387
0.40454936027526855
0.3160892128944397
0.5905309915542603
0.2752889394760132
0.5244917869567871
0.4372444450855255
0.42199304699897766
0.3925432562828064
0.27860692143440247
0.3894835114479065
0.3833291530609131
0.3357642590999603
0.6714650988578796
0.5758987069129944
0.583418071269989
0.5783118009567261
0.6804010272026062
0.636397123336792
0.6078504920005798
0.6804010272026062
0.636397123336792
0.6078504920005798
0.6804010272026062
0.636397123336792
0.6078504920005798
0.4247245788574219
0.5096141695976257
0.541475236415863
0.31338292360305786
0.5914657711982727
0.6371788382530212
0.5852177143096924
0.6371788382530212
0.5852177143096924
0.3799561858177185
0.29763975739479065
0.5584952235221863
0.6458383798599243
0.5584952235221863
0.6458383798599243
0.40299323201179504
0.32124727964401245
0.47112372517585754
0.4117136299610138
0.47112372517585754
0.4117136299610138
0.42149224877357483
0.2879848778247833
0.6314270496368408
0.32346630096435547
0.567434549331665
0.32346630096435547
0.567434549331665
0.3459944427013397
0.6443476676940918
0.6605521440505981
0.6592587232589722
0.7145305275917053
0.3567984402179718
0.6487458348274231
0.5420665144920349
0.6699813008308411
0.27376532554626465
0.29117316007614136
0.6923742890357971
0.49311545491218567
0.25236988067626953
0.5519037842750549
0.4916975796222687
0.3712957203388214
0.31361091136932373
0.3791230618953705
0.43277499079704285
0.2852075695991516
0.6668714880943298
0.6539996266365051
0.5971333384513855
0.4093593657016754
0.6697434186935425
0.4093593657016754
0.6697434186935425
0.4805179834365845
0.35142478346824646
0.36698681116104126
0.4373747706413269
0.31611061096191406
0.4373747706413269
0.31611061096191406
0.3578738570213318
0.5899034738540649
0.36248981952667236
0.3578738570213318
0.5899034738540649
0.36248981952667236
0.3578738570213318
0.5899034738540649
0.36248981952667236
0.2519836723804474
0.6674458384513855
0.3996385633945465
0.4020681381225586
0.3601911664009094
0.3287839889526367
0.6320338249206543
0.3601911664009094
0.3287839889526367
0.6320338249206543
0.3601911664009094
0.3287839889526367
0.6320338249206543
0.5119776725769043
0.42495018243789673
0.6710156798362732
0.6810802817344666
0.6710156798362732
0.6810802817344666
0.3081788420677185
0.2703401446342468
0.6110235452651978
0.5977193117141724
0.6309607028961182
0.2759261727333069
0.3451686501502991
0.41043075919151306
0.3451686501502991
0.41043075919151306
0.3352620303630829
0.4471377432346344
0.5501007437705994
0.3295436501502991
0.41965556144714355
0.5501007437705994
0.3295436501502991
0.41965556144714355
0.5501007437705994
0.3295436501502991
0.41965556144714355
0.539413332939148
0.3764803111553192
0.539413332939148
0.3764803111553192
0.4116740822792053
0.49435925483703613
0.3446854054927826
0.6603130102157593
0.3446854054927826
0.6603130102157593
0.2870577275753021
0.6601654291152954
0.6172574758529663
0.33279532194137573
0.4874686002731323
0.46358561515808105
0.4874686002731323
0.46358561515808105
0.44496792554855347
0.6977822184562683
0.42527762055397034
0.7251784801483154
0.43851059675216675
0.7251784801483154
0.43851059675216675
0.6886894106864929
0.582189679145813
0.36642149090766907
0.582189679145813
0.36642149090766907
0.33088743686676025
0.42602241039276123
0.3076333999633789
0.46440309286117554
0.4671337306499481
0.5359814167022705
0.44132372736930847
0.43998363614082336
0.6596295237541199
0.5296050310134888
0.5364291667938232
0.5359814167022705
0.44132372736930847
0.43998363614082336
0.6596295237541199
0.5296050310134888
0.5364291667938232
0.5359814167022705
0.44132372736930847
0.43998363614082336
0.6596295237541199
0.5296050310134888
0.5364291667938232
0.5359814167022705
0.44132372736930847
0.43998363614082336
0.6596295237541199
0.5296050310134888
0.5364291667938232
0.5359814167022705
0.44132372736930847
0.43998363614082336
0.6596295237541199
0.5296050310134888
0.5364291667938232
0.5359814167022705
0.44132372736930847
0.43998363614082336
0.6596295237541199
0.5296050310134888
0.5364291667938232
0.6408848762512207
0.5919620394706726
0.6408848762512207
0.5919620394706726
0.28088873624801636
0.369692325592041
0.35400617122650146
0.3379746079444885
0.45288005471229553
0.3379746079444885
0.45288005471229553
0.3055737614631653
0.514508843421936
0.3055737614631653
0.514508843421936
0.47303688526153564
0.3371486961841583
0.3733949065208435
0.6267256140708923
0.5410441756248474
0.6705516576766968
0.2895258665084839
0.7066240906715393
0.45276954770088196
0.5410441756248474
0.6705516576766968
0.2895258665084839
0.7066240906715393
0.45276954770088196
0.5410441756248474
0.6705516576766968
0.2895258665084839
0.7066240906715393
0.45276954770088196
0.5410441756248474
0.6705516576766968
0.2895258665084839
0.7066240906715393
0.45276954770088196
0.5410441756248474
0.6705516576766968
0.2895258665084839
0.7066240906715393
0.45276954770088196
0.40963566303253174
0.5210128426551819
0.2889608144760132
0.5070685148239136
0.26553672552108765
0.5875105261802673
0.3506237864494324
0.38849982619285583
0.35169342160224915
0.3433060646057129
0.366163969039917
0.4686596989631653
0.40856367349624634
0.49535226821899414
0.6512553691864014
0.5583618879318237
0.4710536599159241
0.434464693069458
0.3540636897087097
0.2721947133541107
0.6551753282546997
0.6237019896507263
0.2714866101741791
0.3358570635318756
0.5658223032951355
0.36579784750938416
0.6529334783554077
0.31443560123443604
0.4207759499549866
0.41713830828666687
0.5984528064727783
0.4965653121471405
0.5984528064727783
0.4965653121471405
0.31881797313690186
0.3578346371650696
0.4338298738002777
0.3794620931148529
0.27237167954444885
0.5246041417121887
0.5815909504890442
0.4016817808151245
0.7531939744949341
0.4067307710647583
0.3309803903102875
0.4067307710647583
0.3309803903102875
0.31256434321403503
0.6309946179389954
0.4108472764492035
0.4013175964355469
0.3158682584762573
0.3960978090763092
0.5966916084289551
0.4530028998851776
0.354046493768692
0.37883830070495605
0.255430668592453
0.5094528198242188
0.48496729135513306
0.3135840594768524
0.47168830037117004
0.4188676178455353
0.3371724784374237
0.34941962361335754
0.5946864485740662
0.34941962361335754
0.5946864485740662
0.34338629245758057
0.3365415632724762
0.6935686469078064
0.37501195073127747
0.3558005392551422
0.6138284206390381
0.3862144351005554
0.6751264333724976
0.3862144351005554
0.6751264333724976
0.5750202536582947
0.4200866222381592
0.2814224362373352
0.3109596073627472
0.3982142508029938
0.5133633613586426
0.3809812068939209
0.34766194224357605
0.40748652815818787
0.7348519563674927
0.6396399140357971
0.5210629105567932
0.6396399140357971
0.5210629105567932
0.4636773467063904
0.26857680082321167
0.7139506340026855
0.417934387922287
0.32907208800315857
0.417934387922287
0.32907208800315857
0.40661564469337463
0.3854188024997711
0.4939567744731903
0.2839263677597046
0.4234890639781952
0.7084069848060608
0.32969439029693604
0.33842265605926514
0.6201395392417908
0.33842265605926514
0.6201395392417908
0.35384565591812134
0.38483935594558716
0.5225569009780884
0.43475833535194397
0.42222440242767334
0.64759761095047
0.3587934970855713
0.6596240997314453
0.6076558828353882
0.3363614082336426
0.42486611008644104
0.6026483774185181
0.2840934991836548
0.3901226818561554
0.5178600549697876
0.5400773882865906
0.5657240152359009
0.6695737838745117
0.6187360286712646
0.536268413066864
0.3931938707828522
0.5339469909667969
0.3931938707828522
0.5339469909667969
0.5850258469581604
0.2664352059364319
0.4388328194618225
0.5367145538330078
0.6108323335647583
0.5132090449333191
0.3510553240776062
0.2664352059364319
0.4388328194618225
0.5367145538330078
0.6108323335647583
0.5132090449333191
0.3510553240776062
0.2664352059364319
0.4388328194618225
0.5367145538330078
0.6108323335647583
0.5132090449333191
0.3510553240776062
0.2664352059364319
0.4388328194618225
0.5367145538330078
0.6108323335647583
0.5132090449333191
0.3510553240776062
0.2664352059364319
0.4388328194618225
0.5367145538330078
0.6108323335647583
0.5132090449333191
0.3510553240776062
0.47890201210975647
0.4544246792793274
0.41133156418800354
0.3496409058570862
0.3814128637313843
0.5731308460235596
0.41353127360343933
0.6821117997169495
0.6137580871582031
0.4694255292415619
0.38866016268730164
0.2995852530002594
0.6043450832366943
0.6049606204032898
0.38155728578567505
0.4694255292415619
0.38866016268730164
0.2995852530002594
0.6043450832366943
0.6049606204032898
0.38155728578567505
0.4694255292415619
0.38866016268730164
0.2995852530002594
0.6043450832366943
0.6049606204032898
0.38155728578567505
0.4694255292415619
0.38866016268730164
0.2995852530002594
0.6043450832366943
0.6049606204032898
0.38155728578567505
0.4694255292415619
0.38866016268730164
0.2995852530002594
0.6043450832366943
0.6049606204032898
0.38155728578567505
0.3692080080509186
0.3179165720939636
0.561448335647583
0.6596840620040894
0.561448335647583
0.6596840620040894
0.3362369239330292
0.6158576011657715
0.32497385144233704
0.4764980971813202
0.5293712615966797
0.4311431050300598
0.5054869651794434
0.2517664432525635
0.359872967004776
0.3850725591182709
0.4311431050300598
0.5054869651794434
0.2517664432525635
0.359872967004776
0.3850725591182709
0.4311431050300598
0.5054869651794434
0.2517664432525635
0.359872967004776
0.3850725591182709
0.4311431050300598
0.5054869651794434
0.2517664432525635
0.359872967004776
0.3850725591182709
0.4233022630214691
0.6083035469055176
0.32437169551849365
0.3868919610977173
0.44970911741256714
0.38786569237709045
0.44970911741256714
0.38786569237709045
0.3738022446632385
0.6487032771110535
0.49515655636787415
0.4839380085468292
0.3362538516521454
0.46939191222190857
0.30742400884628296
0.32678908109664917
0.6546674966812134
0.42706480622291565
0.6157578229904175
0.6757502555847168
0.43968695402145386
0.6305810809135437
0.38833168148994446
0.4498234987258911
0.34448930621147156
0.343799889087677
0.7035295963287354
0.40912100672721863
0.7035295963287354
0.40912100672721863
0.5492125153541565
0.4012344479560852
0.7330182790756226
0.7094168066978455
0.5129990577697754
0.7094168066978455
0.5129990577697754
0.32866838574409485
0.648810863494873
0.32866838574409485
0.648810863494873
0.6023543477058411
0.45476946234703064
0.4023400843143463
0.6642036437988281
0.4621461033821106
0.6432294845581055
0.503278374671936
0.6156461834907532
0.6828436851501465
0.6156461834907532
0.6828436851501465
0.5983075499534607
0.4932706654071808
0.47606441378593445
0.6143804788589478
0.43999946117401123
0.3946055471897125
0.27693653106689453
0.43999946117401123
0.3946055471897125
0.27693653106689453
0.34722480177879333
0.3075600564479828
0.4396424889564514
0.6525823473930359
0.5503426194190979
0.4119483530521393
0.3479940891265869
0.44610345363616943
0.5938776731491089
0.606115996837616
0.3861384987831116
0.37588170170783997
0.37597793340682983
0.37588170170783997
0.37597793340682983
0.49134311079978943
0.5238452553749084
0.49134311079978943
0.5238452553749084
0.544413149356842
0.5754157304763794
0.40151095390319824
0.6838846802711487
0.520240068435669
0.6838846802711487
0.520240068435669
0.508366048336029
0.5652616024017334
0.508366048336029
0.5652616024017334
0.30990779399871826
0.2734350264072418
0.2907275855541229
0.31702783703804016
0.38444846868515015
0.5518094897270203
0.5161683559417725
0.5518094897270203
0.5161683559417725
0.36958426237106323
0.5055798888206482
0.4007676839828491
0.45133668184280396
0.30849549174308777
0.2896771728992462
0.4319225251674652
0.347018837928772
0.5450160503387451
0.5769555568695068
0.347018837928772
0.5450160503387451
0.5769555568695068
0.347018837928772
0.5450160503387451
0.5769555568695068
0.2999425530433655
0.3229195177555084
0.2999425530433655
0.3229195177555084
0.33056461811065674
0.3633357286453247
0.31566229462623596
0.3442961871623993
0.4284497797489166
0.3451527953147888
0.6816797256469727
0.34025272727012634
0.3372258245944977
0.39776110649108887
0.495056688785553
0.3826829791069031
0.36830970644950867
0.46072760224342346
0.3826829791069031
0.36830970644950867
0.46072760224342346
0.3826829791069031
0.36830970644950867
0.46072760224342346
0.33149582147598267
0.7050036191940308
0.42563506960868835
0.44166073203086853
0.3758184015750885
0.44166073203086853
0.3758184015750885
0.33417847752571106
0.31747063994407654
0.520307719707489
0.35098403692245483
0.5749960541725159
0.35271620750427246
0.6352004408836365
0.6218692064285278
0.46339690685272217
0.2705317437648773
0.5364786386489868
0.4159204959869385
0.39798763394355774
0.6900274753570557
0.4159204959869385
0.39798763394355774
0.6900274753570557
0.4159204959869385
0.39798763394355774
0.6900274753570557
0.34819290041923523
0.2560440003871918
0.39649277925491333
0.42140060663223267
0.4239092469215393
0.526621401309967
0.5099979639053345
0.3845887780189514
0.3544938266277313
0.36468738317489624
0.3544938266277313
0.36468738317489624
0.7056378126144409
0.3640030026435852
0.43811705708503723
0.4114503860473633
0.2806956470012665
0.3254851996898651
0.4114503860473633
0.2806956470012665
0.3254851996898651
0.4114503860473633
0.2806956470012665
0.3254851996898651
0.5613643527030945
0.6243582367897034
0.4125667214393616
0.40614429116249084
0.46707725524902344
0.4125667214393616
0.40614429116249084
0.46707725524902344
0.4125667214393616
0.40614429116249084
0.46707725524902344
0.514428973197937
0.3883424699306488
0.29564833641052246
0.4062979221343994
0.29564833641052246
0.4062979221343994
0.3281025290489197
0.41093897819519043
0.3281025290489197
0.41093897819519043
0.6391006708145142
0.40512698888778687
0.6792373061180115
0.38656502962112427
0.2829221189022064
0.4930226504802704
0.38656502962112427
0.2829221189022064
0.4930226504802704
0.5752921104431152
0.31457269191741943
0.6201574206352234
0.5814636945724487
0.36486634612083435
0.4381072223186493
0.5509013533592224
0.4381072223186493
0.5509013533592224
0.4785352051258087
0.5948206186294556
0.5218408703804016
0.3132762014865875
0.45192569494247437
0.3132762014865875
0.45192569494247437
0.4101090431213379
0.5672842860221863
0.39064642786979675
0.37490546703338623
0.39064642786979675
0.37490546703338623
0.4398952126502991
0.3368748128414154
0.3658624291419983
0.4398952126502991
0.3368748128414154
0.3658624291419983
0.4398952126502991
0.3368748128414154
0.3658624291419983
0.5371867418289185
0.45983532071113586
0.4883057475090027
0.567793071269989
0.4710116684436798
0.6235961318016052
0.41585010290145874
0.3680965006351471
0.6589439511299133
0.3429310619831085
0.4371289014816284
0.3429310619831085
0.4371289014816284
0.5350872874259949
0.5481041073799133
0.6844574809074402
0.5350872874259949
0.5481041073799133
0.6844574809074402
0.5350872874259949
0.5481041073799133
0.6844574809074402
0.3182488977909088
0.6996484994888306
0.3182488977909088
0.6996484994888306
0.3673754036426544
0.3802059590816498
0.3673754036426544
0.3802059590816498
0.605289101600647
0.35484838485717773
0.5806795358657837
0.369096964597702
0.5934129953384399
0.24603579938411713
0.4131397008895874
0.4086088538169861
0.3734820783138275
0.4786732494831085
0.4483399987220764
0.6604154706001282
0.5823071599006653
0.6604154706001282
0.5823071599006653
0.5473728179931641
0.4987052083015442
0.35574454069137573
0.5270358324050903
0.6601014137268066
0.5060625076293945
0.5281863212585449
0.6549006700515747
0.45405617356300354
0.5716649889945984
0.46502435207366943
0.6485958695411682
0.30798283219337463
0.2909632623195648
0.5588663816452026
0.6187864542007446
0.5588663816452026
0.6187864542007446
0.6566601395606995
0.3337211310863495
0.4697587788105011
0.5292669534683228
0.5857560634613037
0.46373245120048523
0.7038378119468689
0.4929504990577698
0.6471858620643616
0.6396086812019348
0.6471858620643616
0.6396086812019348
0.5770738124847412
0.6741330027580261
0.5293835997581482
0.49535226821899414
0.32631587982177734
0.41712677478790283
0.32631587982177734
0.41712677478790283
0.35023242235183716
0.3221348524093628
0.37909138202667236
0.6817975044250488
0.37909138202667236
0.6817975044250488
0.326911598443985
0.5305584073066711
0.2266242355108261
0.326911598443985
0.5305584073066711
0.2266242355108261
0.7405144572257996
0.5215277671813965
0.7405144572257996
0.5215277671813965
0.3096928298473358
0.41631534695625305
0.3096928298473358
0.41631534695625305
0.39129799604415894
0.4226446747779846
0.7273021340370178
0.3257542550563812
0.36196765303611755
0.4856465756893158
0.2618432939052582
0.35097992420196533
0.3832845091819763
0.6947987079620361
0.3832845091819763
0.6947987079620361
0.6303449273109436
0.35747599601745605
0.5507516264915466
0.655737042427063
0.5507516264915466
0.655737042427063
0.4174233675003052
0.6618672609329224
0.3338127136230469
0.6618672609329224
0.3338127136230469
0.574842631816864
0.3646165430545807
0.6580711007118225
0.41748204827308655
0.38988763093948364
0.44913142919540405
0.3099108040332794
0.32065606117248535
0.5913028120994568
0.6812086701393127
0.3942861258983612
0.2814622223377228
0.39024069905281067
0.3351935148239136
0.2814622223377228
0.39024069905281067
0.3351935148239136
0.47536173462867737
0.5324586629867554
0.6307504177093506
0.5324586629867554
0.6307504177093506
0.41711050271987915
0.5280678272247314
0.2803364098072052
0.5063318610191345
0.44566524028778076
0.3194560408592224
0.6922847032546997
0.40785884857177734
0.4468713700771332
0.40785884857177734
0.4468713700771332
0.7628467679023743
0.26392844319343567
0.44501328468322754
0.54849773645401
0.6478109359741211
0.54849773645401
0.6478109359741211
0.35802626609802246
0.33715248107910156
0.47588977217674255
0.6111630797386169
0.47588977217674255
0.6111630797386169
0.2774103879928589
0.28578463196754456
0.3474607765674591
0.6405481696128845
0.4113829731941223
0.514191210269928
0.6330947279930115
0.6606886982917786
0.5840889811515808
0.5367112755775452
0.6471694707870483
0.6074930429458618
0.6358975172042847
0.38184037804603577
0.48675015568733215
0.38184037804603577
0.48675015568733215
0.6720870137214661
0.4167008101940155
0.6448295712471008
0.6597628593444824
0.6712214350700378
0.6598790287971497
0.3083135485649109
0.3635362386703491
0.39338409900665283
0.35308709740638733
0.52638179063797
0.3076356053352356
0.6563512682914734
0.5246396064758301
0.3268633782863617
0.4676365256309509
0.3268633782863617
0.4676365256309509
0.5958390831947327
0.5886791944503784
0.5574713349342346
0.5958390831947327
0.5886791944503784
0.5574713349342346
0.5958390831947327
0.5886791944503784
0.5574713349342346
0.25921815633773804
0.3755561411380768
0.25921815633773804
0.3755561411380768
0.5586298704147339
0.36445823311805725
0.5586298704147339
0.36445823311805725
0.34855347871780396
0.5755065083503723
0.6037800312042236
0.613986074924469
0.42721784114837646
0.5597985982894897
0.687301754951477
0.5597985982894897
0.687301754951477
0.39367905259132385
0.4711105227470398
0.5562068223953247
0.6143249869346619
0.5562068223953247
0.6143249869346619
0.2931600511074066
0.36652088165283203
0.2646793723106384
0.6591211557388306
0.38369208574295044
0.3915822505950928
0.3113296329975128
0.3915822505950928
0.3113296329975128
0.5879179239273071
0.4328652620315552
0.34076452255249023
0.3884054124355316
0.5910684466362
0.6265761256217957
0.5910684466362
0.6265761256217957
0.6594102382659912
0.6542133688926697
0.3888068199157715
0.3892629146575928
0.3427564799785614
0.3892629146575928
0.3427564799785614
0.46158841252326965
0.41738277673721313
0.29767778515815735
0.34252411127090454
0.5392110347747803
0.4341279864311218
0.34100374579429626
0.5392110347747803
0.4341279864311218
0.34100374579429626
0.5392110347747803
0.4341279864311218
0.34100374579429626
0.664527952671051
0.4274827837944031
0.4695049226284027
0.28472864627838135
0.46649810671806335
0.3970744013786316
0.3542240560054779
0.3622092604637146
0.44243982434272766
0.6695507764816284
0.44243982434272766
0.6695507764816284
0.30469194054603577
0.509885311126709
0.6460757851600647
0.5470902919769287
0.509885311126709
0.6460757851600647
0.5470902919769287
0.509885311126709
0.6460757851600647
0.5470902919769287
0.5344161987304688
0.41885554790496826
0.4140983521938324
0.3603869378566742
0.43327635526657104
0.5747683644294739
0.7496005296707153
0.35454416275024414
0.6280084252357483
0.37741830945014954
0.3381544053554535
0.6781628727912903
0.6356496214866638
0.6405988335609436
0.3619460165500641
0.7544700503349304
0.44969871640205383
0.6269384622573853
0.47875097393989563
0.44969871640205383
0.6269384622573853
0.47875097393989563
0.44969871640205383
0.6269384622573853
0.47875097393989563
0.43101683259010315
0.3953571915626526
0.4583064913749695
0.4093691110610962
0.4774209260940552
0.32025718688964844
0.3196236193180084
0.4774209260940552
0.32025718688964844
0.3196236193180084
0.4774209260940552
0.32025718688964844
0.3196236193180084
0.28864553570747375
0.5901975631713867
0.4942797124385834
0.620901346206665
0.608260452747345
0.3455500900745392
0.40823349356651306
0.4312204420566559
0.5819492340087891
0.4837404191493988
0.4264233112335205
0.6747632026672363
0.6158462166786194
0.34829825162887573
0.6158462166786194
0.34829825162887573
0.566702663898468
0.6149357557296753
0.5617985129356384
0.6468449831008911
0.3966034948825836
0.6090240478515625
0.3468477129936218
0.6090240478515625
0.3468477129936218
0.5218408703804016
0.3700855076313019
0.3553984463214874
0.3728094696998596
0.3108550012111664
0.6452446579933167
0.6364611387252808
0.4235473871231079
0.6364611387252808
0.4235473871231079
0.5127276182174683
0.40200573205947876
0.5127276182174683
0.40200573205947876
0.4775870144367218
0.698067307472229
0.495647132396698
0.345339834690094
0.39222413301467896
0.6362926959991455
0.495647132396698
0.345339834690094
0.39222413301467896
0.6362926959991455
0.495647132396698
0.345339834690094
0.39222413301467896
0.6362926959991455
0.495647132396698
0.345339834690094
0.39222413301467896
0.6362926959991455
0.5821124911308289
0.37032976746559143
0.359199196100235
0.37032976746559143
0.359199196100235
0.38359248638153076
0.388947069644928
0.6042726635932922
0.3684760630130768
0.45526233315467834
0.36066293716430664
0.48422178626060486
0.33482295274734497
0.36066293716430664
0.48422178626060486
0.33482295274734497
0.36066293716430664
0.48422178626060486
0.33482295274734497
0.6467627286911011
0.30734091997146606
0.4822843372821808
0.6709496974945068
0.4822843372821808
0.6709496974945068
0.37294280529022217
0.6043005585670471
0.6877478361129761
0.6043005585670471
0.6877478361129761
0.5078521370887756
0.6243968605995178
0.6136286854743958
0.6243968605995178
0.6136286854743958
0.6351566314697266
0.5200123190879822
0.30450916290283203
0.5607547163963318
0.5862910747528076
0.3441164493560791
0.6462991833686829
0.5607547163963318
0.5862910747528076
0.3441164493560791
0.6462991833686829
0.5607547163963318
0.5862910747528076
0.3441164493560791
0.6462991833686829
0.5607547163963318
0.5862910747528076
0.3441164493560791
0.6462991833686829
0.5047183036804199
0.632739245891571
0.5047183036804199
0.632739245891571
0.34061959385871887
0.5065019130706787
0.4083386957645416
0.34061959385871887
0.5065019130706787
0.4083386957645416
0.34061959385871887
0.5065019130706787
0.4083386957645416
0.2977105677127838
0.6377304792404175
0.6964700222015381
0.6019509434700012
0.6964700222015381
0.6019509434700012
0.6538386940956116
0.3711635172367096
0.6538386940956116
0.3711635172367096
0.3908589482307434
0.6533777117729187
0.3908589482307434
0.6533777117729187
0.3854133188724518
0.5736373662948608
0.3596532344818115
0.6032518148422241
0.4235195219516754
0.28923797607421875
0.23819944262504578
0.3720962405204773
0.34376445412635803
0.3720962405204773
0.34376445412635803
0.6446335315704346
0.3731006681919098
0.6020185351371765
0.7093459367752075
0.3662521541118622
0.3616422712802887
0.2838348150253296
0.3045758008956909
0.7184273600578308
0.3816513419151306
0.38336214423179626
0.3816513419151306
0.38336214423179626
0.3211577236652374
0.46014776825904846
0.34209781885147095
0.4446924924850464
0.3395726978778839
0.4571034908294678
0.4446924924850464
0.3395726978778839
0.4571034908294678
0.4446924924850464
0.3395726978778839
0.4571034908294678
0.33220475912094116
0.5494447946548462
0.33220475912094116
0.5494447946548462
0.47278743982315063
0.32415831089019775
0.2609929144382477
0.47650763392448425
0.33356520533561707
0.3050013780593872
0.2609929144382477
0.47650763392448425
0.33356520533561707
0.3050013780593872
0.2609929144382477
0.47650763392448425
0.33356520533561707
0.3050013780593872
0.6631629467010498
0.5151834487915039
0.3180053234100342
0.36742183566093445
0.615196704864502
0.36742183566093445
0.615196704864502
0.6200435757637024
0.5840499997138977
0.339582622051239
0.6246349215507507
0.54071044921875
0.6036450266838074
0.5321711897850037
0.339582622051239
0.6246349215507507
0.54071044921875
0.6036450266838074
0.5321711897850037
0.339582622051239
0.6246349215507507
0.54071044921875
0.6036450266838074
0.5321711897850037
0.339582622051239
0.6246349215507507
0.54071044921875
0.6036450266838074
0.5321711897850037
0.339582622051239
0.6246349215507507
0.54071044921875
0.6036450266838074
0.5321711897850037
0.3193451762199402
0.4251226782798767
0.5849974751472473
0.6283238530158997
0.6281144022941589
0.30501890182495117
0.6345128417015076
0.52447110414505
0.3471705913543701
0.295032262802124
0.3061629831790924
0.4301740825176239
0.315613716840744
0.29610323905944824
0.30087393522262573
0.315613716840744
0.29610323905944824
0.30087393522262573
0.5577786564826965
0.2829395532608032
0.3456999659538269
0.6871378421783447
0.2829395532608032
0.3456999659538269
0.6871378421783447
0.34167662262916565
0.6047797203063965
0.34167662262916565
0.6047797203063965
0.31838706135749817
0.4501000940799713
0.31838706135749817
0.4501000940799713
0.49283331632614136
0.6298846006393433
0.49283331632614136
0.6298846006393433
0.47771626710891724
0.6290780901908875
0.6086075305938721
0.5961156487464905
0.6086075305938721
0.5961156487464905
0.6840308904647827
0.28728345036506653
0.5899128913879395
0.4882078766822815
0.3776443302631378
0.43955984711647034
0.4450404942035675
0.28728345036506653
0.5899128913879395
0.4882078766822815
0.3776443302631378
0.43955984711647034
0.4450404942035675
0.28728345036506653
0.5899128913879395
0.4882078766822815
0.3776443302631378
0.43955984711647034
0.4450404942035675
0.28728345036506653
0.5899128913879395
0.4882078766822815
0.3776443302631378
0.43955984711647034
0.4450404942035675
0.28728345036506653
0.5899128913879395
0.4882078766822815
0.3776443302631378
0.43955984711647034
0.4450404942035675
0.36029791831970215
0.38344806432724
0.41368862986564636
0.417375773191452
0.667982816696167
0.417375773191452
0.667982816696167
0.5875958800315857
0.5873619318008423
0.42792659997940063
0.5875958800315857
0.5873619318008423
0.42792659997940063
0.5875958800315857
0.5873619318008423
0.42792659997940063
0.302695095539093
0.3801737427711487
0.6527737975120544
0.41125136613845825
0.5855425596237183
0.28338193893432617
0.4066513776779175
0.46013620495796204
0.319825679063797
0.24996677041053772
0.34863659739494324
0.6431717872619629
0.6835119128227234
0.3711386024951935
0.3343372941017151
0.3711386024951935
0.3343372941017151
0.5521304607391357
0.4291665852069855
0.26511651277542114
0.583863377571106
0.6163551807403564
0.37348517775535583
0.6775920391082764
0.37348517775535583
0.6775920391082764
0.23511265218257904
0.5835326910018921
0.6135639548301697
0.5179541707038879
0.39008820056915283
0.510002613067627
0.617691159248352
0.510002613067627
0.617691159248352
0.40742212533950806
0.33873265981674194
0.5051275491714478
0.5463069081306458
0.3849155306816101
0.5051275491714478
0.5463069081306458
0.3849155306816101
0.5051275491714478
0.5463069081306458
0.3849155306816101
0.27178966999053955
0.6877737641334534
0.6434318423271179
0.27178966999053955
0.6877737641334534
0.6434318423271179
0.6503371000289917
0.32399338483810425
0.4610999524593353
0.25982674956321716
0.3920656144618988
0.36170703172683716
0.5978021621704102
0.6020382642745972
0.24963818490505219
0.36264339089393616
0.6852035522460938
0.6513475775718689
0.36264339089393616
0.6852035522460938
0.6513475775718689
0.36264339089393616
0.6852035522460938
0.6513475775718689
0.6688181757926941
0.3050591051578522
0.6688181757926941
0.3050591051578522
0.32847917079925537
0.34989869594573975
0.4751231372356415
0.5271131992340088
0.6350451111793518
0.5271131992340088
0.6350451111793518
0.33043912053108215
0.3210841417312622
0.39604857563972473
0.3504391610622406
0.6875467896461487
0.5280008912086487
0.46947920322418213
0.5607662796974182
0.42823508381843567
0.5607662796974182
0.42823508381843567
0.5730839371681213
0.5147193074226379
0.42285141348838806
0.5147193074226379
0.42285141348838806
0.4027489125728607
0.3113902807235718
0.4027489125728607
0.3113902807235718
0.623718798160553
0.3242904543876648
0.623718798160553
0.3242904543876648
0.4583190679550171
0.6247808933258057
0.6897424459457397
0.47614938020706177
0.3237556219100952
0.5195176005363464
0.38622716069221497
0.3613975942134857
0.3778594434261322
0.46248432993888855
0.3778594434261322
0.46248432993888855
0.31320106983184814
0.43365511298179626
0.4982048571109772
0.5439677238464355
0.2922784686088562
0.678837776184082
0.681584358215332
0.2922784686088562
0.678837776184082
0.681584358215332
0.2922784686088562
0.678837776184082
0.681584358215332
0.6264051795005798
0.3697880804538727
0.2597774267196655
0.3364543318748474
0.3447043299674988
0.3833513855934143
0.37703701853752136
0.6810572743415833
0.5740171670913696
0.2973426580429077
0.6590119004249573
0.2962510883808136
0.5058509111404419
0.4147164523601532
0.5058509111404419
0.4147164523601532
0.5612260699272156
0.26998889446258545
0.641263484954834
0.30535805225372314
0.3473590314388275
0.30535805225372314
0.3473590314388275
0.3954342007637024
0.5090224742889404
0.3954342007637024
0.5090224742889404
0.6884880661964417
0.3231394290924072
0.6551806926727295
0.37145668268203735
0.5448110103607178
0.38728705048561096
0.4476306438446045
0.38728705048561096
0.4476306438446045
0.4557778537273407
0.6424493193626404
0.6547757983207703
0.3451407849788666
0.512441098690033
0.39602401852607727
0.7250586748123169
0.6013808846473694
0.4184395968914032
0.3002318739891052
0.29163858294487
0.3170073330402374
0.3337734341621399
0.6189532279968262
0.5489479899406433
0.6824876070022583
0.5079875588417053
0.362144410610199
0.2691320776939392
0.38820579648017883
0.597399115562439
0.2691320776939392
0.38820579648017883
0.597399115562439
0.44988662004470825
0.3607391119003296
0.5947256684303284
0.5611593127250671
0.25499483942985535
0.2881850600242615
0.6119970679283142
0.31904688477516174
0.5363332629203796
0.6685173511505127
0.34138360619544983
0.5405604243278503
0.6616423726081848
0.34005314111709595
0.6885143518447876
0.3617398738861084
0.37236592173576355
0.6224618554115295
0.5581737756729126
0.6224618554115295
0.5581737756729126
0.31402063369750977
0.32339778542518616
0.663025438785553
0.38985785841941833
0.3724749684333801
0.3321252167224884
0.45246976613998413
0.4437892436981201
0.5230165719985962
0.34413856267929077
0.31885311007499695
0.6190752983093262
0.4264611601829529
0.3719296157360077
0.6165290474891663
0.4264611601829529
0.3719296157360077
0.6165290474891663
0.4264611601829529
0.3719296157360077
0.6165290474891663
0.491556316614151
0.5703293085098267
0.7275785803794861
0.614091694355011
0.7275785803794861
0.614091694355011
0.5369778871536255
0.42285141348838806
0.5369778871536255
0.42285141348838806
0.39349621534347534
0.6032117009162903
0.616237461566925
0.6016229391098022
0.5179336071014404
0.423082172870636
0.5179336071014404
0.423082172870636
0.6749549508094788
0.3412860333919525
0.30181533098220825
0.3671093285083771
0.6583799123764038
0.4706662595272064
0.5571023225784302
0.37901586294174194
0.393117755651474
0.6583799123764038
0.4706662595272064
0.5571023225784302
0.37901586294174194
0.393117755651474
0.6583799123764038
0.4706662595272064
0.5571023225784302
0.37901586294174194
0.393117755651474
0.6583799123764038
0.4706662595272064
0.5571023225784302
0.37901586294174194
0.393117755651474
0.6583799123764038
0.4706662595272064
0.5571023225784302
0.37901586294174194
0.393117755651474
0.46710652112960815
0.5417926907539368
0.512730598449707
0.4608345925807953
0.46710652112960815
0.5417926907539368
0.512730598449707
0.4608345925807953
0.46710652112960815
0.5417926907539368
0.512730598449707
0.4608345925807953
0.46710652112960815
0.5417926907539368
0.512730598449707
0.4608345925807953
0.4929598569869995
0.47438716888427734
0.4929598569869995
0.47438716888427734
0.6788602471351624
0.422349750995636
0.6788602471351624
0.422349750995636
0.6196045875549316
0.4550887644290924
0.2633550763130188
0.37547677755355835
0.38669660687446594
0.3630289137363434
0.3517877161502838
0.6597173810005188
0.3868918716907501
0.2643093466758728
0.3976276218891144
0.615747332572937
0.42055752873420715
0.7129700183868408
0.3757355809211731
0.2660350799560547
0.31793972849845886
0.6126354932785034
0.46553468704223633
0.6126354932785034
0.46553468704223633
0.5277701616287231
0.3961012065410614
0.5277701616287231
0.3961012065410614
0.6061629056930542
0.5672868490219116
0.6061629056930542
0.5672868490219116
0.6101574897766113
0.520639181137085
0.5045381784439087
0.6756424903869629
0.594468891620636
0.3075477182865143
0.4566076099872589
0.6229960918426514
0.36061912775039673
0.6229960918426514
0.36061912775039673
0.4004006087779999
0.4984331429004669
0.6643449068069458
0.4563658535480499
0.4300762712955475
0.45188942551612854
0.3669581115245819
0.39062774181365967
0.34798070788383484
0.32570305466651917
0.5751730799674988
0.565222978591919
0.6254224181175232
0.565222978591919
0.6254224181175232
0.3128283619880676
0.39465445280075073
0.5090804100036621
0.3946128785610199
0.381369948387146
0.3946128785610199
0.381369948387146
0.44955769181251526
0.2845228612422943
0.6373357772827148
0.4670337736606598
0.34730082750320435
0.4670337736606598
0.34730082750320435
0.38674232363700867
0.4783843755722046
0.4609428942203522
0.5291579365730286
0.4813312292098999
0.5291579365730286
0.4813312292098999
0.3389135003089905
0.5192539095878601
0.6610313057899475
0.46107277274131775
0.6378882527351379
0.41183242201805115
0.6378882527351379
0.41183242201805115
0.27127769589424133
0.2701294720172882
0.41888144612312317
0.7096284627914429
0.5921911001205444
0.7096284627914429
0.5921911001205444
0.6114121079444885
0.5285956263542175
0.6019967198371887
0.5285956263542175
0.6019967198371887
0.5326661467552185
0.25703272223472595
0.3971658945083618
0.6381698250770569
0.36996766924858093
0.3377237915992737
0.5269466042518616
0.7394506931304932
0.5269466042518616
0.7394506931304932
0.6569750905036926
0.3737140893936157
0.5075198411941528
0.29795604944229126
0.36342653632164
0.42531701922416687
0.6635885834693909
0.3862345814704895
0.38834333419799805
0.5989100933074951
0.3508993089199066
0.4920637309551239
0.470439076423645
0.5646953582763672
0.470439076423645
0.5646953582763672
0.3123697340488434
0.5710780024528503
0.43155160546302795
0.3292999565601349
0.49406224489212036
0.34810253977775574
0.49406224489212036
0.34810253977775574
0.3556360900402069
0.2968677282333374
0.33044353127479553
0.4533649682998657
0.2839665114879608
0.36669641733169556
0.6364632844924927
0.5727818012237549
0.6364632844924927
0.5727818012237549
0.4173226058483124
0.5783026814460754
0.6774192452430725
0.39083412289619446
0.5647552609443665
0.45213261246681213
0.39083412289619446
0.5647552609443665
0.45213261246681213
0.4161238968372345
0.47528746724128723
0.6206244230270386
0.47528746724128723
0.6206244230270386
0.3947335183620453
0.4911342263221741
0.5085862874984741
0.6594516038894653
0.41339120268821716
0.43444040417671204
0.3334168493747711
0.5384255051612854
0.4233236610889435
0.4760483503341675
0.3217114806175232
0.4967883229255676
0.4233236610889435
0.4760483503341675
0.3217114806175232
0.4967883229255676
0.4233236610889435
0.4760483503341675
0.3217114806175232
0.4967883229255676
0.4233236610889435
0.4760483503341675
0.3217114806175232
0.4967883229255676
0.43726709485054016
0.3157886862754822
0.33638718724250793
0.3064214587211609
0.34165483713150024
0.6267207860946655
0.36338573694229126
0.4003165662288666
0.35657617449760437
0.35436707735061646
0.4003165662288666
0.35657617449760437
0.35436707735061646
0.4003165662288666
0.35657617449760437
0.35436707735061646
0.5552716255187988
0.41606223583221436
0.469075471162796
0.6154924035072327
0.44275128841400146
0.40035930275917053
0.2895600199699402
0.5875400900840759
0.27455934882164
0.3295494616031647
0.4193153381347656
0.28140509128570557
0.4066469669342041
0.40272781252861023
0.445648729801178
0.592717170715332
0.5942484736442566
0.6419839262962341
0.5530338287353516
0.6419839262962341
0.5530338287353516
0.35844171047210693
0.5012008547782898
0.35844171047210693
0.5012008547782898
0.4585539400577545
0.3011136054992676
0.5937051773071289
0.3011136054992676
0.5937051773071289
0.3770732283592224
0.2932400405406952
0.3740144670009613
0.4631563723087311
0.6444483995437622
0.643090009689331
0.4531855285167694
0.5872046947479248
0.4892161190509796
0.4863433837890625
0.6242515444755554
0.5661733746528625
0.6174823641777039
0.4863433837890625
0.6242515444755554
0.5661733746528625
0.6174823641777039
0.4863433837890625
0.6242515444755554
0.5661733746528625
0.6174823641777039
0.4863433837890625
0.6242515444755554
0.5661733746528625
0.6174823641777039
0.3756828308105469
0.6866675019264221
0.6064825057983398
0.6616411209106445
0.6064825057983398
0.6616411209106445
0.36147060990333557
0.553384006023407
0.6322125196456909
0.553384006023407
0.6322125196456909
0.40476685762405396
0.685454785823822
0.40476685762405396
0.685454785823822
0.35462117195129395
0.6906740069389343
0.35462117195129395
0.6906740069389343
0.6401700377464294
0.46425485610961914
0.4413945972919464
0.6363051533699036
0.5866719484329224
0.6395875215530396
0.34054407477378845
0.553665816783905
0.4873018264770508
0.5821227431297302
0.34054407477378845
0.553665816783905
0.4873018264770508
0.5821227431297302
0.34054407477378845
0.553665816783905
0.4873018264770508
0.5821227431297302
0.34054407477378845
0.553665816783905
0.4873018264770508
0.5821227431297302
0.3692040741443634
0.5065614581108093
0.3692040741443634
0.5065614581108093
0.5743729472160339
0.672210693359375
0.5743729472160339
0.672210693359375
0.28832733631134033
0.4788886308670044
0.6427443623542786
0.28832733631134033
0.4788886308670044
0.6427443623542786
0.4188168942928314
0.643670380115509
0.4511135518550873
0.5348044633865356
0.6703981757164001
0.5348044633865356
0.6703981757164001
0.26338425278663635
0.2980813980102539
0.3548361659049988
0.5802488923072815
0.3548361659049988
0.5802488923072815
0.5890049934387207
0.4518687129020691
0.36671534180641174
0.5300125479698181
0.6174625754356384
0.5300125479698181
0.6174625754356384
0.536175549030304
0.4647487699985504
0.7245773673057556
0.4647487699985504
0.7245773673057556
0.34194216132164
0.42288732528686523
0.34194216132164
0.42288732528686523
0.5789370536804199
0.6725218296051025
0.6664034128189087
0.3991265594959259
0.31361719965934753
0.5140020847320557
0.31361719965934753
0.5140020847320557
0.35928356647491455
0.3998776376247406
0.32319751381874084
0.39752253890037537
0.59749835729599
0.5087162852287292
0.59749835729599
0.5087162852287292
0.39389002323150635
0.4286557137966156
0.540717601776123
0.32374534010887146
0.4675006866455078
0.32374534010887146
0.4675006866455078
0.50564044713974
0.46918290853500366
0.5775219202041626
0.4504746198654175
0.5708368420600891
0.3380340337753296
0.29494377970695496
0.4245383143424988
0.5560093522071838
0.33181247115135193
0.2873998284339905
0.3255275785923004
0.38394835591316223
0.31052830815315247
0.467043399810791
0.35177281498908997
0.3973143994808197
0.2829471826553345
0.4133733808994293
0.35177281498908997
0.3973143994808197
0.2829471826553345
0.4133733808994293
0.35177281498908997
0.3973143994808197
0.2829471826553345
0.4133733808994293
0.4910966157913208
0.4983861446380615
0.604991614818573
0.4983861446380615
0.604991614818573
0.7009639739990234
0.5288622975349426
0.7009639739990234
0.5288622975349426
0.607140839099884
0.3451358675956726
0.3856852054595947
0.3663465976715088
0.26245248317718506
0.3491644859313965
0.3601478934288025
0.33403798937797546
0.3601478934288025
0.33403798937797546
0.4613021910190582
0.6592430472373962
0.6778151988983154
0.4613021910190582
0.6592430472373962
0.6778151988983154
0.4613021910190582
0.6592430472373962
0.6778151988983154
0.5194340348243713
0.5717039108276367
0.5194340348243713
0.5717039108276367
0.33538398146629333
0.6180999875068665
0.3207637667655945
0.5218408703804016
0.4980962872505188
0.39844343066215515
0.4980962872505188
0.39844343066215515
0.35655632615089417
0.2858332097530365
0.5331411361694336
0.3419795334339142
0.2934863865375519
0.3484885096549988
0.48054859042167664
0.3484885096549988
0.48054859042167664
0.3069349229335785
0.3981189727783203
0.45964986085891724
0.5243784785270691
0.38542893528938293
0.48840245604515076
0.5820851922035217
0.6572266221046448
0.5820851922035217
0.6572266221046448
0.5575502514839172
0.3529728055000305
0.605861485004425
0.5803486704826355
0.3579142391681671
0.605861485004425
0.5803486704826355
0.3579142391681671
0.605861485004425
0.5803486704826355
0.3579142391681671
0.6595923900604248
0.6173931956291199
0.4098144769668579
0.663328230381012
0.3277807831764221
0.5540627241134644
0.3277807831764221
0.5540627241134644
0.519425094127655
0.5434438586235046
0.39085787534713745
0.6796160340309143
0.39626097679138184
0.6105519533157349
0.3137841522693634
0.6055197715759277
0.3137841522693634
0.6055197715759277
0.4660762548446655
0.26704785227775574
0.3885331153869629
0.3256519138813019
0.4728465676307678
0.4755835235118866
0.6401606798171997
0.4755835235118866
0.6401606798171997
0.6010155081748962
0.5552120804786682
0.37190330028533936
0.3851712644100189
0.25848713517189026
0.37190330028533936
0.3851712644100189
0.25848713517189026
0.3987264633178711
0.3134864568710327
0.3966871500015259
0.5470575094223022
0.3987264633178711
0.3134864568710327
0.3966871500015259
0.5470575094223022
0.3987264633178711
0.3134864568710327
0.3966871500015259
0.5470575094223022
0.3987264633178711
0.3134864568710327
0.3966871500015259
0.5470575094223022
0.4198492467403412
0.6032816767692566
0.6753511428833008
0.25470390915870667
0.2918241322040558
0.4936710596084595
0.761559009552002
0.5323957204818726
0.761559009552002
0.5323957204818726
0.37191569805145264
0.6400495171546936
0.37191569805145264
0.6400495171546936
0.47652867436408997
0.5398994088172913
0.47652867436408997
0.5398994088172913
0.613461971282959
0.6297496557235718
0.5223338007926941
0.27165868878364563
0.3754681348800659
0.5223338007926941
0.27165868878364563
0.3754681348800659
0.356258749961853
0.457332581281662
0.356258749961853
0.457332581281662
0.6178435683250427
0.43280258774757385
0.497458279132843
0.5235000252723694
0.43280258774757385
0.497458279132843
0.5235000252723694
0.43280258774757385
0.497458279132843
0.5235000252723694
0.35022369027137756
0.49393364787101746
0.39629000425338745
0.49393364787101746
0.39629000425338745
0.6579136252403259
0.4802410304546356
0.33859896659851074
0.3237897753715515
0.4802410304546356
0.33859896659851074
0.3237897753715515
0.4802410304546356
0.33859896659851074
0.3237897753715515
0.5841462016105652
0.5927485823631287
0.30651646852493286
0.6487748026847839
0.5927485823631287
0.30651646852493286
0.6487748026847839
0.5927485823631287
0.30651646852493286
0.6487748026847839
0.4492519199848175
0.6106471419334412
0.4276702404022217
0.6106471419334412
0.4276702404022217
0.42915603518486023
0.32693174481391907
0.33303529024124146
0.6988295316696167
0.2708252966403961
0.43092259764671326
0.317493736743927
0.5570920705795288
0.6910703182220459
0.317493736743927
0.5570920705795288
0.6910703182220459
0.5303264856338501
0.5218194723129272
0.29023730754852295
0.4109974205493927
0.47198978066444397
0.6890733242034912
0.4181945323944092
0.49868449568748474
0.41036632657051086
0.69593745470047
0.41036632657051086
0.69593745470047
0.6208094358444214
0.43647587299346924
0.35448333621025085
0.5257433652877808
0.5230298638343811
0.41317349672317505
0.7046846151351929
0.3982817232608795
0.40637749433517456
0.3478684425354004
0.5717927813529968
0.46812403202056885
0.5717927813529968
0.46812403202056885
0.4323248267173767
0.47208845615386963
0.4323248267173767
0.47208845615386963
0.3780675232410431
0.6565296053886414
0.3748696446418762
0.6806132793426514
0.4691099226474762
0.3595261573791504
0.4691099226474762
0.3595261573791504
0.30601346492767334
0.32227540016174316
0.2974106967449188
0.640622615814209
0.5553568005561829
0.640622615814209
0.5553568005561829
0.6608080267906189
0.7303224205970764
0.4046678841114044
0.6690681576728821
0.6191509962081909
0.4046678841114044
0.6690681576728821
0.6191509962081909
0.4046678841114044
0.6690681576728821
0.6191509962081909
0.3854939639568329
0.32081156969070435
0.5805386304855347
0.46791642904281616
0.2848941683769226
0.39812350273132324
0.6350585222244263
0.4043615460395813
0.6350585222244263
0.4043615460395813
0.6505021452903748
0.5405616760253906
0.6790714859962463
0.4921456575393677
0.46812352538108826
0.43365269899368286
0.44704732298851013
0.66147381067276
0.44704732298851013
0.66147381067276
0.34622958302497864
0.32280221581459045
0.33504417538642883
0.5421918630599976
0.6536723971366882
0.37973159551620483
0.2782658338546753
0.649177074432373
0.3511744439601898
0.5494044423103333
0.416404664516449
0.4898613691329956
0.5755449533462524
0.4898613691329956
0.5755449533462524
0.4171043634414673
0.5774081945419312
0.6566365361213684
0.5774081945419312
0.6566365361213684
0.6221946477890015
0.5749310255050659
0.4753590226173401
0.2999696135520935
0.6513833403587341
0.3317199945449829
0.29659131169319153
0.6624200344085693
0.40888485312461853
0.6398559808731079
0.5428776144981384
0.3649463653564453
0.4292886257171631
0.6113030314445496
0.6547843217849731
0.3973477780818939
0.6233828067779541
0.5428863167762756
0.6315871477127075
0.6289767622947693
0.6315871477127075
0.6289767622947693
0.5025122761726379
0.2818649113178253
0.40356990694999695
0.2818649113178253
0.40356990694999695
0.6128974556922913
0.44324246048927307
0.39052528142929077
0.44324246048927307
0.39052528142929077
0.3592086136341095
0.42312923073768616
0.41762518882751465
0.4261588156223297
0.3969477415084839
0.4261588156223297
0.3969477415084839
0.40998098254203796
0.6816376447677612
0.4049769639968872
0.6958034038543701
0.5764240026473999
0.4250374138355255
0.5764240026473999
0.4250374138355255
0.4166817367076874
0.7107263207435608
0.4166817367076874
0.7107263207435608
0.5901809930801392
0.5260603427886963
0.33274319767951965
0.45913049578666687
0.28685909509658813
0.6559253931045532
0.6836257576942444
0.45913049578666687
0.28685909509658813
0.6559253931045532
0.6836257576942444
0.45913049578666687
0.28685909509658813
0.6559253931045532
0.6836257576942444
0.6041958928108215
0.48143503069877625
0.6058279871940613
0.4798572063446045
0.6041958928108215
0.48143503069877625
0.6058279871940613
0.4798572063446045
0.6041958928108215
0.48143503069877625
0.6058279871940613
0.4798572063446045
0.6041958928108215
0.48143503069877625
0.6058279871940613
0.4798572063446045
0.49047404527664185
0.41733458638191223
0.49047404527664185
0.41733458638191223
0.428697407245636
0.6268791556358337
0.5866023898124695
0.5987061262130737
0.5866023898124695
0.5987061262130737
0.26101210713386536
0.32794976234436035
0.3535090982913971
0.4497886300086975
0.45902490615844727
0.6669233441352844
0.49834147095680237
0.6669233441352844
0.49834147095680237
0.5723816156387329
0.365824431180954
0.4906129240989685
0.3715328276157379
0.5737244486808777
0.471282958984375
0.34949004650115967
0.4270532429218292
0.35184404253959656
0.4270532429218292
0.35184404253959656
0.35084110498428345
0.6115170121192932
0.6194009780883789
0.3763423264026642
0.6194009780883789
0.3763423264026642
0.4136478006839752
0.42296355962753296
0.6615869402885437
0.42296355962753296
0.6615869402885437
0.7097983360290527
0.5851491689682007
0.5390853881835938
0.5851491689682007
0.5390853881835938
0.372913658618927
0.6327711939811707
0.3165370225906372
0.44960370659828186
0.37853798270225525
0.44960370659828186
0.37853798270225525
0.44564738869667053
0.5807982683181763
0.4906700551509857
0.4221063554286957
0.44564738869667053
0.5807982683181763
0.4906700551509857
0.4221063554286957
0.44564738869667053
0.5807982683181763
0.4906700551509857
0.4221063554286957
0.44564738869667053
0.5807982683181763
0.4906700551509857
0.4221063554286957
0.5452232956886292
0.6714839339256287
0.5452232956886292
0.6714839339256287
0.6689836382865906
0.4983631372451782
0.3837771415710449
0.5134629607200623
0.5594321489334106
0.3837771415710449
0.5134629607200623
0.5594321489334106
0.3837771415710449
0.5134629607200623
0.5594321489334106
0.32228678464889526
0.4401344954967499
0.32228678464889526
0.4401344954967499
0.49839457869529724
0.30983781814575195
0.38908788561820984
0.6842817664146423
0.38908788561820984
0.6842817664146423
0.4345913231372833
0.33375146985054016
0.67292720079422
0.33375146985054016
0.67292720079422
0.3918534517288208
0.3599110245704651
0.4366765022277832
0.3599110245704651
0.4366765022277832
0.5066887736320496
0.33310946822166443
0.3555239737033844
0.36542046070098877
0.3555239737033844
0.36542046070098877
0.5154752135276794
0.5511482357978821
0.3380545377731323
0.7472584247589111
0.33294686675071716
0.7397782802581787
0.424182653427124
0.4497476816177368
0.424182653427124
0.4497476816177368
0.3863789439201355
0.5356221199035645
0.41522255539894104
0.2995266616344452
0.3509703576564789
0.34186506271362305
0.3509703576564789
0.34186506271362305
0.35206276178359985
0.6064445376396179
0.6853834986686707
0.3950387239456177
0.37006819248199463
0.6938402056694031
0.5392416715621948
0.5249434113502502
0.33595219254493713
0.5706651210784912
0.38473954796791077
0.33039820194244385
0.5748742818832397
0.42385950684547424
0.44086578488349915
0.3123945891857147
0.38129422068595886
0.4670632481575012
0.34879377484321594
0.4508229196071625
0.5170496106147766
0.5492302179336548
0.34879377484321594
0.4508229196071625
0.5170496106147766
0.5492302179336548
0.34879377484321594
0.4508229196071625
0.5170496106147766
0.5492302179336548
0.34879377484321594
0.4508229196071625
0.5170496106147766
0.5492302179336548
0.5127789974212646
0.4044487476348877
0.4986990988254547
0.29612404108047485
0.6504518389701843
0.5862280130386353
0.38710567355155945
0.6253166794776917
0.38710567355155945
0.6253166794776917
0.5337391495704651
0.40524300932884216
0.37400954961776733
0.6097120642662048
0.41084498167037964
0.5420757532119751
0.41084498167037964
0.5420757532119751
0.6104357242584229
0.3909657597541809
0.5870077013969421
0.48441046476364136
0.3253955841064453
0.3914409875869751
0.4058871269226074
0.48199597001075745
0.517837405204773
0.7350382208824158
0.5608946084976196
0.7350382208824158
0.5608946084976196
0.6837501525878906
0.5426045656204224
0.3901936113834381
0.3690629303455353
0.5228786468505859
0.5143766403198242
0.508895218372345
0.6385775804519653
0.508895218372345
0.6385775804519653
0.3526340126991272
0.29292023181915283
0.5798177719116211
0.5722684264183044
0.3526340126991272
0.29292023181915283
0.5798177719116211
0.5722684264183044
0.3526340126991272
0.29292023181915283
0.5798177719116211
0.5722684264183044
0.3387778699398041
0.5724219083786011
0.3387778699398041
0.5724219083786011
0.5850449800491333
0.36869287490844727
0.6820592284202576
0.36869287490844727
0.6820592284202576
0.46977055072784424
0.31183573603630066
0.46977055072784424
0.31183573603630066
0.41896793246269226
0.49616411328315735
0.3829081952571869
0.6213311553001404
0.5871362686157227
0.33876338601112366
0.6213311553001404
0.5871362686157227
0.33876338601112366
0.6213311553001404
0.5871362686157227
0.33876338601112366
0.6398859620094299
0.6594841480255127
0.47078028321266174
0.3254757523536682
0.317933052778244
0.488385409116745
0.44491130113601685
0.39192867279052734
0.36287567019462585
0.4577239751815796
0.6451624631881714
0.4577239751815796
0.6451624631881714
0.4383962154388428
0.5916972756385803
0.35796624422073364
0.2906983494758606
0.7035173177719116
0.3271126449108124
0.6485815048217773
0.3414062559604645
0.5951626300811768
0.601580798625946
0.3573816120624542
0.601580798625946
0.3573816120624542
0.6375247836112976
0.2687961459159851
0.5144004821777344
0.653715193271637
0.5144004821777344
0.653715193271637
0.6061879992485046
0.4651481807231903
0.6061879992485046
0.4651481807231903
0.5822351574897766
0.506770133972168
0.3313499987125397
0.5736817717552185
0.44695255160331726
0.4735317528247833
0.3258466422557831
0.44395264983177185
0.2774639129638672
0.7195140719413757
0.6950151920318604
0.6920198202133179
0.40951240062713623
0.6457505822181702
0.40951240062713623
0.6457505822181702
0.6378362774848938
0.3408983647823334
0.32515865564346313
0.28614240884780884
0.25561609864234924
0.442219078540802
0.4019583463668823
0.44699200987815857
0.41197100281715393
0.42609110474586487
0.32923755049705505
0.644653856754303
0.6834980249404907
0.644653856754303
0.6834980249404907
0.6149048209190369
0.618632972240448
0.35715317726135254
0.46410006284713745
0.35715317726135254
0.46410006284713745
0.6080438494682312
0.3971777856349945
0.6782716512680054
0.37173619866371155
0.7135064601898193
0.583727240562439
0.6569297313690186
0.37173619866371155
0.7135064601898193
0.583727240562439
0.6569297313690186
0.37173619866371155
0.7135064601898193
0.583727240562439
0.6569297313690186
0.37173619866371155
0.7135064601898193
0.583727240562439
0.6569297313690186
0.44804689288139343
0.5353590846061707
0.44804689288139343
0.5353590846061707
0.3357093632221222
0.5204887390136719
0.478286474943161
0.3115744888782501
0.478286474943161
0.3115744888782501
0.6424980163574219
0.35823294520378113
0.4461284875869751
0.3008343279361725
0.35823294520378113
0.4461284875869751
0.3008343279361725
0.6607167720794678
0.40839412808418274
0.3391112983226776
0.6231658458709717
0.3391112983226776
0.6231658458709717
0.4035535752773285
0.6330989003181458
0.37106868624687195
0.4124002754688263
0.4094693064689636
0.6520220041275024
0.5269549489021301
0.4219159483909607
0.6403164863586426
0.6082894802093506
0.6403164863586426
0.6082894802093506
0.3506641089916229
0.34303125739097595
0.27725303173065186
0.6256109476089478
0.5707534551620483
0.27725303173065186
0.6256109476089478
0.5707534551620483
0.5528175234794617
0.5864424109458923
0.43580150604248047
0.6179941296577454
0.5528175234794617
0.5864424109458923
0.43580150604248047
0.6179941296577454
0.5528175234794617
0.5864424109458923
0.43580150604248047
0.6179941296577454
0.5528175234794617
0.5864424109458923
0.43580150604248047
0.6179941296577454
0.5254482626914978
0.5931392312049866
0.5254482626914978
0.5931392312049866
0.4799150228500366
0.41110917925834656
0.6794074773788452
0.41110917925834656
0.6794074773788452
0.5889360904693604
0.4546118378639221
0.5820555090904236
0.2634420096874237
0.363226056098938
0.530993640422821
0.2634420096874237
0.363226056098938
0.530993640422821
0.33966195583343506
0.3531460165977478
0.3570360541343689
0.32001644372940063
0.3570360541343689
0.32001644372940063
0.6655449271202087
0.7132889628410339
0.35848039388656616
0.42540717124938965
0.3626774251461029
0.5134102702140808
0.5310742259025574
0.5360210537910461
0.35848039388656616
0.42540717124938965
0.3626774251461029
0.5134102702140808
0.5310742259025574
0.5360210537910461
0.35848039388656616
0.42540717124938965
0.3626774251461029
0.5134102702140808
0.5310742259025574
0.5360210537910461
0.35848039388656616
0.42540717124938965
0.3626774251461029
0.5134102702140808
0.5310742259025574
0.5360210537910461
0.35848039388656616
0.42540717124938965
0.3626774251461029
0.5134102702140808
0.5310742259025574
0.5360210537910461
0.4500645101070404
0.3506160378456116
0.41053473949432373
0.24335497617721558
0.3506160378456116
0.41053473949432373
0.24335497617721558
0.5081191062927246
0.7342079877853394
0.5081191062927246
0.7342079877853394
0.30798617005348206
0.6204968094825745
0.5108714699745178
0.45064789056777954
0.5735659599304199
0.45627784729003906
0.3730539083480835
0.5963979363441467
0.5457567572593689
0.5881734490394592
0.5483372211456299
0.30126670002937317
0.307783842086792
0.6483425498008728
0.39585188031196594
0.4701623320579529
0.43063119053840637
0.37553688883781433
0.43063119053840637
0.37553688883781433
0.46167853474617004
0.7028545141220093
0.5736774802207947
0.7028545141220093
0.5736774802207947
0.6302806735038757
0.35321515798568726
0.2813229262828827
0.4475119709968567
0.3579869866371155
0.3240658938884735
0.4475119709968567
0.3579869866371155
0.3240658938884735
0.4475119709968567
0.3579869866371155
0.3240658938884735
0.3972585201263428
0.4990942180156708
0.5310183763504028
0.7078153491020203
0.4990942180156708
0.5310183763504028
0.7078153491020203
0.4990942180156708
0.5310183763504028
0.7078153491020203
0.3929435908794403
0.4259605407714844
0.3910084366798401
0.3845776915550232
0.2822946608066559
0.3845776915550232
0.2822946608066559
0.6937367916107178
0.6214253902435303
0.6814841628074646
0.6674941778182983
0.6814841628074646
0.6674941778182983
0.39325475692749023
0.6520940065383911
0.2611568570137024
0.4826601445674896
0.3121086061000824
0.6806526184082031
0.5760080218315125
0.39293143153190613
0.4062972068786621
0.5715816617012024
0.33829018473625183
0.4062972068786621
0.5715816617012024
0.33829018473625183
0.4062972068786621
0.5715816617012024
0.33829018473625183
0.30432838201522827
0.4170723855495453
0.30432838201522827
0.4170723855495453
0.4763641655445099
0.3538358211517334
0.5155890583992004
0.4374721050262451
0.46989861130714417
0.4374721050262451
0.46989861130714417
0.28587496280670166
0.3224843442440033
0.47857746481895447
0.5535767078399658
0.49134397506713867
0.47857746481895447
0.5535767078399658
0.49134397506713867
0.47857746481895447
0.5535767078399658
0.49134397506713867
0.403501033782959
0.4126986563205719
0.5745909810066223
0.6701873540878296
0.3633888065814972
0.4318707585334778
0.5910792946815491
0.37923797965049744
0.6088552474975586
0.5744894742965698
0.6088552474975586
0.5744894742965698
0.6447623372077942
0.5113334059715271
0.6447623372077942
0.5113334059715271
0.419127881526947
0.4453176259994507
0.6110960841178894
0.4453176259994507
0.6110960841178894
0.4670073986053467
0.2886184751987457
0.6614844799041748
0.41143885254859924
0.617500901222229
0.5000112056732178
0.4947776198387146
0.5000112056732178
0.4947776198387146
0.5442991256713867
0.3596208691596985
0.40520036220550537
0.44259893894195557
0.4662635922431946
0.44259893894195557
0.4662635922431946
0.6290651559829712
0.39411303400993347
0.41596031188964844
0.39411303400993347
0.41596031188964844
0.37240052223205566
0.6818435192108154
0.4322732388973236
0.6818435192108154
0.4322732388973236
0.35237133502960205
0.4877834916114807
0.32131826877593994
0.6716170310974121
0.4870719909667969
0.3804665803909302
0.4085294008255005
0.6646499633789062
0.3539436459541321
0.44637662172317505
0.3539436459541321
0.44637662172317505
0.4944040775299072
0.3246411085128784
0.6943397521972656
0.3246411085128784
0.6943397521972656
0.3588925898075104
0.6009847521781921
0.6065334677696228
0.6009847521781921
0.6065334677696228
0.44300633668899536
0.5260558128356934
0.44300633668899536
0.5260558128356934
0.3876170814037323
0.4884655475616455
0.3876170814037323
0.4884655475616455
0.357788622379303
0.6460587978363037
0.32621753215789795
0.6321508288383484
0.3228304088115692
0.5244513750076294
0.44359782338142395
0.5390689373016357
0.660719096660614
0.6172041296958923
0.656766951084137
0.71571946144104
0.4957793951034546
0.29792940616607666
0.47219398617744446
0.29991671442985535
0.2945421636104584
0.29792940616607666
0.47219398617744446
0.29991671442985535
0.2945421636104584
0.36388859152793884
0.611372172832489
0.37963464856147766
0.611372172832489
0.37963464856147766
0.41066309809684753
0.43540456891059875
0.5881080627441406
0.3934647738933563
0.4971463978290558
0.5383501648902893
0.6725061535835266
0.6225700378417969
0.6725061535835266
0.6225700378417969
0.5802878737449646
0.29212048649787903
0.3427705466747284
0.39483800530433655
0.5058294534683228
0.41839054226875305
0.5964929461479187
0.41839054226875305
0.5964929461479187
0.3737391233444214
0.36478909850120544
0.44291070103645325
0.674976646900177
0.6725502014160156
0.674976646900177
0.6725502014160156
0.45863988995552063
0.3905317187309265
0.5604250431060791
0.3905317187309265
0.5604250431060791
0.4684453308582306
0.36149802803993225
0.5483725666999817
0.5079753398895264
0.48141250014305115
0.6057693362236023
0.6802123188972473
0.38185915350914
0.5771515965461731
0.4103162884712219
0.269627183675766
0.4506697952747345
0.3747284710407257
0.4537482261657715
0.31956642866134644
0.4506697952747345
0.3747284710407257
0.4537482261657715
0.31956642866134644
0.4506697952747345
0.3747284710407257
0.4537482261657715
0.31956642866134644
0.38541853427886963
0.4430834949016571
0.38541853427886963
0.4430834949016571
0.5025337934494019
0.4476381242275238
0.41368818283081055
0.5763404369354248
0.44273558259010315
0.6112837791442871
0.44273558259010315
0.6112837791442871
0.5126479268074036
0.6414780020713806
0.5923722386360168
0.6942850947380066
0.6414780020713806
0.5923722386360168
0.6942850947380066
0.6414780020713806
0.5923722386360168
0.6942850947380066
0.6637197732925415
0.41623687744140625
0.6877794861793518
0.5861246585845947
0.3357127606868744
0.2650134563446045
0.5268082618713379
0.392518013715744
0.2650134563446045
0.5268082618713379
0.392518013715744
0.2957097589969635
0.44313889741897583
0.5547264218330383
0.44313889741897583
0.5547264218330383
0.6927466988563538
0.6177612543106079
0.3620273470878601
0.24547898769378662
0.46586641669273376
0.480176717042923
0.46586641669273376
0.480176717042923
0.3655219078063965
0.3669426441192627
0.42208507657051086
0.3907862603664398
0.6887791156768799
0.42208507657051086
0.3907862603664398
0.6887791156768799
0.42208507657051086
0.3907862603664398
0.6887791156768799
0.594645619392395
0.5147925615310669
0.4558458924293518
0.2780785858631134
0.4558458924293518
0.2780785858631134
0.5579084157943726
0.6595276594161987
0.5561698079109192
0.6595276594161987
0.5561698079109192
0.4762468934059143
0.31572669744491577
0.41475898027420044
0.5942057371139526
0.2772153317928314
0.6583057641983032
0.44991427659988403
0.716660737991333
0.34754475951194763
0.4433150291442871
0.3664900064468384
0.32467371225357056
0.42172926664352417
0.2978610396385193
0.4115215241909027
0.6233879923820496
0.4115215241909027
0.6233879923820496
0.6487055420875549
0.6568008065223694
0.4969724416732788
0.30167871713638306
0.5781389474868774
0.4969724416732788
0.30167871713638306
0.5781389474868774
0.40589359402656555
0.461115300655365
0.5748637318611145
0.528307318687439
0.49810993671417236
0.36825239658355713
0.40079745650291443
0.4434904456138611
0.47506147623062134
0.4434904456138611
0.47506147623062134
0.48200342059135437
0.4769393503665924
0.48200342059135437
0.4769393503665924
0.38348570466041565
0.44581422209739685
0.6569375395774841
0.44223135709762573
0.32622793316841125
0.4631962478160858
0.44223135709762573
0.32622793316841125
0.4631962478160858
0.44223135709762573
0.32622793316841125
0.4631962478160858
0.4822216033935547
0.6430699825286865
0.4822216033935547
0.6430699825286865
0.4563039541244507
0.5742316842079163
0.5536202192306519
0.5404209494590759
0.668803334236145
0.5916717648506165
0.668803334236145
0.5916717648506165
0.36653462052345276
0.4154719114303589
0.37237870693206787
0.5752333402633667
0.37237870693206787
0.5752333402633667
0.3582622706890106
0.6215131282806396
0.4708000123500824
0.3236352801322937
0.42171725630760193
0.3749755620956421
0.6036849021911621
0.32077041268348694
0.33809366822242737
0.5185788869857788
0.6600267887115479
0.6686016321182251
0.6600267887115479
0.6686016321182251
0.47165825963020325
0.5855550169944763
0.33291980624198914
0.6713045835494995
0.33291980624198914
0.6713045835494995
0.3114645183086395
0.579197883605957
0.38570165634155273
0.4401063621044159
0.38570165634155273
0.4401063621044159
0.3593030869960785
0.4341128170490265
0.4025881588459015
0.3500968813896179
0.29637080430984497
0.4419522285461426
0.6617256999015808
0.380668580532074
0.29906851053237915
0.39482372999191284
0.29682213068008423
0.4773934483528137
0.7783611416816711
0.6576238870620728
0.7783611416816711
0.6576238870620728
0.645354688167572
0.6400036811828613
0.645354688167572
0.6400036811828613
0.6497282385826111
0.5851825475692749
0.5904170870780945
0.5851825475692749
0.5904170870780945
0.33698806166648865
0.5863580703735352
0.2887783944606781
0.432111918926239
0.33698806166648865
0.5863580703735352
0.2887783944606781
0.432111918926239
0.33698806166648865
0.5863580703735352
0.2887783944606781
0.432111918926239
0.3492461144924164
0.28123167157173157
0.5816428065299988
0.644805908203125
0.5780321955680847
0.4586130380630493
0.2857217788696289
0.5780321955680847
0.4586130380630493
0.2857217788696289
0.30344709753990173
0.4534063935279846
0.40179023146629333
0.3388492465019226
0.34325531125068665
0.5411326289176941
0.41634854674339294
0.42262765765190125
0.34805893898010254
0.4769710302352905
0.3382507264614105
0.6243993043899536
0.4166669547557831
0.6274608969688416
0.35470107197761536
0.6274608969688416
0.35470107197761536
0.29005497694015503
0.39157867431640625
0.428646981716156
0.3756859302520752
0.341202050447464
0.6318022012710571
0.44256892800331116
0.6318022012710571
0.44256892800331116
0.6367287039756775
0.5681990385055542
0.5662545561790466
0.5876414775848389
0.5662545561790466
0.5876414775848389
0.3290245831012726
0.4972175657749176
0.3350844979286194
0.43453875184059143
0.4732317328453064
0.4496850073337555
0.6602412462234497
0.7130405306816101
0.33987998962402344
0.6251547932624817
0.6522282361984253
0.6420968174934387
0.6522282361984253
0.6420968174934387
0.3839717209339142
0.31610292196273804
0.31592050194740295
0.4426058530807495
0.4019421637058258
0.2645892798900604
0.31610292196273804
0.31592050194740295
0.4426058530807495
0.4019421637058258
0.2645892798900604
0.31610292196273804
0.31592050194740295
0.4426058530807495
0.4019421637058258
0.2645892798900604
0.31610292196273804
0.31592050194740295
0.4426058530807495
0.4019421637058258
0.2645892798900604
0.31610292196273804
0.31592050194740295
0.4426058530807495
0.4019421637058258
0.2645892798900604
0.40707531571388245
0.3543371260166168
0.32006028294563293
0.26363277435302734
0.4602559804916382
0.37266361713409424
0.3501894772052765
0.630132257938385
0.3504454791545868
0.41351786255836487
0.6349686980247498
0.41351786255836487
0.6349686980247498
0.32081788778305054
0.3403276205062866
0.5906668305397034
0.4446999430656433
0.4041014313697815
0.5906668305397034
0.4446999430656433
0.4041014313697815
0.5906668305397034
0.4446999430656433
0.4041014313697815
0.4245264232158661
0.27969589829444885
0.6994301676750183
0.4245264232158661
0.27969589829444885
0.6994301676750183
0.40748345851898193
0.6667186617851257
0.3518880605697632
0.6394486427307129
0.5955203771591187
0.3518880605697632
0.6394486427307129
0.5955203771591187
0.3268854022026062
0.6583640575408936
0.35837113857269287
0.5720677375793457
0.4356248080730438
0.5643491744995117
0.4356248080730438
0.5643491744995117
0.5911893248558044
0.2559131681919098
0.35927921533584595
0.628163754940033
0.6352562308311462
0.6458430290222168
0.6352562308311462
0.6458430290222168
0.6109687685966492
0.6194636821746826
0.5194995403289795
0.3436855673789978
0.6194636821746826
0.5194995403289795
0.3436855673789978
0.6134263277053833
0.3454757034778595
0.666041910648346
0.47758519649505615
0.2846238911151886
0.3761703670024872
0.2846238911151886
0.3761703670024872
0.32042020559310913
0.5462504625320435
0.32899612188339233
0.4852045476436615
0.32899612188339233
0.4852045476436615
0.46567922830581665
0.38604018092155457
0.2965424358844757
0.4519731402397156
0.4901025593280792
0.3633677363395691
0.3574353754520416
0.39758965373039246
0.3574353754520416
0.39758965373039246
0.4116731882095337
0.420451819896698
0.4116731882095337
0.420451819896698
0.6781560182571411
0.3366742730140686
0.3197011351585388
0.29921281337738037
0.3366742730140686
0.3197011351585388
0.29921281337738037
0.531599760055542
0.5449433922767639
0.5956500768661499
0.560453474521637
0.3668450117111206
0.5033053755760193
0.31612491607666016
0.3764713406562805
0.4537922739982605
0.6016379594802856
0.49745428562164307
0.3764713406562805
0.4537922739982605
0.6016379594802856
0.49745428562164307
0.3764713406562805
0.4537922739982605
0.6016379594802856
0.49745428562164307
0.3764713406562805
0.4537922739982605
0.6016379594802856
0.49745428562164307
0.5690664649009705
0.660714864730835
0.5427017211914062
0.5690664649009705
0.660714864730835
0.5427017211914062
0.5690664649009705
0.660714864730835
0.5427017211914062
0.33484718203544617
0.5213717222213745
0.3681052327156067
0.6763424873352051
0.3174187242984772
0.4566136300563812
0.6579931378364563
0.4566136300563812
0.6579931378364563
0.6011040210723877
0.4758506119251251
0.40303438901901245
0.6293064951896667
0.40303438901901245
0.6293064951896667
0.326645165681839
0.6143469214439392
0.5972513556480408
0.6143469214439392
0.5972513556480408
0.5801807045936584
0.6593160629272461
0.5058445930480957
0.6172041296958923
0.6094354391098022
0.6172041296958923
0.6094354391098022
0.36558300256729126
0.4847998321056366
0.5429825186729431
0.36558300256729126
0.4847998321056366
0.5429825186729431
0.36558300256729126
0.4847998321056366
0.5429825186729431
0.6818119883537292
0.35150477290153503
0.3305833339691162
0.35150477290153503
0.3305833339691162
0.29057180881500244
0.3275196850299835
0.5795592069625854
0.3180676996707916
0.29057180881500244
0.3275196850299835
0.5795592069625854
0.3180676996707916
0.47619664669036865
0.4439779818058014
0.47619664669036865
0.4439779818058014
0.48346835374832153
0.5717409253120422
0.5299464464187622
0.28915682435035706
0.2917303740978241
0.39071252942085266
0.4381917417049408
0.5166020393371582
0.298210471868515
0.5965248346328735
0.653005838394165
0.41315793991088867
0.5925666689872742
0.33101794123649597
0.44437313079833984
0.4782354235649109
0.44437313079833984
0.4782354235649109
0.6820773482322693
0.2907427251338959
0.30885112285614014
0.33233651518821716
0.6442117094993591
0.30789607763290405
0.5076101422309875
0.3685058057308197
0.4030444920063019
0.5566685795783997
0.2490251660346985
0.545184314250946
0.44357743859291077
0.2869406044483185
0.3092971444129944
0.40524744987487793
0.6374404430389404
0.40524744987487793
0.6374404430389404
0.4303095042705536
0.3394654095172882
0.6537567973136902
0.6550021171569824
0.6537567973136902
0.6550021171569824
0.38841718435287476
0.365166038274765
0.5391327738761902
0.5151732563972473
0.365166038274765
0.5391327738761902
0.5151732563972473
0.365166038274765
0.5391327738761902
0.5151732563972473
0.41570401191711426
0.41403377056121826
0.2541615962982178
0.35324418544769287
0.3505857586860657
0.6376193761825562
0.3505857586860657
0.6376193761825562
0.6519117951393127
0.4934201240539551
0.45094066858291626
0.7346127033233643
0.5553793907165527
0.48697730898857117
0.33107447624206543
0.2699136435985565
0.45203548669815063
0.6938446164131165
0.6406946182250977
0.6938446164131165
0.6406946182250977
0.3168316185474396
0.5069559812545776
0.3168316185474396
0.5069559812545776
0.3013881742954254
0.5278192758560181
0.3013881742954254
0.5278192758560181
0.3361120820045471
0.6620737910270691
0.3361120820045471
0.6620737910270691
0.36732217669487
0.44786155223846436
0.39134469628334045
0.44786155223846436
0.39134469628334045
0.5246522426605225
0.3960000276565552
0.6238126754760742
0.5913426280021667
0.6238126754760742
0.5913426280021667
0.4539119303226471
0.6518637537956238
0.6718431115150452
0.6518637537956238
0.6718431115150452
0.6137902140617371
0.6070296764373779
0.39989274740219116
0.4897773265838623
0.3591781556606293
0.3452751934528351
0.6964499950408936
0.3591781556606293
0.3452751934528351
0.6964499950408936
0.3591781556606293
0.3452751934528351
0.6964499950408936
0.3784082233905792
0.5832974910736084
0.3784082233905792
0.5832974910736084
0.45882269740104675
0.35598182678222656
0.42447370290756226
0.27208441495895386
0.6161031126976013
0.6522769927978516
0.27208441495895386
0.6161031126976013
0.6522769927978516
0.39202356338500977
0.6423653364181519
0.39202356338500977
0.6423653364181519
0.4231138527393341
0.48213791847229004
0.5709407925605774
0.48213791847229004
0.5709407925605774
0.470779687166214
0.3802154064178467
0.6408533453941345
0.2521249055862427
0.6376992464065552
0.4815574288368225
0.6408533453941345
0.2521249055862427
0.6376992464065552
0.4815574288368225
0.6408533453941345
0.2521249055862427
0.6376992464065552
0.4815574288368225
0.6862173080444336
0.2150169461965561
0.26424163579940796
0.5851715803146362
0.6558273434638977
0.5851715803146362
0.6558273434638977
0.7026368975639343
0.4357205033302307
0.7026368975639343
0.4357205033302307
0.635491132736206
0.28962138295173645
0.6506283283233643
0.6654151082038879
0.5986121892929077
0.2981068193912506
0.33518970012664795
0.6098070740699768
0.32816416025161743
0.5482553839683533
0.48055145144462585
0.37313440442085266
0.5105799436569214
0.2727282643318176
0.3533971607685089
0.42670997977256775
0.3533971607685089
0.42670997977256775
0.6468077898025513
0.3490370512008667
0.3353005647659302
0.3328894376754761
0.6596748232841492
0.5134448409080505
0.6596748232841492
0.5134448409080505
0.33950647711753845
0.5782719850540161
0.3580511808395386
0.5782719850540161
0.3580511808395386
0.6025024652481079
0.26389092206954956
0.6158419251441956
0.6610406041145325
0.3339579403400421
0.30987584590911865
0.5086644291877747
0.45692312717437744
0.42596521973609924
0.23714274168014526
0.5187123417854309
0.2547400891780853
0.5362833142280579
0.35359910130500793
0.43467405438423157
0.35359910130500793
0.43467405438423157
0.6050348877906799
0.6988515257835388
0.3968346118927002
0.6197859048843384
0.6324039697647095
0.45429277420043945
0.48921728134155273
0.6287788152694702
0.45429277420043945
0.48921728134155273
0.6287788152694702
0.45429277420043945
0.48921728134155273
0.6287788152694702
0.5593386292457581
0.5497150421142578
0.7000970244407654
0.6620813608169556
0.6424571871757507
0.6757434010505676
0.6424571871757507
0.6757434010505676
0.6927714347839355
0.5238524079322815
0.37166646122932434
0.5238524079322815
0.37166646122932434
0.30746641755104065
0.5211284160614014
0.3648986518383026
0.5417032241821289
0.4727441966533661
0.5451679229736328
0.3648986518383026
0.5417032241821289
0.4727441966533661
0.5451679229736328
0.3648986518383026
0.5417032241821289
0.4727441966533661
0.5451679229736328
0.3648986518383026
0.5417032241821289
0.4727441966533661
0.5451679229736328
0.2815588116645813
0.5141489505767822
0.32491829991340637
0.4103620648384094
0.32491829991340637
0.4103620648384094
0.296230286359787
0.6632179617881775
0.2910577952861786
0.4896414279937744
0.7191559076309204
0.28666383028030396
0.5075759887695312
0.29299160838127136
0.5155624747276306
0.3612734079360962
0.6057011485099792
0.6322468519210815
0.6057011485099792
0.6322468519210815
0.6430143713951111
0.6474473476409912
0.26176512241363525
0.3870263993740082
0.3348613381385803
0.26176512241363525
0.3870263993740082
0.3348613381385803
0.4603337049484253
0.37731340527534485
0.31056031584739685
0.37731340527534485
0.31056031584739685
0.4181341826915741
0.6122463941574097
0.4181341826915741
0.6122463941574097
0.6295657157897949
0.3680868446826935
0.5428000688552856
0.34692856669425964
0.6320595145225525
0.34692856669425964
0.6320595145225525
0.38620996475219727
0.6089594960212708
0.38620996475219727
0.6089594960212708
0.549293577671051
0.3459136188030243
0.549293577671051
0.3459136188030243
0.5164477229118347
0.2972525954246521
0.3807416260242462
0.547868013381958
0.652513325214386
0.547868013381958
0.652513325214386
0.5299651622772217
0.5325973629951477
0.6018149852752686
0.2799222469329834
0.44561851024627686
0.4614667296409607
0.26113030314445496
0.5383089780807495
0.5598569512367249
0.3458687961101532
0.42339223623275757
0.2595447301864624
0.6461260318756104
0.42339223623275757
0.2595447301864624
0.6461260318756104
0.39158323407173157
0.420752614736557
0.47840434312820435
0.3586811125278473
0.420752614736557
0.47840434312820435
0.3586811125278473
0.420752614736557
0.47840434312820435
0.3586811125278473
0.3572443425655365
0.4072677493095398
0.3780111074447632
0.3189855217933655
0.7527430057525635
0.6478636860847473
0.3189855217933655
0.7527430057525635
0.6478636860847473
0.5577971935272217
0.30883023142814636
0.3089231848716736
0.4793752431869507
0.3883848488330841
0.3190779387950897
0.5926393866539001
0.28307315707206726
0.4209407567977905
0.39918363094329834
0.30815041065216064
0.26971864700317383
0.37233248353004456
0.5971852540969849
0.6257577538490295
0.5971852540969849
0.6257577538490295
0.5039052963256836
0.37999817728996277
0.2821634113788605
0.4861994981765747
0.5074769258499146
0.4372544288635254
0.397623211145401
0.3750629425048828
0.3443433940410614
0.3750629425048828
0.3443433940410614
0.6059602499008179
0.561355471611023
0.4878239631652832
0.33940255641937256
0.6620249152183533
0.4878239631652832
0.33940255641937256
0.6620249152183533
0.4878239631652832
0.33940255641937256
0.6620249152183533
0.37648022174835205
0.45948562026023865
0.3522886037826538
0.34392252564430237
0.3006269931793213
0.6348012089729309
0.6331494450569153
0.5585231781005859
0.40019020438194275
0.3006269931793213
0.6348012089729309
0.6331494450569153
0.5585231781005859
0.40019020438194275
0.3006269931793213
0.6348012089729309
0.6331494450569153
0.5585231781005859
0.40019020438194275
0.3006269931793213
0.6348012089729309
0.6331494450569153
0.5585231781005859
0.40019020438194275
0.44329366087913513
0.5840204954147339
0.33488959074020386
0.4766642153263092
0.41473570466041565
0.31740811467170715
0.6281542778015137
0.41473570466041565
0.31740811467170715
0.6281542778015137
0.41473570466041565
0.31740811467170715
0.6281542778015137
0.5455560684204102
0.2833198010921478
0.4918184280395508
0.5563535690307617
0.40098902583122253
0.3308348059654236
0.40098902583122253
0.3308348059654236
0.3307041525840759
0.623562753200531
0.44303229451179504
0.2938253879547119
0.6700782775878906
0.6569174528121948
0.6343193054199219
0.6786155700683594
0.30122360587120056
0.5942100286483765
0.5957660675048828
0.3432556390762329
0.3397310674190521
0.704631507396698
0.6795377135276794
0.3432556390762329
0.3397310674190521
0.704631507396698
0.6795377135276794
0.3432556390762329
0.3397310674190521
0.704631507396698
0.6795377135276794
0.3432556390762329
0.3397310674190521
0.704631507396698
0.6795377135276794
0.3522658944129944
0.3073055148124695
0.4922388792037964
0.5525511503219604
0.5947760343551636
0.40547242760658264
0.5306816101074219
0.526344895362854
0.5306816101074219
0.526344895362854
0.44115710258483887
0.6616836786270142
0.44115710258483887
0.6616836786270142
0.60188227891922
0.4215240180492401
0.32651665806770325
0.27007240056991577
0.563494086265564
0.40094542503356934
0.5622525215148926
0.5608565211296082
0.5622525215148926
0.5608565211296082
0.6273931264877319
0.3140183389186859
0.6240292191505432
0.5921950340270996
0.6442883610725403
0.5566428303718567
0.3690091669559479
0.346733033657074
0.3690091669559479
0.346733033657074
0.45553696155548096
0.4287705719470978
0.26201894879341125
0.5357487201690674
0.49705150723457336
0.27240967750549316
0.6535312533378601
0.3630211055278778
0.26039472222328186
0.27690768241882324
0.6493013501167297
0.30084747076034546
0.38501664996147156
0.6486390233039856
0.3491955101490021
0.34228217601776123
0.3654434084892273
0.26915255188941956
0.4826747477054596
0.3654434084892273
0.26915255188941956
0.4826747477054596
0.4421638250350952
0.44284728169441223
0.520932137966156
0.43170639872550964
0.36249545216560364
0.4131338894367218
0.25010576844215393
0.36249545216560364
0.4131338894367218
0.25010576844215393
0.6795295476913452
0.45852136611938477
0.24359335005283356
0.4394162595272064
0.4196777045726776
0.4394162595272064
0.4196777045726776
0.2615273594856262
0.2954387366771698
0.2828812599182129
0.4783492982387543
0.48058581352233887
0.33345603942871094
0.37975013256073
0.428926020860672
0.607709527015686
0.40500137209892273
0.38648083806037903
0.3341115713119507
0.4271854758262634
0.423528790473938
0.4271854758262634
0.423528790473938
0.3877045214176178
0.3325035572052002
0.5842298865318298
0.30644071102142334
0.36387261748313904
0.3168346881866455
0.30644071102142334
0.36387261748313904
0.3168346881866455
0.5003207325935364
0.28492507338523865
0.4448781907558441
0.32155364751815796
0.5813817381858826
0.522936224937439
0.527698814868927
0.522936224937439
0.527698814868927
0.35799336433410645
0.3149650990962982
0.4098259210586548
0.3843984305858612
0.38550129532814026
0.4098259210586548
0.3843984305858612
0.38550129532814026
0.4098259210586548
0.3843984305858612
0.38550129532814026
0.22896815836429596
0.6107922196388245
0.42472973465919495
0.6219926476478577
0.42472973465919495
0.6219926476478577
0.37227994203567505
0.5705939531326294
0.41313496232032776
0.6044591665267944
0.403404176235199
0.4362657964229584
0.40338894724845886
0.6977158188819885
0.7248173952102661
0.4678647816181183
0.6396161317825317
0.6977158188819885
0.7248173952102661
0.4678647816181183
0.6396161317825317
0.6977158188819885
0.7248173952102661
0.4678647816181183
0.6396161317825317
0.6977158188819885
0.7248173952102661
0.4678647816181183
0.6396161317825317
0.2870001792907715
0.3067082166671753
0.46828973293304443
0.6064795255661011
0.32206201553344727
0.6560942530632019
0.4912129044532776
0.3755892217159271
0.42615383863449097
0.4512568712234497
0.4179767072200775
0.2923836410045624
0.30037981271743774
0.42032110691070557
0.4541938304901123
0.42032110691070557
0.4541938304901123
0.4135863780975342
0.5805510878562927
0.3741358816623688
0.6130133271217346
0.3741358816623688
0.6130133271217346
0.360545814037323
0.46146050095558167
0.36380115151405334
0.46146050095558167
0.36380115151405334
0.582422137260437
0.5550674200057983
0.4389175474643707
0.2624906599521637
0.6402877569198608
0.2815883457660675
0.6427593231201172
0.3492186963558197
0.4661991596221924
0.5286166667938232
0.3169066607952118
0.41042935848236084
0.41401809453964233
0.5404346585273743
0.563461422920227
0.4315398335456848
0.6004222631454468
0.4315398335456848
0.6004222631454468
0.3186925947666168
0.3874187469482422
0.3463657796382904
0.3874187469482422
0.3463657796382904
0.6965859532356262
0.5085408687591553
0.5896111130714417
0.5085408687591553
0.5896111130714417
0.3774583637714386
0.6464014649391174
0.3472267985343933
0.5236408114433289
0.37281161546707153
0.6078492999076843
0.2915427088737488
0.37281161546707153
0.6078492999076843
0.2915427088737488
0.28382208943367004
0.3784979283809662
0.621574878692627
0.41359734535217285
0.621574878692627
0.41359734535217285
0.41344961524009705
0.33297422528266907
0.44673582911491394
0.49173349142074585
0.4502064883708954
0.49173349142074585
0.4502064883708954
0.6832299828529358
0.4081658124923706
0.5650891661643982
0.4533761441707611
0.5650891661643982
0.4533761441707611
0.3153075873851776
0.40405747294425964
0.40351566672325134
0.3072323203086853
0.3874470591545105
0.40351566672325134
0.3072323203086853
0.3874470591545105
0.40351566672325134
0.3072323203086853
0.3874470591545105
0.6679351329803467
0.605292797088623
0.5472100377082825
0.5042526721954346
0.5916997194290161
0.284578800201416
0.5916997194290161
0.284578800201416
0.5895869731903076
0.48368290066719055
0.5418525338172913
0.26435142755508423
0.26755616068840027
0.5418525338172913
0.26435142755508423
0.26755616068840027
0.6620640754699707
0.27349692583084106
0.46754640340805054
0.37974080443382263
0.6852329969406128
0.34693899750709534
0.4854995906352997
0.34693899750709534
0.4854995906352997
0.6083313822746277
0.6226109862327576
0.6083313822746277
0.6226109862327576
0.48401322960853577
0.40185683965682983
0.6601276397705078
0.6594533324241638
0.3573184311389923
0.3320428431034088
0.47303134202957153
0.3320428431034088
0.47303134202957153
0.5872141718864441
0.5275607705116272
0.6415764093399048
0.6355590224266052
0.6415764093399048
0.6355590224266052
0.6813390254974365
0.47193706035614014
0.6250158548355103
0.47193706035614014
0.6250158548355103
0.7337557673454285
0.6230608224868774
0.3178333640098572
0.3298310339450836
0.562157392501831
0.43047240376472473
0.26546937227249146
0.6750829219818115
0.5510365962982178
0.6750829219818115
0.5510365962982178
0.5049291849136353
0.6019867062568665
0.29086312651634216
0.6536199450492859
0.5761705636978149
0.29086312651634216
0.6536199450492859
0.5761705636978149
0.29222625494003296
0.4238416850566864
0.29222625494003296
0.4238416850566864
0.6233582496643066
0.3777461647987366
0.4189997613430023
0.3777461647987366
0.4189997613430023
0.6343109607696533
0.6063267588615417
0.292434960603714
0.4000681936740875
0.45254647731781006
0.6254295110702515
0.6228163838386536
0.6254295110702515
0.6228163838386536
0.5980949997901917
0.4138410687446594
0.4609546959400177
0.32855695486068726
0.23792827129364014
0.5785995125770569
0.6952235698699951
0.23792827129364014
0.5785995125770569
0.6952235698699951
0.5553641319274902
0.6028627157211304
0.5553641319274902
0.6028627157211304
0.596571147441864
0.4461001753807068
0.38720905780792236
0.42675578594207764
0.39037054777145386
0.3416077196598053
0.4593777060508728
0.613882303237915
0.5440596342086792
0.4181128144264221
0.6504713892936707
0.40830472111701965
0.28006595373153687
0.3861321210861206
0.6875611543655396
0.5843374133110046
0.3951852023601532
0.4077403247356415
0.3951852023601532
0.4077403247356415
0.3777797222137451
0.37396514415740967
0.49942848086357117
0.28042399883270264
0.49942848086357117
0.28042399883270264
0.6172166466712952
0.28845512866973877
0.3939422369003296
0.5200099349021912
0.6412203907966614
0.5200099349021912
0.6412203907966614
0.3504004180431366
0.4072636663913727
0.2692096531391144
0.34929031133651733
0.36663931608200073
0.4211657643318176
0.40946823358535767
0.37301477789878845
0.40946823358535767
0.37301477789878845
0.4397883713245392
0.5468275547027588
0.4397883713245392
0.5468275547027588
0.3860265016555786
0.5718832015991211
0.3434351682662964
0.38926026225090027
0.35316500067710876
0.4343286156654358
0.5665081143379211
0.5005407333374023
0.3114478588104248
0.5651239156723022
0.2522885799407959
0.5747158527374268
0.33477193117141724
0.3740968704223633
0.5622391700744629
0.7720163464546204
0.2716453969478607
0.4175179898738861
0.6179729104042053
0.6497899293899536
0.6179729104042053
0.6497899293899536
0.45578455924987793
0.6373242139816284
0.31287384033203125
0.43361160159111023
0.31287384033203125
0.43361160159111023
0.31412777304649353
0.3595609962940216
0.37323758006095886
0.5810684561729431
0.35947462916374207
0.3053380846977234
0.5137065649032593
0.6457594037055969
0.5137065649032593
0.6457594037055969
0.4363749027252197
0.676977813243866
0.25692787766456604
0.5223276615142822
0.4056297242641449
0.5420144200325012
0.3862994611263275
0.25640079379081726
0.6558427214622498
0.6595481038093567
0.30801188945770264
0.6459909081459045
0.5096567273139954
0.5743775367736816
0.4083706736564636
0.5743775367736816
0.4083706736564636
0.47144174575805664
0.5541455745697021
0.47144174575805664
0.5541455745697021
0.6807733774185181
0.37974438071250916
0.5490161776542664
0.5410751700401306
0.5490161776542664
0.5410751700401306
0.6375829577445984
0.5387941002845764
0.6375829577445984
0.5387941002845764
0.6786954402923584
0.5845488905906677
0.5733808279037476
0.33220216631889343
0.3434930443763733
0.31636694073677063
0.5383893251419067
0.36345043778419495
0.48898592591285706
0.36345043778419495
0.48898592591285706
0.45634597539901733
0.5205469131469727
0.4803933799266815
0.545102596282959
0.5205469131469727
0.4803933799266815
0.545102596282959
0.5205469131469727
0.4803933799266815
0.545102596282959
0.2795673906803131
0.6316162943840027
0.5344904661178589
0.34279686212539673
0.7074353694915771
0.5630545020103455
0.7074353694915771
0.5630545020103455
0.25846633315086365
0.42592883110046387
0.4137364327907562
0.4397663176059723
0.4137364327907562
0.4397663176059723
0.5771771669387817
0.504237949848175
0.5751407742500305
0.3112027645111084
0.48081353306770325
0.36607059836387634
0.6434631943702698
0.4383962154388428
0.3016301691532135
0.47996991872787476
0.6156426072120667
0.47996991872787476
0.6156426072120667
0.3310926556587219
0.31662124395370483
0.5812119841575623
0.39409956336021423
0.5568597316741943
0.5941690802574158
0.5568597316741943
0.5941690802574158
0.5729275941848755
0.437358558177948
0.5729275941848755
0.437358558177948
0.7170474529266357
0.3287142813205719
0.6520472168922424
0.30075228214263916
0.2609042525291443
0.2976297438144684
0.38194483518600464
0.6044565439224243
0.38194483518600464
0.6044565439224243
0.5242210030555725
0.32005974650382996
0.35672643780708313
0.35623252391815186
0.6497423648834229
0.3578049838542938
0.3787838816642761
0.47400137782096863
0.42548277974128723
0.47400137782096863
0.42548277974128723
0.3258877992630005
0.33137404918670654
0.4586627781391144
0.42501387000083923
0.25440773367881775
0.45543891191482544
0.685768723487854
0.314182311296463
0.6738588809967041
0.6070632934570312
0.5433516502380371
0.7209105491638184
0.5433516502380371
0.7209105491638184
0.35262104868888855
0.48442456126213074
0.6936810612678528
0.35262104868888855
0.48442456126213074
0.6936810612678528
0.35262104868888855
0.48442456126213074
0.6936810612678528
0.44863077998161316
0.4144270420074463
0.44863077998161316
0.4144270420074463
0.41175350546836853
0.35337063670158386
0.4843427240848541
0.41175350546836853
0.35337063670158386
0.4843427240848541
0.41175350546836853
0.35337063670158386
0.4843427240848541
0.6082332134246826
0.44122007489204407
0.34428584575653076
0.44894281029701233
0.3333559036254883
0.6590256094932556
0.537880539894104
0.3333559036254883
0.6590256094932556
0.537880539894104
0.3333559036254883
0.6590256094932556
0.537880539894104
0.4622902572154999
0.5136550664901733
0.4622902572154999
0.5136550664901733
0.3516138195991516
0.32908305525779724
0.3516138195991516
0.32908305525779724
0.6189944744110107
0.6567014455795288
0.5960447192192078
0.6189944744110107
0.6567014455795288
0.5960447192192078
0.6189944744110107
0.6567014455795288
0.5960447192192078
0.30772921442985535
0.41251376271247864
0.3953087329864502
0.33263763785362244
0.2643164396286011
0.4244888722896576
0.3097725510597229
0.2712385356426239
0.3490886986255646
0.3334971070289612
0.6717363595962524
0.5070919990539551
0.47588077187538147
0.5070919990539551
0.47588077187538147
0.4931764304637909
0.31671491265296936
0.3325037956237793
0.684340238571167
0.6533543467521667
0.5926299095153809
0.3325037956237793
0.684340238571167
0.6533543467521667
0.5926299095153809
0.3325037956237793
0.684340238571167
0.6533543467521667
0.5926299095153809
0.3325037956237793
0.684340238571167
0.6533543467521667
0.5926299095153809
0.24866999685764313
0.3700907230377197
0.36582937836647034
0.3700907230377197
0.36582937836647034
0.3135727047920227
0.4204949736595154
0.5197796821594238
0.44494059681892395
0.4204949736595154
0.5197796821594238
0.44494059681892395
0.4204949736595154
0.5197796821594238
0.44494059681892395
0.7166628837585449
0.3370107412338257
0.7166628837585449
0.3370107412338257
0.7346386909484863
0.6114051342010498
0.445370078086853
0.24541370570659637
0.674095630645752
0.7346386909484863
0.6114051342010498
0.445370078086853
0.24541370570659637
0.674095630645752
0.7346386909484863
0.6114051342010498
0.445370078086853
0.24541370570659637
0.674095630645752
0.7346386909484863
0.6114051342010498
0.445370078086853
0.24541370570659637
0.674095630645752
0.27348464727401733
0.42158645391464233
0.3550862967967987
0.43753963708877563
0.42158645391464233
0.3550862967967987
0.43753963708877563
0.42158645391464233
0.3550862967967987
0.43753963708877563
0.38847020268440247
0.6272956132888794
0.5147008895874023
0.38847020268440247
0.6272956132888794
0.5147008895874023
0.38847020268440247
0.6272956132888794
0.5147008895874023
0.33755049109458923
0.37608087062835693
0.6133331060409546
0.617040753364563
0.381355345249176
0.3304310441017151
0.6494836807250977
0.3304310441017151
0.6494836807250977
0.3147341310977936
0.4381597340106964
0.6596919298171997
0.3147341310977936
0.4381597340106964
0.6596919298171997
0.3147341310977936
0.4381597340106964
0.6596919298171997
0.3013951778411865
0.2841106951236725
0.347263902425766
0.5209141969680786
0.5898649096488953
0.44363099336624146
0.5914467573165894
0.3477506637573242
0.44363099336624146
0.5914467573165894
0.3477506637573242
0.44363099336624146
0.5914467573165894
0.3477506637573242
0.29706552624702454
0.3944304585456848
0.5894586443901062
0.5905871987342834
0.4163774251937866
0.39822596311569214
0.37868940830230713
0.5425159931182861
0.37868940830230713
0.5425159931182861
0.34676221013069153
0.3179861307144165
0.6683065891265869
0.3179861307144165
0.6683065891265869
0.7097997069358826
0.3466457724571228
0.5933230519294739
0.5220045447349548
0.5214912295341492
0.34415510296821594
0.6024988889694214
0.5802529454231262
0.674967348575592
0.5802529454231262
0.674967348575592
0.35285526514053345
0.39498597383499146
0.318939745426178
0.7227140665054321
0.5271787047386169
0.7227140665054321
0.5271787047386169
0.31781911849975586
0.5246096253395081
0.601564347743988
0.5246096253395081
0.601564347743988
0.624273419380188
0.6504188179969788
0.664539635181427
0.6504188179969788
0.664539635181427
0.46730735898017883
0.3673105537891388
0.6736941933631897
0.4165172576904297
0.6321008205413818
0.37748557329177856
0.6321008205413818
0.37748557329177856
0.5674687623977661
0.482261061668396
0.2594803273677826
0.3467049300670624
0.31742343306541443
0.5336227416992188
0.3383450508117676
0.5336227416992188
0.3383450508117676
0.6795219779014587
0.4338306486606598
0.4297996759414673
0.5771540403366089
0.6331760883331299
0.6403199434280396
0.5793768763542175
0.6403199434280396
0.5793768763542175
0.37932151556015015
0.4489062428474426
0.3452741801738739
0.30838876962661743
0.3157429099082947
0.5941900610923767
0.3748567998409271
0.4846111834049225
0.4294780492782593
0.3714822828769684
0.4666571617126465
0.4384367763996124
0.5118154287338257
0.4384367763996124
0.5118154287338257
0.513952910900116
0.4126896560192108
0.35726022720336914
0.6036134362220764
0.3458424210548401
0.5393475890159607
0.35726022720336914
0.6036134362220764
0.3458424210548401
0.5393475890159607
0.35726022720336914
0.6036134362220764
0.3458424210548401
0.5393475890159607
0.35726022720336914
0.6036134362220764
0.3458424210548401
0.5393475890159607
0.7400870323181152
0.34573933482170105
0.5311009883880615
0.34573933482170105
0.5311009883880615
0.548825204372406
0.2544902563095093
0.3091451823711395
0.424823522567749
0.6672297716140747
0.4484175145626068
0.5854605436325073
0.5232715606689453
0.4497637450695038
0.5854605436325073
0.5232715606689453
0.4497637450695038
0.5854605436325073
0.5232715606689453
0.4497637450695038
0.6482757329940796
0.5632008910179138
0.6482757329940796
0.5632008910179138
0.3543459177017212
0.5362008810043335
0.730728268623352
0.5362008810043335
0.730728268623352
0.7471147179603577
0.5822107195854187
0.7471147179603577
0.5822107195854187
0.5502667427062988
0.5161683559417725
0.5502667427062988
0.5161683559417725
0.5693097710609436
0.3557411730289459
0.5693097710609436
0.3557411730289459
0.7529261112213135
0.37652990221977234
0.30514317750930786
0.6252356767654419
0.43521830439567566
0.3447871804237366
0.37533876299858093
0.43521830439567566
0.3447871804237366
0.37533876299858093
0.43521830439567566
0.3447871804237366
0.37533876299858093
0.4268190264701843
0.3139762580394745
0.5828443169593811
0.6554057598114014
0.5362383127212524
0.34030094742774963
0.5362383127212524
0.34030094742774963
0.573468804359436
0.30000245571136475
0.3646846115589142
0.30000245571136475
0.3646846115589142
0.28213226795196533
0.30455633997917175
0.6926865577697754
0.28213226795196533
0.30455633997917175
0.6926865577697754
0.3294603228569031
0.5234953761100769
0.4492242634296417
0.41117557883262634
0.336540162563324
0.7133507132530212
0.336540162563324
0.7133507132530212
0.5185399055480957
0.6387925148010254
0.6543501615524292
0.6401172876358032
0.5197350382804871
0.3164515793323517
0.526959240436554
0.499314546585083
0.44643309712409973
0.417786180973053
0.3961145579814911
0.5098991394042969
0.638854444026947
0.6638021469116211
0.5171058177947998
0.6839775443077087
0.34890174865722656
0.6605133414268494
0.5202891826629639
0.5405786037445068
0.3470816910266876
0.3375934958457947
0.42126867175102234
0.5238873958587646
0.3134346306324005
0.42126867175102234
0.5238873958587646
0.3134346306324005
0.654241144657135
0.2977202534675598
0.49940359592437744
0.3452659845352173
0.3393164277076721
0.29630497097969055
0.3652664124965668
0.29630497097969055
0.3652664124965668
0.6260687112808228
0.6509979963302612
0.35568806529045105
0.6681917905807495
0.297611802816391
0.6910467147827148
0.4049217700958252
0.3444567024707794
0.3852248787879944
0.5681095719337463
0.5733543038368225
0.3852248787879944
0.5681095719337463
0.5733543038368225
0.3852248787879944
0.5681095719337463
0.5733543038368225
0.3523503243923187
0.5903694033622742
0.3919621706008911
0.4053165912628174
0.3523503243923187
0.5903694033622742
0.3919621706008911
0.4053165912628174
0.3523503243923187
0.5903694033622742
0.3919621706008911
0.4053165912628174
0.3523503243923187
0.5903694033622742
0.3919621706008911
0.4053165912628174
0.3419228196144104
0.4419268071651459
0.6156749129295349
0.641593873500824
0.3419228196144104
0.4419268071651459
0.6156749129295349
0.641593873500824
0.3419228196144104
0.4419268071651459
0.6156749129295349
0.641593873500824
0.3419228196144104
0.4419268071651459
0.6156749129295349
0.641593873500824
0.46417975425720215
0.2969828248023987
0.4988749921321869
0.3696615695953369
0.4486801028251648
0.44984182715415955
0.6146084070205688
0.6422703266143799
0.5686190128326416
0.724921703338623
0.47839751839637756
0.724921703338623
0.47839751839637756
0.3369986116886139
0.5192846059799194
0.6845834851264954
0.5192846059799194
0.6845834851264954
0.28697669506073
0.6583817005157471
0.4097003638744354
0.6716076135635376
0.48467621207237244
0.6716076135635376
0.48467621207237244
0.48673200607299805
0.4621628224849701
0.26188957691192627
0.5094756484031677
0.4023951590061188
0.2992744743824005
0.447854608297348
0.27516791224479675
0.6666502952575684
0.4244235157966614
0.6666502952575684
0.4244235157966614
0.6543680429458618
0.5210937857627869
0.6543680429458618
0.5210937857627869
0.38045644760131836
0.4952045679092407
0.38045644760131836
0.4952045679092407
0.537297785282135
0.6379627585411072
0.537297785282135
0.6379627585411072
0.5750842094421387
0.3217983841896057
0.3773109018802643
0.4139593541622162
0.3697189390659332
0.2907406985759735
0.2924310863018036
0.36418232321739197
0.4205094575881958
0.36418232321739197
0.4205094575881958
0.33274149894714355
0.6295897960662842
0.6826213598251343
0.33274149894714355
0.6295897960662842
0.6826213598251343
0.33274149894714355
0.6295897960662842
0.6826213598251343
0.28618425130844116
0.34814104437828064
0.6296622157096863
0.3037665784358978
0.6795557737350464
0.3419839143753052
0.669241726398468
0.44306305050849915
0.4197314381599426
0.669241726398468
0.44306305050849915
0.4197314381599426
0.669241726398468
0.44306305050849915
0.4197314381599426
0.6489839553833008
0.3164840042591095
0.6489839553833008
0.3164840042591095
0.5453062653541565
0.29987046122550964
0.5453062653541565
0.29987046122550964
0.6648191809654236
0.49554672837257385
0.49737921357154846
0.2699548006057739
0.38488930463790894
0.39283478260040283
0.37775784730911255
0.3789406716823578
0.3664037883281708
0.45540034770965576
0.5039076209068298
0.6474689245223999
0.7007057666778564
0.3933500647544861
0.39163416624069214
0.3161558508872986
0.31182947754859924
0.6807265877723694
0.39163416624069214
0.3161558508872986
0.31182947754859924
0.6807265877723694
0.39163416624069214
0.3161558508872986
0.31182947754859924
0.6807265877723694
0.39163416624069214
0.3161558508872986
0.31182947754859924
0.6807265877723694
0.6095596551895142
0.4053664207458496
0.511407732963562
0.6073223352432251
0.511407732963562
0.6073223352432251
0.375683069229126
0.35606667399406433
0.6118637919425964
0.43802231550216675
0.4098968505859375
0.5754121541976929
0.363727867603302
0.3203689455986023
0.32584482431411743
0.35408931970596313
0.6122486591339111
0.3247864544391632
0.7065839171409607
0.675428569316864
0.3247864544391632
0.7065839171409607
0.675428569316864
0.3247864544391632
0.7065839171409607
0.675428569316864
0.29284122586250305
0.5809323191642761
0.6988194584846497
0.6226460337638855
0.4807521104812622
0.6111277341842651
0.638785719871521
0.4807521104812622
0.6111277341842651
0.638785719871521
0.4807521104812622
0.6111277341842651
0.638785719871521
0.37731242179870605
0.6257175803184509
0.5313069820404053
0.39267271757125854
0.3804491460323334
0.5553483963012695
0.6749757528305054
0.47623205184936523
0.44483935832977295
0.47623205184936523
0.44483935832977295
0.341659277677536
0.6950579285621643
0.496457040309906
0.6950579285621643
0.496457040309906
0.3871801793575287
0.5488966703414917
0.5541175007820129
0.5488966703414917
0.5541175007820129
0.31957462430000305
0.424854040145874
0.6212972402572632
0.4757985770702362
0.5374261140823364
0.6036161184310913
0.4757985770702362
0.5374261140823364
0.6036161184310913
0.3252197504043579
0.41906723380088806
0.6940144300460815
0.6056756377220154
0.3360688090324402
0.5035141706466675
0.5489479899406433
0.6921080946922302
0.5105336904525757
0.43645232915878296
0.5912663340568542
0.4646121859550476
0.3143402636051178
0.6458607316017151
0.3143402636051178
0.6458607316017151
0.40900903940200806
0.5318962335586548
0.40900903940200806
0.5318962335586548
0.39480164647102356
0.40760937333106995
0.39480164647102356
0.40760937333106995
0.3035052716732025
0.30781427025794983
0.36780157685279846
0.42678987979888916
0.36780157685279846
0.42678987979888916
0.6265464425086975
0.5915153622627258
0.3959384858608246
0.34365159273147583
0.3959384858608246
0.34365159273147583
0.6709360480308533
0.6258779764175415
0.5792710185050964
0.3596079647541046
0.3330615162849426
0.4982185363769531
0.4656384587287903
0.5791464447975159
0.5986590385437012
0.374864786863327
0.2911381721496582
0.3365016579627991
0.31834933161735535
0.2985461950302124
0.3365016579627991
0.31834933161735535
0.2985461950302124
0.5909347534179688
0.30778956413269043
0.5909347534179688
0.30778956413269043
0.6931310892105103
0.3833145797252655
0.32741978764533997
0.5168977379798889
0.33886367082595825
0.3188602030277252
0.3273814618587494
0.6157479286193848
0.3273814618587494
0.6157479286193848
0.29599401354789734
0.37500691413879395
0.31982922554016113
0.427685409784317
0.33711254596710205
0.28912854194641113
0.6739539504051208
0.45197728276252747
0.4198468029499054
0.414903461933136
0.23777751624584198
0.6651713252067566
0.3742006719112396
0.5257891416549683
0.6263303756713867
0.5900919437408447
0.5257891416549683
0.6263303756713867
0.5900919437408447
0.5257891416549683
0.6263303756713867
0.5900919437408447
0.40657421946525574
0.37708988785743713
0.6028793454170227
0.5688605904579163
0.4458368122577667
0.5092303156852722
0.6814749836921692
0.34858986735343933
0.3965689241886139
0.29660770297050476
0.3067465126514435
0.378470778465271
0.39324185252189636
0.2540891170501709
0.5771114826202393
0.6125895977020264
0.28133195638656616
0.3617236316204071
0.5483065843582153
0.30000704526901245
0.5848731994628906
0.3617236316204071
0.5483065843582153
0.30000704526901245
0.5848731994628906
0.3617236316204071
0.5483065843582153
0.30000704526901245
0.5848731994628906
0.500872015953064
0.3886057436466217
0.4450151026248932
0.47116172313690186
0.4227425754070282
0.3732413947582245
0.3945731222629547
0.3270604908466339
0.5695717334747314
0.24360783398151398
0.45738184452056885
0.272029310464859
0.6210576891899109
0.6632933020591736
0.36186590790748596
0.6632933020591736
0.36186590790748596
0.6597336530685425
0.6316669583320618
0.6597336530685425
0.6316669583320618
0.2937067449092865
0.4176281690597534
0.4829252362251282
0.7042984962463379
0.3737315535545349
0.5728828310966492
0.3261077105998993
0.4915318489074707
0.5078198313713074
0.5959777235984802
0.4262237846851349
0.3261077105998993
0.4915318489074707
0.5078198313713074
0.5959777235984802
0.4262237846851349
0.3261077105998993
0.4915318489074707
0.5078198313713074
0.5959777235984802
0.4262237846851349
0.3261077105998993
0.4915318489074707
0.5078198313713074
0.5959777235984802
0.4262237846851349
0.3261077105998993
0.4915318489074707
0.5078198313713074
0.5959777235984802
0.4262237846851349
0.41960662603378296
0.42763251066207886
0.5015208125114441
0.45283785462379456
0.6305869221687317
0.49475225806236267
0.3932560980319977
0.5833929777145386
0.5625413656234741
0.637138843536377
0.5240392088890076
0.5625413656234741
0.637138843536377
0.5240392088890076
0.5625413656234741
0.637138843536377
0.5240392088890076
0.383648544549942
0.30794504284858704
0.4947625398635864
0.6686352491378784
0.30794504284858704
0.4947625398635864
0.6686352491378784
0.37541714310646057
0.34711387753486633
0.37541714310646057
0.34711387753486633
0.4060393273830414
0.5023744702339172
0.6192155480384827
0.5023744702339172
0.6192155480384827
0.6018459796905518
0.38704025745391846
0.4347405731678009
0.2947801649570465
0.4515475332736969
0.4347405731678009
0.2947801649570465
0.4515475332736969
0.6972405314445496
0.6529442071914673
0.6972405314445496
0.6529442071914673
0.4012811481952667
0.6421217322349548
0.40529611706733704
0.7207464575767517
0.34617552161216736
0.41841477155685425
0.3962353467941284
0.45647862553596497
0.40768513083457947
0.569618284702301
0.34793195128440857
0.6810567378997803
0.34793195128440857
0.6810567378997803
0.48214465379714966
0.44454777240753174
