Accession_number	Start	End	Predicted_score
O43182	181	196	0.3162570595741272
O43182	236	257	0.2713180184364319
O43304	216	232	0.2922776937484741
O43304	656	676	0.3364456295967102
O43827	110	133	0.3931105136871338
O75678	77	160	0.6337117552757263
O75678	345	366	0.2739829421043396
P0C875	208	234	0.31976574659347534
P58005	6	44	0.3172457814216614
Q05329	44	91	0.4270932972431183
Q14585	0	65	0.29699936509132385
Q14585	76	487	0.696746826171875
Q15818	27	80	0.30945801734924316
Q16394	87	104	0.39258307218551636
Q53EZ4	440	463	0.5816090106964111
Q7Z7K2	148	321	0.5963684916496277
Q7Z7K2	349	392	0.5318067669868469
Q7Z7K2	426	563	0.45078179240226746
Q8IXZ3	330	433	0.47364184260368347
Q8NAF0	211	244	0.34379222989082336
Q8NAF0	267	320	0.3945877254009247
Q8NAF0	381	468	0.40633800625801086
Q9BRZ2	1	232	0.5797904133796692
Q9BRZ2	342	369	0.46485769748687744
Q9BRZ2	485	529	0.39527958631515503
Q9UL59	212	603	0.676284670829773
O43915	107	343	0.5931585431098938
Q15723	298	336	0.24961639940738678
Q15723	460	485	0.38601458072662354
Q5EBM0	30	54	0.28788241744041443
Q5EBM0	178	221	0.37414923310279846
Q5I0X7	34	60	0.3979978859424591
Q5TC79	385	458	0.4134330451488495
Q8N823	67	124	0.39765504002571106
Q8N823	228	703	0.6844231486320496
Q8WTW3	622	642	0.3775504231452942
Q92918	803	821	0.37309157848358154
Q96C00	384	463	0.37647971510887146
Q96LP6	11	121	0.4982372224330902
Q96QE4	515	554	0.5064165592193604
Q96QE4	734	762	0.430183082818985
Q9NZV7	325	412	0.5632328987121582
Q9NZV7	442	526	0.6086068153381348
Q9UK11	87	118	0.2739402949810028
Q9UK11	143	481	0.6133306622505188
Q9Y297	1	136	0.40265294909477234
A6NC57	400	444	0.36923301219940186
O00451	145	359	0.7191298007965088
O14545	0	142	0.5272963643074036
O14545	239	304	0.3647567629814148
O75969	0	26	0.3428086042404175
O75969	106	121	0.32525673508644104
O75969	141	186	0.2994104325771332
P0DH78	15	87	0.5445250272750854
P24278	327	414	0.5012704133987427
P25445	40	191	0.5643232464790344
Q13114	137	266	0.5670424103736877
Q13118	372	462	0.48779550194740295
Q15849	77	96	0.32335352897644043
Q2TV78	42	250	0.6050627827644348
Q2TV78	289	318	0.5644618272781372
Q2TV78	461	481	0.3431996703147888
Q659A1	358	397	0.34946614503860474
Q7Z4F1	312	430	0.7436827421188354
Q8TC92	59	143	0.5797552466392517
Q96NJ3	173	202	0.2925439476966858
Q96NJ3	222	587	0.6279065012931824
Q9BY79	419	474	0.5895706415176392
A5YM72	217	266	0.416898250579834
A5YM72	524	547	0.3609125018119812
A5YM72	783	802	0.32210713624954224
O14512	367	387	0.30586451292037964
O75078	140	212	0.6622289419174194
O75078	420	592	0.698228120803833
O75078	656	715	0.7340311408042908
P17081	185	204	0.32859745621681213
P55285	577	603	0.5270853042602539
Q03426	318	395	0.6140120029449463
Q5H8A4	602	629	0.4387439489364624
Q86YH2	290	485	0.615116536617279
Q8N4C7	276	293	0.442178338766098
Q8TEB1	130	147	0.4402375817298889
Q96A70	428	456	0.49990931153297424
Q9BV97	173	285	0.5942678451538086
Q9BV97	313	329	0.33331501483917236
Q9UJJ9	125	155	0.47100672125816345
Q9Y2H8	131	270	0.45672518014907837
Q9Y2H8	397	682	0.6562173962593079
Q9Y5Y6	449	624	0.6693137288093567
A6NCL7	257	307	0.3722885847091675
A6NCL7	318	343	0.5080424547195435
P36269	36	54	0.5010685324668884
P78386	3	126	0.43018263578414917
Q15366	217	238	0.39314043521881104
Q6PK81	183	440	0.6814871430397034
Q6ZVN8	21	48	0.5690712928771973
Q6ZVN8	143	169	0.6221609711647034
Q7RTV3	13	28	0.25483232736587524
Q7RTV3	157	253	0.5538928508758545
Q8IZ73	414	430	0.25520044565200806
Q8IZ73	487	508	0.4441479742527008
Q8N7R7	115	133	0.32782238721847534
Q8NEC7	351	366	0.2983687222003937
Q8NEC7	573	627	0.487443208694458
Q8WUF8	345	397	0.3701591193675995
Q9H5I1	0	25	0.4363909959793091
Q9H5I1	375	409	0.5709292888641357
Q9HA64	0	16	0.3133292496204376
Q9Y5H2	775	811	0.34462472796440125
A0ABB0MV19	554	581	0.40785884857177734
A0ABB0MV19	593	611	0.3890681564807892
O43155	23	44	0.271392285823822
O43155	621	652	0.5902158617973328
P02748	34	192	0.49287572503089905
P02748	240	262	0.3823487460613251
P20774	58	117	0.41750675439834595
Q06730	157	183	0.41880175471305847
Q06730	212	778	0.6593241691589355
Q06732	163	188	0.29137006402015686
Q06732	205	777	0.6714428663253784
Q0VG06	151	166	0.2957029938697815
Q0VG06	183	217	0.4882547855377197
Q0VG06	338	455	0.6074094772338867
Q0VGE8	157	176	0.3412971794605255
Q0VGE8	191	650	0.6782030463218689
Q13115	142	195	0.460576593875885
Q2QGD7	176	449	0.6481258869171143
Q5W0U4	21	60	0.4503515660762787
Q6S9Z5	83	128	0.5379008650779724
Q6S9Z5	210	257	0.5477798581123352
Q8IVF1	61	152	0.5379681587219238
Q8IXI1	534	575	0.3824286460876465
Q8NHL6	146	183	0.5748099684715271
Q9BRP4	0	46	0.46627670526504517
Q9H6E5	538	585	0.524448812007904
Q9H6E5	595	618	0.2844164967536926
Q9UBS8	258	277	0.3209497928619385
Q9UBS8	391	470	0.5706343054771423
O15079	452	469	0.347663015127182
O75528	0	17	0.3023529052734375
Q5VW22	94	115	0.3575434684753418
Q7Z6R9	116	147	0.46512994170188904
Q7Z6R9	178	222	0.7823188900947571
Q8N9Z9	52	91	0.30478766560554504
Q9NQ32	233	304	0.5893212556838989
A0A1B0GTH6	149	175	0.3953922688961029
A6NI61	201	220	0.3668743073940277
O00548	182	527	0.7253383994102478
O15537	26	86	0.5117195844650269
P01871	0	28	0.5053706169128418
P57682	259	344	0.4767167866230011
Q14584	80	547	0.6795010566711426
Q15910	69	94	0.270110547542572
Q15910	491	614	0.6765828132629395
Q2KHN1	6	168	0.5908668041229248
Q68CJ9	134	235	0.5116982460021973
Q6ZVT6	72	109	0.27847298979759216
Q86UE6	21	48	0.3415352404117584
Q86UE6	501	521	0.4435339868068695
Q96EX2	362	388	0.44222357869148254
Q96GW7	642	711	0.574776828289032
Q9BUA6	42	96	0.5070586800575256
Q09327	159	176	0.3612481653690338
Q15813	129	158	0.5285958051681519
Q4G163	625	684	0.48852530121803284
Q5D0E6	261	282	0.4683457314968109
Q5W111	0	18	0.48603492975234985
Q96BZ4	85	110	0.27428653836250305
Q96BZ4	488	505	0.3618769645690918
Q96T88	285	382	0.6065165400505066
Q96T88	400	420	0.4750519394874573
Q96T88	728	776	0.3900342881679535
Q9P244	25	44	0.3202807903289795
Q9ULH4	0	21	0.5065807700157166
A6NCL1	0	30	0.34710076451301575
A6NCL1	271	304	0.3562886416912079
O15244	45	125	0.3756348490715027
O75326	479	537	0.6853446364402771
O75460	329	346	0.38078171014785767
P07204	22	38	0.3138379752635956
P07204	171	477	0.71014803647995
P0CH99	122	299	0.6514022946357727
P51888	66	96	0.38626357913017273
Q13822	46	162	0.704835832118988
Q14314	27	63	0.3190392851829529
Q14314	87	105	0.33103543519973755
Q14314	180	202	0.4031737148761749
Q6ZN32	203	245	0.5007928609848022
Q6ZN32	281	308	0.3546409010887146
Q8NFP7	4	20	0.3360004425048828
Q8TBP0	33	67	0.24088014662265778
Q8TBP0	362	384	0.2430458962917328
Q8TBP0	697	725	0.48354431986808777
Q9BR61	254	275	0.3381214737892151
Q9HBH9	358	402	0.3337462544441223
Q9UL17	328	357	0.592149019241333
P16471	593	620	0.35267239809036255
Q00532	297	355	0.4036143124103546
Q03923	90	589	0.6663193106651306
Q13888	267	394	0.6705331802368164
Q3YBR2	171	186	0.29158276319503784
Q3YBR2	317	342	0.39929816126823425
Q60I27	566	656	0.5785551071166992
Q8N8U9	6	62	0.4071146845817566
Q8N8U9	527	684	0.5527461171150208
Q8TEA1	394	424	0.3532300889492035
Q8WYQ5	72	111	0.4372714161872864
Q8WYQ5	143	164	0.6266970634460449
Q96P44	404	445	0.37387990951538086
Q96P44	791	817	0.27881526947021484
Q9BZR9	0	191	0.5577096343040466
Q9BZR9	461	488	0.452492356300354
Q9HCL3	163	532	0.5844131708145142
Q9NSD7	189	211	0.4512253701686859
A8MT70	414	437	0.3352687954902649
A8MT70	576	612	0.2466740608215332
O43187	458	509	0.5177052617073059
O43307	71	101	0.43638163805007935
O75820	135	625	0.6668434739112854
P0C7V9	0	29	0.48041781783103943
P11926	428	460	0.40756163001060486
Q53RY4	188	235	0.30996862053871155
Q63HN1	70	117	0.5153025984764099
Q6NSW7	213	300	0.42768168449401855
Q7RTS6	428	460	0.36123141646385193
Q8NB50	136	347	0.7118440866470337
Q8NB50	358	876	0.6964830756187439
Q93084	326	353	0.4752976894378662
Q93084	655	678	0.3410849869251251
Q96CX6	324	341	0.3290320336818695
Q9BXK1	128	207	0.5339773893356323
Q9BY15	17	109	0.6334561705589294
Q9BY15	188	208	0.307453989982605
Q9P0L9	59	87	0.28647664189338684
Q9UNQ0	585	620	0.3682934641838074
O14867	130	181	0.4582314193248749
O14867	456	476	0.4010079503059387
P05160	114	182	0.5718085765838623
P05160	507	525	0.4508361220359802
P14210	109	453	0.6532328724861145
P31267	137	162	0.3217419683933258
P35030	47	86	0.34539705514907837
P43694	203	310	0.578612208366394
Q15057	698	713	0.36471080780029297
Q3SXZ3	89	476	0.6485444903373718
Q7Z2T5	120	144	0.29192230105400085
Q7Z2T5	154	251	0.3931388854980469
Q86YR6	23	124	0.46250787377357483
Q8NCT3	191	234	0.31544142961502075
Q8WTQ7	533	550	0.3557828366756439
Q96EY4	149	180	0.3206292688846588
O76015	30	122	0.4362795948982239
O76015	407	455	0.39009883999824524
O94889	224	277	0.5508472323417664
P08571	22	41	0.3201100528240204
P08571	311	334	0.2842479646205902
P35789	106	618	0.6672093868255615
P38567	429	470	0.424334317445755
Q6ZS27	13	89	0.2667018175125122
Q6ZS27	197	425	0.6571035981178284
Q8NE63	374	394	0.3754025399684906
Q96HD1	128	352	0.7175289392471313
Q9BU40	27	192	0.5928113460540771
Q9BV87	255	364	0.5361959338188171
Q9H9S0	213	300	0.423981249332428
Q9HC78	66	94	0.3717036247253418
Q9HC78	233	258	0.504713773727417
Q9NSK0	432	500	0.33314836025238037
Q9NYL9	145	186	0.4222896993160248
Q9UET6	207	245	0.42143771052360535
A2RUB1	23	70	0.4873412847518921
A2RUB1	254	339	0.517045795917511
A2RUB1	735	754	0.3137439787387848
O00161	69	95	0.4319832921028137
O15194	33	62	0.41822269558906555
O60381	180	208	0.47842124104499817
P02787	678	697	0.4250747859477997
P26599	10	33	0.4846908748149872
P54764	233	339	0.6614905595779419
P85299	215	239	0.30944642424583435
Q13214	513	597	0.46050575375556946
Q15928	101	473	0.6171408295631409
Q56VL3	114	145	0.4580240547657013
Q5JR12	105	138	0.3937436044216156
Q8IWU6	430	516	0.4888777732849121
Q8IWU6	734	765	0.42194613814353943
Q8IWU6	834	853	0.259899377822876
Q8N302	515	554	0.39866018295288086
Q96K80	37	170	0.5373280048370361
Q9NS68	19	160	0.6065409183502197
Q9NS68	209	269	0.61568683385849
C9JH25	646	672	0.3729477524757385
C9JH25	684	703	0.4942644536495209
C9JH25	713	744	0.48998451232910156
O95436	296	334	0.38317689299583435
O95436	618	649	0.5753688216209412
P0CI00	119	299	0.6431386470794678
Q13077	19	65	0.42251262068748474
Q13077	103	184	0.29928499460220337
Q30KQ8	33	102	0.5713971853256226
Q5TB30	351	393	0.48293691873550415
Q5TB30	561	587	0.3055572807788849
Q5VUG0	490	511	0.2965676784515381
Q5VUG0	625	671	0.5161964297294617
Q6S8J7	16	54	0.39488133788108826
Q86UZ6	420	500	0.56021648645401
Q86VK4	211	226	0.2691831886768341
Q86VK4	266	357	0.6495848298072815
Q8N1L9	63	101	0.3861846327781677
Q96B67	316	345	0.3425856828689575
Q9BU19	23	38	0.2695889174938202
Q9BU19	57	120	0.4544316828250885
Q9BU19	320	465	0.543648898601532
Q9GZU7	32	82	0.37929046154022217
Q9HCM9	136	169	0.2717869281768799
Q9HCX3	49	68	0.259848415851593
Q9HCX3	112	641	0.7163405418395996
Q9UJW2	47	152	0.6572368144989014
H3BUK9	22	89	0.3791230618953705
O14901	6	53	0.37208062410354614
O14901	208	257	0.6076155304908752
O14901	351	481	0.6143010258674622
P22459	162	179	0.3689701557159424
P35913	0	58	0.4316020905971527
Q5JTJ3	2	49	0.3778025805950165
Q68DI1	140	159	0.31701216101646423
Q68DI1	175	517	0.6476730704307556
Q6UWB1	37	52	0.366813063621521
Q8N9V2	247	267	0.285003125667572
Q8N9V2	444	467	0.40211352705955505
Q8NEB7	360	407	0.5215064287185669
Q8NEB7	478	542	0.36491304636001587
Q969M2	250	288	0.4599152207374573
Q96JB3	504	614	0.5580292344093323
Q9H158	792	822	0.3900516629219055
O14544	327	362	0.40196648240089417
O14639	44	109	0.5763858556747437
O14639	179	342	0.693243145942688
O15541	191	318	0.6013857126235962
O94844	232	257	0.32558882236480713
P22692	131	148	0.4023488163948059
P82675	21	43	0.30842235684394836
P82675	62	86	0.37155410647392273
Q5JXM2	139	166	0.3548188805580139
Q75N03	128	193	0.6159318685531616
Q86YS6	189	211	0.44283536076545715
Q8TC27	329	541	0.689310610294342
Q8TC27	590	662	0.6262762546539307
Q8WYP3	227	283	0.5460115075111389
Q8WYQ9	108	131	0.351876825094223
Q8WYQ9	778	818	0.4690399169921875
Q9H013	160	191	0.28334352374076843
Q9H013	335	681	0.7462011575698853
Q9H093	336	351	0.2859615683555603
Q9H093	598	627	0.45853209495544434
Q9HBT6	585	610	0.48326146602630615
Q9NQX0	161	252	0.497540146112442
Q9NQX0	385	416	0.2681661546230316
Q9NQX0	484	582	0.6172654628753662
A4D2B8	1	29	0.28902938961982727
A4D2B8	369	404	0.39125263690948486
P02790	425	461	0.39360511302948
P16871	273	327	0.34051230549812317
P26010	469	680	0.6745953559875488
P51784	20	47	0.3372095227241516
P98168	285	584	0.6513335108757019
Q14168	320	344	0.33938857913017273
Q147U1	169	297	0.6498391628265381
Q147U1	380	532	0.6479840278625488
Q5T7W0	148	222	0.5269197821617126
Q5T7W0	245	280	0.41798824071884155
Q8N4L1	361	384	0.4689357280731201
Q9BWF3	140	195	0.5609478950500488
Q9H9P5	27	160	0.6516453623771667
Q9H9P5	184	324	0.5279116034507751
Q9NYJ7	170	255	0.531035840511322
Q9NYJ7	265	468	0.7075262665748596
Q9NZC4	152	182	0.4810643792152405
Q9UBN6	88	175	0.6070210933685303
Q9UHC7	52	113	0.58833909034729
Q9UHC7	205	343	0.560883104801178
Q9UKT9	97	272	0.5514434576034546
O15156	143	167	0.29119059443473816
O15156	341	465	0.5705729722976685
O15287	336	352	0.4449872374534607
P18433	228	273	0.2830738425254822
Q01954	30	71	0.4324270486831665
Q01954	198	213	0.3739572763442993
Q01954	349	408	0.4769391119480133
Q01954	661	778	0.4726158678531647
Q01954	899	975	0.5398016571998596
Q13772	173	222	0.33521297574043274
Q13772	320	435	0.5456353425979614
Q13772	575	591	0.289458692073822
Q50LG9	342	361	0.3321903347969055
Q5JVG2	167	811	0.691126823425293
Q6ZN11	112	399	0.6127967238426208
Q7RTS3	44	70	0.35051101446151733
Q8IXQ8	243	263	0.32886040210723877
Q8N8U3	370	394	0.31035616993904114
Q8N8U3	426	471	0.40843865275382996
Q8NHY6	377	832	0.6450339555740356
Q8TB24	37	52	0.2642722725868225
Q8TB24	205	246	0.5061919689178467
Q92800	284	364	0.5624626874923706
Q92800	495	612	0.651772677898407
Q96NS1	8	44	0.45788466930389404
Q9C040	28	167	0.5254228711128235
Q9H1B5	161	223	0.5070529580116272
Q9H1B5	804	830	0.3086320161819458
Q9NRS4	64	106	0.4335639476776123
Q9P104	11	43	0.33227935433387756
Q15466	20	56	0.39530861377716064
Q7RTM1	461	479	0.392465204000473
Q86V20	57	93	0.5068622827529907
Q86V20	122	235	0.5746760964393616
Q86V20	349	397	0.48616182804107666
Q8IXZ2	650	800	0.6391821503639221
Q8NEG5	136	280	0.5186078548431396
Q8NEG5	444	556	0.48867544531822205
Q8NEG5	567	616	0.36374935507774353
Q8TC21	180	500	0.6741167306900024
Q96QE2	421	488	0.6137226223945618
Q9BZL4	279	310	0.310981810092926
Q9NPF2	39	68	0.43351036310195923
Q9NPF2	79	105	0.3133411109447479
Q9UM63	0	172	0.530758798122406
Q9UM63	184	219	0.3353400230407715
A0AUZ9	94	112	0.279988557100296
A0AUZ9	130	227	0.40681028366088867
A0AUZ9	269	301	0.2792752981185913
P09544	29	56	0.392839640378952
P50747	101	131	0.5079589486122131
Q02241	19	37	0.29702284932136536
Q02241	438	463	0.25397127866744995
Q02241	763	799	0.3806551694869995
Q6ZNH5	100	493	0.668921947479248
Q6ZWE6	57	128	0.3489319980144501
Q6ZWE6	507	539	0.5610905885696411
Q96EH3	32	60	0.34167763590812683
Q96HQ0	95	130	0.3493082821369171
Q96HQ0	193	507	0.6512957811355591
Q96LC7	386	491	0.4874064028263092
Q9BWW7	202	327	0.5847761034965515
Q9UMQ6	61	95	0.31317299604415894
O00622	18	172	0.667649507522583
O00622	184	375	0.6071229577064514
P04003	281	310	0.3945235013961792
P04003	323	455	0.6690396666526794
P04003	467	581	0.5753138065338135
P13224	27	46	0.3651987314224243
Q15650	148	251	0.5518386960029602
Q15650	545	563	0.39321601390838623
Q6ZMY9	86	102	0.27376940846443176
Q6ZMY9	171	338	0.6775517463684082
Q6ZMY9	366	478	0.6197200417518616
Q7L0R7	336	383	0.2859920263290405
Q86TJ5	82	107	0.322367399930954
Q86TJ5	228	537	0.6328345537185669
Q86WR6	138	180	0.34884023666381836
Q8IVW1	96	118	0.4269951581954956
Q8IZC4	77	100	0.35145169496536255
Q8N3C7	680	704	0.3702296316623688
A6NEQ0	418	460	0.5177874565124512
P17031	150	322	0.6680320501327515
P17031	353	532	0.6367108821868896
Q09019	117	157	0.46137532591819763
Q155Q3	147	200	0.3594543933868408
Q5RL73	161	217	0.5228127241134644
Q70EL2	170	189	0.37548965215682983
Q7Z6M1	339	371	0.43909189105033875
Q8N8Z8	64	692	0.6496716141700745
Q8NHS4	138	173	0.33772459626197815
Q92870	391	430	0.40734240412712097
Q92870	553	574	0.2931170165538788
Q96EG3	261	523	0.586381733417511
Q96JF6	114	735	0.6389043927192688
Q96JF6	752	795	0.44636470079421997
Q96KR6	35	53	0.31536048650741577
Q9H4D5	216	241	0.3594229817390442
Q9UHK0	162	215	0.47453370690345764
A8MUZ8	117	299	0.6432469487190247
O94769	60	172	0.6010290384292603
O94769	315	345	0.3541886508464813
O95631	251	489	0.6126689910888672
P17032	91	115	0.3897603452205658
P17032	169	553	0.6415209770202637
Q2L4Q9	529	552	0.3091380000114441
Q6UW56	3	35	0.4012371897697449
Q6ZNE9	509	570	0.5621921420097351
Q7Z3V5	72	317	0.581108570098877
Q7Z3V5	468	608	0.5668683052062988
Q86T24	405	433	0.46129462122917175
Q8N554	173	190	0.328133225440979
Q8N554	422	476	0.41362670063972473
Q8N554	503	577	0.5024557113647461
Q8NC60	140	181	0.34376993775367737
Q8TCV5	34	138	0.624473512172699
Q96JP5	308	467	0.388210654258728
Q96JP5	491	541	0.5663983225822449
Q9NS98	96	113	0.36793994903564453
Q9NS98	160	179	0.46349188685417175
Q9NS98	521	587	0.5733882784843445
Q9NS98	724	764	0.45601266622543335
A8MVM7	557	584	0.3046174943447113
P21128	9	154	0.5574461817741394
Q14940	562	581	0.3988107442855835
Q14940	597	652	0.4421268701553345
Q16828	143	169	0.30875974893569946
Q8N7R0	140	227	0.48595333099365234
Q92551	20	101	0.3872906565666199
Q9BYE2	192	224	0.3536774516105652
Q9BYG4	101	130	0.3177228569984436
Q9HBL6	11	52	0.35849058628082275
B7Z6K7	48	169	0.46165332198143005
B7Z6K7	199	854	0.6854006052017212
O00217	98	209	0.3972705602645874
O00327	221	314	0.4330291450023651
O75529	2	72	0.2770608365535736
O75529	314	335	0.5091622471809387
P01225	0	27	0.40454936027526855
P23497	668	717	0.3160892128944397
P40126	10	129	0.5905309915542603
Q13608	138	160	0.2752889394760132
Q13608	648	671	0.5244917869567871
Q3SYG4	813	831	0.4372444450855255
Q8N635	344	367	0.42199304699897766
Q93015	63	95	0.3925432562828064
Q9H2F5	517	553	0.27860692143440247
Q9NUP7	9	94	0.3894835114479065
Q9UL40	62	264	0.3833291530609131
A0A1B0GTH9	0	42	0.3357642590999603
A0A7P0TAN4	199	640	0.6714650988578796
O00337	614	648	0.5758987069129944
O60260	314	464	0.583418071269989
P21754	292	335	0.5783118009567261
P28799	12	182	0.6804010272026062
P28799	203	340	0.636397123336792
P28799	437	584	0.6078504920005798
P35414	312	332	0.4247245788574219
Q06587	8	109	0.5096141695976257
Q495A1	214	243	0.541475236415863
Q6B0I6	1	21	0.31338292360305786
Q6GPH4	0	187	0.5914657711982727
Q6ZMV8	110	383	0.6371788382530212
Q6ZMV8	397	502	0.5852177143096924
Q92520	44	70	0.3799561858177185
Q96AX2	203	222	0.29763975739479065
Q96H40	111	180	0.5584952235221863
Q96H40	199	462	0.6458383798599243
Q96MC4	0	32	0.40299323201179504
Q96RS6	380	426	0.32124727964401245
Q9NTN9	89	117	0.47112372517585754
Q9NTN9	513	581	0.4117136299610138
Q9Y2G0	0	17	0.42149224877357483
Q9Y2G0	801	816	0.2879848778247833
Q9Y473	237	457	0.6314270496368408
A0A1W2PPM1	92	127	0.32346630096435547
A0A1W2PPM1	262	323	0.567434549331665
A6NI47	86	124	0.3459944427013397
C9JN71	102	530	0.6443476676940918
O14836	29	114	0.6605521440505981
O60296	634	688	0.6592587232589722
P0DPK3	19	269	0.7145305275917053
P33402	123	149	0.3567984402179718
Q13398	198	563	0.6487458348274231
Q13474	635	667	0.5420665144920349
Q14393	47	285	0.6699813008308411
Q5T5J6	543	568	0.27376532554626465
Q6UX06	82	104	0.29117316007614136
Q8N4W9	228	902	0.6923742890357971
Q8NAT2	727	762	0.49311545491218567
Q96LW9	149	177	0.25236988067626953
Q96LW9	239	404	0.5519037842750549
Q9H0D6	251	294	0.4916975796222687
Q9HCJ3	612	687	0.3712957203388214
Q9UBJ2	55	85	0.31361091136932373
A0A0A6YYL3	22	89	0.3791230618953705
O15146	99	123	0.43277499079704285
O95376	124	141	0.2852075695991516
O95376	233	348	0.6668714880943298
O95388	39	264	0.6539996266365051
P02765	128	155	0.5971333384513855
P13497	304	337	0.4093593657016754
P13497	690	787	0.6697434186935425
P54753	262	351	0.4805179834365845
Q15166	33	49	0.35142478346824646
Q5T3J3	3	26	0.36698681116104126
Q5U651	409	473	0.4373747706413269
Q5U651	492	524	0.31611061096191406
Q6H8Q1	15	30	0.3578738570213318
Q6H8Q1	120	163	0.5899034738540649
Q6H8Q1	250	275	0.36248981952667236
Q6PDB4	105	142	0.2519836723804474
Q6PDB4	184	575	0.6674458384513855
Q6ZTR7	276	303	0.3996385633945465
Q8NCS7	186	209	0.4020681381225586
Q8NDW4	148	179	0.3601911664009094
Q8NDW4	216	239	0.3287839889526367
Q8NDW4	351	575	0.6320338249206543
Q8NFJ8	346	380	0.5119776725769043
Q9UGI8	7	57	0.42495018243789673
Q9UP79	116	133	0.6710156798362732
Q9UP79	421	604	0.6810802817344666
Q9UPM6	305	362	0.3081788420677185
Q9Y2Q1	54	82	0.2703401446342468
Q9Y2Q1	103	561	0.6110235452651978
A0A8I5KTY6	33	268	0.5977193117141724
O14763	82	181	0.6309607028961182
O15205	0	20	0.2759261727333069
O15355	5	45	0.3451686501502991
O15355	483	521	0.41043075919151306
Q02108	637	671	0.3352620303630829
Q05048	75	104	0.4471377432346344
Q17RS7	241	329	0.5501007437705994
Q17RS7	628	662	0.3295436501502991
Q17RS7	675	706	0.41965556144714355
Q6A163	6	84	0.539413332939148
Q6A163	415	490	0.3764803111553192
Q6FI81	237	306	0.4116740822792053
Q6NSI1	5	88	0.49435925483703613
Q8N587	131	159	0.3446854054927826
Q8N587	230	485	0.6603130102157593
Q96MU6	13	35	0.2870577275753021
Q96MU6	128	728	0.6601654291152954
Q9BWX5	162	280	0.6172574758529663
Q9NZL4	327	358	0.33279532194137573
Q9UBT6	576	662	0.4874686002731323
Q9UBT6	755	812	0.46358561515808105
Q9ULC8	225	265	0.44496792554855347
Q9Y2I2	299	508	0.6977822184562683
Q9Y2W3	357	386	0.42527762055397034
O95886	309	344	0.7251784801483154
O95886	452	517	0.43851059675216675
O95965	46	493	0.6886894106864929
P81408	278	361	0.582189679145813
P81408	506	540	0.36642149090766907
P82673	91	121	0.33088743686676025
Q01201	276	320	0.42602241039276123
Q08752	177	193	0.3076333999633789
Q15785	34	75	0.46440309286117554
Q6ZMZ0	118	175	0.4671337306499481
Q6ZN55	58	103	0.5359814167022705
Q6ZN55	121	156	0.44132372736930847
Q6ZN55	202	234	0.43998363614082336
Q6ZN55	303	411	0.6596295237541199
Q6ZN55	463	680	0.5296050310134888
Q6ZN55	739	842	0.5364291667938232
Q86Y25	202	378	0.6408848762512207
Q86Y25	405	525	0.5919620394706726
Q8NF37	495	522	0.28088873624801636
Q8TD10	67	118	0.369692325592041
Q96GZ6	445	477	0.35400617122650146
Q9BZR6	23	52	0.3379746079444885
Q9BZR6	291	315	0.45288005471229553
Q9H609	27	84	0.3055737614631653
Q9H609	108	169	0.514508843421936
O00341	480	524	0.47303688526153564
O14649	311	333	0.3371486961841583
O43824	88	115	0.3733949065208435
P10074	289	584	0.6267256140708923
P17014	103	203	0.5410441756248474
P17014	257	445	0.6705516576766968
P17014	458	473	0.2895258665084839
P17014	485	612	0.7066240906715393
P17014	624	696	0.45276954770088196
P55822	9	45	0.40963566303253174
Q08AE8	601	635	0.5210128426551819
Q08AE8	687	729	0.2889608144760132
Q7RTT9	495	529	0.5070685148239136
Q8NBP7	51	72	0.26553672552108765
Q8NBP7	467	691	0.5875105261802673
Q8TBC5	408	464	0.3506237864494324
Q96LX7	10	32	0.38849982619285583
Q96Q27	504	520	0.35169342160224915
Q99941	637	657	0.3433060646057129
Q9H511	585	618	0.366163969039917
Q9NS73	170	222	0.4686596989631653
Q9Y5F7	762	781	0.40856367349624634
A6NDE4	418	458	0.49535226821899414
O43309	263	606	0.6512553691864014
P00747	140	357	0.5583618879318237
P32239	389	412	0.4710536599159241
P42892	92	117	0.434464693069458
P55809	18	36	0.3540636897087097
P55809	502	519	0.2721947133541107
P80370	17	287	0.6551753282546997
Q03403	25	128	0.6237019896507263
Q6P3R8	519	543	0.2714866101741791
Q6P3R8	610	647	0.3358570635318756
Q6UXH9	15	103	0.5658223032951355
Q7Z3F1	610	653	0.36579784750938416
Q8IWY8	641	848	0.6529334783554077
Q8N2W9	398	423	0.31443560123443604
Q8TCJ0	0	55	0.4207759499549866
Q96HU1	444	493	0.41713830828666687
Q96N77	241	346	0.5984528064727783
Q96N77	366	425	0.4965653121471405
Q9BQS2	129	147	0.31881797313690186
Q9H0R6	0	18	0.3578346371650696
Q9NWS1	408	470	0.4338298738002777
Q9UDY6	245	285	0.3794620931148529
Q9UHJ3	365	392	0.27237167954444885
Q9UHJ3	596	668	0.5246041417121887
Q9UHR6	0	68	0.5815909504890442
A6NHR8	180	231	0.4016817808151245
O43506	418	665	0.7531939744949341
P0CG32	259	274	0.4067307710647583
P0CG32	344	382	0.3309803903102875
P16389	20	35	0.31256434321403503
P36941	40	180	0.6309946179389954
P54278	203	225	0.4108472764492035
P54687	0	26	0.4013175964355469
Q8NI29	81	117	0.3158682584762573
Q9H9E1	66	115	0.3960978090763092
P09958	575	670	0.5966916084289551
P13639	559	619	0.4530028998851776
P16452	397	448	0.354046493768692
P55072	181	206	0.37883830070495605
Q13137	137	158	0.255430668592453
Q13137	392	445	0.5094528198242188
Q1X8D7	396	412	0.48496729135513306
Q1X8D7	567	588	0.3135840594768524
Q6UWF7	280	325	0.47168830037117004
Q8N1G4	426	482	0.4188676178455353
Q8N456	207	249	0.3371724784374237
Q8NAP8	180	208	0.34941962361335754
Q8NAP8	339	436	0.5946864485740662
Q8TAM2	14	41	0.34338629245758057
Q96AC1	401	428	0.3365415632724762
Q96NL3	247	587	0.6935686469078064
Q9BR26	472	527	0.37501195073127747
Q9BTN0	31	47	0.3558005392551422
Q9P107	491	524	0.6138284206390381
Q9Y215	296	314	0.3862144351005554
Q9Y215	347	454	0.6751264333724976
Q9Y6Q2	218	269	0.5750202536582947
Q07021	57	88	0.4200866222381592
Q7Z6M3	13	38	0.2814224362373352
Q7Z6M3	316	342	0.3109596073627472
Q86XS8	251	267	0.3982142508029938
Q86Y33	144	207	0.5133633613586426
Q8N9Y4	307	328	0.3809812068939209
Q8NB91	426	463	0.34766194224357605
Q8WY41	127	165	0.40748652815818787
Q92832	259	809	0.7348519563674927
Q96GX5	212	253	0.6396399140357971
Q96GX5	331	484	0.5210629105567932
Q9BTX7	302	341	0.4636773467063904
Q9HCU0	24	39	0.26857680082321167
Q9HCU0	154	344	0.7139506340026855
Q9UKD1	167	193	0.417934387922287
Q9UKD1	205	230	0.32907208800315857
Q9Y2N7	143	223	0.40661564469337463
O00292	239	261	0.3854188024997711
O14786	577	633	0.4939567744731903
O95263	104	120	0.2839263677597046
O95263	364	389	0.4234890639781952
P04070	84	193	0.7084069848060608
P20591	32	50	0.32969439029693604
P48060	9	25	0.33842265605926514
P48060	182	216	0.6201395392417908
Q14574	658	684	0.35384565591812134
Q5T7N3	744	770	0.38483935594558716
Q6P3X8	556	591	0.5225569009780884
Q8IWD4	85	157	0.43475833535194397
Q8TDF5	381	431	0.42222440242767334
Q8WXD0	37	139	0.64759761095047
Q96GX9	0	27	0.3587934970855713
Q96I82	36	172	0.6596240997314453
Q9H4F8	30	149	0.6076558828353882
Q9Y5G4	767	802	0.3363614082336426
O60688	2	36	0.42486611008644104
P78549	278	303	0.6026483774185181
Q15637	250	275	0.2840934991836548
Q53RE8	165	182	0.3901226818561554
Q5TA31	0	135	0.5178600549697876
Q5XUX1	424	443	0.5400773882865906
Q6NUN9	507	585	0.5657240152359009
Q6P1K8	267	394	0.6695737838745117
Q8IZE3	418	493	0.6187360286712646
Q8NAM6	303	421	0.536268413066864
Q8TC41	239	265	0.3931938707828522
Q8TC41	344	474	0.5339469909667969
Q8TE02	157	204	0.5850258469581604
Q8TF50	43	78	0.2664352059364319
Q8TF50	110	161	0.4388328194618225
Q8TF50	303	409	0.5367145538330078
Q8TF50	469	552	0.6108323335647583
Q8TF50	570	593	0.5132090449333191
Q8TF50	622	658	0.3510553240776062
Q92581	585	618	0.47890201210975647
Q969Q5	185	202	0.4544246792793274
Q9H4A4	61	92	0.41133156418800354
O95084	58	76	0.3496409058570862
P62745	179	195	0.3814128637313843
Q86UQ0	198	363	0.5731308460235596
Q8IXS0	146	169	0.41353127360343933
Q8IZ26	238	558	0.6821117997169495
Q8NEP9	90	627	0.6137580871582031
Q8TCN5	116	175	0.4694255292415619
Q8TCN5	245	320	0.38866016268730164
Q8TCN5	432	457	0.2995852530002594
Q8TCN5	629	719	0.6043450832366943
Q8TCN5	748	829	0.6049606204032898
Q8TCN5	896	939	0.38155728578567505
Q8TF66	17	46	0.3692080080509186
Q9BTD8	348	371	0.3179165720939636
Q9H2S5	72	156	0.561448335647583
Q9H2S5	273	293	0.6596840620040894
Q9NP71	238	262	0.3362369239330292
Q9Y4K3	137	262	0.6158576011657715
A6NFA0	28	57	0.32497385144233704
A6NK02	0	156	0.4764980971813202
Q86UD3	12	107	0.5293712615966797
Q8IXT1	194	262	0.4311431050300598
Q8IXT1	523	649	0.5054869651794434
Q8IXT1	659	688	0.2517664432525635
Q8IXT1	843	906	0.359872967004776
Q8IXT1	917	997	0.3850725591182709
Q8TD94	197	280	0.4233022630214691
Q92785	265	390	0.6083035469055176
Q96P64	94	116	0.32437169551849365
Q99259	24	76	0.3868919610977173
Q9BTT6	0	15	0.44970911741256714
Q9BTT6	410	462	0.38786569237709045
Q9H0F5	429	470	0.3738022446632385
Q9UJU3	187	891	0.6487032771110535
Q9Y4X4	315	399	0.49515655636787415
A2A3K4	36	72	0.4839380085468292
P21980	355	381	0.3362538516521454
P30307	25	60	0.46939191222190857
P30307	427	454	0.30742400884628296
P45844	382	404	0.32678908109664917
Q14520	65	212	0.6546674966812134
Q58G82	8	46	0.42706480622291565
Q5T0B9	219	410	0.6157578229904175
Q6ZTB9	0	186	0.6757502555847168
Q7L8L6	656	717	0.43968695402145386
Q7Z3I7	119	518	0.6305810809135437
Q86UN3	35	57	0.38833168148994446
Q8N474	161	196	0.4498234987258911
Q8NFZ3	725	747	0.34448930621147156
Q8TCC7	36	97	0.343799889087677
Q9BZ11	337	687	0.7035295963287354
Q9BZ11	705	737	0.40912100672721863
A6NGJ6	4	138	0.5492125153541565
P00738	138	158	0.4012344479560852
P18084	454	662	0.7330182790756226
Q16587	245	454	0.7094168066978455
Q16587	509	593	0.5129990577697754
Q494X3	114	136	0.32866838574409485
Q494X3	210	551	0.648810863494873
Q5VWI1	123	157	0.6023543477058411
Q6ZN44	254	269	0.45476946234703064
Q86UK7	169	197	0.4023400843143463
Q86V71	165	650	0.6642036437988281
Q8IUW3	356	417	0.4621461033821106
Q8NB42	212	608	0.6432294845581055
Q969Z4	34	126	0.503278374671936
Q96LW1	202	326	0.6156461834907532
Q96LW1	343	611	0.6828436851501465
Q96QV1	578	694	0.5983075499534607
Q9BUH8	117	195	0.4932706654071808
Q9NWS6	307	342	0.47606441378593445
A6NF34	421	591	0.6143804788589478
A6NJ88	0	23	0.43999946117401123
A6NJ88	132	171	0.3946055471897125
A6NJ88	476	497	0.27693653106689453
O75061	390	436	0.34722480177879333
O94991	265	296	0.3075600564479828
O94991	364	403	0.4396424889564514
P17027	153	637	0.6525823473930359
P23327	624	683	0.5503426194190979
P57052	92	107	0.4119483530521393
P78330	0	17	0.3479940891265869
Q5W186	110	158	0.44610345363616943
Q6P2D0	174	406	0.5938776731491089
Q8IUB2	28	214	0.606115996837616
Q8NA54	614	634	0.3861384987831116
Q8NCL4	74	105	0.37588170170783997
Q8NCL4	126	172	0.37597793340682983
Q8WUU4	231	278	0.49134311079978943
Q8WUU4	386	466	0.5238452553749084
Q96DZ1	194	225	0.544413149356842
Q96N20	139	290	0.5754157304763794
Q96T49	547	566	0.40151095390319824
Q9H4I2	67	141	0.6838846802711487
Q9H4I2	461	560	0.520240068435669
Q9NSJ1	66	143	0.508366048336029
Q9NSJ1	195	427	0.5652616024017334
Q9P2B2	150	168	0.30990779399871826
O14640	357	376	0.2734350264072418
O15266	59	96	0.2907275855541229
O95544	65	100	0.31702783703804016
P0C025	2	49	0.38444846868515015
Q13434	81	149	0.5518094897270203
Q13434	240	366	0.5161683559417725
Q14449	77	120	0.36958426237106323
Q15389	29	56	0.5055798888206482
Q6PI77	252	297	0.4007676839828491
Q7L0X0	23	50	0.45133668184280396
Q7L0X0	672	703	0.30849549174308777
Q7L0X0	790	810	0.2896771728992462
Q86WK6	15	54	0.4319225251674652
Q8N883	53	115	0.347018837928772
Q8N883	171	353	0.5450160503387451
Q8N883	366	572	0.5769555568695068
Q96D09	447	482	0.2999425530433655
Q96D09	571	592	0.3229195177555084
Q96L94	144	171	0.33056461811065674
Q96NL1	95	118	0.3633357286453247
A6NDD5	22	77	0.31566229462623596
O76083	204	240	0.3442961871623993
O95760	12	83	0.4284497797489166
P01111	170	188	0.3451527953147888
P17036	196	426	0.6816797256469727
P62955	213	228	0.34025272727012634
Q5JST6	375	416	0.3372258245944977
Q6DN72	381	415	0.39776110649108887
Q86SQ6	350	403	0.495056688785553
Q8NEA6	335	356	0.3826829791069031
Q8NEA6	430	493	0.36830970644950867
Q8NEA6	743	774	0.46072760224342346
Q92966	86	131	0.33149582147598267
Q9BX73	70	140	0.7050036191940308
Q9H2U2	282	326	0.42563506960868835
Q9NWH7	139	174	0.44166073203086853
Q9NWH7	287	328	0.3758184015750885
Q9ULX5	347	362	0.33417847752571106
Q9ULX5	390	414	0.31747063994407654
Q9Y2Y9	165	250	0.520307719707489
O43525	675	694	0.35098403692245483
P08253	327	352	0.5749960541725159
P0DJJ0	334	371	0.35271620750427246
P17029	372	562	0.6352004408836365
Q6P9F5	5	114	0.6218692064285278
Q86TJ2	121	148	0.46339690685272217
Q8TAM1	509	532	0.2705317437648773
Q96PM5	16	153	0.5364786386489868
Q96SQ5	47	68	0.4159204959869385
Q96SQ5	87	151	0.39798763394355774
Q96SQ5	213	571	0.6900274753570557
Q9BRR9	191	242	0.34819290041923523
Q9BRR9	516	535	0.2560440003871918
Q9NSN8	145	199	0.39649277925491333
Q9ULG6	615	647	0.42140060663223267
A2CJ06	220	302	0.4239092469215393
A6NLI5	6	136	0.526621401309967
O43900	22	62	0.5099979639053345
O95294	670	768	0.3845887780189514
Q14CB8	14	32	0.3544938266277313
Q14CB8	319	350	0.36468738317489624
Q15942	368	571	0.7056378126144409
Q16134	4	32	0.3640030026435852
Q16629	94	124	0.43811705708503723
Q8IYL2	490	512	0.4114503860473633
Q8IYL2	553	600	0.2806956470012665
Q8IYL2	715	746	0.3254851996898651
Q8NA31	552	615	0.5613643527030945
Q96KR4	127	173	0.6243582367897034
Q9NYY3	68	97	0.4125667214393616
Q9NYY3	344	368	0.40614429116249084
Q9NYY3	436	473	0.46707725524902344
Q9UL58	264	515	0.514428973197937
Q9UL62	924	968	0.3883424699306488
P26045	312	355	0.29564833641052246
P26045	473	502	0.4062979221343994
Q6ZN28	73	96	0.3281025290489197
Q6ZN28	209	232	0.41093897819519043
Q8IYX0	73	410	0.6391006708145142
Q8N4M1	155	190	0.40512698888778687
Q8NA42	168	474	0.6792373061180115
Q8NFT6	447	464	0.38656502962112427
Q8NFT6	532	552	0.2829221189022064
Q8NFT6	593	614	0.4930226504802704
Q96BT7	327	365	0.5752921104431152
Q9HBJ7	122	145	0.31457269191741943
Q9NR80	187	207	0.6201574206352234
Q9UHF1	28	176	0.5814636945724487
Q9UNX4	262	281	0.36486634612083435
A0A5F9ZHS7	104	165	0.4381072223186493
A0A5F9ZHS7	178	226	0.5509013533592224
A6NMN3	77	135	0.4785352051258087
O00110	70	187	0.5948206186294556
P0DJD3	418	459	0.5218408703804016
Q01081	48	66	0.3132762014865875
Q01081	134	188	0.45192569494247437
Q15361	863	904	0.4101090431213379
Q16576	89	108	0.5672842860221863
Q3SXY7	12	52	0.39064642786979675
Q3SXY7	652	668	0.37490546703338623
Q6PJI9	383	456	0.4398952126502991
Q6PJI9	481	524	0.3368748128414154
Q6PJI9	900	921	0.3658624291419983
Q6ZMY6	410	448	0.5371867418289185
Q92698	665	713	0.45983532071113586
Q96RN5	642	685	0.4883057475090027
Q9NPF0	52	162	0.567793071269989
A7XYQ1	134	222	0.4710116684436798
P10073	259	490	0.6235961318016052
P26368	381	404	0.41585010290145874
P68543	13	65	0.3680965006351471
Q12901	156	537	0.6589439511299133
Q13064	223	240	0.3429310619831085
Q13064	258	374	0.4371289014816284
Q15365	176	200	0.5350872874259949
Q15365	210	245	0.5481041073799133
Q15365	262	289	0.6844574809074402
Q4G112	336	357	0.3182488977909088
Q4G112	440	472	0.6996484994888306
Q6N063	0	30	0.3673754036426544
Q6N063	334	349	0.3802059590816498
Q8IZP6	186	309	0.605289101600647
Q8WXF8	0	17	0.35484838485717773
Q92750	571	631	0.5806795358657837
Q9H0F6	220	244	0.369096964597702
Q9H706	344	399	0.5934129953384399
Q9H706	776	800	0.24603579938411713
Q9NRR6	249	265	0.4131397008895874
Q9UNX9	352	398	0.4086088538169861
Q9Y240	163	217	0.3734820783138275
A2VCK2	93	121	0.4786732494831085
P09960	0	27	0.4483399987220764
P13682	214	401	0.6604154706001282
P13682	442	526	0.5823071599006653
P25490	281	412	0.5473728179931641
P41134	22	55	0.4987052083015442
P60409	13	73	0.35574454069137573
P62684	482	600	0.5270358324050903
Q86WZ6	248	798	0.6601014137268066
Q8N0Y2	243	298	0.5060625076293945
Q8N143	296	467	0.5281863212585449
Q8N2R0	165	310	0.6549006700515747
Q8NEM7	194	374	0.45405617356300354
Q9BXR6	365	568	0.5716649889945984
Q9NRM6	484	501	0.46502435207366943
Q9UK13	107	597	0.6485958695411682
A6NKX4	97	124	0.30798283219337463
O95170	0	28	0.2909632623195648
O95780	106	182	0.5588663816452026
O95780	218	497	0.6187864542007446
P08048	420	798	0.6566601395606995
P0C6A0	39	75	0.3337211310863495
Q7Z713	94	151	0.4697587788105011
Q8IZN3	292	315	0.5292669534683228
Q8N8Y5	57	197	0.5857560634613037
Q969S2	280	331	0.46373245120048523
Q96EF0	532	670	0.7038378119468689
Q9NYJ8	659	692	0.4929504990577698
A6NDX5	137	524	0.6471858620643616
A6NDX5	544	712	0.6396086812019348
P37173	212	235	0.5770738124847412
P98153	227	368	0.6741330027580261
Q13886	142	231	0.5293835997581482
Q15415	418	458	0.49535226821899414
Q5SRH9	8	23	0.32631587982177734
Q5SRH9	139	168	0.41712677478790283
Q5VST6	0	29	0.35023242235183716
Q7Z6W7	74	91	0.3221348524093628
Q99684	119	143	0.37909138202667236
Q99684	229	421	0.6817975044250488
Q9HCI7	131	162	0.326911598443985
Q9HCI7	241	320	0.5305584073066711
Q9HCI7	557	576	0.2266242355108261
Q9UKJ8	396	547	0.7405144572257996
Q9UKJ8	634	665	0.5215277671813965
O15391	246	266	0.3096928298473358
O15391	289	327	0.41631534695625305
P35523	802	833	0.39129799604415894
Q13433	258	320	0.4226446747779846
Q13643	0	279	0.7273021340370178
Q6A1A2	330	395	0.3257542550563812
Q6P1M9	287	307	0.36196765303611755
Q86VP1	711	788	0.4856465756893158
Q8IWG1	195	226	0.2618432939052582
Q8IWG1	566	617	0.35097992420196533
Q8N3J9	0	94	0.3832845091819763
Q8N3J9	107	260	0.6947987079620361
Q8N475	47	147	0.6303449273109436
Q96EW2	341	362	0.35747599601745605
Q9BYN7	318	377	0.5507516264915466
Q9BYN7	485	735	0.655737042427063
Q9H3T3	529	600	0.4174233675003052
Q9UPW0	182	203	0.6618672609329224
Q9UPW0	452	526	0.3338127136230469
O15060	553	662	0.574842631816864
O95391	99	150	0.3646165430545807
P49747	56	290	0.6580711007118225
Q14D33	493	532	0.41748204827308655
Q68DV7	228	284	0.38988763093948364
Q6J4K2	40	87	0.44913142919540405
Q7L622	4	27	0.3099108040332794
Q8N3T1	161	190	0.32065606117248535
Q92956	24	200	0.5913028120994568
Q99676	218	750	0.6812086701393127
Q9BRP7	320	345	0.3942861258983612
Q9UID6	180	203	0.2814622223377228
Q9UID6	222	253	0.39024069905281067
Q9UID6	283	335	0.3351935148239136
Q9UMX2	39	95	0.47536173462867737
A6NK53	188	232	0.5324586629867554
A6NK53	291	667	0.6307504177093506
O95630	387	423	0.41711050271987915
P03973	31	130	0.5280678272247314
P32942	180	195	0.2803364098072052
P32942	326	353	0.5063318610191345
P35348	399	448	0.44566524028778076
P52740	99	122	0.3194560408592224
P52740	167	705	0.6922847032546997
P53794	554	581	0.40785884857177734
P53794	593	613	0.4468713700771332
Q14995	312	398	0.7628467679023743
Q2NL67	15	34	0.26392844319343567
Q2NL67	198	253	0.44501328468322754
Q6ZR52	40	81	0.54849773645401
Q6ZR52	101	644	0.6478109359741211
Q7RTY1	221	272	0.35802626609802246
Q8IUM7	562	588	0.33715248107910156
Q8IZ20	22	88	0.47588977217674255
Q8IZ20	336	462	0.6111630797386169
Q8NHP6	435	479	0.2774103879928589
Q8TCT1	16	33	0.28578463196754456
Q96NJ5	0	31	0.3474607765674591
Q96NJ6	112	501	0.6405481696128845
Q9H159	563	597	0.4113829731941223
Q9ULD6	640	674	0.514191210269928
P00751	61	255	0.6330947279930115
P52742	195	655	0.6606886982917786
Q06203	482	516	0.5840889811515808
Q13574	130	207	0.5367112755775452
Q6ZSB9	389	607	0.6471694707870483
Q8N328	543	592	0.6074930429458618
Q92802	266	391	0.6358975172042847
Q96FV2	5	28	0.38184037804603577
Q96FV2	285	333	0.48675015568733215
Q96I27	56	290	0.6720870137214661
Q96KN1	73	111	0.4167008101940155
A2RRD8	134	507	0.6448295712471008
O14978	373	677	0.6597628593444824
O60765	209	604	0.6712214350700378
P17023	150	457	0.6598790287971497
P48200	196	216	0.3083135485649109
P51808	0	32	0.3635362386703491
Q02809	356	373	0.39338409900665283
Q14442	17	40	0.35308709740638733
Q16206	82	129	0.52638179063797
Q49AG3	669	692	0.3076356053352356
Q6ZN08	66	570	0.6563512682914734
Q8NDX6	142	191	0.5246396064758301
Q8WVV4	154	184	0.3268633782863617
Q8WVV4	224	258	0.4676365256309509
Q96SZ4	333	499	0.5958390831947327
Q96SZ4	520	706	0.5886791944503784
Q96SZ4	723	779	0.5574713349342346
Q99558	55	110	0.25921815633773804
Q99558	317	333	0.3755561411380768
Q9NWW7	211	252	0.5586298704147339
Q9NWW7	262	292	0.36445823311805725
Q9Y448	12	47	0.34855347871780396
O95863	154	262	0.5755065083503723
P0CG23	487	618	0.6037800312042236
P17039	74	622	0.613986074924469
P21854	211	245	0.42721784114837646
P51508	228	286	0.5597985982894897
P51508	343	660	0.687301754951477
Q15022	497	578	0.39367905259132385
Q3MJ16	731	804	0.4711105227470398
Q6ZMW2	121	181	0.5562068223953247
Q6ZMW2	234	696	0.6143249869346619
Q8NA03	469	504	0.2931600511074066
Q8NFP4	444	646	0.36652088165283203
Q8NFP4	914	933	0.2646793723106384
Q8TD23	90	567	0.6591211557388306
Q96AQ9	29	81	0.38369208574295044
Q96I13	3	20	0.3915822505950928
Q96I13	75	90	0.3113296329975128
Q9NQX1	167	628	0.5879179239273071
Q9NRA0	73	124	0.4328652620315552
A0JP26	39	125	0.34076452255249023
O43909	157	184	0.3884054124355316
P07202	124	173	0.5910684466362
P07202	702	853	0.6265761256217957
P10646	138	285	0.6594102382659912
P29320	218	324	0.6542133688926697
Q70YC5	8	76	0.3888068199157715
Q7L3V2	30	68	0.3892629146575928
Q7L3V2	85	101	0.3427564799785614
Q8NA70	439	510	0.46158841252326965
Q8ND94	38	85	0.41738277673721313
Q8TDB6	119	134	0.29767778515815735
Q96FN4	11	26	0.34252411127090454
Q96T92	254	314	0.5392110347747803
Q96T92	465	495	0.4341279864311218
Q96T92	522	558	0.34100374579429626
Q99469	103	209	0.664527952671051
Q9H756	217	244	0.4274827837944031
Q9NPR2	561	605	0.4695049226284027
A0AV02	411	452	0.28472864627838135
O75325	390	420	0.46649810671806335
O95398	511	560	0.3970744013786316
O95754	544	571	0.3542240560054779
Q15029	435	475	0.3622092604637146
Q4V348	13	91	0.44243982434272766
Q4V348	153	818	0.6695507764816284
Q86SU0	313	334	0.30469194054603577
Q86T29	129	157	0.509885311126709
Q86T29	182	569	0.6460757851600647
Q86T29	579	640	0.5470902919769287
Q86VW2	0	34	0.5344161987304688
Q8ND83	190	236	0.41885554790496826
Q92904	123	148	0.4140983521938324
Q96HE9	130	162	0.3603869378566742
O43586	296	318	0.43327635526657104
O95361	71	177	0.5747683644294739
O95460	210	384	0.7496005296707153
O95786	199	242	0.35454416275024414
P13385	70	158	0.6280084252357483
P81133	708	756	0.37741830945014954
Q06495	22	55	0.3381544053554535
Q68DY1	93	511	0.6781628727912903
Q7Z7L9	213	613	0.6356496214866638
Q86UD4	174	531	0.6405988335609436
Q8N9N5	440	456	0.3619460165500641
Q8NHS0	128	158	0.7544700503349304
Q8WV37	89	166	0.44969871640205383
Q8WV37	195	342	0.6269384622573853
Q8WV37	415	526	0.47875097393989563
Q92826	159	207	0.43101683259010315
Q92985	465	491	0.3953571915626526
Q96KW9	0	15	0.4583064913749695
Q96ME7	279	345	0.4093691110610962
Q9H156	329	375	0.4774209260940552
Q9H156	684	699	0.32025718688964844
Q9H156	767	796	0.3196236193180084
Q9H6Y5	85	120	0.28864553570747375
Q9UNY5	278	441	0.5901975631713867
A6NGD5	349	491	0.4942797124385834
P17098	249	491	0.620901346206665
Q02447	594	701	0.608260452747345
Q13148	169	191	0.3455500900745392
Q68D85	377	394	0.40823349356651306
Q6GMV2	345	386	0.4312204420566559
Q8NCP5	423	491	0.5819492340087891
Q8TBM8	163	191	0.4837404191493988
Q9H7Y0	413	432	0.4264233112335205
Q9NV72	292	528	0.6747632026672363
Q9NVP4	186	404	0.6158462166786194
Q9NVP4	549	564	0.34829825162887573
Q9NXR8	350	417	0.566702663898468
Q9P0V3	276	332	0.6149357557296753
Q9UJV9	567	608	0.5617985129356384
Q9UK23	304	425	0.6468449831008911
O15123	32	68	0.3966034948825836
O43313	71	221	0.6090240478515625
O43313	386	402	0.3468477129936218
P0C7P1	418	459	0.5218408703804016
P19823	631	668	0.3700855076313019
P20823	203	261	0.3553984463214874
P25205	101	119	0.3728094696998596
P43353	432	467	0.3108550012111664
P51523	207	735	0.6452446579933167
Q13422	108	269	0.6364611387252808
Q13422	486	508	0.4235473871231079
Q14525	0	74	0.5127276182174683
Q14525	358	403	0.40200573205947876
Q5JT82	279	360	0.4775870144367218
Q6ZNG1	158	720	0.698067307472229
Q8N393	69	98	0.495647132396698
Q8N393	183	212	0.345339834690094
Q8N393	230	287	0.39222413301467896
Q8N393	373	762	0.6362926959991455
Q9BZE0	224	321	0.5821124911308289
Q9HCM4	649	668	0.37032976746559143
Q9HCM4	679	732	0.359199196100235
Q9NW64	105	195	0.38359248638153076
Q9NZ20	422	460	0.388947069644928
Q9UIE0	156	473	0.6042726635932922
Q9Y6P5	7	33	0.3684760630130768
A8MX34	21	340	0.45526233315467834
O14492	140	156	0.36066293716430664
O14492	297	346	0.48422178626060486
O14492	366	382	0.33482295274734497
O60687	70	203	0.6467627286911011
P20393	409	426	0.30734091997146606
P52737	82	118	0.4822843372821808
P52737	136	539	0.6709496974945068
P98170	79	118	0.37294280529022217
Q52M93	171	399	0.6043005585670471
Q52M93	427	767	0.6877478361129761
Q7L5Y9	294	395	0.5078521370887756
Q8IX06	394	425	0.6243968605995178
Q8IX06	441	479	0.6136286854743958
Q8N680	357	474	0.6351566314697266
Q8N865	339	383	0.5200123190879822
Q96AY2	242	257	0.30450916290283203
Q96MR9	197	245	0.5607547163963318
Q96MR9	312	430	0.5862910747528076
Q96MR9	478	496	0.3441164493560791
Q96MR9	508	787	0.6462991833686829
Q9BS34	88	113	0.5047183036804199
Q9BS34	124	388	0.632739245891571
Q9HBX8	0	17	0.34061959385871887
Q9HBX8	29	65	0.5065019130706787
Q9HBX8	878	910	0.4083386957645416
Q9NXB0	115	143	0.2977105677127838
Q9UDV7	508	652	0.6377304792404175
Q9Y3Q7	375	605	0.6964700222015381
Q9Y3Q7	616	667	0.6019509434700012
O43790	0	48	0.6538386940956116
O43790	391	454	0.3711635172367096
P56270	179	210	0.3908589482307434
P56270	274	440	0.6533777117729187
Q6BEB4	254	378	0.3854133188724518
Q8IV13	335	368	0.5736373662948608
Q969S8	316	338	0.3596532344818115
Q9BQ04	140	218	0.6032518148422241
Q9NRM0	31	54	0.4235195219516754
Q9NVN8	453	496	0.28923797607421875
Q9NVN8	518	536	0.23819944262504578
Q9P2S6	464	514	0.3720962405204773
Q9P2S6	639	665	0.34376445412635803
Q9UC07	115	564	0.6446335315704346
A6NHN0	90	106	0.3731006681919098
A8MWA4	108	299	0.6020185351371765
O95967	111	350	0.7093459367752075
O95970	37	64	0.3662521541118622
P23409	209	239	0.3616422712802887
P37287	16	43	0.2838348150253296
Q5GH77	418	458	0.3045758008956909
Q5HYA8	41	198	0.7184273600578308
Q7L591	119	154	0.3816513419151306
Q7L591	169	186	0.38336214423179626
Q7L8C5	122	139	0.3211577236652374
Q86X95	116	156	0.46014776825904846
Q8TA86	73	133	0.34209781885147095
Q8WXH5	67	158	0.4446924924850464
Q8WXH5	170	186	0.3395726978778839
Q8WXH5	232	253	0.4571034908294678
Q8WXI3	8	36	0.33220475912094116
Q8WXI3	233	299	0.5494447946548462
Q99075	103	154	0.47278743982315063
Q99814	380	399	0.32415831089019775
Q9NUC0	8	27	0.2609929144382477
Q9NUC0	147	204	0.47650763392448425
Q9NUC0	255	270	0.33356520533561707
Q9NUC0	303	341	0.3050013780593872
A8MTY0	103	618	0.6631629467010498
P53667	0	32	0.5151834487915039
P53667	320	340	0.3180053234100342
Q05215	151	171	0.36742183566093445
Q05215	470	562	0.615196704864502
Q15776	286	570	0.6200435757637024
Q4FZB7	272	353	0.5840499997138977
Q6IQ21	2	92	0.339582622051239
Q6IQ21	124	245	0.6246349215507507
Q6IQ21	284	334	0.54071044921875
Q6IQ21	394	534	0.6036450266838074
Q6IQ21	592	683	0.5321711897850037
Q8N6F7	26	56	0.3193451762199402
Q8TF27	68	86	0.4251226782798767
Q8WYH8	174	239	0.5849974751472473
Q92974	36	99	0.6283238530158997
Q96CS4	146	481	0.6281144022941589
Q96PB8	165	202	0.30501890182495117
Q9BXB1	857	950	0.6345128417015076
Q9GZU1	526	562	0.52447110414505
Q9NW82	308	333	0.3471705913543701
A5PLL7	12	33	0.295032262802124
O15484	7	32	0.3061629831790924
P12955	477	492	0.4301740825176239
P36888	202	223	0.315613716840744
P36888	464	483	0.29610323905944824
P36888	954	977	0.30087393522262573
Q15043	73	137	0.5577786564826965
Q5JNZ3	105	125	0.2829395532608032
Q5JNZ3	151	206	0.3456999659538269
Q5JNZ3	229	635	0.6871378421783447
Q6UXD5	165	193	0.34167662262916565
Q6UXD5	331	369	0.6047797203063965
Q7Z7M1	53	98	0.31838706135749817
Q7Z7M1	327	353	0.4501000940799713
Q8NDP4	114	195	0.49283331632614136
Q8NDP4	218	497	0.6298846006393433
Q96B23	332	361	0.47771626710891724
Q9BRH9	178	655	0.6290780901908875
Q9P2F9	71	169	0.6086075305938721
Q9P2F9	201	567	0.5961156487464905
Q9UBP4	128	319	0.6840308904647827
Q9UMF0	140	254	0.28728345036506653
Q9UMF0	330	385	0.5899128913879395
Q9UMF0	413	490	0.4882078766822815
Q9UMF0	548	621	0.3776443302631378
Q9UMF0	637	657	0.43955984711647034
Q9UMF0	672	751	0.4450404942035675
A6NGE4	123	148	0.36029791831970215
O00154	39	70	0.38344806432724
O94933	361	399	0.41368862986564636
P16415	90	138	0.417375773191452
P16415	151	609	0.667982816696167
P21580	471	550	0.5875958800315857
P21580	588	688	0.5873619318008423
P21580	714	740	0.42792659997940063
Q14012	342	368	0.302695095539093
Q5JSJ4	178	206	0.3801737427711487
Q8WUB8	370	486	0.6527737975120544
Q96EL1	268	286	0.41125136613845825
Q96J02	125	192	0.5855425596237183
Q9BRI3	350	371	0.28338193893432617
Q9H2G9	291	399	0.4066513776779175
Q9H336	212	249	0.46013620495796204
Q9NV88	469	495	0.319825679063797
Q9UHL9	208	228	0.24996677041053772
Q9UHL9	303	320	0.34863659739494324
Q9Y2A4	99	670	0.6431717872619629
Q9Y2P0	106	498	0.6835119128227234
A8K979	263	280	0.3711386024951935
A8K979	439	455	0.3343372941017151
P55286	585	612	0.5521304607391357
Q13634	578	604	0.4291665852069855
Q15697	123	146	0.26511651277542114
Q15697	319	405	0.583863377571106
Q49AA0	224	525	0.6163551807403564
Q63HK3	3	53	0.37348517775535583
Q63HK3	750	944	0.6775920391082764
Q7Z403	95	118	0.23511265218257904
Q7Z403	301	333	0.5835326910018921
Q8N187	185	242	0.6135639548301697
Q8N4Q1	32	109	0.5179541707038879
Q9NP56	0	36	0.39008820056915283
Q9NUK0	0	95	0.510002613067627
Q9NUK0	169	250	0.617691159248352
Q9UL03	183	213	0.40742212533950806
Q9Y223	0	15	0.33873265981674194
Q9Y5R5	274	319	0.5051275491714478
Q9Y5R5	343	374	0.5463069081306458
Q9Y5R5	490	523	0.3849155306816101
O43296	58	76	0.27178966999053955
O43296	195	322	0.6877737641334534
O43296	411	565	0.6434318423271179
P36508	141	375	0.6503371000289917
Q06828	28	93	0.32399338483810425
Q58DX5	227	254	0.4610999524593353
Q58DX5	385	413	0.25982674956321716
Q8N6Y1	128	168	0.3920656144618988
Q8NFG4	82	108	0.36170703172683716
Q8TF47	201	634	0.5978021621704102
Q8WWF5	273	365	0.6020382642745972
Q8WWF5	375	404	0.24963818490505219
Q9NYT6	111	130	0.36264339089393616
Q9NYT6	169	519	0.6852035522460938
Q9NYT6	534	783	0.6513475775718689
Q9UKS7	103	232	0.6688181757926941
Q9UKS7	492	516	0.3050591051578522
O15354	553	580	0.32847917079925537
O43889	267	335	0.34989869594573975
O94819	547	575	0.4751231372356415
P55259	32	58	0.5271131992340088
P55259	175	232	0.6350451111793518
Q01780	612	670	0.33043912053108215
Q4J6C6	1	86	0.3210841417312622
Q6NVV7	0	18	0.39604857563972473
Q6PJW8	247	287	0.3504391610622406
Q8N184	245	643	0.6875467896461487
Q8NHG8	145	241	0.5280008912086487
Q9BXW7	345	417	0.46947920322418213
Q9ULT6	554	599	0.5607662796974182
Q9ULT6	770	835	0.42823508381843567
O43829	257	410	0.5730839371681213
O76011	0	79	0.5147193074226379
O76011	352	393	0.42285141348838806
O95260	0	41	0.4027489125728607
O95260	444	466	0.3113902807235718
P00749	18	91	0.623718798160553
P00749	149	165	0.3242904543876648
P09871	346	367	0.4583190679550171
P0CB33	59	411	0.6247808933258057
P16109	118	773	0.6897424459457397
Q02223	88	183	0.47614938020706177
Q08345	20	47	0.3237556219100952
Q15654	264	292	0.5195176005363464
Q17RB8	417	472	0.38622716069221497
Q6PIY7	111	126	0.3613975942134857
Q8IYD9	16	43	0.3778594434261322
Q8IYD9	54	139	0.46248432993888855
Q8IZK6	521	565	0.31320106983184814
Q8NBP0	96	125	0.43365511298179626
Q8NDY6	204	224	0.4982048571109772
Q8TAX0	166	264	0.5439677238464355
Q96IR2	48	104	0.2922784686088562
Q96IR2	207	562	0.678837776184082
Q96IR2	598	965	0.681584358215332
Q9BRN9	53	170	0.6264051795005798
A0AVK6	75	145	0.3697880804538727
P21554	84	106	0.2597774267196655
P21554	434	468	0.3364543318748474
Q3KNV8	147	176	0.3447043299674988
Q6ZVW7	13	76	0.3833513855934143
Q8N3F8	102	117	0.37703701853752136
Q8N972	93	640	0.6810572743415833
Q8TD17	331	586	0.5740171670913696
Q8TF39	246	262	0.2973426580429077
Q8TF39	383	743	0.6590119004249573
Q8WWI5	133	193	0.2962510883808136
Q96AP4	0	64	0.5058509111404419
Q96AP4	169	244	0.4147164523601532
Q96EK2	316	418	0.5612260699272156
P35611	494	571	0.26998889446258545
P51786	93	505	0.641263484954834
Q5K4E3	480	502	0.30535805225372314
Q5K4E3	567	590	0.3473590314388275
Q6ZN18	253	272	0.3954342007637024
Q6ZN18	308	350	0.5090224742889404
Q8IVP9	77	401	0.6884880661964417
Q8N4L4	118	171	0.3231394290924072
Q9BQ16	70	206	0.6551806926727295
Q9BYJ1	167	190	0.37145668268203735
Q9H0B8	205	244	0.5448110103607178
Q9H4E5	0	22	0.38728705048561096
Q9H4E5	194	213	0.4476306438446045
Q9NP80	30	82	0.4557778537273407
Q9NXT0	50	398	0.6424493193626404
A6NP11	66	494	0.6547757983207703
O14879	335	370	0.3451407849788666
P35354	13	54	0.512441098690033
Q14533	370	504	0.39602401852607727
Q8IWY4	33	457	0.7250586748123169
Q8IWY4	548	816	0.6013808846473694
Q96GY0	289	324	0.4184395968914032
Q96M89	5	48	0.3002318739891052
Q9BV99	201	258	0.29163858294487
Q9BZF3	236	279	0.3170073330402374
Q9HAS3	626	645	0.3337734341621399
Q9HAS3	656	690	0.6189532279968262
Q9HDB9	530	599	0.5489479899406433
Q9UJY4	329	391	0.6824876070022583
O14960	27	60	0.5079875588417053
P19235	325	345	0.362144410610199
P98182	84	102	0.2691320776939392
P98182	116	137	0.38820579648017883
P98182	247	394	0.597399115562439
Q14596	193	286	0.44988662004470825
Q63HQ0	0	22	0.3607391119003296
Q6ZT77	104	176	0.5947256684303284
Q86U44	253	344	0.5611593127250671
Q8NDB2	654	681	0.25499483942985535
Q8NDB2	741	784	0.2881850600242615
Q8WU68	133	184	0.6119970679283142
Q96PB1	35	55	0.31904688477516174
Q9BUG6	351	489	0.5363332629203796
Q9P0K1	386	595	0.6685173511505127
Q9UIJ5	282	303	0.34138360619544983
O95202	36	101	0.5405604243278503
O95985	690	740	0.6616423726081848
P0DPA2	348	381	0.34005314111709595
Q03405	62	307	0.6885143518447876
Q08499	112	134	0.3617398738861084
Q86V35	152	191	0.37236592173576355
Q8IW36	131	383	0.6224618554115295
Q8IW36	454	514	0.5581737756729126
Q8NHY0	1	18	0.31402063369750977
Q8NHY0	142	164	0.32339778542518616
Q9BSG1	169	423	0.663025438785553
Q9H3Y0	214	252	0.38985785841941833
Q9HAZ1	46	102	0.3724749684333801
Q9UKN8	794	821	0.3321252167224884
A0AAG2SVG9	23	124	0.45246976613998413
P0C7X2	181	234	0.4437892436981201
P14784	324	388	0.5230165719985962
P40692	120	145	0.34413856267929077
P52747	6	34	0.31885311007499695
P52747	195	445	0.6190752983093262
Q92782	0	144	0.4264611601829529
Q92782	192	225	0.3719296157360077
Q92782	257	386	0.6165290474891663
Q96IW7	148	185	0.491556316614151
Q9C019	0	121	0.5703293085098267
Q9UKQ2	373	575	0.7275785803794861
Q9UKQ2	590	664	0.614091694355011
A0A140TA62	24	121	0.5369778871536255
A0A140TA62	394	435	0.42285141348838806
A8MTA8	180	205	0.39349621534347534
P49711	265	577	0.6032117009162903
Q07011	16	149	0.616237461566925
Q08629	65	204	0.6016229391098022
Q49AM3	0	36	0.5179336071014404
Q49AM3	410	425	0.423082172870636
Q96RE9	235	602	0.6749549508094788
Q9BY77	332	359	0.3412860333919525
Q9HCI5	459	480	0.30181533098220825
Q9P2M4	187	246	0.3671093285083771
Q9UEG4	140	541	0.6583799123764038
Q9UEG4	559	601	0.4706662595272064
Q9UEG4	650	689	0.5571023225784302
Q9UEG4	760	786	0.37901586294174194
Q9UEG4	841	868	0.393117755651474
Q9Y2K1	112	158	0.46710652112960815
Q9Y2K1	201	264	0.5417926907539368
Q9Y2K1	419	472	0.512730598449707
Q9Y2K1	502	622	0.4608345925807953
A1YPR0	347	397	0.4929598569869995
A1YPR0	411	478	0.47438716888427734
P51504	37	142	0.6788602471351624
P51504	211	272	0.422349750995636
P53041	456	479	0.6196045875549316
P53801	36	72	0.4550887644290924
Q13651	189	219	0.2633550763130188
Q13651	523	542	0.37547677755355835
Q16665	728	825	0.38669660687446594
Q6ZWK6	170	200	0.3630289137363434
Q86WU2	0	15	0.3517877161502838
Q8NCK3	100	437	0.6597173810005188
Q96AQ6	574	606	0.3868918716907501
Q96BN6	199	222	0.2643093466758728
Q96BN6	331	362	0.3976276218891144
Q96H86	165	354	0.615747332572937
Q96MC5	186	203	0.42055752873420715
Q9BWM5	128	574	0.7129700183868408
Q9H9A7	447	478	0.3757355809211731
Q9HBU1	91	109	0.2660350799560547
Q9NTM9	216	272	0.31793972849845886
O14490	201	245	0.6126354932785034
O14490	438	508	0.46553468704223633
O76009	0	79	0.5277701616287231
O76009	358	403	0.3961012065410614
P15976	70	110	0.6061629056930542
P15976	192	294	0.5672868490219116
P26842	20	126	0.6101574897766113
P43489	12	148	0.520639181137085
P78396	47	88	0.5045381784439087
Q13106	129	436	0.6756424903869629
Q15375	225	336	0.594468891620636
Q15375	902	917	0.3075477182865143
Q6UXV0	13	66	0.4566076099872589
Q6ZRF8	13	162	0.6229960918426514
Q6ZRF8	342	364	0.36061912775039673
Q6ZWJ1	110	186	0.4004006087779999
Q86UX7	171	221	0.4984331429004669
Q8ND25	134	180	0.6643449068069458
Q8WWZ3	88	114	0.4563658535480499
Q9BTE6	0	36	0.4300762712955475
Q9BTF0	458	502	0.45188942551612854
Q9BXL8	77	107	0.3669581115245819
Q9BYS1	0	95	0.39062774181365967
Q9NXV2	19	40	0.34798070788383484
Q9P2V4	543	562	0.32570305466651917
Q9UK53	347	412	0.5751730799674988
Q9UPG8	58	211	0.565222978591919
Q9UPG8	246	279	0.6254224181175232
A6NK89	15	39	0.3128283619880676
O00151	244	273	0.39465445280075073
P00740	33	192	0.5090804100036621
P16473	1	47	0.3946128785610199
P16473	373	413	0.381369948387146
Q08ET2	149	225	0.44955769181251526
Q08ET2	347	362	0.2845228612422943
Q15935	87	541	0.6373357772827148
Q52LR7	399	466	0.4670337736606598
Q52LR7	502	535	0.34730082750320435
Q5TAA0	122	167	0.38674232363700867
Q7Z5Q1	308	326	0.4783843755722046
Q8IVL6	566	593	0.4609428942203522
Q8N6C8	156	183	0.5291579365730286
Q8N6C8	276	302	0.4813312292098999
Q8WWH5	303	328	0.3389135003089905
Q96A83	113	147	0.5192539095878601
Q9C0F3	131	469	0.6610313057899475
Q9HBW1	40	64	0.46107277274131775
Q9NZU5	15	70	0.6378882527351379
Q9NZU5	236	273	0.41183242201805115
Q9UQC9	760	784	0.27127769589424133
O43353	318	333	0.2701294720172882
O43353	369	400	0.41888144612312317
P07358	54	165	0.7096284627914429
P07358	499	562	0.5921911001205444
P49767	215	418	0.6114121079444885
P51522	61	267	0.5285956263542175
P51522	422	511	0.6019967198371887
P56915	77	135	0.5326661467552185
P58166	180	195	0.25703272223472595
P58166	236	254	0.3971658945083618
Q2VY69	135	592	0.6381698250770569
Q6S545	133	162	0.36996766924858093
Q6UN15	202	234	0.3377237915992737
Q6UWL2	27	55	0.5269466042518616
Q6UWL2	70	251	0.7394506931304932
Q6ZN79	147	299	0.6569750905036926
Q86XN7	118	140	0.3737140893936157
Q8N9Q2	0	41	0.5075198411941528
Q96I76	95	113	0.29795604944229126
Q96M69	719	754	0.36342653632164
Q99439	139	175	0.42531701922416687
Q9H116	315	617	0.6635885834693909
Q9HAP2	100	122	0.3862345814704895
O00237	563	630	0.38834333419799805
Q14134	164	261	0.5989100933074951
Q5SXH7	417	460	0.3508993089199066
Q5VWK0	511	527	0.4920637309551239
Q8NCA9	52	148	0.470439076423645
Q8NCA9	196	272	0.5646953582763672
Q8TED9	318	341	0.3123697340488434
Q96A99	455	477	0.5710780024528503
Q96G46	117	213	0.43155160546302795
Q96PC2	164	186	0.3292999565601349
Q9H898	1	109	0.49406224489212036
Q9H898	128	182	0.34810253977775574
Q9NQW5	371	395	0.3556360900402069
Q9UM22	205	223	0.2968677282333374
Q9Y5S8	232	263	0.33044353127479553
O15297	370	387	0.4533649682998657
O75663	233	252	0.2839665114879608
P07199	189	238	0.36669641733169556
Q14990	33	87	0.6364632844924927
Q14990	110	249	0.5727818012237549
Q1ZYL8	192	231	0.4173226058483124
Q4G1C9	203	236	0.5783026814460754
Q8N7K0	114	672	0.6774192452430725
Q8N9Z0	85	127	0.39083412289619446
Q8N9Z0	186	349	0.5647552609443665
Q8N9Z0	392	458	0.45213261246681213
Q8NHY2	117	143	0.4161238968372345
Q8TBZ5	10	93	0.47528746724128723
Q8TBZ5	133	543	0.6206244230270386
Q96MI6	68	105	0.3947335183620453
Q99650	846	905	0.4911342263221741
Q9BR11	290	389	0.5085862874984741
Q9BSK1	74	384	0.6594516038894653
Q9NQR7	68	130	0.41339120268821716
Q9NRG4	254	280	0.43444040417671204
Q9NY57	338	362	0.3334168493747711
Q9UPT5	280	356	0.5384255051612854
Q9Y620	35	100	0.4233236610889435
Q9Y620	197	264	0.4760483503341675
Q9Y620	600	617	0.3217114806175232
Q9Y620	818	878	0.4967883229255676
O76014	14	117	0.43726709485054016
P08319	0	19	0.3157886862754822
P60331	10	56	0.33638718724250793
Q14188	381	401	0.3064214587211609
Q16877	14	29	0.34165483713150024
Q3KNS6	140	431	0.6267207860946655
Q5H9K5	207	277	0.36338573694229126
Q5T6C5	55	74	0.4003165662288666
Q5T6C5	89	110	0.35657617449760437
Q5T6C5	404	450	0.35436707735061646
Q68BL7	25	110	0.5552716255187988
Q8NCE0	208	283	0.41606223583221436
Q8NFW8	373	409	0.469075471162796
Q8TB69	117	539	0.6154924035072327
Q92696	334	361	0.44275128841400146
Q9BYV9	133	151	0.40035930275917053
Q9BYV9	694	731	0.2895600199699402
Q9H4T2	229	347	0.5875400900840759
Q9NT22	319	392	0.27455934882164
Q9NT22	425	481	0.3295494616031647
Q9NTU7	41	65	0.4193153381347656
Q9Y426	238	260	0.28140509128570557
Q9Y426	448	481	0.4066469669342041
Q9Y5W7	93	120	0.40272781252861023
A8MUP2	13	34	0.445648729801178
P54762	246	326	0.592717170715332
Q06889	277	352	0.5942484736442566
Q3ZCT1	15	291	0.6419839262962341
Q3ZCT1	328	411	0.5530338287353516
Q5HY98	82	111	0.35844171047210693
Q5HY98	130	280	0.5012008547782898
Q6WBX8	365	425	0.4585539400577545
Q6ZNG0	128	168	0.3011136054992676
Q6ZNG0	210	420	0.5937051773071289
Q8N3J2	55	82	0.3770732283592224
Q8N3J2	99	125	0.2932400405406952
Q8N7R1	270	289	0.3740144670009613
Q96IG2	408	426	0.4631563723087311
Q9NW07	167	395	0.6444483995437622
Q9Y5W5	171	356	0.643090009689331
Q9Y6G3	11	71	0.4531855285167694
O15393	105	146	0.5872046947479248
O43918	417	481	0.4892161190509796
P32926	574	595	0.4863433837890625
P32926	674	720	0.6242515444755554
P32926	777	806	0.5661733746528625
P32926	821	912	0.6174823641777039
P33151	568	595	0.3756828308105469
P49619	310	385	0.6866675019264221
Q08ER8	182	320	0.6064825057983398
Q08ER8	394	571	0.6616411209106445
Q16822	8	31	0.36147060990333557
Q499Z4	0	138	0.553384006023407
Q499Z4	189	424	0.6322125196456909
Q5TEC3	165	238	0.40476685762405396
Q5TEC3	350	544	0.685454785823822
Q6PF04	54	117	0.35462117195129395
Q6PF04	193	554	0.6906740069389343
Q8N6Q3	112	391	0.6401700377464294
Q8TDQ0	267	300	0.46425485610961914
Q8WU90	78	148	0.4413945972919464
Q96CX3	18	270	0.6363051533699036
Q9BRB3	634	670	0.5866719484329224
Q9BUK6	388	521	0.6395875215530396
Q9NWN3	107	143	0.34054407477378845
Q9NWN3	159	198	0.553665816783905
Q9NWN3	219	243	0.4873018264770508
Q9NWN3	624	705	0.5821227431297302
Q9NWS9	332	350	0.3692040741443634
Q9NWS9	385	443	0.5065614581108093
Q9NYW8	94	200	0.5743729472160339
Q9NYW8	224	709	0.672210693359375
Q9UJW8	147	181	0.28832733631134033
Q9UJW8	278	317	0.4788886308670044
Q9UJW8	346	691	0.6427443623542786
I3L3L1	95	121	0.4188168942928314
P17035	207	717	0.643670380115509
Q32MK0	497	535	0.4511135518550873
Q5SXM1	73	178	0.5348044633865356
Q5SXM1	195	524	0.6703981757164001
Q6P1W5	73	122	0.26338425278663635
Q6P1W5	185	204	0.2980813980102539
Q8IVC4	84	115	0.3548361659049988
Q8IVC4	172	406	0.5802488923072815
Q8IXM7	36	136	0.5890049934387207
Q8WW33	7	86	0.4518687129020691
Q96II8	284	304	0.36671534180641174
Q96N22	57	241	0.5300125479698181
Q96N22	253	626	0.6174625754356384
B7ZLF3	29	151	0.536175549030304
O95980	29	58	0.4647487699985504
O95980	97	828	0.7245773673057556
P01854	0	27	0.34194216132164
P01854	290	330	0.42288732528686523
P0CG36	75	158	0.5789370536804199
P0DPD5	106	510	0.6725218296051025
P14151	152	329	0.6664034128189087
P22749	36	144	0.3991265594959259
P23508	154	218	0.31361719965934753
P23508	510	543	0.5140020847320557
P60368	12	61	0.35928356647491455
P62070	184	203	0.3998776376247406
Q2TBC4	0	25	0.32319751381874084
Q3KNS1	103	125	0.39752253890037537
Q6DJT9	31	149	0.59749835729599
Q6DJT9	166	271	0.5087162852287292
Q6ZMU1	320	357	0.39389002323150635
Q86UB2	39	81	0.4286557137966156
Q8N9L1	194	287	0.540717601776123
Q8TBB1	5	36	0.32374534010887146
Q8TBB1	108	138	0.4675006866455078
Q96CC6	481	640	0.50564044713974
Q96PL5	405	424	0.46918290853500366
P48745	13	356	0.5775219202041626
P49841	321	371	0.4504746198654175
P52738	154	456	0.5708368420600891
Q13239	167	183	0.3380340337753296
Q5HYM0	341	382	0.29494377970695496
Q5HYM0	747	790	0.4245383143424988
Q6NSI8	502	552	0.5560093522071838
Q6ZUT6	153	172	0.33181247115135193
Q7RTU7	123	143	0.2873998284339905
Q7RTU7	170	200	0.3255275785923004
Q8N573	207	293	0.38394835591316223
Q8N8V4	93	147	0.31052830815315247
Q9BZS1	138	175	0.467043399810791
Q9H1K6	28	44	0.35177281498908997
Q9H1K6	54	85	0.3973143994808197
Q9H1K6	134	157	0.2829471826553345
Q9H1K6	305	346	0.4133733808994293
Q9NX58	0	65	0.4910966157913208
A8MXY4	146	208	0.4983861446380615
A8MXY4	221	833	0.604991614818573
P22413	79	211	0.7009639739990234
P22413	589	649	0.5288622975349426
Q5T5D7	122	377	0.607140839099884
Q6MZP7	678	748	0.3451358675956726
Q6ZQY2	48	176	0.3856852054595947
Q8IY82	210	265	0.3663465976715088
Q8N9N2	41	59	0.26245248317718506
Q8N9N2	360	377	0.3491644859313965
Q96FC9	856	900	0.3601478934288025
Q96FC9	914	932	0.33403798937797546
Q9BUY5	5	54	0.4613021910190582
Q9BUY5	128	235	0.6592430472373962
Q9BUY5	308	553	0.6778151988983154
Q9H4Q3	465	513	0.5194340348243713
Q9H4Q3	568	651	0.5717039108276367
Q9H5U6	31	140	0.33538398146629333
Q9H5U6	376	465	0.6180999875068665
O14503	122	140	0.3207637667655945
P0DJD4	418	459	0.5218408703804016
P13284	157	208	0.4980962872505188
P13284	226	249	0.39844343066215515
P22001	94	109	0.35655632615089417
P22001	519	536	0.2858332097530365
P43250	409	575	0.5331411361694336
Q6PI26	135	158	0.3419795334339142
Q6ZMM2	358	376	0.2934863865375519
Q92670	262	301	0.3484885096549988
Q92670	313	425	0.48054859042167664
Q9BSK4	278	297	0.3069349229335785
Q9BUD6	227	250	0.3981189727783203
Q9C037	0	133	0.45964986085891724
Q9NQ86	102	258	0.5243784785270691
Q9UBR4	6	36	0.38542893528938293
A4QPH2	217	311	0.48840245604515076
O75074	155	283	0.5820851922035217
O75074	359	485	0.6572266221046448
P14138	125	185	0.5575502514839172
P22223	16	48	0.3529728055000305
Q02985	101	222	0.605861485004425
Q02985	235	300	0.5803486704826355
Q02985	314	329	0.3579142391681671
Q16600	144	456	0.6595923900604248
Q6U7Q0	57	388	0.6173931956291199
Q8IUD6	247	284	0.4098144769668579
Q8IUQ4	32	143	0.663328230381012
Q969P0	173	189	0.3277807831764221
Q969P0	318	352	0.5540627241134644
Q9HCC9	556	592	0.519425094127655
O00220	132	229	0.5434438586235046
P01112	168	188	0.39085787534713745
P05107	444	676	0.6796160340309143
P12525	116	151	0.39626097679138184
P23769	287	393	0.6105519533157349
Q14526	417	459	0.3137841522693634
Q14526	502	611	0.6055197715759277
Q15493	0	21	0.4660762548446655
Q15493	275	291	0.26704785227775574
Q2I0M4	35	70	0.3885331153869629
Q68DU8	127	157	0.3256519138813019
Q68DU8	277	302	0.4728465676307678
Q6P9A1	167	196	0.4755835235118866
Q6P9A1	226	598	0.6401606798171997
Q6UXH8	38	235	0.6010155081748962
Q7LFX5	0	47	0.5552120804786682
Q86XT4	0	26	0.37190330028533936
Q86XT4	45	76	0.3851712644100189
Q86XT4	118	138	0.25848713517189026
Q8IWR0	430	450	0.3987264633178711
Q8IWR0	577	603	0.3134864568710327
Q8IWR0	716	796	0.3966871500015259
Q8IWR0	842	935	0.5470575094223022
Q9HB15	27	48	0.4198492467403412
Q9NQ03	179	293	0.6032816767692566
Q9P0L1	378	748	0.6753511428833008
A6NED2	59	78	0.25470390915870667
A6NED2	131	155	0.2918241322040558
C9JSJ3	254	287	0.4936710596084595
O43184	356	595	0.761559009552002
O43184	658	705	0.5323957204818726
P15622	74	120	0.37191569805145264
P15622	186	559	0.6400495171546936
Q01101	257	317	0.47652867436408997
Q01101	433	509	0.5398994088172913
Q3SY52	117	486	0.613461971282959
Q5VIY5	203	521	0.6297496557235718
Q8N8K9	0	83	0.5223338007926941
Q8N8K9	387	415	0.27165868878364563
Q8N8K9	697	715	0.3754681348800659
Q8WTR8	35	65	0.356258749961853
Q8WTR8	145	359	0.457332581281662
Q96K75	139	396	0.6178435683250427
Q96RL1	211	287	0.43280258774757385
Q96RL1	497	534	0.497458279132843
Q96RL1	557	595	0.5235000252723694
Q9C0B5	223	249	0.35022369027137756
Q9H1H1	0	64	0.49393364787101746
Q9H1H1	100	128	0.39629000425338745
Q9UK10	120	705	0.6579136252403259
Q9UL49	113	129	0.4802410304546356
Q9UL49	212	232	0.33859896659851074
Q9UL49	290	344	0.3237897753715515
Q9Y314	193	241	0.5841462016105652
Q9Y330	265	288	0.5927485823631287
Q9Y330	325	342	0.30651646852493286
Q9Y330	364	442	0.6487748026847839
P02545	568	596	0.4492519199848175
P06681	26	166	0.6106471419334412
P06681	461	478	0.4276702404022217
P35858	565	604	0.42915603518486023
Q14964	189	216	0.32693174481391907
Q5D1E8	284	336	0.33303529024124146
Q5TD97	0	216	0.6988295316696167
Q6NW40	43	62	0.2708252966403961
Q6NW40	85	164	0.43092259764671326
Q8IYR2	136	157	0.317493736743927
Q8IYR2	213	252	0.5570920705795288
Q8IYR2	565	652	0.6910703182220459
Q8N720	201	471	0.5303264856338501
Q99612	198	282	0.5218194723129272
Q9H7E2	89	111	0.29023730754852295
Q9H7E2	516	539	0.4109974205493927
O75751	85	134	0.47198978066444397
P08709	99	205	0.6890733242034912
P23921	774	791	0.4181945323944092
P32927	217	333	0.49868449568748474
P52736	50	120	0.41036632657051086
P52736	199	628	0.69593745470047
Q08AG5	118	374	0.6208094358444214
Q08AG5	412	583	0.43647587299346924
Q14624	736	760	0.35448333621025085
Q5T601	97	148	0.5257433652877808
Q5VYX0	274	325	0.5230298638343811
Q70EK9	221	241	0.41317349672317505
Q7RTY8	463	611	0.7046846151351929
Q8WY91	325	374	0.3982817232608795
Q9H8X9	310	338	0.40637749433517456
Q9NXD2	701	767	0.3478684425354004
Q9Y2G7	108	384	0.5717927813529968
Q9Y2G7	430	518	0.46812403202056885
A8MUX0	2	230	0.4323248267173767
A8MUX0	391	481	0.47208845615386963
O15403	469	490	0.3780675232410431
O75509	51	211	0.6565296053886414
O95872	206	234	0.3748696446418762
P08138	26	193	0.6806132793426514
Q13835	187	252	0.4691099226474762
Q13835	496	539	0.3595261573791504
Q16795	18	45	0.30601346492767334
Q5JVF3	14	57	0.32227540016174316
Q8IV20	50	67	0.2974106967449188
Q8N1W2	284	496	0.640622615814209
Q8N1W2	554	603	0.5553568005561829
Q96GE5	95	642	0.6608080267906189
Q99435	260	815	0.7303224205970764
Q9BY31	147	193	0.4046678841114044
Q9BY31	255	663	0.6690681576728821
Q9BY31	721	899	0.6191509962081909
Q9NP60	561	585	0.3854939639568329
Q9UIC8	20	37	0.32081156969070435
Q9Y2Y4	368	445	0.5805386304855347
O14773	512	542	0.46791642904281616
O43482	66	82	0.2848941683769226
P30530	146	252	0.39812350273132324
P78385	0	51	0.6350585222244263
P78385	376	484	0.4043615460395813
Q12933	19	238	0.6505021452903748
Q14721	672	696	0.5405616760253906
Q15973	69	350	0.6790714859962463
Q5H9R7	498	531	0.4921456575393677
Q86TL0	419	461	0.46812352538108826
Q96AP0	153	245	0.43365269899368286
Q9H3R2	172	195	0.44704732298851013
Q9H3R2	317	423	0.66147381067276
Q9Y6B7	569	603	0.34622958302497864
A0AAG2TVJ1	131	149	0.32280221581459045
O15523	168	186	0.33504417538642883
O43257	94	153	0.5421918630599976
O75373	101	535	0.6536723971366882
P01213	11	109	0.37973159551620483
P01860	103	171	0.2782658338546753
P17019	101	562	0.649177074432373
Q10588	265	297	0.3511744439601898
Q13263	111	254	0.5494044423103333
Q13769	645	673	0.416404664516449
Q15884	29	63	0.4898613691329956
Q15884	140	180	0.5755449533462524
Q495T6	73	97	0.4171043634414673
Q5MCW4	134	359	0.5774081945419312
Q5MCW4	380	685	0.6566365361213684
Q8N859	173	441	0.6221946477890015
Q9UJ78	244	427	0.5749310255050659
C9JE40	133	151	0.4753590226173401
O15535	135	156	0.2999696135520935
O15535	243	393	0.6513833403587341
O60896	10	35	0.3317199945449829
P04278	203	229	0.29659131169319153
P0CJ79	213	717	0.6624200344085693
P42701	165	213	0.40888485312461853
Q5VV52	111	306	0.6398559808731079
Q7L3S4	65	314	0.5428776144981384
Q7Z7A3	2	26	0.3649463653564453
Q8N0U4	0	39	0.4292886257171631
Q9UBM4	116	147	0.6113030314445496
Q9UDY8	711	738	0.6547843217849731
O00534	613	655	0.3973477780818939
O95633	25	238	0.6233828067779541
O96018	362	397	0.5428863167762756
P28698	356	458	0.6315871477127075
P28698	483	729	0.6289767622947693
P52739	307	393	0.5025122761726379
Q08AF3	0	27	0.2818649113178253
Q08AF3	357	372	0.40356990694999695
Q14563	502	587	0.6128974556922913
Q2M385	357	381	0.44324246048927307
Q2M385	544	560	0.39052528142929077
Q2TAL8	42	71	0.3592086136341095
Q6ZNI0	36	86	0.42312923073768616
Q7L7V1	714	742	0.41762518882751465
Q8NBF1	187	206	0.4261588156223297
Q8NBF1	280	345	0.3969477415084839
Q9HC57	72	198	0.40998098254203796
Q9NQZ8	122	488	0.6816376447677612
Q9UFP1	232	259	0.4049769639968872
Q8IUA0	38	240	0.6958034038543701
Q8N141	152	374	0.5764240026473999
Q8N141	442	531	0.4250374138355255
Q8N895	240	261	0.4166817367076874
Q8N895	275	456	0.7107263207435608
Q8WYA1	268	314	0.5901809930801392
Q92743	35	152	0.5260603427886963
Q96G61	4	20	0.33274319767951965
Q96SE7	124	168	0.45913049578666687
Q96SE7	201	219	0.28685909509658813
Q96SE7	240	441	0.6559253931045532
Q96SE7	456	838	0.6836257576942444
Q96SL8	20	125	0.6041958928108215
Q96SL8	195	248	0.48143503069877625
Q96SL8	330	379	0.6058279871940613
Q96SL8	411	495	0.4798572063446045
Q9ULV3	586	715	0.49047404527664185
Q9ULV3	787	841	0.41733458638191223
Q9Y263	0	21	0.428697407245636
P00748	48	301	0.6268791556358337
P17025	165	273	0.5866023898124695
P17025	314	622	0.5987061262130737
P22570	0	28	0.26101210713386536
P22570	332	357	0.32794976234436035
P26232	823	862	0.3535090982913971
Q15695	162	231	0.4497886300086975
Q6PJE2	126	178	0.45902490615844727
Q6Q0C0	118	169	0.6669233441352844
Q6Q0C0	196	297	0.49834147095680237
Q7Z736	670	720	0.5723816156387329
Q86SJ2	29	50	0.365824431180954
Q86VR7	331	617	0.4906129240989685
Q86XP0	681	703	0.3715328276157379
Q8N3F9	379	396	0.5737244486808777
Q96G91	317	336	0.471282958984375
Q9UF02	210	226	0.34949004650115967
Q9ULK6	252	281	0.4270532429218292
Q9ULK6	317	339	0.35184404253959656
A6NDA9	22	48	0.35084110498428345
P11161	344	419	0.6115170121192932
P41182	508	608	0.6194009780883789
P41182	645	688	0.3763423264026642
P51884	22	56	0.4136478006839752
Q02386	124	219	0.42296355962753296
Q02386	237	665	0.6615869402885437
Q5VTD9	122	326	0.7097983360290527
Q6DD87	65	183	0.5851491689682007
Q6DD87	274	292	0.5390853881835938
Q6VUC0	170	210	0.372913658618927
Q8N8L2	25	436	0.6327711939811707
Q92674	740	755	0.3165370225906372
Q9H8K7	208	244	0.44960370659828186
Q9H8K7	299	383	0.37853798270225525
Q9H8W5	0	47	0.44564738869667053
Q9H8W5	82	240	0.5807982683181763
Q9H8W5	358	408	0.4906700551509857
Q9H8W5	505	577	0.4221063554286957
Q9HBF4	14	117	0.5452232956886292
Q9HBF4	408	473	0.6714839339256287
Q9NZL3	160	706	0.6689836382865906
Q9P0J1	0	85	0.4983631372451782
Q9UJL9	155	200	0.3837771415710449
Q9UJL9	284	371	0.5134629607200623
Q9UJL9	382	533	0.5594321489334106
P04196	82	115	0.32228678464889526
P04196	231	253	0.4401344954967499
P0C7A2	0	24	0.49839457869529724
P17813	18	53	0.30983781814575195
Q14929	76	94	0.38908788561820984
Q14929	224	596	0.6842817664146423
Q6P179	495	521	0.4345913231372833
Q6P1L6	134	170	0.33375146985054016
Q6P1L6	238	598	0.67292720079422
Q6RFH5	38	57	0.3918534517288208
Q86VH4	27	58	0.3599110245704651
Q86VH4	333	370	0.4366765022277832
Q86X76	28	64	0.5066887736320496
Q8NCD3	255	277	0.33310946822166443
Q96QE5	19	57	0.3555239737033844
Q96QE5	126	151	0.36542046070098877
Q9NSB4	434	491	0.5154752135276794
Q9NZP8	182	251	0.5511482357978821
Q9NZV8	557	595	0.3380545377731323
Q9UDR5	331	413	0.7472584247589111
Q9Y2D8	28	59	0.33294686675071716
A6NC86	65	203	0.7397782802581787
A6PVC2	582	617	0.424182653427124
A6PVC2	766	838	0.4497476816177368
O95977	324	341	0.3863789439201355
Q13506	86	126	0.5356221199035645
Q5VTA0	458	473	0.41522255539894104
Q8NFN8	729	770	0.2995266616344452
Q9BZG1	23	43	0.3509703576564789
Q9BZG1	242	258	0.34186506271362305
Q9H7D7	639	660	0.35206276178359985
Q9H7L2	273	351	0.6064445376396179
Q9H7R5	148	677	0.6853834986686707
Q9HC38	14	32	0.3950387239456177
Q9UPX6	109	179	0.37006819248199463
B4DU55	177	562	0.6938402056694031
O75382	10	176	0.5392416715621948
P23771	260	361	0.5249434113502502
P60370	0	47	0.33595219254493713
Q14258	0	210	0.5706651210784912
Q6PII5	225	289	0.38473954796791077
Q6ZMJ4	183	204	0.33039820194244385
Q96A37	25	218	0.5748742818832397
Q96NS5	233	320	0.42385950684547424
Q99697	0	25	0.44086578488349915
Q9BX67	214	239	0.3123945891857147
Q9H3V2	183	199	0.38129422068595886
Q9H4P4	83	145	0.4670632481575012
Q9P2Y4	59	110	0.34879377484321594
Q9P2Y4	163	209	0.4508229196071625
Q9P2Y4	270	324	0.5170496106147766
Q9P2Y4	494	548	0.5492302179336548
Q9UDV6	412	476	0.5127789974212646
Q9Y6T7	739	803	0.4044487476348877
A0AAQ5BID4	0	24	0.4986990988254547
O00305	85	116	0.29612404108047485
O43255	71	173	0.6504518389701843
P00734	84	302	0.5862280130386353
P05556	398	416	0.38710567355155945
P05556	455	694	0.6253166794776917
P0CF97	59	111	0.5337391495704651
P28300	199	221	0.40524300932884216
P47883	308	333	0.37400954961776733
P51815	352	501	0.6097120642662048
P60508	31	66	0.41084498167037964
P60508	109	170	0.5420757532119751
Q6UW60	585	676	0.6104357242584229
Q6ZNA5	171	211	0.3909657597541809
Q6ZVD7	204	271	0.5870077013969421
Q8IYB7	140	168	0.48441046476364136
Q8NFR9	64	94	0.3253955841064453
Q92754	185	219	0.3914409875869751
Q96F83	264	324	0.4058871269226074
Q96RI1	78	225	0.48199597001075745
Q9BX74	38	111	0.517837405204773
Q9H2U9	340	575	0.7350382208824158
Q9H2U9	613	664	0.5608946084976196
Q9P255	57	530	0.6837501525878906
B1AKI9	215	297	0.5426045656204224
P06239	0	23	0.3901936113834381
P08631	230	252	0.3690629303455353
P36980	100	215	0.5228786468505859
P55001	144	182	0.5143766403198242
Q3KQV3	120	180	0.508895218372345
Q3KQV3	206	592	0.6385775804519653
Q66K89	46	86	0.3526340126991272
Q66K89	122	146	0.29292023181915283
Q66K89	203	286	0.5798177719116211
Q66K89	451	624	0.5722684264183044
Q6NSZ9	126	144	0.3387778699398041
Q6NSZ9	338	534	0.5724219083786011
Q6NVV9	333	401	0.5850449800491333
Q6UXH1	29	46	0.36869287490844727
Q6UXH1	117	326	0.6820592284202576
Q8IUN9	119	148	0.46977055072784424
Q8IUN9	159	184	0.31183573603630066
Q8WUT4	546	597	0.41896793246269226
Q92613	162	227	0.49616411328315735
Q96JX3	0	15	0.3829081952571869
Q9H694	414	448	0.6213311553001404
Q9H694	464	480	0.5871362686157227
Q9H694	846	881	0.33876338601112366
Q9H7X3	124	373	0.6398859620094299
Q9NQ30	16	160	0.6594841480255127
O14753	98	255	0.47078028321266174
P24001	21	49	0.3254757523536682
Q15916	284	312	0.317933052778244
Q15916	332	411	0.488385409116745
Q6S5L8	389	469	0.44491130113601685
Q8IWS0	208	230	0.39192867279052734
Q8N1N0	559	576	0.36287567019462585
Q8WXB4	205	221	0.4577239751815796
Q8WXB4	416	791	0.6451624631881714
Q9BYM8	443	509	0.4383962154388428
Q9GZV8	387	570	0.5916972756385803
Q9NQV5	1	63	0.35796624422073364
Q9NQV5	362	382	0.2906983494758606
Q9UHI8	432	640	0.7035173177719116
Q9Y4A8	652	681	0.3271126449108124
P25942	9	182	0.6485815048217773
P40197	17	40	0.3414062559604645
P48742	0	124	0.5951626300811768
Q03936	111	544	0.601580798625946
Q03936	557	585	0.3573816120624542
Q13275	540	584	0.6375247836112976
Q13275	730	753	0.2687961459159851
Q14119	63	104	0.5144004821777344
Q14119	168	335	0.653715193271637
Q15323	0	62	0.6061879992485046
Q15323	371	415	0.4651481807231903
Q15915	292	383	0.5822351574897766
Q8IZF7	28	159	0.506770133972168
Q8NAA4	267	284	0.3313499987125397
Q9BYV2	0	15	0.5736817717552185
Q9H091	237	264	0.44695255160331726
Q9Y2T1	510	564	0.4735317528247833
A8MZ59	169	197	0.3258466422557831
O15228	633	679	0.44395264983177185
O94921	11	54	0.2774639129638672
P01130	19	387	0.7195140719413757
P78536	404	647	0.6950151920318604
Q13105	297	592	0.6920198202133179
Q14586	92	157	0.40951240062713623
Q14586	244	742	0.6457505822181702
Q2M3W8	225	570	0.6378362774848938
Q53H12	5	29	0.3408983647823334
Q6NUI6	27	51	0.32515865564346313
Q6NUI6	402	440	0.28614240884780884
Q6NUI6	691	719	0.25561609864234924
Q6SJ93	39	88	0.442219078540802
Q8N944	474	511	0.4019583463668823
Q8N966	73	106	0.44699200987815857
Q8TDF6	35	71	0.41197100281715393
Q8WX94	955	979	0.42609110474586487
Q96P50	570	597	0.32923755049705505
Q9BR84	77	207	0.644653856754303
Q9BR84	311	537	0.6834980249404907
Q9H4Q4	233	316	0.6149048209190369
O43278	320	454	0.618632972240448
O95744	26	73	0.35715317726135254
O95744	232	296	0.46410006284713745
P21709	211	425	0.6080438494682312
P49590	23	42	0.3971777856349945
Q6ECI4	218	716	0.6782716512680054
Q6ZN19	74	152	0.37173619866371155
Q6ZN19	164	321	0.7135064601898193
Q6ZN19	332	406	0.583727240562439
Q6ZN19	473	792	0.6569297313690186
Q8IWU5	429	521	0.44804689288139343
Q8IWU5	713	748	0.5353590846061707
Q8TD86	0	26	0.3357093632221222
Q92908	382	483	0.5204887390136719
Q9BTV6	0	15	0.478286474943161
Q9BTV6	417	447	0.3115744888782501
Q9BUZ4	0	269	0.6424980163574219
Q9ULK2	36	91	0.35823294520378113
Q9ULK2	103	125	0.4461284875869751
Q9ULK2	455	471	0.3008343279361725
A6NM28	148	369	0.6607167720794678
O14775	0	52	0.40839412808418274
O43361	116	152	0.3391112983226776
O43361	284	751	0.6231658458709717
P0C7P0	45	111	0.4035535752773285
P60852	206	273	0.6330989003181458
Q3B726	17	44	0.37106868624687195
Q6ZN68	335	369	0.4124002754688263
Q96NX5	380	437	0.4094693064689636
Q9HCZ1	199	679	0.6520220041275024
Q9NX38	74	99	0.5269549489021301
Q9UF12	0	17	0.4219159483909607
Q9UII5	24	560	0.6403164863586426
Q9UII5	601	782	0.6082894802093506
Q9Y5F3	764	783	0.3506641089916229
A6NFC9	199	238	0.34303125739097595
O94892	117	144	0.27725303173065186
O94892	195	496	0.6256109476089478
O94892	534	646	0.5707534551620483
P10643	18	147	0.5528175234794617
P10643	449	520	0.5864424109458923
P10643	540	582	0.43580150604248047
P10643	644	842	0.6179941296577454
Q05516	378	432	0.5254482626914978
Q05516	502	669	0.5931392312049866
Q13351	277	361	0.4799150228500366
Q3MIS6	102	131	0.41110917925834656
Q3MIS6	172	627	0.6794074773788452
Q6P9A3	130	639	0.5889360904693604
Q6UWV7	141	172	0.4546118378639221
Q6UXZ4	261	390	0.5820555090904236
Q8NC26	28	68	0.2634420096874237
Q8NC26	248	278	0.363226056098938
Q8NC26	290	416	0.530993640422821
Q92466	43	67	0.33966195583343506
Q9BVI4	492	515	0.3531460165977478
Q9BYC2	10	38	0.3570360541343689
Q9BYC2	489	515	0.32001644372940063
Q9H1U4	195	448	0.6655449271202087
Q9HB63	254	480	0.7132889628410339
Q9UGR2	131	161	0.35848039388656616
Q9UGR2	404	499	0.42540717124938965
Q9UGR2	562	582	0.3626774251461029
Q9UGR2	681	723	0.5134102702140808
Q9UGR2	754	784	0.5310742259025574
Q9UGR2	871	919	0.5360210537910461
O94842	571	614	0.4500645101070404
P52735	134	174	0.3506160378456116
P52735	559	614	0.41053473949432373
P52735	637	666	0.24335497617721558
P78325	150	192	0.5081191062927246
P78325	301	650	0.7342079877853394
Q15572	13	31	0.30798617005348206
Q16842	46	89	0.6204968094825745
Q17R60	674	755	0.5108714699745178
Q4VX76	278	310	0.45064789056777954
Q5JVG8	102	443	0.5735659599304199
Q8IYD2	320	349	0.45627784729003906
Q8N9U0	0	91	0.3730539083480835
Q8TAP6	474	523	0.5963979363441467
Q9P0T4	79	190	0.5457567572593689
B2RXF5	287	419	0.5881734490394592
P0DTL6	126	242	0.5483372211456299
P49116	242	264	0.30126670002937317
Q02487	662	685	0.307783842086792
Q02487	765	828	0.6483425498008728
Q0D2K2	235	261	0.39585188031196594
Q3ZLR7	189	250	0.4701623320579529
Q6EMK4	24	46	0.43063119053840637
Q6EMK4	317	348	0.37553688883781433
Q6ZNA4	891	993	0.46167853474617004
Q8IYR6	55	146	0.7028545141220093
Q8IYR6	261	319	0.5736774802207947
Q8N782	202	478	0.6302806735038757
Q96EK7	841	856	0.35321515798568726
Q99679	310	326	0.2813229262828827
Q9HCE7	133	176	0.4475119709968567
Q9HCE7	291	311	0.3579869866371155
Q9HCE7	327	351	0.3240658938884735
Q9NZR4	241	279	0.3972585201263428
Q9UJW7	102	159	0.4990942180156708
Q9UJW7	192	265	0.5310183763504028
Q9UJW7	341	824	0.7078153491020203
P60372	11	52	0.3929435908794403
Q15633	255	355	0.4259605407714844
Q1L5Z9	142	225	0.3910084366798401
Q5U5Q3	213	230	0.3845776915550232
Q5U5Q3	308	324	0.2822946608066559
Q8IUX8	27	288	0.6937367916107178
Q8IVN8	11	97	0.6214253902435303
Q8TE58	422	441	0.6814841628074646
Q8TE58	459	591	0.6674941778182983
Q96IP4	51	70	0.39325475692749023
Q9BS31	170	424	0.6520940065383911
Q9UNI6	15	45	0.2611568570137024
Q9UNI6	214	251	0.4826601445674896
O76050	227	259	0.3121086061000824
P30260	130	190	0.6806526184082031
P52743	114	201	0.5760080218315125
P59990	0	95	0.39293143153190613
Q14872	105	160	0.4062972068786621
Q14872	222	305	0.5715816617012024
Q14872	622	645	0.33829018473625183
Q4U2R8	40	67	0.30432838201522827
Q4U2R8	82	113	0.4170723855495453
Q8NAC3	80	134	0.4763641655445099
Q8TBG4	10	27	0.3538358211517334
Q8WWL2	558	698	0.5155890583992004
Q92844	314	352	0.4374721050262451
Q92844	371	424	0.46989861130714417
Q9BXU7	199	243	0.28587496280670166
Q9BXW4	125	146	0.3224843442440033
Q9C0K0	178	264	0.47857746481895447
Q9C0K0	426	480	0.5535767078399658
Q9C0K0	792	874	0.49134397506713867
Q9H871	366	386	0.403501033782959
Q9HCL2	47	78	0.4126986563205719
A1L4K1	137	201	0.5745909810066223
O43854	22	174	0.6701873540878296
O95073	98	126	0.3633888065814972
P15336	1	61	0.4318707585334778
Q07352	114	190	0.5910792946815491
Q68DL7	304	329	0.37923797965049744
Q6PJF5	483	532	0.6088552474975586
Q6PJF5	547	629	0.5744894742965698
Q6PJT7	591	661	0.6447623372077942
Q6PJT7	674	729	0.5113334059715271
Q6UX15	308	355	0.419127881526947
Q8IZC7	68	128	0.4453176259994507
Q8IZC7	164	423	0.6110960841178894
Q8N126	187	252	0.4670073986053467
Q8N9K5	0	29	0.2886184751987457
Q8N9K5	155	529	0.6614844799041748
Q8NG48	542	573	0.41143885254859924
Q8WUP2	175	372	0.617500901222229
Q9H2X0	639	656	0.5000112056732178
Q9H2X0	775	939	0.4947776198387146
Q9NVW2	526	623	0.5442991256713867
Q9NX94	254	288	0.3596208691596985
Q9UQR1	210	295	0.40520036220550537
O43463	0	38	0.44259893894195557
O43463	379	411	0.4662635922431946
P02749	120	344	0.6290651559829712
Q5JQC9	6	35	0.39411303400993347
Q5JQC9	123	176	0.41596031188964844
Q63ZY3	111	128	0.37240052223205566
Q8NDL9	418	456	0.6818435192108154
Q8NDL9	517	544	0.4322732388973236
Q9NZC7	376	391	0.35237133502960205
Q9P0P0	46	139	0.4877834916114807
Q9UK39	83	141	0.32131826877593994
Q9Y5A6	271	470	0.6716170310974121
Q9Y5B8	225	243	0.4870719909667969
P24592	27	99	0.3804665803909302
Q13572	397	413	0.4085294008255005
Q68DY9	159	488	0.6646499633789062
Q6UWZ7	178	203	0.3539436459541321
Q6UWZ7	264	335	0.44637662172317505
Q6XR72	397	436	0.4944040775299072
Q76KX8	85	102	0.3246411085128784
Q76KX8	219	673	0.6943397521972656
Q8IXR5	573	588	0.3588925898075104
Q8TAT5	244	301	0.6009847521781921
Q8TAT5	314	375	0.6065334677696228
Q96CK0	331	361	0.44300633668899536
Q96CK0	523	606	0.5260558128356934
Q96MM3	38	133	0.3876170814037323
Q96MM3	166	231	0.4884655475616455
Q96ND0	0	33	0.357788622379303
Q96SR6	216	549	0.6460587978363037
A6NCM1	378	423	0.32621753215789795
O43623	120	267	0.6321508288383484
O76074	59	78	0.3228304088115692
O95081	26	52	0.5244513750076294
O95190	7	59	0.44359782338142395
O95600	267	352	0.5390689373016357
P05106	449	704	0.660719096660614
P17026	40	193	0.6172041296958923
Q3ZCX4	143	641	0.656766951084137
Q7Z3S9	0	230	0.71571946144104
Q8NFY9	256	285	0.4957793951034546
Q96C12	0	20	0.29792940616607666
Q96C12	811	835	0.47219398617744446
Q96C12	851	873	0.29991671442985535
Q96C12	898	914	0.2945421636104584
Q9BXF6	79	104	0.36388859152793884
Q9GZM7	36	101	0.611372172832489
Q9GZM7	119	140	0.37963464856147766
A0A0G2JMH3	96	119	0.41066309809684753
A8MTQ0	70	149	0.43540456891059875
O14618	214	251	0.5881080627441406
O60320	208	223	0.3934647738933563
O75558	268	286	0.4971463978290558
O75829	271	333	0.5383501648902893
P07911	21	221	0.6725061535835266
P07911	267	326	0.6225700378417969
P29317	208	392	0.5802878737449646
P43351	15	30	0.29212048649787903
P60371	13	63	0.3427705466747284
P86452	802	818	0.39483800530433655
Q02535	0	28	0.5058294534683228
Q13485	1	25	0.41839054226875305
Q13485	308	327	0.5964929461479187
Q5VUJ5	94	116	0.3737391233444214
Q8IVB4	562	591	0.36478909850120544
Q96M53	52	75	0.44291070103645325
Q99965	364	547	0.674976646900177
Q99965	586	656	0.6725502014160156
Q9HB96	143	172	0.45863988995552063
Q9UM82	381	406	0.3905317187309265
Q9UM82	458	511	0.5604250431060791
A7MCY6	569	614	0.4684453308582306
P0C7M6	100	134	0.36149802803993225
P0DKX0	106	620	0.5483725666999817
P14679	20	61	0.5079753398895264
P21506	150	242	0.48141250014305115
P47974	152	225	0.6057693362236023
Q03938	110	598	0.6802123188972473
Q16589	319	343	0.38185915350914
Q53H47	272	341	0.5771515965461731
Q569K6	208	265	0.4103162884712219
Q5MJ68	219	257	0.269627183675766
Q86T96	83	122	0.4506697952747345
Q86T96	166	197	0.3747284710407257
Q86T96	222	244	0.4537482261657715
Q86T96	419	435	0.31956642866134644
Q86VH5	28	54	0.38541853427886963
Q86VH5	508	542	0.4430834949016571
Q92664	52	302	0.5025337934494019
Q9H6B1	56	111	0.4476381242275238
Q9HA38	132	180	0.41368818283081055
Q9NS37	324	353	0.5763404369354248
O43868	600	618	0.44273558259010315
O43868	633	656	0.6112837791442871
O95639	109	170	0.5126479268074036
P13671	14	247	0.6414780020713806
P13671	511	600	0.5923722386360168
P13671	736	932	0.6942850947380066
P26012	458	681	0.6637197732925415
P31268	78	137	0.41623687744140625
Q14192	0	278	0.6877794861793518
Q2TAL6	145	324	0.5861246585845947
Q7L985	32	56	0.3357127606868744
Q8IW52	258	283	0.2650134563446045
Q8IW52	330	380	0.5268082618713379
Q8IW52	691	717	0.392518013715744
Q92599	461	482	0.2957097589969635
Q9UKY1	64	87	0.44313889741897583
Q9UKY1	370	410	0.5547264218330383
P49746	260	479	0.6927466988563538
Q49A33	36	201	0.6177612543106079
Q6AZY7	97	130	0.3620273470878601
Q6AZY7	155	176	0.24547898769378662
Q6ZTA4	0	41	0.46586641669273376
Q6ZTA4	159	246	0.480176717042923
Q86X02	145	193	0.3655219078063965
Q8IWQ3	638	656	0.3669426441192627
Q8TAU3	47	68	0.42208507657051086
Q8TAU3	87	151	0.3907862603664398
Q8TAU3	213	571	0.6887791156768799
Q92784	253	376	0.594645619392395
Q9BXB4	244	300	0.5147925615310669
Q9HAU4	127	181	0.4558458924293518
Q9HAU4	335	400	0.2780785858631134
Q9HB58	454	604	0.5579084157943726
Q9UK12	109	290	0.6595276594161987
Q9UK12	303	450	0.5561698079109192
Q9Y3L5	164	182	0.4762468934059143
Q9Y5K3	44	71	0.31572669744491577
Q9Y6N8	578	600	0.41475898027420044
O75290	127	345	0.5942057371139526
O75469	162	191	0.2772153317928314
P17010	423	802	0.6583057641983032
P22607	60	113	0.44991427659988403
P23142	25	590	0.716660737991333
P78358	73	91	0.34754475951194763
Q15771	182	202	0.4433150291442871
Q6NY19	542	578	0.3664900064468384
Q86YG4	381	427	0.32467371225357056
Q8WV44	183	266	0.42172926664352417
Q8WV44	377	413	0.2978610396385193
Q96C10	166	181	0.4115215241909027
Q96C10	194	227	0.6233879923820496
Q9H2S9	147	288	0.6487055420875549
Q9UC06	132	445	0.6568008065223694
Q9UFB7	104	128	0.4969724416732788
Q9UFB7	433	489	0.30167871713638306
Q9UFB7	542	688	0.5781389474868774
Q9Y4W2	716	733	0.40589359402656555
Q9Y6M5	414	461	0.461115300655365
A0AAG2UUX9	675	744	0.5748637318611145
O14798	61	153	0.528307318687439
Q06481	342	387	0.49810993671417236
Q13547	0	30	0.36825239658355713
Q6IN97	268	319	0.40079745650291443
Q7Z4K8	0	67	0.4434904456138611
Q7Z4K8	101	263	0.47506147623062134
Q86UW9	157	210	0.48200342059135437
Q86UW9	401	444	0.4769393503665924
Q8IVH8	534	554	0.38348570466041565
Q8IZU9	681	713	0.44581422209739685
Q8TAQ5	107	687	0.6569375395774841
Q96DT7	247	347	0.44223135709762573
Q96DT7	711	726	0.32622793316841125
Q96DT7	737	804	0.4631962478160858
Q9H0M5	117	201	0.4822216033935547
Q9H0M5	236	741	0.6430699825286865
Q9NUE0	323	358	0.4563039541244507
O60481	318	409	0.5742316842079163
P20333	28	198	0.5536202192306519
Q09013	350	382	0.5404209494590759
Q13444	300	596	0.668803334236145
Q13444	635	692	0.5916717648506165
Q3KQV9	43	61	0.36653462052345276
Q8IX90	219	242	0.4154719114303589
Q8ND82	228	250	0.37237870693206787
Q8ND82	338	492	0.5752333402633667
Q92935	71	90	0.3582622706890106
Q96ND8	200	548	0.6215131282806396
Q9H7V2	78	123	0.4708000123500824
Q9H902	99	120	0.3236352801322937
A6NEL3	81	115	0.42171725630760193
A8MPX8	516	552	0.3749755620956421
O95389	120	306	0.6036849021911621
P09622	0	22	0.32077041268348694
P48507	8	49	0.33809366822242737
P48740	134	211	0.5185788869857788
Q5CZA5	196	323	0.6600267887115479
Q5CZA5	410	562	0.6686016321182251
Q5T0T0	256	290	0.47165825963020325
Q8IZ69	207	280	0.5855550169944763
Q96BR6	57	157	0.33291980624198914
Q96BR6	265	441	0.6713045835494995
Q9H1M4	9	78	0.3114645183086395
Q9HAV5	0	129	0.579197883605957
Q9UGI0	78	113	0.38570165634155273
Q9UGI0	139	194	0.4401063621044159
Q9Y5G6	766	807	0.3593030869960785
P17544	7	51	0.4341128170490265
P52888	670	688	0.4025881588459015
Q16222	468	485	0.3500968813896179
Q17RP2	377	399	0.29637080430984497
Q6IA86	792	825	0.4419522285461426
Q8TBZ8	99	534	0.6617256999015808
Q8TDD5	516	544	0.380668580532074
Q8WXT5	301	381	0.29906851053237915
Q9H892	457	477	0.39482372999191284
Q9NZJ0	29	50	0.29682213068008423
Q9NZJ0	551	597	0.4773934483528137
Q9UKF2	355	578	0.7783611416816711
Q9UKF2	616	669	0.6576238870620728
Q9Y6Q6	29	187	0.645354688167572
Q9Y6Q6	272	334	0.6400036811828613
A0A1W2PQL4	77	383	0.6497282385826111
A8K8V0	133	291	0.5851825475692749
A8K8V0	303	375	0.5904170870780945
P22888	24	48	0.33698806166648865
P22888	285	324	0.5863580703735352
P22888	335	353	0.2887783944606781
P22888	683	698	0.432111918926239
P43897	289	313	0.3492461144924164
Q08493	286	315	0.28123167157173157
Q5HYK9	143	602	0.5816428065299988
Q5QP82	401	458	0.644805908203125
Q7Z2W4	142	224	0.5780321955680847
Q7Z2W4	503	528	0.4586130380630493
Q7Z2W4	706	728	0.2857217788696289
Q7Z695	0	55	0.30344709753990173
Q8N323	275	320	0.4534063935279846
Q8NC06	217	262	0.40179023146629333
Q92796	0	27	0.3388492465019226
Q96DX7	8	60	0.34325531125068665
Q9UBE8	433	465	0.5411326289176941
P82663	121	163	0.41634854674339294
P98171	693	722	0.42262765765190125
Q14494	243	264	0.34805893898010254
Q16853	724	754	0.4769710302352905
Q5VTB9	212	242	0.3382507264614105
Q6MZW2	50	115	0.6243993043899536
Q96A61	171	261	0.4166669547557831
Q96EP1	292	372	0.6274608969688416
Q96EP1	629	663	0.35470107197761536
Q9BSL1	317	340	0.29005497694015503
Q9C0J9	353	376	0.39157867431640625
Q9NR45	0	16	0.428646981716156
Q9Y597	570	604	0.3756859302520752
O00206	0	28	0.341202050447464
O75123	80	441	0.6318022012710571
O75123	456	504	0.44256892800331116
P17022	405	545	0.6367287039756775
P83110	22	131	0.5681990385055542
Q6ZNB6	204	603	0.5662545561790466
Q6ZNB6	626	834	0.5876414775848389
Q7RTU5	55	78	0.3290245831012726
Q8N5C7	34	68	0.4972175657749176
Q96I24	318	334	0.3350844979286194
Q96MT1	565	589	0.43453875184059143
Q96QF7	652	684	0.4732317328453064
Q9NQ75	0	32	0.4496850073337555
Q9NUD5	325	396	0.6602412462234497
O15232	262	463	0.7130405306816101
O75170	754	775	0.33987998962402344
P18564	445	694	0.6251547932624817
P98155	28	441	0.6522282361984253
P98155	700	751	0.6420968174934387
Q15582	58	80	0.3839717209339142
Q5T1N1	52	82	0.31610292196273804
Q5T1N1	111	159	0.31592050194740295
Q5T1N1	597	642	0.4426058530807495
Q5T1N1	657	681	0.4019421637058258
Q5T1N1	762	811	0.2645892798900604
Q5T9A4	593	627	0.40707531571388245
Q6PEZ8	24	52	0.3543371260166168
Q6UW63	476	501	0.32006028294563293
Q6UXK2	214	246	0.26363277435302734
Q6UXK2	339	368	0.4602559804916382
Q86VQ0	302	352	0.37266361713409424
Q8TD46	237	254	0.3501894772052765
Q8TF68	223	465	0.630132257938385
Q96E93	57	83	0.3504454791545868
Q96MX3	107	157	0.41351786255836487
Q96MX3	270	383	0.6349686980247498
Q9BXP5	410	431	0.32081788778305054
Q9BXP5	632	649	0.3403276205062866
Q9C0B0	35	176	0.5906668305397034
Q9C0B0	195	316	0.4446999430656433
Q9C0B0	754	809	0.4041014313697815
Q9HCG1	70	115	0.4245264232158661
Q9HCG1	135	164	0.27969589829444885
Q9HCG1	242	816	0.6994301676750183
Q9P2F5	182	232	0.40748345851898193
Q9UJN7	103	357	0.6667186617851257
Q9UKA1	437	533	0.3518880605697632
Q9UKA1	551	575	0.6394486427307129
Q9UKA1	659	690	0.5955203771591187
O00634	440	462	0.3268854022026062
O43294	217	330	0.6583640575408936
P07602	181	199	0.35837113857269287
P0CG37	79	158	0.5720677375793457
P17481	11	45	0.4356248080730438
P17481	73	110	0.5643491744995117
Q12946	136	155	0.5911893248558044
Q5T5N4	16	33	0.2559131681919098
Q5T5N4	173	192	0.35927921533584595
Q8N567	107	249	0.628163754940033
Q96NZ8	32	161	0.6352562308311462
Q96NZ8	252	425	0.6458430290222168
Q99985	511	574	0.6109687685966492
Q9H000	0	54	0.6194636821746826
Q9H000	157	221	0.5194995403289795
Q9H000	250	269	0.3436855673789978
Q9H963	0	128	0.6134263277053833
Q9Y397	282	298	0.3454757034778595
A6NK75	115	571	0.666041910648346
F8WCM5	105	142	0.47758519649505615
O00192	502	537	0.2846238911151886
O00192	555	591	0.3761703670024872
O43559	296	324	0.32042020559310913
O95185	268	372	0.5462504625320435
P0CG40	20	42	0.32899612188339233
P0CG40	307	412	0.4852045476436615
P19474	0	129	0.46567922830581665
P23025	88	152	0.38604018092155457
P23025	239	272	0.2965424358844757
P28562	131	171	0.4519731402397156
P63145	486	600	0.4901025593280792
Q06141	34	53	0.3633677363395691
Q14154	105	127	0.3574353754520416
Q14154	430	480	0.39758965373039246
Q14532	0	74	0.4116731882095337
Q14532	398	447	0.420451819896698
Q8IYB9	63	647	0.6781560182571411
Q8N130	262	283	0.3366742730140686
Q8N130	295	314	0.3197011351585388
Q8N130	557	598	0.29921281337738037
Q9BSW7	0	49	0.531599760055542
Q9H1R3	234	312	0.5449433922767639
Q9UIS9	125	267	0.5956500768661499
Q9Y2X9	255	375	0.560453474521637
P05129	21	38	0.3668450117111206
P43004	523	562	0.5033053755760193
P58304	231	258	0.31612491607666016
Q5SVQ8	22	53	0.3764713406562805
Q5SVQ8	195	233	0.4537922739982605
Q5SVQ8	360	647	0.6016379594802856
Q5SVQ8	678	750	0.49745428562164307
Q5VZF2	0	94	0.5690664649009705
Q5VZF2	170	247	0.660714864730835
Q5VZF2	325	372	0.5427017211914062
Q6XUX3	23	60	0.33484718203544617
Q6ZMS7	429	507	0.5213717222213745
Q7Z6J2	239	262	0.3681052327156067
Q86W11	293	490	0.6763424873352051
Q8IWC1	248	275	0.3174187242984772
Q8TA94	55	126	0.4566136300563812
Q8TA94	151	475	0.6579931378364563
Q9NQC1	188	227	0.6011040210723877
Q9NRH1	137	216	0.4758506119251251
Q9P2J8	195	257	0.40303438901901245
Q9P2J8	270	864	0.6293064951896667
A1A519	104	128	0.326645165681839
O15204	100	164	0.6143469214439392
O15204	367	469	0.5972513556480408
O95365	379	494	0.5801807045936584
P17041	65	272	0.6593160629272461
P40938	158	215	0.5058445930480957
Q14114	42	426	0.6172041296958923
Q14114	680	741	0.6094354391098022
Q6PJ61	309	327	0.36558300256729126
Q6PJ61	356	416	0.4847998321056366
Q6PJ61	519	584	0.5429825186729431
Q6ZN57	89	460	0.6818119883537292
Q7Z7E8	49	74	0.35150477290153503
Q7Z7E8	94	132	0.3305833339691162
Q8IVT5	85	103	0.29057180881500244
Q8IVT5	147	174	0.3275196850299835
Q8IVT5	341	405	0.5795592069625854
Q8IVT5	514	532	0.3180676996707916
Q8TBE0	374	395	0.47619664669036865
Q8TBE0	455	484	0.4439779818058014
Q96AC6	401	442	0.48346835374832153
Q96N95	241	330	0.5717409253120422
Q96RL6	424	508	0.5299464464187622
B7ZBB8	73	97	0.28915682435035706
B7ZBB8	133	179	0.2917303740978241
G9CGD6	488	514	0.39071252942085266
P12830	677	698	0.4381917417049408
P24386	561	608	0.5166020393371582
P78426	192	248	0.298210471868515
Q13191	368	458	0.5965248346328735
Q13342	668	760	0.653005838394165
Q17RM4	275	301	0.41315793991088867
Q68BL8	45	141	0.5925666689872742
Q6X9E4	420	442	0.33101794123649597
Q8IY22	346	384	0.44437313079833984
Q8IY22	426	449	0.4782354235649109
Q8NCF0	203	301	0.6820773482322693
Q96F46	177	201	0.2907427251338959
Q96F46	582	600	0.30885112285614014
Q96F46	700	720	0.33233651518821716
Q9H930	376	473	0.6442117094993591
Q9Y5W9	155	171	0.30789607763290405
O75610	231	262	0.5076101422309875
P55283	702	720	0.3685058057308197
Q02086	487	612	0.4030444920063019
Q15940	6	192	0.5566685795783997
Q16342	49	67	0.2490251660346985
Q16342	92	211	0.545184314250946
Q49AN0	186	217	0.44357743859291077
Q49AN0	512	530	0.2869406044483185
Q6PEW1	342	372	0.3092971444129944
Q8IYN0	0	23	0.40524744987487793
Q8IYN0	135	537	0.6374404430389404
Q8N8B7	277	306	0.4303095042705536
Q8TE96	368	401	0.3394654095172882
Q8TF20	4	558	0.6537567973136902
Q8TF20	620	910	0.6550021171569824
Q9BPW5	0	29	0.38841718435287476
Q9H165	117	177	0.365166038274765
Q9H165	376	429	0.5391327738761902
Q9H165	738	819	0.5151732563972473
A2RRH5	491	518	0.41570401191711426
Q12765	215	264	0.41403377056121826
Q12765	310	326	0.2541615962982178
Q69YN2	265	299	0.35324418544769287
Q6IV72	112	156	0.3505857586860657
Q6IV72	177	738	0.6376193761825562
Q86YD5	17	143	0.6519117951393127
Q8IUR5	22	44	0.4934201240539551
Q8N565	0	37	0.45094066858291626
Q8NFT8	304	626	0.7346127033233643
Q8WZA1	222	294	0.5553793907165527
Q9BRP0	105	249	0.48697730898857117
Q9BZE2	103	122	0.33107447624206543
Q9BZE2	435	457	0.2699136435985565
Q9GZU5	14	59	0.45203548669815063
Q9NU63	80	199	0.6938446164131165
Q9NU63	289	392	0.6406946182250977
Q9Y4X5	159	187	0.3168316185474396
Q9Y4X5	295	392	0.5069559812545776
A1L020	111	149	0.3013881742954254
A1L020	298	340	0.5278192758560181
P17024	67	102	0.3361120820045471
P17024	140	531	0.6620737910270691
Q6IEG0	59	147	0.36732217669487
Q6ZMT4	87	110	0.44786155223846436
Q6ZMT4	729	758	0.39134469628334045
Q6ZSA7	28	60	0.5246522426605225
Q86UP0	612	630	0.3960000276565552
Q86YE8	236	367	0.6238126754760742
Q86YE8	378	664	0.5913426280021667
Q8NE35	391	406	0.4539119303226471
Q8TEU8	38	184	0.6518637537956238
Q8TEU8	312	454	0.6718431115150452
Q9UHX3	21	277	0.6137902140617371
Q9UIF7	269	354	0.6070296764373779
A2A288	242	284	0.39989274740219116
O95390	294	315	0.4897773265838623
Q09FC8	56	79	0.3591781556606293
Q09FC8	113	163	0.3452751934528351
Q09FC8	239	602	0.6964499950408936
Q3KNW1	17	125	0.3784082233905792
Q3KNW1	143	288	0.5832974910736084
Q4G0N4	384	430	0.45882269740104675
Q5VWQ0	734	754	0.35598182678222656
Q8NI08	250	325	0.42447370290756226
Q8TAW3	116	148	0.27208441495895386
Q8TAW3	171	219	0.6161031126976013
Q8TAW3	269	530	0.6522769927978516
Q96PQ6	24	43	0.39202356338500977
Q96PQ6	165	594	0.6423653364181519
Q96RR4	34	61	0.4231138527393341
Q9BRR0	130	214	0.48213791847229004
Q9BRR0	309	536	0.5709407925605774
Q9BVC3	2	39	0.470779687166214
Q9Y345	118	147	0.3802154064178467
Q9Y6R6	132	311	0.6408533453941345
Q9Y6R6	322	339	0.2521249055862427
Q9Y6R6	351	712	0.6376992464065552
Q9Y6R6	743	807	0.4815574288368225
O43167	284	515	0.6862173080444336
O60496	56	80	0.2150169461965561
O60496	117	146	0.26424163579940796
O95125	381	455	0.5851715803146362
O95125	475	642	0.6558273434638977
P00736	145	223	0.7026368975639343
P00736	413	468	0.4357205033302307
P0DP72	364	523	0.635491132736206
P98169	261	278	0.28962138295173645
P98169	290	588	0.6506283283233643
Q12841	22	116	0.6654151082038879
Q14162	25	408	0.5986121892929077
Q14833	880	905	0.2981068193912506
Q5JRS4	303	328	0.33518970012664795
Q5T619	270	556	0.6098070740699768
Q6ZV65	370	391	0.32816416025161743
Q8IYH5	785	897	0.5482553839683533
Q8N3G9	378	414	0.48055145144462585
Q8N7C0	19	46	0.37313440442085266
Q8NFH8	25	48	0.5105799436569214
Q8NFH8	368	391	0.2727282643318176
Q96PV7	76	150	0.3533971607685089
Q96PV7	404	439	0.42670997977256775
Q96SK3	70	695	0.6468077898025513
Q99952	10	59	0.3490370512008667
Q9BYL1	25	50	0.3353005647659302
Q9HBK9	326	367	0.3328894376754761
A8MUV8	106	348	0.6596748232841492
A8MUV8	361	474	0.5134448409080505
B7ZC32	669	687	0.33950647711753845
O15327	192	232	0.5782719850540161
O15327	838	857	0.3580511808395386
O75679	9	97	0.6025024652481079
O75679	285	305	0.26389092206954956
P0CG00	344	495	0.6158419251441956
P19883	17	308	0.6610406041145325
Q14156	0	19	0.3339579403400421
Q14156	804	820	0.30987584590911865
Q6ZSS3	163	339	0.5086644291877747
Q7L0X2	253	302	0.45692312717437744
Q86SX3	231	250	0.42596521973609924
Q86VV4	15	53	0.23714274168014526
Q86VV4	161	214	0.5187123417854309
Q86VV4	258	285	0.2547400891780853
Q9ULB5	574	599	0.5362833142280579
O95876	0	17	0.35359910130500793
O95876	658	710	0.43467405438423157
P07988	277	380	0.6050348877906799
P0DPK4	22	287	0.6988515257835388
Q2VPA4	84	105	0.3968346118927002
Q6P9G9	325	517	0.6197859048843384
Q96GC6	477	639	0.6324039697647095
Q9BWE0	61	196	0.45429277420043945
Q9BWE0	234	309	0.48921728134155273
Q9BWE0	370	561	0.6287788152694702
A2RU30	53	152	0.5593386292457581
P01042	82	153	0.5497150421142578
P16581	118	554	0.7000970244407654
P17038	84	808	0.6620813608169556
P52741	81	115	0.6424571871757507
P52741	162	426	0.6757434010505676
P62633	39	175	0.6927714347839355
Q02556	75	184	0.5238524079322815
Q02556	394	420	0.37166646122932434
Q53H54	90	111	0.30746641755104065
Q8N423	150	185	0.5211284160614014
Q8NDQ6	62	91	0.3648986518383026
Q8NDQ6	175	307	0.5417032241821289
Q8NDQ6	319	501	0.4727441966533661
Q8NDQ6	516	659	0.5451679229736328
Q96JB8	304	328	0.2815588116645813
Q96JB8	355	414	0.5141489505767822
Q96JS3	25	52	0.32491829991340637
Q96JS3	101	167	0.4103620648384094
Q9UI38	102	118	0.296230286359787
P19438	30	212	0.6632179617881775
P19438	436	454	0.2910577952861786
P55289	579	603	0.4896414279937744
Q04756	101	296	0.7191559076309204
Q07617	164	181	0.28666383028030396
Q07617	491	513	0.5075759887695312
Q07617	620	643	0.29299160838127136
Q6IE81	183	229	0.5155624747276306
Q75VX8	337	366	0.3612734079360962
Q86TH1	42	186	0.6057011485099792
Q86TH1	560	950	0.6322468519210815
Q8IU80	459	596	0.6430143713951111
Q9HBW9	8	116	0.6474473476409912
Q9N2J8	39	57	0.26176512241363525
Q9N2J8	154	172	0.3870263993740082
Q9N2J8	235	280	0.3348613381385803
Q9NQ69	187	217	0.4603337049484253
Q9Y694	55	90	0.37731340527534485
Q9Y694	114	138	0.31056031584739685
A0A087WUV0	166	258	0.4181341826915741
A0A087WUV0	270	509	0.6122463941574097
Q32M78	109	641	0.6295657157897949
Q6UXB4	75	107	0.3680868446826935
Q86UY6	193	225	0.5428000688552856
Q8N3Z6	166	213	0.34692856669425964
Q8N3Z6	229	395	0.6320595145225525
Q8N9F8	73	142	0.38620996475219727
Q8N9F8	176	521	0.6089594960212708
Q8NB78	49	87	0.549293577671051
Q8NB78	217	278	0.3459136188030243
Q8NFU1	407	447	0.5164477229118347
Q8WW14	20	36	0.2972525954246521
Q96FN5	462	518	0.3807416260242462
Q9NR56	0	90	0.547868013381958
Q9NR56	170	253	0.652513325214386
Q9NRH2	678	764	0.5299651622772217
Q9NXR5	164	220	0.5325973629951477
Q9UGT4	24	54	0.6018149852752686
Q9Y2E6	182	209	0.2799222469329834
O15062	588	671	0.44561851024627686
Q6NZY4	215	277	0.4614667296409607
Q6P1R4	307	336	0.26113030314445496
Q6P1R4	391	443	0.5383089780807495
Q6ZW61	199	248	0.5598569512367249
Q8IWA0	716	731	0.3458687961101532
Q8N2I2	48	89	0.42339223623275757
Q8N2I2	101	123	0.2595447301864624
Q8N2I2	156	490	0.6461260318756104
Q8N841	833	890	0.39158323407173157
Q9H5Y7	20	51	0.420752614736557
Q9H5Y7	317	343	0.47840434312820435
Q9H5Y7	559	576	0.3586811125278473
Q9HCG7	49	76	0.3572443425655365
P04217	164	220	0.4072677493095398
P40763	679	737	0.3780111074447632
Q08554	667	685	0.3189855217933655
Q08554	757	779	0.7527430057525635
Q08554	824	893	0.6478636860847473
Q13438	170	260	0.5577971935272217
Q5T2R2	68	90	0.30883023142814636
Q5T5M9	344	361	0.3089231848716736
Q7Z5L7	52	100	0.4793752431869507
Q8NEL9	225	252	0.3883848488330841
Q8NEL9	301	317	0.3190779387950897
Q8TCF1	0	114	0.5926393866539001
Q9BW71	426	490	0.28307315707206726
Q9H693	34	109	0.4209407567977905
Q9H7M6	374	416	0.39918363094329834
Q9HCE5	97	135	0.30815041065216064
Q9HCE5	373	392	0.26971864700317383
Q9NP86	0	15	0.37233248353004456
A0PJY2	109	203	0.5971852540969849
A0PJY2	237	426	0.6257577538490295
O15209	475	566	0.5039052963256836
O60279	191	209	0.37999817728996277
O75185	48	64	0.2821634113788605
O75185	360	386	0.4861994981765747
O94989	713	744	0.5074769258499146
P10243	377	424	0.4372544288635254
P30048	30	69	0.397623211145401
P60413	6	61	0.3750629425048828
P60413	216	244	0.3443433940410614
Q03924	34	482	0.6059602499008179
Q5T0N5	348	373	0.561355471611023
Q8N8E2	122	239	0.4878239631652832
Q8N8E2	304	338	0.33940255641937256
Q8N8E2	353	493	0.6620249152183533
Q96FC7	5	54	0.37648022174835205
Q96FM1	20	53	0.45948562026023865
Q96G75	376	392	0.3522886037826538
Q96RU7	64	92	0.34392252564430237
Q9NTW7	11	57	0.3006269931793213
Q9NTW7	136	254	0.6348012089729309
Q9NTW7	287	440	0.6331494450569153
Q9NTW7	468	549	0.5585231781005859
Q9NTW7	567	597	0.40019020438194275
Q9Y5W3	271	354	0.44329366087913513
A5PLN7	354	381	0.5840204954147339
A5PLN7	396	412	0.33488959074020386
A6NIN4	5	106	0.4766642153263092
B4DXR9	106	134	0.41473570466041565
B4DXR9	161	191	0.31740811467170715
B4DXR9	220	584	0.6281542778015137
P00742	44	176	0.5455560684204102
P00742	207	246	0.2833198010921478
P29376	61	84	0.4918184280395508
Q02446	618	725	0.5563535690307617
Q07343	9	30	0.40098902583122253
Q07343	658	679	0.3308348059654236
Q8N0W4	725	746	0.3307041525840759
Q8NEP7	175	198	0.623562753200531
Q8WUI4	517	554	0.44303229451179504
Q96CW9	12	29	0.2938253879547119
Q96CW9	290	494	0.6700782775878906
Q96NG8	188	461	0.6569174528121948
Q99592	347	480	0.6343193054199219
Q9GZX5	195	427	0.6786155700683594
X6R8R1	182	200	0.30122360587120056
O60269	224	305	0.5942100286483765
O75677	9	96	0.5957660675048828
P17021	38	92	0.3432556390762329
P17021	129	149	0.3397310674190521
P17021	176	340	0.704631507396698
P17021	454	661	0.6795377135276794
P51797	5	31	0.3522658944129944
P57075	358	379	0.3073055148124695
P57075	423	471	0.4922388792037964
Q13049	102	147	0.5525511503219604
Q68EA5	66	554	0.5947760343551636
Q6PJG9	486	525	0.40547242760658264
Q6PKC3	432	488	0.5306816101074219
Q6PKC3	524	582	0.526344895362854
Q7Z340	60	163	0.44115710258483887
Q7Z340	226	666	0.6616836786270142
Q8N6M9	0	142	0.60188227891922
Q96N96	126	160	0.4215240180492401
Q99741	140	169	0.32651665806770325
Q99741	404	427	0.27007240056991577
Q9H175	376	427	0.563494086265564
O00587	302	320	0.40094542503356934
P06127	152	214	0.5622525215148926
P06127	235	375	0.5608565211296082
Q14592	160	367	0.6273931264877319
Q15569	568	605	0.3140183389186859
Q2M3X9	210	578	0.6240292191505432
Q53GI3	314	551	0.5921950340270996
Q6ZN06	208	616	0.6442883610725403
Q6ZN17	120	168	0.5566428303718567
Q8NCG7	250	268	0.3690091669559479
Q8NCG7	593	670	0.346733033657074
O14613	78	113	0.45553696155548096
O15530	355	381	0.4287705719470978
P01880	347	377	0.26201894879341125
P83105	35	165	0.5357487201690674
Q14694	16	91	0.49705150723457336
Q5SQQ9	65	105	0.27240967750549316
Q6PCT2	640	686	0.6535312533378601
Q6PJ69	347	369	0.3630211055278778
Q86UG4	85	104	0.26039472222328186
Q86XN6	80	99	0.27690768241882324
Q86XN6	207	745	0.6493013501167297
Q8NCA5	0	40	0.30084747076034546
Q8NES3	356	378	0.38501664996147156
Q8WW36	33	149	0.6486390233039856
Q96EQ0	52	109	0.3491955101490021
Q96F86	74	90	0.34228217601776123
Q96IC2	218	235	0.3654434084892273
Q96IC2	409	424	0.26915255188941956
Q96IC2	434	464	0.4826747477054596
Q9GZZ0	154	183	0.4421638250350952
Q9UKW4	161	202	0.44284728169441223
A6NI03	4	140	0.520932137966156
O75052	401	467	0.43170639872550964
P12757	369	387	0.36249545216560364
P12757	401	419	0.4131338894367218
P12757	483	517	0.25010576844215393
P17020	208	681	0.6795295476913452
P51843	27	79	0.45852136611938477
P51843	236	260	0.24359335005283356
P53671	0	20	0.4394162595272064
P53671	311	328	0.4196777045726776
Q03989	233	279	0.2615273594856262
Q03989	337	361	0.2954387366771698
Q14435	92	111	0.2828812599182129
Q14435	138	182	0.4783492982387543
Q15181	233	288	0.48058581352233887
Q16585	301	317	0.33345603942871094
Q6NXG1	531	565	0.37975013256073
Q86UT5	80	124	0.428926020860672
Q8IYI8	97	556	0.607709527015686
Q8NCT1	343	398	0.40500137209892273
Q96LT4	109	138	0.38648083806037903
Q96PJ5	195	217	0.3341115713119507
Q96PU4	432	452	0.4271854758262634
Q96PU4	729	777	0.423528790473938
Q9BU70	7	72	0.3877045214176178
Q9H0E2	212	233	0.3325035572052002
Q9H3T2	519	546	0.5842298865318298
Q9HCN3	293	315	0.30644071102142334
Q9HCN3	519	541	0.36387261748313904
Q9HCN3	743	766	0.3168346881866455
Q9NS84	201	236	0.5003207325935364
Q9NVH0	270	298	0.28492507338523865
Q9NVH0	348	375	0.4448781907558441
O14734	124	152	0.32155364751815796
P54760	210	326	0.5813817381858826
P58317	55	236	0.522936224937439
P58317	249	389	0.527698814868927
Q13217	283	331	0.35799336433410645
Q14774	20	59	0.3149650990962982
Q2TB10	0	27	0.4098259210586548
Q2TB10	225	260	0.3843984305858612
Q2TB10	283	317	0.38550129532814026
Q6P280	139	156	0.22896815836429596
Q6P280	262	562	0.6107922196388245
Q6V9R5	137	162	0.42472973465919495
Q6V9R5	235	421	0.6219926476478577
Q7Z4H7	684	760	0.37227994203567505
Q8TAT6	553	607	0.5705939531326294
Q99959	480	498	0.41313496232032776
Q9BQA5	185	380	0.6044591665267944
Q9BXB5	272	304	0.403404176235199
Q9H2H0	25	77	0.4362657964229584
Q9HB20	148	187	0.40338894724845886
Q9NQ36	40	392	0.6977158188819885
Q9NQ36	455	476	0.7248173952102661
Q9NQ36	489	565	0.4678647816181183
Q9NQ36	626	842	0.6396161317825317
O75477	295	322	0.2870001792907715
O94972	8	59	0.3067082166671753
P16422	13	136	0.46828973293304443
P17643	82	122	0.6064795255661011
P41161	461	494	0.32206201553344727
P52429	132	180	0.6560942530632019
Q12904	277	311	0.4912129044532776
Q13467	178	220	0.3755892217159271
Q15760	333	361	0.42615383863449097
Q4AE62	194	239	0.4512568712234497
Q5H9S7	16	32	0.4179767072200775
Q5VV16	301	381	0.2923836410045624
Q96EY9	101	125	0.30037981271743774
Q96PX8	15	45	0.42032110691070557
Q96PX8	335	367	0.4541938304901123
Q99708	787	873	0.4135863780975342
Q9H6R7	691	719	0.5805510878562927
Q9NSD4	95	155	0.3741358816623688
Q9NSD4	174	418	0.6130133271217346
A6NIR3	131	147	0.360545814037323
O75943	314	345	0.46146050095558167
O75943	506	521	0.36380115151405334
P04118	21	111	0.582422137260437
P37023	22	100	0.5550674200057983
Q12947	184	206	0.4389175474643707
Q3MJ62	164	219	0.2624906599521637
Q3MJ62	233	388	0.6402877569198608
Q3SXZ7	405	437	0.2815883457660675
Q53RD9	80	339	0.6427593231201172
Q9BVQ7	17	119	0.3492186963558197
Q9H6U6	527	575	0.4661991596221924
Q9NP64	118	160	0.5286166667938232
Q9NX31	192	227	0.3169066607952118
Q9Y312	172	213	0.41042935848236084
Q9Y676	83	109	0.41401809453964233
O14771	317	454	0.5404346585273743
O95407	35	216	0.563461422920227
P27037	18	50	0.4315398335456848
P27037	75	120	0.6004222631454468
P31785	318	345	0.3186925947666168
Q14BN4	6	22	0.3874187469482422
Q14BN4	130	145	0.3463657796382904
Q6AW86	244	506	0.6965859532356262
Q7Z398	169	239	0.5085408687591553
Q7Z398	255	421	0.5896111130714417
Q7Z444	209	231	0.3774583637714386
Q8IYP9	13	74	0.6464014649391174
Q8N135	25	51	0.3472267985343933
Q8N3S3	402	450	0.5236408114433289
Q8N412	34	49	0.37281161546707153
Q8N412	71	131	0.6078492999076843
Q8N412	275	314	0.2915427088737488
Q96JA3	129	157	0.28382208943367004
Q96JA3	170	188	0.3784979283809662
Q96K58	102	410	0.621574878692627
Q96K58	516	578	0.41359734535217285
Q9Y264	24	54	0.41344961524009705
Q9Y5Q8	422	449	0.33297422528266907
A6NJ78	0	30	0.44673582911491394
A6NJW4	2	20	0.49173349142074585
A6NJW4	45	89	0.4502064883708954
O15041	512	590	0.6832299828529358
P05019	21	43	0.4081658124923706
P05164	157	182	0.5650891661643982
P05164	710	742	0.4533761441707611
P0DMP2	333	368	0.3153075873851776
P12277	122	147	0.40405747294425964
P40238	177	208	0.40351566672325134
P40238	231	247	0.3072323203086853
P40238	327	352	0.3874470591545105
P49639	24	64	0.6679351329803467
Q16670	232	476	0.605292797088623
Q16820	596	654	0.5472100377082825
Q658N2	176	328	0.5042526721954346
Q8NG06	0	151	0.5916997194290161
Q8NG06	238	283	0.284578800201416
Q9H707	46	404	0.5895869731903076
A8MYJ7	393	424	0.48368290066719055
O00311	333	387	0.5418525338172913
O00311	459	474	0.26435142755508423
O00311	513	558	0.26755616068840027
O14672	389	646	0.6620640754699707
O43316	129	147	0.27349692583084106
O43316	268	330	0.46754640340805054
P13674	279	325	0.37974080443382263
P35443	283	490	0.6852329969406128
Q13887	121	164	0.34693899750709534
Q13887	363	456	0.4854995906352997
Q14593	137	298	0.6083313822746277
Q14593	337	543	0.6226109862327576
Q14CW9	190	254	0.48401322960853577
Q5GFL6	222	247	0.40185683965682983
Q6AZW8	36	326	0.6601276397705078
Q6NX45	135	482	0.6594533324241638
Q8TCG2	449	480	0.3573184311389923
Q9BSJ5	213	247	0.3320428431034088
Q9BSJ5	456	500	0.47303134202957153
Q9H5J0	459	529	0.5872141718864441
Q9UKN5	557	752	0.5275607705116272
Q9Y3M9	167	605	0.6415764093399048
Q9Y3M9	621	744	0.6355590224266052
Q9Y6Q3	284	627	0.6813390254974365
O14628	70	97	0.47193706035614014
O14628	230	558	0.6250158548355103
O75077	440	651	0.7337557673454285
O76076	7	172	0.6230608224868774
P41002	0	27	0.3178333640098572
P41002	533	555	0.3298310339450836
Q05BQ5	37	111	0.562157392501831
Q8TBB0	53	143	0.43047240376472473
Q8TBB0	188	221	0.26546937227249146
Q93038	21	213	0.6750829219818115
Q93038	260	311	0.5510365962982178
Q96B86	139	173	0.5049291849136353
Q9H2S6	253	310	0.6019867062568665
A6NHJ4	61	116	0.29086312651634216
A6NHJ4	216	433	0.6536199450492859
A6NHJ4	452	624	0.5761705636978149
A6NNM8	80	116	0.29222625494003296
A6NNM8	675	744	0.4238416850566864
O95201	306	527	0.6233582496643066
P0CG21	13	31	0.3777461647987366
P0CG21	41	92	0.4189997613430023
P30203	120	193	0.6343109607696533
P36406	107	237	0.6063267588615417
P36406	269	287	0.292434960603714
P60014	7	54	0.4000681936740875
Q15696	160	226	0.45254647731781006
Q3KP31	88	420	0.6254295110702515
Q3KP31	431	575	0.6228163838386536
Q5TH74	86	192	0.5980949997901917
Q5VT03	34	59	0.4138410687446594
Q5VTM2	654	676	0.4609546959400177
Q66K79	28	55	0.32855695486068726
Q6NX49	133	153	0.23792827129364014
Q6NX49	201	250	0.5785995125770569
Q6NX49	260	709	0.6952235698699951
Q6PJ21	61	104	0.5553641319274902
Q6PJ21	248	295	0.6028627157211304
Q6WN34	26	180	0.596571147441864
Q86TG7	279	309	0.4461001753807068
Q8IYF3	0	15	0.38720905780792236
Q8IYX4	126	144	0.42675578594207764
Q8IZ13	0	80	0.39037054777145386
Q8N3X6	24	105	0.3416077196598053
Q9Y2H0	281	322	0.4593777060508728
B2RUY7	41	221	0.613882303237915
O60304	324	452	0.5440596342086792
Q6FHJ7	164	183	0.4181128144264221
Q7L945	139	451	0.6504713892936707
Q86SE9	131	152	0.40830472111701965
Q86SE9	225	241	0.28006595373153687
Q86V86	285	303	0.3861321210861206
Q8NF99	247	533	0.6875611543655396
Q8WVD3	4	117	0.5843374133110046
Q96AP7	115	187	0.3951852023601532
Q96AP7	231	247	0.4077403247356415
Q9NZ09	219	235	0.3777797222137451
Q9Y2L1	14	35	0.37396514415740967
Q9Y577	0	142	0.49942848086357117
Q9Y577	264	287	0.28042399883270264
A6NJL1	350	493	0.6172166466712952
O14793	30	47	0.28845512866973877
O14793	260	282	0.3939422369003296
P17097	146	163	0.5200099349021912
P17097	173	594	0.6412203907966614
Q16513	321	352	0.3504004180431366
Q8NEM0	732	751	0.4072636663913727
Q8NHY3	552	573	0.2692096531391144
Q8NHY3	596	640	0.34929031133651733
Q8WUA8	312	331	0.36663931608200073
Q96G42	524	543	0.4211657643318176
Q9NQV8	141	183	0.40946823358535767
Q9NQV8	612	684	0.37301477789878845
Q9NV58	120	148	0.4397883713245392
Q9NV58	525	543	0.5468275547027588
A6NC05	93	137	0.3860265016555786
A6NCI8	85	109	0.5718832015991211
H3BNL1	118	203	0.3434351682662964
Q5GH73	55	81	0.38926026225090027
Q86VD1	508	554	0.35316500067710876
Q8IWL3	26	82	0.4343286156654358
Q8WVD5	136	229	0.5665081143379211
Q96JM7	85	153	0.5005407333374023
Q96M20	525	550	0.3114478588104248
Q96MF2	92	192	0.5651239156723022
Q9HCB6	389	420	0.2522885799407959
Q9HCB6	440	732	0.5747158527374268
Q9UPV9	0	38	0.33477193117141724
A6PVI3	0	30	0.3740968704223633
B6SEH8	96	199	0.5622391700744629
O00339	249	646	0.7720163464546204
O00339	864	885	0.2716453969478607
P23276	70	116	0.4175179898738861
Q13360	114	219	0.6179729104042053
Q13360	259	480	0.6497899293899536
Q8N884	387	406	0.45578455924987793
Q96C28	156	369	0.6373242139816284
Q9H6S1	0	23	0.31287384033203125
Q9H6S1	244	297	0.43361160159111023
Q9P0U4	379	409	0.31412777304649353
Q9UIX4	204	219	0.3595609962940216
O95397	0	72	0.37323758006095886
P09758	26	144	0.5810684561729431
P15498	182	204	0.35947462916374207
P35453	180	195	0.3053380846977234
P51814	123	160	0.5137065649032593
P51814	294	815	0.6457594037055969
Q00266	0	17	0.4363749027252197
Q08AN1	141	773	0.676977813243866
Q5T4F7	19	72	0.25692787766456604
Q5T4F7	170	192	0.5223276615142822
Q5W0B1	0	86	0.4056297242641449
Q86YJ6	391	450	0.5420144200325012
Q8HWS3	14	46	0.3862994611263275
Q96N58	80	104	0.25640079379081726
Q96N58	221	589	0.6558427214622498
Q96PE6	158	470	0.6595481038093567
Q9NX65	213	252	0.30801188945770264
Q9NX65	483	688	0.6459909081459045
Q9P272	163	241	0.5096567273139954
Q9UKT4	38	114	0.5743775367736816
Q9UKT4	162	213	0.4083706736564636
Q9Y2D9	242	309	0.47144174575805664
Q9Y2D9	350	498	0.5541455745697021
A5D8T8	203	301	0.6807733774185181
P0C6S8	27	52	0.37974438071250916
P27918	31	214	0.5490161776542664
P27918	235	458	0.5410751700401306
P28908	22	144	0.6375829577445984
P28908	236	313	0.5387941002845764
P48307	108	225	0.6786954402923584
P51864	68	174	0.5845488905906677
Q03591	100	274	0.5733808279037476
Q06210	239	261	0.33220216631889343
Q5M7Z0	356	383	0.3434930443763733
Q7L513	30	58	0.31636694073677063
Q8N2G6	85	240	0.5383893251419067
Q8NEM2	29	61	0.36345043778419495
Q8NEM2	561	624	0.48898592591285706
Q96FE5	43	66	0.45634597539901733
Q96KM6	98	163	0.5205469131469727
Q96KM6	586	645	0.4803933799266815
Q96KM6	726	819	0.545102596282959
Q96NI8	124	182	0.2795673906803131
Q96NI8	200	526	0.6316162943840027
Q9H7S9	454	505	0.5344904661178589
Q9NVL1	80	164	0.34279686212539673
Q9UIK5	43	135	0.7074353694915771
Q9UIK5	246	307	0.5630545020103455
B4DSL7	34	70	0.25846633315086365
B4DSL7	118	186	0.42592883110046387
O75426	472	492	0.4137364327907562
O75426	508	532	0.4397663176059723
P22830	392	422	0.5771771669387817
P31273	11	48	0.504237949848175
P54826	45	251	0.5751407742500305
P54829	269	287	0.3112027645111084
Q2M3T9	423	480	0.48081353306770325
Q6PEV8	11	49	0.36607059836387634
Q86SQ3	0	79	0.6434631943702698
Q86WK7	25	44	0.4383962154388428
Q8N145	1	60	0.3016301691532135
Q8NEM1	161	190	0.47996991872787476
Q8NEM1	314	526	0.6156426072120667
Q9NX45	174	207	0.3310926556587219
Q9NX45	268	288	0.31662124395370483
B6SEH9	96	197	0.5812119841575623
F5H4B4	385	419	0.39409956336021423
O75437	117	386	0.5568597316741943
O75437	402	611	0.5941690802574158
O94880	309	396	0.5729275941848755
O94880	717	736	0.437358558177948
O94985	300	342	0.7170474529266357
P15036	42	81	0.3287142813205719
P29279	20	341	0.6520472168922424
Q16832	29	49	0.30075228214263916
Q1RMZ1	78	116	0.2609042525291443
Q1RMZ1	340	367	0.2976297438144684
Q2M218	159	199	0.38194483518600464
Q2M218	212	656	0.6044565439224243
Q5UCC4	104	135	0.5242210030555725
Q8N7W2	162	188	0.32005974650382996
Q8NFA2	140	218	0.35672643780708313
Q8TCW7	305	321	0.35623252391815186
Q9H5H4	264	535	0.6497423648834229
Q9H8M2	272	297	0.3578049838542938
Q9NZA1	126	169	0.3787838816642761
Q9UJV3	130	250	0.47400137782096863
Q9UJV3	708	732	0.42548277974128723
P15586	428	443	0.3258877992630005
Q8WUJ1	164	227	0.33137404918670654
Q9H9Z2	102	178	0.4586627781391144
A6NJT0	52	68	0.42501387000083923
O14498	17	35	0.25440773367881775
O14498	322	387	0.45543891191482544
O75467	244	506	0.685768723487854
P0CG31	70	168	0.314182311296463
P0CG31	234	521	0.6738588809967041
Q0D2J5	95	393	0.6070632934570312
Q12805	20	83	0.5433516502380371
Q12805	151	385	0.7209105491638184
Q14590	86	122	0.35262104868888855
Q14590	183	231	0.48442456126213074
Q14590	307	737	0.6936810612678528
Q16659	412	476	0.44863077998161316
Q16659	580	636	0.4144270420074463
Q6NSJ2	347	385	0.41175350546836853
Q6NSJ2	429	466	0.35337063670158386
Q6NSJ2	508	547	0.4843427240848541
Q6ZMU5	1	145	0.6082332134246826
Q8IW93	693	731	0.44122007489204407
Q8N2Q7	762	808	0.34428584575653076
Q8N5U6	527	596	0.44894281029701233
Q8NI51	120	149	0.3333559036254883
Q8NI51	251	445	0.6590256094932556
Q8NI51	468	572	0.537880539894104
Q96IT1	402	489	0.4622902572154999
Q96IT1	515	575	0.5136550664901733
Q9BUR4	150	182	0.3516138195991516
Q9BUR4	500	522	0.32908305525779724
Q9Y2L8	340	463	0.6189944744110107
Q9Y2L8	542	664	0.6567014455795288
Q9Y2L8	710	831	0.5960447192192078
P48050	335	381	0.30772921442985535
P57723	214	248	0.41251376271247864
P60410	39	71	0.3953087329864502
Q86XS5	55	83	0.33263763785362244
Q86XS5	139	154	0.2643164396286011
Q8IV42	10	29	0.4244888722896576
Q8NEG0	0	18	0.3097725510597229
Q8NEG0	87	113	0.2712385356426239
Q96KD3	213	228	0.3490886986255646
Q96M29	0	42	0.3334971070289612
Q9HBT8	233	520	0.6717363595962524
A0A1W2PPK0	83	166	0.5070919990539551
A0A1W2PPK0	222	289	0.47588077187538147
A6NNA5	147	218	0.4931764304637909
Q04759	294	338	0.31671491265296936
Q14587	181	198	0.3325037956237793
Q14587	218	453	0.684340238571167
Q14587	494	789	0.6533543467521667
Q14587	828	946	0.5926299095153809
Q5HYW3	85	111	0.24866999685764313
Q68D51	6	60	0.3700907230377197
Q68D51	110	220	0.36582937836647034
Q6L9W6	334	398	0.3135727047920227
Q6UWL6	85	148	0.4204949736595154
Q6UWL6	286	309	0.5197796821594238
Q6UWL6	358	401	0.44494059681892395
Q6UXI9	29	190	0.7166628837585449
Q6UXI9	392	418	0.3370107412338257
Q8IX30	16	338	0.7346386909484863
Q8IX30	353	441	0.6114051342010498
Q8IX30	474	538	0.445370078086853
Q8IX30	548	580	0.24541370570659637
Q8IX30	625	819	0.674095630645752
Q8TED4	42	74	0.27348464727401733
Q9H0J9	187	232	0.42158645391464233
Q9H0J9	267	284	0.3550862967967987
Q9H0J9	460	487	0.43753963708877563
Q9H8G1	142	161	0.38847020268440247
Q9H8G1	246	379	0.6272956132888794
Q9H8G1	400	567	0.5147008895874023
A5PLL1	165	199	0.33755049109458923
P05549	189	205	0.37608087062835693
P17030	106	449	0.6133331060409546
P26927	46	481	0.617040753364563
P80108	278	304	0.381355345249176
Q6PG37	65	89	0.3304310441017151
Q6PG37	183	612	0.6494836807250977
Q7L2R6	56	93	0.3147341310977936
Q7L2R6	118	162	0.4381597340106964
Q7L2R6	205	522	0.6596919298171997
Q86XR8	275	294	0.3013951778411865
Q86XR8	316	333	0.2841106951236725
Q8N8R7	108	131	0.347263902425766
Q92731	88	256	0.5209141969680786
Q96C55	111	218	0.5898649096488953
Q96S15	7	30	0.44363099336624146
Q96S15	708	745	0.5914467573165894
Q96S15	773	789	0.3477506637573242
Q9H0H3	561	579	0.29706552624702454
Q9UHN1	68	100	0.3944304585456848
Q9Y462	301	758	0.5894586443901062
A0A1B0GTW7	122	154	0.5905871987342834
O15389	149	224	0.4163774251937866
O15389	344	362	0.39822596311569214
O75815	246	268	0.37868940830230713
O75815	420	457	0.5425159931182861
P01008	8	57	0.34676221013069153
P17017	49	83	0.3179861307144165
P17017	93	641	0.6683065891265869
P22891	81	187	0.7097997069358826
Q14934	577	594	0.3466457724571228
Q6PF15	550	582	0.5933230519294739
Q6UVJ0	539	557	0.5220045447349548
Q6UWM5	180	221	0.5214912295341492
Q8NB59	383	413	0.34415510296821594
Q96EQ8	27	193	0.6024988889694214
Q96F45	424	448	0.5802529454231262
Q96F45	508	566	0.674967348575592
Q9BSJ1	38	136	0.35285526514053345
Q9BZ81	241	274	0.39498597383499146
Q9HBM0	21	42	0.318939745426178
Q9NR61	176	529	0.7227140665054321
Q9NR61	655	684	0.5271787047386169
Q9UF56	98	150	0.31781911849975586
Q9ULD5	547	605	0.5246096253395081
Q9ULD5	640	830	0.601564347743988
Q9Y603	177	216	0.624273419380188
A6NNF4	104	351	0.6504188179969788
A6NNF4	370	615	0.664539635181427
P26374	563	608	0.46730735898017883
Q6S5H5	86	114	0.3673105537891388
Q6UXF7	203	301	0.6736941933631897
Q8IXH8	671	698	0.4165172576904297
Q92496	114	232	0.6321008205413818
Q92496	498	531	0.37748557329177856
Q96BR9	275	385	0.5674687623977661
Q96LD4	132	217	0.482261061668396
Q9BRP1	40	60	0.2594803273677826
Q9BRP1	74	111	0.3467049300670624
Q9BZF2	183	221	0.31742343306541443
Q9C026	118	206	0.5336227416992188
Q9C026	224	345	0.3383450508117676
Q9HAH1	129	332	0.6795219779014587
Q9NRL3	393	426	0.4338306486606598
Q9UKB1	0	77	0.4297996759414673
O00635	3	136	0.5771540403366089
O75143	235	251	0.6331760883331299
P07357	24	173	0.6403199434280396
P07357	492	562	0.5793768763542175
P17405	578	630	0.37932151556015015
Q15399	514	536	0.4489062428474426
Q8IYW5	299	337	0.3452741801738739
Q8NE65	142	157	0.30838876962661743
Q8NE65	193	209	0.3157429099082947
Q8NE65	246	331	0.5941900610923767
Q96GS6	0	25	0.3748567998409271
Q96Q40	0	59	0.4846111834049225
Q9H8L6	696	734	0.4294780492782593
Q9UL41	411	438	0.3714822828769684
Q9Y385	131	179	0.4666571617126465
O75840	94	126	0.4384367763996124
O75840	211	301	0.5118154287338257
P01589	154	190	0.513952910900116
P10114	165	182	0.4126896560192108
P14222	29	123	0.35726022720336914
P14222	372	412	0.6036134362220764
P14222	492	511	0.3458424210548401
P14222	528	554	0.5393475890159607
Q13443	350	677	0.7400870323181152
Q2Q1W2	0	22	0.34573933482170105
Q2Q1W2	197	242	0.5311009883880615
Q58A45	31	75	0.548825204372406
Q58A45	452	486	0.2544902563095093
Q5SWL8	135	153	0.3091451823711395
Q8NCN2	403	467	0.424823522567749
Q8TAF7	198	548	0.6672297716140747
Q92765	138	192	0.4484175145626068
Q96BV0	99	220	0.5854605436325073
Q96BV0	269	379	0.5232715606689453
Q96BV0	439	522	0.4497637450695038
Q96LX8	170	269	0.6482757329940796
Q96LX8	324	423	0.5632008910179138
Q99728	548	566	0.3543459177017212
Q9UBX5	22	89	0.5362008810043335
Q9UBX5	99	341	0.730728268623352
Q9UKF5	384	561	0.7471147179603577
Q9UKF5	624	654	0.5822107195854187
A0ABJ7H351	81	149	0.5502667427062988
A0ABJ7H351	240	366	0.5161683559417725
O15265	105	141	0.5693097710609436
O15265	510	530	0.3557411730289459
O75173	322	689	0.7529261112213135
O75604	159	208	0.37652990221977234
O95243	154	169	0.30514317750930786
P17028	219	367	0.6252356767654419
P23743	218	293	0.43521830439567566
P23743	314	334	0.3447871804237366
P23743	695	713	0.37533876299858093
P34947	499	539	0.4268190264701843
P35680	241	310	0.3139762580394745
Q5EBM4	94	169	0.5828443169593811
Q5T700	59	204	0.6554057598114014
Q6NUJ1	24	100	0.5362383127212524
Q6NUJ1	161	183	0.34030094742774963
Q6VAB6	409	485	0.573468804359436
Q6XE24	205	229	0.30000245571136475
Q6XE24	353	370	0.3646846115589142
Q8N8J6	48	74	0.28213226795196533
Q8N8J6	90	115	0.30455633997917175
Q8N8J6	176	730	0.6926865577697754
Q8ND71	195	219	0.3294603228569031
Q96E35	149	220	0.5234953761100769
Q9BQE6	162	201	0.4492242634296417
Q9H6D7	0	34	0.41117557883262634
Q9NPC7	125	159	0.336540162563324
Q9NPC7	295	521	0.7133507132530212
Q9NXA8	246	309	0.5185399055480957
Q9P0J7	0	142	0.6387925148010254
A8MT65	203	543	0.6543501615524292
P05156	155	326	0.6401172876358032
P59817	286	362	0.5197350382804871
P59817	377	398	0.3164515793323517
Q6MZQ0	264	315	0.526959240436554
Q6P3S6	332	361	0.499314546585083
Q7Z3H4	281	307	0.44643309712409973
Q8N7C4	199	228	0.417786180973053
Q8N8J0	214	261	0.3961145579814911
Q8NA19	356	427	0.5098991394042969
Q8TF45	74	670	0.638854444026947
Q96JC4	85	523	0.6638021469116211
Q9P0N8	0	28	0.5171058177947998
Q9Y561	383	479	0.6839775443077087
O43196	572	590	0.34890174865722656
O75346	102	487	0.6605133414268494
O75398	483	557	0.5202891826629639
P09919	7	25	0.5405786037445068
P25103	313	332	0.3470816910266876
P55789	69	101	0.3375934958457947
Q13470	98	117	0.42126867175102234
Q13470	372	414	0.5238873958587646
Q13470	599	624	0.3134346306324005
Q6ZMS4	149	495	0.654241144657135
Q8IX05	141	171	0.2977202534675598
Q8N7B1	250	299	0.49940359592437744
Q8WXK3	0	19	0.3452659845352173
Q96D03	7	34	0.3393164277076721
Q96M11	11	29	0.29630497097969055
Q96M11	151	188	0.3652664124965668
Q9UNA0	542	646	0.6260687112808228
Q9UNE0	5	152	0.6509979963302612
P09913	129	169	0.35568806529045105
P0CG24	0	378	0.6681917905807495
P23219	26	44	0.297611802816391
P29122	687	968	0.6910467147827148
Q14CZ7	17	94	0.4049217700958252
Q52WX2	2	33	0.3444567024707794
Q6N043	237	255	0.3852248787879944
Q6N043	344	508	0.5681095719337463
Q6N043	615	740	0.5733543038368225
Q8IWZ5	0	101	0.3523503243923187
Q8IWZ5	136	170	0.5903694033622742
Q8IWZ5	240	260	0.3919621706008911
Q8IWZ5	533	566	0.4053165912628174
Q8N7M2	0	29	0.3419228196144104
Q8N7M2	49	65	0.4419268071651459
Q8N7M2	186	328	0.6156749129295349
Q8N7M2	395	669	0.641593873500824
Q8NCJ5	326	367	0.46417975425720215
Q8NCJ5	425	441	0.2969828248023987
Q8WY64	353	444	0.4988749921321869
Q92546	7	93	0.3696615695953369
Q969K3	0	16	0.4486801028251648
Q96F44	4	143	0.44984182715415955
Q96GP6	49	446	0.6146084070205688
Q96JL9	295	644	0.6422703266143799
Q96T25	404	553	0.5686190128326416
Q99062	113	191	0.724921703338623
Q99062	203	281	0.47839751839637756
Q9H579	27	54	0.3369986116886139
Q9NPY3	25	49	0.5192846059799194
Q9NPY3	119	468	0.6845834851264954
Q9NQX6	84	101	0.28697669506073
Q9NQX6	121	462	0.6583817005157471
Q9UNN5	233	262	0.4097003638744354
B4DX44	104	293	0.6716076135635376
B4DX44	305	411	0.48467621207237244
O43474	422	512	0.48673200607299805
O75582	688	740	0.4621628224849701
O75626	8	83	0.26188957691192627
O75626	563	695	0.5094756484031677
O94762	421	459	0.4023951590061188
O94762	975	990	0.2992744743824005
O95231	198	218	0.447854608297348
P04629	29	63	0.27516791224479675
Q14246	22	343	0.6666502952575684
Q14246	436	465	0.4244235157966614
Q15072	5	192	0.6543680429458618
Q15072	211	291	0.5210937857627869
Q8N6M6	40	104	0.38045644760131836
Q8N6M6	125	147	0.4952045679092407
Q8WTR7	205	291	0.537297785282135
Q8WTR7	311	870	0.6379627585411072
Q92563	74	208	0.5750842094421387
Q9BYT9	87	126	0.3217983841896057
Q9Y6W6	13	84	0.3773109018802643
O14863	411	428	0.4139593541622162
P05362	406	429	0.3697189390659332
P05362	443	471	0.2907406985759735
Q05C16	39	85	0.2924310863018036
Q14145	1	49	0.36418232321739197
Q14145	594	623	0.4205094575881958
Q6P3V2	82	136	0.33274149894714355
Q6P3V2	167	399	0.6295897960662842
Q6P3V2	427	767	0.6826213598251343
Q86Y01	394	415	0.28618425130844116
Q8N4P6	58	90	0.34814104437828064
Q8N7Q3	75	586	0.6296622157096863
Q9H0B6	420	480	0.3037665784358978
Q9NQV7	577	890	0.6795557737350464
Q9Y6X3	555	593	0.3419839143753052
O14638	42	159	0.669241726398468
O14638	559	586	0.44306305050849915
O14638	641	681	0.4197314381599426
P07225	55	286	0.6489839553833008
P07225	654	675	0.3164840042591095
P08047	601	705	0.5453062653541565
P08047	761	784	0.29987046122550964
P15621	96	662	0.6648191809654236
Q13368	315	349	0.49554672837257385
Q658L1	0	38	0.49737921357154846
Q674R7	739	761	0.2699548006057739
Q674R7	781	803	0.38488930463790894
Q8N5U1	12	27	0.39283478260040283
Q8TAK6	218	270	0.37775784730911255
Q92997	355	371	0.3789406716823578
Q9H832	225	254	0.3664037883281708
Q9NZ08	476	512	0.45540034770965576
Q9P1U0	0	125	0.5039076209068298
Q9Y2P7	127	626	0.6474689245223999
A0A096LNW5	21	269	0.7007057666778564
P07306	138	159	0.3933500647544861
P10072	0	32	0.39163416624069214
P10072	87	121	0.3161558508872986
P10072	138	180	0.31182947754859924
P10072	321	650	0.6807265877723694
P49910	267	484	0.6095596551895142
Q12967	782	801	0.4053664207458496
Q15109	186	276	0.511407732963562
Q15109	292	319	0.6073223352432251
Q16099	898	934	0.375683069229126
Q5T440	35	51	0.35606667399406433
Q6UY18	15	57	0.6118637919425964
Q8N1N4	463	491	0.43802231550216675
Q96EY1	60	76	0.4098968505859375
Q9H9D4	347	629	0.5754121541976929
Q9HAU8	52	74	0.363727867603302
Q9HAU8	120	141	0.3203689455986023
B4E2M5	126	164	0.32584482431411743
O75771	288	304	0.35408931970596313
O95025	530	594	0.6122486591339111
P08235	127	144	0.3247864544391632
P08235	434	451	0.7065839171409607
P08235	472	492	0.675428569316864
P22455	25	79	0.29284122586250305
P26651	101	171	0.5809323191642761
P78539	70	194	0.6988194584846497
Q6ZN54	237	305	0.6226460337638855
Q86UE3	154	278	0.4807521104812622
Q86UE3	291	482	0.6111277341842651
Q86UE3	518	835	0.638785719871521
Q8N1G2	128	178	0.37731242179870605
Q8ND24	632	702	0.6257175803184509
Q96P26	42	93	0.5313069820404053
Q9P2G3	608	627	0.39267271757125854
Q9Y4P8	366	399	0.3804491460323334
O95196	356	428	0.5553483963012695
P10075	180	375	0.6749757528305054
P24394	317	368	0.47623205184936523
P24394	705	739	0.44483935832977295
P47928	30	84	0.341659277677536
P52824	93	268	0.6950579285621643
P52824	343	362	0.496457040309906
P61236	0	36	0.3871801793575287
Q6A162	2	114	0.5488966703414917
Q6A162	393	430	0.5541175007820129
Q6ZMT9	399	433	0.31957462430000305
Q86XF7	84	233	0.424854040145874
Q8NEK5	79	532	0.6212972402572632
Q8TBJ5	125	162	0.4757985770702362
Q8TBJ5	180	206	0.5374261140823364
Q8TBJ5	270	431	0.6036161184310913
Q8WVZ1	227	253	0.3252197504043579
Q96NC0	49	123	0.41906723380088806
Q99944	92	200	0.6940144300460815
Q9BX82	158	623	0.6056756377220154
Q9NUX5	303	369	0.3360688090324402
Q9UKC9	395	422	0.5035141706466675
A0AAQ5BIG5	601	670	0.5489479899406433
O00300	24	199	0.6921080946922302
O43298	345	460	0.5105336904525757
O75569	273	301	0.43645232915878296
P48960	15	274	0.5912663340568542
P78413	5	69	0.4646121859550476
Q13501	0	45	0.3143402636051178
Q13501	102	180	0.6458607316017151
Q86Y38	268	310	0.40900903940200806
Q86Y38	912	944	0.5318962335586548
Q8IYM9	0	15	0.39480164647102356
Q8IYM9	41	117	0.40760937333106995
Q8NFM7	513	538	0.3035052716732025
Q8NFM7	548	604	0.30781427025794983
Q8TEY5	17	89	0.36780157685279846
Q8TEY5	101	211	0.42678987979888916
Q969W8	161	417	0.6265464425086975
Q9H160	205	266	0.5915153622627258
Q9H1R2	156	186	0.3959384858608246
Q9H1R2	200	232	0.34365159273147583
Q9H7R0	110	625	0.6709360480308533
Q9NR11	269	477	0.6258779764175415
Q9Y508	20	224	0.5792710185050964
O60883	423	438	0.3596079647541046
O75593	292	332	0.3330615162849426
O95218	3	108	0.4982185363769531
P05305	86	171	0.4656384587287903
P14373	0	142	0.5791464447975159
Q02297	172	240	0.5986590385437012
Q5VT99	26	53	0.374864786863327
Q6UXL0	269	304	0.2911381721496582
Q6ZN84	216	239	0.3365016579627991
Q6ZN84	314	346	0.31834933161735535
Q6ZN84	604	635	0.2985461950302124
Q8TB52	334	353	0.5909347534179688
Q8TB52	711	744	0.30778956413269043
Q96NE9	559	621	0.6931310892105103
Q99743	199	217	0.3833145797252655
Q9BSY4	0	92	0.32741978764533997
Q9HBJ0	107	175	0.5168977379798889
Q9UIL8	187	221	0.33886367082595825
Q9Y5E8	763	781	0.3188602030277252
O43300	20	42	0.3273814618587494
O43300	492	515	0.6157479286193848
P04035	433	454	0.29599401354789734
P04035	868	886	0.37500691413879395
P28069	16	39	0.31982922554016113
P31639	596	625	0.427685409784317
Q01546	488	510	0.33711254596710205
Q15937	63	81	0.28912854194641113
Q15937	186	497	0.6739539504051208
Q5SQH8	94	125	0.45197728276252747
Q6P1Q9	110	141	0.4198468029499054
Q99726	371	386	0.414903461933136
Q9HBT7	25	65	0.23777751624584198
Q9HBT7	331	758	0.6651713252067566
Q9UL52	149	187	0.3742006719112396
Q9ULM2	111	228	0.5257891416549683
Q9ULM2	267	424	0.6263303756713867
Q9ULM2	459	523	0.5900919437408447
B2RU33	39	126	0.40657421946525574
O75157	159	207	0.37708988785743713
P18146	338	420	0.6028793454170227
P29590	173	236	0.5688605904579163
Q15306	198	245	0.4458368122577667
Q6UWU4	131	165	0.5092303156852722
Q6UY11	0	259	0.6814749836921692
Q6ZUV0	230	251	0.34858986735343933
Q8N0V4	30	53	0.3965689241886139
Q8N568	281	299	0.29660770297050476
Q8N568	644	714	0.3067465126514435
Q8NI77	726	760	0.378470778465271
Q96K62	400	505	0.39324185252189636
Q96N38	42	58	0.2540891170501709
Q96N38	74	512	0.5771114826202393
Q9H3U7	25	150	0.6125895977020264
Q9H3U7	301	330	0.28133195638656616
Q9UIH9	9	33	0.3617236316204071
Q9UIH9	49	89	0.5483065843582153
Q9UIH9	267	282	0.30000704526901245
Q9UIH9	303	402	0.5848731994628906
Q9Y458	456	487	0.500872015953064
Q9Y4L5	4	94	0.3886057436466217
O15460	275	311	0.4450151026248932
P02760	325	351	0.47116172313690186
P57081	31	49	0.4227425754070282
Q15048	99	167	0.3732413947582245
Q66K64	252	283	0.3945731222629547
Q6ICH7	97	113	0.3270604908466339
Q6UWV2	207	234	0.5695717334747314
Q6UXN8	16	52	0.24360783398151398
Q6UXN8	88	119	0.45738184452056885
Q7Z7J5	80	151	0.272029310464859
Q86XU0	200	573	0.6210576891899109
Q8NDZ0	283	300	0.6632933020591736
Q8NDZ0	569	586	0.36186590790748596
Q96DN2	43	270	0.6597336530685425
Q96DN2	381	753	0.6316669583320618
Q96GM8	444	472	0.2937067449092865
Q9GZR2	222	253	0.4176281690597534
Q9NT99	54	84	0.4829252362251282
Q9NUG4	337	413	0.7042984962463379
Q9P2N6	87	123	0.3737315535545349
Q9UNL4	183	248	0.5728828310966492
Q9Y4I5	57	77	0.3261077105998993
Q9Y4I5	93	129	0.4915318489074707
Q9Y4I5	140	270	0.5078198313713074
Q9Y4I5	291	425	0.5959777235984802
Q9Y4I5	439	506	0.4262237846851349
O00409	206	231	0.41960662603378296
P28328	231	256	0.42763251066207886
P29558	166	257	0.5015208125114441
P33981	457	503	0.45283785462379456
P52744	25	261	0.6305869221687317
Q53H76	423	455	0.49475225806236267
Q68G74	64	84	0.3932560980319977
Q8N8C0	0	122	0.5833929777145386
Q969J2	137	218	0.5625413656234741
Q969J2	316	459	0.637138843536377
Q969J2	482	541	0.5240392088890076
Q96HE7	23	49	0.383648544549942
Q9HBE1	3	27	0.30794504284858704
Q9HBE1	288	323	0.4947625398635864
Q9HBE1	347	530	0.6686352491378784
Q9Y2G2	58	81	0.37541714310646057
Q9Y2G2	135	160	0.34711387753486633
C9J069	662	681	0.4060393273830414
E7ETH6	47	172	0.5023744702339172
E7ETH6	198	401	0.6192155480384827
O75106	719	755	0.6018459796905518
O95267	647	662	0.38704025745391846
P19113	486	505	0.4347405731678009
P19113	538	571	0.2947801649570465
P19113	632	661	0.4515475332736969
Q14588	197	407	0.6972405314445496
Q14588	448	685	0.6529442071914673
Q7L590	425	457	0.4012811481952667
Q7Z5U6	4	26	0.6421217322349548
Q8NFZ5	402	428	0.40529611706733704
Q8WWZ8	149	267	0.7207464575767517
Q9NS39	189	216	0.34617552161216736
Q9NSB2	514	540	0.41841477155685425
Q9NZL6	632	657	0.3962353467941284
Q9Y2Y1	0	88	0.45647862553596497
Q16538	341	416	0.40768513083457947
Q86W42	305	333	0.569618284702301
Q96NG5	89	129	0.34793195128440857
Q96NG5	143	401	0.6810567378997803
Q9BYZ6	330	349	0.48214465379714966
Q9N2K0	211	280	0.44454777240753174
