GO_ID	pValues	interestCount	backgroundCount
GO:0035094	0.74754526123846	2	38
GO:0008150	0.9904462940616326	2	94
GO:0035860	0.17290349611200884	2	11
GO:0007169	0.1689322403597531	11	115
GO:0007167	1.0	0	22
GO:0007166	0.4622682438887153	25	351
GO:0007165	0.845038250692244	87	1389
GO:0005365	0.19286060605380606	1	3
GO:0022857	0.9999979073035429	2	222
GO:0003674	0.97215404887738	3	100
GO:0042482	0.24850146150336413	1	4
GO:0022603	0.3003092864980996	1	5
GO:0050793	2.7202728091017515e-05	10	31
GO:0051240	0.05217787257162488	5	30
GO:0051239	0.007546614972673396	7	34
GO:0051094	0.005007221686309883	4	11
GO:1904399	0.014069468163309886	3	8
GO:0019725	0.6321806093576154	1	14
GO:0042592	1.0	0	12
GO:0043422	0.5104787423462751	1	10
GO:0019901	0.9377733394401112	25	474
GO:0019900	0.1793554428035629	10	104
GO:0019899	0.8379819975076606	23	398
GO:0005515	0.45784719230277693	960	13895
GO:0035800	0.34854795329137683	1	6
GO:0016504	0.604932507316985	1	13
GO:0030234	1.0	0	28
GO:0008047	0.8584900672363573	4	87
GO:0140677	0.284235122210417	3	27
GO:0001223	0.07618813501427882	7	54
GO:0001221	0.07290014524208516	6	43
GO:0008134	0.6575506730915142	1	15
GO:0048485	0.17290349611200884	2	11
GO:0160108	6.13664671489181e-05	19	102
GO:0048731	0.008076322269596656	11	70
GO:0106310	0.9996069469715501	11	362
GO:0004672	0.9434491373900605	25	478
GO:0016301	0.23479795475585005	10	111
GO:0016772	1.0	0	11
GO:0016740	0.864808266812163	1	28
GO:0003824	0.9999459478407563	3	205
GO:0140096	0.19286060605380606	1	3
GO:0016773	1.0	0	13
GO:0031440	0.47422283438659296	1	9
GO:0050684	1.0	0	18
GO:1903311	1.0	0	5
GO:0051252	0.1479196627494554	2	10
GO:0070021	0.3003092864980996	1	5
GO:1902554	0.6035302344335435	2	29
GO:1902911	1.0	0	3
GO:1990234	0.6321806093576154	1	14
GO:1902494	1.0	0	50
GO:0032991	0.9985428322942035	33	749
GO:0005575	0.9727950843895631	2	77
GO:0098797	0.42991478497756974	2	21
GO:0098796	0.3003092864980996	1	5
GO:0043235	0.014858064795563645	26	240
GO:0045860	0.5219841200953089	2	25
GO:0033674	0.3003092864980996	1	5
GO:0042327	0.7236422578828927	1	18
GO:0042325	0.24850146150336413	1	4
GO:0043085	0.3934631811564106	1	7
GO:0050790	0.24850146150336413	1	4
GO:0043549	1.0	0	5
GO:0001934	0.5306650865823384	4	55
GO:0051247	0.11159809365893815	4	27
GO:0051246	0.42991478497756974	2	21
GO:0001932	1.0	0	13
GO:0045859	1.0	0	8
GO:0032869	0.7922348692316323	5	95
GO:0071375	0.3032300005892878	2	16
GO:0043434	1.0	0	49
GO:0009725	0.7403621107449132	3	55
GO:0032870	1.0	0	45
GO:1901701	0.19849321650809154	2	12
GO:0032868	0.7514131575615488	3	56
GO:1903265	0.09338773253926848	3	16
GO:0001961	0.47422283438659296	1	9
GO:0060760	1.0	0	7
GO:0001959	1.0	0	3
GO:0009966	0.8461312536145797	5	103
GO:0010646	0.5756674533753028	1	12
GO:0023051	0.3032300005892878	2	16
GO:0009967	0.20875267198801012	3	23
GO:0023056	1.0	0	3
GO:0010647	1.0	0	4
GO:0010803	0.15570374350738317	3	20
GO:0045595	0.1606263799149847	5	42
GO:1901533	1.0	0	3
GO:0045596	0.9533178714753214	2	68
GO:0051093	1.0	0	3
GO:0000132	0.6574709329934392	2	32
GO:0040001	1.0	0	5
GO:1902850	1.0	0	4
GO:0000226	0.9993485793239565	2	136
GO:0007010	0.9975926513328244	3	143
GO:0006996	1.0	0	4
GO:0007017	1.0	0	43
GO:0051293	1.0	0	10
GO:0051640	1.0	0	4
GO:0051649	0.47422283438659296	1	9
GO:0051294	1.0	0	5
GO:1902993	0.1479196627494554	2	10
GO:1902991	1.0	0	5
GO:0140367	0.42991478497756974	2	21
GO:0042742	0.9839310401966205	3	110
GO:0009617	1.0	0	50
GO:0051707	0.776985913544772	1	21
GO:0006952	0.7048714121099414	8	133
GO:0006950	0.1961590405118099	5	45
GO:0045087	0.0008505868423219754	32	257
GO:0019838	0.1620892202628436	4	31
GO:0070742	0.0012444826382818851	5	13
GO:2000648	0.544236266969702	1	11
GO:0008284	0.3317774337856019	35	468
GO:0042127	0.3447896613128806	11	137
GO:0072091	0.24850146150336413	1	4
GO:0030185	0.24850146150336413	1	4
GO:0060841	0.04127016152442236	2	5
GO:0004143	0.005007221686309883	4	11
GO:0005319	0.9384556543568712	1	39
GO:0140104	1.0	0	27
GO:0043425	0.30352487113286764	3	28
GO:0140297	0.3057869417046536	14	173
GO:0031647	0.9999415354381593	1	136
GO:0051602	0.7604587169463339	1	20
GO:0042246	0.7427076829224035	1	19
GO:0048589	0.604932507316985	1	13
GO:0032502	0.360260708125646	4	44
GO:0033147	0.604932507316985	1	13
GO:0033144	1.0	0	3
GO:1902531	0.9384556543568712	1	39
GO:1902532	0.3032300005892878	2	16
GO:0009968	0.3807202922782393	3	32
GO:0023057	1.0	0	4
GO:0033146	1.0	0	8
GO:0031431	0.19286060605380606	1	3
GO:0045841	0.19286060605380606	1	3
GO:0033044	0.7427076829224035	1	19
GO:0051983	1.0	0	10
GO:0010564	0.34221250621287286	3	30
GO:0051726	0.15924912047557702	20	228
GO:0010948	0.01358885255864113	2	3
GO:0051129	1.0	0	7
GO:1901991	0.04127016152442236	2	5
GO:0030071	0.20439681676324	4	34
GO:1901987	0.5756674533753028	1	12
GO:1901990	1.0	0	10
GO:0007346	0.25426081638228604	6	62
GO:0045839	1.0	0	6
GO:0045930	0.3032300005892878	2	16
GO:0045786	0.3148881080325726	5	54
GO:0007088	0.42991478497756974	2	21
GO:0003691	0.47422283438659296	1	9
GO:0003690	0.2581876387640746	12	140
GO:0003677	0.0006307263936642004	112	1203
GO:0042162	0.8741396251113995	1	29
GO:0043565	3.264162497316095e-21	97	496
GO:0004666	0.19286060605380606	1	3
GO:0016705	0.9964944947503893	1	79
GO:0016491	0.9994438075226979	4	194
GO:0032805	0.19286060605380606	1	3
GO:0042176	0.4771867610776184	2	23
GO:0045732	0.15978208981342434	8	77
GO:0009896	0.07905658610117396	2	7
GO:2000646	0.34854795329137683	1	6
GO:0039534	0.24850146150336413	1	4
GO:0045088	0.6900566485562055	2	34
GO:0050776	0.5438901233121153	3	41
GO:0002682	1.0454072467791445e-06	15	51
GO:0039532	0.014069468163309886	3	8
GO:0070050	0.7604587169463339	1	20
GO:0036211	0.9373168823989639	2	63
GO:0019538	1.0	0	3
GO:0030155	0.024995901345176087	8	52
GO:0045823	0.43528378435773646	1	8
GO:0008016	0.8741396251113995	1	29
GO:0072218	0.24850146150336413	1	4
GO:0072073	1.0	0	3
GO:0060429	0.09338773253926848	3	16
GO:0009888	0.28059727502192	4	39
GO:0035295	0.604932507316985	1	13
GO:0072207	0.3003092864980996	1	5
GO:0071773	0.0894674501717166	4	25
GO:0071363	0.44013269270408656	5	63
GO:0070848	0.19849321650809154	2	12
GO:0045862	0.7236422578828927	1	18
GO:0030162	0.2244868060751178	2	13
GO:0008506	0.24850146150336413	1	4
GO:0015293	0.6575506730915142	1	15
GO:0015291	1.0	0	21
GO:0008324	0.38046460717169645	2	19
GO:0015075	1.0	0	14
GO:0005351	1.0	0	3
GO:0015295	1.0	0	3
GO:0015078	1.0	0	38
GO:0110024	0.19286060605380606	1	3
GO:2000288	1.0	0	4
GO:0002062	0.29638122349016605	4	40
GO:0030154	0.002695804270587414	33	287
GO:1903426	0.12377138412688521	2	9
GO:2000377	1.0	0	16
GO:0007494	0.3934631811564106	1	7
GO:0048565	0.7427076829224035	1	19
GO:0034198	0.43969079278756273	4	49
GO:0009267	0.9692974606025254	2	75
GO:0031669	0.26495002329994455	4	38
GO:0031667	0.8925951065836721	3	74
GO:0042594	0.43741567743876697	3	35
GO:0033554	0.45589001451650385	3	36
GO:1990928	1.0	0	4
GO:0019887	0.32928177815957166	2	17
GO:0019207	1.0	0	3
GO:0072531	0.059115952531713624	2	6
GO:0055085	0.9999998586772625	13	568
GO:0060322	0.17290349611200884	2	11
GO:0033138	0.7604587169463339	1	20
GO:0038127	0.5104787423462751	1	10
GO:0097450	0.47422283438659296	1	9
GO:0097449	0.6321806093576154	1	14
GO:0097386	0.6321806093576154	1	14
GO:0120025	1.0	0	26
GO:0042995	0.6575506730915142	1	15
GO:0043149	0.3032300005892878	2	16
GO:0051017	1.0	0	37
GO:0061572	1.0	0	4
GO:0007015	0.9910921263046967	4	144
GO:0097435	1.0	0	22
GO:0031032	1.0	0	21
GO:0030036	0.9999966344670744	2	215
GO:0030029	0.3003092864980996	1	5
GO:0051798	0.3934631811564106	1	7
GO:0042634	1.0	0	5
GO:2000026	0.07980569487613094	3	15
GO:0090102	0.018297754771038427	5	23
GO:0018026	0.3934631811564106	1	7
GO:0006479	0.34854795329137683	1	6
GO:0032259	1.0	0	11
GO:0015385	0.6321806093576154	1	14
GO:0015297	0.967683983616045	1	48
GO:0046873	0.7427076829224035	1	19
GO:0015081	1.0	0	8
GO:0060068	0.24850146150336413	1	4
GO:0030540	1.0	0	5
GO:0048806	1.0	0	9
GO:0048513	0.11257434160254247	10	94
GO:0003006	1.0	0	7
GO:0030166	0.7604587169463339	1	20
GO:0006029	0.34854795329137683	1	6
GO:0009100	0.47422283438659296	1	9
GO:1901135	1.0	0	23
GO:0009101	0.9934406895818808	2	100
GO:1901137	1.0	0	7
GO:0001701	0.11791221650266069	5	38
GO:0043009	0.43528378435773646	1	8
GO:0009792	0.037873831358077426	4	19
GO:0051964	0.34854795329137683	1	6
GO:0050807	0.8741396251113995	1	29
GO:0051963	0.23419796958366368	4	36
GO:1901888	1.0	0	7
GO:0051960	1.0	0	3
GO:0051241	0.006203727013748237	5	18
GO:0000439	0.17290349611200884	2	11
GO:0090575	0.9913598166213851	5	167
GO:0005667	0.9377135940135203	12	253
GO:0035091	0.9589718103463786	4	114
GO:0043168	1.0	0	6
GO:0036094	0.8984462670669936	1	32
GO:0055001	0.07980569487613094	3	15
GO:0048468	0.015055928278087952	6	30
GO:0016042	0.8063019602783947	2	43
GO:0006629	0.9042965010435629	9	187
GO:0045494	0.9338902389268295	1	38
GO:0097157	0.5756674533753028	1	12
GO:0036002	0.1729089256242666	3	21
GO:0003723	0.9999768797085968	62	1403
GO:0003676	0.8034638439845898	39	637
GO:0036038	0.6811720512583292	1	16
GO:0007204	0.9849674454162526	4	134
GO:0080154	0.3003092864980996	1	5
GO:0045648	0.34221250621287286	3	30
GO:0045646	1.0	0	5
GO:0045637	1.0	0	4
GO:1903706	0.3032300005892878	2	16
GO:0060284	1.0	0	3
GO:0045639	0.19286060605380606	1	3
GO:0045597	6.936745282893479e-05	16	78
GO:2000304	0.3003092864980996	1	5
GO:0046890	1.0	0	7
GO:0019216	0.10818425337988136	5	37
GO:0046889	0.7604587169463339	1	20
GO:0045834	1.0	0	5
GO:2000303	1.0	0	3
GO:0001654	0.40815189799460666	4	47
GO:0007423	1.0	0	27
GO:0002376	0.05267753447145867	8	60
GO:0032924	0.0448404525960376	4	20
GO:0038024	0.1280365707326607	5	39
GO:0007267	0.6802242371847831	14	223
GO:0007154	0.8860743339651757	4	92
GO:0023052	0.6922395008635877	3	51
GO:0010716	0.3934631811564106	1	7
GO:0010715	1.0	0	4
GO:1903053	0.009264368608062802	3	7
GO:0071638	0.34854795329137683	1	6
GO:0032682	1.0	0	6
GO:0032642	0.19286060605380606	1	3
GO:0001817	2.7986558675259164e-07	17	59
GO:0001818	0.7200434112719593	2	36
GO:0010629	0.021089306690138098	24	224
GO:0034340	0.5104787423462751	1	10
GO:0034097	0.20856510467425177	5	46
GO:1901652	1.0	0	10
GO:0007417	0.32725354795856537	11	135
GO:0005819	0.9872481868735149	9	241
GO:0043232	0.3934631811564106	1	7
GO:0043229	1.0	0	3
GO:0043226	0.6740949721469711	2	33
GO:0002943	0.025938039705131852	2	4
GO:0071603	0.04127016152442236	2	5
GO:0042098	0.19849321650809154	2	12
GO:0042110	0.698234195717821	4	68
GO:0046649	1.0	0	4
GO:0045321	0.17290349611200884	2	11
GO:0001775	1.0	0	9
GO:0046651	1.0	0	3
GO:0008283	0.3930212387803799	7	87
GO:0038189	0.19286060605380606	1	3
GO:0038084	0.1390742498706813	3	19
GO:0045008	0.43528378435773646	1	8
GO:0006220	0.24850146150336413	1	4
GO:0009117	0.43528378435773646	1	8
GO:0055086	1.0	0	15
GO:0006139	1.0	0	26
GO:0009166	1.0	0	3
GO:0006285	0.04127016152442236	2	5
GO:0006259	1.0	0	38
GO:0090304	0.07905658610117396	2	7
GO:0160195	0.01358885255864113	2	3
GO:0070700	0.5756674533753028	1	12
GO:0033612	1.0	0	6
GO:0005102	0.8537213883264285	23	403
GO:0015030	0.7918727302176499	3	60
GO:0016604	0.1738427048234612	26	310
GO:0035770	1.0	0	17
GO:0009649	0.24850146150336413	1	4
GO:0042752	0.520861397353515	5	69
GO:0030515	0.776985913544772	1	21
GO:0019871	0.43528378435773646	1	8
GO:0017080	1.0	0	36
GO:0099106	1.0	0	11
GO:0016247	1.0	0	10
GO:0141108	1.0	0	6
GO:0008200	1.0	0	13
GO:0141110	0.07905658610117396	2	7
GO:0140678	0.9384556543568712	1	39
GO:0005912	0.8054604966580665	11	197
GO:0005911	0.7210355972439713	13	214
GO:0070161	0.9645646637130275	4	117
GO:0030054	0.9945141285133379	5	176
GO:0000812	0.27699971708303567	2	15
GO:1904949	0.8828273436859545	1	30
GO:0000118	0.967683983616045	1	48
GO:0021537	0.07980569487613094	3	15
GO:0140947	0.04127016152442236	2	5
GO:0043536	0.049066607738661	6	39
GO:0060907	0.12377138412688521	2	9
GO:0002718	0.19286060605380606	1	3
GO:0010468	4.184812604047444e-05	36	258
GO:0002720	0.38046460717169645	2	19
GO:0002684	0.604932507316985	1	13
GO:0010628	0.13694797291314045	31	366
GO:0001819	0.9949829489257098	1	74
GO:0007161	0.19286060605380606	1	3
GO:0007160	0.00035721011242598015	17	98
GO:0008201	7.30315908615005e-12	34	130
GO:0038083	0.5104787423462751	1	10
GO:0018108	0.7200434112719593	2	36
GO:0006468	0.9446716257978128	10	221
GO:0016310	0.5756674533753028	1	12
GO:0006796	0.35505509587685286	2	18
GO:0046777	0.9615503103170091	3	94
GO:0070059	0.43741567743876697	3	35
GO:0034976	0.6463916190046528	6	95
GO:0097193	1.0	0	42
GO:0035556	0.9941197397585391	21	488
GO:0097190	0.7823057753814404	3	59
GO:0002687	0.2244868060751178	2	13
GO:0030334	0.9949035605427091	2	104
GO:2000145	0.7236422578828927	1	18
GO:0040012	1.0	0	5
GO:0030335	1.1164975630305766e-06	41	267
GO:0035805	0.04127016152442236	2	5
GO:1903441	0.5104787423462751	1	10
GO:0072657	1.0	0	34
GO:0008104	0.9908480891206853	3	120
GO:0051668	1.0	0	3
GO:0061512	1.0	0	36
GO:1990778	1.0	0	6
GO:0000398	0.997236015446602	6	212
GO:0006397	0.9910247400845165	2	95
GO:0016071	1.0	0	15
GO:0016070	0.5756674533753028	1	12
GO:0006396	0.9478407236267574	5	129
GO:0000375	1.0	0	29
GO:0008380	0.9988876490251766	1	95
GO:0001659	0.7604587169463339	1	20
GO:0060628	0.3934631811564106	1	7
GO:0060341	1.0	0	6
GO:0051049	0.42991478497756974	2	21
GO:0060627	0.6811720512583292	1	16
GO:0071028	1.0	0	9
GO:0071025	1.0	0	6
GO:0006401	0.8354129731465094	2	46
GO:0000956	0.8741396251113995	1	29
GO:0006402	0.49203076391511186	3	38
GO:0004402	0.8067002661134604	1	23
GO:0061733	1.0	0	28
GO:0008080	1.0	0	13
GO:0016407	1.0	0	23
GO:0016747	0.9884838248121978	2	91
GO:0016746	1.0	0	52
GO:0060972	0.19286060605380606	1	3
GO:0003002	1.0	0	3
GO:0007389	0.003865038065016138	6	23
GO:0004842	1.801445885219391e-12	51	250
GO:0016853	1.0	0	10
GO:0140640	0.43528378435773646	1	8
GO:0046625	0.3003092864980996	1	5
GO:0008289	0.9924045826656245	4	147
GO:0032571	0.19286060605380606	1	3
GO:0007584	1.0	0	55
GO:0031670	1.0	0	9
GO:0050768	0.8200390438214065	1	24
GO:0050767	0.29638122349016605	4	40
GO:0043488	0.26495002329994455	4	38
GO:0043487	0.24850146150336413	1	4
GO:0010608	0.03923596511138531	6	37
GO:0018230	0.2507071807887816	2	14
GO:0018345	0.43528378435773646	1	8
GO:0006497	1.0	0	4
GO:0046825	0.3934631811564106	1	7
GO:0033157	1.0	0	7
GO:0051223	1.0	0	5
GO:0070201	1.0	0	5
GO:0032880	0.36458409211598863	6	71
GO:0046822	0.3003092864980996	1	5
GO:0005796	0.0071581410051199034	15	108
GO:0042803	0.9989367456185482	31	723
GO:0042802	0.9945925865890972	99	1798
GO:0046983	0.9994749564594148	4	195
GO:0060349	0.6321806093576154	1	14
GO:0009887	0.22137488979631978	8	84
GO:0009653	0.13668830464621043	14	147
GO:0098641	0.35505509587685286	2	18
GO:0045296	0.9993497562957732	9	308
GO:0050839	0.7127223476111698	8	134
GO:0098632	0.5269423022282329	3	40
GO:0098631	1.0	0	17
GO:0035519	0.2507071807887816	2	14
GO:0000209	0.00028611763629481085	22	142
GO:0048536	0.5756674533753028	1	12
GO:0001542	0.19286060605380606	1	3
GO:0030728	1.0	0	3
GO:0003887	0.9180614862259393	1	35
GO:0034061	0.864808266812163	1	28
GO:0016779	1.0	0	25
GO:0030856	0.24850146150336413	1	4
GO:0046457	0.47422283438659296	1	9
GO:0006636	1.0	0	15
GO:0033559	1.0	0	3
GO:0006631	0.9988048815626434	1	94
GO:0032787	1.0	0	23
GO:0006633	1.0	0	54
GO:0008610	1.0	0	32
GO:0046394	1.0	0	4
GO:0006690	1.0	0	12
GO:0046456	1.0	0	9
GO:0045216	1.0	0	20
GO:0002934	1.0	0	4
GO:0045445	0.007104968077073447	4	12
GO:0048246	0.604932507316985	1	13
GO:0030595	1.0	0	16
GO:0060326	0.7516528967926247	5	90
GO:0006935	0.9938409755807381	2	101
GO:0040011	1.0	0	4
GO:0016477	0.2283640710809195	21	255
GO:0048870	0.20439681676324	4	34
GO:0050900	0.6035302344335435	2	29
GO:0032777	0.025938039705131852	2	4
GO:0030296	0.7031651933270016	1	17
GO:0030295	1.0	0	42
GO:0019209	0.09338773253926848	3	16
GO:1902036	0.1479196627494554	2	10
GO:2000736	0.7031651933270016	1	17
GO:2000050	0.19286060605380606	1	3
GO:0030111	1.0	0	16
GO:0006606	0.9973687458630753	1	83
GO:0006886	0.9962905902670833	9	270
GO:0046907	0.10071895874712865	2	8
GO:0015031	1.0	0	93
GO:0045184	0.28059727502192	4	39
GO:0051170	1.0	0	4
GO:0006913	1.0	0	47
GO:0051169	1.0	0	4
GO:0034504	0.21916118597741044	4	35
GO:0072594	1.0	0	9
GO:0070828	0.17290349611200884	2	11
GO:0006325	0.06880508867056918	17	167
GO:0003197	0.009264368608062802	3	7
GO:0098890	0.3934631811564106	1	7
GO:0019897	1.0	0	9
GO:0019898	0.15570374350738317	3	20
GO:0097165	0.43528378435773646	1	8
GO:0005874	0.9999860987190291	2	194
GO:0099513	0.34854795329137683	1	6
GO:0099512	1.0	0	6
GO:0071907	0.34854795329137683	1	6
GO:0007368	0.013936062934571012	7	38
GO:0046636	0.34854795329137683	1	6
GO:0050868	0.5641278200212558	2	27
GO:0002683	0.3003092864980996	1	5
GO:0051249	1.0	0	3
GO:0050863	1.0	0	10
GO:1903038	1.0	0	6
GO:0022408	1.0	0	13
GO:0007162	0.0061765570889694334	8	41
GO:0022407	0.09338773253926848	3	16
GO:1903037	0.34854795329137683	1	6
GO:0042129	0.6575506730915142	1	15
GO:0042130	0.399798326113694	3	33
GO:0050672	1.0	0	3
GO:0070664	1.0	0	3
GO:0008285	0.06990763507238512	31	341
GO:0005216	0.9999982849488525	1	185
GO:0015267	0.9466630223005693	1	41
GO:0003009	0.6401740179487392	2	31
GO:0006941	1.0	0	64
GO:0006936	0.995953917828863	1	77
GO:0003008	1.0	0	50
GO:2000171	0.3934631811564106	1	7
GO:0010977	0.15022486346587616	7	64
GO:0031344	1.0	0	6
GO:0010975	0.43741567743876697	3	35
GO:0120035	0.34854795329137683	1	6
GO:0050773	0.27699971708303567	2	15
GO:0002098	0.07980569487613094	3	15
GO:0006400	0.6740949721469711	2	33
GO:0008033	0.6574709329934392	2	32
GO:0006399	1.0	0	6
GO:0009451	1.0	0	16
GO:0051050	0.47422283438659296	1	9
GO:0051580	1.0	0	4
GO:0140006	0.24850146150336413	1	4
GO:0140566	0.05882572100185321	5	31
GO:0140463	0.06593345476885513	5	32
GO:0030674	0.9650324238863743	16	342
GO:0060090	0.3763144250378415	18	238
GO:0010633	0.2507071807887816	2	14
GO:0010632	1.0	0	6
GO:0030336	0.18070562193423306	13	142
GO:2000146	0.009709628272091916	4	13
GO:0055038	0.9871520394894185	3	114
GO:0010008	0.9985648951456423	11	333
GO:0098588	0.5219841200953089	2	25
GO:0031090	1.0	0	18
GO:0016020	1.0	210	5564
GO:0030659	0.9785225301848989	7	189
GO:0012506	0.40815189799460666	4	47
GO:0030857	0.04127016152442236	2	5
GO:0035994	0.5756674533753028	1	12
GO:0009612	0.809956146004944	3	62
GO:0001508	0.9627093083054579	1	46
GO:0042391	1.0	0	61
GO:0006694	0.8067002661134604	1	23
GO:0008202	1.0	0	44
GO:0048490	0.7031651933270016	1	17
GO:0048489	1.0	0	19
GO:0051650	1.0	0	6
GO:0030705	1.0	0	39
GO:0047496	0.776985913544772	1	21
GO:0072384	1.0	0	13
GO:0010970	1.0	0	7
GO:0007018	1.0	0	84
GO:0008089	1.0	0	28
GO:0098930	1.0	0	4
GO:0008088	1.0	0	4
GO:0039536	0.014069468163309886	3	8
GO:0031666	0.544236266969702	1	11
GO:0031664	1.0	0	4
GO:0005903	0.988963286848089	1	63
GO:0050427	0.6321806093576154	1	14
GO:0006163	1.0	0	9
GO:0006790	1.0	0	25
GO:0031901	0.8825431490022734	11	215
GO:0070062	0.9999999961666934	86	2103
GO:1903561	0.6137327799070982	4	61
GO:0031982	0.9614236888717984	8	194
GO:0032839	0.5641278200212558	2	27
GO:0005737	1.0	310	6589
GO:0015368	0.19286060605380606	1	3
GO:0015085	1.0	0	14
GO:0005384	0.059115952531713624	2	6
GO:0060754	0.059115952531713624	2	6
GO:0050920	1.0	0	12
GO:0002690	0.044954894131595535	3	12
GO:1902808	0.604932507316985	1	13
GO:0090068	1.0	0	10
GO:0045787	0.21916118597741044	4	35
GO:1902806	1.0	0	10
GO:0000795	0.8741396251113995	1	29
GO:0035265	0.34854795329137683	1	6
GO:0031665	1.0	0	15
GO:0016311	0.8067002661134604	1	23
GO:0150054	0.19286060605380606	1	3
GO:0000781	0.8889125647784805	8	165
GO:0098687	1.0	0	4
GO:1901642	0.07905658610117396	2	7
GO:0015858	1.0	0	4
GO:1901264	1.0	0	8
GO:0015931	1.0	0	7
GO:0098739	0.24850146150336413	1	4
GO:0098657	0.47422283438659296	1	9
GO:0016811	0.6575506730915142	1	15
GO:0016810	1.0	0	13
GO:0016787	0.989459494271484	5	163
GO:0034144	0.06716455779313547	3	14
GO:0034143	1.0	0	3
GO:0070328	0.705368222563323	2	35
GO:0055090	1.0	0	5
GO:0055088	0.8605088908039666	2	49
GO:0048878	1.0	0	3
GO:0043377	0.19286060605380606	1	3
GO:0045580	0.027178269636604517	3	10
GO:0045581	1.0	0	3
GO:2001186	0.24850146150336413	1	4
GO:0010881	0.776985913544772	1	21
GO:0010880	0.7923735919814672	1	22
GO:0051279	0.544236266969702	1	11
GO:1903169	0.24850146150336413	1	4
GO:0051924	1.0	0	21
GO:0010959	1.0	0	4
GO:0043269	1.0	0	9
GO:1904062	1.0	0	13
GO:0034765	1.0	0	7
GO:0010882	1.0	0	12
GO:0019722	0.9398340260237015	4	106
GO:0141124	0.24850146150336413	1	4
GO:0055117	0.7923735919814672	1	22
GO:0006942	1.0	0	8
GO:0006937	1.0	0	13
GO:1903901	0.24850146150336413	1	4
GO:0050792	1.0	0	3
GO:0048525	1.0	0	4
GO:1900426	0.47422283438659296	1	9
GO:0045446	0.044954894131595535	3	12
GO:0010951	0.3934631811564106	1	7
GO:0045861	0.5219841200953089	2	25
GO:0051248	0.04127016152442236	2	5
GO:0043086	0.5104787423462751	1	10
GO:0046856	0.8828273436859545	1	30
GO:0046839	1.0	0	13
GO:0030258	1.0	0	6
GO:0046488	0.9054572450332443	1	33
GO:0006650	0.6321806093576154	1	14
GO:0046486	0.0166000094611534	4	15
GO:0006644	1.0	0	59
GO:0039694	0.19286060605380606	1	3
GO:0019079	0.5756674533753028	1	12
GO:0016032	0.12309523642132279	3	18
GO:0005507	0.7403621107449132	3	55
GO:0046914	0.4538446663741743	2	22
GO:0046872	1.1442754775331846e-11	51	262
GO:2000583	0.19286060605380606	1	3
GO:0010642	1.0	0	9
GO:0019104	0.020035469917980667	3	9
GO:0010634	0.890915787877195	1	31
GO:0099093	0.24850146150336413	1	4
GO:0006851	0.6321806093576154	1	14
GO:0070588	0.9857255360694861	4	135
GO:0006816	0.9776131012004644	3	104
GO:0030001	0.5841742007049777	2	28
GO:0006812	0.5010843359881044	4	53
GO:0006811	0.9999996493526977	1	207
GO:0098655	0.9474511251769387	2	66
GO:0034220	0.9999861383567852	1	156
GO:0051209	1.0	0	42
GO:0097553	1.0	0	10
GO:0071755	0.19286060605380606	1	3
GO:0071753	0.34854795329137683	1	6
GO:0019814	0.9996211143991187	1	110
GO:0019815	1.0	0	4
GO:0160134	0.005578579509839814	3	6
GO:0071371	1.0	0	6
GO:0034698	1.0	0	3
GO:0051787	0.7236422578828927	1	18
GO:0032703	0.06076430483831518	4	22
GO:0016798	0.544236266969702	1	11
GO:0090009	0.059115952531713624	2	6
GO:0048646	0.10784166881216065	3	17
GO:0005743	0.9999999999987288	4	506
GO:0031966	0.9999970613611702	2	217
GO:1900029	0.6575506730915142	1	15
GO:1900027	1.0	0	5
GO:0060491	1.0	0	3
GO:0044089	1.0	0	5
GO:0031346	1.0	0	6
GO:0051130	0.6811720512583292	1	16
GO:0061052	0.544236266969702	1	11
GO:0046620	1.0	0	3
GO:0040008	0.059115952531713624	2	6
GO:0046621	1.0	0	5
GO:0045926	0.35505509587685286	2	18
GO:0030308	0.13052422519139648	11	109
GO:0001558	0.25426081638228604	6	62
GO:0010614	0.09338773253926848	3	16
GO:0051148	1.0	0	6
GO:0051147	1.0	0	9
GO:0006275	0.010926164134419648	8	45
GO:0045740	1.0	0	29
GO:0051054	0.24850146150336413	1	4
GO:0051052	1.0	0	7
GO:0072189	0.3003092864980996	1	5
GO:0018146	0.6811720512583292	1	16
GO:0016236	0.9280740682051348	3	82
GO:0006914	0.6853643553758313	5	83
GO:0010521	0.3934631811564106	1	7
GO:0004857	1.0	0	63
GO:0032804	0.19286060605380606	1	3
GO:0042177	0.4741033370244409	3	37
GO:0060009	0.3934631811564106	1	7
GO:0000289	0.06970463116826818	4	23
GO:2000510	0.3934631811564106	1	7
GO:0071677	1.0	0	7
GO:0032927	0.24850146150336413	1	4
GO:0090092	1.0	0	6
GO:2000781	0.11047239970280993	6	48
GO:0045739	0.5925340225939816	3	44
GO:0006282	0.44013269270408656	5	63
GO:0080135	1.0	0	23
GO:2000779	0.12348721452333014	4	28
GO:0008094	0.9054572450332443	1	33
GO:0010955	0.5756674533753028	1	12
GO:0070613	1.0	0	3
GO:0005759	0.999999999983711	4	468
GO:0070013	1.0	0	6
GO:0032886	0.5104787423462751	1	10
GO:0045600	0.28059727502192	4	39
GO:0045598	0.47422283438659296	1	9
GO:0006091	0.9537765755636486	1	43
GO:0016525	0.0905487668297135	10	90
GO:0045765	0.7200434112719593	2	36
GO:0050995	0.776985913544772	1	21
GO:0050994	1.0	0	3
GO:0045833	1.0	0	5
GO:0031981	0.0003652080290680462	10	41
GO:0042100	0.776985913544772	1	21
GO:0042113	0.6574709329934392	2	32
GO:0009113	0.3003092864980996	1	5
GO:0006144	1.0	0	4
GO:0009611	0.015340077055386037	9	57
GO:0045835	0.025938039705131852	2	4
GO:0005774	0.405438036467731	2	20
GO:0030141	0.9949035605427091	2	104
GO:0099503	1.0	0	11
GO:0031410	0.8508135077293717	21	370
GO:0097708	0.42991478497756974	2	21
GO:0043231	0.9599419966715677	1	45
GO:0030957	0.1479196627494554	2	10
GO:0061629	0.34554920982772147	15	192
GO:0030669	0.8695115516265446	3	70
GO:0030666	0.9027042465869597	3	76
GO:0030665	1.0	0	35
GO:0019003	0.988963286848089	1	63
GO:0032555	1.0	0	4
GO:0097367	1.0	0	10
GO:0000166	0.9878546537659777	3	115
GO:1901363	1.0	0	8
GO:0017076	1.0	0	5
GO:0019001	1.0	0	18
GO:0036122	0.0017732749707740506	6	20
GO:0016339	0.360260708125646	4	44
GO:0098609	0.0028675270095972626	26	211
GO:1990845	0.6575506730915142	1	15
GO:0060271	0.9999986085561685	2	228
GO:0120031	1.0	0	4
GO:0120036	1.0	0	3
GO:0030031	1.0	0	4
GO:0070925	1.0	0	6
GO:0044782	1.0	0	29
GO:0045089	0.7200434112719593	2	36
GO:0050778	0.20856510467425177	5	46
GO:0150011	0.059115952531713624	2	6
GO:0022604	1.0	0	11
GO:0046903	0.3003092864980996	1	5
GO:0014909	0.04127016152442236	2	5
GO:0010565	1.0	0	5
GO:0140467	0.8440205178320941	1	26
GO:0043065	0.269517647510874	22	276
GO:0043068	1.0	0	17
GO:0043067	1.0	0	8
GO:0042981	0.33039563659879867	19	245
GO:0010596	0.22724896579374929	3	24
GO:0010594	1.0	0	9
GO:0005243	0.8067002661134604	1	23
GO:0022829	0.004746245647016365	5	17
GO:0072676	0.01358885255864113	2	3
GO:0048842	0.3934631811564106	1	7
GO:0045773	0.6221957864493053	2	30
GO:0030516	0.5104787423462751	1	10
GO:0050772	1.0	0	20
GO:0050770	0.35505509587685286	2	18
GO:0050769	0.8200390438214065	1	24
GO:0030307	0.8393414813050709	4	84
GO:0045927	1.0	0	6
GO:0048639	1.0	0	4
GO:0048841	0.19286060605380606	1	3
GO:0050921	1.0	0	19
GO:0040017	1.0	0	3
GO:0002543	0.19286060605380606	1	3
GO:0030194	0.07980569487613094	3	15
GO:0050820	1.0	0	4
GO:0090303	0.17582575819055618	4	32
GO:0061041	0.3003092864980996	1	5
GO:0030193	0.47422283438659296	1	9
GO:0050878	0.025938039705131852	2	4
GO:0006654	0.17582575819055618	4	32
GO:0046474	0.5104787423462751	1	10
GO:0008654	1.0	0	24
GO:0090407	1.0	0	11
GO:0046473	1.0	0	7
GO:0016251	0.7403621107449132	3	55
GO:0031929	0.7427076829224035	1	19
GO:0048240	0.864808266812163	1	28
GO:0048469	1.0	0	10
GO:0061665	0.27699971708303567	2	15
GO:0019787	0.09338773253926848	3	16
GO:0019789	0.30352487113286764	3	28
GO:0036435	0.5104787423462751	1	10
GO:0031593	0.928986423724504	1	37
GO:1903432	0.544236266969702	1	11
GO:0032006	1.0	0	21
GO:0090091	0.2244868060751178	2	13
GO:1903055	1.0	0	4
GO:0031573	0.35505509587685286	2	18
GO:0000077	0.784425360381492	2	41
GO:0042770	1.0	0	19
GO:0006974	0.7865867726445366	19	321
GO:0006911	0.7923735919814672	1	22
GO:0010324	1.0	0	6
GO:0061024	1.0	0	32
GO:0043025	0.9907183822585273	15	364
GO:0044297	0.7766648932994994	5	93
GO:0005741	0.9999889429385276	3	230
GO:0019867	1.0	0	3
GO:0062197	0.24850146150336413	1	4
GO:0030426	0.9890013745233005	4	140
GO:0001669	0.9900993687189669	4	142
GO:0045879	0.32286774536934093	3	29
GO:0008589	0.3032300005892878	2	16
GO:0007585	0.544236266969702	1	11
GO:0045917	0.002939856976196116	3	5
GO:0007219	0.11047239970280993	6	48
GO:0098839	0.5517710402048333	8	116
GO:0099634	0.5604791806573788	3	42
GO:0097060	0.5077237456761066	5	68
GO:0042599	0.5104787423462751	1	10
GO:0043124	0.38152415881012236	7	86
GO:0043122	0.05450039420734019	6	40
GO:0030672	0.9993047196048155	2	135
GO:0030658	1.0	0	54
GO:0005314	0.3003092864980996	1	5
GO:0005313	0.6575506730915142	1	15
GO:0015172	1.0	0	4
GO:0015171	1.0	0	33
GO:0046943	1.0	0	4
GO:0015179	1.0	0	17
GO:0015501	0.3003092864980996	1	5
GO:0005283	1.0	0	8
GO:0015370	1.0	0	23
GO:0017153	1.0	0	3
GO:0005343	1.0	0	4
GO:0060392	0.8200390438214065	1	24
GO:0090101	0.24850146150336413	1	4
GO:0007144	0.059115952531713624	2	6
GO:0007127	0.43528378435773646	1	8
GO:0000280	1.0	0	6
GO:0007143	1.0	0	6
GO:0002009	0.007179057151092286	8	42
GO:0010810	0.020035469917980667	3	9
GO:2000660	0.5756674533753028	1	12
GO:0001960	0.604932507316985	1	13
GO:0060761	1.0	0	6
GO:0016241	0.9208965774025335	2	59
GO:0010506	0.9928203138031753	1	69
GO:0004601	0.6035302344335435	2	29
GO:0016209	1.0	0	19
GO:0016684	1.0	0	6
GO:0005078	0.19849321650809154	2	12
GO:0035591	0.4503330026439728	7	92
GO:0005198	0.8573197936661385	12	225
GO:0140078	0.1479196627494554	2	10
GO:0003906	0.19849321650809154	2	12
GO:0004520	1.0	0	27
GO:0004536	1.0	0	7
GO:0004518	0.38046460717169645	2	19
GO:0004519	0.5641278200212558	2	27
GO:0016829	1.0	0	12
GO:0035631	0.005007221686309883	4	11
GO:0031509	0.1479196627494554	2	10
GO:0140719	0.07905658610117396	2	7
GO:0031507	0.5918336241757007	7	105
GO:0045814	0.05450039420734019	6	40
GO:0040029	0.15607865532800158	6	53
GO:0006338	0.2132678262926502	26	319
GO:0005921	0.30352487113286764	3	28
GO:0006924	0.19286060605380606	1	3
GO:0070231	1.0	0	6
GO:0071887	1.0	0	3
GO:0006915	0.1426062981252594	23	263
GO:0012501	0.10784166881216065	3	17
GO:0008219	1.0	0	7
GO:0032526	0.28059727502192	4	39
GO:0033993	0.2507071807887816	2	14
GO:1904894	0.5104787423462751	1	10
GO:0043113	0.42991478497756974	2	21
GO:0015271	0.7604587169463339	1	20
GO:0005249	0.9904368374242876	1	65
GO:0022843	1.0	0	9
GO:0005261	0.9569694869515843	1	44
GO:0005244	1.0	0	12
GO:0022832	1.0	0	5
GO:0022836	1.0	0	5
GO:0005267	0.9427060061562016	1	40
GO:0034497	0.6811720512583292	1	16
GO:0002252	1.0	0	4
GO:0035050	0.27699971708303567	2	15
GO:0086083	0.3003092864980996	1	5
GO:0086080	1.0	0	5
GO:0007155	4.49249598915303e-05	51	416
GO:0006882	0.08151348262706054	5	34
GO:0098771	0.19286060605380606	1	3
GO:0030003	0.38046460717169645	2	19
GO:0006873	1.0	0	4
GO:0050801	0.34854795329137683	1	6
GO:0055080	0.19286060605380606	1	3
GO:1904717	0.24850146150336413	1	4
GO:1905475	1.0	0	4
GO:0005783	0.999999980958586	41	1210
GO:0043507	0.34854795329137683	1	6
GO:0043406	0.4538446663741743	2	22
GO:0071902	0.5756674533753028	1	12
GO:0043405	0.544236266969702	1	11
GO:0043410	0.6058213922933481	12	182
GO:0043408	0.9427060061562016	1	40
GO:1902533	0.7956226693676979	2	42
GO:0006607	0.7427076829224035	1	19
GO:0140852	1.0	0	3
GO:0061630	2.041140674213859e-20	82	386
GO:0061014	0.07980569487613094	3	15
GO:0000137	0.8547856215940495	1	27
GO:0031985	1.0	0	10
GO:0042730	0.05552847388944662	3	13
GO:0030195	0.00019664136465441257	6	14
GO:0045165	0.01827515108281253	7	40
GO:0008277	0.9569694869515843	1	44
GO:0045745	0.6811720512583292	1	16
GO:1900028	0.3934631811564106	1	7
GO:0071294	0.8200390438214065	1	24
GO:0071248	1.0	0	3
GO:0010038	0.27699971708303567	2	15
GO:0010043	1.0	0	25
GO:1900273	0.8200390438214065	1	24
GO:0050806	0.27699971708303567	2	15
GO:0050804	0.2432010418150051	10	112
GO:1900271	0.10071895874712865	2	8
GO:0048167	0.9112392651467124	2	57
GO:0030947	0.002939856976196116	3	5
GO:0003341	0.9872628745709574	1	61
GO:0010613	0.776985913544772	1	21
GO:0015701	0.6740949721469711	2	33
GO:0072282	0.19286060605380606	1	3
GO:0060562	0.3003092864980996	1	5
GO:0061333	1.0	0	4
GO:0140416	0.967683983616045	1	48
GO:0007250	0.00019664136465441257	6	14
GO:1990904	0.8729742441721757	8	161
GO:0007411	0.0013707001495508293	21	149
GO:0098780	0.059115952531713624	2	6
GO:0050679	0.20856510467425177	5	46
GO:0050678	0.10071895874712865	2	8
GO:0045066	0.43528378435773646	1	8
GO:0030217	0.17582575819055618	4	32
GO:0030098	0.24850146150336413	1	4
GO:0002521	1.0	0	4
GO:0097228	0.9933169093723557	1	70
GO:0047693	0.01358885255864113	2	3
GO:0048845	0.025938039705131852	2	4
GO:0008305	0.0003390429414503855	8	27
GO:0099094	0.19286060605380606	1	3
GO:0015276	1.0	0	34
GO:0022834	1.0	0	4
GO:0006828	0.3934631811564106	1	7
GO:0006311	0.19286060605380606	1	3
GO:0035825	0.1729089256242666	3	21
GO:0006310	0.8605088908039666	2	49
GO:0045602	0.3003092864980996	1	5
GO:0043130	0.6361514192885975	6	94
GO:0048247	0.47422283438659296	1	9
GO:0002366	1.0	0	5
GO:0017136	0.3003092864980996	1	5
GO:0034979	0.34854795329137683	1	6
GO:0004407	1.0	0	18
GO:0033558	1.0	0	13
GO:0019213	1.0	0	10
GO:0048538	0.6575506730915142	1	15
GO:0070309	0.34854795329137683	1	6
GO:0000902	0.5306650865823384	4	55
GO:0072344	0.21916118597741044	4	35
GO:0032790	0.7427076829224035	1	19
GO:1903008	1.0	0	4
GO:0006414	1.0	0	18
GO:0005109	0.9466630223005693	1	41
GO:0001664	1.0	0	67
GO:0043249	0.3003092864980996	1	5
GO:0030163	0.8684184820588494	5	107
GO:0031463	0.7197738687501432	4	70
GO:0031461	1.0	0	16
GO:0000151	0.008458010908952453	15	110
GO:0014824	0.3003092864980996	1	5
GO:0006939	1.0	0	15
GO:0014829	1.0	0	6
GO:0042310	0.2244868060751178	2	13
GO:0097746	1.0	0	20
GO:0001734	0.3003092864980996	1	5
GO:0008757	0.26495002329994455	4	38
GO:0008168	0.9585552195297165	2	70
GO:0008173	0.5433950275908229	2	26
GO:0043200	0.7236422578828927	1	18
GO:0004888	0.05531060250751867	28	296
GO:0038023	0.018012791338388647	32	315
GO:0005675	0.544236266969702	1	11
GO:0019908	1.0	0	3
GO:0000307	0.8605088908039666	2	49
GO:0050688	0.3003092864980996	1	5
GO:0005680	0.7923735919814672	1	22
GO:0000152	1.0	0	6
GO:0052629	0.5756674533753028	1	12
GO:0106018	0.19286060605380606	1	3
GO:0052866	1.0	0	5
GO:0016791	0.8459536899910431	4	85
GO:0016788	1.0	0	35
GO:0010989	0.0033689372411916728	4	10
GO:2000635	0.19286060605380606	1	3
GO:0060965	1.0	0	3
GO:0060964	1.0	0	8
GO:0048266	0.604932507316985	1	13
GO:0048265	1.0	0	11
GO:0033555	0.43528378435773646	1	8
GO:0060544	0.06716455779313547	3	14
GO:0072540	0.5104787423462751	1	10
GO:0071006	0.9917137739782906	1	67
GO:0005684	0.6221957864493053	2	30
GO:0005681	0.9960255032941165	4	159
GO:0061662	0.19286060605380606	1	3
GO:0042296	1.0	0	4
GO:0007220	0.43528378435773646	1	8
GO:0017020	0.34854795329137683	1	6
GO:0019888	0.9652855773905438	1	47
GO:0019208	1.0	0	6
GO:0032183	0.544236266969702	1	11
GO:0005826	0.24850146150336413	1	4
GO:0070938	1.0	0	7
GO:0002821	1.0	0	8
GO:0002819	1.0	0	9
GO:0050727	0.18253531671541048	9	92
GO:0002673	1.0	0	5
GO:0050729	0.9525715755535626	4	111
GO:0002675	0.1479196627494554	2	10
GO:0033108	0.24850146150336413	1	4
GO:0065003	0.9137553372099525	6	136
GO:0043933	1.0	0	4
GO:0009953	0.0448404525960376	4	20
GO:0030279	0.8200390438214065	1	24
GO:0030278	1.0	0	4
GO:0006887	0.9891781078205024	2	92
GO:0016192	0.4269607911538504	21	288
GO:0032940	0.10071895874712865	2	8
GO:0046975	0.12377138412688521	2	9
GO:0140938	0.05247265080608215	4	21
GO:0042054	0.0013303649395595826	9	40
GO:0016279	0.015055928278087952	6	30
GO:0098903	1.0	0	3
GO:0098900	0.19286060605380606	1	3
GO:0060306	1.0	0	13
GO:0003214	0.1479196627494554	2	10
GO:0003208	0.07905658610117396	2	7
GO:0140639	0.5104787423462751	1	10
GO:0048232	0.24850146150336413	1	4
GO:0007276	1.0	0	15
GO:0015149	0.19286060605380606	1	3
GO:0051119	1.0	0	4
GO:0005863	0.19286060605380606	1	3
GO:0032982	1.0	0	17
GO:0002639	0.8547856215940495	1	27
GO:2000669	0.07905658610117396	2	7
GO:0043066	0.4720383426383336	33	468
GO:0043069	1.0	0	23
GO:0090307	0.9537765755636486	1	43
GO:0007052	0.989726428083177	1	64
GO:0007051	0.7236422578828927	1	18
GO:0051225	1.0	0	36
GO:0140694	0.7031651933270016	1	17
GO:0001727	0.059115952531713624	2	6
GO:0019985	0.12309523642132279	3	18
GO:0006301	1.0	0	12
GO:0071897	0.8200390438214065	1	24
GO:0003129	0.43528378435773646	1	8
GO:0048663	0.544236266969702	1	11
GO:0000381	0.8630942223604132	3	69
GO:0048024	1.0	0	27
GO:0043484	0.3131359551256006	7	80
GO:0060414	0.24850146150336413	1	4
GO:0060415	1.0	0	3
GO:0048729	1.0	0	3
GO:0000139	0.9999834107629217	25	724
GO:0005776	0.3700381483227743	7	85
GO:0005773	0.4999083788306975	2	24
GO:0002686	0.3003092864980996	1	5
GO:0048495	0.059115952531713624	2	6
GO:0006298	0.8828273436859545	1	30
GO:0006281	0.6125821164770051	14	213
GO:0042288	0.7031651933270016	1	17
GO:0042287	1.0	0	12
GO:0002315	0.5104787423462751	1	10
GO:0002313	1.0	0	4
GO:0002312	1.0	0	16
GO:0030183	0.14165709771581655	7	63
GO:0071277	0.5466693563967093	5	71
GO:0051592	0.967683983616045	1	48
GO:0035023	0.8984462670669936	1	32
GO:0051056	0.9885202394054861	3	116
GO:0042542	0.5433950275908229	2	26
GO:0000302	1.0	0	16
GO:0006979	0.9159766566938423	7	155
GO:0005545	0.6321806093576154	1	14
GO:0005543	0.9993047196048155	2	135
GO:0032897	0.34854795329137683	1	6
GO:0046972	0.24850146150336413	1	4
GO:0010485	0.544236266969702	1	11
GO:0002160	0.01358885255864113	2	3
GO:0072162	0.3003092864980996	1	5
GO:0048762	0.020035469917980667	3	9
GO:1990859	0.1479196627494554	2	10
GO:0021915	0.1390742498706813	3	19
GO:1901222	0.3934631811564106	1	7
GO:0043277	0.32928177815957166	2	17
GO:0006909	0.11047239970280993	6	48
GO:0006897	0.5009292729563964	8	111
GO:0034136	0.34854795329137683	1	6
GO:0046965	0.6811720512583292	1	16
GO:0042974	1.0	0	16
GO:0016922	0.607981407999463	3	45
GO:1990405	0.43528378435773646	1	8
GO:0003823	0.9995877160904681	2	143
GO:2000147	0.38046460717169645	2	19
GO:0003689	0.12377138412688521	2	9
GO:0046325	0.5756674533753028	1	12
GO:0010829	1.0	0	5
GO:0010827	1.0	0	4
GO:0034763	0.19286060605380606	1	3
GO:0051051	1.0	0	14
GO:0046324	1.0	0	6
GO:0150076	1.0	0	7
GO:0006954	0.9041980593130796	14	273
GO:0007398	0.34854795329137683	1	6
GO:0034341	0.8063019602783947	2	43
GO:0060231	0.43528378435773646	1	8
GO:0030855	0.020456510622174465	12	90
GO:0014911	0.06716455779313547	3	14
GO:0014910	0.3003092864980996	1	5
GO:0005024	0.12377138412688521	2	9
GO:0004675	0.05552847388944662	3	13
GO:0004674	0.9978743517981411	14	384
GO:0070182	0.8067002661134604	1	23
GO:0043161	0.09320742703799587	31	351
GO:0010498	0.9863168903752411	1	60
GO:0006511	0.0004101943525680499	31	236
GO:0046058	0.24850146150336413	1	4
GO:0090027	0.34854795329137683	1	6
GO:0050922	1.0	0	3
GO:0050766	0.24717569302683676	5	49
GO:0045807	0.38046460717169645	2	19
GO:0030100	0.7340971298003891	2	37
GO:0050764	1.0	0	9
GO:1904781	0.3934631811564106	1	7
GO:1904779	1.0	0	3
GO:1903829	0.5219841200953089	2	25
GO:0005652	0.604932507316985	1	13
GO:0038027	0.3003092864980996	1	5
GO:0045178	0.3032300005892878	2	16
GO:1904385	0.6575506730915142	1	15
GO:1990776	1.0	0	10
GO:0002931	0.6657729435104058	3	49
GO:0030072	0.01358885255864113	2	3
GO:0035727	0.43528378435773646	1	8
GO:0014850	0.8067002661134604	1	23
GO:0014823	0.509650221322878	3	39
GO:0002244	0.12309523642132279	3	18
GO:0035502	0.24850146150336413	1	4
GO:0035115	0.027178269636604517	3	10
GO:0031638	5.000531832969981e-05	10	33
GO:0048168	0.8067002661134604	1	23
GO:0051028	0.2244868060751178	2	13
GO:0050658	1.0	0	10
GO:0031642	0.34854795329137683	1	6
GO:0031641	0.604932507316985	1	13
GO:0031644	1.0	0	3
GO:0043254	0.405438036467731	2	20
GO:0035356	0.5104787423462751	1	10
GO:0030332	0.3807202922782393	3	32
GO:0140150	0.0009411452061583984	8	31
GO:0033553	0.3003092864980996	1	5
GO:0000792	0.17631302173122235	6	55
GO:0000785	0.2405120836062992	87	1170
GO:0045840	0.4999083788306975	2	24
GO:1990428	0.19286060605380606	1	3
GO:0032693	0.03157383076634974	4	18
GO:0007249	0.17216930552983964	5	43
GO:0006836	0.971995445735849	1	50
GO:0032486	0.6575506730915142	1	15
GO:0007264	0.7628180296024631	6	108
GO:0015855	0.025938039705131852	2	4
GO:0005898	0.19286060605380606	1	3
GO:0140941	0.04127016152442236	2	5
GO:0043995	0.005007221686309883	4	11
GO:0031369	0.7923735919814672	1	22
GO:0005602	0.3003092864980996	1	5
GO:0031640	0.6312362721518661	5	78
GO:0051059	0.6574709329934392	2	32
GO:0071333	0.18681015478989155	6	56
GO:0009749	0.9652855773905438	1	47
GO:0009743	1.0	0	7
GO:0001678	0.6221957864493053	2	30
GO:0042593	0.8909916121973408	4	93
GO:0043296	0.890915787877195	1	31
GO:0045668	0.29638122349016605	4	40
GO:0045667	0.05552847388944662	3	13
GO:0043998	0.19286060605380606	1	3
GO:0005769	0.9668209501902086	15	326
GO:0005768	0.9935101037619677	14	355
GO:1990841	0.10471368670027216	9	81
GO:0003682	0.29588782562604976	37	488
GO:0045120	0.43528378435773646	1	8
GO:0005634	3.1282444149458436e-86	789	6498
GO:0050779	0.19286060605380606	1	3
GO:0005637	0.906005715271976	2	56
GO:0031965	0.8957828437085922	11	219
GO:0034472	1.0	0	16
GO:0016180	0.7427076829224035	1	19
GO:0031123	0.19849321650809154	2	12
GO:0072006	0.43528378435773646	1	8
GO:0000425	0.6811720512583292	1	16
GO:0050850	0.8984462670669936	1	32
GO:0050848	1.0	0	12
GO:0035869	0.9757320566480576	1	52
GO:0031054	0.6321806093576154	1	14
GO:0035196	0.12309523642132279	3	18
GO:0090263	0.9750249191813108	3	102
GO:0060828	0.18993995392368943	4	33
GO:0030177	0.3282323778236946	4	42
GO:0015630	0.9990850625182264	5	210
GO:0005856	0.9999752702516114	30	812
GO:0098639	0.3003092864980996	1	5
GO:0005518	0.4538640773271789	5	64
GO:0044877	0.7959714884356955	20	339
GO:0007623	0.005580032408691604	12	76
GO:0070573	0.47422283438659296	1	9
GO:0016805	0.17290349611200884	2	11
GO:0008238	1.0	0	8
GO:0008233	0.0406076637968514	15	133
GO:0008235	1.0	0	13
GO:0008237	3.9838262691430075e-10	28	106
GO:0004623	0.9237191455103387	1	36
GO:0004620	0.8984462670669936	1	32
GO:0016298	0.8440205178320941	1	26
GO:0052689	0.8741396251113995	1	29
GO:0060252	0.6321806093576154	1	14
GO:0140046	0.34854795329137683	1	6
GO:0140008	1.0	0	4
GO:0045963	0.19286060605380606	1	3
GO:0042053	1.0	0	5
GO:0042531	0.890915787877195	1	31
GO:0050730	0.025938039705131852	2	4
GO:0050731	1.0	0	15
GO:0002394	0.24850146150336413	1	4
GO:0002250	0.9444094326263698	3	87
GO:0006955	0.9924092410157963	24	534
GO:0002385	1.0	0	6
GO:0019731	0.759391052136557	4	74
GO:0019730	1.0	0	12
GO:0006959	0.8525604847919845	2	48
GO:0140546	1.0	0	4
GO:0035666	0.17290349611200884	2	11
GO:0002224	0.5841742007049777	2	28
GO:0002221	1.0	0	19
GO:0002757	1.0	0	5
GO:0002764	1.0	0	3
GO:0002218	0.9237191455103387	1	36
GO:0030368	0.34854795329137683	1	6
GO:0004896	0.4552779227167461	4	50
GO:0140375	0.890915787877195	1	31
GO:0005811	0.9763526691846054	3	103
GO:0071391	0.12309523642132279	3	18
GO:0043627	0.03307697670519823	7	45
GO:0034638	0.604932507316985	1	13
GO:0046475	0.6575506730915142	1	15
GO:0009395	0.32928177815957166	2	17
GO:0046470	1.0	0	22
GO:0038191	0.0006771160929886524	6	17
GO:2000311	0.5756674533753028	1	12
GO:0099601	1.0	0	4
GO:0010469	1.0	0	4
GO:0050795	0.5756674533753028	1	12
GO:0000932	0.4842551235004459	7	95
GO:0036464	0.994209498046531	1	72
GO:0035970	0.43528378435773646	1	8
GO:0006470	0.9922868471499767	1	68
GO:0000976	3.3609573405584845e-25	80	315
GO:0019082	0.3615114297075189	3	31
GO:0017108	0.3934631811564106	1	7
GO:0042826	0.5534770815985113	9	131
GO:0034112	0.3934631811564106	1	7
GO:0022409	0.27699971708303567	2	15
GO:0045785	0.5451269503176883	4	56
GO:0045727	0.9632266345327842	2	72
GO:0006417	0.40815189799460666	4	47
GO:0004722	0.9689722102903353	3	98
GO:0004721	0.9408853890375448	2	64
GO:0000775	0.8756568761714336	4	90
GO:0071470	0.5756674533753028	1	12
GO:0006970	1.0	0	9
GO:0045830	0.17290349611200884	2	11
GO:0045191	1.0	0	3
GO:0050864	1.0	0	6
GO:0000018	1.0	0	5
GO:0050871	1.0	0	8
GO:0051251	0.19286060605380606	1	3
GO:0050867	1.0	0	4
GO:0002891	1.0	0	3
GO:0070169	0.24850146150336413	1	4
GO:1903753	0.43528378435773646	1	8
GO:0043409	0.9739305639848749	1	51
GO:1900744	0.3003092864980996	1	5
GO:0021549	0.9054572450332443	1	33
GO:0050681	0.2650532301491419	3	26
GO:0061891	0.8067002661134604	1	23
GO:0140299	1.0	0	5
GO:0060070	0.14385233567591296	8	75
GO:0016055	0.9442602302521028	2	65
GO:0071806	0.5104787423462751	1	10
GO:0051219	0.9427060061562016	1	40
GO:0060455	0.19286060605380606	1	3
GO:0051046	1.0	0	7
GO:0051048	0.19286060605380606	1	3
GO:0038195	0.01358885255864113	2	3
GO:0033630	0.2507071807887816	2	14
GO:0033628	0.3934631811564106	1	7
GO:0000149	0.9560111147324829	2	69
GO:0034755	0.17290349611200884	2	11
GO:0006826	1.0	0	14
GO:0141119	0.19286060605380606	1	3
GO:0004879	0.7048669113343303	3	52
GO:0000981	2.6981450841469554e-178	404	1236
GO:0098531	1.0	0	3
GO:0003700	5.918979343619546e-35	150	731
GO:0050750	0.8440205178320941	1	26
GO:0070325	1.0	0	3
GO:0000727	0.5756674533753028	1	12
GO:0000724	0.7217791490034771	6	103
GO:0006302	0.9350775116252775	3	84
GO:0000725	1.0	0	6
GO:0050687	0.544236266969702	1	11
GO:0055007	0.35505509587685286	2	18
GO:0051146	1.0	0	7
GO:0042692	0.6575506730915142	1	15
GO:0038158	0.3003092864980996	1	5
GO:0019221	0.463590255835803	10	136
GO:0000183	0.3934631811564106	1	7
GO:0140718	0.34854795329137683	1	6
GO:0030889	0.17290349611200884	2	11
GO:0050869	0.3934631811564106	1	7
GO:0030888	0.1479196627494554	2	10
GO:0002532	0.04127016152442236	2	5
GO:1905869	0.19286060605380606	1	3
GO:0006583	0.24850146150336413	1	4
GO:0042438	0.10071895874712865	2	8
GO:0019748	1.0	0	4
GO:0034644	0.3762706269172396	4	45
GO:0071482	1.0	0	14
GO:0009314	1.0	0	14
GO:0009416	1.0	0	19
GO:0009411	0.509650221322878	3	39
GO:0031053	0.2507071807887816	2	14
GO:0005847	0.4771867610776184	2	23
GO:0005849	1.0	0	10
GO:0072050	0.24850146150336413	1	4
GO:0031462	0.9699167980496299	1	49
GO:0070192	0.24850146150336413	1	4
GO:0051276	0.9054572450332443	1	33
GO:1900017	0.6401740179487392	2	31
GO:1900015	1.0	0	7
GO:1905477	0.12377138412688521	2	9
GO:0004535	0.604932507316985	1	13
GO:0000175	1.0	0	30
GO:0008408	1.0	0	16
GO:0004527	0.06716455779313547	3	14
GO:0004532	1.0	0	5
GO:0004540	1.0	0	26
GO:0005254	0.971995445735849	1	50
GO:0015108	1.0	0	22
GO:0008509	0.544236266969702	1	11
GO:0005253	0.5104787423462751	1	10
GO:0015889	0.5104787423462751	1	10
GO:0051180	1.0	0	10
GO:0090181	0.05552847388944662	3	13
GO:0019218	1.0	0	3
GO:0005506	0.9994643997388813	2	139
GO:0070761	0.3934631811564106	1	7
GO:0031528	0.9119845358355788	1	34
GO:0031253	1.0	0	14
GO:0032977	0.6575506730915142	1	15
GO:0140597	0.3807202922782393	3	32
GO:0097110	0.9727950843895631	2	77
GO:0017022	0.5433950275908229	2	26
GO:0008092	0.9946100692368359	1	73
GO:0000400	0.35505509587685286	2	18
GO:0000217	1.0	0	6
GO:0007339	0.004857323873378744	6	24
GO:0044389	0.5433950275908229	2	26
GO:0098698	0.24850146150336413	1	4
GO:0099084	1.0	0	3
GO:0036016	0.34854795329137683	1	6
GO:0071345	0.6922395008635877	3	51
GO:0006386	0.7031651933270016	1	17
GO:0006353	0.43528378435773646	1	8
GO:0018027	0.3003092864980996	1	5
GO:0000082	0.2062935082573452	7	70
GO:0044843	0.24850146150336413	1	4
GO:0044770	0.34854795329137683	1	6
GO:0044772	1.0	0	7
GO:1904780	0.19286060605380606	1	3
GO:0001756	0.27699971708303567	2	15
GO:0009952	0.8063019602783947	2	43
GO:2000677	0.24850146150336413	1	4
GO:0098984	0.47422283438659296	1	9
GO:0045202	0.9998278783439075	27	702
GO:0070935	0.8067002661134604	1	23
GO:0048255	0.39224258141657203	4	46
GO:1902373	0.3003092864980996	1	5
GO:0043489	0.059115952531713624	2	6
GO:0043197	0.985146435618073	5	156
GO:0098794	0.99575054462576	7	225
GO:0044309	0.43528378435773646	1	8
GO:0043005	0.9999389639976128	6	284
GO:0001915	0.34854795329137683	1	6
GO:0050777	1.0	0	14
GO:0005801	0.994209498046531	1	72
GO:0060379	0.47422283438659296	1	9
GO:0010002	1.0	0	3
GO:0048863	0.21916118597741044	4	35
GO:0022625	0.9842091081050688	1	58
GO:0015934	1.0	0	15
GO:0051894	0.8324579989766606	1	25
GO:0051893	0.8741396251113995	1	29
GO:0001952	1.0	0	10
GO:0001954	0.5641278200212558	2	27
GO:0010811	0.0448404525960376	4	20
GO:0048599	0.12377138412688521	2	9
GO:0007281	0.8200390438214065	1	24
GO:0035580	0.9335445617198418	2	62
GO:0034774	0.9977736125376924	2	117
GO:0060205	1.0	0	4
GO:0060174	0.3934631811564106	1	7
GO:0070628	0.7236422578828927	1	18
GO:0060292	0.5756674533753028	1	12
GO:0050805	1.0	0	7
GO:0003713	0.2629243827991222	24	302
GO:0003712	0.037591126688624896	16	143
GO:0097191	0.04397969676953802	6	38
GO:0009954	0.3934631811564106	1	7
GO:0051168	0.8067002661134604	1	23
GO:0061549	0.0021374646539683195	4	9
GO:0030280	0.0010940343822606168	12	63
GO:0140955	0.34854795329137683	1	6
GO:0030198	3.501466054539012e-05	21	115
GO:1903348	0.027178269636604517	3	10
GO:0042473	0.025938039705131852	2	4
GO:0031103	0.5756674533753028	1	12
GO:0048678	0.864808266812163	1	28
GO:0061564	1.0	0	31
GO:0031175	0.7048714121099414	8	133
GO:0007613	0.8946619182510875	2	54
GO:0007611	0.9757320566480576	1	52
GO:0050890	0.7620830937167236	3	57
GO:0050877	1.0	0	50
GO:0008021	0.9998464045621237	2	158
GO:0070382	0.6401740179487392	2	31
GO:0030133	0.9965174528059301	2	110
GO:1905516	0.3003092864980996	1	5
GO:1901660	0.24850146150336413	1	4
GO:0071007	0.9427060061562016	1	40
GO:0071013	0.9884838248121978	2	91
GO:0071372	0.1479196627494554	2	10
GO:0032354	1.0	0	5
GO:0120146	0.34854795329137683	1	6
GO:0051861	1.0	0	6
GO:0070665	0.5104787423462751	1	10
GO:0098586	0.9949829489257098	1	74
GO:0009615	0.7628180296024631	6	108
GO:0005385	0.2650532301491419	3	26
GO:0007498	0.1906159710115221	3	22
GO:0060485	1.0	0	6
GO:0001755	0.09338773253926848	3	16
GO:0046834	0.0021374646539683195	4	9
GO:0140322	0.19286060605380606	1	3
GO:2001044	0.059115952531713624	2	6
GO:0035914	0.47422283438659296	1	9
GO:0008146	0.967683983616045	1	48
GO:1900087	0.45589001451650385	3	36
GO:1901992	0.34854795329137683	1	6
GO:0045931	0.864808266812163	1	28
GO:2000045	0.49444378098591	5	67
GO:1903003	0.24850146150336413	1	4
GO:1903925	0.19286060605380606	1	3
GO:0004115	0.8067002661134604	1	23
GO:0004114	1.0	0	23
GO:0004112	1.0	0	6
GO:0008081	1.0	0	57
GO:0001708	0.4771867610776184	2	23
GO:0071168	0.5641278200212558	2	27
GO:0034502	1.0	0	3
GO:0071394	0.34854795329137683	1	6
GO:0071396	0.9338902389268295	1	38
GO:0033574	0.705368222563323	2	35
GO:0051149	0.6321806093576154	1	14
GO:0032091	0.7427076829224035	1	19
GO:0038061	0.35505509587685286	2	18
GO:0006355	4.720519348695735e-161	416	1443
GO:0035173	1.0	0	6
GO:0003177	0.025938039705131852	2	4
GO:2000637	0.34854795329137683	1	6
GO:0002053	0.12377138412688521	2	9
GO:0045236	0.6321806093576154	1	14
GO:0042379	1.0	0	11
GO:0005126	1.0	0	33
GO:0010804	0.30352487113286764	3	28
GO:0019005	0.01887185064490298	12	89
GO:0008131	0.3934631811564106	1	7
GO:0097621	0.19286060605380606	1	3
GO:0016641	1.0	0	5
GO:0001618	0.928986423724504	1	37
GO:0140272	1.0	0	3
GO:0050852	0.8519781129250689	5	104
GO:0050851	1.0	0	7
GO:0002429	1.0	0	5
GO:0002768	0.19849321650809154	2	12
GO:0031334	0.8261790592723188	2	45
GO:0006508	4.0766030272402585e-09	67	459
GO:0042063	0.34854795329137683	1	6
GO:0022008	0.6425021755348705	5	79
GO:0033629	0.2244868060751178	2	13
GO:0043570	0.24850146150336413	1	4
GO:0045687	0.19286060605380606	1	3
GO:0051562	0.24850146150336413	1	4
GO:0051560	0.6321806093576154	1	14
GO:0006874	0.7845589086933702	5	94
GO:0055074	0.890915787877195	1	31
GO:1990112	0.34854795329137683	1	6
GO:2000563	0.3003092864980996	1	5
GO:2000516	1.0	0	4
GO:0050870	1.0	0	38
GO:1903039	1.0	0	4
GO:0046641	1.0	0	3
GO:0042102	0.7170938658551038	3	53
GO:0050671	1.0	0	7
GO:0032946	1.0	0	3
GO:0005345	0.025938039705131852	2	4
GO:1903413	0.025938039705131852	2	4
GO:1900026	0.5269423022282329	3	40
GO:1900024	1.0	0	5
GO:0060816	0.47422283438659296	1	9
GO:0009048	0.5104787423462751	1	10
GO:0090051	0.6575506730915142	1	15
GO:0043537	0.776985913544772	1	21
GO:0043535	0.059115952531713624	2	6
GO:0046813	0.34854795329137683	1	6
GO:0019062	1.0	0	3
GO:0044406	1.0	0	3
GO:0072011	0.24850146150336413	1	4
GO:0003158	1.0	0	6
GO:0043679	0.9863168903752411	1	60
GO:0044306	0.776985913544772	1	21
GO:0098793	0.9988928647036284	6	230
GO:0007286	0.93165836768527	3	83
GO:0001784	0.8442009303915033	2	47
GO:0070886	0.7604587169463339	1	20
GO:0070884	1.0	0	5
GO:0010572	0.5756674533753028	1	12
GO:0010543	1.0	0	6
GO:0097180	0.3003092864980996	1	5
GO:0097179	0.34854795329137683	1	6
GO:1904090	1.0	0	4
GO:0033005	1.0	0	5
GO:0033003	1.0	0	3
GO:0006357	1.0309135989755517e-209	481	1524
GO:0045444	0.44013269270408656	5	63
GO:2000552	0.24850146150336413	1	4
GO:0002725	0.47422283438659296	1	9
GO:0002719	0.3003092864980996	1	5
GO:0002724	0.24850146150336413	1	4
GO:0002829	1.0	0	4
GO:1905146	0.604932507316985	1	13
GO:0031145	0.7923735919814672	1	22
GO:0033280	0.7604587169463339	1	20
GO:1990910	0.19286060605380606	1	3
GO:0001666	0.7637682138052646	8	141
GO:0070482	1.0	0	4
GO:0030505	0.19286060605380606	1	3
GO:0015698	1.0	0	6
GO:0062111	0.07905658610117396	2	7
GO:0071577	0.2650532301491419	3	26
GO:0006829	0.604932507316985	1	13
GO:0031390	0.3934631811564106	1	7
GO:0007597	0.05552847388944662	3	13
GO:0051604	0.9378258970128832	5	125
GO:0010467	0.1246249892785081	10	96
GO:0002081	0.24850146150336413	1	4
GO:0001891	0.6401740179487392	2	31
GO:0048787	0.7340971298003891	2	37
GO:0055003	0.544236266969702	1	11
GO:0030239	1.0	0	15
GO:0008373	0.776985913544772	1	21
GO:0016757	0.9295578386322645	2	61
GO:2000300	0.9180614862259393	1	35
GO:0046928	1.0	0	17
GO:1903530	1.0	0	4
GO:1903305	1.0	0	3
GO:0017157	1.0	0	24
GO:1903843	0.19286060605380606	1	3
GO:0071243	1.0	0	6
GO:0046685	0.544236266969702	1	11
GO:0008156	0.6321806093576154	1	14
GO:0051053	1.0	0	3
GO:0032922	0.2902115530797289	6	65
GO:0003730	0.8274382258763133	5	100
GO:0003729	0.9563909930815088	12	264
GO:0071421	0.5104787423462751	1	10
GO:0140115	1.0	0	10
GO:0071549	0.7031651933270016	1	17
GO:0071548	0.27699971708303567	2	15
GO:0051384	0.9652855773905438	1	47
GO:0048545	0.8440205178320941	1	26
GO:0071385	0.02357290237253674	6	33
GO:0034224	0.04127016152442236	2	5
GO:0033631	0.0001177600919389884	7	18
GO:0032190	0.04127016152442236	2	5
GO:0016651	0.5104787423462751	1	10
GO:0002052	0.604932507316985	1	13
GO:2000179	0.35505509587685286	2	18
GO:2000177	0.025938039705131852	2	4
GO:1902692	1.0	0	3
GO:0071383	0.6575506730915142	1	15
GO:0000729	0.544236266969702	1	11
GO:0004867	0.01887185064490298	12	89
GO:0001849	0.43528378435773646	1	8
GO:0001848	0.3934631811564106	1	7
GO:0004869	0.43741567743876697	3	35
GO:0004866	0.2212174282027028	5	47
GO:0030414	0.0011799239474044039	8	32
GO:0061036	0.2507071807887816	2	14
GO:1990931	0.24850146150336413	1	4
GO:0035515	1.0	0	6
GO:0016706	0.776985913544772	1	21
GO:0032451	1.0	0	4
GO:0030182	0.8155679001158453	9	166
GO:0002183	1.0	0	24
GO:0006413	1.0	0	60
GO:0060347	0.47422283438659296	1	9
GO:0070857	0.3003092864980996	1	5
GO:0050810	1.0	0	5
GO:0010561	0.34854795329137683	1	6
GO:0010559	0.19286060605380606	1	3
GO:0001739	0.34854795329137683	1	6
GO:0055015	0.3934631811564106	1	7
GO:0055013	1.0	0	15
GO:2000404	1.0	0	4
GO:2000401	1.0	0	5
GO:0030276	0.9180614862259393	1	35
GO:0042554	0.8067002661134604	1	23
GO:0006801	0.6811720512583292	1	16
GO:0072593	1.0	0	21
GO:0022900	0.6321806093576154	1	14
GO:0090103	0.6575506730915142	1	15
GO:0048598	1.0	0	15
GO:0000281	0.9474511251769387	2	66
GO:0061640	1.0	0	21
GO:0005262	0.9933169093723557	1	70
GO:0046427	0.9503469333477125	1	42
GO:0046425	0.19849321650809154	2	12
GO:0030851	0.43528378435773646	1	8
GO:0002573	1.0	0	5
GO:0030099	0.35505509587685286	2	18
GO:0005006	0.19286060605380606	1	3
GO:0004714	0.017946102858123054	8	49
GO:0160093	0.19286060605380606	1	3
GO:0021637	0.005578579509839814	3	6
GO:0047497	1.0	0	8
GO:0051654	1.0	0	3
GO:0051646	1.0	0	12
GO:0010824	0.8324579989766606	1	25
GO:0046605	1.0	0	9
GO:0035497	0.604932507316985	1	13
GO:0000978	2.506394652753335e-162	368	1115
GO:0002042	0.07927861534783726	4	24
GO:0043534	1.0	0	5
GO:0043542	0.4741033370244409	3	37
GO:0038128	0.43528378435773646	1	8
GO:0007379	1.0	0	4
GO:0043304	0.43528378435773646	1	8
GO:0045047	0.6575506730915142	1	15
GO:0006605	0.3807202922782393	3	32
GO:0003323	0.43528378435773646	1	8
GO:0070373	0.9408853890375448	2	64
GO:0070372	0.012771304232033319	6	29
GO:0043184	0.47422283438659296	1	9
GO:0005172	0.24850146150336413	1	4
GO:0070851	1.0	0	6
GO:0140448	0.34854795329137683	1	6
GO:0016485	0.015131254342226516	14	107
GO:0009566	0.30352487113286764	3	28
GO:0046598	0.12377138412688521	2	9
GO:1903902	1.0	0	6
GO:0048524	1.0	0	3
GO:0046596	1.0	0	4
GO:0017124	0.8266931766029533	3	64
GO:0019904	0.9671212339148961	9	217
GO:0008083	0.25047557297543144	12	139
GO:0048018	0.1670743965528511	16	178
GO:0030546	1.0	0	9
GO:0030545	1.0	0	14
GO:0050965	0.32928177815957166	2	17
GO:0009266	1.0	0	9
GO:0009582	1.0	0	4
GO:0030878	0.544236266969702	1	11
GO:1904706	0.776985913544772	1	21
GO:0048660	1.0	0	10
GO:0048662	0.8547856215940495	1	27
GO:0001706	0.47422283438659296	1	9
GO:0001704	0.3934631811564106	1	7
GO:0098978	0.5232788483392816	38	551
GO:0032993	0.42397527443974886	4	48
GO:0008360	0.9572410894384904	3	92
GO:0006813	0.9996945662903135	1	113
GO:0010591	0.43528378435773646	1	8
GO:2000406	0.405438036467731	2	20
GO:0140009	0.34854795329137683	1	6
GO:0089718	1.0	0	23
GO:0003333	1.0	0	29
GO:0006865	0.9627093083054579	1	46
GO:0070778	0.3934631811564106	1	7
GO:0015810	1.0	0	12
GO:1905039	1.0	0	10
GO:0046942	1.0	0	4
GO:0006835	1.0	0	3
GO:1902475	1.0	0	15
GO:0015807	1.0	0	3
GO:0048010	0.2650532301491419	3	26
GO:0045780	0.00030865525449470116	6	15
GO:0000922	0.9998740635136614	2	161
GO:0034214	0.6575506730915142	1	15
GO:0051259	0.8547856215940495	1	27
GO:0030199	0.5870660962866785	4	59
GO:0036374	0.43528378435773646	1	8
GO:0008242	1.0	0	3
GO:1904262	0.7514131575615488	3	56
GO:0032007	0.6221957864493053	2	30
GO:0014002	0.04127016152442236	2	5
GO:0007369	0.1479196627494554	2	10
GO:0097491	0.0012396654121504043	3	4
GO:0035871	0.544236266969702	1	11
GO:0016579	0.9993736315716893	1	103
GO:0043687	0.9384556543568712	1	39
GO:0035098	0.10784166881216065	3	17
GO:0031519	0.13588662775009724	4	29
GO:0035097	1.0	0	29
GO:0034708	1.0	0	8
GO:0045778	0.025936029932438317	4	17
GO:0003382	0.5756674533753028	1	12
GO:0044321	0.43528378435773646	1	8
GO:0051087	0.9274797767236522	4	102
GO:0044027	0.604932507316985	1	13
GO:0005004	0.005578579509839814	3	6
GO:0160091	0.24850146150336413	1	4
GO:0035987	0.30352487113286764	3	28
GO:0019229	0.35505509587685286	2	18
GO:0008988	0.19286060605380606	1	3
GO:0008170	1.0	0	6
GO:0008649	1.0	0	4
GO:0007632	1.0	0	3
GO:0060041	0.12348721452333014	4	28
GO:0051932	0.8200390438214065	1	24
GO:0007268	0.9999840975285449	2	192
GO:0099537	1.0	0	4
GO:0099536	1.0	0	11
GO:0045742	0.3615114297075189	3	31
GO:0042058	0.17290349611200884	2	11
GO:0044729	0.025938039705131852	2	4
GO:0070004	0.025938039705131852	2	4
GO:0002446	0.5756674533753028	1	12
GO:0005604	0.04493493501718152	12	101
GO:0034314	0.776985913544772	1	21
GO:0045010	0.43528378435773646	1	8
GO:0098911	0.544236266969702	1	11
GO:0098901	1.0	0	6
GO:0086004	0.6321806093576154	1	14
GO:0032970	1.0	0	3
GO:0048703	0.3003092864980996	1	5
GO:0005546	0.9833105714984823	2	85
GO:1901981	1.0	0	30
GO:1902936	1.0	0	14
GO:0061001	0.776985913544772	1	21
GO:0099175	0.3615114297075189	3	31
GO:0030010	0.6574709329934392	2	32
GO:0007163	0.967683983616045	1	48
GO:0004622	0.8067002661134604	1	23
GO:0009247	0.6321806093576154	1	14
GO:0006664	1.0	0	3
GO:0005524	0.9999999996085313	34	1156
GO:0070724	0.025938039705131852	2	4
GO:0045499	1.740159379933234e-06	11	29
GO:0043523	0.2650532301491419	3	26
GO:0051480	0.7726919341829859	2	40
GO:0007598	0.19286060605380606	1	3
GO:0032911	0.04127016152442236	2	5
GO:2000611	0.24850146150336413	1	4
GO:0010817	0.24850146150336413	1	4
GO:2000609	1.0	0	4
GO:0006661	0.8752395332845487	2	51
GO:0006825	0.43528378435773646	1	8
GO:0032909	1.0	0	4
GO:0071635	0.009264368608062802	3	7
GO:0042043	0.6811720512583292	1	16
GO:0019827	0.14876489777755456	4	30
GO:0051402	0.32286774536934093	3	29
GO:0009898	0.9710992724751334	5	142
GO:0098562	1.0	0	6
GO:0036462	0.12377138412688521	2	9
GO:0008625	0.07349783912534058	5	33
GO:0008385	0.43528378435773646	1	8
GO:1905606	0.5641278200212558	2	27
GO:0043087	0.8440205178320941	1	26
GO:0003163	0.43528378435773646	1	8
GO:0003228	0.19286060605380606	1	3
GO:0048738	0.604932507316985	1	13
GO:0060537	1.0	0	7
GO:0072345	0.3003092864980996	1	5
GO:0015278	1.0	0	9
GO:0099604	0.34854795329137683	1	6
GO:0097084	0.3934631811564106	1	7
GO:0031091	0.7427076829224035	1	19
GO:0010906	0.7604587169463339	1	20
GO:0006749	0.8164813858824143	2	44
GO:1902093	0.5756674533753028	1	12
GO:0003352	1.0	0	4
GO:0060632	1.0	0	8
GO:1901317	1.0	0	5
GO:0099572	0.044954894131595535	3	12
GO:0045124	0.5104787423462751	1	10
GO:0046850	1.0	0	6
GO:0034103	0.3003092864980996	1	5
GO:0032736	0.15570374350738317	3	20
GO:0034333	0.2244868060751178	2	13
GO:0034332	0.34221250621287286	3	30
GO:0007043	0.49203076391511186	3	38
GO:0034329	1.0	0	11
GO:0043014	0.9627093083054579	1	46
GO:0015631	0.9673898519490449	2	74
GO:0007173	0.04067825185242028	8	57
GO:0045116	0.6811720512583292	1	16
GO:0032446	1.0	0	13
GO:0006688	0.890915787877195	1	31
GO:0030148	0.9503469333477125	1	42
GO:0006665	0.784425360381492	2	41
GO:0006687	1.0	0	4
GO:0000122	1.3842299600288083e-31	169	946
GO:0001569	0.012862832909254275	4	14
GO:0030170	0.9804238549417897	1	55
GO:0019842	1.0	0	3
GO:0072014	0.24850146150336413	1	4
GO:0046627	0.705368222563323	2	35
GO:1900076	1.0	0	9
GO:0046626	1.0	0	11
GO:0070979	0.9384556543568712	1	39
GO:0000776	0.998314125883885	3	149
GO:0035924	0.11159809365893815	4	27
GO:0002027	0.890915787877195	1	31
GO:0030521	0.776985913544772	1	21
GO:0030518	0.8741396251113995	1	29
GO:0043401	1.0	0	6
GO:0009755	0.7604044525852482	2	39
GO:0030522	0.7604044525852482	2	39
GO:0060021	0.22724896579374929	3	24
GO:0008045	0.0166000094611534	4	15
GO:0034140	0.24850146150336413	1	4
GO:0051865	0.0027965935177117923	12	70
GO:0008076	0.9977203979224207	1	85
GO:0034705	1.0	0	11
GO:0034703	1.0	0	15
GO:0034702	1.0	0	7
GO:1902495	0.6401740179487392	2	31
GO:1990351	1.0	0	4
GO:0033625	0.47422283438659296	1	9
GO:0033623	0.01358885255864113	2	3
GO:0045661	0.04127016152442236	2	5
GO:0009143	0.04127016152442236	2	5
GO:0005544	0.8946619182510875	2	54
GO:0043547	0.7918727302176499	3	60
GO:0090271	0.19286060605380606	1	3
GO:0004197	0.9474511251769387	2	66
GO:0008234	0.8946619182510875	2	54
GO:0004175	0.0009297838422159016	16	97
GO:1990715	0.3003092864980996	1	5
GO:0002767	0.5604791806573788	3	42
GO:0004630	0.3003092864980996	1	5
GO:0034162	0.19849321650809154	2	12
GO:0140894	1.0	0	3
GO:0002753	0.1390742498706813	3	19
GO:0010507	0.17631302173122235	6	55
GO:0032743	0.29638122349016605	4	40
GO:0034599	0.9942172967087267	2	102
GO:0097242	0.32928177815957166	2	17
GO:0070986	0.10071895874712865	2	8
GO:0098548	0.24850146150336413	1	4
GO:0005044	0.0053245030568147365	7	32
GO:1902555	1.0	0	7
GO:0140535	1.0	0	7
GO:0005697	0.776985913544772	1	21
GO:0034766	1.0	0	3
GO:1903028	0.6811720512583292	1	16
GO:0060290	0.07905658610117396	2	7
GO:0048706	0.1906159710115221	3	22
GO:0001501	0.08768266135109685	11	101
GO:0005436	0.5756674533753028	1	12
GO:0005315	1.0	0	6
GO:0010494	0.5393210992332547	7	100
GO:0060137	0.19286060605380606	1	3
GO:0019371	0.544236266969702	1	11
GO:0019369	1.0	0	40
GO:0001676	1.0	0	31
GO:0120254	1.0	0	5
GO:0010756	0.47422283438659296	1	9
GO:0010755	0.01358885255864113	2	3
GO:0010954	0.05552847388944662	3	13
GO:0033572	0.544236266969702	1	11
GO:0003184	0.7236422578828927	1	18
GO:0003179	1.0	0	6
GO:0032008	0.23419796958366368	4	36
GO:0072546	0.5104787423462751	1	10
GO:0003697	0.7628180296024631	6	108
GO:2000439	0.3003092864980996	1	5
GO:0002693	0.3003092864980996	1	5
GO:0021680	0.34854795329137683	1	6
GO:0003310	0.19286060605380606	1	3
GO:0035883	1.0	0	4
GO:0042101	0.6811720512583292	1	16
GO:0032836	0.43528378435773646	1	8
GO:0039706	0.604932507316985	1	13
GO:0008595	0.3934631811564106	1	7
GO:0009948	0.6321806093576154	1	14
GO:0000578	0.34854795329137683	1	6
GO:0009880	0.42991478497756974	2	21
GO:0015012	0.8741396251113995	1	29
GO:0180064	1.0	0	3
GO:0006493	0.9161985841136829	2	58
GO:0030201	0.19286060605380606	1	3
GO:0005922	0.776985913544772	1	21
GO:0016358	0.8067002661134604	1	23
GO:0004438	0.6321806093576154	1	14
GO:0021766	0.06028342668604793	6	41
GO:0072049	0.19286060605380606	1	3
GO:0014898	0.34854795329137683	1	6
GO:0003300	1.0	0	8
GO:0005925	0.5109846203119112	28	403
GO:0030055	0.34854795329137683	1	6
GO:0030695	0.8324579989766606	1	25
GO:2000773	0.15570374350738317	3	20
GO:2000772	0.43528378435773646	1	8
GO:0010544	0.12377138412688521	2	9
GO:0045662	0.7427076829224035	1	19
GO:0010903	0.34854795329137683	1	6
GO:0045747	2.2618479450200965e-05	12	43
GO:0038133	0.43528378435773646	1	8
GO:0005815	0.9949035605427091	2	104
GO:0030275	0.34854795329137683	1	6
GO:0010997	0.47422283438659296	1	9
GO:0050840	1.9635947482616508e-05	10	30
GO:0010667	0.1729089256242666	3	21
GO:0010664	1.0	0	5
GO:0010656	1.0	0	5
GO:0090084	0.5104787423462751	1	10
GO:0034138	0.6321806093576154	1	14
GO:0002438	0.3003092864980996	1	5
GO:0002526	1.0	0	6
GO:0002437	1.0	0	8
GO:0007156	0.8636357300866914	9	176
GO:0051310	0.6811720512583292	1	16
GO:0050000	1.0	0	3
GO:0030178	0.15607865532800158	6	53
GO:0018023	0.43528378435773646	1	8
GO:0008063	0.3934631811564106	1	7
GO:1903589	0.5104787423462751	1	10
GO:0001936	0.3934631811564106	1	7
GO:0001938	0.12525842296194775	7	61
GO:0032722	0.18402023328955858	5	44
GO:0051539	0.6221957864493053	2	30
GO:0051536	1.0	0	29
GO:0002039	0.5466693563967093	5	71
GO:0045577	0.014069468163309886	3	8
GO:0061844	0.9989044397162263	2	128
GO:0005576	5.628369649638383e-05	246	2842
GO:0072012	1.0	0	4
GO:0001944	1.0	0	15
GO:0001568	0.20875267198801012	3	23
GO:0031047	0.6321806093576154	1	14
GO:0031594	0.1517126999166264	9	88
GO:0030299	0.5104787423462751	1	10
GO:0050892	1.0	0	12
GO:0001553	0.19286060605380606	1	3
GO:0034383	0.6321806093576154	1	14
GO:0034381	0.24850146150336413	1	4
GO:0046875	0.5641278200212558	2	27
GO:0032052	0.47422283438659296	1	9
GO:0031406	1.0	0	8
GO:0005496	1.0	0	24
GO:0009950	0.3003092864980996	1	5
GO:0043236	0.1729089256242666	3	21
GO:0005677	0.03549241261796501	3	11
GO:0030325	0.6321806093576154	1	14
GO:0006898	0.402242305108959	6	74
GO:0045893	3.225524407474606e-06	85	747
GO:0045603	0.12377138412688521	2	9
GO:0030858	0.3003092864980996	1	5
GO:0070536	0.5641278200212558	2	27
GO:0035313	0.00019664136465441257	6	14
GO:0048286	0.6811720512583292	1	16
GO:0070105	0.19286060605380606	1	3
GO:0019957	0.8200390438214065	1	24
GO:0019956	1.0	0	7
GO:0019955	0.02348343426763547	7	42
GO:0097485	0.24850146150336413	1	4
GO:0010821	0.4771867610776184	2	23
GO:2001224	0.6811720512583292	1	16
GO:2001222	0.32928177815957166	2	17
GO:0001570	0.00018610318380355922	10	38
GO:0070507	0.34221250621287286	3	30
GO:0051493	1.0	0	23
GO:0061643	0.19286060605380606	1	3
GO:0050919	7.954736331192907e-07	13	38
GO:0070461	0.07905658610117396	2	7
GO:0000123	0.004417876376631224	7	31
GO:0097494	0.34854795329137683	1	6
GO:0038135	0.04127016152442236	2	5
GO:0009597	0.24850146150336413	1	4
GO:0006099	0.890915787877195	1	31
GO:0017150	0.025938039705131852	2	4
GO:0034351	0.12377138412688521	2	9
GO:0030877	0.044954894131595535	3	12
GO:0009913	0.10071895874712865	2	8
GO:0014012	0.3003092864980996	1	5
GO:0061975	0.19286060605380606	1	3
GO:0051216	0.1280365707326607	5	39
GO:0004697	0.6811720512583292	1	16
GO:0004725	0.9990363957646451	1	97
GO:0004181	0.9119845358355788	1	34
GO:0004180	1.0	0	22
GO:0035315	0.47422283438659296	1	9
GO:0043473	0.6575506730915142	1	15
GO:0030324	0.45589001451650385	3	36
GO:0071314	0.3934631811564106	1	7
GO:0071312	1.0	0	4
GO:0043279	1.0	0	10
GO:0042220	0.8828273436859545	1	30
GO:0071679	0.044954894131595535	3	12
GO:0042117	0.5104787423462751	1	10
GO:0003094	0.3032300005892878	2	16
GO:0003014	1.0	0	5
GO:0045064	0.3003092864980996	1	5
GO:0002286	1.0	0	21
GO:0042093	1.0	0	5
GO:0035710	1.0	0	4
GO:0046631	1.0	0	8
GO:0042428	0.3934631811564106	1	7
GO:0060546	0.27699971708303567	2	15
GO:0062099	1.0	0	3
GO:0031252	0.9408853890375448	2	64
GO:0008630	0.07290014524208516	6	43
GO:0003203	0.32928177815957166	2	17
GO:0070531	0.3934631811564106	1	7
GO:0099010	0.12377138412688521	2	9
GO:0050808	0.9208965774025335	2	59
GO:2000379	0.6740949721469711	2	33
GO:0061462	0.6811720512583292	1	16
GO:0071140	0.24850146150336413	1	4
GO:0071139	0.3003092864980996	1	5
GO:0072537	0.34854795329137683	1	6
GO:0004707	0.27699971708303567	2	15
GO:0000900	0.05247265080608215	4	21
GO:0030371	0.6811720512583292	1	16
GO:0045182	0.1906159710115221	3	22
GO:0140851	0.19286060605380606	1	3
GO:0070315	0.025938039705131852	2	4
GO:0030673	0.6575506730915142	1	15
GO:0032589	1.0	0	3
GO:0031256	0.17290349611200884	2	11
GO:0070098	0.9922868471499767	1	68
GO:0007186	0.999999999999995	19	1029
GO:0045163	0.3003092864980996	1	5
GO:0000979	0.776985913544772	1	21
GO:0001046	0.7604587169463339	1	20
GO:0000977	3.2492191606335445e-50	125	395
GO:0030200	0.5756674533753028	1	12
GO:0030167	0.24850146150336413	1	4
GO:0006516	1.0	0	16
GO:0016235	0.5756674533753028	1	12
GO:0016234	0.7604587169463339	1	20
GO:0045665	0.8741396251113995	1	29
GO:0045664	0.7604587169463339	1	20
GO:0048019	0.284235122210417	3	27
GO:0030547	0.43528378435773646	1	8
GO:0002296	0.19286060605380606	1	3
GO:0005085	0.999189035012887	6	236
GO:0050656	0.1479196627494554	2	10
GO:0016556	0.6811720512583292	1	16
GO:2001240	0.20875267198801012	3	23
GO:2001237	0.30352487113286764	3	28
GO:2001236	1.0	0	4
GO:2001233	0.1479196627494554	2	10
GO:2001234	0.4771867610776184	2	23
GO:0010988	0.19286060605380606	1	3
GO:0042383	0.8923851335463922	5	112
GO:0005886	0.9999999998081937	286	5558
GO:0043923	0.7031651933270016	1	17
GO:0044788	1.0	0	8
GO:0044794	0.5756674533753028	1	12
GO:2000535	0.3003092864980996	1	5
GO:0045322	0.12377138412688521	2	9
GO:0034666	0.19286060605380606	1	3
GO:1990341	0.002939856976196116	3	5
GO:0035909	0.5104787423462751	1	10
GO:0048844	0.0025855973915317023	5	15
GO:0030509	0.06673722322934932	8	63
GO:0141091	1.0	0	11
GO:0007178	0.3615114297075189	3	31
GO:0097070	0.24850146150336413	1	4
GO:0097150	0.5756674533753028	1	12
GO:0007229	8.173600943574878e-06	19	89
GO:0002418	0.01358885255864113	2	3
GO:0051457	0.5756674533753028	1	12
GO:0032507	1.0	0	4
GO:0071604	0.19286060605380606	1	3
GO:0050897	0.3003092864980996	1	5
GO:0006622	0.4999083788306975	2	24
GO:0006623	1.0	0	12
GO:0007034	1.0	0	22
GO:0007041	0.5219841200953089	2	25
GO:0046599	0.1479196627494554	2	10
GO:1902115	1.0	0	5
GO:0048471	0.9999984770464505	22	719
GO:1903671	0.5756674533753028	1	12
GO:1903670	1.0	0	7
GO:1902219	0.025938039705131852	2	4
GO:0140939	0.3934631811564106	1	7
GO:0005758	0.9572410894384904	3	92
GO:0045211	0.9465977818430006	11	240
GO:0048568	0.8440205178320941	1	26
GO:0007595	0.42991478497756974	2	21
GO:0007589	1.0	0	4
GO:0060416	0.2507071807887816	2	14
GO:0061205	0.19286060605380606	1	3
GO:0046676	0.5219841200953089	2	25
GO:0050796	1.0	0	42
GO:0090276	1.0	0	4
GO:0046883	1.0	0	4
GO:0050708	0.1479196627494554	2	10
GO:0050709	0.35505509587685286	2	18
GO:0051224	1.0	0	3
GO:1903531	1.0	0	4
GO:0046888	0.5104787423462751	1	10
GO:0035754	0.34854795329137683	1	6
GO:0097490	0.005578579509839814	3	6
GO:0061436	0.864808266812163	1	28
GO:0098773	0.059115952531713624	2	6
GO:0008544	0.10680648641383021	10	93
GO:1904491	0.776985913544772	1	21
GO:0002456	0.6321806093576154	1	14
GO:0008175	0.43528378435773646	1	8
GO:0044325	0.9781955917723064	5	148
GO:0035035	0.0014950641159999802	7	26
GO:1903566	0.34854795329137683	1	6
GO:0045110	0.3934631811564106	1	7
GO:0045109	0.003558120960318611	12	72
GO:0060037	0.7031651933270016	1	17
GO:0017002	0.24850146150336413	1	4
GO:0016233	0.544236266969702	1	11
GO:0000723	0.9161985841136829	2	58
GO:0032200	0.3003092864980996	1	5
GO:1903672	0.8200390438214065	1	24
GO:0045766	0.004172880792183544	18	132
GO:0051788	0.19286060605380606	1	3
GO:0034727	0.7236422578828927	1	18
GO:0016237	0.19286060605380606	1	3
GO:0044804	1.0	0	5
GO:0048069	0.10071895874712865	2	8
GO:0048066	0.5104787423462751	1	10
GO:0001823	0.0012444826382818851	5	13
GO:0042415	0.3003092864980996	1	5
GO:0006584	1.0	0	3
GO:0006576	1.0	0	4
GO:0009308	0.3934631811564106	1	7
GO:0001893	0.19286060605380606	1	3
GO:0060135	1.0	0	13
GO:0005200	0.9997537869732768	1	116
GO:1904637	0.3003092864980996	1	5
GO:0071398	0.20875267198801012	3	23
GO:0070542	1.0	0	17
GO:0008327	0.22724896579374929	3	24
GO:0008013	0.9369390777342943	4	105
GO:0150003	0.025938039705131852	2	4
GO:0071498	0.5104787423462751	1	10
GO:0034405	1.0	0	9
GO:0031297	0.8354129731465094	2	46
GO:0097028	0.07980569487613094	3	15
GO:0140954	0.24850146150336413	1	4
GO:0010761	0.07905658610117396	2	7
GO:0007605	0.9799446009593005	3	106
GO:0007600	1.0	0	14
GO:0046332	0.05426422679968356	7	50
GO:0044853	0.360260708125646	4	44
GO:0045121	0.137171968494954	20	223
GO:0098857	1.0	0	3
GO:0048403	0.19286060605380606	1	3
GO:0043121	0.24850146150336413	1	4
GO:0003724	0.9632266345327842	2	72
GO:0008186	1.0	0	9
GO:0004386	1.0	0	48
GO:0010255	0.3934631811564106	1	7
GO:0005547	0.784425360381492	2	41
GO:0032396	0.17290349611200884	2	11
GO:0032393	0.34854795329137683	1	6
GO:0005875	0.9627093083054579	1	46
GO:0031708	0.01358885255864113	2	3
GO:0002237	0.3934631811564106	1	7
GO:0016514	0.05217787257162488	5	30
GO:1905244	0.19286060605380606	1	3
GO:0007200	0.9652363520348594	5	138
GO:0034452	0.2507071807887816	2	14
GO:0036126	0.9999644457751828	2	180
GO:0097729	1.0	0	43
GO:0031514	0.9995801663383821	3	172
GO:0005929	0.9999999881890647	4	368
GO:0007259	0.7861478108133326	4	77
GO:0097696	1.0	0	26
GO:0032394	0.34854795329137683	1	6
GO:0003229	0.24850146150336413	1	4
GO:1990074	0.3003092864980996	1	5
GO:0061157	0.7923735919814672	1	22
GO:1990604	0.24850146150336413	1	4
GO:2000726	0.34854795329137683	1	6
GO:0050905	0.6321806093576154	1	14
GO:0072520	0.24850146150336413	1	4
GO:0036398	0.24850146150336413	1	4
GO:0097680	0.5104787423462751	1	10
GO:0006303	0.9338902389268295	1	38
GO:0017134	0.8200390438214065	1	24
GO:0050775	0.7236422578828927	1	18
GO:0048814	0.7236422578828927	1	18
GO:0045956	0.544236266969702	1	11
GO:1903307	1.0	0	5
GO:0045921	0.8547856215940495	1	27
GO:0051047	1.0	0	4
GO:0017158	0.7236422578828927	1	18
GO:0045892	9.862631431372946e-11	87	615
GO:0030097	0.4552779227167461	4	50
GO:0015914	0.9652855773905438	1	47
GO:0006869	1.0	0	55
GO:0015748	1.0	0	8
GO:0043027	0.3032300005892878	2	16
GO:0032835	1.0	0	9
GO:0035567	0.8741396251113995	1	29
GO:0099151	0.6811720512583292	1	16
GO:0099150	1.0	0	4
GO:0017145	1.0	0	6
GO:0051301	0.9054572450332443	1	33
GO:0008356	1.0	0	5
GO:0015804	0.7923735919814672	1	22
GO:0034241	0.24850146150336413	1	4
GO:0035912	0.07905658610117396	2	7
GO:0045669	0.00134014404893566	11	56
GO:0031508	0.059115952531713624	2	6
GO:0035868	0.19286060605380606	1	3
GO:0045943	0.5433950275908229	2	26
GO:0006356	0.24850146150336413	1	4
GO:0007420	0.9699053053124143	7	181
GO:0000407	0.14876489777755456	4	30
GO:0015798	0.3003092864980996	1	5
GO:0015850	1.0	0	5
GO:0042277	0.6035302344335435	2	29
GO:1901030	0.10071895874712865	2	8
GO:1905710	0.19286060605380606	1	3
GO:0090559	1.0	0	6
GO:0046902	1.0	0	13
GO:1901028	1.0	0	3
GO:0071564	0.604932507316985	1	13
GO:0033504	0.24850146150336413	1	4
GO:0070508	0.34854795329137683	1	6
GO:0030301	0.7923735919814672	1	22
GO:0015918	1.0	0	17
GO:0097294	0.43528378435773646	1	8
GO:0009168	1.0	0	7
GO:0009156	1.0	0	4
GO:0006164	0.7427076829224035	1	19
GO:0009165	1.0	0	12
GO:0070316	0.0894674501717166	4	25
GO:0070840	0.4999083788306975	2	24
GO:0008191	0.0166000094611534	4	15
GO:0015026	0.0024687915570022895	12	69
GO:0007159	0.00014607660664352906	10	37
GO:0048041	0.8324579989766606	1	25
GO:0030298	0.3003092864980996	1	5
GO:0006487	0.9904368374242876	1	65
GO:0010332	0.6811720512583292	1	16
GO:0010212	0.9384556543568712	1	39
GO:0005539	0.07927861534783726	4	24
GO:0002208	0.24850146150336413	1	4
GO:0030326	0.27699971708303567	2	15
GO:0035108	0.2507071807887816	2	14
GO:0030863	0.8828273436859545	1	30
GO:0097264	0.43528378435773646	1	8
GO:0032588	0.9998015320992321	1	119
GO:0008023	0.8067002661134604	1	23
GO:0035024	0.7427076829224035	1	19
GO:0051058	0.6575506730915142	1	15
GO:0071373	0.3003092864980996	1	5
GO:0099159	0.43528378435773646	1	8
GO:0072687	0.3032300005892878	2	16
GO:0034673	0.19286060605380606	1	3
GO:0042733	0.1906159710115221	3	22
GO:0072686	0.9160880739762283	5	118
GO:0007040	0.360260708125646	4	44
GO:0007033	0.47422283438659296	1	9
GO:0060766	0.6811720512583292	1	16
GO:0060765	0.6321806093576154	1	14
GO:0007026	0.5219841200953089	2	25
GO:0031110	1.0	0	17
GO:0043242	1.0	0	3
GO:0031114	1.0	0	4
GO:0090090	0.3787818914582511	10	127
GO:0034612	0.10024897268299195	4	26
GO:2000737	0.544236266969702	1	11
GO:0003104	0.19286060605380606	1	3
GO:0008375	0.5433950275908229	2	26
GO:0008194	1.0	0	30
GO:0016758	1.0	0	32
GO:0001843	0.6401740179487392	2	31
GO:0035148	1.0	0	7
GO:0042149	0.9739305639848749	1	51
GO:1901874	1.0	0	3
GO:1905653	0.3003092864980996	1	5
GO:0035774	0.928986423724504	1	37
GO:0032024	1.0	0	49
GO:0050714	0.5604791806573788	3	42
GO:1904951	1.0	0	6
GO:0090277	1.0	0	10
GO:0046887	0.10071895874712865	2	8
GO:0061178	0.5756674533753028	1	12
GO:1902882	0.19286060605380606	1	3
GO:0030317	0.999961987478255	2	179
GO:0060285	1.0	0	12
GO:0060294	1.0	0	26
GO:0010826	0.24850146150336413	1	4
GO:0036302	0.1479196627494554	2	10
GO:0008240	0.24850146150336413	1	4
GO:0070008	1.0	0	4
GO:0008236	0.00018675218349286214	17	93
GO:0090443	0.7031651933270016	1	17
GO:0007548	0.6321806093576154	1	14
GO:0005381	0.12377138412688521	2	9
GO:0045995	0.8605088908039666	2	49
GO:0098810	0.24850146150336413	1	4
GO:0001504	1.0	0	13
GO:0031648	0.607981407999463	3	45
GO:0009897	0.0004564842319771955	44	378
GO:0061551	0.24850146150336413	1	4
GO:0030667	0.8461312536145797	5	103
GO:0070197	0.3003092864980996	1	5
GO:0031092	0.10784166881216065	3	17
GO:0000405	0.43528378435773646	1	8
GO:0008286	0.6266576838592721	4	62
GO:0038110	0.43528378435773646	1	8
GO:0051497	0.5433950275908229	2	26
GO:0032232	1.0	0	6
GO:0110053	0.604932507316985	1	13
GO:0032956	0.9369390777342943	4	105
GO:0051492	1.0	0	13
GO:0047288	0.24850146150336413	1	4
GO:0017154	0.604932507316985	1	13
GO:0090148	0.9466630223005693	1	41
GO:0140312	0.5104787423462751	1	10
GO:0043531	0.9338902389268295	1	38
GO:0005003	8.63077273168416e-06	7	13
GO:0034122	0.27699971708303567	2	15
GO:0034121	0.544236266969702	1	11
GO:0016529	0.5010843359881044	4	53
GO:0048665	0.12377138412688521	2	9
GO:0000791	0.38456222909899757	5	59
GO:0055056	1.0	0	16
GO:0033595	0.19286060605380606	1	3
GO:0031397	0.8680630614249032	2	50
GO:0031396	0.6811720512583292	1	16
GO:0005640	0.6574709329934392	2	32
GO:0031402	0.47422283438659296	1	9
GO:0004713	0.38819707970231493	10	128
GO:1900242	0.7427076829224035	1	19
GO:1902216	0.19286060605380606	1	3
GO:0005521	0.7236422578828927	1	18
GO:0036396	0.17290349611200884	2	11
GO:0000014	0.5104787423462751	1	10
GO:0006855	0.35505509587685286	2	18
GO:0042908	1.0	0	22
GO:0040019	0.7236422578828927	1	18
GO:0001533	0.6005336334934586	4	60
GO:0061756	0.3003092864980996	1	5
GO:1903537	0.3003092864980996	1	5
GO:0031011	0.6811720512583292	1	16
GO:0032211	0.4538446663741743	2	22
GO:0032210	1.0	0	6
GO:2000278	7.251874176732316e-05	5	8
GO:0032204	1.0	0	23
GO:2000279	1.0	0	7
GO:1904357	1.0	0	10
GO:0032205	1.0	0	5
GO:0097623	0.6575506730915142	1	15
GO:0071805	0.9975926513328244	3	143
GO:0016799	0.3934631811564106	1	7
GO:0005883	0.5756674533753028	1	12
GO:0005882	0.8946619182510875	2	54
GO:0006968	0.43969079278756273	4	49
GO:0000182	0.34854795329137683	1	6
GO:1990837	2.7309381127519523e-31	130	620
GO:0043372	0.3003092864980996	1	5
GO:0046638	1.0	0	6
GO:0045582	0.21916118597741044	4	35
GO:0045621	1.0	0	5
GO:1902107	0.10071895874712865	2	8
GO:0090200	0.8200390438214065	1	24
GO:0005415	0.01358885255864113	2	3
GO:0071225	0.5104787423462751	1	10
GO:0032495	0.43528378435773646	1	8
GO:0050901	0.007948828547371034	5	19
GO:0072673	0.3003092864980996	1	5
GO:0006805	0.9974692119384495	2	115
GO:0001955	0.04127016152442236	2	5
GO:0001502	0.3934631811564106	1	7
GO:0010833	0.43528378435773646	1	8
GO:0032872	0.43528378435773646	1	8
GO:0071526	0.0009693915898816707	10	46
GO:0006888	0.9997867451882916	1	118
GO:0048193	0.7923735919814672	1	22
GO:0048714	0.6321806093576154	1	14
GO:0048713	0.3003092864980996	1	5
GO:0036305	0.24850146150336413	1	4
GO:0010172	0.3003092864980996	1	5
GO:0006611	0.5841742007049777	2	28
GO:0120192	0.43528378435773646	1	8
GO:0120193	1.0	0	5
GO:0048754	0.5756674533753028	1	12
GO:0061138	1.0	0	3
GO:0001763	0.10071895874712865	2	8
GO:0002020	0.0003588650143664875	18	107
GO:1990909	0.2507071807887816	2	14
GO:0072164	0.24850146150336413	1	4
GO:0060468	0.3003092864980996	1	5
GO:0030145	0.9585552195297165	2	70
GO:0030850	0.6321806093576154	1	14
GO:0034594	0.24850146150336413	1	4
GO:0021762	0.9569694869515843	1	44
GO:0090543	0.8324579989766606	1	25
GO:1901750	0.5104787423462751	1	10
GO:0019370	1.0	0	11
GO:0006691	1.0	0	16
GO:0003289	0.24850146150336413	1	4
GO:0060413	0.47422283438659296	1	9
GO:0060411	1.0	0	9
GO:0010845	0.19286060605380606	1	3
GO:0045836	1.0	0	3
GO:0051445	0.405438036467731	2	20
GO:0072562	0.18070562193423306	13	142
GO:0021987	0.5870660962866785	4	59
GO:0101031	0.9427060061562016	1	40
GO:0140767	0.32286774536934093	3	29
GO:0009410	0.6858833521208562	12	193
GO:0010571	0.34854795329137683	1	6
GO:0033262	1.0	0	4
GO:0007224	0.2212174282027028	5	47
GO:0140911	0.3934631811564106	1	7
GO:0008543	0.3442388467769109	4	43
GO:0061299	0.19286060605380606	1	3
GO:0140005	0.34854795329137683	1	6
GO:0008017	0.9999792788750913	5	277
GO:0001772	0.88852348021383	2	53
GO:0001222	0.47071751650793814	4	51
GO:0071169	0.5104787423462751	1	10
GO:0030220	0.7031651933270016	1	17
GO:0048661	0.40815189799460666	4	47
GO:0031398	0.8266931766029533	3	64
GO:0070187	0.07905658610117396	2	7
GO:0000783	0.47422283438659296	1	9
GO:0005726	0.3934631811564106	1	7
GO:0014704	0.6657729435104058	3	49
GO:0044291	1.0	0	26
GO:0005080	0.26043879860195696	5	50
GO:0005042	0.04127016152442236	2	5
GO:0003358	0.19286060605380606	1	3
GO:0048666	0.9739305639848749	1	51
GO:0090734	0.9804238549417897	1	55
GO:0050699	0.4771867610776184	2	23
GO:0035116	0.020035469917980667	3	9
GO:0034116	0.604932507316985	1	13
GO:0042987	0.05552847388944662	3	13
GO:0042982	1.0	0	10
GO:1905368	0.604932507316985	1	13
GO:1905049	0.19286060605380606	1	3
GO:0030838	0.9466630223005693	1	41
GO:0051495	1.0	0	10
GO:0030833	1.0	0	30
GO:0008064	1.0	0	7
GO:0030832	1.0	0	4
GO:0032273	1.0	0	7
GO:1902905	1.0	0	6
GO:0071560	0.5306650865823384	4	55
GO:0071559	0.47422283438659296	1	9
GO:0032825	0.025938039705131852	2	4
GO:1902946	0.19286060605380606	1	3
GO:0036010	1.0	0	10
GO:0031340	1.0	0	10
GO:0031338	1.0	0	4
GO:0000492	0.5104787423462751	1	10
GO:0022618	1.0	0	5
GO:0098690	0.47422283438659296	1	9
GO:0003198	0.12377138412688521	2	9
GO:0060317	1.0	0	10
GO:0001837	0.11047239970280993	6	48
GO:0009925	0.9933169093723557	1	70
GO:0005540	0.4999083788306975	2	24
GO:0030879	0.2507071807887816	2	14
GO:0019724	0.3003092864980996	1	5
GO:0021702	0.34854795329137683	1	6
GO:0021953	0.3003092864980996	1	5
GO:0044754	0.19849321650809154	2	12
GO:0005764	0.9332491809262246	17	337
GO:0140861	0.8547856215940495	1	27
GO:0010757	0.3934631811564106	1	7
GO:0030517	0.09338773253926848	3	16
GO:0050771	0.43528378435773646	1	8
GO:0070498	0.20875267198801012	3	23
GO:0033198	0.6575506730915142	1	15
GO:0014074	1.0	0	7
GO:0061450	0.34854795329137683	1	6
GO:0071108	0.8440205178320941	1	26
GO:0021510	0.2460373542876627	3	25
GO:0060586	0.3032300005892878	2	16
GO:0034421	0.19286060605380606	1	3
GO:0006473	0.1479196627494554	2	10
GO:0060856	0.24850146150336413	1	4
GO:0045060	0.24850146150336413	1	4
GO:0045061	1.0	0	15
GO:0045058	1.0	0	3
GO:0004895	0.020035469917980667	3	9
GO:0007030	0.9525715755535626	4	111
GO:0051639	0.604932507316985	1	13
GO:0016671	0.3003092864980996	1	5
GO:0051898	0.9804238549417897	1	55
GO:0051896	0.776985913544772	1	21
GO:0032590	0.890915787877195	1	31
GO:0030169	0.10784166881216065	3	17
GO:0071813	0.47422283438659296	1	9
GO:0099095	0.19286060605380606	1	3
GO:0031904	0.06970463116826818	4	23
GO:0003273	0.19286060605380606	1	3
GO:0042633	0.32928177815957166	2	17
GO:1900181	0.3032300005892878	2	16
GO:1900180	1.0	0	5
GO:0051295	0.19286060605380606	1	3
GO:0043001	0.6401740179487392	2	31
GO:0006893	0.8828273436859545	1	30
GO:0098876	1.0	0	10
GO:0006892	1.0	0	15
GO:0072659	0.8514211661288089	7	139
GO:0061951	1.0	0	5
GO:0090150	1.0	0	11
GO:0035470	0.3003092864980996	1	5
GO:0045111	0.49203076391511186	3	38
GO:1904179	0.6321806093576154	1	14
GO:0000786	0.5175583704574814	7	98
GO:0031527	0.7236422578828927	1	18
GO:0042590	0.3003092864980996	1	5
GO:0002474	1.0	0	6
GO:0048002	1.0	0	3
GO:0019882	1.0	0	40
GO:0002223	0.776985913544772	1	21
GO:0034394	0.11159809365893815	4	27
GO:0006366	0.5099954679039235	10	141
GO:0006351	0.2514021859076516	9	100
GO:0031012	2.422330464817038e-12	76	470
GO:0071392	0.6900566485562055	2	34
GO:0032355	0.9243177812130093	3	81
GO:0045638	0.19849321650809154	2	12
GO:0045604	1.0	0	3
GO:0098686	0.5604791806573788	3	42
GO:0046976	0.059115952531713624	2	6
GO:1904028	0.24850146150336413	1	4
GO:0030593	0.8354129731465094	2	46
GO:0071621	0.04127016152442236	2	5
GO:1990266	0.0021374646539683195	4	9
GO:0006751	0.604932507316985	1	13
GO:0097066	0.34854795329137683	1	6
GO:0015860	0.3003092864980996	1	5
GO:0072530	1.0	0	4
GO:0043171	0.6811720512583292	1	16
GO:0006518	1.0	0	10
GO:0071711	0.27699971708303567	2	15
GO:0005669	0.8442009303915033	2	47
GO:0038007	0.12377138412688521	2	9
GO:1904047	0.05247265080608215	4	21
GO:0043169	0.7236422578828927	1	18
GO:0014826	0.025938039705131852	2	4
GO:0006649	0.3003092864980996	1	5
GO:1902897	0.24850146150336413	1	4
GO:0005035	0.00032677400449335794	3	3
GO:0072487	0.3003092864980996	1	5
GO:1902562	0.19286060605380606	1	3
GO:0045824	0.004417876376631224	7	31
GO:0014029	0.47422283438659296	1	9
GO:0003917	0.24850146150336413	1	4
GO:0002947	0.0018266166791860352	5	14
GO:0051895	0.7604587169463339	1	20
GO:0001953	0.10784166881216065	3	17
GO:0010812	0.2507071807887816	2	14
GO:0097527	0.47422283438659296	1	9
GO:1905037	0.24850146150336413	1	4
GO:1904263	0.809956146004944	3	62
GO:0042834	0.6811720512583292	1	16
GO:0140314	0.19286060605380606	1	3
GO:0140313	0.007948828547371034	5	19
GO:0032050	0.544236266969702	1	11
GO:0008015	0.5433950275908229	2	26
GO:0061763	0.5756674533753028	1	12
GO:0006906	1.0	0	32
GO:0016050	1.0	0	15
GO:0061025	0.8741396251113995	1	29
GO:0048284	1.0	0	4
GO:0097212	0.3934631811564106	1	7
GO:0035748	0.3003092864980996	1	5
GO:0032496	0.6411519781730921	7	110
GO:0140034	0.19286060605380606	1	3
GO:0033622	0.5104787423462751	1	10
GO:0001786	0.8010868655785406	3	61
GO:0072341	1.0	0	6
GO:0003954	0.544236266969702	1	11
GO:0060978	0.19286060605380606	1	3
GO:0001525	0.01611625542176696	17	140
GO:0043518	0.27699971708303567	2	15
GO:0043516	1.0	0	4
GO:1901796	1.0	0	38
GO:1901797	0.6321806093576154	1	14
GO:0035435	0.6575506730915142	1	15
GO:0006817	0.47422283438659296	1	9
GO:0017147	0.6401740179487392	2	31
GO:1904645	0.2244868060751178	2	13
GO:0034189	0.04127016152442236	2	5
GO:0045663	0.576697205698413	3	43
GO:0070936	0.005987566721777725	14	96
GO:0035617	0.07905658610117396	2	7
GO:0032984	1.0	0	4
GO:0001650	0.3272808220361578	9	108
GO:0030971	0.03650512507344284	9	66
GO:0060956	0.3003092864980996	1	5
GO:2000679	0.43528378435773646	1	8
GO:0043388	0.604932507316985	1	13
GO:0032202	0.19286060605380606	1	3
GO:1990459	0.17290349611200884	2	11
GO:0034707	0.43528378435773646	1	8
GO:0003899	0.890915787877195	1	31
GO:0034062	1.0	0	8
GO:0060272	0.07905658610117396	2	7
GO:0048704	0.7604587169463339	1	20
GO:0048562	1.0	0	6
GO:0048705	0.776985913544772	1	21
GO:0140296	1.0	0	12
GO:1990166	0.6811720512583292	1	16
GO:0060266	0.24850146150336413	1	4
GO:0050728	0.13522878379307868	12	122
GO:0060263	1.0	0	4
GO:0048846	0.014069468163309886	3	8
GO:0032388	1.0	0	14
GO:0030018	0.9951367719511305	3	131
GO:0008270	4.465230351925082e-35	167	871
GO:0048251	0.17290349611200884	2	11
GO:0085029	0.544236266969702	1	11
GO:0031267	0.9984221746618706	9	289
GO:0051020	0.928986423724504	1	37
GO:1902339	0.01358885255864113	2	3
GO:0032966	0.6575506730915142	1	15
GO:0042421	0.04127016152442236	2	5
GO:0007566	0.1906159710115221	3	22
GO:0015770	0.24850146150336413	1	4
GO:0008643	1.0	0	4
GO:0004687	0.24850146150336413	1	4
GO:0006750	0.43528378435773646	1	8
GO:0043043	0.24850146150336413	1	4
GO:0070885	0.19849321650809154	2	12
GO:0050849	1.0	0	7
GO:0000422	0.8067002661134604	1	23
GO:0032184	0.34854795329137683	1	6
GO:1990316	0.43528378435773646	1	8
GO:0048306	0.8180647546719617	4	81
GO:0001657	0.13588662775009724	4	29
GO:0046718	0.42632167260057263	5	62
GO:0033209	0.00024973385809186837	12	54
GO:0045591	0.7031651933270016	1	17
GO:0045589	1.0	0	3
GO:0007274	0.7031651933270016	1	17
GO:0140015	0.3003092864980996	1	5
GO:0045622	0.19286060605380606	1	3
GO:0038202	0.7236422578828927	1	18
GO:0001975	0.7427076829224035	1	19
GO:0014075	1.0	0	10
GO:0030297	0.06716455779313547	3	14
GO:0033276	0.35505509587685286	2	18
GO:0071492	0.544236266969702	1	11
GO:0070141	1.0	0	3
GO:0120560	0.34854795329137683	1	6
GO:1905564	0.2507071807887816	2	14
GO:0044547	0.24850146150336413	1	4
GO:0031069	0.32928177815957166	2	17
GO:0019864	0.5756674533753028	1	12
GO:0019865	1.0	0	5
GO:0070987	0.3003092864980996	1	5
GO:0046974	0.19849321650809154	2	12
GO:1902230	0.009709628272091916	4	13
GO:0032453	0.43528378435773646	1	8
GO:0032452	0.7427076829224035	1	19
GO:0140457	1.0	0	6
GO:0071837	0.5756674533753028	1	12
GO:0006110	0.604932507316985	1	13
GO:0043467	1.0	0	3
GO:0010666	0.544236266969702	1	11
GO:0021952	0.3003092864980996	1	5
GO:0021955	1.0	0	6
GO:0007409	0.7151421894715222	5	86
GO:0048812	1.0	0	58
GO:1902564	0.3934631811564106	1	7
GO:0007340	0.27699971708303567	2	15
GO:0016532	0.19286060605380606	1	3
GO:0016531	1.0	0	5
GO:0060324	0.34854795329137683	1	6
GO:0005484	0.9338902389268295	1	38
GO:0005879	0.9503469333477125	1	42
GO:0005881	0.9817769120266955	1	56
GO:0042581	0.6575506730915142	1	15
GO:0070779	0.24850146150336413	1	4
GO:0090069	0.34854795329137683	1	6
GO:0045335	0.9786721647713637	2	81
GO:0030139	0.9653683723445754	2	73
GO:0010719	0.10818425337988136	5	37
GO:0010717	0.544236266969702	1	11
GO:0010820	0.5756674533753028	1	12
GO:0005614	0.027178269636604517	3	10
GO:1901387	0.01358885255864113	2	3
GO:0016887	0.9999999999585194	3	418
GO:0017111	1.0	0	16
GO:0016462	1.0	0	12
GO:0016818	1.0	0	14
GO:0038160	0.3003092864980996	1	5
GO:0038146	1.0	0	3
GO:0030159	0.9237191455103387	1	36
GO:0140410	0.3934631811564106	1	7
GO:0015106	1.0	0	10
GO:0008037	0.47422283438659296	1	9
GO:0003170	0.43528378435773646	1	8
GO:0038130	0.24850146150336413	1	4
GO:0046330	0.012202181622443107	13	94
GO:0033229	0.19286060605380606	1	3
GO:0015175	0.7236422578828927	1	18
GO:0072498	0.025938039705131852	2	4
GO:0033588	0.34854795329137683	1	6
GO:0160258	0.3934631811564106	1	7
GO:0044232	1.0	0	13
GO:0007519	0.7340971298003891	2	37
GO:0007416	0.8630942223604132	3	69
GO:0141156	0.6811720512583292	1	16
GO:0106016	0.19286060605380606	1	3
GO:0003279	0.04127016152442236	2	5
GO:0006367	0.7685863982635595	4	75
GO:0006352	0.8547856215940495	1	27
GO:0007179	0.03531773966954911	10	76
GO:0043583	0.3003092864980996	1	5
GO:0003222	0.1479196627494554	2	10
GO:0055010	1.0	0	19
GO:0055008	1.0	0	11
GO:0061384	1.0	0	7
GO:0034668	0.19286060605380606	1	3
GO:0008381	0.5756674533753028	1	12
GO:0040038	0.3003092864980996	1	5
GO:0002177	0.8200390438214065	1	24
GO:0001764	0.19643765357309292	7	69
GO:0045987	0.2507071807887816	2	14
GO:0006940	1.0	0	15
GO:0045933	1.0	0	13
GO:0016516	0.24850146150336413	1	4
GO:0005164	0.13588662775009724	4	29
GO:0032813	0.10071895874712865	2	8
GO:0050436	0.3934631811564106	1	7
GO:0019903	0.8909916121973408	4	93
GO:0019902	0.88852348021383	2	53
GO:0030246	0.9930149567677907	2	99
GO:2001205	0.24850146150336413	1	4
GO:0045671	0.4999083788306975	2	24
GO:0045670	1.0	0	7
GO:0017038	0.07905658610117396	2	7
GO:0019894	0.5925340225939816	3	44
GO:0046580	0.8067002661134604	1	23
GO:0046578	0.43528378435773646	1	8
GO:1900025	0.2507071807887816	2	14
GO:0033600	0.19286060605380606	1	3
GO:0050680	0.7200434112719593	2	36
GO:0019076	0.6575506730915142	1	15
GO:0005901	0.759391052136557	4	74
GO:0032735	0.9180614862259393	1	35
GO:0032655	1.0	0	4
GO:0014033	0.5756674533753028	1	12
GO:0098883	0.5104787423462751	1	10
GO:0090037	0.01358885255864113	2	3
GO:0098640	0.3003092864980996	1	5
GO:0005178	4.061328783953683e-14	40	149
GO:0001845	0.19286060605380606	1	3
GO:0004081	0.19286060605380606	1	3
GO:0048821	0.32928177815957166	2	17
GO:0061515	1.0	0	4
GO:1904628	0.1479196627494554	2	10
GO:0097305	1.0	0	10
GO:0031490	0.7338528732329666	5	88
GO:0005635	0.99575054462576	7	225
GO:0072534	0.47422283438659296	1	9
GO:0051965	0.1280365707326607	5	39
GO:0019064	0.19286060605380606	1	3
GO:0120162	0.7549859479839064	6	107
GO:0007140	0.4771867610776184	2	23
GO:0009791	0.10071895874712865	2	8
GO:0001750	0.9811291850744144	2	83
GO:0055093	0.5756674533753028	1	12
GO:0070649	0.3003092864980996	1	5
GO:0030046	1.0	0	3
GO:0045471	0.9848021364367054	3	111
GO:1904659	0.7427076829224035	1	19
GO:0008645	1.0	0	15
GO:0034219	1.0	0	4
GO:0032438	0.776985913544772	1	21
GO:0004497	1.0	0	79
GO:0005893	0.24850146150336413	1	4
GO:0051591	0.8984462670669936	1	32
GO:0016441	0.34854795329137683	1	6
GO:0043527	0.5756674533753028	1	12
GO:0003725	0.8925951065836721	3	74
GO:0006520	0.9119845358355788	1	34
GO:0120216	0.0012396654121504043	3	4
GO:0038095	0.8200390438214065	1	24
GO:0038093	1.0	0	6
GO:0005777	0.9998400240456802	1	122
GO:0090128	0.35505509587685286	2	18
GO:0043517	0.10784166881216065	3	17
GO:1901798	0.6811720512583292	1	16
GO:0048702	0.19286060605380606	1	3
GO:0071353	0.2244868060751178	2	13
GO:0070670	1.0	0	4
GO:0070411	0.3032300005892878	2	16
GO:0007064	0.6575506730915142	1	15
GO:0007062	1.0	0	20
GO:0150052	0.9569694869515843	1	44
GO:0030544	0.7170938658551038	3	53
GO:0031072	0.6637424169652603	4	65
GO:0035469	0.3003092864980996	1	5
GO:0001227	1.2433600230560986e-23	76	303
GO:0001778	0.8324579989766606	1	25
GO:0007009	1.0	0	15
GO:0000768	0.19286060605380606	1	3
GO:0006885	0.6321806093576154	1	14
GO:0016266	0.705368222563323	2	35
GO:1900016	0.399798326113694	3	33
GO:2000060	0.284235122210417	3	27
GO:2000058	0.3003092864980996	1	5
GO:2001014	0.34854795329137683	1	6
GO:0060047	0.6321806093576154	1	14
GO:0003015	0.12377138412688521	2	9
GO:0001216	0.04026336847258677	5	28
GO:1990513	0.3003092864980996	1	5
GO:0030219	0.604932507316985	1	13
GO:0071356	0.029034194146790385	11	84
GO:0031100	0.1729089256242666	3	21
GO:0038066	0.3032300005892878	2	16
GO:0000165	0.39668970968241307	9	115
GO:2000329	0.3934631811564106	1	7
GO:2000320	0.43528378435773646	1	8
GO:0043371	1.0	0	4
GO:0043032	0.7604587169463339	1	20
GO:0043030	1.0	0	11
GO:0016763	1.0	0	6
GO:0070530	0.06970463116826818	4	23
GO:0120009	0.9537765755636486	1	43
GO:0042470	0.8400947436820017	5	102
GO:0140612	0.3003092864980996	1	5
GO:0001510	0.5104787423462751	1	10
GO:0030277	0.3032300005892878	2	16
GO:0010669	1.0	0	13
GO:0001894	1.0	0	13
GO:1902035	0.19286060605380606	1	3
GO:1902033	1.0	0	3
GO:0038173	0.059115952531713624	2	6
GO:0030520	0.405438036467731	2	20
GO:0043083	0.8741396251113995	1	29
GO:0140517	0.27699971708303567	2	15
GO:0001578	0.8828273436859545	1	30
GO:0035418	0.405438036467731	2	20
GO:1902414	1.0	0	6
GO:1902513	1.0	0	3
GO:1990918	0.5756674533753028	1	12
GO:0099092	0.7923735919814672	1	22
GO:0099091	1.0	0	5
GO:0038132	0.3003092864980996	1	5
GO:0001965	0.890915787877195	1	31
GO:0007129	0.6900566485562055	2	34
GO:0061158	0.06970463116826818	4	23
GO:0007189	0.997294654995682	4	166
GO:0007188	1.0	0	60
GO:0051044	0.0166000094611534	4	15
GO:0070168	0.5104787423462751	1	10
GO:0048681	0.12377138412688521	2	9
GO:1990090	0.9119845358355788	1	34
GO:1990089	1.0	0	3
GO:0033689	0.12377138412688521	2	9
GO:0033688	1.0	0	3
GO:0006024	0.7604587169463339	1	20
GO:0030203	1.0	0	5
GO:0003924	0.9999998429311524	5	358
GO:0061635	0.5756674533753028	1	12
GO:0046628	0.35505509587685286	2	18
GO:0060042	0.34854795329137683	1	6
GO:0030315	0.7048669113343303	3	52
GO:0045292	0.8741396251113995	1	29
GO:0140882	0.19286060605380606	1	3
GO:0001530	0.5269423022282329	3	40
GO:0033165	0.34854795329137683	1	6
GO:0070292	0.47422283438659296	1	9
GO:0046337	1.0	0	5
GO:1903940	0.19286060605380606	1	3
GO:0140951	0.01358885255864113	2	3
GO:0071756	0.19286060605380606	1	3
GO:0042571	1.0	0	8
GO:0046854	0.9338902389268295	1	38
GO:0060261	0.9112392651467124	2	57
GO:2000144	1.0	0	9
GO:0045944	7.305421958239695e-06	114	1102
GO:0060260	1.0	0	3
GO:0071347	0.27386269567024607	5	51
GO:0070555	0.3807202922782393	3	32
GO:0048237	0.19286060605380606	1	3
GO:0005788	0.2666532028093008	26	330
GO:0007413	0.6321806093576154	1	14
GO:0008038	1.0	0	5
GO:0036064	0.999980365684729	3	221
GO:0035060	0.6321806093576154	1	14
GO:0051321	0.7170938658551038	3	53
GO:0045569	0.002939856976196116	3	5
GO:0007130	0.38046460717169645	2	19
GO:0070193	1.0	0	3
GO:0010508	0.05491637412007006	10	82
GO:0007422	0.32928177815957166	2	17
GO:0009609	0.24850146150336413	1	4
GO:2001034	0.10784166881216065	3	17
GO:2001032	1.0	0	4
GO:0001920	0.04127016152442236	2	5
GO:0035473	0.5104787423462751	1	10
GO:0033093	0.34854795329137683	1	6
GO:0030136	0.9673898519490449	2	74
GO:0030135	1.0	0	3
GO:0050853	0.8820544381625574	2	52
GO:0060065	0.025938039705131852	2	4
GO:0016076	1.0	0	3
GO:0007266	0.9112392651467124	2	57
GO:0071035	0.3934631811564106	1	7
GO:1904667	0.24850146150336413	1	4
GO:0051444	0.19286060605380606	1	3
GO:0008180	0.9180614862259393	1	35
GO:0032696	0.34854795329137683	1	6
GO:0032154	0.5159800342245473	4	54
GO:0005161	0.2507071807887816	2	14
GO:0048185	0.0005019394622348002	5	11
GO:0030513	0.14876489777755456	4	30
GO:0030510	0.05552847388944662	3	13
GO:0032369	0.24850146150336413	1	4
GO:0032368	1.0	0	5
GO:0070509	0.6575506730915142	1	15
GO:0015074	0.7031651933270016	1	17
GO:0033619	0.604932507316985	1	13
GO:0001774	0.5219841200953089	2	25
GO:0042116	0.6811720512583292	1	16
GO:0003176	0.059115952531713624	2	6
GO:0000794	0.9804238549417897	1	55
GO:0000793	0.43741567743876697	3	35
GO:0005694	0.8358614896749768	33	555
GO:0000228	1.0	0	35
GO:0141198	0.1390742498706813	3	19
GO:0045815	0.360260708125646	4	44
GO:0141137	1.0	0	3
GO:1903438	0.3934631811564106	1	7
GO:1902412	1.0	0	8
GO:0032465	1.0	0	39
GO:0051302	0.405438036467731	2	20
GO:1903490	1.0	0	6
GO:0032467	1.0	0	38
GO:0051781	1.0	0	9
GO:0019287	0.3003092864980996	1	5
GO:0006084	1.0	0	6
GO:0006637	1.0	0	28
GO:0032591	0.38046460717169645	2	19
GO:0001709	0.12377138412688521	2	9
GO:0010641	0.24850146150336413	1	4
GO:0032308	0.34854795329137683	1	6
GO:0032370	1.0	0	3
GO:0001865	0.19286060605380606	1	3
GO:0060391	0.5604791806573788	3	42
GO:0005813	0.9999968289109417	17	596
GO:0044304	0.24850146150336413	1	4
GO:0010867	0.604932507316985	1	13
GO:0090207	1.0	0	4
GO:0032481	0.004493212626957263	8	39
GO:0031624	4.477324604226128e-06	10	26
GO:0034185	0.025936029932438317	4	17
GO:0044849	0.5756674533753028	1	12
GO:0042698	1.0	0	5
GO:0031643	0.42991478497756974	2	21
GO:1903378	0.24850146150336413	1	4
GO:1903376	1.0	0	5
GO:2001242	1.0	0	7
GO:0043525	0.35661447734571294	5	57
GO:1902177	1.0	0	3
GO:2001244	0.8547856215940495	1	27
GO:2001235	0.003549442837008214	5	16
GO:0000124	0.0894674501717166	4	25
GO:0061051	0.19286060605380606	1	3
GO:0060421	1.0	0	4
GO:0038026	0.12377138412688521	2	9
GO:0031295	0.6740949721469711	2	33
GO:0000045	0.6637424169652603	4	65
GO:0061889	0.19286060605380606	1	3
GO:0048712	0.025938039705131852	2	4
GO:0150079	0.47422283438659296	1	9
GO:0150077	0.1479196627494554	2	10
GO:0034056	0.544236266969702	1	11
GO:0097049	0.24850146150336413	1	4
GO:0150094	0.43528378435773646	1	8
GO:0050435	1.0	0	8
GO:0045806	0.2507071807887816	2	14
GO:0005795	0.509650221322878	3	39
GO:0009986	4.252993535945854e-07	83	689
GO:0060337	0.8442009303915033	2	47
GO:0043524	0.9274797767236522	4	102
GO:0002063	0.34854795329137683	1	6
GO:0060074	0.19849321650809154	2	12
GO:0030424	0.9992274240047667	15	429
GO:0008157	0.8547856215940495	1	27
GO:0031125	0.24850146150336413	1	4
GO:0006364	0.9967324127393103	2	111
GO:0016072	1.0	0	5
GO:0032967	0.8067002661134604	1	23
GO:0001889	0.97897041307915	1	54
GO:0015616	0.3003092864980996	1	5
GO:0035577	0.9842091081050688	1	58
GO:0005765	0.9917724438980856	18	423
GO:0140319	0.10071895874712865	2	8
GO:0032127	0.19286060605380606	1	3
GO:0045141	0.19286060605380606	1	3
GO:0097225	0.9973687458630753	1	83
GO:0043395	0.05247265080608215	4	21
GO:0043394	0.6575506730915142	1	15
GO:0044829	0.5104787423462751	1	10
GO:0045719	0.07905658610117396	2	7
GO:0005979	1.0	0	12
GO:0031623	0.20856510467425177	5	46
GO:0032479	0.0012444826382818851	5	13
GO:0010832	0.5756674533753028	1	12
GO:0010830	0.24850146150336413	1	4
GO:1904339	0.19286060605380606	1	3
GO:0016409	0.2460373542876627	3	25
GO:0051782	0.34854795329137683	1	6
GO:0032469	0.7031651933270016	1	17
GO:0006297	0.3003092864980996	1	5
GO:0045071	0.8164813858824143	2	44
GO:0045069	1.0	0	3
GO:0099560	0.3807202922782393	3	32
GO:0140105	0.19849321650809154	2	12
GO:0048488	0.9503469333477125	1	42
GO:0140238	1.0	0	4
GO:0007223	0.24850146150336413	1	4
GO:1990948	0.2507071807887816	2	14
GO:0055105	1.0	0	4
GO:0055106	1.0	0	3
GO:0008585	0.544236266969702	1	11
GO:0008406	1.0	0	10
GO:0030165	0.9472324065409696	3	88
GO:0071578	0.604932507316985	1	13
GO:0098659	1.0	0	4
GO:0033089	0.07905658610117396	2	7
GO:0033081	1.0	0	3
GO:0045505	0.928986423724504	1	37
GO:0007520	0.004746245647016365	5	17
GO:0042276	0.544236266969702	1	11
GO:0120163	0.6519311791804359	3	48
GO:0048311	0.34854795329137683	1	6
GO:0036335	0.34854795329137683	1	6
GO:0070404	0.24850146150336413	1	4
GO:0051287	1.0	0	36
GO:0006383	0.6574709329934392	2	32
GO:2000048	0.17290349611200884	2	11
GO:0007004	0.8067002661134604	1	23
GO:0006278	1.0	0	16
GO:0002922	0.24850146150336413	1	4
GO:0044341	0.43528378435773646	1	8
GO:0071472	0.19286060605380606	1	3
GO:0009651	1.0	0	5
GO:0004683	0.7923735919814672	1	22
GO:0030578	0.34854795329137683	1	6
GO:0006997	0.7923735919814672	1	22
GO:0002455	0.19286060605380606	1	3
GO:0016064	0.9930149567677907	2	99
GO:0030174	0.7427076829224035	1	19
GO:0120532	0.24850146150336413	1	4
GO:0097413	0.12377138412688521	2	9
GO:0035578	0.998407531111855	1	90
GO:0032754	0.6321806093576154	1	14
GO:0031394	0.12377138412688521	2	9
GO:0042304	1.0	0	4
GO:0019217	1.0	0	6
GO:0045723	1.0	0	13
GO:0045923	1.0	0	5
GO:0045906	0.12377138412688521	2	9
GO:0032148	0.10071895874712865	2	8
GO:0032147	1.0	0	13
GO:0034142	0.5641278200212558	2	27
GO:0002752	1.0	0	13
GO:0003149	0.34854795329137683	1	6
GO:0036149	0.34854795329137683	1	6
GO:0051491	0.8547856215940495	1	27
GO:0051489	1.0	0	15
GO:0016363	0.03218977924758372	15	129
GO:1901844	0.47422283438659296	1	9
GO:0010649	1.0	0	7
GO:1904472	0.01358885255864113	2	3
GO:0071038	0.3934631811564106	1	7
GO:0016078	1.0	0	5
GO:0043153	0.22724896579374929	3	24
GO:0009648	1.0	0	3
GO:0110076	0.776985913544772	1	21
GO:0043208	0.07905658610117396	2	7
GO:0050830	0.9949035605427091	2	104
GO:0060216	0.3934631811564106	1	7
GO:0004534	0.34854795329137683	1	6
GO:0008409	0.5104787423462751	1	10
GO:0019960	0.04127016152442236	2	5
GO:0036408	0.027178269636604517	3	10
GO:0070433	0.025938039705131852	2	4
GO:0050691	0.3934631811564106	1	7
GO:0070492	0.03549241261796501	3	11
GO:0072201	0.24850146150336413	1	4
GO:1903676	0.19286060605380606	1	3
GO:0006446	1.0	0	38
GO:2000765	1.0	0	5
GO:0045948	1.0	0	24
GO:0090314	0.5219841200953089	2	25
GO:0090313	1.0	0	3
GO:0005579	0.0006641940455424959	4	7
GO:0006513	0.06641675875578328	6	42
GO:0016567	4.161505292811837e-10	77	532
GO:0050829	0.908845874451541	4	97
GO:0035925	0.3615114297075189	3	31
GO:0042311	0.9180614862259393	1	35
GO:0010387	0.3003092864980996	1	5
GO:0032728	0.7956226693676979	2	42
GO:0032648	0.19286060605380606	1	3
GO:0035254	0.3934631811564106	1	7
GO:0031124	0.8984462670669936	1	32
GO:0019215	0.34854795329137683	1	6
GO:0003309	0.34854795329137683	1	6
GO:0016605	0.3272808220361578	9	108
GO:0140144	1.0878976590897566e-07	21	82
GO:2001028	0.604932507316985	1	13
GO:0010595	0.006630717951462284	10	59
GO:0034392	0.544236266969702	1	11
GO:0043125	0.3003092864980996	1	5
GO:0010042	0.34854795329137683	1	6
GO:0070820	0.24850146150336413	1	4
GO:0002467	0.24850146150336413	1	4
GO:0030574	0.20439681676324	4	34
GO:0032963	1.0	0	7
GO:0098868	1.0	0	6
GO:0044029	0.5756674533753028	1	12
GO:0007288	0.8828273436859545	1	30
GO:0035082	1.0	0	29
GO:2000766	0.5756674533753028	1	12
GO:0017148	0.4389249076181997	7	91
GO:0023035	0.0033689372411916728	4	10
GO:1905026	0.19286060605380606	1	3
GO:0060307	1.0	0	18
GO:0140889	0.025938039705131852	2	4
GO:0060170	0.8815532928168768	3	72
GO:0042734	0.8504693461338048	8	156
GO:0071889	0.399798326113694	3	33
GO:0010314	0.7604587169463339	1	20
GO:0090402	0.24850146150336413	1	4
GO:0090398	0.9537765755636486	1	43
GO:0005092	0.27699971708303567	2	15
GO:0070053	0.24850146150336413	1	4
GO:0140468	0.47422283438659296	1	9
GO:0005112	3.649390527958515e-05	9	26
GO:0021861	0.19286060605380606	1	3
GO:0060019	1.0	0	3
GO:0010001	1.0	0	9
GO:0051131	0.5219841200953089	2	25
GO:0001782	0.47422283438659296	1	9
GO:0002260	1.0	0	4
GO:0001776	1.0	0	4
GO:0010971	0.06970463116826818	4	23
GO:1902751	1.0	0	6
GO:1902749	0.3934631811564106	1	7
GO:0010389	1.0	0	8
GO:0071459	0.3003092864980996	1	5
GO:0180010	0.38046460717169645	2	19
GO:0070821	0.12875149848894132	8	73
GO:1903817	0.19286060605380606	1	3
GO:1901380	1.0	0	7
GO:0043267	1.0	0	7
GO:0043266	1.0	0	8
GO:1901379	1.0	0	28
GO:0032760	0.8879167710941799	5	111
GO:0032680	0.3934631811564106	1	7
GO:0005931	0.544236266969702	1	11
GO:0072075	0.3934631811564106	1	7
GO:0017053	0.012153093914865616	11	74
GO:0045947	0.7427076829224035	1	19
GO:0140036	0.604932507316985	1	13
GO:0019233	0.890915787877195	1	31
GO:0070051	0.009264368608062802	3	7
GO:0071871	0.19286060605380606	1	3
GO:0008484	0.544236266969702	1	11
GO:1990926	0.24850146150336413	1	4
GO:0038092	0.009709628272091916	4	13
GO:0006509	0.15570374350738317	3	20
GO:0016500	0.027178269636604517	3	10
GO:0000287	0.9977149273398669	7	238
GO:1904754	0.6811720512583292	1	16
GO:0006695	0.8741396251113995	1	29
GO:0016126	1.0	0	11
GO:0016125	0.8741396251113995	1	29
GO:1902653	1.0	0	4
GO:0006066	1.0	0	5
GO:0008203	1.0	0	55
GO:0034451	0.9971730885041757	1	82
GO:0000050	0.2244868060751178	2	13
GO:0051354	1.0	0	3
GO:0003779	0.9996694918108837	6	253
GO:0031048	0.47422283438659296	1	9
GO:0036023	0.01358885255864113	2	3
GO:0050927	0.544236266969702	1	11
GO:0006621	0.43528378435773646	1	8
GO:0035437	1.0	0	4
GO:0071949	0.9537765755636486	1	43
GO:0050660	0.8184887810066169	3	63
GO:2000051	0.24850146150336413	1	4
GO:1905673	0.059115952531713624	2	6
GO:1905671	1.0	0	4
GO:0101003	0.057131947787460134	8	61
GO:0034711	0.24850146150336413	1	4
GO:2000059	0.776985913544772	1	21
GO:0034751	0.43528378435773646	1	8
GO:0098982	0.9627842613444968	4	116
GO:0001649	0.17197397390185923	10	103
GO:0043996	0.005007221686309883	4	11
GO:0010976	0.8338649237708858	5	101
GO:0070207	0.6811720512583292	1	16
GO:0051260	0.663571684898571	8	128
GO:0043315	0.01358885255864113	2	3
GO:0042474	0.005578579509839814	3	6
GO:0097492	0.24850146150336413	1	4
GO:0140368	0.5756674533753028	1	12
GO:0002774	0.3003092864980996	1	5
GO:0004222	5.67712400558313e-12	31	109
GO:0035615	0.776985913544772	1	21
GO:0034384	0.3934631811564106	1	7
GO:0010193	0.24850146150336413	1	4
GO:0140949	0.002939856976196116	3	5
GO:0032332	0.32928177815957166	2	17
GO:0032330	1.0	0	6
GO:0060079	0.97897041307915	1	54
GO:0060078	1.0	0	55
GO:0032223	0.19286060605380606	1	3
GO:0045579	0.47422283438659296	1	9
GO:0042472	0.42991478497756974	2	21
GO:0048387	0.3934631811564106	1	7
GO:0048385	1.0	0	3
GO:0071300	0.41244579709909734	5	61
GO:0044218	0.0006641940455424959	4	7
GO:0055059	0.19286060605380606	1	3
GO:0038203	0.544236266969702	1	11
GO:1903712	0.19286060605380606	1	3
GO:0048667	0.34854795329137683	1	6
GO:0032691	0.6900566485562055	2	34
GO:0032651	1.0	0	11
GO:0032692	0.009264368608062802	3	7
GO:1902476	0.9995928992937261	1	109
GO:0006821	1.0	0	60
GO:0006820	1.0	0	17
GO:0098656	0.3807202922782393	3	32
GO:1902108	1.0	0	4
GO:0008637	1.0	0	8
GO:0007005	0.8644251717127093	4	88
GO:0023029	0.34854795329137683	1	6
GO:0005643	0.9987159604190156	1	93
GO:0042645	0.9699167980496299	1	49
GO:0030122	0.5756674533753028	1	12
GO:0030131	1.0	0	12
GO:0030119	1.0	0	7
GO:0106091	0.19286060605380606	1	3
GO:0030282	0.6035302344335435	2	29
GO:0031214	1.0	0	7
GO:0000076	0.6811720512583292	1	16
GO:0006953	0.8200390438214065	1	24
GO:0061771	0.24850146150336413	1	4
GO:0034446	0.1606263799149847	5	42
GO:0031589	0.15570374350738317	3	20
GO:2000727	0.43528378435773646	1	8
GO:0032434	0.604932507316985	1	13
GO:0061136	0.9739305639848749	1	51
GO:1990791	0.3003092864980996	1	5
GO:0042731	0.43528378435773646	1	8
GO:0072177	0.24850146150336413	1	4
GO:0061773	0.19286060605380606	1	3
GO:0060325	0.7236422578828927	1	18
GO:0007289	0.24850146150336413	1	4
GO:0061133	0.35505509587685286	2	18
GO:0019477	0.544236266969702	1	11
GO:0046395	1.0	0	5
GO:0009063	1.0	0	13
GO:0070294	0.604932507316985	1	13
GO:0006814	0.9933169093723557	1	70
GO:0070293	1.0	0	17
GO:0045656	0.24850146150336413	1	4
GO:0038085	0.3003092864980996	1	5
GO:0044295	0.5219841200953089	2	25
GO:0003714	0.6472464781457892	14	218
GO:0090190	0.3032300005892878	2	16
GO:0031848	0.34854795329137683	1	6
GO:0043247	0.47422283438659296	1	9
GO:0007601	0.8514211661288089	7	139
GO:0050953	1.0	0	11
GO:0048630	0.3003092864980996	1	5
GO:0035973	0.5104787423462751	1	10
GO:0050930	0.19849321650809154	2	12
GO:0072179	0.19286060605380606	1	3
GO:0015813	0.8067002661134604	1	23
GO:0051938	1.0	0	5
GO:0016312	1.0	0	3
GO:0052745	1.0	0	3
GO:0048671	0.014069468163309886	3	8
GO:0001851	3.6235346211478676e-05	6	11
GO:0050859	0.5104787423462751	1	10
GO:0050855	1.0	0	6
GO:1903588	0.07905658610117396	2	7
GO:0001937	0.34221250621287286	3	30
GO:0019855	0.6321806093576154	1	14
GO:0005246	0.8605088908039666	2	49
GO:0044548	0.6321806093576154	1	14
GO:2000373	0.19286060605380606	1	3
GO:0032781	1.0	0	12
GO:0004843	0.9839310401966205	3	110
GO:0101005	1.0	0	24
GO:0019783	0.43528378435773646	1	8
GO:0007292	0.7427076829224035	1	19
GO:0046982	0.9759210047809247	15	336
GO:0060385	0.020035469917980667	3	9
GO:0008528	0.9503469333477125	1	42
GO:0001653	1.0	0	4
GO:0004930	0.999999999999681	14	827
GO:0035331	0.8440205178320941	1	26
GO:0035330	0.6575506730915142	1	15
GO:0001947	0.312269901832389	4	41
GO:0003143	1.0	0	7
GO:0031464	0.3615114297075189	3	31
GO:0080008	0.6574709329934392	2	32
GO:0006998	0.6811720512583292	1	16
GO:0006398	0.3934631811564106	1	7
GO:0008334	1.0	0	4
GO:0000012	0.6321806093576154	1	14
GO:1903428	0.5756674533753028	1	12
GO:0043021	0.7604044525852482	2	39
GO:0012505	0.9998435130518619	7	291
GO:2000344	0.1479196627494554	2	10
GO:0140447	0.04127016152442236	2	5
GO:0007283	0.9202984667388155	19	364
GO:0001933	0.30352487113286764	3	28
GO:0042326	1.0	0	6
GO:0031088	0.34854795329137683	1	6
GO:0033162	0.4999083788306975	2	24
GO:0042800	0.27699971708303567	2	15
GO:0033120	0.7031651933270016	1	17
GO:0036197	0.6811720512583292	1	16
GO:0072221	0.24850146150336413	1	4
GO:2000360	0.19286060605380606	1	3
GO:0003332	0.025938039705131852	2	4
GO:2000391	0.3003092864980996	1	5
GO:1902624	1.0	0	5
GO:0060997	0.7031651933270016	1	17
GO:0097061	1.0	0	4
GO:0099173	0.604932507316985	1	13
GO:0035772	0.3934631811564106	1	7
GO:0071346	0.6230329540401298	3	46
GO:0060059	0.34854795329137683	1	6
GO:0006590	0.5756674533753028	1	12
GO:0042403	1.0	0	11
GO:0042445	1.0	0	14
GO:0031491	0.4741033370244409	3	37
GO:0051150	1.0	0	3
GO:1905065	1.0	0	3
GO:0051152	1.0	0	8
GO:1902176	0.6575506730915142	1	15
GO:2001243	0.7031651933270016	1	17
GO:1990430	0.059115952531713624	2	6
GO:0048786	0.9569694869515843	1	44
GO:0046209	0.604932507316985	1	13
GO:0071018	0.9338902389268295	1	38
GO:0005689	1.0	0	28
GO:0051451	0.3003092864980996	1	5
GO:0045793	0.3934631811564106	1	7
GO:0008361	1.0	0	11
GO:0005938	0.9919062090749331	6	190
GO:0009306	0.967683983616045	1	48
GO:0035592	1.0	0	3
GO:0070200	0.34854795329137683	1	6
GO:0000278	0.9815358332190633	4	130
GO:0042806	0.43528378435773646	1	8
GO:0048029	1.0	0	8
GO:0030660	0.7427076829224035	1	19
GO:0006308	0.7427076829224035	1	19
GO:0048839	0.5433950275908229	2	26
GO:0000086	0.9599419966715677	1	45
GO:0044839	1.0	0	3
GO:0005930	0.999999696500956	1	209
GO:2001199	0.34854795329137683	1	6
GO:2001198	1.0	0	3
GO:0051926	0.47422283438659296	1	9
GO:0015629	0.997531921462367	8	258
GO:2000632	0.24850146150336413	1	4
GO:0007596	1.6871105761840873e-05	16	70
GO:0036500	0.43528378435773646	1	8
GO:0030968	0.9830365128638381	1	57
GO:0043204	0.9836365774113619	5	154
GO:0070314	0.3934631811564106	1	7
GO:0033627	1.740159379933234e-06	11	29
GO:0009055	0.985300703462009	1	59
GO:0048755	0.19286060605380606	1	3
GO:0006983	0.43528378435773646	1	8
GO:1990712	0.43528378435773646	1	8
GO:1902895	0.34266085802278784	5	56
GO:2000630	1.0	0	3
GO:0048634	1.0	0	3
GO:0070269	0.8984462670669936	1	32
GO:0005021	0.3934631811564106	1	7
GO:0072089	0.1479196627494554	2	10
GO:0047429	0.07905658610117396	2	7
GO:0072133	0.19286060605380606	1	3
GO:0070945	0.24850146150336413	1	4
GO:0070944	1.0	0	4
GO:0070943	1.0	0	3
GO:0060836	0.3934631811564106	1	7
GO:0048147	0.776985913544772	1	21
GO:0071260	0.12875149848894132	8	73
GO:0099171	0.45589001451650385	3	36
GO:1901223	0.17582575819055618	4	32
GO:0010729	0.24850146150336413	1	4
GO:0010310	1.0	0	5
GO:0071062	0.19286060605380606	1	3
GO:0048477	0.7923735919814672	1	22
GO:0042010	0.19286060605380606	1	3
GO:1900069	0.24850146150336413	1	4
GO:0008970	0.5219841200953089	2	25
GO:0021527	0.19286060605380606	1	3
GO:0048012	0.10071895874712865	2	8
GO:0005730	0.895165444926935	48	817
GO:0034141	0.3003092864980996	1	5
GO:0062208	0.19286060605380606	1	3
GO:0042175	0.19286060605380606	1	3
GO:0005975	0.9999962096494889	1	174
GO:0010459	0.544236266969702	1	11
GO:0002159	0.10071895874712865	2	8
GO:0015862	0.059115952531713624	2	6
GO:0014034	0.19286060605380606	1	3
GO:1902065	0.5104787423462751	1	10
GO:0043256	0.3003092864980996	1	5
GO:0007091	0.34854795329137683	1	6
GO:0045599	0.08151348262706054	5	34
GO:0030628	0.34854795329137683	1	6
GO:0051917	0.025938039705131852	2	4
GO:0005654	0.002416651441949652	289	3614
GO:0070697	0.0012558693493176691	4	8
GO:0160213	0.3003092864980996	1	5
GO:0015035	0.5433950275908229	2	26
GO:0015036	1.0	0	9
GO:0006957	0.1479196627494554	2	10
GO:0006956	4.513692333754029e-07	12	31
GO:0003183	0.5104787423462751	1	10
GO:0003181	0.47422283438659296	1	9
GO:1990782	0.8164813858824143	2	44
GO:0042789	0.5925340225939816	3	44
GO:0009299	1.0	0	5
GO:0140999	0.3003092864980996	1	5
GO:2000172	1.0	0	3
GO:0030215	0.00013525637774324233	8	24
GO:0031434	0.544236266969702	1	11
GO:0071425	0.5756674533753028	1	12
GO:0035198	0.027007106815364577	6	34
GO:0042759	0.7427076829224035	1	19
GO:0140042	0.7031651933270016	1	17
GO:0034389	1.0	0	17
GO:0001825	0.025938039705131852	2	4
GO:0030318	0.2244868060751178	2	13
GO:0060947	0.19286060605380606	1	3
GO:0035886	1.0	0	3
GO:0051145	0.43528378435773646	1	8
GO:2000095	0.24850146150336413	1	4
GO:0045334	0.8200390438214065	1	24
GO:0010510	1.0	0	6
GO:0141039	0.3934631811564106	1	7
GO:0035014	1.0	0	6
GO:0090043	0.544236266969702	1	11
GO:0034447	0.3003092864980996	1	5
GO:0043023	0.6575506730915142	1	15
GO:0043022	0.9673898519490449	2	74
GO:0002040	0.004417876376631224	7	31
GO:0033691	0.015160207661033582	5	22
GO:0033605	0.19286060605380606	1	3
GO:0001917	0.9560111147324829	2	69
GO:0031258	0.4999083788306975	2	24
GO:0046034	0.6740949721469711	2	33
GO:0051015	0.9999893807202824	2	198
GO:0016324	0.9905956799726129	18	419
GO:0035255	0.8828273436859545	1	30
GO:1902455	0.42991478497756974	2	21
GO:2000036	1.0	0	15
GO:0090050	0.018297754771038427	5	23
GO:0006363	0.6575506730915142	1	15
GO:0140258	0.01358885255864113	2	3
GO:0035872	0.059115952531713624	2	6
GO:0016278	0.24850146150336413	1	4
GO:2000321	0.19286060605380606	1	3
GO:2000318	1.0	0	10
GO:0060291	0.7340971298003891	2	37
GO:1900454	0.43528378435773646	1	8
GO:1900452	1.0	0	8
GO:0036477	0.7031651933270016	1	17
GO:0098712	0.34854795329137683	1	6
GO:0086091	0.9503469333477125	1	42
GO:0061337	1.0	0	9
GO:2000810	0.07905658610117396	2	7
GO:0015929	1.0	0	3
GO:0004553	1.0	0	33
GO:0034987	0.037873831358077426	4	19
GO:0071947	0.43528378435773646	1	8
GO:0009637	0.3003092864980996	1	5
GO:0071403	0.19286060605380606	1	3
GO:0071402	1.0	0	5
GO:0047710	0.19286060605380606	1	3
GO:0010957	0.0012396654121504043	3	4
GO:0097192	0.6575506730915142	1	15
GO:0140141	0.24850146150336413	1	4
GO:0005520	0.2244868060751178	2	13
GO:0001946	0.1479196627494554	2	10
GO:0045657	0.5104787423462751	1	10
GO:0010994	0.3934631811564106	1	7
GO:0051258	1.0	0	17
GO:0048880	0.19286060605380606	1	3
GO:0005721	0.007546614972673396	7	34
GO:0002309	0.19286060605380606	1	3
GO:0072378	0.027178269636604517	3	10
GO:0005905	0.42632167260057263	5	62
GO:0051918	0.007104968077073447	4	12
GO:1990635	0.10071895874712865	2	8
GO:0030425	0.9995963465754487	17	485
GO:0008138	0.776985913544772	1	21
GO:0045056	0.5104787423462751	1	10
GO:1905354	1.0	0	6
GO:1902306	0.3934631811564106	1	7
GO:1902305	1.0	0	16
GO:0002028	1.0	0	15
GO:0010766	1.0	0	4
GO:0070273	0.890915787877195	1	31
GO:1905806	0.10071895874712865	2	8
GO:1990523	0.19286060605380606	1	3
GO:0004528	0.002939856976196116	3	5
GO:0034109	1.0	0	8
GO:1900246	0.009709628272091916	4	13
GO:0072377	0.002939856976196116	3	5
GO:0010606	0.34854795329137683	1	6
GO:1902117	1.0	0	3
GO:0080025	0.8984462670669936	1	32
GO:0046966	0.864808266812163	1	28
GO:0003684	0.7091494448479323	4	69
GO:1902018	0.7923735919814672	1	22
GO:1902017	1.0	0	28
GO:1903334	0.19286060605380606	1	3
GO:1903238	0.1479196627494554	2	10
GO:1904996	0.17290349611200884	2	11
GO:1902042	0.0894674501717166	4	25
GO:1902041	1.0	0	6
GO:0071514	0.027178269636604517	3	10
GO:0005516	0.992287812896288	3	123
GO:0031264	0.3934631811564106	1	7
GO:2000647	0.19286060605380606	1	3
GO:0035377	0.3003092864980996	1	5
GO:0042045	0.3934631811564106	1	7
GO:0070633	0.604932507316985	1	13
GO:0006833	1.0	0	20
GO:0032801	1.0	0	13
GO:0019886	0.8547856215940495	1	27
GO:0002495	1.0	0	3
GO:0031234	0.6321806093576154	1	14
GO:0030643	0.07905658610117396	2	7
GO:0055062	0.2507071807887816	2	14
GO:0045217	0.47422283438659296	1	9
GO:0045721	0.7236422578828927	1	18
GO:0006111	0.2244868060751178	2	13
GO:0016602	0.3003092864980996	1	5
GO:0034113	0.1620892202628436	4	31
GO:0030017	0.9295578386322645	2	61
GO:0045743	0.07905658610117396	2	7
GO:0040036	1.0	0	4
GO:0007042	0.8200390438214065	1	24
GO:0007035	1.0	0	25
GO:0051452	1.0	0	17
GO:0051453	0.9180614862259393	1	35
GO:0035278	0.12309523642132279	3	18
GO:0035195	1.0	0	12
GO:0035194	1.0	0	14
GO:0007608	0.9999735039258735	1	147
GO:0007606	1.0	0	19
GO:0098637	0.12377138412688521	2	9
GO:0098636	1.0	0	8
GO:0070326	0.24850146150336413	1	4
GO:0051289	0.9560111147324829	2	69
GO:0051262	1.0	0	29
GO:0047223	0.19286060605380606	1	3
GO:0006189	0.34854795329137683	1	6
GO:0006188	1.0	0	3
GO:0046040	1.0	0	4
GO:0002862	0.06970463116826818	4	23
GO:2000739	1.0	0	4
GO:0097477	0.19286060605380606	1	3
GO:0062009	0.6321806093576154	1	14
GO:0042256	0.34854795329137683	1	6
GO:0042255	1.0	0	9
GO:0098869	0.9373168823989639	2	63
GO:1990748	1.0	0	11
GO:0098754	1.0	0	6
GO:0031290	0.07905658610117396	2	7
GO:0010792	0.34854795329137683	1	6
GO:0086073	0.34854795329137683	1	6
GO:0045428	0.47422283438659296	1	9
GO:0080164	1.0	0	4
GO:0007635	1.0	0	5
GO:0031265	0.34854795329137683	1	6
GO:0016362	0.19286060605380606	1	3
GO:0031293	0.5756674533753028	1	12
GO:0005337	0.07905658610117396	2	7
GO:0015932	1.0	0	5
GO:0021675	0.1479196627494554	2	10
GO:0051919	0.025938039705131852	2	4
GO:0021828	0.059115952531713624	2	6
GO:0045504	0.6321806093576154	1	14
GO:0150107	1.0	0	3
GO:0003727	0.6230329540401298	3	46
GO:0071073	1.0	0	3
GO:1904813	0.9986697757959911	2	125
GO:0003925	0.9999851034978433	1	155
GO:0033077	0.044954894131595535	3	12
GO:1990757	0.5756674533753028	1	12
GO:0097027	0.47422283438659296	1	9
GO:0042274	0.995953917828863	1	77
GO:0060339	0.7604587169463339	1	20
GO:0060338	1.0	0	5
GO:0043931	0.12377138412688521	2	9
GO:0001503	0.9652855773905438	1	47
GO:1990226	0.32928177815957166	2	17
GO:0007512	0.5104787423462751	1	10
GO:0007507	0.49633961267887644	11	154
GO:0008542	0.4999083788306975	2	24
GO:0008306	1.0	0	25
GO:0007612	1.0	0	45
GO:0003344	0.3003092864980996	1	5
GO:0002011	1.0	0	3
GO:0030865	0.5104787423462751	1	10
GO:0032729	0.9710972771975407	2	76
GO:0032649	0.544236266969702	1	11
GO:0060438	0.19286060605380606	1	3
GO:0032809	0.864808266812163	1	28
GO:0044298	1.0	0	3
GO:0055014	0.19286060605380606	1	3
GO:0001771	0.059115952531713624	2	6
GO:0009988	1.0	0	6
GO:0001541	0.890915787877195	1	31
GO:1902462	0.43528378435773646	1	8
GO:0005041	0.0025855973915317023	5	15
GO:0071211	0.24850146150336413	1	4
GO:0005884	0.9992230882805002	1	100
GO:0005272	0.8200390438214065	1	24
GO:0097208	0.34854795329137683	1	6
GO:0021772	0.07980569487613094	3	15
GO:2001214	0.5756674533753028	1	12
GO:2001212	1.0	0	3
GO:0071230	0.9569694869515843	1	44
GO:0018107	0.7236422578828927	1	18
GO:2000394	0.3934631811564106	1	7
GO:2000392	1.0	0	3
GO:1902745	1.0	0	4
GO:0031093	0.015947742622900052	10	67
GO:0015386	0.3032300005892878	2	16
GO:0048048	0.10071895874712865	2	8
GO:0048592	1.0	0	4
GO:0002031	0.47422283438659296	1	9
GO:0086100	0.17290349611200884	2	11
GO:0036020	0.405438036467731	2	20
GO:0097237	0.5104787423462751	1	10
GO:0009636	1.0	0	61
GO:0016167	0.3003092864980996	1	5
GO:0048103	0.19286060605380606	1	3
GO:2000010	0.6811720512583292	1	16
GO:2000008	1.0	0	9
GO:1902202	1.0	0	3
GO:0032695	0.6321806093576154	1	14
GO:0048333	0.12377138412688521	2	9
GO:0016874	0.5756674533753028	1	12
GO:0030911	0.43528378435773646	1	8
GO:1902725	0.3003092864980996	1	5
GO:0002314	0.07905658610117396	2	7
GO:0015459	0.9652855773905438	1	47
GO:0070064	0.7236422578828927	1	18
GO:0040037	0.5756674533753028	1	12
GO:0098688	0.8067002661134604	1	23
GO:0060076	0.3807202922782393	3	32
GO:1990756	0.8997422638792303	8	168
GO:0099645	0.7604587169463339	1	20
GO:0097120	1.0	0	7
GO:0031503	1.0	0	8
GO:0099072	1.0	0	33
GO:0060348	0.5438901233121153	3	41
GO:0004065	0.6321806093576154	1	14
GO:0015757	0.3003092864980996	1	5
GO:0016342	0.6401740179487392	2	31
GO:1900738	0.3934631811564106	1	7
GO:0016328	0.7401547708507409	4	72
GO:0030026	0.3003092864980996	1	5
GO:0048680	0.025938039705131852	2	4
GO:0003007	0.13588662775009724	4	29
GO:0032934	0.3934631811564106	1	7
GO:0050693	0.3934631811564106	1	7
GO:0044331	0.74754526123846	2	38
GO:0050321	0.7923735919814672	1	22
GO:0071636	0.47422283438659296	1	9
GO:0010463	1.0	0	3
GO:0060644	0.3934631811564106	1	7
GO:0002634	0.025938039705131852	2	4
GO:7770015	0.3003092864980996	1	5
GO:2000134	0.4741033370244409	3	37
GO:1902807	0.43528378435773646	1	8
GO:0061154	0.3934631811564106	1	7
GO:0007565	0.8815532928168768	3	72
GO:0010763	0.17290349611200884	2	11
GO:0010762	0.5756674533753028	1	12
GO:0032055	0.19286060605380606	1	3
GO:0043555	1.0	0	3
GO:0032057	1.0	0	4
GO:0048675	0.38046460717169645	2	19
GO:1990138	1.0	0	20
GO:0030057	0.14876489777755456	4	30
GO:0032587	0.3952295536402853	8	101
GO:0048557	0.47422283438659296	1	9
GO:0006693	0.7427076829224035	1	19
GO:0034714	0.24850146150336413	1	4
GO:0005160	1.0	0	16
GO:0051117	0.8644251717127093	4	88
GO:0002102	0.5438901233121153	3	41
GO:0098858	1.0	0	7
GO:0000438	0.025938039705131852	2	4
GO:1904582	0.01358885255864113	2	3
GO:0060384	0.47422283438659296	1	9
GO:0046030	1.0	0	3
GO:0007095	0.6740949721469711	2	33
GO:0044818	0.42991478497756974	2	21
GO:0010972	0.604932507316985	1	13
GO:0006879	0.7499148068794648	4	73
GO:0070574	0.059115952531713624	2	6
GO:0140507	0.5104787423462751	1	10
GO:0140149	1.4167637479982542e-10	35	151
GO:0033690	0.020035469917980667	3	9
GO:0010225	0.43528378435773646	1	8
GO:1901166	0.009264368608062802	3	7
GO:2000573	0.19849321650809154	2	12
GO:0045880	0.7956226693676979	2	42
GO:0006369	0.2244868060751178	2	13
GO:0050918	0.4552779227167461	4	50
GO:0072359	0.6575506730915142	1	15
GO:0032463	0.19286060605380606	1	3
GO:0031333	0.8984462670669936	1	32
GO:0072672	0.34854795329137683	1	6
GO:0045123	0.19286060605380606	1	3
GO:0035175	0.19286060605380606	1	3
GO:0016197	0.8324927487348619	4	83
GO:0005923	0.9582944163967136	5	134
GO:0070160	0.8063019602783947	2	43
GO:0045779	0.6811720512583292	1	16
GO:0034596	1.0	0	5
GO:0001913	0.34854795329137683	1	6
GO:0070424	1.0	0	5
GO:0022617	0.001915931824947312	9	42
GO:0140672	0.6321806093576154	1	14
GO:0005149	0.6321806093576154	1	14
GO:0002357	0.19849321650809154	2	12
GO:0070891	0.34854795329137683	1	6
GO:0045959	0.3934631811564106	1	7
GO:0030449	1.0	0	9
GO:0045916	1.0	0	5
GO:0030149	0.7236422578828927	1	18
GO:0014807	0.24850146150336413	1	4
GO:0032584	0.43528378435773646	1	8
GO:0060676	0.24850146150336413	1	4
GO:0072126	0.34854795329137683	1	6
GO:0035904	0.17290349611200884	2	11
GO:0060840	0.07905658610117396	2	7
GO:0006260	0.9898314858968534	2	93
GO:0051881	0.5641278200212558	2	27
GO:0070527	0.5269423022282329	3	40
GO:0090336	0.32928177815957166	2	17
GO:0090335	1.0	0	3
GO:0005791	0.7340971298003891	2	37
GO:0099558	0.6575506730915142	1	15
GO:0014069	0.9367126333936725	13	270
GO:0071625	0.7031651933270016	1	17
GO:0031954	1.0	0	4
GO:0045617	0.43528378435773646	1	8
GO:0045616	0.05552847388944662	3	13
GO:0008253	0.19849321650809154	2	12
GO:0007567	0.43528378435773646	1	8
GO:0035725	0.9724144627565662	5	143
GO:2000042	0.5433950275908229	2	26
GO:2000780	1.0	0	3
GO:0045910	1.0	0	16
GO:0010569	0.7031651933270016	1	17
GO:0045475	0.544236266969702	1	11
GO:0007626	1.0	0	35
GO:0048512	0.43528378435773646	1	8
GO:0070410	0.5756674533753028	1	12
GO:0097730	0.9338902389268295	1	38
GO:0070888	0.39852057539175767	5	60
GO:0150020	0.01358885255864113	2	3
GO:0030140	0.7236422578828927	1	18
GO:0005798	1.0	0	15
GO:0014819	1.0	0	6
GO:1901534	1.0	0	3
GO:0006457	0.9999994969346977	1	202
GO:0043202	0.8139804639191532	5	98
GO:0005025	0.3003092864980996	1	5
GO:0003274	0.025938039705131852	2	4
GO:0001574	0.6811720512583292	1	16
GO:0001573	1.0	0	3
GO:0006672	1.0	0	25
GO:0046513	1.0	0	34
GO:0106139	0.7604587169463339	1	20
GO:0006346	0.2650532301491419	3	26
GO:0097400	0.12309523642132279	3	18
GO:0035456	0.544236266969702	1	11
GO:0071455	0.24850146150336413	1	4
GO:0036295	1.0	0	8
GO:0071453	1.0	0	4
GO:0055037	0.9982106382998867	3	148
GO:0042104	0.7923735919814672	1	22
GO:0032281	0.5641278200212558	2	27
GO:0008328	1.0	0	3
GO:0098878	1.0	0	3
GO:0010668	0.19286060605380606	1	3
GO:0060675	0.24850146150336413	1	4
GO:0002282	0.43528378435773646	1	8
GO:0002281	1.0	0	13
GO:0046886	0.19286060605380606	1	3
GO:0003100	0.04127016152442236	2	5
GO:0051598	0.24850146150336413	1	4
GO:0003215	0.03549241261796501	3	11
GO:2000543	0.07905658610117396	2	7
GO:0035267	0.3615114297075189	3	31
GO:0070198	0.17290349611200884	2	11
GO:0038172	0.43528378435773646	1	8
GO:0090023	0.5219841200953089	2	25
GO:0090022	1.0	0	3
GO:0005154	0.705368222563323	2	35
GO:0070534	0.00015632490984713159	15	75
GO:0036297	0.7340971298003891	2	37
GO:0002043	0.34854795329137683	1	6
GO:0001935	1.0	0	16
GO:0050673	1.0	0	9
GO:0140713	0.544236266969702	1	11
GO:0006707	0.3934631811564106	1	7
GO:0006706	1.0	0	7
GO:0001890	0.776985913544772	1	21
GO:0001523	0.509650221322878	3	39
GO:0006721	1.0	0	4
GO:0006720	1.0	0	7
GO:0030216	0.6792087959014905	3	50
GO:0044725	0.07905658610117396	2	7
GO:0008584	0.0002188764188200521	14	69
GO:0032266	0.6376839351341431	3	47
GO:1904724	0.9804238549417897	1	55
GO:0034242	0.24850146150336413	1	4
GO:0008299	0.604932507316985	1	13
GO:0031571	0.6321806093576154	1	14
GO:0061578	0.7031651933270016	1	17
GO:0085020	0.09338773253926848	3	16
GO:0000423	0.8605088908039666	2	49
GO:0070723	0.1479196627494554	2	10
GO:0031419	0.3934631811564106	1	7
GO:0048793	0.009264368608062802	3	7
GO:0070412	0.8440205178320941	1	26
GO:0005789	0.9999999999994118	31	1226
GO:0032489	0.5756674533753028	1	12
GO:1905907	0.6321806093576154	1	14
GO:1905906	1.0	0	3
GO:0050650	0.4771867610776184	2	23
GO:0003209	0.19286060605380606	1	3
GO:0140374	0.018289128096890796	13	99
GO:0039552	0.19286060605380606	1	3
GO:0030027	0.9643174658754896	8	196
GO:2000353	0.405438036467731	2	20
GO:0140826	0.34854795329137683	1	6
GO:0036221	0.01358885255864113	2	3
GO:0017046	0.6740949721469711	2	33
GO:0042562	1.0	0	15
GO:1900153	0.05552847388944662	3	13
GO:0006907	0.24850146150336413	1	4
GO:0106222	0.6221957864493053	2	30
GO:0003190	0.24850146150336413	1	4
GO:0034145	0.6575506730915142	1	15
GO:0033194	0.34854795329137683	1	6
GO:0007215	0.7031651933270016	1	17
GO:0003180	0.0007295659567060673	9	37
GO:0030134	0.9384556543568712	1	39
GO:0061626	0.43528378435773646	1	8
GO:0070831	0.3003092864980996	1	5
GO:0001725	0.5366995679954976	6	85
GO:0042641	1.0	0	10
GO:0032432	1.0	0	10
GO:0071953	0.04026336847258677	5	28
GO:0031466	0.4771867610776184	2	23
GO:0005201	1.325249602100819e-06	26	134
GO:0008287	1.0	0	14
GO:0007131	0.9427060061562016	1	40
GO:0003151	0.8063019602783947	2	43
GO:0005005	0.0025855973915317023	5	15
GO:0030014	0.6811720512583292	1	16
GO:0010698	0.544236266969702	1	11
GO:0150104	0.8523347387968734	4	86
GO:0019706	0.284235122210417	3	27
GO:0003707	0.8324579989766606	1	25
GO:0002523	0.007104968077073447	4	12
GO:0060100	0.5756674533753028	1	12
GO:0031625	0.2771373223357152	23	291
GO:1990116	0.12309523642132279	3	18
GO:1904153	0.12377138412688521	2	9
GO:0042910	0.7923735919814672	1	22
GO:0097091	0.604932507316985	1	13
GO:0032348	0.24850146150336413	1	4
GO:0010894	1.0	0	4
GO:0045939	1.0	0	3
GO:0051055	1.0	0	4
GO:0031663	0.18993995392368943	4	33
GO:2000049	0.47422283438659296	1	9
GO:2000352	0.03499152707130058	5	27
GO:0071020	0.9338902389268295	1	38
GO:2000347	0.43528378435773646	1	8
GO:0030218	0.607981407999463	3	45
GO:0005770	0.9686297384988377	7	180
GO:1900034	0.6575506730915142	1	15
GO:0001655	0.027178269636604517	3	10
GO:0032010	0.3003092864980996	1	5
GO:0044194	0.6575506730915142	1	15
GO:0034190	0.24850146150336413	1	4
GO:0003162	0.059115952531713624	2	6
GO:0043647	0.7604587169463339	1	20
GO:0017015	0.405438036467731	2	20
GO:0010385	0.059115952531713624	2	6
GO:0032206	0.6574709329934392	2	32
GO:0050265	0.19286060605380606	1	3
GO:0070569	1.0	0	4
GO:0005666	0.7236422578828927	1	18
GO:0000987	0.003465838381261907	13	81
GO:0016239	0.5433950275908229	2	26
GO:0001968	0.0029584407998956676	7	29
GO:0000049	0.8184887810066169	3	63
GO:0045654	0.544236266969702	1	11
GO:0045652	1.0	0	7
GO:0005525	0.9999992714939695	5	333
GO:0010587	0.43528378435773646	1	8
GO:0010586	1.0	0	7
GO:0021934	0.19286060605380606	1	3
GO:0035019	0.604932507316985	1	13
GO:0031622	0.24850146150336413	1	4
GO:0031652	1.0	0	3
GO:0141069	0.604932507316985	1	13
GO:1902459	0.3762706269172396	4	45
GO:0035032	0.47422283438659296	1	9
GO:0005942	1.0	0	7
GO:0071354	0.6811720512583292	1	16
GO:0070741	1.0	0	4
GO:0071360	0.3032300005892878	2	16
GO:0071359	1.0	0	4
GO:0043330	1.0	0	22
GO:0035633	0.8741396251113995	1	29
GO:0032449	0.34854795329137683	1	6
GO:0021785	0.005578579509839814	3	6
GO:1901897	1.0	0	3
GO:0008143	0.2650532301491419	3	26
GO:0035767	0.027178269636604517	3	10
GO:0015861	0.24850146150336413	1	4
GO:0071682	0.7031651933270016	1	17
GO:0008035	0.544236266969702	1	11
GO:0071816	0.7031651933270016	1	17
GO:0045048	1.0	0	10
GO:0051205	1.0	0	9
GO:0019976	0.19286060605380606	1	3
GO:0031465	0.4771867610776184	2	23
GO:0071466	0.29638122349016605	4	40
GO:0098696	0.7236422578828927	1	18
GO:0008449	0.19286060605380606	1	3
GO:0043011	0.5104787423462751	1	10
GO:0010800	0.3934631811564106	1	7
GO:0042147	0.9982890715203829	1	89
GO:1901224	0.015340077055386037	9	57
GO:0007342	0.8324579989766606	1	25
GO:0010718	0.05426422679968356	7	50
GO:0002092	0.5219841200953089	2	25
GO:0002090	1.0	0	6
GO:0048259	1.0	0	6
GO:0048260	1.0	0	20
GO:0097486	0.3934631811564106	1	7
GO:2000378	0.6575506730915142	1	15
GO:0033268	0.7604587169463339	1	20
GO:0097155	0.01358885255864113	2	3
GO:0009003	0.34854795329137683	1	6
GO:0036019	0.5104787423462751	1	10
GO:0043120	0.0006641940455424959	4	7
GO:0042632	0.6564553961290551	6	96
GO:0055092	1.0	0	4
GO:0036119	0.19286060605380606	1	3
GO:0160217	0.19286060605380606	1	3
GO:1902275	1.0	0	14
GO:0045177	0.9925622073531952	2	98
GO:0016151	0.3003092864980996	1	5
GO:0097009	0.4859917965081246	4	52
GO:0001675	0.864808266812163	1	28
GO:0030330	0.7604044525852482	2	39
GO:0072331	1.0	0	3
GO:0032433	0.7236422578828927	1	18
GO:0097011	0.027178269636604517	3	10
GO:1904816	0.19286060605380606	1	3
GO:0044545	0.544236266969702	1	11
GO:0002903	0.3934631811564106	1	7
GO:0006177	0.47422283438659296	1	9
GO:0046037	1.0	0	10
GO:0060213	0.5756674533753028	1	12
GO:0071467	0.47422283438659296	1	9
GO:0009268	1.0	0	6
GO:0046597	0.0894674501717166	4	25
GO:1905543	0.24850146150336413	1	4
GO:1903861	0.4538446663741743	2	22
GO:1904823	0.07905658610117396	2	7
GO:0015851	1.0	0	4
GO:0015389	0.025938039705131852	2	4
GO:2000640	0.19286060605380606	1	3
GO:0071480	0.7604587169463339	1	20
GO:0071479	0.9237191455103387	1	36
GO:2000121	0.43528378435773646	1	8
GO:1900407	1.0	0	10
GO:1901031	1.0	0	3
GO:0019430	0.6321806093576154	1	14
GO:0016586	0.6321806093576154	1	14
GO:0030718	0.19286060605380606	1	3
GO:0010701	0.19286060605380606	1	3
GO:0014061	1.0	0	3
GO:0070878	0.12377138412688521	2	9
GO:0004521	0.9537765755636486	1	43
GO:0006284	0.5604791806573788	3	42
GO:0071474	0.604932507316985	1	13
GO:0006972	1.0	0	5
GO:0030514	0.036779516389953214	7	46
GO:0050885	0.6321806093576154	1	14
GO:0061049	0.3003092864980996	1	5
GO:0021517	0.10071895874712865	2	8
GO:0045429	0.399798326113694	3	33
GO:0008142	0.6811720512583292	1	16
GO:0050860	0.6900566485562055	2	34
GO:0050856	1.0	0	4
GO:0035457	0.1479196627494554	2	10
GO:0035455	1.0	0	11
GO:0048633	0.24850146150336413	1	4
GO:0048643	1.0	0	3
GO:0016202	1.0	0	3
GO:2001259	0.025938039705131852	2	4
GO:1901299	0.19286060605380606	1	3
GO:0030331	0.7604044525852482	2	39
GO:0090316	0.4538446663741743	2	22
GO:0000974	0.6321806093576154	1	14
GO:0070403	0.7427076829224035	1	19
GO:0160127	0.19286060605380606	1	3
GO:0043274	0.20875267198801012	3	23
GO:0020037	0.9972909130180516	3	141
GO:0042059	0.8067002661134604	1	23
GO:1901185	1.0	0	3
GO:0007141	0.012403610203348282	5	21
GO:0036092	0.8067002661134604	1	23
GO:0051897	0.4062883150327262	14	186
GO:0045672	0.5433950275908229	2	26
GO:0042407	0.6321806093576154	1	14
GO:0007007	0.776985913544772	1	21
GO:0007006	1.0	0	6
GO:2000178	0.07905658610117396	2	7
GO:0002548	0.8324579989766606	1	25
GO:0030316	0.08151348262706054	5	34
GO:0098508	0.19286060605380606	1	3
GO:0060055	0.3003092864980996	1	5
GO:1904999	0.24850146150336413	1	4
GO:0062072	0.4771867610776184	2	23
GO:0007616	0.5841742007049777	2	28
GO:1902600	0.9999667461070462	2	181
GO:0033189	0.604932507316985	1	13
GO:1903059	0.3003092864980996	1	5
GO:0048406	0.002939856976196116	3	5
GO:0021871	0.19286060605380606	1	3
GO:0060173	0.3807202922782393	3	32
GO:1902037	0.3003092864980996	1	5
GO:0005179	0.9087527707924089	5	116
GO:0048143	0.2507071807887816	2	14
GO:0016540	0.0894674501717166	4	25
GO:0043997	0.005007221686309883	4	11
GO:0034369	0.025938039705131852	2	4
GO:0070585	0.9338902389268295	1	38
GO:0007586	0.7427076829224035	1	19
GO:0097752	0.24850146150336413	1	4
GO:0060045	0.7236422578828927	1	18
GO:0060043	1.0	0	3
GO:0005068	0.7236422578828927	1	18
GO:0032374	0.3934631811564106	1	7
GO:0006195	0.19286060605380606	1	3
GO:0005581	1.0	0	18
GO:0042169	0.14941094882460346	5	41
GO:0016607	0.8217170283176523	24	409
GO:0071014	0.9119845358355788	1	34
GO:0030983	1.0	0	11
GO:0046849	0.020035469917980667	3	9
GO:0046512	0.6811720512583292	1	16
GO:0006670	0.47422283438659296	1	9
GO:0031435	0.10784166881216065	3	17
GO:0003756	0.037873831358077426	4	19
GO:0070245	0.24850146150336413	1	4
GO:0070232	1.0	0	6
GO:0070234	1.0	0	5
GO:0030496	0.9996910821273418	3	177
GO:2000065	0.24850146150336413	1	4
GO:0090291	0.19286060605380606	1	3
GO:0061649	0.47422283438659296	1	9
GO:0043325	0.30352487113286764	3	28
GO:1904888	0.2244868060751178	2	13
GO:0006612	0.5451269503176883	4	56
GO:0035162	0.2507071807887816	2	14
GO:0034657	0.544236266969702	1	11
GO:1903679	0.19286060605380606	1	3
GO:0030670	0.9971730885041757	1	82
GO:0010460	0.1729089256242666	3	21
GO:0051880	0.5104787423462751	1	10
GO:0016528	0.5104787423462751	1	10
GO:0005802	0.9983474289262441	5	199
GO:0034088	0.34854795329137683	1	6
GO:0005771	0.9652855773905438	1	47
GO:0031996	0.027178269636604517	3	10
GO:0003357	0.3934631811564106	1	7
GO:0007193	0.9727950843895631	2	77
GO:0008046	0.17290349611200884	2	11
GO:1905719	0.47422283438659296	1	9
GO:0017025	0.8440205178320941	1	26
GO:0070776	0.3934631811564106	1	7
GO:0031146	0.09877216074634952	9	80
GO:0032733	0.9338902389268295	1	38
GO:0097443	0.059115952531713624	2	6
GO:0033601	0.19286060605380606	1	3
GO:0160257	0.007104968077073447	4	12
GO:0070063	0.405438036467731	2	20
GO:0071005	0.971995445735849	1	50
GO:0071011	1.0	0	54
GO:0071364	0.08690977551154701	6	45
GO:0070849	1.0	0	4
GO:0019058	0.24850146150336413	1	4
GO:0001527	0.7236422578828927	1	18
GO:0002726	0.05552847388944662	3	13
GO:0033007	0.24850146150336413	1	4
GO:0033004	1.0	0	4
GO:0042307	0.45589001451650385	3	36
GO:1900182	0.45589001451650385	3	36
GO:0042306	1.0	0	5
GO:0048023	0.5756674533753028	1	12
GO:1990000	0.32286774536934093	3	29
GO:0006359	0.12377138412688521	2	9
GO:0050832	0.8067002661134604	1	23
GO:0048038	0.43528378435773646	1	8
GO:0160270	0.34854795329137683	1	6
GO:0120013	1.0	0	19
GO:0140343	1.0	0	3
GO:0120014	1.0	0	18
GO:0005814	0.9996051041566696	3	173
GO:0014037	0.34854795329137683	1	6
GO:0002331	0.24850146150336413	1	4
GO:0050819	0.005578579509839814	3	6
GO:0005138	0.3934631811564106	1	7
GO:0005354	1.0	0	3
GO:0034098	0.12377138412688521	2	9
GO:0050821	0.9970933884051207	7	233
GO:0045647	0.07905658610117396	2	7
GO:0010288	0.7031651933270016	1	17
GO:0005125	0.9980616747010209	4	172
GO:0030032	0.0894674501717166	4	25
GO:0098693	0.6575506730915142	1	15
GO:0045453	0.10784166881216065	3	17
GO:0071707	0.24850146150336413	1	4
GO:0033152	1.0	0	6
GO:0016447	1.0	0	3
GO:0033151	1.0	0	6
GO:0045746	0.001801086023958259	8	34
GO:0042771	0.7923735919814672	1	22
GO:0072332	1.0	0	19
GO:2000768	0.19286060605380606	1	3
GO:0042301	0.604932507316985	1	13
GO:0061074	0.19286060605380606	1	3
GO:0032689	0.23419796958366368	4	36
GO:0016486	0.12309523642132279	3	18
GO:0001162	0.47422283438659296	1	9
GO:0001161	0.19286060605380606	1	3
GO:1902490	1.0	0	3
GO:0005739	1.0	30	1605
GO:0001726	0.9839310401966205	3	110
GO:0071542	0.7604587169463339	1	20
GO:0060412	0.8828273436859545	1	30
GO:0046847	0.7427076829224035	1	19
GO:0061484	0.07905658610117396	2	7
GO:1990769	0.19286060605380606	1	3
GO:0030291	0.5841742007049777	2	28
GO:0004860	1.0	0	39
GO:0019210	0.3934631811564106	1	7
GO:0071276	0.7604587169463339	1	20
GO:0046686	1.0	0	16
GO:0001974	0.38046460717169645	2	19
GO:0048771	0.24850146150336413	1	4
GO:0005794	0.9999999420315266	38	1123
GO:0030222	0.19286060605380606	1	3
GO:0060579	0.19286060605380606	1	3
GO:0032753	0.22724896579374929	3	24
GO:0030229	0.0012396654121504043	3	4
GO:0005251	0.8324579989766606	1	25
GO:0140585	0.04127016152442236	2	5
GO:0005158	0.4999083788306975	2	24
GO:0051177	0.43528378435773646	1	8
GO:0031902	0.9925660938607361	5	170
GO:0046827	0.12309523642132279	3	18
GO:0031994	0.604932507316985	1	13
GO:0045007	0.025938039705131852	2	4
GO:0009312	0.8324579989766606	1	25
GO:0016051	1.0	0	11
GO:0009311	1.0	0	23
GO:0010745	0.604932507316985	1	13
GO:0180022	0.19286060605380606	1	3
GO:0150053	0.12377138412688521	2	9
GO:0098985	1.0	0	5
GO:0032279	1.0	0	11
GO:0001656	0.4538446663741743	2	22
GO:0001822	0.7775041141749044	4	76
GO:0035033	0.24850146150336413	1	4
GO:0033017	0.7956226693676979	2	42
GO:0003281	0.27699971708303567	2	15
GO:0051525	0.059115952531713624	2	6
GO:0005829	1.0	189	5109
GO:0072583	0.705368222563323	2	35
GO:0006476	0.47422283438659296	1	9
GO:0030150	0.8440205178320941	1	26
GO:0006839	1.0	0	11
GO:1990542	1.0	0	12
GO:0042976	0.24850146150336413	1	4
GO:0022626	0.9992769094074978	1	101
GO:0005840	1.0	0	157
GO:0072112	0.10071895874712865	2	8
GO:0032418	0.8984462670669936	1	32
GO:0032814	1.0	0	11
GO:1905709	0.19286060605380606	1	3
GO:0070100	0.43528378435773646	1	8
GO:0045744	1.0	0	24
GO:2001200	0.19286060605380606	1	3
GO:0045666	0.5010843359881044	4	53
GO:0006384	0.8324579989766606	1	25
GO:0042393	0.02823981546163559	19	172
GO:0035771	0.43528378435773646	1	8
GO:0030512	0.12371750023423334	9	84
GO:0050873	0.6575506730915142	1	15
GO:0140588	0.6321806093576154	1	14
GO:0046339	0.009709628272091916	4	13
GO:0048261	1.0	0	8
GO:0032375	1.0	0	4
GO:0032383	1.0	0	4
GO:0048487	0.9569694869515843	1	44
GO:0006094	0.9466630223005693	1	41
GO:0006006	1.0	0	39
GO:0019318	1.0	0	6
GO:0031424	0.3807202922782393	3	32
GO:1902074	0.07905658610117396	2	7
GO:1902731	0.24850146150336413	1	4
GO:0007157	0.02246168284620034	8	51
GO:0032727	0.8324579989766606	1	25
GO:0033314	0.17290349611200884	2	11
GO:0034045	0.7604587169463339	1	20
GO:0070301	0.7514131575615488	3	56
GO:0034614	1.0	0	38
GO:0046328	0.405438036467731	2	20
GO:2000074	1.0	0	4
GO:0036486	0.01358885255864113	2	3
GO:1990763	0.17290349611200884	2	11
GO:0097186	0.17290349611200884	2	11
GO:0042475	1.0	0	21
GO:0042476	0.04599088185603539	5	29
GO:0035374	0.1479196627494554	2	10
GO:0002265	0.24850146150336413	1	4
GO:0035372	0.47422283438659296	1	9
GO:0034713	0.544236266969702	1	11
GO:0042589	0.7236422578828927	1	18
GO:0051496	0.7170938658551038	3	53
GO:0032233	1.0	0	12
GO:0001662	0.3934631811564106	1	7
GO:0032331	0.09338773253926848	3	16
GO:0030168	0.0955791254568969	7	57
GO:0035867	0.24850146150336413	1	4
GO:0098685	0.4842551235004459	7	95
GO:0060086	0.01358885255864113	2	3
GO:0098821	0.014069468163309886	3	8
GO:0033386	0.43528378435773646	1	8
GO:0010526	0.35505509587685286	2	18
GO:0031210	0.890915787877195	1	31
GO:0050997	1.0	0	3
GO:0071456	0.7286142050873905	7	120
GO:0036294	1.0	0	3
GO:0099149	0.30352487113286764	3	28
GO:0051608	1.0	0	3
GO:0021612	0.0006641940455424959	4	7
GO:1902894	0.5641278200212558	2	27
GO:0071944	0.7996952798416639	5	96
GO:0030451	0.19286060605380606	1	3
GO:1905312	0.19286060605380606	1	3
GO:0030900	0.02357290237253674	6	33
GO:0003836	0.3934631811564106	1	7
GO:0098820	0.2244868060751178	2	13
GO:0044344	0.0029584407998956676	7	29
GO:0019372	0.5104787423462751	1	10
GO:0016628	1.0	0	8
GO:0016627	1.0	0	26
GO:0098719	0.8547856215940495	1	27
GO:0006658	0.3934631811564106	1	7
GO:0046085	0.3003092864980996	1	5
GO:0009116	1.0	0	8
GO:0042278	1.0	0	3
GO:0140117	0.3003092864980996	1	5
GO:0045776	0.4999083788306975	2	24
GO:0008217	0.7091494448479323	4	69
GO:2000556	0.43528378435773646	1	8
GO:0002827	1.0	0	8
GO:0043240	0.604932507316985	1	13
GO:0032092	0.12377138412688521	2	9
GO:0005891	0.8741396251113995	1	29
GO:0034704	1.0	0	27
GO:0045171	0.9237191455103387	1	36
GO:0002230	0.6401740179487392	2	31
GO:0042382	0.12377138412688521	2	9
GO:2000104	1.0	0	7
GO:0032740	0.5433950275908229	2	26
GO:1900748	0.009709628272091916	4	13
GO:0032715	0.5438901233121153	3	41
GO:0032675	1.0	0	9
GO:0006265	0.5104787423462751	1	10
GO:0051607	0.9061313368727846	7	152
GO:0001702	0.19286060605380606	1	3
GO:0060426	0.43528378435773646	1	8
GO:0060563	1.0	0	3
GO:0038100	0.0003011344425524177	4	6
GO:0097108	0.19286060605380606	1	3
GO:0060340	0.7236422578828927	1	18
GO:0061042	0.47422283438659296	1	9
GO:2000786	0.7923735919814672	1	22
GO:2000785	1.0	0	14
GO:0030021	0.6811720512583292	1	16
GO:0051899	0.6221957864493053	2	30
GO:0031016	0.3032300005892878	2	16
GO:1905232	0.43528378435773646	1	8
GO:0050862	0.7236422578828927	1	18
GO:0042462	0.5104787423462751	1	10
GO:0042461	1.0	0	4
GO:0017116	0.7604587169463339	1	20
GO:0003678	1.0	0	44
GO:0005096	0.9999799475663589	4	250
GO:0019966	0.3003092864980996	1	5
GO:1990314	0.544236266969702	1	11
GO:0008347	0.43528378435773646	1	8
GO:0032755	0.8644251717127093	4	88
GO:0003376	0.7031651933270016	1	17
GO:0030511	0.6221957864493053	2	30
GO:1905167	0.059115952531713624	2	6
GO:0050431	0.06076430483831518	4	22
GO:0060382	0.6811720512583292	1	16
GO:0032688	0.19849321650809154	2	12
GO:0032480	0.027007106815364577	6	34
GO:0005977	0.6575506730915142	1	15
GO:0006112	1.0	0	8
GO:0001658	0.4771867610776184	2	23
GO:0140896	0.34854795329137683	1	6
GO:0070493	0.17290349611200884	2	11
GO:0007171	0.19286060605380606	1	3
GO:0010837	0.03549241261796501	3	11
GO:1990108	0.19286060605380606	1	3
GO:1904507	0.5104787423462751	1	10
GO:0006958	0.7031651933270016	1	17
GO:0071397	0.6575506730915142	1	15
GO:0036315	1.0	0	3
GO:0051379	0.34854795329137683	1	6
GO:0048514	0.7031651933270016	1	17
GO:1902004	0.012403610203348282	5	21
GO:0071404	0.09338773253926848	3	16
GO:0002542	0.19286060605380606	1	3
GO:1900245	0.24850146150336413	1	4
GO:0070418	0.3003092864980996	1	5
GO:0061700	0.17290349611200884	2	11
GO:0003148	0.06970463116826818	4	23
GO:0005031	3.214212691719202e-10	9	10
GO:0045821	0.8324579989766606	1	25
GO:0030023	0.47422283438659296	1	9
GO:0042753	0.17290349611200884	2	11
GO:0090382	0.544236266969702	1	11
GO:1900006	0.07980569487613094	3	15
GO:0036089	0.3934631811564106	1	7
GO:0032506	1.0	0	3
GO:0030970	0.7427076829224035	1	19
GO:0060298	0.04127016152442236	2	5
GO:0048008	0.7031651933270016	1	17
GO:0070016	0.43528378435773646	1	8
GO:0008333	0.9503469333477125	1	42
GO:0001556	0.7031651933270016	1	17
GO:0017070	0.19849321650809154	2	12
GO:0017069	1.0	0	13
GO:0090267	0.776985913544772	1	21
GO:0090266	1.0	0	8
GO:0000145	0.7031651933270016	1	17
GO:0099023	1.0	0	7
GO:0050651	0.5104787423462751	1	10
GO:0050655	1.0	0	3
GO:0043697	0.04127016152442236	2	5
GO:0036150	0.47422283438659296	1	9
GO:1900745	0.4999083788306975	2	24
GO:0060982	0.34854795329137683	1	6
GO:1990817	0.5756674533753028	1	12
GO:0070566	1.0	0	3
GO:0021513	0.24850146150336413	1	4
GO:0032720	0.5733370205451411	4	58
GO:0060996	0.43528378435773646	1	8
GO:0035723	0.5104787423462751	1	10
GO:0045050	0.544236266969702	1	11
GO:0035252	1.0	0	9
GO:0097682	0.19286060605380606	1	3
GO:0002755	0.6811720512583292	1	16
GO:0034696	0.01358885255864113	2	3
GO:0043198	0.3282323778236946	4	42
GO:1900264	0.43528378435773646	1	8
GO:0005134	0.3003092864980996	1	5
GO:0032731	0.6137327799070982	4	61
GO:0032732	1.0	0	13
GO:0032357	0.34854795329137683	1	6
GO:0055091	0.7031651933270016	1	17
GO:0001217	0.025936029932438317	4	17
GO:0010839	0.43528378435773646	1	8
GO:0061351	0.12377138412688521	2	9
GO:0050811	0.7427076829224035	1	19
GO:0031167	0.5756674533753028	1	12
GO:0000154	1.0	0	8
GO:0030502	0.19849321650809154	2	12
GO:0030500	0.32928177815957166	2	17
GO:0044790	2.9125115657806136e-08	10	17
GO:2001189	0.19286060605380606	1	3
GO:1900119	0.7427076829224035	1	19
GO:0007254	0.9599419966715677	1	45
GO:1904646	0.312269901832389	4	41
GO:0001741	0.6575506730915142	1	15
GO:0042552	0.8261790592723188	2	45
GO:0008366	1.0	0	5
GO:0002666	0.19286060605380606	1	3
GO:0031526	0.7918727302176499	3	60
GO:0032714	0.3003092864980996	1	5
GO:0003186	0.3003092864980996	1	5
GO:0018105	0.8984462670669936	1	32
GO:1904115	0.9295578386322645	2	61
GO:0010575	0.14876489777755456	4	30
GO:1902723	0.24850146150336413	1	4
GO:0014842	1.0	0	5
GO:0034260	0.6575506730915142	1	15
GO:0042986	0.19286060605380606	1	3
GO:0010560	1.0	0	7
GO:1903020	1.0	0	3
GO:0042984	1.0	0	3
GO:0031389	0.3003092864980996	1	5
GO:0036337	0.19286060605380606	1	3
GO:0030501	0.049066607738661	6	39
GO:0006929	0.3003092864980996	1	5
GO:0044319	0.6321806093576154	1	14
GO:0098981	0.09338773253926848	3	16
GO:0031932	0.47422283438659296	1	9
GO:0036503	0.7766648932994994	5	93
GO:1990381	0.7427076829224035	1	19
GO:0070087	0.34854795329137683	1	6
GO:0007399	0.9536859936469454	17	350
GO:0030904	0.7427076829224035	1	19
GO:0007265	0.8494230251886421	3	67
GO:0051702	0.3003092864980996	1	5
GO:0051281	0.8828273436859545	1	30
GO:0051928	1.0	0	26
GO:0043270	1.0	0	4
GO:0034767	1.0	0	3
GO:0044183	0.9949829489257098	1	74
GO:0007032	0.928986423724504	1	37
GO:0051549	0.19849321650809154	2	12
GO:0097503	0.47422283438659296	1	9
GO:0034236	0.604932507316985	1	13
GO:0051018	1.0	0	27
GO:0070602	0.01358885255864113	2	3
GO:1903749	0.7200434112719593	2	36
GO:1903747	1.0	0	8
GO:2000627	0.24850146150336413	1	4
GO:0045041	0.04127016152442236	2	5
GO:0048050	0.01358885255864113	2	3
GO:0051721	0.5641278200212558	2	27
GO:0007338	0.43741567743876697	3	35
GO:0007517	0.370587670782443	5	58
GO:0061061	1.0	0	14
GO:0015721	0.9237191455103387	1	36
GO:0015718	1.0	0	15
GO:0051879	0.9537765755636486	1	43
GO:0034436	0.19286060605380606	1	3
GO:0002316	0.19286060605380606	1	3
GO:0043008	0.3934631811564106	1	7
GO:0071565	0.27699971708303567	2	15
GO:0035866	0.19286060605380606	1	3
GO:0035729	0.03549241261796501	3	11
GO:0001707	0.604932507316985	1	13
GO:0033632	0.19286060605380606	1	3
GO:0061026	0.24850146150336413	1	4
GO:0000502	0.9757320566480576	1	52
GO:1905369	1.0	0	3
GO:0160162	0.04127016152442236	2	5
GO:2000811	0.12309523642132279	3	18
GO:0035102	0.9054572450332443	1	33
GO:1900272	0.19849321650809154	2	12
GO:1903979	0.10071895874712865	2	8
GO:0043031	1.0	0	9
GO:1903978	1.0	0	3
GO:0140311	0.8925951065836721	3	74
GO:0045095	0.18283998047439293	11	117
GO:0048701	0.5104787423462751	1	10
GO:0001228	3.5156740082040764e-08	64	454
GO:0035332	0.7236422578828927	1	18
GO:0038134	0.43528378435773646	1	8
GO:0015213	0.059115952531713624	2	6
GO:0002091	0.19849321650809154	2	12
GO:0045618	0.4538446663741743	2	22
GO:0045606	1.0	0	7
GO:0045684	1.0	0	5
GO:0004859	0.544236266969702	1	11
GO:0055102	1.0	0	7
GO:0030225	0.5433950275908229	2	26
GO:0002116	0.6321806093576154	1	14
GO:0071222	0.3559490329769653	12	152
GO:0071219	1.0	0	8
GO:1903078	0.10259633168021215	7	58
GO:1903076	1.0	0	19
GO:1904377	1.0	0	5
GO:0071034	1.0	0	4
GO:0070905	0.24850146150336413	1	4
GO:0016597	1.0	0	13
GO:0048386	0.3003092864980996	1	5
GO:1990913	0.0003011344425524177	4	6
GO:0008344	0.7236422578828927	1	18
GO:0030534	1.0	0	19
GO:0048156	0.8063019602783947	2	43
GO:0060575	0.014069468163309886	3	8
GO:0006196	0.34854795329137683	1	6
GO:0009154	1.0	0	4
GO:0046033	1.0	0	8
GO:0015212	0.24850146150336413	1	4
GO:0060976	0.0021374646539683195	4	9
GO:0044342	0.34854795329137683	1	6
GO:0048672	0.24850146150336413	1	4
GO:0061966	0.34854795329137683	1	6
GO:0038036	0.5104787423462751	1	10
GO:0045125	1.0	0	3
GO:0048013	0.01595083233916187	8	48
GO:0031639	0.17290349611200884	2	11
GO:0023061	0.01358885255864113	2	3
GO:0006289	0.6519311791804359	3	48
GO:0002080	0.6401740179487392	2	31
GO:0090136	0.2507071807887816	2	14
GO:0071320	0.8820544381625574	2	52
GO:0045214	0.9427060061562016	1	40
GO:0030949	0.5756674533753028	1	12
GO:0016322	0.544236266969702	1	11
GO:0042551	1.0	0	8
GO:0070374	0.7101963505875722	11	181
GO:1904057	0.19286060605380606	1	3
GO:0051930	1.0	0	18
GO:0035640	0.544236266969702	1	11
GO:0071910	0.34854795329137683	1	6
GO:0060669	0.19286060605380606	1	3
GO:2001137	0.34854795329137683	1	6
GO:2001135	1.0	0	10
GO:0048813	0.7236422578828927	1	18
GO:0032580	0.9549204343687084	3	91
GO:0045953	0.7236422578828927	1	18
GO:0002715	1.0	0	7
GO:0042269	1.0	0	6
GO:0001516	0.6811720512583292	1	16
GO:1905075	0.3003092864980996	1	5
GO:0007158	0.42991478497756974	2	21
GO:2001238	0.45589001451650385	3	36
GO:1903140	0.47422283438659296	1	9
GO:0030175	0.8180647546719617	4	81
GO:0048179	0.07905658610117396	2	7
GO:0048769	0.19286060605380606	1	3
GO:0032930	0.405438036467731	2	20
GO:0035804	0.025938039705131852	2	4
GO:0005968	0.24850146150336413	1	4
GO:1900038	0.24850146150336413	1	4
GO:1900037	1.0	0	5
GO:0043010	0.9054572450332443	1	33
GO:0015093	0.34854795329137683	1	6
GO:0061003	0.35505509587685286	2	18
GO:0060999	1.0	0	19
GO:0060998	1.0	0	9
GO:0141111	0.7031651933270016	1	17
GO:0032436	0.5466693563967093	5	71
GO:1901800	1.0	0	20
GO:0090281	0.34854795329137683	1	6
GO:0090279	1.0	0	8
GO:0038161	0.24850146150336413	1	4
GO:0000836	0.07905658610117396	2	7
GO:0000153	1.0	0	3
GO:0045545	0.34854795329137683	1	6
GO:0097241	0.24850146150336413	1	4
GO:0090461	0.10071895874712865	2	8
GO:0080144	1.0	0	5
GO:0140002	0.030169076359702493	5	26
GO:0044208	0.43528378435773646	1	8
GO:0006167	1.0	0	4
GO:0090201	0.7236422578828927	1	18
GO:0030011	0.3934631811564106	1	7
GO:1905007	0.24850146150336413	1	4
GO:0062043	1.0	0	5
GO:0160203	0.19286060605380606	1	3
GO:0021819	0.47422283438659296	1	9
GO:0031005	0.2244868060751178	2	13
GO:0014032	0.2507071807887816	2	14
GO:0048864	1.0	0	5
GO:0048745	1.0	0	11
GO:0097068	0.19286060605380606	1	3
GO:0072284	0.24850146150336413	1	4
GO:0005509	7.896000181262047e-10	94	713
GO:0034450	0.32928177815957166	2	17
GO:2000767	0.38046460717169645	2	19
GO:0030488	0.6035302344335435	2	29
GO:0070822	0.4538446663741743	2	22
GO:0061631	0.9180614862259393	1	35
GO:0061650	1.0	0	3
GO:0044314	0.6575506730915142	1	15
GO:0072538	0.604932507316985	1	13
GO:0016323	0.9989960414386241	8	277
GO:0030323	0.19286060605380606	1	3
GO:0004167	0.19286060605380606	1	3
GO:0016863	1.0	0	3
GO:0007492	0.3934631811564106	1	7
GO:0140693	0.9208965774025335	2	59
GO:0098880	0.34854795329137683	1	6
GO:0016702	0.604932507316985	1	13
GO:0016701	0.24850146150336413	1	4
GO:1905168	0.607981407999463	3	45
GO:0005104	0.776985913544772	1	21
GO:0048382	0.19286060605380606	1	3
GO:0004715	0.967683983616045	1	48
GO:0047649	0.01358885255864113	2	3
GO:0070371	0.3615114297075189	3	31
GO:0018344	0.34854795329137683	1	6
GO:0036145	0.24850146150336413	1	4
GO:0004911	0.19286060605380606	1	3
GO:0043491	0.10228558703526197	6	47
GO:0016925	0.14636616381701265	6	52
GO:0003253	0.3003092864980996	1	5
GO:0030247	0.00019664136465441257	6	14
GO:0072107	0.24850146150336413	1	4
GO:1905278	1.0	0	5
GO:0043123	0.15924912047557702	20	228
GO:0016361	0.009264368608062802	3	7
GO:0001540	0.11718844372274105	9	83
GO:0160049	0.12309523642132279	3	18
GO:0046015	0.19286060605380606	1	3
GO:0038138	0.3003092864980996	1	5
GO:0140944	0.005578579509839814	3	6
GO:0023019	0.10071895874712865	2	8
GO:0071504	0.19286060605380606	1	3
GO:0000288	0.405438036467731	2	20
GO:0032926	0.2507071807887816	2	14
GO:0046929	0.34854795329137683	1	6
GO:0160133	0.19286060605380606	1	3
GO:0045724	0.8200390438214065	1	24
GO:0008821	0.34854795329137683	1	6
GO:0042832	0.7031651933270016	1	17
GO:1904707	0.41870814959922215	3	34
GO:0001931	0.6321806093576154	1	14
GO:0061029	0.47422283438659296	1	9
GO:0004252	1.424047017328965e-05	29	179
GO:0045190	0.604932507316985	1	13
GO:0042092	0.43528378435773646	1	8
GO:1904612	0.3003092864980996	1	5
GO:1905370	6.6723952525848415e-06	10	27
GO:0071500	0.19286060605380606	1	3
GO:0051409	1.0	0	3
GO:0035861	0.3272808220361578	9	108
GO:0031499	0.3003092864980996	1	5
GO:0042060	0.7403621107449132	3	55
GO:0046329	0.6221957864493053	2	30
GO:0043194	0.8440205178320941	1	26
GO:0033687	0.24850146150336413	1	4
GO:0033033	0.19286060605380606	1	3
GO:0030016	0.9599419966715677	1	45
GO:0043292	1.0	0	19
GO:1904237	0.19286060605380606	1	3
GO:0060674	0.24850146150336413	1	4
GO:0006930	0.3934631811564106	1	7
GO:0032407	0.3934631811564106	1	7
GO:0048146	0.4741033370244409	3	37
GO:0089701	0.34854795329137683	1	6
GO:1900746	0.19286060605380606	1	3
GO:2000819	0.13588662775009724	4	29
GO:0042799	0.3934631811564106	1	7
GO:0005657	0.6740949721469711	2	33
GO:0010888	0.544236266969702	1	11
GO:0010883	1.0	0	6
GO:0042056	0.5269423022282329	3	40
GO:0043306	0.014069468163309886	3	8
GO:0033018	0.5104787423462751	1	10
GO:0055089	0.6575506730915142	1	15
GO:0048144	0.19286060605380606	1	3
GO:0035579	0.1745797989083752	9	91
GO:0061298	0.3003092864980996	1	5
GO:0016538	0.6740949721469711	2	33
GO:0030890	0.43741567743876697	3	35
GO:1902166	0.6575506730915142	1	15
GO:1902254	1.0	0	7
GO:0044233	0.864808266812163	1	28
GO:1903142	0.34854795329137683	1	6
GO:0010842	0.38046460717169645	2	19
GO:1904906	0.3934631811564106	1	7
