Accession_number	Protein_name	GO_ID
A0A087WUV0	Zinc finger protein 892	{'GO:0000978', 'GO:0000122', 'GO:0006355', 'GO:0001227', 'GO:0043565', 'GO:0005634', 'GO:0000981', 'GO:0006357', 'GO:0005654'}
A0A096LNW5	Notch homolog 2 N-terminal-like protein R	{'GO:0048513', 'GO:0005509', 'GO:0005576', 'GO:0048731', 'GO:0009967'}
A0A0G2JMH3	ADP-ribosylation factor-like protein 17 C-terminal domain-containing protein	{'GO:0006886', 'GO:0005525', 'GO:0005886', 'GO:0005737', 'GO:0016192', 'GO:0003924'}
A0A140TA62	IF rod domain-containing protein	{'GO:0005829', 'GO:0005856', 'GO:0005198', 'GO:0030280', 'GO:0030855', 'GO:0045109', 'GO:0002009', 'GO:0045095'}
A0A1B0GTW7	Ciliated left-right organizer metallopeptidase	{'GO:0004222', 'GO:0061966', 'GO:0008233', 'GO:0005737', 'GO:0016020', 'GO:0006508', 'GO:0007155'}
A0A1W2PPK0	Cytoplasmic polyadenylated homeobox-like protein 2	{'GO:0000978', 'GO:0003677', 'GO:0005634', 'GO:0000981', 'GO:0006357'}
A0A1W2PPM1	Cytoplasmic polyadenylated homeobox-like protein	{'GO:0000978', 'GO:0003677', 'GO:0005634', 'GO:0000981', 'GO:0006357'}
A0A1W2PQL4	Zinc finger protein 722	{'GO:0000978', 'GO:0006355', 'GO:0005634', 'GO:0000981', 'GO:0006357'}
A0A5F9ZHS7	NFIL3 like protein	{'GO:0003677', 'GO:0006355', 'GO:0007623', 'GO:0005634', 'GO:0003700'}
A0A7P0TAN4	Uncharacterized protein	{'GO:0000978', 'GO:0001228', 'GO:0006355', 'GO:0045892', 'GO:0043565', 'GO:0005634', 'GO:0045944', 'GO:0006357'}
A0A8I5KTY6	C2H2-type domain-containing protein	{'GO:0005634'}
A0AAG2UUX9	Contactin-associated protein-like 3	{'GO:0016020'}
A0ABJ7H351	RING-type E3 ubiquitin transferase	{'GO:0061630', 'GO:0000209', 'GO:0046872'}
A0AUZ9	KAT8 regulatory NSL complex subunit 1-like protein	{'GO:0000123', 'GO:0044545', 'GO:0035035', 'GO:1902562'}
A0PJY2	Fez family zinc finger protein 1	{'GO:0000978', 'GO:0000122', 'GO:0021537', 'GO:0045893', 'GO:0043697', 'GO:0050767', 'GO:0001227', 'GO:0043565', 'GO:0003700', 'GO:0005634', 'GO:0000976', 'GO:0005515', 'GO:0006357', 'GO:0005654', 'GO:0008285'}
A1L020	RNA-binding protein MEX3A	{'GO:0005829', 'GO:0003723', 'GO:0005634', 'GO:0000932', 'GO:0003676', 'GO:0005737'}
A1L4K1	Fibronectin type III and SPRY domain-containing protein 2	{'GO:0016529', 'GO:0005515', 'GO:0048471', 'GO:0005634'}
A1YPR0	Zinc finger and BTB domain-containing protein 7C	{'GO:0000978', 'GO:0005634', 'GO:0000981', 'GO:0006357', 'GO:0008285'}
A2RRD8	Zinc finger protein 320	{'GO:0000978', 'GO:0006355', 'GO:0005634', 'GO:0000981', 'GO:0005515', 'GO:0006357'}
A2RU30	Protein TESPA1	{'GO:0005102', 'GO:0050862', 'GO:0005829', 'GO:0008180', 'GO:0008104', 'GO:0043274', 'GO:0005789', 'GO:0005737', 'GO:0010387', 'GO:0036399', 'GO:0033089', 'GO:0036398'}
A2RUB1	Meiosis-specific coiled-coil domain-containing protein MEIOC	{'GO:0006302', 'GO:0007130', 'GO:0070192', 'GO:0051729', 'GO:0005634', 'GO:0048599', 'GO:0007141', 'GO:0007286', 'GO:0005737', 'GO:0007283', 'GO:0051321', 'GO:0051310', 'GO:0048255', 'GO:0007144'}
A4QPH2	Putative phosphatidylinositol 4-kinase alpha-like protein P2	{'GO:0016301', 'GO:0046854'}
A5D8T8	C-type lectin domain family 18 member A	{'GO:0005783', 'GO:0005794', 'GO:0005576', 'GO:0005768', 'GO:0005515', 'GO:0030247', 'GO:0060090'}
A6NC86	phospholipase A2 inhibitor and Ly6/PLAUR domain-containing protein	{'GO:0004859', 'GO:0005576'}
A6NDX5	Zinc finger protein 840	{'GO:0006355', 'GO:0000976', 'GO:0006357', 'GO:0005634'}
A6NF34	Anthrax toxin receptor-like	{'GO:0005886', 'GO:0004888', 'GO:0016020', 'GO:0038023', 'GO:0009986'}
A6NGJ6	Tripartite motif-containing protein 64	{'GO:0061630', 'GO:0046872', 'GO:0008270', 'GO:0005737', 'GO:0045087', 'GO:0010468'}
A6NHJ4	Zinc finger protein 860	{'GO:0000978', 'GO:0006355', 'GO:0005634', 'GO:0000981', 'GO:0005515', 'GO:0006357'}
A6NI03	Tripartite motif-containing protein 64B	{'GO:0061630', 'GO:0046872', 'GO:0008270', 'GO:0005737', 'GO:0045087', 'GO:0010468'}
A6NIN4	RING finger protein 227	{'GO:0016567', 'GO:0061630'}
A6NJL1	Zinc finger and SCAN domain-containing protein 5B	{'GO:0000978', 'GO:0005634', 'GO:0000981', 'GO:0005515', 'GO:0006357'}
A6NJT0	Homeobox protein unc-4 homolog	{'GO:0003677', 'GO:1990837', 'GO:0000785', 'GO:0006355', 'GO:0005634', 'GO:0000981', 'GO:0006357', 'GO:0010468'}
A6NJW4	Leucine-rich repeat-containing protein 3C	{'GO:0005886', 'GO:0038023', 'GO:0016020'}
A6NK02	Tripartite motif-containing protein 75	{'GO:0061630', 'GO:0005819', 'GO:0008270', 'GO:0005634', 'GO:0005737', 'GO:0005576', 'GO:0045087', 'GO:0010468', 'GO:0007144'}
A6NK53	Zinc finger protein 233	{'GO:0006355', 'GO:0005634', 'GO:0003700'}
A6NLI5	Tripartite motif-containing protein 64C	{'GO:0061630', 'GO:0008270', 'GO:0005737', 'GO:0045087', 'GO:0010468'}
A6NM28	Zinc finger protein 92 homolog	{'GO:0000978', 'GO:0000122', 'GO:0006355', 'GO:0001227', 'GO:0010906', 'GO:0005634', 'GO:0000981', 'GO:0010526', 'GO:0019216', 'GO:0006357'}
A6NMN3	Protein FAM170B	{'GO:0009566', 'GO:0001669', 'GO:0002081', 'GO:0080154', 'GO:2000344', 'GO:0005515'}
A6NNF4	Zinc finger protein 726	{'GO:0000978', 'GO:0000122', 'GO:0006355', 'GO:0003700', 'GO:0005634', 'GO:0005515'}
A6NP11	Zinc finger protein 716	{'GO:0000978', 'GO:0006355', 'GO:0005634', 'GO:0000981', 'GO:0006357'}
A7XYQ1	Sine oculis-binding protein homolog	{'GO:0050890', 'GO:0042472', 'GO:0048513', 'GO:0032184', 'GO:0008270', 'GO:0005634', 'GO:0090102'}
A8K8V0	Zinc finger protein 785	{'GO:0000977', 'GO:0006355', 'GO:0005634', 'GO:0000981', 'GO:0005515', 'GO:0006357'}
A8MT65	Zinc finger protein 891	{'GO:0000977', 'GO:0006355', 'GO:0005634', 'GO:0000981', 'GO:0006357'}
A8MTQ0	Homeobox protein notochord	{'GO:0000978', 'GO:0003677', 'GO:1990837', 'GO:0007417', 'GO:0000785', 'GO:0005634', 'GO:0000981', 'GO:0007420', 'GO:0030182', 'GO:0005515', 'GO:0006357'}
A8MTY0	Zinc finger protein 724	{'GO:0000978', 'GO:0000122', 'GO:0006355', 'GO:0005634', 'GO:0000981'}
A8MUP2	Citrate synthase-lysine N-methyltransferase CSKMT, mitochondrial	{'GO:0018023', 'GO:0016278', 'GO:0005739', 'GO:0005759', 'GO:0018027', 'GO:0006099', 'GO:0018026', 'GO:0005515', 'GO:0016279'}
A8MUV8	Zinc finger protein 727	{'GO:0000978', 'GO:0003690', 'GO:0000122', 'GO:0006355', 'GO:0005634', 'GO:0000981', 'GO:0005737'}
A8MUZ8	Putative zinc finger protein 705G	{'GO:0000977', 'GO:0006355', 'GO:0005634', 'GO:0000981', 'GO:0006357'}
A8MWA4	Putative zinc finger protein 705EP	{'GO:0000977', 'GO:0006355', 'GO:0005634', 'GO:0000981', 'GO:0006357'}
A8MXY4	Zinc finger protein 99	{'GO:0000122', 'GO:0006355', 'GO:0001227', 'GO:0005634', 'GO:0000976', 'GO:0006357'}
B1AKI9	Isthmin-1	{'GO:0016525', 'GO:0005576'}
B2RUY7	von Willebrand factor C domain-containing protein 2-like	{'GO:0032281', 'GO:0005576', 'GO:0045202', 'GO:0005515', 'GO:0030514'}
B2RXF5	Zinc finger and BTB domain-containing protein 42	{'GO:0005634', 'GO:0000981', 'GO:0005737', 'GO:0005515', 'GO:0006357', 'GO:0005654', 'GO:0007517'}
B4DU55	Zinc finger protein 879	{'GO:0000978', 'GO:0006355', 'GO:0005634', 'GO:0000981', 'GO:0006357'}
B4DX44	Zinc finger protein 736	{'GO:0000978', 'GO:0000122', 'GO:0006355', 'GO:0005634', 'GO:0000981'}
B4DXR9	Zinc finger protein 732	{'GO:0000978', 'GO:0003690', 'GO:0000122', 'GO:0006355', 'GO:0005634', 'GO:0000981'}
B6SEH8	Endogenous retrovirus group V member 1 Env polyprotein	{'GO:0016020'}
B6SEH9	Endogenous retrovirus group V member 2 Env polyprotein	{'GO:0016020'}
B7Z6K7	Zinc finger protein 814	{'GO:1990837', 'GO:0000122', 'GO:0006355', 'GO:0005634', 'GO:0000976'}
C9JH25	Proline-rich transmembrane protein 4	{'GO:0016020'}
C9JN71	Zinc finger protein 878	{'GO:0000977', 'GO:0006355', 'GO:0005634', 'GO:0000981', 'GO:0006357'}
E7ETH6	Zinc finger protein 587B	{'GO:0000977', 'GO:0006355', 'GO:0005634', 'GO:0000981', 'GO:0006357'}
F8WCM5	Insulin, isoform 2	{'GO:0007165', 'GO:0005179', 'GO:0005576', 'GO:0005158'}
I3L3L1	Putative ADP-ribosylation factor-like protein 17B	{'GO:0005525', 'GO:0003924'}
O00110	Putative transcription factor ovo-like protein 3	{'GO:0000978', 'GO:0003677', 'GO:0045596', 'GO:0045616', 'GO:0000122', 'GO:0000785', 'GO:0009968', 'GO:0005634', 'GO:0010837', 'GO:0000981', 'GO:0051241', 'GO:0006357', 'GO:0009913'}
O00220	Tumor necrosis factor receptor superfamily member 10A	{'GO:0005886', 'GO:0008625', 'GO:0097191', 'GO:0009986', 'GO:0005829', 'GO:0007165', 'GO:0045121', 'GO:0042802', 'GO:0071260', 'GO:0036462', 'GO:0005515', 'GO:0044853', 'GO:0038023', 'GO:0002020', 'GO:0006915', 'GO:0043065', 'GO:0005794', 'GO:0007250', 'GO:0045569', 'GO:0005035'}
O00300	Tumor necrosis factor receptor superfamily member 11B	{'GO:0005125', 'GO:0005886', 'GO:0031012', 'GO:1904399', 'GO:0007165', 'GO:0001501', 'GO:0005576', 'GO:0005515', 'GO:0038023', 'GO:0043235'}
O00311	Cell division cycle 7-related protein kinase	{'GO:0010971', 'GO:0016301', 'GO:0033314', 'GO:0010571', 'GO:0072686', 'GO:0106310', 'GO:0005524', 'GO:0007165', 'GO:0044770', 'GO:0000727', 'GO:0005737', 'GO:0031431', 'GO:0005515', 'GO:0004672', 'GO:0008284', 'GO:0031573', 'GO:0005634', 'GO:0000082', 'GO:0045171', 'GO:0004674', 'GO:0005654'}
O00337	Sodium/nucleoside cotransporter 1	{'GO:0045117', 'GO:0015212', 'GO:0005886', 'GO:0015855', 'GO:0005337', 'GO:1901474', 'GO:0005345', 'GO:0015861', 'GO:0031526', 'GO:1901642', 'GO:0005415', 'GO:1904823', 'GO:0015389', 'GO:0016324', 'GO:0015213', 'GO:0016020', 'GO:0015862', 'GO:0072531', 'GO:0180015'}
O00339	Matrilin-2	{'GO:0005201', 'GO:0120216', 'GO:0031012', 'GO:0005509', 'GO:0030198', 'GO:0140144', 'GO:0005576', 'GO:0005515', 'GO:0140149'}
O00451	GDNF family receptor alpha-2	{'GO:0019898', 'GO:0035860', 'GO:0009897', 'GO:0005886', 'GO:1904399', 'GO:0016167', 'GO:0007169', 'GO:0007399', 'GO:0038023', 'GO:0043235'}
O00548	Delta-like protein 1	{'GO:0001709', 'GO:0021510', 'GO:0045662', 'GO:0030857', 'GO:0032693', 'GO:0005886', 'GO:0045665', 'GO:0030097', 'GO:0014807', 'GO:0045747', 'GO:0097009', 'GO:0007219', 'GO:0098773', 'GO:0002315', 'GO:0034351', 'GO:0048630', 'GO:1903672', 'GO:0031410', 'GO:0008217', 'GO:0008285', 'GO:0046331', 'GO:0010628', 'GO:0072583', 'GO:0007368', 'GO:0009954', 'GO:0070986', 'GO:0045121', 'GO:0060853', 'GO:0072006', 'GO:0021688', 'GO:0051302', 'GO:0045746', 'GO:0007154', 'GO:0005515', 'GO:0045944', 'GO:0014002', 'GO:0005912', 'GO:0030957', 'GO:0030155', 'GO:0097102', 'GO:0045807', 'GO:0060042', 'GO:0097150', 'GO:1900746', 'GO:0016324', 'GO:0005509', 'GO:0016020', 'GO:0001947', 'GO:0045605', 'GO:0005576', 'GO:0035265', 'GO:0072070', 'GO:0030947', 'GO:0048633', 'GO:0060041', 'GO:0097110', 'GO:0021693', 'GO:0030154', 'GO:0048631', 'GO:0072014', 'GO:0050767', 'GO:0048018', 'GO:0005112', 'GO:0008284', 'GO:0048665', 'GO:2000726', 'GO:0040008', 'GO:0003323', 'GO:0045596', 'GO:0001756'}
O00622	CCN family member 1	{'GO:0045597', 'GO:0050840', 'GO:0045669', 'GO:0007165', 'GO:0030513', 'GO:0045944', 'GO:0005515', 'GO:0030501', 'GO:2000026', 'GO:0007155', 'GO:0030335', 'GO:0045778', 'GO:0007229', 'GO:0031012', 'GO:0008201', 'GO:0005576', 'GO:0051094', 'GO:0033690', 'GO:0140149', 'GO:0005201', 'GO:0070372', 'GO:0005178', 'GO:0005788'}
O00635	E3 ubiquitin-protein ligase TRIM38	{'GO:0005829', 'GO:0061630', 'GO:0043123', 'GO:0045893', 'GO:0008270', 'GO:0016567', 'GO:0005737', 'GO:0016925', 'GO:0005515', 'GO:0045087', 'GO:0003713', 'GO:0010468'}
O14490	Disks large-associated protein 1	{'GO:0005886', 'GO:0023052', 'GO:0007268', 'GO:0099572', 'GO:0098978', 'GO:0044877', 'GO:0045202', 'GO:0005515', 'GO:0050804', 'GO:0014069', 'GO:0060090'}
O14492	SH2B adapter protein 2	{'GO:0005829', 'GO:0001725', 'GO:0035556', 'GO:0005886', 'GO:0035591', 'GO:0007165', 'GO:0005068', 'GO:0005884', 'GO:0001726', 'GO:0008286', 'GO:0005737', 'GO:0005515', 'GO:0050853', 'GO:0042169'}
O14498	Immunoglobulin superfamily containing leucine-rich repeat protein	{'GO:0031093', 'GO:0045773', 'GO:0070062', 'GO:0005576', 'GO:0007155'}
O14545	TRAF-type zinc finger domain-containing protein 1	{'GO:0045824', 'GO:0005515', 'GO:0005739'}
O14618	Copper chaperone for superoxide dismutase	{'GO:0005829', 'GO:0005507', 'GO:0016532', 'GO:0034599', 'GO:0019430', 'GO:0006801', 'GO:0005758', 'GO:0046872', 'GO:0005634', 'GO:0045296', 'GO:0005739', 'GO:0045041', 'GO:0005737', 'GO:0051604', 'GO:1902694', 'GO:0005515', 'GO:0015035'}
O14628	Zinc finger protein 195	{'GO:0000978', 'GO:0006355', 'GO:0008270', 'GO:0005634', 'GO:0000981', 'GO:0006357'}
O14638	Ectonucleotide pyrophosphatase/phosphodiesterase family member 3	{'GO:0009143', 'GO:0047710', 'GO:0005886', 'GO:0002276', 'GO:0008270', 'GO:0006796', 'GO:0009986', 'GO:0004081', 'GO:0047429', 'GO:0046872', 'GO:0008253', 'GO:0055062', 'GO:0070667', 'GO:0160049', 'GO:0036221', 'GO:0050728', 'GO:0046034', 'GO:0016324', 'GO:0009897', 'GO:0005509', 'GO:0004528', 'GO:0005576', 'GO:0070062', 'GO:0048471', 'GO:0036219', 'GO:0106177', 'GO:0016787', 'GO:0034432', 'GO:0006220', 'GO:0033007', 'GO:0003676', 'GO:0047693'}
O14639	Actin-binding LIM protein 1	{'GO:0051015', 'GO:0005856', 'GO:0030032', 'GO:0007601', 'GO:0030027', 'GO:0015629', 'GO:0007010', 'GO:0005737', 'GO:0060271', 'GO:0009887', 'GO:0005515', 'GO:0001725', 'GO:0014069', 'GO:0003779'}
O14753	Putative transcription factor Ovo-like 1	{'GO:0000978', 'GO:1990837', 'GO:0000122', 'GO:0001227', 'GO:0005634', 'GO:0000981', 'GO:0005515', 'GO:0006357', 'GO:0009913'}
O14763	Tumor necrosis factor receptor superfamily member 10B	{'GO:0002357', 'GO:0005886', 'GO:0034976', 'GO:0008625', 'GO:0009986', 'GO:0043123', 'GO:0007165', 'GO:0036463', 'GO:0071260', 'GO:0036462', 'GO:0005515', 'GO:0016020', 'GO:0070059', 'GO:0038023', 'GO:0006915', 'GO:0043065', 'GO:0007166', 'GO:0007250', 'GO:0042981', 'GO:0045569', 'GO:0005035'}
O14773	Tripeptidyl-peptidase 1	{'GO:0055037', 'GO:0007040', 'GO:0004175', 'GO:0030163', 'GO:0007417', 'GO:0045121', 'GO:0070198', 'GO:0006629', 'GO:0045453', 'GO:0008240', 'GO:0005515', 'GO:0008236', 'GO:0120146', 'GO:0042277', 'GO:1905146', 'GO:0070062', 'GO:0007399', 'GO:0035727', 'GO:0050885', 'GO:0042470', 'GO:0005764', 'GO:0043171', 'GO:0005794', 'GO:0030855', 'GO:0004252', 'GO:0043202', 'GO:0008233', 'GO:0006508'}
O14786	Neuropilin-1	{'GO:0097374', 'GO:0098978', 'GO:0048666', 'GO:0001764', 'GO:0021649', 'GO:0048844', 'GO:0001570', 'GO:0048010', 'GO:0005096', 'GO:0070374', 'GO:0060978', 'GO:0097491', 'GO:0061551', 'GO:0042327', 'GO:0007267', 'GO:0051491', 'GO:0060385', 'GO:0071679', 'GO:0043542', 'GO:0097443', 'GO:0017154', 'GO:0030947', 'GO:1901166', 'GO:0050918', 'GO:0007411', 'GO:0003148', 'GO:0045766', 'GO:0038084', 'GO:0048846', 'GO:0048008', 'GO:2001237', 'GO:0051894', 'GO:0120035', 'GO:0021785', 'GO:0043005', 'GO:0035767', 'GO:0038189', 'GO:0005883', 'GO:0061549', 'GO:0046718', 'GO:0038190', 'GO:0009887', 'GO:0060982', 'GO:0099173', 'GO:0001938', 'GO:0071526', 'GO:0001755', 'GO:0097102', 'GO:0007229', 'GO:0150020', 'GO:0001569', 'GO:0045211', 'GO:0035924', 'GO:0008045', 'GO:0031290', 'GO:0097490', 'GO:0005886', 'GO:0061299', 'GO:0021828', 'GO:0005829', 'GO:1900026', 'GO:0005021', 'GO:1904835', 'GO:0060627', 'GO:0005737', 'GO:0019955', 'GO:0005515', 'GO:0031966', 'GO:0014911', 'GO:0048012', 'GO:0016020', 'GO:1902946', 'GO:0001525', 'GO:0097475', 'GO:0150018', 'GO:0005925', 'GO:1905040', 'GO:0043235', 'GO:0019901', 'GO:0032489', 'GO:0036486', 'GO:0031410', 'GO:0035729', 'GO:0005769', 'GO:0043524', 'GO:0051496', 'GO:0007165', 'GO:0030424', 'GO:0002040', 'GO:0006930', 'GO:0009611', 'GO:0021612', 'GO:0019838', 'GO:0015026', 'GO:0090050', 'GO:0005576', 'GO:0002116', 'GO:0061441', 'GO:0021637', 'GO:1903375', 'GO:0048842', 'GO:0010595', 'GO:0002042', 'GO:0038085'}
O14836	Tumor necrosis factor receptor superfamily member 13B	{'GO:0009897', 'GO:0005886', 'GO:0007166', 'GO:0016020', 'GO:0001782', 'GO:0005515', 'GO:0038023', 'GO:0002244', 'GO:0030889'}
O14901	Krueppel-like factor 11	{'GO:0000978', 'GO:1990837', 'GO:0043065', 'GO:2000045', 'GO:0000122', 'GO:1990859', 'GO:0000785', 'GO:0045892', 'GO:0003700', 'GO:0005634', 'GO:0000981', 'GO:0000976', 'GO:0005515', 'GO:0006357', 'GO:0005654', 'GO:0008285'}
O14978	Zinc finger protein 263	{'GO:0000978', 'GO:1990837', 'GO:0005829', 'GO:0000122', 'GO:0006355', 'GO:0045944', 'GO:0001227', 'GO:0043565', 'GO:0003700', 'GO:0005634', 'GO:0000981', 'GO:0000976', 'GO:0005515', 'GO:0006357'}
O15041	Semaphorin-3E	{'GO:0005886', 'GO:0030215', 'GO:0050808', 'GO:0021828', 'GO:0045499', 'GO:0050919', 'GO:0008360', 'GO:0043524', 'GO:0002040', 'GO:0016525', 'GO:0005515', 'GO:0030335', 'GO:0071526', 'GO:0001953', 'GO:0030900', 'GO:0005576', 'GO:0038191', 'GO:0001569', 'GO:0048018', 'GO:0007411', 'GO:0051897'}
O15060	Zinc finger and BTB domain-containing protein 39	{'GO:0000978', 'GO:0000122', 'GO:0002682', 'GO:0001227', 'GO:0005634', 'GO:0001817', 'GO:0005515', 'GO:0005654'}
O15156	Zinc finger and BTB domain-containing protein 7B	{'GO:0042803', 'GO:0160108', 'GO:0051141', 'GO:0010628', 'GO:0000978', 'GO:0003677', 'GO:0090336', 'GO:0043372', 'GO:0120162', 'GO:0000981', 'GO:0042802', 'GO:0005515', 'GO:0006357', 'GO:0045944', 'GO:2000640', 'GO:0007398', 'GO:0001228', 'GO:0046628', 'GO:0006366', 'GO:1990845', 'GO:0000987', 'GO:1990837', 'GO:0000122', 'GO:0001865', 'GO:0043377', 'GO:0003700', 'GO:0005634', 'GO:0007595', 'GO:0032868', 'GO:0001217', 'GO:0042826', 'GO:0005654', 'GO:0032740'}
O15204	ADAM DEC1	{'GO:0004222', 'GO:0006955', 'GO:0031012', 'GO:0008270', 'GO:0005576', 'GO:0006508', 'GO:0008237', 'GO:0007162'}
O15209	Zinc finger and BTB domain-containing protein 22	{'GO:0000978', 'GO:0003677', 'GO:1990837', 'GO:0000785', 'GO:0005634', 'GO:0000981', 'GO:0005515', 'GO:0006357'}
O15232	Matrilin-3	{'GO:0005201', 'GO:0120216', 'GO:0031012', 'GO:0005509', 'GO:0030198', 'GO:0001501', 'GO:0140144', 'GO:0005576', 'GO:0005788', 'GO:0005515', 'GO:0140149'}
O15265	Ataxin-7	{'GO:0045893', 'GO:0000124', 'GO:0007601', 'GO:0007026', 'GO:0005829', 'GO:0005737', 'GO:0045944', 'GO:0005515', 'GO:0006357', 'GO:0000226', 'GO:0015630', 'GO:0005856', 'GO:0005730', 'GO:0033276', 'GO:0006997', 'GO:0016363', 'GO:0006282', 'GO:0003682', 'GO:0005634', 'GO:0043484', 'GO:0005654'}
O15327	Inositol polyphosphate 4-phosphatase type II	{'GO:0005829', 'GO:0052828', 'GO:0006661', 'GO:0043647', 'GO:0034594', 'GO:0007165', 'GO:0017161', 'GO:0034593', 'GO:0016020', 'GO:0016316', 'GO:0036092', 'GO:0051896', 'GO:0005515'}
O15393	Transmembrane protease serine 2	{'GO:0046598', 'GO:0006508', 'GO:0005886', 'GO:0098670', 'GO:0004252', 'GO:0016020', 'GO:0005576', 'GO:0070062', 'GO:0016540', 'GO:0005515', 'GO:0008236'}
O15535	Zinc finger and SCAN domain-containing protein 9	{'GO:0000978', 'GO:1990837', 'GO:0005634', 'GO:0000981', 'GO:0005515', 'GO:0006357'}
O15537	Retinoschisin	{'GO:0043325', 'GO:0001917', 'GO:0098984', 'GO:0009897', 'GO:0051260', 'GO:0005886', 'GO:0007601', 'GO:0001654', 'GO:0005576', 'GO:0044877', 'GO:0001786', 'GO:0010842', 'GO:0007155', 'GO:0009986'}
O15541	E3 ubiquitin-protein ligase RNF113A	{'GO:0071005', 'GO:0005654', 'GO:0061630', 'GO:0070100', 'GO:0005684', 'GO:0004842', 'GO:0071018', 'GO:0005681', 'GO:0046872', 'GO:0005634', 'GO:0016567', 'GO:0005515', 'GO:0000398', 'GO:0016607'}
O43155	Leucine-rich repeat transmembrane protein FLRT2	{'GO:0005886', 'GO:0008543', 'GO:0005789', 'GO:0098978', 'GO:0045499', 'GO:0050919', 'GO:0005911', 'GO:0045202', 'GO:0031012', 'GO:0005576', 'GO:0070062', 'GO:0030674', 'GO:0042734', 'GO:0071711', 'GO:0045211', 'GO:0061343', 'GO:0003007', 'GO:0005925', 'GO:0005104'}
O43167	Zinc finger and BTB domain-containing protein 24	{'GO:0000978', 'GO:0005634', 'GO:0003700', 'GO:0005515', 'GO:0006357'}
O43184	Disintegrin and metalloproteinase domain-containing protein 12	{'GO:0017124', 'GO:0004222', 'GO:0005515', 'GO:0005886', 'GO:0005576', 'GO:0045766', 'GO:0006508', 'GO:0008237', 'GO:0007520'}
O43255	E3 ubiquitin-protein ligase SIAH2	{'GO:0042752', 'GO:0003714', 'GO:0061630', 'GO:0045892', 'GO:2001237', 'GO:0008270', 'GO:0090090', 'GO:0060070', 'GO:0005769', 'GO:0005829', 'GO:0007264', 'GO:0006511', 'GO:0005737', 'GO:2001233', 'GO:0005515', 'GO:0043066', 'GO:0043161', 'GO:0016567', 'GO:0031396', 'GO:0004842', 'GO:0005634', 'GO:1990000', 'GO:0031624', 'GO:0005654', 'GO:0043025'}
O43257	Zinc finger HIT domain-containing protein 1	{'GO:0036335', 'GO:0003015', 'GO:0055074', 'GO:0042692', 'GO:0006338', 'GO:0031491', 'GO:0005515', 'GO:0000786', 'GO:0000812', 'GO:0045815', 'GO:0042393', 'GO:0061484', 'GO:0006355', 'GO:0060261', 'GO:1905458', 'GO:0003682', 'GO:0005634', 'GO:0042826', 'GO:0043517'}
O43278	Kunitz-type protease inhibitor 1	{'GO:0004867', 'GO:0005829', 'GO:0045687', 'GO:0071773', 'GO:0005886', 'GO:2000178', 'GO:0030198', 'GO:0060429', 'GO:0005737', 'GO:0016020', 'GO:0005576', 'GO:0070062', 'GO:0008544', 'GO:0005515'}
O43294	Transforming growth factor beta-1-induced transcript 1 protein	{'GO:0070411', 'GO:0008285', 'GO:0010718', 'GO:0045893', 'GO:0005911', 'GO:0048495', 'GO:0005856', 'GO:0031012', 'GO:0050681', 'GO:2000060', 'GO:0030511', 'GO:0016363', 'GO:0005925', 'GO:0005515', 'GO:0003713', 'GO:0007155'}
O43296	Zinc finger protein 264	{'GO:0000978', 'GO:0006355', 'GO:0005634', 'GO:0000981', 'GO:0005515', 'GO:0006357'}
O43298	Zinc finger and BTB domain-containing protein 43	{'GO:0000978', 'GO:1990837', 'GO:0001025', 'GO:0000785', 'GO:0005634', 'GO:0000981', 'GO:0005515', 'GO:0006357'}
O43300	Leucine-rich repeat transmembrane neuronal protein 2	{'GO:0060076', 'GO:0098982', 'GO:0099634', 'GO:0005886', 'GO:0045202', 'GO:0045211', 'GO:0098685', 'GO:0042043', 'GO:0098839', 'GO:0099151', 'GO:0005576', 'GO:0098978', 'GO:0098686', 'GO:0005515'}
O43309	Zinc finger and SCAN domain-containing protein 12	{'GO:0000978', 'GO:0005634', 'GO:0000981', 'GO:0005515', 'GO:0006357'}
O43313	ATM interactor	{'GO:0001228', 'GO:0045893', 'GO:0045944', 'GO:0070840', 'GO:0005634', 'GO:0000981', 'GO:0000976', 'GO:0016604', 'GO:0005515', 'GO:0006357'}
O43361	Zinc finger protein 749	{'GO:0000977', 'GO:0006355', 'GO:0005634', 'GO:0000981', 'GO:0006357'}
O43463	Histone-lysine N-methyltransferase SUV39H1	{'GO:0000775', 'GO:0005677', 'GO:0005654', 'GO:0042054', 'GO:0005886', 'GO:0045892', 'GO:0097009', 'GO:0008270', 'GO:0140949', 'GO:0031507', 'GO:0031410', 'GO:0042149', 'GO:0045786', 'GO:0070828', 'GO:0000785', 'GO:0031508', 'GO:0140938', 'GO:0005721', 'GO:0008757', 'GO:0045814', 'GO:0046015', 'GO:0031981', 'GO:0005515', 'GO:0000183', 'GO:0071456', 'GO:0140947', 'GO:0007623', 'GO:0005730', 'GO:0000794', 'GO:0005652', 'GO:0006325', 'GO:0005694', 'GO:0140258', 'GO:0046974', 'GO:0000977', 'GO:0000122', 'GO:0044725', 'GO:0061773', 'GO:1990904', 'GO:0003682', 'GO:0005634', 'GO:0000976', 'GO:0000792', 'GO:0033553', 'GO:0006974'}
O43506	Disintegrin and metalloproteinase domain-containing protein 20	{'GO:0004222', 'GO:0009897', 'GO:0005886', 'GO:0008584', 'GO:0007338', 'GO:0016020', 'GO:1990913', 'GO:0006508', 'GO:0008237'}
O43623	Zinc finger protein SNAI2	{'GO:0005654', 'GO:0010957', 'GO:0001227', 'GO:0043565', 'GO:0007219', 'GO:0090090', 'GO:0035921', 'GO:0045667', 'GO:0000978', 'GO:0048762', 'GO:2001240', 'GO:0005829', 'GO:0000785', 'GO:0032331', 'GO:0003273', 'GO:0000981', 'GO:2000811', 'GO:0005737', 'GO:0005515', 'GO:0030335', 'GO:0014032', 'GO:0032642', 'GO:0043518', 'GO:0070563', 'GO:0007605', 'GO:0043473', 'GO:0003180', 'GO:0003198', 'GO:1990837', 'GO:0001837', 'GO:0070888', 'GO:1902230', 'GO:0000977', 'GO:0000122', 'GO:0071364', 'GO:0006355', 'GO:0001649', 'GO:0003682', 'GO:0005634', 'GO:0060429', 'GO:0010839', 'GO:2000810', 'GO:0033629'}
O43790	Keratin, type II cuticular Hb6	{'GO:0005829', 'GO:0005515', 'GO:0031424', 'GO:0030280', 'GO:0005576', 'GO:0045109', 'GO:0045095'}
O43854	EGF-like repeat and discoidin I-like domain-containing protein 3	{'GO:0005201', 'GO:1903561', 'GO:0031012', 'GO:0005509', 'GO:0010811', 'GO:0005178', 'GO:0140144', 'GO:0005576', 'GO:0070062', 'GO:0140149'}
O43900	Prickle planar cell polarity protein 3	{'GO:0005886', 'GO:0005739', 'GO:0008270', 'GO:0005737', 'GO:0005515'}
O43915	Vascular endothelial growth factor D	{'GO:0038084', 'GO:0008083', 'GO:0031093', 'GO:0001666', 'GO:0050930', 'GO:0048010', 'GO:0005161', 'GO:0005172', 'GO:0042802', 'GO:0002040', 'GO:0005515', 'GO:0071542', 'GO:0016020', 'GO:0005576', 'GO:0060754', 'GO:0042056', 'GO:0050918', 'GO:0048018', 'GO:0008284', 'GO:0043185'}
O43918	Autoimmune regulator	{'GO:0006959', 'GO:0045893', 'GO:0008270', 'GO:0006417', 'GO:0045060', 'GO:0002507', 'GO:0097536', 'GO:0003677', 'GO:0042802', 'GO:0005737', 'GO:0016604', 'GO:0045944', 'GO:0005515', 'GO:0045182', 'GO:2000410', 'GO:0032722', 'GO:0006955', 'GO:0042393', 'GO:0000977', 'GO:0006355', 'GO:0002509', 'GO:0003682', 'GO:0005634', 'GO:0002458'}
O60269	G protein-regulated inducer of neurite outgrowth 2	{'GO:0005515', 'GO:0031175', 'GO:0005886'}
O60296	Trafficking kinesin-binding protein 2	{'GO:0019894', 'GO:0048311', 'GO:0005886', 'GO:0044295', 'GO:0022008', 'GO:0008333', 'GO:0031410', 'GO:0005769', 'GO:0005829', 'GO:0050771', 'GO:0019899', 'GO:0047496', 'GO:0005737', 'GO:0005515', 'GO:0006357', 'GO:0030911', 'GO:0005102', 'GO:0030425', 'GO:0048813', 'GO:0005739', 'GO:0006493', 'GO:0032839', 'GO:0006605', 'GO:0017022', 'GO:0098939', 'GO:0005634', 'GO:0043025', 'GO:0050811'}
O60304	Zinc finger protein 500	{'GO:0000978', 'GO:0005829', 'GO:0006355', 'GO:0005634', 'GO:0000981', 'GO:0005515', 'GO:0006357', 'GO:0005654'}
O60481	Zinc finger protein ZIC 3	{'GO:0060324', 'GO:1904888', 'GO:0035545', 'GO:0045893', 'GO:0042789', 'GO:0007224', 'GO:0035469', 'GO:0043565', 'GO:0090009', 'GO:0003228', 'GO:0003713', 'GO:1990841', 'GO:0000978', 'GO:0009880', 'GO:0007417', 'GO:0007368', 'GO:0070986', 'GO:0035108', 'GO:0071907', 'GO:0000981', 'GO:0019827', 'GO:0071910', 'GO:0042473', 'GO:0005737', 'GO:0030182', 'GO:0005515', 'GO:0035283', 'GO:0045944', 'GO:0048863', 'GO:0007369', 'GO:0001228', 'GO:0031490', 'GO:0048339', 'GO:0030718', 'GO:0030324', 'GO:0007498', 'GO:0001501', 'GO:0030900', 'GO:0001947', 'GO:1990837', 'GO:0060972', 'GO:0001840', 'GO:0048318', 'GO:0010467', 'GO:0000977', 'GO:0007507', 'GO:0003700', 'GO:0005634', 'GO:0098727', 'GO:0021766', 'GO:0021772', 'GO:0005654'}
O60687	Sushi repeat-containing protein SRPX2	{'GO:0098609', 'GO:0098978', 'GO:0051963', 'GO:0009986', 'GO:0036458', 'GO:0060076', 'GO:0048870', 'GO:0051965', 'GO:0071625', 'GO:0042802', 'GO:0005737', 'GO:0097060', 'GO:0045202', 'GO:0005515', 'GO:0005102', 'GO:0031012', 'GO:0090050', 'GO:0005576', 'GO:0140149', 'GO:0005201'}
O60688	Protein yippee-like 1	{'GO:0005634'}
O60765	Zinc finger protein 354A	{'GO:0000978', 'GO:0006355', 'GO:0005730', 'GO:0007605', 'GO:0005634', 'GO:0000981', 'GO:0006357', 'GO:0005654'}
O75074	Low-density lipoprotein receptor-related protein 3	{'GO:0045669', 'GO:0005886', 'GO:0006898', 'GO:0045599', 'GO:0016020', 'GO:0016192', 'GO:0150104', 'GO:0010629', 'GO:0010628'}
O75077	Disintegrin and metalloproteinase domain-containing protein 23	{'GO:0050806', 'GO:0042734', 'GO:0007417', 'GO:0004222', 'GO:0005515', 'GO:0005886', 'GO:1903817', 'GO:0005178', 'GO:0098978', 'GO:0005576', 'GO:0098820', 'GO:0006508', 'GO:0008237', 'GO:0051963'}
O75078	Disintegrin and metalloproteinase domain-containing protein 11	{'GO:0043204', 'GO:0061368', 'GO:0042734', 'GO:0004222', 'GO:0007229', 'GO:0031012', 'GO:0045184', 'GO:0061367', 'GO:0005886', 'GO:0030424', 'GO:0005178', 'GO:0006508', 'GO:0008237', 'GO:0033555'}
O75106	Amine oxidase [copper-containing] 2	{'GO:0005507', 'GO:0048038', 'GO:0009308', 'GO:0005886', 'GO:0009055', 'GO:0007601', 'GO:0005737', 'GO:0008131', 'GO:0005515', 'GO:0006805'}
O75123	Zinc finger protein 623	{'GO:0000978', 'GO:0005634', 'GO:0000981', 'GO:0005515', 'GO:0006357', 'GO:0005654'}
O75143	Autophagy-related protein 13	{'GO:0035032', 'GO:0034045', 'GO:0010508', 'GO:0019901', 'GO:0005789', 'GO:0000045', 'GO:0034727', 'GO:0008285', 'GO:0005829', 'GO:0016236', 'GO:0005776', 'GO:1903059', 'GO:1990316', 'GO:0005737', 'GO:0006914', 'GO:0034497', 'GO:0005515', 'GO:0000407', 'GO:0005739', 'GO:0019887', 'GO:0042127', 'GO:0019209', 'GO:1903749', 'GO:0098780', 'GO:0000423'}
O75173	A disintegrin and metalloproteinase with thrombospondin motifs 4	{'GO:0004222', 'GO:0006508', 'GO:0030167', 'GO:0031012', 'GO:0008270', 'GO:0001501', 'GO:0030198', 'GO:0008233', 'GO:0005576', 'GO:0022617', 'GO:0005515', 'GO:0008237', 'GO:0002020', 'GO:0016607'}
O75326	Semaphorin-7A	{'GO:0005886', 'GO:0030215', 'GO:0045499', 'GO:0050919', 'GO:0098793', 'GO:0070374', 'GO:0005515', 'GO:0030335', 'GO:0050727', 'GO:0071526', 'GO:0009897', 'GO:0007229', 'GO:0031012', 'GO:0006955', 'GO:0060907', 'GO:0016020', 'GO:0098982', 'GO:0001649', 'GO:0007411', 'GO:0005178', 'GO:0045773', 'GO:0090128'}
O75346	Zinc finger protein 253	{'GO:0000978', 'GO:0006355', 'GO:0045892', 'GO:0043565', 'GO:0005634', 'GO:0000981', 'GO:0006357'}
O75373	Zinc finger protein 737	{'GO:0000978', 'GO:0000122', 'GO:0006355', 'GO:0005634', 'GO:0000981'}
O75382	Tripartite motif-containing protein 3	{'GO:0070534', 'GO:0061630', 'GO:0043161', 'GO:0030425', 'GO:0004842', 'GO:0007399', 'GO:0005794', 'GO:0046872', 'GO:0008270', 'GO:0061351', 'GO:0042802', 'GO:0016567', 'GO:0034141', 'GO:0005737', 'GO:0005515', 'GO:0000209', 'GO:0005769'}
O75398	Deformed epidermal autoregulatory factor 1 homolog	{'GO:0045893', 'GO:0045892', 'GO:0001227', 'GO:0001843', 'GO:0003677', 'GO:0009653', 'GO:0000785', 'GO:0001662', 'GO:0000981', 'GO:0005737', 'GO:0005515', 'GO:0006357', 'GO:0008542', 'GO:0048706', 'GO:0090575', 'GO:0006366', 'GO:0005576', 'GO:0033599', 'GO:0000977', 'GO:0000122', 'GO:0001650', 'GO:0005634', 'GO:0005654', 'GO:0007281'}
O75437	Zinc finger protein 254	{'GO:0000978', 'GO:0000122', 'GO:0006355', 'GO:0005634', 'GO:0000981', 'GO:0006357'}
O75467	Zinc finger protein 324A	{'GO:0000978', 'GO:0006355', 'GO:0008283', 'GO:0005634', 'GO:0000981', 'GO:0000082', 'GO:0006357'}
O75509	Tumor necrosis factor receptor superfamily member 21	{'GO:0006959', 'GO:0005886', 'GO:0097252', 'GO:0002250', 'GO:0042552', 'GO:0032714', 'GO:0032696', 'GO:0007165', 'GO:0051402', 'GO:0001783', 'GO:0005515', 'GO:0071356', 'GO:0030889', 'GO:0042130', 'GO:0006915', 'GO:0031642', 'GO:0048713', 'GO:0007413', 'GO:0050852', 'GO:0032693'}
O75582	Ribosomal protein S6 kinase alpha-5	{'GO:0035556', 'GO:0045892', 'GO:0099175', 'GO:0106310', 'GO:0005524', 'GO:0043687', 'GO:0044024', 'GO:0000287', 'GO:0006338', 'GO:0001818', 'GO:0005737', 'GO:0005515', 'GO:0045944', 'GO:0006468', 'GO:0038202', 'GO:0004672', 'GO:0044022', 'GO:0006355', 'GO:0035175', 'GO:0005634', 'GO:0007411', 'GO:0070498', 'GO:0004674', 'GO:0005654', 'GO:0004713'}
O75677	Ret finger protein-like 1	{'GO:0061630', 'GO:0010972', 'GO:0005634', 'GO:0005737', 'GO:0032436', 'GO:0045087', 'GO:0010468'}
O75678	Ret finger protein-like 2	{'GO:0061630', 'GO:0005634', 'GO:0005737', 'GO:0045087', 'GO:0010468'}
O75679	Ret finger protein-like 3	{'GO:0061630', 'GO:0005634', 'GO:0005737', 'GO:0005515', 'GO:0045087', 'GO:0010468'}
O75815	Breast cancer anti-estrogen resistance protein 3	{'GO:0007264', 'GO:0005925', 'GO:0005515', 'GO:0019900', 'GO:0009410', 'GO:0043547', 'GO:0007165', 'GO:0008284', 'GO:0043410', 'GO:0008286', 'GO:0001784', 'GO:0005737', 'GO:0016020', 'GO:0086100', 'GO:0005085', 'GO:0007173'}
O75820	Zinc finger protein 189	{'GO:0000978', 'GO:0000122', 'GO:0006355', 'GO:0005634', 'GO:0000981', 'GO:0006357'}
O75829	Leukocyte cell-derived chemotaxin 1	{'GO:0006029', 'GO:0160108', 'GO:0001501', 'GO:0012505', 'GO:0016525', 'GO:0001937', 'GO:0005515'}
O75943	Cell cycle checkpoint protein RAD17	{'GO:0000781', 'GO:0033314', 'GO:1990166', 'GO:0006281', 'GO:0140463', 'GO:0000785', 'GO:0031389', 'GO:0005515', 'GO:0003689', 'GO:0042325', 'GO:0000077', 'GO:0005730', 'GO:0006325', 'GO:0000076', 'GO:0005694', 'GO:0140445', 'GO:0005634', 'GO:0006974', 'GO:0031573', 'GO:0035861', 'GO:0005654', 'GO:0008156'}
O76009	Keratin, type I cuticular Ha3-I	{'GO:0005829', 'GO:0005856', 'GO:0005198', 'GO:0030280', 'GO:0030855', 'GO:0005576', 'GO:0045109', 'GO:0002009', 'GO:0045095'}
O76011	Keratin, type I cuticular Ha4	{'GO:0005829', 'GO:0045109', 'GO:0005856', 'GO:0005198', 'GO:0030280', 'GO:0030855', 'GO:0005576', 'GO:0008544', 'GO:0005515', 'GO:0002009', 'GO:0045095'}
O76015	Keratin, type I cuticular Ha8	{'GO:0005829', 'GO:0045109', 'GO:0005856', 'GO:0005198', 'GO:0030280', 'GO:0030855', 'GO:0070062', 'GO:0005515', 'GO:0002009', 'GO:0045095'}
O76076	CCN family member 5	{'GO:0140149', 'GO:0031012', 'GO:0007165', 'GO:0005634', 'GO:0005178', 'GO:0045597', 'GO:0008201', 'GO:0007267', 'GO:0005576', 'GO:0005515', 'GO:0007155'}
O94769	Extracellular matrix protein 2	{'GO:0031012', 'GO:0070052', 'GO:0030198', 'GO:0010811', 'GO:0005178', 'GO:0140150', 'GO:0008201', 'GO:0007160', 'GO:0044877', 'GO:0005614', 'GO:0005518'}
O94880	PHD finger protein 14	{'GO:2000584', 'GO:0002314', 'GO:0000122', 'GO:0000785', 'GO:2000791', 'GO:0008270', 'GO:0005634', 'GO:0042393', 'GO:0006325', 'GO:0140566', 'GO:0048286', 'GO:0005737', 'GO:0005515', 'GO:0072201', 'GO:0005694', 'GO:0008285'}
O94889	Kelch-like protein 18	{'GO:0043161', 'GO:0005515', 'GO:0016567', 'GO:0005737', 'GO:1990756', 'GO:1901992', 'GO:0031463'}
O94892	Zinc finger protein 432	{'GO:0003677', 'GO:0005654', 'GO:0006355', 'GO:0005634', 'GO:0030674', 'GO:0005515', 'GO:0006974', 'GO:0003684'}
O94985	Calsyntenin-1	{'GO:0000139', 'GO:0019894', 'GO:0051965', 'GO:0005509', 'GO:0005789', 'GO:0098632', 'GO:0005634', 'GO:0045211', 'GO:0098839', 'GO:0001540', 'GO:0016020', 'GO:0043005', 'GO:0005515', 'GO:0007156', 'GO:0042988', 'GO:0007155', 'GO:0009986'}
O95025	Semaphorin-3D	{'GO:0038191', 'GO:0001755', 'GO:0071526', 'GO:0005886', 'GO:0030215', 'GO:0007411', 'GO:0030900', 'GO:0005576', 'GO:0045499', 'GO:0050919', 'GO:0030335'}
O95081	Arf-GAP domain and FG repeat-containing protein 2	{'GO:0005096', 'GO:0007289', 'GO:0001675', 'GO:0005737', 'GO:0016020', 'GO:0031410', 'GO:0045109'}
O95125	Zinc finger protein 202	{'GO:0000978', 'GO:1990837', 'GO:0000122', 'GO:0006355', 'GO:0045892', 'GO:0001227', 'GO:0003700', 'GO:0006629', 'GO:0000981', 'GO:0005634', 'GO:0005515', 'GO:0006357'}
O95185	Netrin receptor UNC5C	{'GO:0030426', 'GO:0005886', 'GO:0019901', 'GO:0009986', 'GO:0061643', 'GO:0007165', 'GO:0030027', 'GO:0030424', 'GO:0007420', 'GO:0045202', 'GO:0005515', 'GO:0005043', 'GO:0015631', 'GO:0030425', 'GO:0016020', 'GO:1990791', 'GO:0030175', 'GO:0038007', 'GO:0007411', 'GO:0005042', 'GO:0043025'}
O95196	Chondroitin sulfate proteoglycan 5	{'GO:0005796', 'GO:0000139', 'GO:0008083', 'GO:0005886', 'GO:0005789', 'GO:0098978', 'GO:0009986', 'GO:1900026', 'GO:0007165', 'GO:0031103', 'GO:0097060', 'GO:0005515', 'GO:0106091', 'GO:0007010', 'GO:0016020', 'GO:0005576', 'GO:0046907', 'GO:0007399', 'GO:0030660', 'GO:0098982', 'GO:0005794', 'GO:0045211', 'GO:0043202', 'GO:2000300'}
O95201	Transcriptional repressor RHIT	{'GO:0000978', 'GO:0000977', 'GO:0000122', 'GO:1901030', 'GO:0006355', 'GO:0001227', 'GO:0008270', 'GO:0005634', 'GO:0000981', 'GO:0005515', 'GO:0006357', 'GO:0010729'}
O95202	Mitochondrial proton/calcium exchanger protein	{'GO:0099093', 'GO:0051562', 'GO:0015386', 'GO:0140141', 'GO:0005743', 'GO:1902600', 'GO:0043022', 'GO:0051260', 'GO:0034214', 'GO:0005515', 'GO:0051560', 'GO:0007005', 'GO:1900069', 'GO:0015369', 'GO:0005509', 'GO:0005739', 'GO:0006851', 'GO:0007007', 'GO:0006816', 'GO:0042407'}
O95294	RasGAP-activating-like protein 1	{'GO:0005829', 'GO:1902531', 'GO:0046580', 'GO:0005886', 'GO:0005096', 'GO:0035556', 'GO:0007165', 'GO:1903861', 'GO:0071277', 'GO:0005543'}
O95361	E3 ubiquitin-protein ligase TRIM16	{'GO:0003677', 'GO:0005829', 'GO:0061630', 'GO:0045893', 'GO:0019966', 'GO:0032089', 'GO:0032526', 'GO:0008270', 'GO:0045618', 'GO:0032731', 'GO:0016605', 'GO:0005737', 'GO:0060416', 'GO:0048386', 'GO:0005515'}
O95365	Zinc finger and BTB domain-containing protein 7A	{'GO:0000381', 'GO:0097680', 'GO:0035035', 'GO:0045892', 'GO:0001227', 'GO:0043565', 'GO:0050681', 'GO:0060766', 'GO:0043249', 'GO:0001222', 'GO:0000978', 'GO:0003677', 'GO:0006338', 'GO:0030183', 'GO:0000981', 'GO:0005737', 'GO:0045746', 'GO:0005515', 'GO:0006357', 'GO:0045444', 'GO:0140297', 'GO:0046332', 'GO:0006351', 'GO:0006325', 'GO:0030512', 'GO:0034504', 'GO:1990837', 'GO:0000122', 'GO:0070418', 'GO:0003700', 'GO:0006110', 'GO:0005634', 'GO:0035861', 'GO:0042981', 'GO:2000677'}
O95376	E3 ubiquitin-protein ligase ARIH2	{'GO:0061630', 'GO:0008270', 'GO:0071425', 'GO:0006511', 'GO:0046872', 'GO:0005737', 'GO:0005515', 'GO:0070534', 'GO:0048588', 'GO:0043161', 'GO:0016567', 'GO:0070936', 'GO:0031466', 'GO:0004842', 'GO:1903749', 'GO:0005634', 'GO:0000151', 'GO:0031624', 'GO:0005654', 'GO:0000209'}
O95388	CCN family member 4	{'GO:0051239', 'GO:0050729', 'GO:0045597', 'GO:0030177', 'GO:0030316', 'GO:0045669', 'GO:0048661', 'GO:0032331', 'GO:0007165', 'GO:0045595', 'GO:0001817', 'GO:0005737', 'GO:0005515', 'GO:0007155', 'GO:0014911', 'GO:0031012', 'GO:0008201', 'GO:0007267', 'GO:0005576', 'GO:0042593', 'GO:0060348', 'GO:0090303', 'GO:0140149', 'GO:0001649', 'GO:0005178', 'GO:0045599'}
O95389	Cellular communication network factor 6	{'GO:0140149', 'GO:0031012', 'GO:0051881', 'GO:0007165', 'GO:0005739', 'GO:0050793', 'GO:0005178', 'GO:0045597', 'GO:0008201', 'GO:0016525', 'GO:0007267', 'GO:1903426', 'GO:0005576', 'GO:0008285', 'GO:0007155'}
O95407	Tumor necrosis factor receptor superfamily member 6B	{'GO:0050728', 'GO:0043066', 'GO:0140319', 'GO:0140368', 'GO:0016020', 'GO:0005576', 'GO:0005515'}
O95436	Sodium-dependent phosphate transport protein 2B	{'GO:0005829', 'GO:0005436', 'GO:0035435', 'GO:0035725', 'GO:0044341', 'GO:0006817', 'GO:0016324', 'GO:0031982', 'GO:0031526', 'GO:0005886', 'GO:0030643', 'GO:0043627', 'GO:0005903', 'GO:0016020', 'GO:0005515', 'GO:0005654', 'GO:0031402', 'GO:0042301'}
O95460	Matrilin-4	{'GO:0120216', 'GO:0031012', 'GO:0005509', 'GO:0030198', 'GO:0140144', 'GO:0005576', 'GO:0005515', 'GO:0140149'}
O95633	Follistatin-related protein 3	{'GO:0005654', 'GO:0030154', 'GO:0030510', 'GO:0032926', 'GO:0001968', 'GO:0045944', 'GO:0030514', 'GO:0048185', 'GO:0045671', 'GO:0005634', 'GO:0005576', 'GO:0005788', 'GO:0090101', 'GO:0005515', 'GO:0006357', 'GO:0002244', 'GO:0022409'}
O95780	Zinc finger protein 682	{'GO:0000978', 'GO:0000122', 'GO:0006355', 'GO:0005634', 'GO:0000981'}
O95863	Zinc finger protein SNAI1	{'GO:0010957', 'GO:0045893', 'GO:0019900', 'GO:0045892', 'GO:0001227', 'GO:0043565', 'GO:0007219', 'GO:0060070', 'GO:0001707', 'GO:0048762', 'GO:0000978', 'GO:0070828', 'GO:0005721', 'GO:0005737', 'GO:0005515', 'GO:0030335', 'GO:0043518', 'GO:0003180', 'GO:0010718', 'GO:0003198', 'GO:1990837', 'GO:0001837', 'GO:0070888', 'GO:1902230', 'GO:0000977', 'GO:0000122', 'GO:0006355', 'GO:0001649', 'GO:0005634', 'GO:2000810', 'GO:0005654'}
O95886	Disks large-associated protein 3	{'GO:0098981', 'GO:0005886', 'GO:0023052', 'GO:0099010', 'GO:0099572', 'GO:0098978', 'GO:0001540', 'GO:0050804', 'GO:0045202', 'GO:0005515', 'GO:0031594', 'GO:0014069', 'GO:0060090'}
O95965	Integrin beta-like protein 1	{'GO:0008305', 'GO:0016477', 'GO:0033627', 'GO:0007229', 'GO:0005886', 'GO:0005178', 'GO:0098609', 'GO:0007160', 'GO:0005576', 'GO:0005925', 'GO:0007155', 'GO:0009986'}
O95967	EGF-containing fibulin-like extracellular matrix protein 2	{'GO:0060414', 'GO:0042803', 'GO:1903561', 'GO:1904706', 'GO:0048251', 'GO:1904831', 'GO:0140144', 'GO:0005515', 'GO:0035904', 'GO:0097084', 'GO:0031012', 'GO:0005509', 'GO:1904026', 'GO:0008201', 'GO:0005576', 'GO:0070062', 'GO:1904028', 'GO:0071953', 'GO:0140149', 'GO:0005201', 'GO:1905609', 'GO:0005604'}
O95980	Reversion-inducing cysteine-rich protein with Kazal motifs	{'GO:0090210', 'GO:0005886', 'GO:0060070', 'GO:0010716', 'GO:0060828', 'GO:0030198', 'GO:0042986', 'GO:0002040', 'GO:0030336', 'GO:0005515', 'GO:0090263', 'GO:0001955', 'GO:0017147', 'GO:1903053', 'GO:0045765', 'GO:0008191', 'GO:0044853', 'GO:0015026', 'GO:0005576', 'GO:1990909', 'GO:1902004', 'GO:0004866'}
O95985	DNA topoisomerase 3-beta-1	{'GO:0003677', 'GO:0003916', 'GO:0006265', 'GO:0140226', 'GO:0003917', 'GO:0003723', 'GO:0005634', 'GO:0006281', 'GO:0140225', 'GO:0006310', 'GO:0000793', 'GO:0005515'}
P00734	Prothrombin	{'GO:0010544', 'GO:0030193', 'GO:0005796', 'GO:0008083', 'GO:0030195', 'GO:0072562', 'GO:0005886', 'GO:0004175', 'GO:0051480', 'GO:1900182', 'GO:0030168', 'GO:1900016', 'GO:0070945', 'GO:0051918', 'GO:0030194', 'GO:0005515', 'GO:0009611', 'GO:0032967', 'GO:0005102', 'GO:0009897', 'GO:0031012', 'GO:0005509', 'GO:0007186', 'GO:0070493', 'GO:0001530', 'GO:0008201', 'GO:0042730', 'GO:0061844', 'GO:0005576', 'GO:0070062', 'GO:0072377', 'GO:0031638', 'GO:0046427', 'GO:0051281', 'GO:0050878', 'GO:0070053', 'GO:0007166', 'GO:0048018', 'GO:1900738', 'GO:0004252', 'GO:0045861', 'GO:2000379', 'GO:0008233', 'GO:0005788', 'GO:1905370', 'GO:0006508', 'GO:0048712', 'GO:0007596'}
P00736	Complement C1r subcomponent	{'GO:0006958', 'GO:0006956', 'GO:0072562', 'GO:0140313', 'GO:0006508', 'GO:0006955', 'GO:0005509', 'GO:0004252', 'GO:0042802', 'GO:0005576', 'GO:0070062', 'GO:0005602', 'GO:0005515', 'GO:0106139', 'GO:0008236', 'GO:0031638', 'GO:0009986'}
P00740	Coagulation factor IX	{'GO:0005796', 'GO:0005886', 'GO:0032991', 'GO:0004175', 'GO:0046872', 'GO:0005515', 'GO:0031012', 'GO:0005509', 'GO:0016020', 'GO:0005576', 'GO:0070062', 'GO:0031638', 'GO:0007597', 'GO:0004252', 'GO:0008233', 'GO:0005788', 'GO:1905370', 'GO:0006508', 'GO:0007596'}
P00742	Coagulation factor X	{'GO:0005796', 'GO:0007596', 'GO:0006508', 'GO:0009897', 'GO:0005886', 'GO:0032008', 'GO:0005509', 'GO:0004252', 'GO:0016020', 'GO:0005576', 'GO:0005788', 'GO:1905370', 'GO:0072377', 'GO:0005515', 'GO:0005543', 'GO:0031638', 'GO:0030335'}
P00747	Plasminogen	{'GO:0072562', 'GO:0019900', 'GO:0005886', 'GO:0031093', 'GO:0051919', 'GO:0004175', 'GO:2000048', 'GO:0009986', 'GO:0019904', 'GO:0051918', 'GO:0019899', 'GO:1990405', 'GO:0010812', 'GO:0005515', 'GO:0008236', 'GO:0005102', 'GO:0043536', 'GO:0009897', 'GO:0031012', 'GO:0051087', 'GO:0030574', 'GO:0042730', 'GO:0005576', 'GO:0070062', 'GO:0002020', 'GO:0034185', 'GO:0051702', 'GO:0004252', 'GO:0006508', 'GO:0022617', 'GO:0007596'}
P00748	Coagulation factor XII	{'GO:0005886', 'GO:0051787', 'GO:0051919', 'GO:0051788', 'GO:0045087', 'GO:0002353', 'GO:0005791', 'GO:0030194', 'GO:0016540', 'GO:0005515', 'GO:0010756', 'GO:0031012', 'GO:0005509', 'GO:0005576', 'GO:0070062', 'GO:0031638', 'GO:0007597', 'GO:0002542', 'GO:0004252', 'GO:0008233', 'GO:0016485', 'GO:1905370', 'GO:0006508', 'GO:0007596'}
P00749	Urokinase-type plasminogen activator	{'GO:0005886', 'GO:0070821', 'GO:0031639', 'GO:0033628', 'GO:0005925', 'GO:0038195', 'GO:0009986', 'GO:0007165', 'GO:0006935', 'GO:0051918', 'GO:0098637', 'GO:0061041', 'GO:0097180', 'GO:0005515', 'GO:0030335', 'GO:0030155', 'GO:0009897', 'GO:2000097', 'GO:2001044', 'GO:0014910', 'GO:0042730', 'GO:0005576', 'GO:0070062', 'GO:0035579', 'GO:0045742', 'GO:0048018', 'GO:0090091', 'GO:0010757', 'GO:0004252', 'GO:1905370', 'GO:0051917', 'GO:0006508', 'GO:0010755'}
P01042	Kininogen-1	{'GO:0072562', 'GO:0030195', 'GO:0005886', 'GO:0031093', 'GO:0008270', 'GO:0007204', 'GO:0042311', 'GO:0031640', 'GO:0004869', 'GO:0007165', 'GO:0005179', 'GO:0005515', 'GO:0005102', 'GO:0031012', 'GO:0008201', 'GO:0061844', 'GO:0005576', 'GO:0070062', 'GO:0051241', 'GO:0043065', 'GO:0045861', 'GO:0005788', 'GO:0007162'}
P01130	Low-density lipoprotein receptor	{'GO:0051246', 'GO:0090118', 'GO:0045177', 'GO:0005886', 'GO:0034384', 'GO:0015914', 'GO:0050729', 'GO:0006898', 'GO:0005768', 'GO:0061889', 'GO:0010008', 'GO:0001920', 'GO:0150094', 'GO:1905907', 'GO:0036020', 'GO:0060090', 'GO:0010628', 'GO:0006909', 'GO:0097242', 'GO:0030169', 'GO:0007616', 'GO:0048844', 'GO:0005769', 'GO:0005770', 'GO:0009986', 'GO:1990666', 'GO:0051248', 'GO:0005905', 'GO:0032050', 'GO:0006629', 'GO:0042802', 'GO:0010989', 'GO:0001540', 'GO:0005515', 'GO:0010629', 'GO:1903979', 'GO:1905167', 'GO:0071813', 'GO:0030669', 'GO:0009897', 'GO:0010899', 'GO:0070508', 'GO:0005509', 'GO:0097443', 'GO:0016020', 'GO:0061771', 'GO:0030301', 'GO:0051241', 'GO:0016323', 'GO:0002020', 'GO:0090181', 'GO:0001523', 'GO:0005041', 'GO:0030299', 'GO:0005764', 'GO:0034383', 'GO:0071404', 'GO:0005794', 'GO:0006897', 'GO:0030229', 'GO:0071398', 'GO:0036477', 'GO:0010867', 'GO:0034381', 'GO:0043235', 'GO:0042632'}
P01871	Immunoglobulin heavy constant mu	{'GO:0072562', 'GO:0071755', 'GO:0005886', 'GO:0002331', 'GO:0002250', 'GO:0050829', 'GO:0050853', 'GO:0045087', 'GO:0006952', 'GO:0009986', 'GO:0042834', 'GO:0019814', 'GO:0003697', 'GO:0031210', 'GO:0005515', 'GO:0071757', 'GO:0006955', 'GO:0005576', 'GO:0070062', 'GO:0019731', 'GO:0071756', 'GO:0071753', 'GO:0034987', 'GO:0003823'}
P02765	Alpha-2-HS-glycoprotein	{'GO:0072562', 'GO:0030502', 'GO:0031093', 'GO:0030500', 'GO:0034774', 'GO:0019210', 'GO:0004869', 'GO:0005515', 'GO:0050727', 'GO:0006907', 'GO:0031012', 'GO:0050766', 'GO:0001501', 'GO:0006953', 'GO:0005576', 'GO:0070062', 'GO:0004866', 'GO:0005794', 'GO:0046627', 'GO:0005788'}
P03973	Antileukoproteinase	{'GO:0003677', 'GO:0004867', 'GO:0045071', 'GO:0032091', 'GO:0004866', 'GO:0051851', 'GO:0031012', 'GO:0003729', 'GO:0006955', 'GO:0035580', 'GO:0019731', 'GO:0019899', 'GO:0032496', 'GO:0005576', 'GO:0030414', 'GO:0070062', 'GO:0005515', 'GO:0045087'}
P04003	C4b-binding protein alpha chain	{'GO:0072562', 'GO:0045959', 'GO:0045732', 'GO:0005886', 'GO:0003723', 'GO:0002456', 'GO:0051707', 'GO:0009609', 'GO:0005576', 'GO:0050776', 'GO:0005515', 'GO:1903027'}
P04070	Vitamin K-dependent protein C	{'GO:0005796', 'GO:0050728', 'GO:0043066', 'GO:0030195', 'GO:0006508', 'GO:0005783', 'GO:0005794', 'GO:0005509', 'GO:0050819', 'GO:0004252', 'GO:1903142', 'GO:0005576', 'GO:0005788', 'GO:1905370', 'GO:0005515', 'GO:0007596'}
P04118	Colipase	{'GO:0001523', 'GO:0007586', 'GO:0016042', 'GO:0006629', 'GO:0005576', 'GO:0008047', 'GO:0035473'}
P05106	Integrin beta-3	{'GO:0032991', 'GO:0035313', 'GO:0098978', 'GO:2000352', 'GO:0033630', 'GO:2000406', 'GO:0005911', 'GO:0030949', 'GO:0045780', 'GO:1990314', 'GO:0070374', 'GO:0034683', 'GO:0045202', 'GO:0010763', 'GO:0007155', 'GO:0030335', 'GO:0032587', 'GO:0009897', 'GO:0031092', 'GO:0050748', 'GO:1900731', 'GO:0001968', 'GO:0042470', 'GO:0033690', 'GO:0031528', 'GO:0030175', 'GO:0008284', 'GO:0005634', 'GO:0019960', 'GO:0032880', 'GO:0045766', 'GO:0050839', 'GO:0072126', 'GO:0034113', 'GO:0007566', 'GO:0038132', 'GO:0070527', 'GO:0032956', 'GO:0046718', 'GO:0010989', 'GO:0071466', 'GO:0001938', 'GO:0007229', 'GO:0001726', 'GO:0045124', 'GO:0007160', 'GO:0002687', 'GO:0051611', 'GO:0051279', 'GO:0002020', 'GO:0045211', 'GO:0098880', 'GO:0007596', 'GO:0036119', 'GO:0031994', 'GO:0051239', 'GO:0033627', 'GO:0005886', 'GO:0010745', 'GO:0051049', 'GO:0035295', 'GO:0070051', 'GO:0010628', 'GO:0048661', 'GO:0008305', 'GO:0070442', 'GO:0005161', 'GO:0043277', 'GO:0071260', 'GO:0019899', 'GO:0097060', 'GO:0005515', 'GO:0032369', 'GO:0005080', 'GO:0071062', 'GO:0014911', 'GO:0038027', 'GO:0070062', 'GO:0098690', 'GO:0150054', 'GO:0001525', 'GO:0005178', 'GO:0005925', 'GO:0043235', 'GO:0017134', 'GO:0008277', 'GO:0016477', 'GO:0042060', 'GO:0033631', 'GO:0050793', 'GO:0004895', 'GO:0035866', 'GO:0014823', 'GO:0050919', 'GO:0060055', 'GO:0050840', 'GO:0009986', 'GO:0030168', 'GO:0035868', 'GO:0035867', 'GO:0042802', 'GO:0048333', 'GO:0031527', 'GO:0031258', 'GO:0099149', 'GO:0016324', 'GO:0015026', 'GO:0034446', 'GO:0010888', 'GO:0014909', 'GO:0031589', 'GO:0003756', 'GO:0010595', 'GO:0043184', 'GO:1900748'}
P05107	Integrin beta-2	{'GO:0002523', 'GO:1990266', 'GO:0033627', 'GO:0043315', 'GO:0005886', 'GO:1903561', 'GO:0070821', 'GO:0019901', 'GO:0006898', 'GO:0033631', 'GO:0090314', 'GO:0160108', 'GO:0004895', 'GO:0050839', 'GO:0098609', 'GO:0050730', 'GO:0061756', 'GO:0034113', 'GO:0038024', 'GO:0034687', 'GO:0008360', 'GO:0009986', 'GO:0006909', 'GO:0097242', 'GO:0034688', 'GO:0031072', 'GO:0045123', 'GO:0008305', 'GO:0004888', 'GO:0001851', 'GO:0045121', 'GO:0043113', 'GO:0001540', 'GO:1904996', 'GO:0044877', 'GO:0005515', 'GO:0007155', 'GO:0001774', 'GO:0009897', 'GO:0034689', 'GO:0007229', 'GO:0044853', 'GO:0006954', 'GO:0007267', 'GO:0007159', 'GO:0007160', 'GO:0031623', 'GO:0035987', 'GO:0043542', 'GO:0045963', 'GO:0016020', 'GO:0030593', 'GO:0007158', 'GO:0070062', 'GO:0045429', 'GO:0006915', 'GO:0101003', 'GO:0035579', 'GO:0034690', 'GO:0071404', 'GO:0005178', 'GO:0048646', 'GO:0005925', 'GO:0045766', 'GO:0006911', 'GO:0007249', 'GO:0043235', 'GO:0032930'}
P05156	Complement factor I	{'GO:0006956', 'GO:0006508', 'GO:0004252', 'GO:0016020', 'GO:0016485', 'GO:0030451', 'GO:0005576', 'GO:0070062', 'GO:0005515', 'GO:1905370', 'GO:0008236'}
P05160	Coagulation factor XIII B chain	{'GO:0005576', 'GO:0007596', 'GO:0072378', 'GO:1990234'}
P05305	Endothelin-1	{'GO:0035094', 'GO:0035556', 'GO:0030878', 'GO:0042482', 'GO:0043410', 'GO:0060070', 'GO:0010460', 'GO:0008217', 'GO:0051899', 'GO:1905653', 'GO:0030185', 'GO:0032496', 'GO:0035050', 'GO:0003357', 'GO:0030335', 'GO:0005102', 'GO:0048675', 'GO:0031394', 'GO:0071356', 'GO:0044321', 'GO:0030133', 'GO:0060385', 'GO:0007267', 'GO:0019229', 'GO:0003094', 'GO:0010613', 'GO:0007166', 'GO:0008284', 'GO:0007411', 'GO:0071375', 'GO:0000165', 'GO:0046887', 'GO:0060298', 'GO:0042045', 'GO:0007204', 'GO:0001666', 'GO:1903537', 'GO:0003015', 'GO:0014824', 'GO:0071346', 'GO:0005125', 'GO:0043200', 'GO:0160195', 'GO:0071466', 'GO:0071372', 'GO:0034392', 'GO:0001975', 'GO:0071526', 'GO:1901224', 'GO:0045793', 'GO:0046888', 'GO:0042310', 'GO:0034696', 'GO:0000122', 'GO:0070588', 'GO:0048018', 'GO:0071389', 'GO:0071347', 'GO:0071398', 'GO:0048237', 'GO:0051248', 'GO:0009410', 'GO:0070371', 'GO:0071548', 'GO:0071277', 'GO:0043491', 'GO:0033093', 'GO:0071559', 'GO:0003100', 'GO:0003253', 'GO:0048661', 'GO:1900182', 'GO:0072011', 'GO:0046330', 'GO:0072112', 'GO:0005737', 'GO:0090023', 'GO:0005515', 'GO:0019722', 'GO:0031707', 'GO:0023019', 'GO:0035994', 'GO:0060137', 'GO:0141156', 'GO:0045178', 'GO:0071560', 'GO:0045321', 'GO:0030072', 'GO:0006874', 'GO:0031708', 'GO:0045429', 'GO:2001259', 'GO:0010467', 'GO:0014034', 'GO:0032308', 'GO:1904707', 'GO:0045987', 'GO:0033574', 'GO:1902074', 'GO:0045840', 'GO:0097492', 'GO:0030195', 'GO:0070301', 'GO:0010193', 'GO:0044751', 'GO:0061051', 'GO:0070101', 'GO:0014033', 'GO:0086100', 'GO:0014823', 'GO:0097237', 'GO:0005179', 'GO:0050850', 'GO:0045944', 'GO:0010629', 'GO:0007005', 'GO:0071456', 'GO:0001821', 'GO:0006366', 'GO:0007186', 'GO:0042554', 'GO:0071385', 'GO:0005576', 'GO:0061626', 'GO:0010595', 'GO:0071373', 'GO:0031175', 'GO:0014826', 'GO:0070294'}
P05556	Integrin beta-1	{'GO:0098609', 'GO:0035313', 'GO:0098978', 'GO:0000132', 'GO:0070161', 'GO:0045780', 'GO:0030183', 'GO:0035748', 'GO:0048468', 'GO:0044877', 'GO:0045202', 'GO:0010763', 'GO:0071133', 'GO:0007155', 'GO:0030335', 'GO:0034678', 'GO:0032587', 'GO:0045906', 'GO:0009897', 'GO:1905806', 'GO:0046982', 'GO:0001968', 'GO:0042470', 'GO:0071404', 'GO:0030175', 'GO:0019960', 'GO:0034667', 'GO:0045766', 'GO:0034679', 'GO:0034665', 'GO:0043197', 'GO:0035633', 'GO:0050839', 'GO:0097386', 'GO:0010008', 'GO:0034113', 'GO:0045743', 'GO:0042383', 'GO:0006968', 'GO:0030032', 'GO:0030198', 'GO:0050901', 'GO:0072673', 'GO:0034666', 'GO:0007229', 'GO:0005509', 'GO:0007161', 'GO:0001726', 'GO:0007160', 'GO:0038023', 'GO:0023035', 'GO:0002020', 'GO:0048471', 'GO:0055037', 'GO:0033627', 'GO:0043547', 'GO:0005886', 'GO:0150053', 'GO:0010710', 'GO:0034675', 'GO:0045445', 'GO:0006909', 'GO:0008305', 'GO:0000287', 'GO:0032154', 'GO:0045121', 'GO:0005737', 'GO:0014704', 'GO:0097060', 'GO:0034674', 'GO:0005515', 'GO:0050804', 'GO:0051951', 'GO:0150003', 'GO:0150103', 'GO:0003779', 'GO:0016020', 'GO:0070062', 'GO:0014850', 'GO:0001525', 'GO:0034668', 'GO:0007520', 'GO:0034681', 'GO:0034680', 'GO:0005178', 'GO:0005925', 'GO:0051897', 'GO:0043235', 'GO:1990782', 'GO:0016477', 'GO:0019901', 'GO:0033631', 'GO:0050793', 'GO:0004895', 'GO:0030316', 'GO:0031410', 'GO:0098640', 'GO:0009986', 'GO:0034677', 'GO:0030027', 'GO:0098685', 'GO:2000811', 'GO:0048333', 'GO:0007156', 'GO:0098639', 'GO:0045296', 'GO:0031623', 'GO:0015026', 'GO:0007159', 'GO:0090303', 'GO:0031594', 'GO:0043065', 'GO:0071711', 'GO:0031589', 'GO:0034682', 'GO:1903078', 'GO:0043236', 'GO:1900748'}
P06127	T-cell surface glycoprotein CD5	{'GO:0009897', 'GO:0008037', 'GO:0005886', 'GO:0050859', 'GO:0031295', 'GO:0016020', 'GO:0005515', 'GO:0038023'}
P07202	Thyroid peroxidase	{'GO:0004447', 'GO:0005886', 'GO:0004601', 'GO:0035162', 'GO:0005509', 'GO:0020037', 'GO:0006590', 'GO:0098869', 'GO:0016020', 'GO:0005576', 'GO:0009986', 'GO:0006979'}
P07204	Thrombomodulin	{'GO:0010544', 'GO:0030195', 'GO:0006508', 'GO:0009897', 'GO:0005886', 'GO:0004888', 'GO:0005509', 'GO:0050819', 'GO:0051918', 'GO:0016020', 'GO:1905370', 'GO:0072377', 'GO:0005515', 'GO:0038023', 'GO:0007596', 'GO:0031638', 'GO:0009986'}
P07225	Vitamin K-dependent protein S	{'GO:0005796', 'GO:0072562', 'GO:0000139', 'GO:0005783', 'GO:0005886', 'GO:0031093', 'GO:0031904', 'GO:0005509', 'GO:0005789', 'GO:0050819', 'GO:0005576', 'GO:0070062', 'GO:0005515', 'GO:0051897', 'GO:0007596'}
P07357	Complement component C8 alpha chain	{'GO:0006956', 'GO:0072562', 'GO:0005886', 'GO:0006955', 'GO:0005579', 'GO:0055085', 'GO:0022829', 'GO:0044218', 'GO:0016020', 'GO:0005576', 'GO:0070062', 'GO:0044877', 'GO:0031640', 'GO:0005515', 'GO:0160257', 'GO:0001848', 'GO:0050778'}
P07358	Complement component C8 beta chain	{'GO:0006956', 'GO:1903561', 'GO:0005886', 'GO:0006955', 'GO:0005579', 'GO:0055085', 'GO:0022829', 'GO:0044218', 'GO:0016020', 'GO:0005576', 'GO:0070062', 'GO:0044877', 'GO:0031640', 'GO:0160257', 'GO:0050778'}
P07911	Uromodulin	{'GO:0005796', 'GO:0072233', 'GO:1990266', 'GO:0005886', 'GO:0072221', 'GO:0005929', 'GO:0050829', 'GO:0008285', 'GO:0009986', 'GO:0140367', 'GO:0006968', 'GO:0000922', 'GO:0005515', 'GO:0019898', 'GO:0005783', 'GO:0016324', 'GO:0072218', 'GO:0005509', 'GO:0016020', 'GO:0007159', 'GO:0005576', 'GO:0050801', 'GO:0070062', 'GO:0016323', 'GO:0019864', 'GO:0060170', 'GO:0010467', 'GO:0071692', 'GO:0044732', 'GO:0007157'}
P07988	Pulmonary surfactant-associated protein B	{'GO:0097486', 'GO:0005764', 'GO:0045334', 'GO:0007585', 'GO:0005771', 'GO:0005789', 'GO:0006629', 'GO:0097208', 'GO:0005737', 'GO:0042599', 'GO:0009887', 'GO:0005576', 'GO:0006665', 'GO:0005515'}
P08047	Transcription factor Sp1	{'GO:0003690', 'GO:0005654', 'GO:0042803', 'GO:0045893', 'GO:0035035', 'GO:0034224', 'GO:0043565', 'GO:0017053', 'GO:0032993', 'GO:0032869', 'GO:0060090', 'GO:0010628', 'GO:0000978', 'GO:0003677', 'GO:0043923', 'GO:0000785', 'GO:0043425', 'GO:0000981', 'GO:0042802', 'GO:1904568', 'GO:0005737', 'GO:0005515', 'GO:0006357', 'GO:0045944', 'GO:0001228', 'GO:0043536', 'GO:2001235', 'GO:0033194', 'GO:1905564', 'GO:0001221', 'GO:1990837', 'GO:0071391', 'GO:1902004', 'GO:1904828', 'GO:0000977', 'GO:0006355', 'GO:0003700', 'GO:0000791', 'GO:0005634', 'GO:0000976', 'GO:0042826', 'GO:0045766', 'GO:0061629'}
P08048	Zinc finger Y-chromosomal protein	{'GO:0000978', 'GO:0003677', 'GO:0001228', 'GO:0000785', 'GO:0006355', 'GO:0045944', 'GO:0043565', 'GO:0046872', 'GO:0005634', 'GO:0000981', 'GO:0005515', 'GO:0006357'}
P08138	Tumor necrosis factor receptor superfamily member 16	{'GO:0043204', 'GO:0031625', 'GO:0043197', 'GO:0030426', 'GO:0005886', 'GO:1904646', 'GO:0031267', 'GO:0005768', 'GO:0043121', 'GO:0035907', 'GO:0014069', 'GO:1902895', 'GO:0097191', 'GO:0009986', 'GO:0007266', 'GO:0005829', 'GO:0043226', 'GO:0098793', 'GO:0005911', 'GO:1900182', 'GO:0048406', 'GO:0004888', 'GO:0007165', 'GO:1903588', 'GO:0051402', 'GO:0005737', 'GO:0001540', 'GO:0030336', 'GO:0099171', 'GO:0005515', 'GO:2000353', 'GO:0001678', 'GO:0006886', 'GO:0007623', 'GO:0015026', 'GO:0016020', 'GO:0005576', 'GO:0042593', 'GO:0038023', 'GO:0005035', 'GO:0031594', 'GO:0042127', 'GO:0043065', 'GO:0005516', 'GO:0005654', 'GO:0032922'}
P08235	Mineralocorticoid receptor	{'GO:0043565', 'GO:0005789', 'GO:0008270', 'GO:0030518', 'GO:0034056', 'GO:0005829', 'GO:0000785', 'GO:0004879', 'GO:0007165', 'GO:0000981', 'GO:0005737', 'GO:0005515', 'GO:0006357', 'GO:0017025', 'GO:1901224', 'GO:1990837', 'GO:0006355', 'GO:0003700', 'GO:0005634', 'GO:0005654', 'GO:0003707', 'GO:0043235'}
P08253	72 kDa type IV collagenase	{'GO:0035094', 'GO:0004222', 'GO:0048771', 'GO:0016477', 'GO:0009410', 'GO:1903378', 'GO:0005886', 'GO:0071345', 'GO:0008270', 'GO:0001542', 'GO:0004175', 'GO:0001666', 'GO:0048013', 'GO:0042542', 'GO:0014823', 'GO:0030163', 'GO:0009612', 'GO:0048246', 'GO:0060740', 'GO:0030017', 'GO:0097179', 'GO:0032526', 'GO:0030198', 'GO:0043627', 'GO:0051602', 'GO:0005737', 'GO:0007567', 'GO:0005515', 'GO:0061450', 'GO:0007565', 'GO:0055093', 'GO:0071498', 'GO:0006979', 'GO:0014012', 'GO:0030335', 'GO:0045906', 'GO:0031012', 'GO:0071392', 'GO:0071492', 'GO:1904645', 'GO:0005739', 'GO:1905049', 'GO:0030574', 'GO:0035987', 'GO:0005576', 'GO:0016020', 'GO:0008237', 'GO:0001968', 'GO:0001541', 'GO:0001525', 'GO:0001553', 'GO:0043065', 'GO:0007507', 'GO:1904707', 'GO:0005634', 'GO:0004252', 'GO:0071347', 'GO:0034097', 'GO:0008233', 'GO:0006508', 'GO:0022617', 'GO:0007162'}
P08709	Coagulation factor VII	{'GO:0005796', 'GO:0005886', 'GO:1904400', 'GO:0032991', 'GO:0002690', 'GO:0004175', 'GO:0001666', 'GO:0032355', 'GO:0032571', 'GO:0007598', 'GO:0006950', 'GO:0031982', 'GO:0072378', 'GO:0043627', 'GO:0030194', 'GO:0031667', 'GO:0005515', 'GO:0009611', 'GO:0008236', 'GO:0030335', 'GO:0005102', 'GO:0031100', 'GO:0010037', 'GO:1905225', 'GO:0050927', 'GO:0007623', 'GO:0097068', 'GO:0032008', 'GO:0031012', 'GO:0005509', 'GO:1905286', 'GO:0016020', 'GO:0005576', 'GO:1905217', 'GO:0097066', 'GO:0007597', 'GO:0031638', 'GO:0010641', 'GO:0050878', 'GO:0002543', 'GO:0004252', 'GO:0060416', 'GO:0016485', 'GO:0033595', 'GO:1904612', 'GO:0005788', 'GO:0006508', 'GO:1905370', 'GO:0070723', 'GO:0007596', 'GO:0009725'}
P09758	Tumor-associated calcium signal transducer 2	{'GO:2000146', 'GO:1900025', 'GO:0005886', 'GO:0050678', 'GO:0007601', 'GO:0098609', 'GO:0060675', 'GO:0005829', 'GO:0005515', 'GO:0010633', 'GO:0016020', 'GO:0051497', 'GO:0005576', 'GO:0070062', 'GO:1900028', 'GO:0016323', 'GO:0009925', 'GO:0005634', 'GO:0016328', 'GO:0005923', 'GO:0090191'}
P09919	Granulocyte colony-stimulating factor	{'GO:0008083', 'GO:0005130', 'GO:0071345', 'GO:0071682', 'GO:0030851', 'GO:0005125', 'GO:0110053', 'GO:0019899', 'GO:0038158', 'GO:0045944', 'GO:0019221', 'GO:0045471', 'GO:0006955', 'GO:0030838', 'GO:0005576', 'GO:0030225', 'GO:0071222', 'GO:0045639', 'GO:0008284', 'GO:0043202', 'GO:0051897'}
P09958	Furin	{'GO:0005796', 'GO:0046598', 'GO:0000139', 'GO:0005886', 'GO:1904399', 'GO:0032940', 'GO:0004175', 'GO:0010008', 'GO:0001825', 'GO:0009986', 'GO:0004867', 'GO:0032911', 'GO:0090472', 'GO:0032804', 'GO:0005802', 'GO:0048406', 'GO:0051044', 'GO:0045121', 'GO:0030198', 'GO:0097341', 'GO:0005515', 'GO:0008236', 'GO:0034369', 'GO:0042277', 'GO:0005783', 'GO:0016486', 'GO:0042176', 'GO:0008201', 'GO:0007179', 'GO:0030574', 'GO:0002862', 'GO:0005576', 'GO:0016020', 'GO:0051604', 'GO:0070062', 'GO:0070382', 'GO:0002020', 'GO:0031638', 'GO:0030140', 'GO:0004866', 'GO:0019058', 'GO:0140447', 'GO:0005794', 'GO:0009003', 'GO:0043043', 'GO:0004252', 'GO:0061133', 'GO:1990000', 'GO:0008233', 'GO:0016485', 'GO:0019082', 'GO:0044403', 'GO:0032902', 'GO:0006508', 'GO:0022617', 'GO:0042632'}
P0CB33	Zinc finger protein 735	{'GO:0000978', 'GO:0006355', 'GO:0005634', 'GO:0000981', 'GO:0006357'}
P0CG00	Putative zinc finger and SCAN domain-containing protein 5D	{'GO:0000978', 'GO:0000981', 'GO:0006357', 'GO:0005634'}
P0CG23	Zinc finger protein 853	{'GO:0000978', 'GO:0000981', 'GO:0006357', 'GO:0005634'}
P0CG24	Zinc finger protein 883	{'GO:0000978', 'GO:0005634', 'GO:0000981', 'GO:0005737', 'GO:0005515', 'GO:0006357'}
P0CG31	Putative zinc finger protein 286B	{'GO:0000978', 'GO:0000981', 'GO:0006357', 'GO:0005634'}
P0CG36	Cryptic family protein 1B	{'GO:0038092', 'GO:0007368', 'GO:0001570', 'GO:0060976', 'GO:0007165', 'GO:0038100', 'GO:0005576', 'GO:0070697', 'GO:0009986'}
P0CG37	Cryptic protein	{'GO:0038092', 'GO:0007368', 'GO:0001570', 'GO:0060976', 'GO:0005886', 'GO:0007165', 'GO:0038100', 'GO:0005576', 'GO:0070697', 'GO:0009986'}
P0CG40	Transcription factor Sp9	{'GO:0000978', 'GO:1990837', 'GO:0000785', 'GO:0030326', 'GO:0043565', 'GO:0005634', 'GO:0000981', 'GO:0006357'}
P0CH99	Zinc finger protein 705D	{'GO:0000977', 'GO:0006355', 'GO:0005634', 'GO:0000981', 'GO:0005515', 'GO:0006357'}
P0CI00	Zinc finger protein 705B	{'GO:0000977', 'GO:0006355', 'GO:0005634', 'GO:0000981', 'GO:0006357'}
P0CJ79	Zinc finger protein 888	{'GO:0000978', 'GO:0006355', 'GO:0005634', 'GO:0000981', 'GO:0006357'}
P0DP72	V-set and immunoglobulin domain-containing protein 10-like 2	{'GO:0005911', 'GO:0005886', 'GO:0050839', 'GO:0098609', 'GO:0016020'}
P0DPD5	Zinc finger protein 723	{'GO:0000978', 'GO:0006355', 'GO:0005634', 'GO:0000981', 'GO:0006357'}
P0DPK3	Notch homolog 2 N-terminal-like protein B	{'GO:0021987', 'GO:0045747', 'GO:0005509', 'GO:0005112', 'GO:0005576', 'GO:0005515'}
P0DPK4	Notch homolog 2 N-terminal-like protein C	{'GO:0021987', 'GO:0045747', 'GO:0005509', 'GO:0005576', 'GO:0005515'}
P0DTL6	Zinc finger TRAF-type-containing protein 1	{'GO:0005515', 'GO:0005737', 'GO:0048471', 'GO:0008270'}
P10072	Zinc finger protein 875	{'GO:0000977', 'GO:0006355', 'GO:0043565', 'GO:0008270', 'GO:0005634', 'GO:0000981', 'GO:0006357'}
P10073	Zinc finger and SCAN domain-containing protein 22	{'GO:0000978', 'GO:0006355', 'GO:0005634', 'GO:0000981', 'GO:0005515', 'GO:0006357'}
P10074	Zinc finger and BTB domain-containing protein 48	{'GO:0000978', 'GO:0010833', 'GO:0000781', 'GO:0045893', 'GO:0003723', 'GO:0043565', 'GO:0003700', 'GO:0008270', 'GO:0005634', 'GO:0000976', 'GO:0042802', 'GO:0051252', 'GO:0003691', 'GO:0005515', 'GO:0006357', 'GO:0005654', 'GO:0005694'}
P10075	Zinc finger protein GLI4	{'GO:0000978', 'GO:0006355', 'GO:0005634', 'GO:0000981', 'GO:0005515', 'GO:0006357'}
P10243	Myb-related protein A	{'GO:0000978', 'GO:0001228', 'GO:0005654', 'GO:0140543', 'GO:0045893', 'GO:0006355', 'GO:0005634', 'GO:0000981', 'GO:0007141', 'GO:0007283', 'GO:0045944', 'GO:0000278'}
P10643	Complement component C7	{'GO:0006956', 'GO:0005886', 'GO:0006955', 'GO:0005579', 'GO:0055085', 'GO:0022829', 'GO:0044218', 'GO:0005576', 'GO:0070062', 'GO:0031640', 'GO:0160257', 'GO:0050778'}
P10646	Tissue factor pathway inhibitor	{'GO:0004867', 'GO:0071396', 'GO:0030195', 'GO:0004866', 'GO:0005886', 'GO:0005901', 'GO:0071383', 'GO:0005576', 'GO:0030414', 'GO:0007596', 'GO:0009986'}
P11161	E3 SUMO-protein ligase EGR2	{'GO:0031625', 'GO:0014040', 'GO:0031643', 'GO:0005654', 'GO:0045893', 'GO:0043565', 'GO:0014037', 'GO:0007422', 'GO:0016925', 'GO:0000978', 'GO:0003677', 'GO:0000785', 'GO:0000981', 'GO:0005737', 'GO:0007420', 'GO:0005515', 'GO:0006357', 'GO:0045944', 'GO:0035904', 'GO:0001228', 'GO:0045444', 'GO:0021612', 'GO:0021659', 'GO:0035914', 'GO:0006611', 'GO:1990837', 'GO:0003682', 'GO:0003700', 'GO:0005634', 'GO:0000976', 'GO:0061665', 'GO:0021665', 'GO:0061629'}
P13284	Gamma-interferon-inducible lysosomal thiol reductase	{'GO:0042590', 'GO:0019886', 'GO:0005764', 'GO:0016667', 'GO:0043202', 'GO:0005576', 'GO:0016671', 'GO:0005515'}
P13385	Protein Cripto	{'GO:0008083', 'GO:0071354', 'GO:0060976', 'GO:0005886', 'GO:0043410', 'GO:0038100', 'GO:0035729', 'GO:0009986', 'GO:0038092', 'GO:0007368', 'GO:0001570', 'GO:0071346', 'GO:0007165', 'GO:0045121', 'GO:0005515', 'GO:0071356', 'GO:0030335', 'GO:0005102', 'GO:0043066', 'GO:0016324', 'GO:0005576', 'GO:0044344', 'GO:0001763', 'GO:0009966', 'GO:0043406', 'GO:0030879', 'GO:0008595', 'GO:0030154', 'GO:0007507', 'GO:0071364', 'GO:0010595', 'GO:0008284', 'GO:0002042', 'GO:0070697', 'GO:0009792'}
P13497	Bone morphogenetic protein 1	{'GO:0004222', 'GO:0006508', 'GO:0005794', 'GO:0031982', 'GO:0061036', 'GO:0005509', 'GO:0008270', 'GO:0004252', 'GO:0001501', 'GO:0042802', 'GO:0008233', 'GO:0009953', 'GO:0016485', 'GO:0030199', 'GO:0005576', 'GO:0005515', 'GO:0008237', 'GO:0001502'}
P13671	Complement component C6	{'GO:0006956', 'GO:0005886', 'GO:0006955', 'GO:0005579', 'GO:0055085', 'GO:0022829', 'GO:0044218', 'GO:0005576', 'GO:0070062', 'GO:0031640', 'GO:0005515', 'GO:0160257', 'GO:0050778'}
P13682	Zinc finger protein 35	{'GO:0003677', 'GO:0000977', 'GO:0006355', 'GO:0043565', 'GO:0003700', 'GO:0005634', 'GO:0000981', 'GO:0071300', 'GO:0005737', 'GO:0007283', 'GO:0005515', 'GO:0006357', 'GO:0048471'}
P14138	Endothelin-3	{'GO:0046887', 'GO:0043410', 'GO:0002690', 'GO:0045597', 'GO:0003100', 'GO:0010460', 'GO:0010468', 'GO:0007165', 'GO:0008015', 'GO:0005179', 'GO:0048675', 'GO:0005102', 'GO:0007267', 'GO:0005576', 'GO:0042310', 'GO:0030072', 'GO:0019229', 'GO:0006874', 'GO:0030593', 'GO:0031708', 'GO:0007166', 'GO:0008284', 'GO:0045987', 'GO:0007411', 'GO:0031175', 'GO:0014826', 'GO:0045840'}
P14151	L-selectin	{'GO:0070492', 'GO:0005886', 'GO:0050839', 'GO:0009986', 'GO:0033691', 'GO:0050901', 'GO:0005515', 'GO:0007155', 'GO:0050900', 'GO:0009897', 'GO:0030667', 'GO:0005509', 'GO:0016339', 'GO:0008201', 'GO:0007159', 'GO:0005576', 'GO:0016020', 'GO:0002020', 'GO:0043208', 'GO:0030246', 'GO:0034097', 'GO:0007157'}
P14210	Hepatocyte growth factor	{'GO:0008083', 'GO:0051239', 'GO:0031093', 'GO:0043410', 'GO:0035729', 'GO:0010507', 'GO:0045669', 'GO:0007165', 'GO:0090201', 'GO:0042802', 'GO:0045944', 'GO:0022603', 'GO:0005515', 'GO:0030335', 'GO:0005102', 'GO:0043066', 'GO:0048012', 'GO:0016020', 'GO:0005576', 'GO:0042056', 'GO:0000278', 'GO:0001837', 'GO:0060326', 'GO:0060665', 'GO:1901299', 'GO:2000573', 'GO:0050918', 'GO:0048513', 'GO:0051897'}
P14222	Perforin-1	{'GO:0051607', 'GO:0002357', 'GO:0005886', 'GO:0140911', 'GO:0002376', 'GO:0071806', 'GO:0031410', 'GO:0001772', 'GO:0006952', 'GO:0006968', 'GO:0051260', 'GO:0031904', 'GO:0042802', 'GO:0005515', 'GO:0001909', 'GO:0044194', 'GO:0002418', 'GO:1904856', 'GO:0005509', 'GO:0022829', 'GO:0016020', 'GO:0009306', 'GO:0005576', 'GO:0001771', 'GO:0140507', 'GO:0006915', 'GO:0001913', 'GO:0017038'}
P14373	Zinc finger protein RFP	{'GO:0061630', 'GO:0044790', 'GO:0045893', 'GO:0008270', 'GO:0032480', 'GO:0016925', 'GO:0003713', 'GO:0010507', 'GO:0010803', 'GO:0045087', 'GO:0140374', 'GO:0005769', 'GO:0005829', 'GO:0141039', 'GO:0046872', 'GO:1905368', 'GO:0042802', 'GO:0005737', 'GO:0016605', 'GO:0045814', 'GO:0005515', 'GO:0070534', 'GO:0042147', 'GO:0005739', 'GO:0016567', 'GO:0031965', 'GO:0030904', 'GO:0000122', 'GO:0004842', 'GO:0019789', 'GO:0005634', 'GO:0003676', 'GO:0000151', 'GO:0034314', 'GO:0005768', 'GO:0007283', 'GO:0005654'}
P14784	Interleukin-2 receptor subunit beta	{'GO:0005886', 'GO:0043410', 'GO:0004911', 'GO:0009986', 'GO:0005829', 'GO:1902107', 'GO:1905543', 'GO:0019976', 'GO:0007165', 'GO:0005515', 'GO:0042010', 'GO:0070665', 'GO:0043066', 'GO:0019221', 'GO:0009897', 'GO:0050766', 'GO:0065003', 'GO:0038110', 'GO:0015026', 'GO:0016020', 'GO:0005893', 'GO:0035723', 'GO:0004896', 'GO:0007259', 'GO:0016064', 'GO:0005768'}
P15621	Zinc finger protein 44	{'GO:0000977', 'GO:0006355', 'GO:0005634', 'GO:0000981', 'GO:0006357'}
P15976	Erythroid transcription factor	{'GO:0005654', 'GO:0045893', 'GO:0043565', 'GO:0010724', 'GO:0160108', 'GO:0008270', 'GO:0007204', 'GO:0045648', 'GO:0001223', 'GO:0017053', 'GO:0048731', 'GO:0032993', 'GO:0030218', 'GO:0000978', 'GO:0003677', 'GO:0070527', 'GO:0009653', 'GO:0030220', 'GO:0070742', 'GO:0048821', 'GO:0060009', 'GO:0071320', 'GO:2001240', 'GO:0000785', 'GO:0000981', 'GO:0005515', 'GO:0006357', 'GO:0035854', 'GO:0030219', 'GO:0045944', 'GO:0071372', 'GO:0031100', 'GO:0001228', 'GO:0031490', 'GO:0043066', 'GO:0005667', 'GO:0045165', 'GO:0002039', 'GO:0001221', 'GO:0000987', 'GO:0043306', 'GO:0030221', 'GO:1990837', 'GO:0071222', 'GO:0000977', 'GO:0000122', 'GO:0030154', 'GO:0006355', 'GO:0030222', 'GO:0008584', 'GO:0003682', 'GO:0003700', 'GO:0005634', 'GO:0000976', 'GO:0010559', 'GO:0061629'}
P16109	P-selectin	{'GO:0033623', 'GO:0070492', 'GO:0005886', 'GO:0050829', 'GO:0098609', 'GO:0048306', 'GO:0051897', 'GO:0033691', 'GO:0032496', 'GO:0050901', 'GO:0010572', 'GO:0005515', 'GO:0007155', 'GO:0009897', 'GO:0005509', 'GO:0031092', 'GO:0016339', 'GO:0001530', 'GO:0008201', 'GO:0007159', 'GO:0005576', 'GO:0016020', 'GO:0038023', 'GO:0042806', 'GO:0043208', 'GO:1903238', 'GO:0005178', 'GO:0034097', 'GO:0007157', 'GO:0031088'}
P16415	Zinc finger protein 823	{'GO:0000977', 'GO:0006355', 'GO:0005634', 'GO:0000981', 'GO:0006357'}
P16422	Epithelial cell adhesion molecule	{'GO:0005886', 'GO:0098641', 'GO:0098609', 'GO:2000048', 'GO:0009986', 'GO:2000648', 'GO:0001657', 'GO:0044877', 'GO:0045944', 'GO:0005515', 'GO:0048863', 'GO:0023019', 'GO:0016324', 'GO:0016020', 'GO:0005576', 'GO:0070062', 'GO:0016323', 'GO:0008284', 'GO:0016328', 'GO:0005923'}
P16471	Prolactin receptor	{'GO:0005886', 'GO:0019901', 'GO:0007566', 'GO:0097011', 'GO:0009986', 'GO:0038161', 'GO:0004925', 'GO:0031904', 'GO:0042976', 'GO:0120162', 'GO:0019955', 'GO:0005515', 'GO:0017046', 'GO:0043066', 'GO:0019221', 'GO:0006694', 'GO:0009897', 'GO:0007171', 'GO:0016020', 'GO:0005576', 'GO:0004896', 'GO:0008289', 'GO:0008284', 'GO:0030890', 'GO:0007595', 'GO:0043235'}
P16581	E-selectin	{'GO:0002523', 'GO:0070492', 'GO:0005886', 'GO:0005901', 'GO:0034612', 'GO:0030029', 'GO:0004888', 'GO:0005905', 'GO:0045121', 'GO:0033691', 'GO:0032496', 'GO:0050901', 'GO:0005515', 'GO:0007155', 'GO:0019722', 'GO:0050727', 'GO:0009897', 'GO:0070555', 'GO:0006954', 'GO:0016020', 'GO:0007159', 'GO:0005576', 'GO:0002092', 'GO:0048471', 'GO:1903238', 'GO:0007200', 'GO:0030863', 'GO:0043274', 'GO:0034097', 'GO:0007157'}
P17010	Zinc finger X-chromosomal protein	{'GO:0000978', 'GO:0001228', 'GO:0003677', 'GO:0000785', 'GO:0006355', 'GO:0046872', 'GO:0005634', 'GO:0045944', 'GO:0006357'}
P17014	Zinc finger protein 12	{'GO:0000978', 'GO:1990837', 'GO:0006355', 'GO:0045892', 'GO:0005634', 'GO:0000981', 'GO:0005515', 'GO:0006357', 'GO:0005654'}
P17017	Zinc finger protein 14	{'GO:0000977', 'GO:0006355', 'GO:0005634', 'GO:0000981', 'GO:0006357'}
P17019	Zinc finger protein 708	{'GO:0000978', 'GO:0006355', 'GO:0005634', 'GO:0003700'}
P17020	Zinc finger protein 16	{'GO:0000978', 'GO:0045654', 'GO:1901989', 'GO:0043066', 'GO:0051239', 'GO:0033674', 'GO:0005730', 'GO:0008284', 'GO:0072707', 'GO:0005634', 'GO:0045648', 'GO:0000981', 'GO:0005515', 'GO:0006357', 'GO:0005654'}
P17021	Zinc finger protein 17	{'GO:0000978', 'GO:0006355', 'GO:0005634', 'GO:0000981', 'GO:0005515', 'GO:0006357'}
P17022	Zinc finger protein 18	{'GO:0000978', 'GO:0006355', 'GO:0005634', 'GO:0000981', 'GO:0005515', 'GO:0006357'}
P17023	Zinc finger protein 19	{'GO:1990837', 'GO:0000977', 'GO:0006355', 'GO:0005634', 'GO:0000981', 'GO:0005515', 'GO:0006357'}
P17024	Zinc finger protein 20	{'GO:1990837', 'GO:0000977', 'GO:0006355', 'GO:0005634', 'GO:0000981', 'GO:0005515', 'GO:0006357'}
P17025	Zinc finger protein 182	{'GO:0000978', 'GO:0000122', 'GO:0006355', 'GO:0005634', 'GO:0000981', 'GO:0006357'}
P17026	Zinc finger protein 22	{'GO:0003677', 'GO:0006355', 'GO:0008270', 'GO:0003700', 'GO:0005634', 'GO:0005515', 'GO:0042476', 'GO:0005654', 'GO:0010468'}
P17028	Zinc finger protein 24	{'GO:0000978', 'GO:0001228', 'GO:0042552', 'GO:0045892', 'GO:0043565', 'GO:0045944', 'GO:0003700', 'GO:0005634', 'GO:0000981', 'GO:0042802', 'GO:0005515', 'GO:0006357', 'GO:0005654'}
P17029	Zinc finger protein with KRAB and SCAN domains 1	{'GO:0000978', 'GO:0006355', 'GO:0043565', 'GO:0005634', 'GO:0000981', 'GO:0042802', 'GO:0005515', 'GO:0006357'}
P17030	Zinc finger protein 25	{'GO:0000977', 'GO:0000122', 'GO:0006355', 'GO:0001227', 'GO:0001649', 'GO:0005634', 'GO:0000981', 'GO:0005515', 'GO:0006357'}
P17031	Zinc finger protein 26	{'GO:0006355', 'GO:0005515', 'GO:0005634'}
P17032	Zinc finger protein 37A	{'GO:0000978', 'GO:0006355', 'GO:0003700', 'GO:0005634', 'GO:0000981', 'GO:0006357'}
P17035	Zinc finger protein 28	{'GO:0000978', 'GO:1990837', 'GO:0006355', 'GO:0005634', 'GO:0000981', 'GO:0006357'}
P17036	Zinc finger protein 3	{'GO:0003677', 'GO:0000977', 'GO:0006355', 'GO:0008270', 'GO:0005634', 'GO:0000981', 'GO:0042802', 'GO:0045321', 'GO:0005515', 'GO:0006357'}
P17038	Zinc finger protein 43	{'GO:0003677', 'GO:0006355', 'GO:0005634', 'GO:0000976', 'GO:0006357'}
P17039	Zinc finger protein 30	{'GO:0000978', 'GO:0006355', 'GO:0005634', 'GO:0000981', 'GO:0006357'}
P17041	Zinc finger protein 32	{'GO:0000978', 'GO:1990837', 'GO:0005634', 'GO:0000981', 'GO:0005515', 'GO:0006357'}
P17097	Zinc finger protein 7	{'GO:0000978', 'GO:0003677', 'GO:0006355', 'GO:0005634', 'GO:0000981', 'GO:0006357'}
P17098	Zinc finger protein 8	{'GO:0000978', 'GO:0003677', 'GO:0006355', 'GO:0008270', 'GO:0005634', 'GO:0000981', 'GO:0005515', 'GO:0006357'}
P17481	Homeobox protein Hox-B8	{'GO:0003677', 'GO:1990837', 'GO:0000977', 'GO:0000122', 'GO:0000785', 'GO:0006355', 'GO:0001227', 'GO:0043565', 'GO:0045638', 'GO:0003700', 'GO:0005634', 'GO:0000981', 'GO:0006357', 'GO:0005654'}
P17643	5,6-dihydroxyindole-2-carboxylic acid oxidase	{'GO:0033162', 'GO:0097708', 'GO:0042803', 'GO:0001654', 'GO:0048069', 'GO:0010008', 'GO:0030318', 'GO:0042802', 'GO:0005737', 'GO:0005515', 'GO:0030669', 'GO:0004097', 'GO:0004503', 'GO:0032438', 'GO:0042470', 'GO:0042438', 'GO:0048023', 'GO:0030659', 'GO:0016491', 'GO:0098588'}
P18084	Integrin beta-5	{'GO:0001704', 'GO:0016477', 'GO:0033627', 'GO:0005886', 'GO:0160108', 'GO:0098609', 'GO:0045335', 'GO:0035313', 'GO:0034684', 'GO:0009986', 'GO:0090136', 'GO:0008305', 'GO:0005515', 'GO:0005102', 'GO:0007229', 'GO:0007179', 'GO:0035987', 'GO:0007160', 'GO:0070062', 'GO:0005178', 'GO:0043149', 'GO:0005925', 'GO:0043235'}
P18146	Early growth response protein 1	{'GO:0044849', 'GO:0045893', 'GO:0035035', 'GO:0043565', 'GO:0008270', 'GO:0043523', 'GO:0001666', 'GO:0090090', 'GO:0046886', 'GO:1902895', 'GO:1990841', 'GO:0000978', 'GO:0003677', 'GO:0007616', 'GO:0010628', 'GO:0000785', 'GO:0060086', 'GO:0000981', 'GO:0019899', 'GO:0005737', 'GO:0005515', 'GO:0006357', 'GO:0045944', 'GO:0009749', 'GO:0071480', 'GO:0001228', 'GO:1901875', 'GO:0071504', 'GO:0032722', 'GO:0045475', 'GO:0010385', 'GO:0071506', 'GO:0002931', 'GO:0044029', 'GO:0033233', 'GO:0072110', 'GO:1990837', 'GO:0000977', 'GO:0044729', 'GO:2000182', 'GO:0072303', 'GO:0003700', 'GO:0005634', 'GO:0032731', 'GO:0000976', 'GO:0098759', 'GO:0032868', 'GO:0070498', 'GO:0005654', 'GO:0032922'}
P18564	Integrin beta-6	{'GO:0016477', 'GO:0033627', 'GO:0005886', 'GO:0034685', 'GO:0098609', 'GO:0097186', 'GO:0009986', 'GO:0008305', 'GO:0070161', 'GO:0014704', 'GO:0005515', 'GO:0007155', 'GO:0009897', 'GO:0140677', 'GO:0007229', 'GO:0071604', 'GO:0015026', 'GO:0007160', 'GO:0005178', 'GO:0005925', 'GO:0043235'}
P19438	Tumor necrosis factor receptor superfamily member 1A	{'GO:0000139', 'GO:0051239', 'GO:0005886', 'GO:0060856', 'GO:0050729', 'GO:1900119', 'GO:0050793', 'GO:0002947', 'GO:0003332', 'GO:0008625', 'GO:0010468', 'GO:0009986', 'GO:0043123', 'GO:0033209', 'GO:0007165', 'GO:0045121', 'GO:0071260', 'GO:0048143', 'GO:0005515', 'GO:0045944', 'GO:0072659', 'GO:0050728', 'GO:0006693', 'GO:0019221', 'GO:0010614', 'GO:0003176', 'GO:0006954', 'GO:0016020', 'GO:0005576', 'GO:0038023', 'GO:0006915', 'GO:1902339', 'GO:0071222', 'GO:0010467', 'GO:1903140', 'GO:0008630', 'GO:0003177', 'GO:0007259', 'GO:0007250', 'GO:0043120', 'GO:0005031', 'GO:0043235'}
P19474	E3 ubiquitin-protein ligase TRIM21	{'GO:0062197', 'GO:0061630', 'GO:0044790', 'GO:0045824', 'GO:0010498', 'GO:0045893', 'GO:0010508', 'GO:0045787', 'GO:0006513', 'GO:0008270', 'GO:0003713', 'GO:0010468', 'GO:0045087', 'GO:0090086', 'GO:0140374', 'GO:0005829', 'GO:0005776', 'GO:0070269', 'GO:0046872', 'GO:0042802', 'GO:0005737', 'GO:0005515', 'GO:0034341', 'GO:0070534', 'GO:0010494', 'GO:0031648', 'GO:1901224', 'GO:0016567', 'GO:0032479', 'GO:0044314', 'GO:0035617', 'GO:0070936', 'GO:0004842', 'GO:1990904', 'GO:0000932', 'GO:0005634', 'GO:0019005', 'GO:0032092', 'GO:0051865', 'GO:0085020', 'GO:0000209'}
P19883	Follistatin	{'GO:0071363', 'GO:0000122', 'GO:0030154', 'GO:0030510', 'GO:0032926', 'GO:0005730', 'GO:0043395', 'GO:0048185', 'GO:0005634', 'GO:0005737', 'GO:0038102', 'GO:0051798', 'GO:0005576', 'GO:0005515', 'GO:0002244'}
P20333	Tumor necrosis factor receptor superfamily member 1B	{'GO:0031625', 'GO:0031643', 'GO:0005886', 'GO:0002947', 'GO:0003332', 'GO:0002718', 'GO:0097191', 'GO:0033209', 'GO:0042129', 'GO:0051044', 'GO:0045121', 'GO:0005515', 'GO:0002724', 'GO:0048714', 'GO:0010614', 'GO:0003176', 'GO:0031641', 'GO:0006954', 'GO:0016020', 'GO:0005576', 'GO:0150077', 'GO:0035579', 'GO:1902339', 'GO:0071222', 'GO:0150079', 'GO:0008630', 'GO:0003177', 'GO:0150098', 'GO:0007250', 'GO:0043120', 'GO:0005031'}
P21128	Uridylate-specific endoribonuclease	{'GO:0008083', 'GO:0030145', 'GO:0005886', 'GO:0005044', 'GO:0003723', 'GO:0006955', 'GO:0007165', 'GO:0004521', 'GO:0005737', 'GO:0050995', 'GO:0016192', 'GO:0016441', 'GO:0005576', 'GO:0006508', 'GO:0007565', 'GO:0008236', 'GO:0030247'}
P21580	Tumor necrosis factor alpha-induced protein 3	{'GO:0032715', 'GO:0050691', 'GO:0019900', 'GO:0043130', 'GO:0045824', 'GO:0050869', 'GO:0032703', 'GO:0039532', 'GO:0070301', 'GO:0008270', 'GO:2000349', 'GO:2001237', 'GO:0070536', 'GO:0002376', 'GO:2000352', 'GO:0043124', 'GO:0016579', 'GO:2000347', 'GO:0010803', 'GO:0003677', 'GO:0005829', 'GO:0090291', 'GO:0002634', 'GO:0045732', 'GO:0061043', 'GO:0042802', 'GO:0019899', 'GO:0034136', 'GO:0005737', 'GO:0005515', 'GO:0071108', 'GO:0032691', 'GO:0035871', 'GO:0004843', 'GO:0050728', 'GO:0032720', 'GO:0070062', 'GO:0002237', 'GO:0002020', 'GO:0042127', 'GO:0035872', 'GO:0070936', 'GO:0034148', 'GO:0072573', 'GO:0071222', 'GO:1902042', 'GO:0005764', 'GO:0004842', 'GO:0034144', 'GO:0048662', 'GO:0005634', 'GO:0032495', 'GO:0061578', 'GO:0002677', 'GO:0034140', 'GO:0045779', 'GO:0031397', 'GO:0070429', 'GO:0070433', 'GO:1901701', 'GO:0071947', 'GO:0001922'}
P21709	Ephrin type-A receptor 1	{'GO:0043235', 'GO:0005886', 'GO:0004714', 'GO:0019901', 'GO:0007169', 'GO:0048013', 'GO:0005524', 'GO:0051496', 'GO:0030336', 'GO:0030335', 'GO:0030155', 'GO:0004672', 'GO:0016020', 'GO:0034446', 'GO:0001954', 'GO:0001968', 'GO:0005003', 'GO:0005005', 'GO:0045766', 'GO:0004713'}
P21754	Zona pellucida sperm-binding protein 3	{'GO:2000388', 'GO:0045893', 'GO:0005886', 'GO:0045892', 'GO:0050729', 'GO:0032190', 'GO:0035803', 'GO:0048599', 'GO:2000360', 'GO:0001825', 'GO:0002922', 'GO:0007165', 'GO:0002455', 'GO:0042802', 'GO:0005515', 'GO:0032729', 'GO:0031012', 'GO:0042102', 'GO:0001809', 'GO:2000386', 'GO:0005576', 'GO:0002687', 'GO:0035805', 'GO:0140149', 'GO:0005201', 'GO:0007339', 'GO:0032753', 'GO:0048018', 'GO:0030246', 'GO:2000344', 'GO:2000368', 'GO:0035804'}
P22413	Ectonucleotide pyrophosphatase/phosphodiesterase family member 1	{'GO:0009143', 'GO:0030502', 'GO:0004527', 'GO:0042803', 'GO:0005886', 'GO:0030643', 'GO:0030500', 'GO:0008270', 'GO:0006796', 'GO:0005524', 'GO:0032869', 'GO:0050656', 'GO:0030247', 'GO:0030318', 'GO:0009986', 'GO:0005044', 'GO:0047429', 'GO:0046872', 'GO:0055062', 'GO:0016791', 'GO:0006091', 'GO:0004551', 'GO:0005515', 'GO:0036221', 'GO:0046325', 'GO:0046034', 'GO:0030308', 'GO:0006955', 'GO:0005509', 'GO:0004528', 'GO:0030282', 'GO:0045719', 'GO:0050427', 'GO:0016020', 'GO:0005576', 'GO:0016192', 'GO:0005765', 'GO:0030505', 'GO:0016323', 'GO:0004115', 'GO:0036219', 'GO:0106177', 'GO:0016787', 'GO:0010467', 'GO:0048513', 'GO:0046627', 'GO:0003676', 'GO:0045599', 'GO:0090304', 'GO:0005158', 'GO:0033198', 'GO:0047693'}
P22891	Vitamin K-dependent protein Z	{'GO:0005796', 'GO:0006508', 'GO:0005509', 'GO:0004252', 'GO:0005576', 'GO:0005788', 'GO:0070062', 'GO:0005515', 'GO:0007596'}
P23142	Fibulin-1	{'GO:2000146', 'GO:1900025', 'GO:0070051', 'GO:0007566', 'GO:0010628', 'GO:0072378', 'GO:0030198', 'GO:0042802', 'GO:0140144', 'GO:1904237', 'GO:0044877', 'GO:0005515', 'GO:0048146', 'GO:0016504', 'GO:0031012', 'GO:0005509', 'GO:0005576', 'GO:0070062', 'GO:0001968', 'GO:0071953', 'GO:0140149', 'GO:1904188', 'GO:0005201', 'GO:0071635', 'GO:0005178', 'GO:0005604', 'GO:0070373', 'GO:0001933', 'GO:2000647', 'GO:0007162'}
P23327	Sarcoplasmic reticulum histidine-rich calcium-binding protein	{'GO:0006936', 'GO:0044325', 'GO:0030018', 'GO:0033017', 'GO:0010460', 'GO:1901899', 'GO:0051480', 'GO:0140314', 'GO:0005515', 'GO:0005783', 'GO:0051117', 'GO:0045823', 'GO:0005509', 'GO:1901844', 'GO:0033018', 'GO:1903169', 'GO:0016529', 'GO:0010881', 'GO:0002027', 'GO:0010880', 'GO:0005788'}
P23508	Colorectal mutant cancer protein	{'GO:0005829', 'GO:0005886', 'GO:0045184', 'GO:0007165', 'GO:0050680', 'GO:0005634', 'GO:0030027', 'GO:0005737', 'GO:0090090', 'GO:0005515', 'GO:0038023', 'GO:0005654', 'GO:0010633'}
P23769	Endothelial transcription factor GATA-2	{'GO:0060100', 'GO:0005654', 'GO:0045893', 'GO:0043565', 'GO:0160108', 'GO:2000178', 'GO:0008270', 'GO:0007204', 'GO:0050793', 'GO:0001223', 'GO:0061042', 'GO:0048731', 'GO:2000352', 'GO:0001764', 'GO:1902895', 'GO:0010628', 'GO:0000978', 'GO:0003677', 'GO:0009653', 'GO:0070742', 'GO:0000981', 'GO:0005737', 'GO:0045746', 'GO:0005515', 'GO:0045944', 'GO:0006357', 'GO:0010629', 'GO:0035854', 'GO:0033993', 'GO:0001228', 'GO:0045444', 'GO:1903589', 'GO:0005667', 'GO:0043536', 'GO:0045165', 'GO:0045666', 'GO:0050766', 'GO:0090050', 'GO:0001221', 'GO:0043306', 'GO:1990837', 'GO:0000122', 'GO:0030154', 'GO:0006355', 'GO:0003682', 'GO:0003700', 'GO:0005634', 'GO:0090102', 'GO:0045766', 'GO:0061629'}
P23771	Trans-acting T-cell-specific transcription factor GATA-3	{'GO:0071353', 'GO:0072182', 'GO:0045893', 'GO:0001227', 'GO:0001223', 'GO:0048485', 'GO:0060070', 'GO:2000352', 'GO:0045582', 'GO:0008285', 'GO:0006952', 'GO:0072179', 'GO:0032754', 'GO:0071356', 'GO:0006954', 'GO:0000987', 'GO:0045064', 'GO:2000679', 'GO:0005634', 'GO:0090102', 'GO:0051216', 'GO:2000146', 'GO:0160108', 'GO:0008270', 'GO:0060676', 'GO:0009967', 'GO:0042421', 'GO:0045786', 'GO:2000611', 'GO:0000981', 'GO:2000683', 'GO:0032736', 'GO:0072178', 'GO:0001822', 'GO:1990837', 'GO:0070888', 'GO:0000122', 'GO:0030154', 'GO:0006355', 'GO:0032753', 'GO:0005134', 'GO:0071837', 'GO:0048568', 'GO:0050852', 'GO:0061629', 'GO:0001806', 'GO:0009410', 'GO:0043565', 'GO:0060037', 'GO:0010719', 'GO:0030856', 'GO:0043491', 'GO:0003281', 'GO:0001823', 'GO:0060065', 'GO:1902895', 'GO:0000978', 'GO:0003677', 'GO:0003215', 'GO:0009653', 'GO:0072107', 'GO:0043627', 'GO:0001817', 'GO:0005515', 'GO:1990226', 'GO:0006357', 'GO:0009615', 'GO:0030217', 'GO:0060231', 'GO:0050728', 'GO:0045165', 'GO:0043583', 'GO:0035457', 'GO:0010467', 'GO:0000977', 'GO:0008584', 'GO:0003700', 'GO:0051897', 'GO:0005654', 'GO:0001709', 'GO:0033600', 'GO:0045892', 'GO:0050793', 'GO:0048731', 'GO:0000785', 'GO:0007165', 'GO:0042802', 'GO:0045944', 'GO:0001228', 'GO:0045471', 'GO:0003180', 'GO:0030225', 'GO:0010332', 'GO:0072676', 'GO:0010595', 'GO:0031929', 'GO:0000976', 'GO:0048646', 'GO:0002520'}
P24278	Zinc finger and BTB domain-containing protein 25	{'GO:0000978', 'GO:0000122', 'GO:0002682', 'GO:0001227', 'GO:0003700', 'GO:0005634', 'GO:0001817', 'GO:0005515', 'GO:0005654'}
P24394	Interleukin-4 receptor subunit alpha	{'GO:0005886', 'GO:0005898', 'GO:0035772', 'GO:1902107', 'GO:0007165', 'GO:0120162', 'GO:0005515', 'GO:0002532', 'GO:0019221', 'GO:0032722', 'GO:0016515', 'GO:0009897', 'GO:0006955', 'GO:0035771', 'GO:0016020', 'GO:0042531', 'GO:0043032', 'GO:0005576', 'GO:0004896', 'GO:0007259', 'GO:0016516', 'GO:0004913', 'GO:0043235'}
P25445	Tumor necrosis factor receptor superfamily member 6	{'GO:0031264', 'GO:0031265', 'GO:0071455', 'GO:0019900', 'GO:0005886', 'GO:0097049', 'GO:0008625', 'GO:0097527', 'GO:0097191', 'GO:0009986', 'GO:0005829', 'GO:0033209', 'GO:0004888', 'GO:0006924', 'GO:0007165', 'GO:0045121', 'GO:0042802', 'GO:0071260', 'GO:0036337', 'GO:0005515', 'GO:0043066', 'GO:0032872', 'GO:2001235', 'GO:0009897', 'GO:0006955', 'GO:0065003', 'GO:0016020', 'GO:0005576', 'GO:0070062', 'GO:0034198', 'GO:0038023', 'GO:0006915', 'GO:0043065', 'GO:1903428', 'GO:0005516', 'GO:0005031', 'GO:0042981'}
P25490	Transcriptional repressor protein YY1	{'GO:0005677', 'GO:0005654', 'GO:0045893', 'GO:0003723', 'GO:0001227', 'GO:0043565', 'GO:0031011', 'GO:0061052', 'GO:1990841', 'GO:0000978', 'GO:0003677', 'GO:0045739', 'GO:0051276', 'GO:0031519', 'GO:0051726', 'GO:0000785', 'GO:0006338', 'GO:0030183', 'GO:0000981', 'GO:0016604', 'GO:0048468', 'GO:0071707', 'GO:0005515', 'GO:0006357', 'GO:0010629', 'GO:0045944', 'GO:0045995', 'GO:0001228', 'GO:0000723', 'GO:0032688', 'GO:0034644', 'GO:0060382', 'GO:0106222', 'GO:1902894', 'GO:0005667', 'GO:0140297', 'GO:0033044', 'GO:0046332', 'GO:0016363', 'GO:0000987', 'GO:1904507', 'GO:1990837', 'GO:0010225', 'GO:0000724', 'GO:0034696', 'GO:0000400', 'GO:0006275', 'GO:0000122', 'GO:0001650', 'GO:0006355', 'GO:1990904', 'GO:0006282', 'GO:0003682', 'GO:0003700', 'GO:0071347', 'GO:0005634', 'GO:0000976', 'GO:0001217', 'GO:0007283', 'GO:0006974'}
P25942	Tumor necrosis factor receptor superfamily member 5	{'GO:0031625', 'GO:1902216', 'GO:0005886', 'GO:0043410', 'GO:0090037', 'GO:0010468', 'GO:0006952', 'GO:0009986', 'GO:0043123', 'GO:0035631', 'GO:0030168', 'GO:0071260', 'GO:0019899', 'GO:0042100', 'GO:2000353', 'GO:0005515', 'GO:0045944', 'GO:0043536', 'GO:0009897', 'GO:0065003', 'GO:0006954', 'GO:0005576', 'GO:0070062', 'GO:0051094', 'GO:0002768', 'GO:0006874', 'GO:0038023', 'GO:0023035', 'GO:0050776', 'GO:0019724', 'GO:0051240', 'GO:0007259', 'GO:0042113', 'GO:0045766'}
P26010	Integrin beta-7	{'GO:0033627', 'GO:0005886', 'GO:0050839', 'GO:0003366', 'GO:0098609', 'GO:0034113', 'GO:0009986', 'GO:0034669', 'GO:0002387', 'GO:0008305', 'GO:0043113', 'GO:0050901', 'GO:0005515', 'GO:0007155', 'GO:0050900', 'GO:0007229', 'GO:0016020', 'GO:0034446', 'GO:0007160', 'GO:0070062', 'GO:0034691', 'GO:0005178', 'GO:0005925', 'GO:0043235'}
P26012	Integrin beta-8	{'GO:0016477', 'GO:0033627', 'GO:0005886', 'GO:0160108', 'GO:0098609', 'GO:0005925', 'GO:0010628', 'GO:0009986', 'GO:0009653', 'GO:0001570', 'GO:0008305', 'GO:0060674', 'GO:0010629', 'GO:1990430', 'GO:0007155', 'GO:0034686', 'GO:0007229', 'GO:0015026', 'GO:0007160', 'GO:0070062', 'GO:0030154', 'GO:0007166', 'GO:0005178', 'GO:0051216', 'GO:0045766'}
P26374	Rab proteins geranylgeranyltransferase component A 2	{'GO:0006886', 'GO:0005829', 'GO:0007264', 'GO:0006612', 'GO:0005092', 'GO:0005968', 'GO:0018344', 'GO:0005634', 'GO:0031267', 'GO:0016192', 'GO:0005654'}
P26651	mRNA decay activator protein ZFP36	{'GO:0003730', 'GO:0000165', 'GO:0045616', 'GO:0070935', 'GO:0160134', 'GO:0003723', 'GO:0019901', 'GO:0035925', 'GO:0032703', 'GO:0006402', 'GO:0042594', 'GO:0097011', 'GO:0032897', 'GO:0019957', 'GO:0005829', 'GO:0045647', 'GO:0060213', 'GO:0031072', 'GO:0000289', 'GO:0061158', 'GO:0003729', 'GO:1900016', 'GO:0031086', 'GO:0046872', 'GO:0035278', 'GO:0045600', 'GO:0019899', 'GO:0005737', 'GO:0044877', 'GO:0005515', 'GO:0009611', 'GO:1900153', 'GO:0071356', 'GO:1905869', 'GO:0000288', 'GO:0010494', 'GO:0038066', 'GO:1904582', 'GO:0061014', 'GO:0032680', 'GO:0010837', 'GO:0071385', 'GO:0044344', 'GO:1902172', 'GO:0070063', 'GO:0051028', 'GO:0071889', 'GO:0071222', 'GO:0000122', 'GO:0071364', 'GO:2000637', 'GO:0030014', 'GO:1990904', 'GO:0017148', 'GO:1904246', 'GO:0000932', 'GO:0005634', 'GO:0000900', 'GO:0043488', 'GO:1901835'}
P26842	CD27 antigen	{'GO:0045579', 'GO:0043066', 'GO:0009897', 'GO:0090717', 'GO:0007166', 'GO:0016064', 'GO:0004888', 'GO:1901224', 'GO:0005886', 'GO:0160162', 'GO:0043027', 'GO:0046330', 'GO:0005576', 'GO:0005515', 'GO:0042110', 'GO:0045582', 'GO:0097191', 'GO:0009986'}
P26927	Hepatocyte growth factor-like protein	{'GO:0006508', 'GO:2000479', 'GO:0031012', 'GO:0030971', 'GO:0046425', 'GO:0045721', 'GO:0005576', 'GO:0005515'}
P27037	Activin receptor type-2A	{'GO:0034673', 'GO:0016362', 'GO:0071363', 'GO:0005886', 'GO:0045648', 'GO:0017002', 'GO:0032924', 'GO:0005524', 'GO:0009986', 'GO:0007389', 'GO:0004675', 'GO:0045669', 'GO:0032927', 'GO:0048185', 'GO:0098821', 'GO:0016361', 'GO:0042802', 'GO:0005737', 'GO:0005515', 'GO:0045944', 'GO:0030501', 'GO:0032502', 'GO:0030509', 'GO:0019838', 'GO:0071773', 'GO:0001934', 'GO:0004672', 'GO:0015026', 'GO:0016020', 'GO:0030279', 'GO:0034711', 'GO:0060391', 'GO:0007178', 'GO:0048179', 'GO:0001649', 'GO:0030165', 'GO:0004674', 'GO:0043235'}
P27918	Properdin	{'GO:0006956', 'GO:0030141', 'GO:0098548', 'GO:0006955', 'GO:0045958', 'GO:0035580', 'GO:0042742', 'GO:1904724', 'GO:1903028', 'GO:0005576', 'GO:0005788', 'GO:0050821', 'GO:0005515', 'GO:0050778', 'GO:0006957'}
P28698	Myeloid zinc finger 1	{'GO:0000978', 'GO:0001228', 'GO:0042803', 'GO:0000122', 'GO:0006355', 'GO:0045944', 'GO:0001227', 'GO:0003700', 'GO:0005634', 'GO:0000981', 'GO:0000976', 'GO:0042802', 'GO:0005515', 'GO:0005654'}
P28799	Progranulin	{'GO:0008083', 'GO:0060266', 'GO:0045824', 'GO:0005886', 'GO:0003723', 'GO:0007040', 'GO:0050793', 'GO:0150053', 'GO:0007041', 'GO:0050821', 'GO:0002282', 'GO:0051130', 'GO:0002265', 'GO:0005770', 'GO:0043524', 'GO:0005802', 'GO:0099558', 'GO:0007042', 'GO:0031982', 'GO:0007165', 'GO:0035578', 'GO:0005515', 'GO:1903979', 'GO:0030335', 'GO:1905247', 'GO:0050728', 'GO:0050727', 'GO:0005783', 'GO:0106016', 'GO:0043525', 'GO:0051087', 'GO:0051649', 'GO:0016020', 'GO:0005576', 'GO:1905673', 'GO:0005765', 'GO:0070062', 'GO:1903334', 'GO:0005764', 'GO:0005794', 'GO:0010595', 'GO:0008284', 'GO:0048680', 'GO:0050679', 'GO:1900426', 'GO:0005768', 'GO:0045766', 'GO:1902564'}
P28908	Tumor necrosis factor receptor superfamily member 8	{'GO:0043065', 'GO:0005886', 'GO:0004888', 'GO:0007165', 'GO:0032760', 'GO:0071260', 'GO:0005737', 'GO:0032759', 'GO:0070062', 'GO:0005515', 'GO:0002020', 'GO:0008285'}
P29122	Proprotein convertase subtilisin/kexin type 6	{'GO:0005796', 'GO:0005886', 'GO:0032940', 'GO:0004175', 'GO:0009986', 'GO:0048406', 'GO:0005515', 'GO:0008236', 'GO:0034369', 'GO:0005783', 'GO:0030510', 'GO:0016486', 'GO:0031012', 'GO:0008201', 'GO:0016020', 'GO:0005576', 'GO:0009100', 'GO:0005794', 'GO:0004252', 'GO:0012505', 'GO:0016485', 'GO:0032902', 'GO:0006508'}
P29279	CCN family member 2	{'GO:0005886', 'GO:0160108', 'GO:0005520', 'GO:0050793', 'GO:0045597', 'GO:0008544', 'GO:0051496', 'GO:0007165', 'GO:0070374', 'GO:0046330', 'GO:0005515', 'GO:0009611', 'GO:0007155', 'GO:0031012', 'GO:0008201', 'GO:0005576', 'GO:0140149', 'GO:0001649', 'GO:0005178'}
P29317	Ephrin type-A receptor 2	{'GO:0043535', 'GO:0043235', 'GO:0016477', 'GO:0005886', 'GO:0004714', 'GO:0070309', 'GO:0007169', 'GO:0030316', 'GO:0005524', 'GO:0048013', 'GO:0070160', 'GO:0009986', 'GO:0010591', 'GO:0006950', 'GO:0048870', 'GO:0030027', 'GO:1903348', 'GO:0033598', 'GO:0005515', 'GO:0070848', 'GO:0072659', 'GO:0030335', 'GO:0030054', 'GO:0031258', 'GO:0032587', 'GO:0030334', 'GO:0030155', 'GO:0046058', 'GO:0019838', 'GO:0140677', 'GO:0045765', 'GO:0004672', 'GO:0045296', 'GO:0016020', 'GO:0060444', 'GO:0001525', 'GO:0030216', 'GO:0060326', 'GO:0005003', 'GO:0046849', 'GO:0008630', 'GO:1903078', 'GO:0048513', 'GO:0031256', 'GO:0030855', 'GO:0001649', 'GO:0070372', 'GO:0005925', 'GO:0033629', 'GO:0004713'}
P29320	Ephrin type-A receptor 3	{'GO:0016477', 'GO:0005886', 'GO:0004714', 'GO:0010719', 'GO:0007169', 'GO:0048013', 'GO:0005524', 'GO:0045806', 'GO:0005769', 'GO:0018108', 'GO:0032956', 'GO:0071300', 'GO:0005515', 'GO:0030425', 'GO:0004672', 'GO:0005004', 'GO:0016020', 'GO:0005576', 'GO:0010717', 'GO:0070507', 'GO:0005003', 'GO:0022407', 'GO:0005005', 'GO:0097155', 'GO:0007411', 'GO:0051893', 'GO:0097156', 'GO:0010976', 'GO:1903078', 'GO:0004713'}
P29376	Leukocyte tyrosine kinase receptor	{'GO:0043235', 'GO:0005886', 'GO:0004714', 'GO:0007169', 'GO:0005524', 'GO:0007165', 'GO:0071300', 'GO:0005515', 'GO:0043066', 'GO:0006468', 'GO:0045664', 'GO:0004672', 'GO:0008283', 'GO:0038083', 'GO:0016020', 'GO:0030298', 'GO:0042127', 'GO:0010666', 'GO:0010976', 'GO:0051897', 'GO:0004713'}
P29558	RNA-binding motif, single-stranded-interacting protein 1	{'GO:0003730', 'GO:0003690', 'GO:0005829', 'GO:0006396', 'GO:0010608', 'GO:0003723', 'GO:1990904', 'GO:0005634', 'GO:0003676', 'GO:0003697', 'GO:0006260', 'GO:0005515', 'GO:0008143'}
P29590	Protein PML	{'GO:0031625', 'GO:0042752', 'GO:0045893', 'GO:0008285', 'GO:0030578', 'GO:0016604', 'GO:0032938', 'GO:0030155', 'GO:0030308', 'GO:0032206', 'GO:0046982', 'GO:0016363', 'GO:2001238', 'GO:0043153', 'GO:0008630', 'GO:0019789', 'GO:0005634', 'GO:0000781', 'GO:0010522', 'GO:0008270', 'GO:0060058', 'GO:0001666', 'GO:0050821', 'GO:2000779', 'GO:0003713', 'GO:0032211', 'GO:0051726', 'GO:0006338', 'GO:0016605', 'GO:0042771', 'GO:0032183', 'GO:0051457', 'GO:0050897', 'GO:0090402', 'GO:0006355', 'GO:0051246', 'GO:0042803', 'GO:0044790', 'GO:0030330', 'GO:0016925', 'GO:0045087', 'GO:0060090', 'GO:1904816', 'GO:0005829', 'GO:0046872', 'GO:0005737', 'GO:0005515', 'GO:0045930', 'GO:0043161', 'GO:0010761', 'GO:0005730', 'GO:0065003', 'GO:0046332', 'GO:0031901', 'GO:2000059', 'GO:0006915', 'GO:0045184', 'GO:0005654', 'GO:0032922', 'GO:0045892', 'GO:0005789', 'GO:0140374', 'GO:0042802', 'GO:0016525', 'GO:0010629', 'GO:0048146', 'GO:0032691', 'GO:2001235', 'GO:1901798', 'GO:0090398', 'GO:0031965', 'GO:0034504', 'GO:0032469', 'GO:0006605', 'GO:0032692', 'GO:0061659', 'GO:0034097', 'GO:0002230'}
P30203	T-cell differentiation antigen CD6	{'GO:0070891', 'GO:0005886', 'GO:0019901', 'GO:0031663', 'GO:0001772', 'GO:0009986', 'GO:0005044', 'GO:0042802', 'GO:0032496', 'GO:0002438', 'GO:0005515', 'GO:1900017', 'GO:0042102', 'GO:0001530', 'GO:0016020', 'GO:0005576', 'GO:0016192', 'GO:0001771', 'GO:0042101', 'GO:0007157'}
P30260	Cell division cycle protein 27 homolog	{'GO:0140767', 'GO:0051445', 'GO:0051301', 'GO:0072686', 'GO:0007346', 'GO:0005829', 'GO:0005819', 'GO:0005680', 'GO:0005737', 'GO:0005515', 'GO:0141198', 'GO:0031145', 'GO:0016567', 'GO:0070936', 'GO:0070979', 'GO:0005813', 'GO:0005634', 'GO:0007091', 'GO:0019903', 'GO:0005654'}
P31268	Homeobox protein Hox-A7	{'GO:0002686', 'GO:0045892', 'GO:0043565', 'GO:0009952', 'GO:0000978', 'GO:0003677', 'GO:0000785', 'GO:0045617', 'GO:0000981', 'GO:0005515', 'GO:0006357', 'GO:0045944', 'GO:0001228', 'GO:0001953', 'GO:0140297', 'GO:1990837', 'GO:0001525', 'GO:0000122', 'GO:0006355', 'GO:0003700', 'GO:0005634', 'GO:0005654', 'GO:0045656'}
P31273	Homeobox protein Hox-C8	{'GO:0003677', 'GO:1990837', 'GO:0000977', 'GO:0000785', 'GO:0006355', 'GO:0003700', 'GO:0005634', 'GO:0000981', 'GO:0005515', 'GO:0006357', 'GO:0005654'}
P32926	Desmoglein-3	{'GO:0007015', 'GO:1903753', 'GO:0005886', 'GO:0098609', 'GO:0001533', 'GO:1904704', 'GO:0070160', 'GO:0005829', 'GO:0070161', 'GO:0005911', 'GO:1903348', 'GO:0031647', 'GO:0005737', 'GO:0030336', 'GO:0005515', 'GO:0007156', 'GO:0030057', 'GO:0007155', 'GO:0030054', 'GO:0005509', 'GO:0120192', 'GO:1905477', 'GO:0016020', 'GO:0070062', 'GO:0034333', 'GO:0002159', 'GO:0005923', 'GO:0046983'}
P32942	Intercellular adhesion molecule 3	{'GO:0005102', 'GO:0007229', 'GO:0006955', 'GO:0005886', 'GO:0048018', 'GO:0033079', 'GO:0033631', 'GO:0005178', 'GO:0098609', 'GO:0016020', 'GO:0007159', 'GO:0005576', 'GO:0070062', 'GO:0005515', 'GO:0007155'}
P35354	Prostaglandin G/H synthase 2	{'GO:0042803', 'GO:0090271', 'GO:0005789', 'GO:0071636', 'GO:0042759', 'GO:0046457', 'GO:0043005', 'GO:0008217', 'GO:0090336', 'GO:0090362', 'GO:0010575', 'GO:0005637', 'GO:0019899', 'GO:0005737', 'GO:0005515', 'GO:0004666', 'GO:0006979', 'GO:0071471', 'GO:0071456', 'GO:0031394', 'GO:0043066', 'GO:0050727', 'GO:0019371', 'GO:0005783', 'GO:0004601', 'GO:0090050', 'GO:0001516', 'GO:0050873', 'GO:0019372', 'GO:0150077', 'GO:0045429', 'GO:1902219', 'GO:0031622', 'GO:0016705', 'GO:0020037', 'GO:0098869', 'GO:0016701', 'GO:0005788', 'GO:0005640', 'GO:0016702'}
P35443	Thrombospondin-4	{'GO:0034976', 'GO:0034103', 'GO:0071603', 'GO:0016525', 'GO:0048266', 'GO:0090023', 'GO:0005515', 'GO:0001938', 'GO:0007155', 'GO:1990341', 'GO:0005783', 'GO:0051451', 'GO:0031012', 'GO:0005509', 'GO:0008201', 'GO:0005576', 'GO:0070062', 'GO:0005201', 'GO:0016529', 'GO:0005178', 'GO:0005604'}
P35789	Zinc finger protein 93	{'GO:0000978', 'GO:0000122', 'GO:0006355', 'GO:0001227', 'GO:0008270', 'GO:0003700', 'GO:0000981', 'GO:0005634', 'GO:0010526', 'GO:0006357', 'GO:0005654'}
P36269	Glutathione hydrolase 5 proenzyme	{'GO:0006751', 'GO:0006520', 'GO:0005886', 'GO:0006749', 'GO:0006631', 'GO:0006954', 'GO:1901750', 'GO:0016020', 'GO:0036374', 'GO:0006508', 'GO:0002951', 'GO:0000048'}
P36406	E3 ubiquitin-protein ligase TRIM23	{'GO:0000139', 'GO:0061630', 'GO:0005886', 'GO:0010508', 'GO:0008270', 'GO:0008047', 'GO:0042802', 'GO:0005737', 'GO:0005515', 'GO:0003924', 'GO:0006886', 'GO:0019003', 'GO:0016567', 'GO:0005765', 'GO:0016192', 'GO:0005525', 'GO:0004842', 'GO:0000932', 'GO:0005634', 'GO:0012505'}
P36508	Zinc finger protein 76	{'GO:0000978', 'GO:0001228', 'GO:1990837', 'GO:0000122', 'GO:0000785', 'GO:0045944', 'GO:0001227', 'GO:0043565', 'GO:0005634', 'GO:0000981', 'GO:0006359', 'GO:0005515', 'GO:0006357', 'GO:0005694'}
P36941	Tumor necrosis factor receptor superfamily member 3	{'GO:0031625', 'GO:0005886', 'GO:0036145', 'GO:0002947', 'GO:0048534', 'GO:0043123', 'GO:0007165', 'GO:0046330', 'GO:0042802', 'GO:0071260', 'GO:0060544', 'GO:0005515', 'GO:0042110', 'GO:0006955', 'GO:0032479', 'GO:0016020', 'GO:2001238', 'GO:0006915', 'GO:0005794', 'GO:0007250'}
P36980	Complement factor H-related protein 2	{'GO:0006956', 'GO:0045917', 'GO:0001851', 'GO:0032991', 'GO:0042802', 'GO:0005576', 'GO:0005515'}
P37023	Activin receptor type-1-like	{'GO:0043535', 'GO:0043537', 'GO:0071363', 'GO:0045602', 'GO:0045893', 'GO:0005886', 'GO:0045747', 'GO:0005024', 'GO:0019901', 'GO:0001946', 'GO:0045603', 'GO:0045597', 'GO:0001936', 'GO:0035313', 'GO:0032332', 'GO:0005524', 'GO:0001937', 'GO:0032924', 'GO:0035912', 'GO:0051895', 'GO:0008217', 'GO:0008285', 'GO:0070724', 'GO:0009986', 'GO:0060562', 'GO:0004675', 'GO:0060841', 'GO:0060840', 'GO:0007165', 'GO:0048185', 'GO:0060836', 'GO:1903348', 'GO:0098821', 'GO:0016361', 'GO:0008015', 'GO:0003203', 'GO:0030336', 'GO:0030513', 'GO:0005515', 'GO:0045944', 'GO:0001938', 'GO:0010629', 'GO:0030858', 'GO:0001955', 'GO:2000026', 'GO:0050431', 'GO:0030509', 'GO:0030308', 'GO:0071773', 'GO:0046332', 'GO:0004672', 'GO:0002043', 'GO:0007179', 'GO:0009953', 'GO:0071560', 'GO:0016020', 'GO:0001525', 'GO:0061298', 'GO:0061154', 'GO:0001974', 'GO:0006275', 'GO:0010596', 'GO:0007507', 'GO:0006355', 'GO:0030154', 'GO:0051240', 'GO:0007178', 'GO:0060391', 'GO:0072359', 'GO:0005025', 'GO:0045446', 'GO:0004674', 'GO:0007162'}
P37173	TGF-beta receptor type-2	{'GO:0035162', 'GO:0070021', 'GO:2000736', 'GO:0048844', 'GO:0001570', 'GO:0001568', 'GO:0050431', 'GO:0034714', 'GO:0009897', 'GO:0003149', 'GO:0004672', 'GO:0001947', 'GO:0051094', 'GO:0048514', 'GO:1905317', 'GO:0048513', 'GO:0007178', 'GO:0008284', 'GO:0048179', 'GO:2000379', 'GO:0003148', 'GO:0051216', 'GO:0032924', 'GO:0005524', 'GO:1905007', 'GO:0043011', 'GO:0051138', 'GO:0035909', 'GO:0060412', 'GO:0010718', 'GO:0038023', 'GO:0002651', 'GO:0003214', 'GO:0062009', 'GO:0030154', 'GO:0001569', 'GO:0007507', 'GO:0002053', 'GO:0060021', 'GO:0003274', 'GO:0071363', 'GO:0051239', 'GO:0009410', 'GO:0005886', 'GO:2000563', 'GO:0060090', 'GO:0005829', 'GO:0002666', 'GO:0003186', 'GO:0046872', 'GO:0048185', 'GO:0045121', 'GO:0016361', 'GO:0005515', 'GO:0033993', 'GO:0005026', 'GO:0046332', 'GO:0007179', 'GO:0016020', 'GO:0007399', 'GO:0006915', 'GO:0001837', 'GO:0060391', 'GO:0019209', 'GO:0004674', 'GO:1990428', 'GO:0070723', 'GO:0043235', 'GO:0005024', 'GO:0005901', 'GO:0009986', 'GO:0004675', 'GO:0034713', 'GO:0007420', 'GO:0002663', 'GO:0048701', 'GO:0003180', 'GO:0003181', 'GO:0005576', 'GO:0042127', 'GO:0005539', 'GO:0003151'}
P40126	L-dopachrome tautomerase	{'GO:0033162', 'GO:0005507', 'GO:0005886', 'GO:0160108', 'GO:0002052', 'GO:0048069', 'GO:0008544', 'GO:0005829', 'GO:0005737', 'GO:0005515', 'GO:0021847', 'GO:0006583', 'GO:0016020', 'GO:0042470', 'GO:0004167', 'GO:0042438', 'GO:0048066', 'GO:0016491', 'GO:0009637'}
P41182	B-cell lymphoma 6 protein	{'GO:0005654', 'GO:0051251', 'GO:0045892', 'GO:0001227', 'GO:0043565', 'GO:0045580', 'GO:0045597', 'GO:0001222', 'GO:0002903', 'GO:0042981', 'GO:0000978', 'GO:0002634', 'GO:0002682', 'GO:0045591', 'GO:0045595', 'GO:0001817', 'GO:0042802', 'GO:1903037', 'GO:0005515', 'GO:0031490', 'GO:0050727', 'GO:0030308', 'GO:0001161', 'GO:0140297', 'GO:0005657', 'GO:0050776', 'GO:0042127', 'GO:1990837', 'GO:0043065', 'GO:0000977', 'GO:0000122', 'GO:0003682', 'GO:0003700', 'GO:0005634', 'GO:0042092', 'GO:0006974', 'GO:0042382', 'GO:1903464'}
P43004	Excitatory amino acid transporter 2	{'GO:0006836', 'GO:0005886', 'GO:0070779', 'GO:0098978', 'GO:0015501', 'GO:0008509', 'GO:0015804', 'GO:0015813', 'GO:0005314', 'GO:0009986', 'GO:0006750', 'GO:0031982', 'GO:0015175', 'GO:0090461', 'GO:0140009', 'GO:0007268', 'GO:0006865', 'GO:0030424', 'GO:0070778', 'GO:0033229', 'GO:0044297', 'GO:0045121', 'GO:0045202', 'GO:0005515', 'GO:1903712', 'GO:0098810', 'GO:0044306', 'GO:0097449', 'GO:0071314', 'GO:0005313', 'GO:0016020', 'GO:0015293', 'GO:0098656', 'GO:0098657', 'GO:0042734', 'GO:0070633', 'GO:0098712', 'GO:0150104', 'GO:0070207', 'GO:0098796', 'GO:0030673'}
P43489	Tumor necrosis factor receptor superfamily member 4	{'GO:0000122', 'GO:0005515', 'GO:0002639', 'GO:0033209', 'GO:0006955', 'GO:0042098', 'GO:0009897', 'GO:0005886', 'GO:0030890', 'GO:0006954', 'GO:0016020', 'GO:0005031', 'GO:0009986'}
P43694	Transcription factor GATA-4	{'GO:0048617', 'GO:0045893', 'GO:0045787', 'GO:0055007', 'GO:0001223', 'GO:0032526', 'GO:0036302', 'GO:0016604', 'GO:0001216', 'GO:0003162', 'GO:0007267', 'GO:0001947', 'GO:0000987', 'GO:2001234', 'GO:0005634', 'GO:0045766', 'GO:0086004', 'GO:0008270', 'GO:0009612', 'GO:0000981', 'GO:1902176', 'GO:0043066', 'GO:0070410', 'GO:1990837', 'GO:0007492', 'GO:0000122', 'GO:0007507', 'GO:0006355', 'GO:0030154', 'GO:0003682', 'GO:0003289', 'GO:0061629', 'GO:0009410', 'GO:0043565', 'GO:0003281', 'GO:1902895', 'GO:0051525', 'GO:0010507', 'GO:0000978', 'GO:0003677', 'GO:0003215', 'GO:0009653', 'GO:0010628', 'GO:0003197', 'GO:0010575', 'GO:0030513', 'GO:0005515', 'GO:0006357', 'GO:0060290', 'GO:0003290', 'GO:0090575', 'GO:0045165', 'GO:0003279', 'GO:0003208', 'GO:0061049', 'GO:0000977', 'GO:0008584', 'GO:0003700', 'GO:0005654', 'GO:0042060', 'GO:0019901', 'GO:0071333', 'GO:0033189', 'GO:0010667', 'GO:0061026', 'GO:0000785', 'GO:0045944', 'GO:0010629', 'GO:0001228', 'GO:0003190', 'GO:0140297', 'GO:0060413', 'GO:0003180', 'GO:1905204', 'GO:0009888', 'GO:0035054', 'GO:0000976', 'GO:0003007', 'GO:0060575'}
P47974	mRNA decay activator protein ZFP36L2	{'GO:0000165', 'GO:0160134', 'GO:0070371', 'GO:0003723', 'GO:0030097', 'GO:0035925', 'GO:0006402', 'GO:2000737', 'GO:0097011', 'GO:0005829', 'GO:0061158', 'GO:0033077', 'GO:0000289', 'GO:0003729', 'GO:0046872', 'GO:0048103', 'GO:0005737', 'GO:0005515', 'GO:0009611', 'GO:1900153', 'GO:0071356', 'GO:0045577', 'GO:0071560', 'GO:0071385', 'GO:0044344', 'GO:0071364', 'GO:0035019', 'GO:0060216', 'GO:1901991', 'GO:0017148', 'GO:0005634', 'GO:0045599', 'GO:0000900', 'GO:0043488'}
P48060	Glioma pathogenesis-related protein 1	{'GO:0035577', 'GO:0005886', 'GO:0016020', 'GO:0005576', 'GO:0005515', 'GO:0060090'}
P48307	Tissue factor pathway inhibitor 2	{'GO:0004867', 'GO:0005201', 'GO:0031012', 'GO:0005576', 'GO:0030414'}
P48742	LIM/homeobox protein Lhx1	{'GO:0001702', 'GO:0045893', 'GO:0090190', 'GO:0021549', 'GO:0032991', 'GO:0001706', 'GO:0060067', 'GO:0072077', 'GO:0009880', 'GO:0001655', 'GO:0097379', 'GO:0072050', 'GO:0001658', 'GO:0007267', 'GO:0000987', 'GO:0060041', 'GO:0060322', 'GO:0001705', 'GO:2000744', 'GO:0005634', 'GO:0048703', 'GO:0060068', 'GO:0160108', 'GO:0008270', 'GO:0040019', 'GO:0007389', 'GO:0060059', 'GO:0001657', 'GO:0000981', 'GO:0072049', 'GO:0009887', 'GO:0060066', 'GO:2000768', 'GO:0021537', 'GO:0072284', 'GO:0009953', 'GO:0072178', 'GO:0001822', 'GO:1990837', 'GO:0097477', 'GO:0006355', 'GO:0060429', 'GO:0008045', 'GO:0061205', 'GO:0043565', 'GO:0001656', 'GO:0009952', 'GO:0001823', 'GO:0060065', 'GO:0003677', 'GO:0021937', 'GO:2000543', 'GO:0009653', 'GO:0035847', 'GO:0005515', 'GO:0006357', 'GO:0005667', 'GO:0021527', 'GO:0035849', 'GO:0007399', 'GO:0021517', 'GO:0035502', 'GO:0021702', 'GO:0000977', 'GO:0003700', 'GO:0072278', 'GO:0009948', 'GO:0072283', 'GO:0021510', 'GO:0048793', 'GO:0045892', 'GO:0072224', 'GO:0090009', 'GO:0048731', 'GO:0010468', 'GO:0035846', 'GO:0000785', 'GO:0021871', 'GO:0009791', 'GO:0030182', 'GO:0072164', 'GO:0006366', 'GO:0044344', 'GO:0072177', 'GO:0048646', 'GO:0010842'}
P48745	CCN family member 3	{'GO:0033627', 'GO:0045747', 'GO:0160108', 'GO:0044342', 'GO:0050793', 'GO:0045597', 'GO:0060392', 'GO:0035767', 'GO:0005829', 'GO:0071603', 'GO:0007165', 'GO:0005921', 'GO:1904057', 'GO:0005737', 'GO:0005179', 'GO:0030199', 'GO:0005515', 'GO:1901223', 'GO:0007155', 'GO:0050728', 'GO:0045778', 'GO:0010761', 'GO:0030308', 'GO:0090027', 'GO:0031012', 'GO:1990523', 'GO:0002062', 'GO:0008201', 'GO:0007179', 'GO:0010832', 'GO:0005576', 'GO:0061484', 'GO:0014909', 'GO:0016055', 'GO:0140149', 'GO:0001525', 'GO:0060326', 'GO:0048659', 'GO:0005112', 'GO:0005178', 'GO:0046676', 'GO:1902731'}
P48960	Adhesion G protein-coupled receptor E5	{'GO:0004930', 'GO:0030667', 'GO:0005886', 'GO:0006955', 'GO:0007166', 'GO:0004888', 'GO:0005509', 'GO:0007186', 'GO:0006954', 'GO:0007267', 'GO:0016020', 'GO:0002376', 'GO:0005576', 'GO:0005925', 'GO:0070062', 'GO:0005515', 'GO:0007155'}
P49619	Diacylglycerol kinase gamma	{'GO:0005829', 'GO:0016301', 'GO:0050773', 'GO:0007200', 'GO:0004143', 'GO:0008289', 'GO:0006654', 'GO:0030168', 'GO:0007165', 'GO:0005509', 'GO:0035556', 'GO:0046486', 'GO:0046834', 'GO:0005886', 'GO:0005856', 'GO:0016020', 'GO:0160195', 'GO:0046339'}
P49639	Homeobox protein Hox-A1	{'GO:0021599', 'GO:0043565', 'GO:0000978', 'GO:0003677', 'GO:0009653', 'GO:0048844', 'GO:0000785', 'GO:0060840', 'GO:0000981', 'GO:0042802', 'GO:0042473', 'GO:0045944', 'GO:0005515', 'GO:0006357', 'GO:0001228', 'GO:0050890', 'GO:0007605', 'GO:0090103', 'GO:0007634', 'GO:1990837', 'GO:0048839', 'GO:0006355', 'GO:0060876', 'GO:0050795', 'GO:0003700', 'GO:0005634', 'GO:0090102', 'GO:0050905', 'GO:0048702'}
P49711	Transcriptional repressor CTCF	{'GO:0000775', 'GO:0071459', 'GO:0140587', 'GO:0045893', 'GO:0003723', 'GO:0001227', 'GO:0043565', 'GO:0045892', 'GO:0008270', 'GO:0008285', 'GO:1990841', 'GO:0000978', 'GO:0003677', 'GO:0010628', 'GO:0043035', 'GO:0005515', 'GO:0006357', 'GO:0010629', 'GO:0045944', 'GO:0071514', 'GO:0005730', 'GO:0001221', 'GO:0000987', 'GO:0140588', 'GO:0005694', 'GO:1990837', 'GO:0000122', 'GO:0070602', 'GO:0003682', 'GO:0003700', 'GO:0005634', 'GO:0000976', 'GO:0000793', 'GO:0005654', 'GO:0040029'}
P49746	Thrombospondin-3	{'GO:0005201', 'GO:1990341', 'GO:0031012', 'GO:0005509', 'GO:0008201', 'GO:0007160', 'GO:0005576', 'GO:0005515', 'GO:0048471', 'GO:0007155'}
P49747	Cartilage oligomeric matrix protein	{'GO:0032991', 'GO:0035989', 'GO:0051260', 'GO:0060173', 'GO:0009887', 'GO:0030199', 'GO:0005515', 'GO:0007155', 'GO:0005518', 'GO:1990341', 'GO:0043066', 'GO:0031012', 'GO:0036122', 'GO:0005509', 'GO:0043395', 'GO:0001501', 'GO:0008201', 'GO:0005576', 'GO:0070062', 'GO:0002020', 'GO:0140149', 'GO:0005201', 'GO:0005178', 'GO:1990079', 'GO:0043394'}
P49767	Vascular endothelial growth factor C	{'GO:0038084', 'GO:0008083', 'GO:0009410', 'GO:0031093', 'GO:0001666', 'GO:0050930', 'GO:0045668', 'GO:0048010', 'GO:0007165', 'GO:0050714', 'GO:0002040', 'GO:0005515', 'GO:0006929', 'GO:0030335', 'GO:0043536', 'GO:0016020', 'GO:0005576', 'GO:0060754', 'GO:0042056', 'GO:1902462', 'GO:0001525', 'GO:0030947', 'GO:0050918', 'GO:0048018', 'GO:0008284', 'GO:0045776', 'GO:0050679', 'GO:0043185', 'GO:0045766', 'GO:0036454'}
P49841	Glycogen synthase kinase-3 beta	{'GO:0031625', 'GO:0042752', 'GO:0030426', 'GO:0045879', 'GO:0097192', 'GO:0035556', 'GO:0050321', 'GO:0045597', 'GO:0031663', 'GO:0090090', 'GO:0106310', 'GO:0060070', 'GO:0098978', 'GO:0014069', 'GO:0150101', 'GO:1900034', 'GO:0030336', 'GO:1903829', 'GO:0030877', 'GO:0032007', 'GO:0005977', 'GO:0043525', 'GO:0004672', 'GO:0008286', 'GO:1902042', 'GO:0097110', 'GO:0036016', 'GO:1990904', 'GO:0005634', 'GO:0032880', 'GO:1904780', 'GO:0016301', 'GO:0030010', 'GO:0005524', 'GO:0032436', 'GO:0097191', 'GO:0106027', 'GO:0070885', 'GO:0030011', 'GO:0044297', 'GO:0043066', 'GO:0010954', 'GO:0030425', 'GO:0046777', 'GO:0070059', 'GO:1903940', 'GO:2000740', 'GO:0002020', 'GO:0048471', 'GO:0016055', 'GO:1990909', 'GO:2000466', 'GO:0030154', 'GO:0043198', 'GO:0031334', 'GO:0042981', 'GO:0061629', 'GO:0046825', 'GO:0046827', 'GO:0005886', 'GO:0034976', 'GO:0010508', 'GO:1903566', 'GO:1904646', 'GO:0006983', 'GO:0010719', 'GO:0010975', 'GO:0043491', 'GO:0030516', 'GO:0010628', 'GO:0005829', 'GO:1900026', 'GO:0098793', 'GO:0018105', 'GO:0031398', 'GO:0008013', 'GO:0003170', 'GO:0005737', 'GO:0099171', 'GO:0005515', 'GO:0007127', 'GO:0072687', 'GO:0006468', 'GO:0043161', 'GO:1904781', 'GO:0070507', 'GO:0045724', 'GO:0001837', 'GO:0034452', 'GO:0034236', 'GO:1900271', 'GO:0005813', 'GO:0021766', 'GO:0004674', 'GO:0032481', 'GO:0005654', 'GO:0160213', 'GO:0019901', 'GO:0009968', 'GO:2000077', 'GO:0060079', 'GO:0051059', 'GO:0045668', 'GO:0071109', 'GO:0045732', 'GO:0030424', 'GO:0032886', 'GO:0071300', 'GO:1900181', 'GO:0010629', 'GO:0031333', 'GO:0007005', 'GO:1901030', 'GO:0002039', 'GO:0007623', 'GO:0050770', 'GO:0032374', 'GO:0070840', 'GO:0045719', 'GO:0071385', 'GO:1904339', 'GO:2000727', 'GO:0001954', 'GO:0048814', 'GO:0031175', 'GO:0032092', 'GO:0019082', 'GO:0005788', 'GO:0048156', 'GO:0043025'}
P49910	Zinc finger protein 165	{'GO:0000978', 'GO:0005634', 'GO:0000981', 'GO:0005737', 'GO:0005515', 'GO:0006357'}
P51504	Zinc finger protein 80	{'GO:0000977', 'GO:0005634', 'GO:0000981', 'GO:0005515', 'GO:0006357'}
P51508	Zinc finger protein 81	{'GO:0000978', 'GO:0003677', 'GO:0006355', 'GO:0005634', 'GO:0000981', 'GO:0006357'}
P51522	Zinc finger protein 83	{'GO:0000978', 'GO:0005634', 'GO:0000981', 'GO:0005515', 'GO:0006357'}
P51523	Zinc finger protein 84	{'GO:0003677', 'GO:0006355', 'GO:0005634', 'GO:0008270', 'GO:0005515', 'GO:0005654'}
P51786	Zinc finger protein 157	{'GO:0006355', 'GO:0005634'}
P51814	Zinc finger protein 41	{'GO:0006355', 'GO:0005515', 'GO:0031981', 'GO:0005634'}
P51815	Zinc finger protein 75D	{'GO:0000978', 'GO:0006355', 'GO:0008270', 'GO:0005634', 'GO:0000981', 'GO:0006357'}
P51864	Protein CRIPTO3	{'GO:0038092', 'GO:0008083', 'GO:0001570', 'GO:0007368', 'GO:0060976', 'GO:0005886', 'GO:0007165', 'GO:0038100', 'GO:0005576', 'GO:0070697', 'GO:0009986'}
P52429	Diacylglycerol kinase epsilon	{'GO:0005829', 'GO:0016301', 'GO:0006661', 'GO:0007200', 'GO:0004143', 'GO:0006654', 'GO:0030168', 'GO:0035556', 'GO:0007165', 'GO:0046486', 'GO:0046834', 'GO:0005886', 'GO:0046474', 'GO:0016020', 'GO:0098978', 'GO:0005737', 'GO:0050804', 'GO:0046339'}
P52736	Zinc finger protein 133	{'GO:0000977', 'GO:0000122', 'GO:0006355', 'GO:0045892', 'GO:0003700', 'GO:0005634', 'GO:0000981', 'GO:0005515', 'GO:0006357'}
P52737	Zinc finger protein 136	{'GO:0000978', 'GO:0000122', 'GO:0006355', 'GO:0005634', 'GO:0000981', 'GO:0005515', 'GO:0006357'}
P52739	Zinc finger and BTB domain-containing protein 35	{'GO:0000978', 'GO:0001228', 'GO:0000122', 'GO:0002682', 'GO:0045944', 'GO:0001227', 'GO:0043565', 'GO:0030183', 'GO:0005634', 'GO:0001817', 'GO:0045111', 'GO:0005515', 'GO:0005654', 'GO:0030217'}
P52740	Zinc finger protein 132	{'GO:0000978', 'GO:0000122', 'GO:0006355', 'GO:0005634', 'GO:0000981', 'GO:0006357'}
P52741	Zinc finger protein 134	{'GO:0000978', 'GO:0000122', 'GO:0002682', 'GO:0001227', 'GO:0005634', 'GO:0001817', 'GO:0005515', 'GO:0005654'}
P52742	Zinc finger protein 135	{'GO:0000978', 'GO:0006355', 'GO:0005634', 'GO:0000981', 'GO:0005737', 'GO:0005515', 'GO:0006357'}
P52743	Putative zinc finger protein 137	{'GO:0000978', 'GO:0006355', 'GO:0005634', 'GO:0000981', 'GO:0006357'}
P52744	Zinc finger protein 138	{'GO:0000978', 'GO:0006355', 'GO:0005634', 'GO:0000981', 'GO:0005515', 'GO:0006357'}
P52824	Diacylglycerol kinase theta	{'GO:0016301', 'GO:0047649', 'GO:0019900', 'GO:0035556', 'GO:1900242', 'GO:0005886', 'GO:0098978', 'GO:0090037', 'GO:0010628', 'GO:1903413', 'GO:0098793', 'GO:0005829', 'GO:0007189', 'GO:0004143', 'GO:0046486', 'GO:0030168', 'GO:0012506', 'GO:0007165', 'GO:0005737', 'GO:0045202', 'GO:0005515', 'GO:0006357', 'GO:0010629', 'GO:0004697', 'GO:2000064', 'GO:0046834', 'GO:0098794', 'GO:0005856', 'GO:0030297', 'GO:0140297', 'GO:0006111', 'GO:0007186', 'GO:0070493', 'GO:0005730', 'GO:0016020', 'GO:0051591', 'GO:0016363', 'GO:0007173', 'GO:0046339', 'GO:0090181', 'GO:0016607', 'GO:0007200', 'GO:0006654', 'GO:0030971', 'GO:2000182', 'GO:0043274', 'GO:0005634', 'GO:0005768', 'GO:1903432'}
P53041	Serine/threonine-protein phosphatase 5	{'GO:0051879', 'GO:0000165', 'GO:0004721', 'GO:0043204', 'GO:0101031', 'GO:0004722', 'GO:0030544', 'GO:0070301', 'GO:0005886', 'GO:0003723', 'GO:0032991', 'GO:0008017', 'GO:0005524', 'GO:0001965', 'GO:0005829', 'GO:0010288', 'GO:0031072', 'GO:0043123', 'GO:0042802', 'GO:0016791', 'GO:0005737', 'GO:1990635', 'GO:0044877', 'GO:0005515', 'GO:0043066', 'GO:0043409', 'GO:2000324', 'GO:0006351', 'GO:0070262', 'GO:0000278', 'GO:0030291', 'GO:0071276', 'GO:0043531', 'GO:0016787', 'GO:0006302', 'GO:1904550', 'GO:0031435', 'GO:0005634', 'GO:0005654', 'GO:0048156', 'GO:0043025'}
P54760	Ephrin type-B receptor 4	{'GO:0005829', 'GO:0001525', 'GO:0043235', 'GO:0005003', 'GO:0007155', 'GO:0005886', 'GO:0004714', 'GO:0002042', 'GO:0004672', 'GO:0003007', 'GO:0016020', 'GO:0007169', 'GO:0048013', 'GO:0005524', 'GO:0005576', 'GO:0005515', 'GO:0070062', 'GO:0004713'}
P54762	Ephrin type-B receptor 1	{'GO:0030010', 'GO:0016477', 'GO:0050965', 'GO:0005886', 'GO:0004714', 'GO:0046328', 'GO:0022008', 'GO:0160108', 'GO:0098978', 'GO:0007169', 'GO:0048013', 'GO:0005524', 'GO:0048731', 'GO:0060997', 'GO:0032433', 'GO:0005829', 'GO:0051965', 'GO:0030424', 'GO:1902723', 'GO:0045121', 'GO:0021952', 'GO:0005737', 'GO:0044877', 'GO:0005515', 'GO:0050804', 'GO:0008046', 'GO:1902725', 'GO:0030425', 'GO:0046777', 'GO:0060996', 'GO:0004672', 'GO:0016020', 'GO:0014719', 'GO:0005576', 'GO:0031901', 'GO:0070062', 'GO:0001525', 'GO:0060326', 'GO:0005003', 'GO:0021934', 'GO:0005005', 'GO:0031589', 'GO:0007411', 'GO:0070372', 'GO:0031290', 'GO:0061351', 'GO:0004713'}
P54764	Ephrin type-A receptor 4	{'GO:0005741', 'GO:0098978', 'GO:0098839', 'GO:0007169', 'GO:0048013', 'GO:0014069', 'GO:0097485', 'GO:1902993', 'GO:0008347', 'GO:0030336', 'GO:0034332', 'GO:0030335', 'GO:1905806', 'GO:0004672', 'GO:0005004', 'GO:1902004', 'GO:0005003', 'GO:0030175', 'GO:0008284', 'GO:0007411', 'GO:0090102', 'GO:0061001', 'GO:0004713', 'GO:0016301', 'GO:0043197', 'GO:0004714', 'GO:1900038', 'GO:0005524', 'GO:0050821', 'GO:0048681', 'GO:0044297', 'GO:0043087', 'GO:0005912', 'GO:0030425', 'GO:0106030', 'GO:0042734', 'GO:0043198', 'GO:0097155', 'GO:0045211', 'GO:0017148', 'GO:0097156', 'GO:0008045', 'GO:0021957', 'GO:0043204', 'GO:0010977', 'GO:0005886', 'GO:1904646', 'GO:0010719', 'GO:0048710', 'GO:0043679', 'GO:0046330', 'GO:0005737', 'GO:0001540', 'GO:0005515', 'GO:0016020', 'GO:0031901', 'GO:1905244', 'GO:1902533', 'GO:0007162', 'GO:0050775', 'GO:1990782', 'GO:0097161', 'GO:0045785', 'GO:0098883', 'GO:0005769', 'GO:1904999', 'GO:0009986', 'GO:0030424', 'GO:0098685', 'GO:0042802', 'GO:1900272', 'GO:0050770', 'GO:0031594', 'GO:0042731', 'GO:0005005', 'GO:0046875', 'GO:0070373', 'GO:0044295'}
P54826	Growth arrest-specific protein 1	{'GO:0045930', 'GO:0045880', 'GO:0043066', 'GO:0140597', 'GO:0008589', 'GO:0045165', 'GO:0051726', 'GO:0030308', 'GO:0005886', 'GO:0035924', 'GO:0048589', 'GO:0016020', 'GO:0010955', 'GO:0005515', 'GO:0042476', 'GO:0008142', 'GO:0060628', 'GO:0042981'}
P55001	Microfibrillar-associated protein 2	{'GO:0005201', 'GO:0001527', 'GO:0031012', 'GO:0048048', 'GO:0120162', 'GO:0048050', 'GO:0005576', 'GO:0070051', 'GO:0005515', 'GO:0001968', 'GO:0140149'}
P55259	Pancreatic secretory granule membrane major glycoprotein GP2	{'GO:1990266', 'GO:0016324', 'GO:0009897', 'GO:0005886', 'GO:0042589', 'GO:0045121', 'GO:0005576', 'GO:0070062', 'GO:0005768', 'GO:0005515', 'GO:0002412', 'GO:0003823', 'GO:0009986'}
P55285	Cadherin-6	{'GO:0016477', 'GO:0044331', 'GO:0005886', 'GO:0000902', 'GO:0098609', 'GO:0098978', 'GO:0008013', 'GO:0007043', 'GO:0045202', 'GO:0007156', 'GO:0034332', 'GO:0007155', 'GO:0030054', 'GO:0005912', 'GO:0005509', 'GO:0016339', 'GO:0045296', 'GO:0016020', 'GO:0099560', 'GO:0016342'}
P56270	Myc-associated zinc finger protein	{'GO:0000978', 'GO:0010628', 'GO:0000122', 'GO:0045893', 'GO:0003723', 'GO:0008284', 'GO:0030335', 'GO:0051897', 'GO:2001234', 'GO:0005634', 'GO:0000981', 'GO:0006367', 'GO:0005515', 'GO:0006357', 'GO:0005654', 'GO:0006369'}
P56915	Homeobox protein goosecoid	{'GO:0042474', 'GO:0001227', 'GO:0000978', 'GO:0003677', 'GO:0000785', 'GO:0061629', 'GO:0000981', 'GO:0006357', 'GO:0007369', 'GO:0005667', 'GO:0009888', 'GO:0014036', 'GO:0016607', 'GO:1990837', 'GO:0000122', 'GO:0006355', 'GO:0048513', 'GO:0005634', 'GO:0005654'}
P58317	Zinc finger protein 121	{'GO:0000978', 'GO:0005634', 'GO:0000981', 'GO:0005515', 'GO:0006357'}
P60508	Syncytin-2	{'GO:0005886', 'GO:0034242', 'GO:0000768', 'GO:0005515', 'GO:0007520'}
P60852	Zona pellucida sperm-binding protein 1	{'GO:0060468', 'GO:0007339', 'GO:0005886', 'GO:0031012', 'GO:0032190', 'GO:0005576', 'GO:0035805', 'GO:0005515', 'GO:0140149', 'GO:0035804'}
P62633	CCHC-type zinc finger nucleic acid binding protein	{'GO:0045893', 'GO:0003723', 'GO:0008270', 'GO:0071919', 'GO:0003727', 'GO:0051880', 'GO:0005829', 'GO:0003729', 'GO:0005737', 'GO:0045944', 'GO:0005515', 'GO:0045182', 'GO:0005783', 'GO:2000767', 'GO:0000122', 'GO:0006355', 'GO:0008284', 'GO:0005634', 'GO:0003676', 'GO:0042632'}
P62684	Endogenous retrovirus group K member 113 Gag polyprotein	{'GO:0005886', 'GO:0005198', 'GO:0008270', 'GO:0003676', 'GO:0016032'}
P63145	Endogenous retrovirus group K member 24 Gag polyprotein	{'GO:0005886', 'GO:0005198', 'GO:0008270', 'GO:0003676', 'GO:0016032'}
P78325	Disintegrin and metalloproteinase domain-containing protein 8	{'GO:0002523', 'GO:0004222', 'GO:0005886', 'GO:0048247', 'GO:0000902', 'GO:0042581', 'GO:0070821', 'GO:0043410', 'GO:0008270', 'GO:0050839', 'GO:2000391', 'GO:0045785', 'GO:0023061', 'GO:0009986', 'GO:0043524', 'GO:2000309', 'GO:0045780', 'GO:0051044', 'GO:0051897', 'GO:0032010', 'GO:0050714', 'GO:0005737', 'GO:0005515', 'GO:0071133', 'GO:0071456', 'GO:0010954', 'GO:0002102', 'GO:0032127', 'GO:0070820', 'GO:0005509', 'GO:2000415', 'GO:0006954', 'GO:2000418', 'GO:0016020', 'GO:0045089', 'GO:0010718', 'GO:0008237', 'GO:0101003', 'GO:0002675', 'GO:0001525', 'GO:0035579', 'GO:0022407', 'GO:0070245', 'GO:0004252', 'GO:0002693', 'GO:0032813', 'GO:0033089', 'GO:0006508', 'GO:0022617', 'GO:0034987', 'GO:0007249'}
P78385	Keratin, type II cuticular Hb3	{'GO:0005829', 'GO:0045109', 'GO:0031424', 'GO:0030280', 'GO:0042633', 'GO:0005576', 'GO:0008544', 'GO:0005515', 'GO:0045095'}
P78413	Iroquois-class homeodomain protein IRX-4	{'GO:0000978', 'GO:0003677', 'GO:0000122', 'GO:0007507', 'GO:0006355', 'GO:0000785', 'GO:0048561', 'GO:0005634', 'GO:0000981', 'GO:0030182', 'GO:0048468', 'GO:0005515', 'GO:0006357'}
P78536	Disintegrin and metalloproteinase domain-containing protein 17	{'GO:0120163', 'GO:0000139', 'GO:0004222', 'GO:0006508', 'GO:0033627', 'GO:0009410', 'GO:0043130', 'GO:0005886', 'GO:0032760', 'GO:0002690', 'GO:0005138', 'GO:0007219', 'GO:0048536', 'GO:0035313', 'GO:0004175', 'GO:0001666', 'GO:0043491', 'GO:0010820', 'GO:0023061', 'GO:1903265', 'GO:0009986', 'GO:0006509', 'GO:0033077', 'GO:0005911', 'GO:0048870', 'GO:0045121', 'GO:0030183', 'GO:0005737', 'GO:0030307', 'GO:0019955', 'GO:0032496', 'GO:0005515', 'GO:0007155', 'GO:0002532', 'GO:0007220', 'GO:0030335', 'GO:0032587', 'GO:0032722', 'GO:0043536', 'GO:0016324', 'GO:0070573', 'GO:0002467', 'GO:0042987', 'GO:0015629', 'GO:1900087', 'GO:0071679', 'GO:1905564', 'GO:0016020', 'GO:0030512', 'GO:0008237', 'GO:0007173', 'GO:0050830', 'GO:0045742', 'GO:0008284', 'GO:0005112', 'GO:0043120', 'GO:0005178', 'GO:0002446', 'GO:0030165', 'GO:0008233', 'GO:0016485', 'GO:0005788', 'GO:0140447', 'GO:0033025', 'GO:0005925', 'GO:0140448', 'GO:0071403'}
P78539	Sushi repeat-containing protein SRPX	{'GO:0005201', 'GO:0031012', 'GO:0016020', 'GO:0005515', 'GO:0001845', 'GO:0140149', 'GO:0009986'}
P78549	Endonuclease III-like protein 1	{'GO:0003690', 'GO:0019104', 'GO:0006281', 'GO:0006285', 'GO:0006289', 'GO:0003677', 'GO:0140078', 'GO:0045008', 'GO:0005737', 'GO:0005515', 'GO:0000703', 'GO:0003824', 'GO:0008534', 'GO:0051539', 'GO:0004519', 'GO:0005739', 'GO:0006284', 'GO:0003684', 'GO:0005634', 'GO:0003906', 'GO:0005654'}
P81408	Protein ENTREP3	{'GO:0005515', 'GO:0016020', 'GO:0005654', 'GO:0050699'}
P83105	Serine protease HTRA4	{'GO:0043065', 'GO:0006508', 'GO:0004252', 'GO:0042802', 'GO:0004175', 'GO:0005576', 'GO:0030512', 'GO:0005515', 'GO:0012501'}
P83110	Serine protease HTRA3	{'GO:0006508', 'GO:0004252', 'GO:0042802', 'GO:0004175', 'GO:0005576', 'GO:0030512', 'GO:0005515', 'GO:0030514', 'GO:0008236'}
P98153	Integral membrane protein DGCR2/IDD	{'GO:0005515', 'GO:0016020', 'GO:0050890', 'GO:0009887'}
P98155	Very low-density lipoprotein receptor	{'GO:1900006', 'GO:0034436', 'GO:0005886', 'GO:0006898', 'GO:0038026', 'GO:0038024', 'GO:0007165', 'GO:0048306', 'GO:0034447', 'GO:0046718', 'GO:0005905', 'GO:0007613', 'GO:0005515', 'GO:0005509', 'GO:0016020', 'GO:0005765', 'GO:0007399', 'GO:0034189', 'GO:0005041', 'GO:0006897', 'GO:0030229', 'GO:0038025', 'GO:0001618', 'GO:0034185', 'GO:0043235'}
P98168	Zinc finger X-linked protein ZXDA	{'GO:0070742', 'GO:0045893', 'GO:0005634', 'GO:0005515', 'GO:0006357', 'GO:0003712', 'GO:0003713'}
P98169	Zinc finger X-linked protein ZXDB	{'GO:0070742', 'GO:0045893', 'GO:0005634', 'GO:0005515', 'GO:0006357', 'GO:0003712', 'GO:0003713'}
P98182	Zinc finger protein 200	{'GO:0005515', 'GO:0034504', 'GO:0005634'}
Q01101	Insulinoma-associated protein 1	{'GO:0061104', 'GO:0001227', 'GO:0045597', 'GO:0017053', 'GO:0042421', 'GO:0010468', 'GO:0008285', 'GO:0060090', 'GO:0000978', 'GO:0051726', 'GO:0003309', 'GO:0061549', 'GO:2000179', 'GO:0010564', 'GO:0030182', 'GO:0060290', 'GO:0003358', 'GO:0031490', 'GO:0003310', 'GO:0042127', 'GO:0000122', 'GO:0030154', 'GO:0043254', 'GO:0030332', 'GO:0003700', 'GO:0005634', 'GO:0042826', 'GO:0001933', 'GO:0005654'}
Q01954	Zinc finger protein basonuclin-1	{'GO:0031981', 'GO:0001216', 'GO:0005730', 'GO:0000182', 'GO:0008284', 'GO:0005634', 'GO:0045943', 'GO:0005737', 'GO:1900195', 'GO:0006356', 'GO:0008544', 'GO:0005654'}
Q02297	Pro-neuregulin-1, membrane-bound isoform	{'GO:0008083', 'GO:0060379', 'GO:0042060', 'GO:0035556', 'GO:0005886', 'GO:0045892', 'GO:0016151', 'GO:0055007', 'GO:0008270', 'GO:0007422', 'GO:0038129', 'GO:0038133', 'GO:0098978', 'GO:0007169', 'GO:0045785', 'GO:0045499', 'GO:0050919', 'GO:0030296', 'GO:2001240', 'GO:0051048', 'GO:0005125', 'GO:0010667', 'GO:0038130', 'GO:0070374', 'GO:0038135', 'GO:1900086', 'GO:0038138', 'GO:0007420', 'GO:0023051', 'GO:0030307', 'GO:0055012', 'GO:0005515', 'GO:0007154', 'GO:0043125', 'GO:0005102', 'GO:0014032', 'GO:0099149', 'GO:0016324', 'GO:0032148', 'GO:0030297', 'GO:0060045', 'GO:0008283', 'GO:0010646', 'GO:0016020', 'GO:0005576', 'GO:0051094', 'GO:0007399', 'GO:0003222', 'GO:0030879', 'GO:0051155', 'GO:0030154', 'GO:0038127', 'GO:0030971', 'GO:0048018', 'GO:0008284', 'GO:0060956', 'GO:0005634', 'GO:0038128', 'GO:0005178', 'GO:0031334', 'GO:0003712'}
Q02386	Zinc finger protein 45	{'GO:0006355', 'GO:0005634', 'GO:0005654', 'GO:0003700'}
Q02446	Transcription factor Sp4	{'GO:0000978', 'GO:0000785', 'GO:0043565', 'GO:0005634', 'GO:0000981', 'GO:0042802', 'GO:0005515', 'GO:0006357', 'GO:0005654'}
Q02447	Transcription factor Sp3	{'GO:0003690', 'GO:0005654', 'GO:0045893', 'GO:0045892', 'GO:0001227', 'GO:0043565', 'GO:0017053', 'GO:0032993', 'GO:0000978', 'GO:0003677', 'GO:0000785', 'GO:0000981', 'GO:0016605', 'GO:0045944', 'GO:0005515', 'GO:0006357', 'GO:0000987', 'GO:1990837', 'GO:0000977', 'GO:0000122', 'GO:0006355', 'GO:0003682', 'GO:0005634', 'GO:0061629'}
Q02487	Desmocollin-2	{'GO:0005886', 'GO:0098609', 'GO:0001533', 'GO:0031410', 'GO:0090136', 'GO:0005911', 'GO:1900745', 'GO:0014704', 'GO:1903829', 'GO:0005515', 'GO:0007156', 'GO:0086083', 'GO:0030057', 'GO:0007155', 'GO:0005912', 'GO:0005509', 'GO:0086042', 'GO:0016020', 'GO:0070062', 'GO:0090303', 'GO:0086091', 'GO:0098911', 'GO:0046983', 'GO:0086073'}
Q02556	Interferon regulatory factor 8	{'GO:0002316', 'GO:0001227', 'GO:0002376', 'GO:0000978', 'GO:0003677', 'GO:0005829', 'GO:0071346', 'GO:0000785', 'GO:0098542', 'GO:0000981', 'GO:0005737', 'GO:0005515', 'GO:0006357', 'GO:0045944', 'GO:0097028', 'GO:0002273', 'GO:0002314', 'GO:0006955', 'GO:0032479', 'GO:1990837', 'GO:0043065', 'GO:0000977', 'GO:0000122', 'GO:0006355', 'GO:0003700', 'GO:0005634', 'GO:0000976', 'GO:0005654'}
Q02985	Complement factor H-related protein 3	{'GO:0006956', 'GO:0072562', 'GO:0001851', 'GO:0070062', 'GO:0005576', 'GO:0005515'}
Q03403	Trefoil factor 2	{'GO:0070098', 'GO:0031723', 'GO:0005576', 'GO:0005515', 'GO:0060455', 'GO:0030277'}
Q03405	Urokinase plasminogen activator surface receptor	{'GO:0005886', 'GO:0005789', 'GO:0008047', 'GO:0031639', 'GO:0005925', 'GO:0038195', 'GO:0010755', 'GO:0009986', 'GO:2001243', 'GO:0019904', 'GO:0007165', 'GO:0006935', 'GO:0043388', 'GO:0090200', 'GO:0098634', 'GO:0019899', 'GO:0098637', 'GO:0005515', 'GO:0005102', 'GO:0019898', 'GO:0043066', 'GO:0030162', 'GO:0034394', 'GO:0030155', 'GO:0009897', 'GO:0001934', 'GO:0016020', 'GO:0007160', 'GO:0005576', 'GO:0038023', 'GO:0035579', 'GO:0045742', 'GO:0005788', 'GO:0030377', 'GO:0051917', 'GO:1905370', 'GO:0090091', 'GO:0034112', 'GO:0007596'}
Q03426	Mevalonate kinase	{'GO:0005829', 'GO:0050728', 'GO:0006695', 'GO:0000287', 'GO:0036197', 'GO:0016125', 'GO:0008299', 'GO:0042802', 'GO:0005737', 'GO:0019287', 'GO:0033386', 'GO:0005524', 'GO:0005515', 'GO:0005777', 'GO:0004496'}
Q03591	Complement factor H-related protein 1	{'GO:0006956', 'GO:0072562', 'GO:0045917', 'GO:0001851', 'GO:0032991', 'GO:0042802', 'GO:0005576', 'GO:0005515'}
Q03923	Zinc finger protein 85	{'GO:0000978', 'GO:0000122', 'GO:0006355', 'GO:0001227', 'GO:0005634', 'GO:0000981', 'GO:0005515', 'GO:0006357', 'GO:0005654'}
Q03936	Zinc finger protein 92	{'GO:0000978', 'GO:0000122', 'GO:0006355', 'GO:0008270', 'GO:0003700', 'GO:0000981', 'GO:0005634', 'GO:0005515'}
Q03938	Zinc finger protein 90	{'GO:0000978', 'GO:0006355', 'GO:0008270', 'GO:0003700', 'GO:0000981', 'GO:0005634', 'GO:0006357'}
Q04756	Hepatocyte growth factor activator serine protease	{'GO:0005829', 'GO:0005791', 'GO:0007596', 'GO:0006508', 'GO:0004252', 'GO:0005737', 'GO:0008233', 'GO:0005576', 'GO:0005515', 'GO:0008236', 'GO:0031638'}
Q05215	Early growth response protein 4	{'GO:0000978', 'GO:0001228', 'GO:1990837', 'GO:0000785', 'GO:0045944', 'GO:0043565', 'GO:0008284', 'GO:0003700', 'GO:0005634', 'GO:0000981', 'GO:0005515', 'GO:0006357', 'GO:0005654'}
Q05516	Zinc finger and BTB domain-containing protein 16	{'GO:0003690', 'GO:0042803', 'GO:0045893', 'GO:0042733', 'GO:0045892', 'GO:0001227', 'GO:0030097', 'GO:0032991', 'GO:0017053', 'GO:0032332', 'GO:0001823', 'GO:0001222', 'GO:0010468', 'GO:0000978', 'GO:0003677', 'GO:0005829', 'GO:0007417', 'GO:0000785', 'GO:0030099', 'GO:0043931', 'GO:0019904', 'GO:0061036', 'GO:0031703', 'GO:0045595', 'GO:0042802', 'GO:0045600', 'GO:0016605', 'GO:0016604', 'GO:0005515', 'GO:0006357', 'GO:0045944', 'GO:2000026', 'GO:0001228', 'GO:0051138', 'GO:0035116', 'GO:0045778', 'GO:0045638', 'GO:0016567', 'GO:0002394', 'GO:0034504', 'GO:0016607', 'GO:0006915', 'GO:0000122', 'GO:0051240', 'GO:0003700', 'GO:0005634', 'GO:0045066', 'GO:0051216', 'GO:0003712'}
Q05BQ5	MBT domain-containing protein 1	{'GO:0045893', 'GO:0045892', 'GO:0008270', 'GO:0140005', 'GO:2000779', 'GO:0042981', 'GO:0051726', 'GO:0035267', 'GO:0005515', 'GO:0000786', 'GO:0042393', 'GO:0006325', 'GO:0005694', 'GO:0062060', 'GO:0035861', 'GO:0000724', 'GO:0140117', 'GO:0006355', 'GO:0003682', 'GO:0005634', 'GO:1905168', 'GO:0005654'}
Q06203	Amidophosphoribosyltransferase	{'GO:0005829', 'GO:0006164', 'GO:0044208', 'GO:0097294', 'GO:0009113', 'GO:0004044', 'GO:0006189', 'GO:0005515', 'GO:0006177'}
Q06481	Amyloid beta precursor like protein 2	{'GO:0003677', 'GO:0004867', 'GO:0007417', 'GO:0031091', 'GO:0005886', 'GO:0007186', 'GO:0031092', 'GO:0005634', 'GO:0042802', 'GO:0008201', 'GO:0016020', 'GO:0005788', 'GO:0070062', 'GO:0046914', 'GO:0005515', 'GO:0007409'}
Q06587	E3 ubiquitin-protein ligase RING1	{'GO:0061630', 'GO:0045893', 'GO:0045892', 'GO:0031507', 'GO:0031519', 'GO:0000785', 'GO:0006338', 'GO:0035102', 'GO:0016604', 'GO:0005515', 'GO:0001739', 'GO:0006325', 'GO:0016567', 'GO:0016607', 'GO:0003682', 'GO:0005634', 'GO:0000151', 'GO:0097027', 'GO:0005654'}
Q06732	Zinc finger protein 33B	{'GO:0000122', 'GO:0006355', 'GO:0005634', 'GO:0000976', 'GO:0005515'}
Q06889	Early growth response protein 3	{'GO:0043565', 'GO:0160108', 'GO:0048731', 'GO:0000978', 'GO:0035767', 'GO:0000785', 'GO:0000981', 'GO:0045944', 'GO:0006357', 'GO:0001938', 'GO:0001228', 'GO:0043066', 'GO:0007623', 'GO:0044344', 'GO:1990837', 'GO:0002042', 'GO:0003700', 'GO:0035924', 'GO:0005634', 'GO:0005654', 'GO:0007517'}
Q07011	Tumor necrosis factor receptor superfamily member 9	{'GO:0008285', 'GO:0009897', 'GO:0005886', 'GO:0005515', 'GO:0038023', 'GO:0042127', 'GO:0006915'}
Q07352	mRNA decay activator protein ZFP36L1	{'GO:0045616', 'GO:0000165', 'GO:0048382', 'GO:0160134', 'GO:0070371', 'GO:0003723', 'GO:0035925', 'GO:0045657', 'GO:0031440', 'GO:0043491', 'GO:0032869', 'GO:0010468', 'GO:0005829', 'GO:0045647', 'GO:0071472', 'GO:0061158', 'GO:0033077', 'GO:0000289', 'GO:0071320', 'GO:0003729', 'GO:0031086', 'GO:0046872', 'GO:0072091', 'GO:0045600', 'GO:0005737', 'GO:0005515', 'GO:0009611', 'GO:1900153', 'GO:0097403', 'GO:0071356', 'GO:0071456', 'GO:0038066', 'GO:1904582', 'GO:0045577', 'GO:0010837', 'GO:0071560', 'GO:0071385', 'GO:0044344', 'GO:1902172', 'GO:0051028', 'GO:0071889', 'GO:0071364', 'GO:1990904', 'GO:1901991', 'GO:0017148', 'GO:0000932', 'GO:0005634', 'GO:0000900', 'GO:0043488', 'GO:0071375', 'GO:0045661'}
Q08554	Desmocollin-1	{'GO:0002160', 'GO:0005911', 'GO:0005886', 'GO:0005921', 'GO:0005509', 'GO:0050680', 'GO:0098609', 'GO:0001533', 'GO:0016020', 'GO:0070062', 'GO:0031069', 'GO:0101003', 'GO:0005515', 'GO:0007156', 'GO:0030057', 'GO:0007155', 'GO:0061436'}
Q08629	Testican-1	{'GO:0010977', 'GO:0021953', 'GO:0022008', 'GO:0001764', 'GO:0014069', 'GO:0010810', 'GO:0004867', 'GO:0016528', 'GO:0004869', 'GO:0005737', 'GO:0010812', 'GO:0005515', 'GO:0007155', 'GO:0001558', 'GO:0031012', 'GO:0005509', 'GO:0008191', 'GO:0005576', 'GO:0007399', 'GO:0031594', 'GO:0005201', 'GO:0033268', 'GO:0140150'}
Q08AG5	Zinc finger protein 844	{'GO:0000977', 'GO:0006355', 'GO:0005634', 'GO:0000981', 'GO:0005515', 'GO:0006357'}
Q08AN1	Zinc finger protein 616	{'GO:0000978', 'GO:1990837', 'GO:0006355', 'GO:0005634', 'GO:0000981', 'GO:0005737', 'GO:0006357'}
Q08ER8	Zinc finger protein 543	{'GO:0000978', 'GO:0006355', 'GO:0005634', 'GO:0000981', 'GO:0005515', 'GO:0006357'}
Q08ET2	Sialic acid-binding Ig-like lectin 14	{'GO:0005886', 'GO:0070821', 'GO:0033691', 'GO:0101003', 'GO:0005515', 'GO:0007155'}
Q09013	Myotonin-protein kinase	{'GO:0005886', 'GO:0005789', 'GO:0106310', 'GO:0033017', 'GO:0005524', 'GO:0010657', 'GO:0005829', 'GO:0008016', 'GO:0005515', 'GO:0031966', 'GO:0017020', 'GO:0006468', 'GO:0004672', 'GO:0031965', 'GO:0006874', 'GO:0006998', 'GO:0014722', 'GO:0010830', 'GO:0004674', 'GO:0005640', 'GO:0005741'}
Q09FC8	Zinc finger protein 415	{'GO:0000978', 'GO:1990837', 'GO:0005634', 'GO:0000981', 'GO:0005737', 'GO:0005515', 'GO:0006357'}
Q0D2J5	Zinc finger protein 763	{'GO:0000978', 'GO:1990837', 'GO:0006355', 'GO:0003700', 'GO:0005634', 'GO:0005515', 'GO:0006357'}
Q0VG06	Fanconi anemia core complex-associated protein 100	{'GO:0005829', 'GO:0000785', 'GO:0036297', 'GO:0005634', 'GO:0043240', 'GO:0005515', 'GO:0005654'}
Q0VGE8	Zinc finger protein 816	{'GO:0000978', 'GO:1990837', 'GO:0000122', 'GO:0006355', 'GO:0003700', 'GO:0005634', 'GO:0000981', 'GO:0006357'}
Q12765	Secernin-1	{'GO:0006508', 'GO:0070004', 'GO:0098693', 'GO:0005634', 'GO:0005737', 'GO:0031965', 'GO:0006887', 'GO:0016805', 'GO:0005515', 'GO:0098793'}
Q12805	EGF-containing fibulin-like extracellular matrix protein 1	{'GO:0007601', 'GO:0043010', 'GO:0048048', 'GO:0018108', 'GO:0032331', 'GO:0140144', 'GO:0005515', 'GO:0005154', 'GO:0031012', 'GO:0005509', 'GO:0005739', 'GO:0005576', 'GO:0070062', 'GO:0007173', 'GO:0071953', 'GO:0140149', 'GO:0005006', 'GO:0005201', 'GO:0006355', 'GO:0048050'}
Q12841	Follistatin-related protein 1	{'GO:0043066', 'GO:0030154', 'GO:0005509', 'GO:0008201', 'GO:0005576', 'GO:0045446', 'GO:0043542', 'GO:0005788', 'GO:0005515', 'GO:0070062'}
Q12901	Zinc finger protein 155	{'GO:0000122', 'GO:0006355', 'GO:0001227', 'GO:0043565', 'GO:0003700', 'GO:0005634', 'GO:0005515', 'GO:0005654'}
Q12933	TNF receptor-associated factor 2	{'GO:0097400', 'GO:1905669', 'GO:0031625', 'GO:0005174', 'GO:0061630', 'GO:0005654', 'GO:0097057', 'GO:0005886', 'GO:0034976', 'GO:0035591', 'GO:0019901', 'GO:0046328', 'GO:0032991', 'GO:0008270', 'GO:0002947', 'GO:0034351', 'GO:0008625', 'GO:0012501', 'GO:1903265', 'GO:0010628', 'GO:0032743', 'GO:0005829', 'GO:0043123', 'GO:0035631', 'GO:0033209', 'GO:0012506', 'GO:0007165', 'GO:0046872', 'GO:0160162', 'GO:0045121', 'GO:0042802', 'GO:0019899', 'GO:0005737', 'GO:0009898', 'GO:0044877', 'GO:0005515', 'GO:0031996', 'GO:0042110', 'GO:0048255', 'GO:0070534', 'GO:0043507', 'GO:0065003', 'GO:0043408', 'GO:1905670', 'GO:0006954', 'GO:0016567', 'GO:0005938', 'GO:0070059', 'GO:0002700', 'GO:0030674', 'GO:0023035', 'GO:2001238', 'GO:0140639', 'GO:0038061', 'GO:0004842', 'GO:0008630', 'GO:0043254', 'GO:0031435', 'GO:0002726', 'GO:0005164', 'GO:0046625', 'GO:0002224', 'GO:0019903', 'GO:0043120', 'GO:0000151', 'GO:1990604', 'GO:0051865', 'GO:0032813', 'GO:0042981', 'GO:0007249', 'GO:0043235'}
Q12946	Forkhead box protein F1	{'GO:0001701', 'GO:0060426', 'GO:0045893', 'GO:0043565', 'GO:0160108', 'GO:0048731', 'GO:0048613', 'GO:0031016', 'GO:0072189', 'GO:0000978', 'GO:0003677', 'GO:0003197', 'GO:0000785', 'GO:0060841', 'GO:0001568', 'GO:0000981', 'GO:0009887', 'GO:0045944', 'GO:0006357', 'GO:0001228', 'GO:0048557', 'GO:0005667', 'GO:0097070', 'GO:0060438', 'GO:0048565', 'GO:0030324', 'GO:0007494', 'GO:0003214', 'GO:0001763', 'GO:0030323', 'GO:0000977', 'GO:0007507', 'GO:0006355', 'GO:0003700', 'GO:0005634', 'GO:0000976'}
Q13049	E3 ubiquitin-protein ligase TRIM32	{'GO:0061630', 'GO:0044790', 'GO:0045893', 'GO:0043130', 'GO:0003723', 'GO:0010508', 'GO:0019725', 'GO:0045787', 'GO:0008270', 'GO:0009411', 'GO:0010994', 'GO:0000045', 'GO:0031369', 'GO:0034612', 'GO:0042594', 'GO:2000786', 'GO:0003713', 'GO:0010468', 'GO:0045087', 'GO:0140374', 'GO:1903265', 'GO:0005829', 'GO:0005776', 'GO:0043123', 'GO:0050769', 'GO:0045732', 'GO:0006511', 'GO:0048147', 'GO:0042802', 'GO:0005737', 'GO:0030307', 'GO:2000147', 'GO:0005515', 'GO:0009896', 'GO:0006979', 'GO:0030335', 'GO:0070534', 'GO:0045444', 'GO:0030957', 'GO:0005783', 'GO:0045666', 'GO:0045862', 'GO:0005739', 'GO:0033554', 'GO:0016567', 'GO:0034198', 'GO:0030674', 'GO:0070936', 'GO:0005863', 'GO:1902018', 'GO:1902230', 'GO:0017022', 'GO:0004842', 'GO:0034144', 'GO:0005813', 'GO:0005634', 'GO:0051247', 'GO:0000209'}
Q13105	Zinc finger and BTB domain-containing protein 17	{'GO:0070314', 'GO:0045893', 'GO:0001227', 'GO:0032991', 'GO:0001223', 'GO:0032993', 'GO:0008285', 'GO:0000978', 'GO:0003677', 'GO:0045786', 'GO:0002682', 'GO:0001817', 'GO:0045944', 'GO:0005515', 'GO:0001228', 'GO:0001046', 'GO:0140297', 'GO:0000122', 'GO:0003700', 'GO:0005634', 'GO:0005654'}
Q13106	Zinc finger protein 154	{'GO:0000978', 'GO:0006355', 'GO:0045892', 'GO:0005634', 'GO:0000981', 'GO:0006357'}
Q13114	TNF receptor-associated factor 3	{'GO:0031625', 'GO:0051607', 'GO:0061630', 'GO:0035591', 'GO:0019901', 'GO:0008270', 'GO:0010008', 'GO:0045087', 'GO:0140374', 'GO:0060337', 'GO:0005829', 'GO:0035631', 'GO:0033209', 'GO:0032648', 'GO:0007165', 'GO:0050688', 'GO:0001817', 'GO:0042802', 'GO:0005737', 'GO:0009898', 'GO:0005515', 'GO:0031996', 'GO:0008063', 'GO:0030162', 'GO:0043122', 'GO:0034142', 'GO:0005739', 'GO:0032479', 'GO:0016020', 'GO:0035666', 'GO:1902554', 'GO:0006915', 'GO:0004842', 'GO:0007166', 'GO:0005164', 'GO:0002224', 'GO:0019903', 'GO:0000151', 'GO:0005768', 'GO:0032481', 'GO:0042981'}
Q13191	E3 ubiquitin-protein ligase CBL-B	{'GO:0061630', 'GO:0005886', 'GO:0008270', 'GO:0050821', 'GO:0005829', 'GO:0007165', 'GO:0046872', 'GO:0045121', 'GO:0001784', 'GO:0005737', 'GO:0023051', 'GO:0005515', 'GO:0070534', 'GO:0006607', 'GO:2000583', 'GO:0005509', 'GO:0016567', 'GO:0050860', 'GO:0004842', 'GO:0007166', 'GO:0030971', 'GO:0042059', 'GO:0050868'}
Q13263	Transcription intermediary factor 1-beta	{'GO:0031625', 'GO:0003714', 'GO:0061630', 'GO:0005654', 'GO:0044790', 'GO:0045893', 'GO:0003723', 'GO:0045892', 'GO:0032991', 'GO:0008270', 'GO:0006281', 'GO:0140463', 'GO:0016925', 'GO:0043124', 'GO:0003713', 'GO:0045087', 'GO:1990841', 'GO:0003677', 'GO:0140374', 'GO:0000785', 'GO:0016740', 'GO:0035851', 'GO:0005515', 'GO:0043161', 'GO:0090575', 'GO:0004672', 'GO:0006325', 'GO:0016567', 'GO:0070087', 'GO:0001837', 'GO:0004842', 'GO:0140096', 'GO:0042307', 'GO:0019789', 'GO:0003682', 'GO:0006974', 'GO:0000791', 'GO:0005634', 'GO:0000792', 'GO:0061665', 'GO:0045739', 'GO:0032481', 'GO:0003712', 'GO:0006346'}
Q13275	Semaphorin-3F	{'GO:0005886', 'GO:0048846', 'GO:0021675', 'GO:0099175', 'GO:0030215', 'GO:0036486', 'GO:0098978', 'GO:0021785', 'GO:0045499', 'GO:0050919', 'GO:0061549', 'GO:0030335', 'GO:0097491', 'GO:0071526', 'GO:0021612', 'GO:0005576', 'GO:1901166', 'GO:0038191', 'GO:0021637', 'GO:0007411', 'GO:0097490'}
Q13342	Nuclear body protein SP140	{'GO:0003677', 'GO:0005634', 'GO:0000981', 'GO:0016605', 'GO:0005737', 'GO:0005515', 'GO:0006357', 'GO:0006952'}
Q13360	Zinc finger protein 177	{'GO:1990837', 'GO:0072562', 'GO:0000977', 'GO:0000122', 'GO:0006355', 'GO:0005634', 'GO:0000981', 'GO:0005515', 'GO:0006357'}
Q13368	MAGUK p55 subfamily member 3	{'GO:0005912', 'GO:0016324', 'GO:0005911', 'GO:0005886', 'GO:0030165', 'GO:0005515'}
Q13398	Zinc finger protein 211	{'GO:0000978', 'GO:0006355', 'GO:0045892', 'GO:0005634', 'GO:0000981', 'GO:0006357'}
Q13422	DNA-binding protein Ikaros	{'GO:0000978', 'GO:0003677', 'GO:0030098', 'GO:0005721', 'GO:0045892', 'GO:0019904', 'GO:0007498', 'GO:0003700', 'GO:0005634', 'GO:0032991', 'GO:0042802', 'GO:0005737', 'GO:0005515', 'GO:0006357', 'GO:0005654', 'GO:0030218'}
Q13434	Putative E3 ubiquitin-protein ligase makorin-4	{'GO:0016567', 'GO:0061630', 'GO:0000209', 'GO:0046872'}
Q13438	Protein OS-9	{'GO:0000836', 'GO:0006605', 'GO:0005783', 'GO:1904153', 'GO:0006511', 'GO:0034976', 'GO:0036503', 'GO:0006621', 'GO:0005789', 'GO:0140032', 'GO:0016567', 'GO:0030968', 'GO:0005788', 'GO:0005515', 'GO:0002020'}
Q13443	Disintegrin and metalloproteinase domain-containing protein 9	{'GO:0017124', 'GO:0051384', 'GO:0004222', 'GO:0031293', 'GO:0016477', 'GO:0033627', 'GO:0005886', 'GO:0033631', 'GO:0043410', 'GO:0034612', 'GO:0034241', 'GO:0005925', 'GO:0042542', 'GO:0009986', 'GO:0033630', 'GO:0006509', 'GO:0051044', 'GO:0050714', 'GO:0005515', 'GO:0005080', 'GO:0007155', 'GO:0005518', 'GO:0030335', 'GO:0009897', 'GO:0007229', 'GO:0010042', 'GO:0042987', 'GO:0051592', 'GO:0007179', 'GO:0007160', 'GO:0005576', 'GO:0070062', 'GO:0008237', 'GO:0042117', 'GO:0030216', 'GO:0071222', 'GO:0051549', 'GO:0005178', 'GO:0016485', 'GO:0006508', 'GO:0043236'}
Q13444	Disintegrin and metalloproteinase domain-containing protein 15	{'GO:0017124', 'GO:0004222', 'GO:0001669', 'GO:0005886', 'GO:0045087', 'GO:0009986', 'GO:1904628', 'GO:0042246', 'GO:0030336', 'GO:0005515', 'GO:0031514', 'GO:0005912', 'GO:0002418', 'GO:0007229', 'GO:0001953', 'GO:0030308', 'GO:0007160', 'GO:1990910', 'GO:0005576', 'GO:0070062', 'GO:0008237', 'GO:0008584', 'GO:0012505', 'GO:0005178', 'GO:0006508', 'GO:0022617', 'GO:0034987'}
Q13470	Non-receptor tyrosine-protein kinase TNK1	{'GO:0004715', 'GO:0006468', 'GO:0005886', 'GO:0046777', 'GO:0004672', 'GO:0005737', 'GO:0016020', 'GO:0005524', 'GO:0005515', 'GO:0004713'}
Q13501	Sequestosome-1	{'GO:0031625', 'GO:0035556', 'GO:0098978', 'GO:0035973', 'GO:0010821', 'GO:0005770', 'GO:0006914', 'GO:0044877', 'GO:0045202', 'GO:0097413', 'GO:0031399', 'GO:1905719', 'GO:0005783', 'GO:0070530', 'GO:1900273', 'GO:0110076', 'GO:0030971', 'GO:0005634', 'GO:0016197', 'GO:0098780', 'GO:0031397', 'GO:0070342', 'GO:0016235', 'GO:0043130', 'GO:0008270', 'GO:0046578', 'GO:0030163', 'GO:0030017', 'GO:0005776', 'GO:0140313', 'GO:0000422', 'GO:0016605', 'GO:0016234', 'GO:0061635', 'GO:0005739', 'GO:0038023', 'GO:0001659', 'GO:0140693', 'GO:0044753', 'GO:0008104', 'GO:0035591', 'GO:0010508', 'GO:0097009', 'GO:0036464', 'GO:0140036', 'GO:0005829', 'GO:0006606', 'GO:0043232', 'GO:0019899', 'GO:0005737', 'GO:0005515', 'GO:0005080', 'GO:0043122', 'GO:0033554', 'GO:0070062', 'GO:0002931', 'GO:0030674', 'GO:0071211', 'GO:0007032', 'GO:0034144', 'GO:0044754', 'GO:0005654', 'GO:0000423', 'GO:0019901', 'GO:0016236', 'GO:0006511', 'GO:0042802', 'GO:0000425', 'GO:0045944', 'GO:0140311', 'GO:0000407', 'GO:0035255', 'GO:0097225', 'GO:0042169', 'GO:0043065', 'GO:0005764', 'GO:1903078', 'GO:0140694'}
Q13574	Diacylglycerol kinase zeta	{'GO:0016301', 'GO:0047649', 'GO:0016477', 'GO:0035556', 'GO:0005886', 'GO:0098978', 'GO:0005524', 'GO:0005829', 'GO:0046486', 'GO:0004143', 'GO:0030168', 'GO:0007165', 'GO:0030027', 'GO:0005737', 'GO:0005515', 'GO:0046834', 'GO:0046339', 'GO:0016607', 'GO:0050860', 'GO:0007200', 'GO:0006654', 'GO:0005634', 'GO:0031571', 'GO:0001727'}
Q13643	Four and a half LIM domains protein 3	{'GO:0030036', 'GO:0030018', 'GO:0005634', 'GO:0005737', 'GO:0005925', 'GO:0005515', 'GO:0001725', 'GO:0007517', 'GO:0003779'}
Q13772	Nuclear receptor coactivator 4	{'GO:0071391', 'GO:0071394', 'GO:0005776', 'GO:0045893', 'GO:0044754', 'GO:0008584', 'GO:0030520', 'GO:0005634', 'GO:0006622', 'GO:0030218', 'GO:0006914', 'GO:0006879', 'GO:0005515', 'GO:0005694', 'GO:0003713', 'GO:0009725'}
Q13822	Autotaxin	{'GO:0010634', 'GO:0004622', 'GO:0030149', 'GO:2000394', 'GO:0005886', 'GO:0009395', 'GO:0008270', 'GO:0004630', 'GO:0030247', 'GO:0005044', 'GO:0046872', 'GO:0047391', 'GO:0030334', 'GO:0006955', 'GO:0005509', 'GO:0004528', 'GO:0005576', 'GO:0016192', 'GO:0016787', 'GO:0034638', 'GO:0003676'}
Q13835	Plakophilin-1	{'GO:1903676', 'GO:0005521', 'GO:0005886', 'GO:0045110', 'GO:0098609', 'GO:0001533', 'GO:0022409', 'GO:1902373', 'GO:0003677', 'GO:0010628', 'GO:0002160', 'GO:0019215', 'GO:0097165', 'GO:0030280', 'GO:0007165', 'GO:0005737', 'GO:0045944', 'GO:0005515', 'GO:0030057', 'GO:0007155', 'GO:0005882', 'GO:0005912', 'GO:0010494', 'GO:0045618', 'GO:0045296', 'GO:0036305', 'GO:1905477', 'GO:0101003', 'GO:0048471', 'GO:0002159', 'GO:0005634', 'GO:1903078', 'GO:0035377'}
Q13888	General transcription factor IIH subunit 2	{'GO:0005654', 'GO:0000439', 'GO:0006366', 'GO:0000438', 'GO:0005669', 'GO:0016251', 'GO:0005675', 'GO:0006351', 'GO:0008270', 'GO:0006281', 'GO:0009411', 'GO:0006367', 'GO:0005634', 'GO:0002031', 'GO:0005515', 'GO:0006289', 'GO:0016607'}
Q14114	Low-density lipoprotein receptor-related protein 8	{'GO:1900006', 'GO:0021987', 'GO:0019894', 'GO:0071363', 'GO:0043235', 'GO:0009410', 'GO:0005886', 'GO:0005901', 'GO:0038026', 'GO:0061003', 'GO:0038024', 'GO:0008035', 'GO:0004888', 'GO:0007165', 'GO:0030424', 'GO:0006629', 'GO:0021541', 'GO:0005515', 'GO:0050804', 'GO:0021819', 'GO:0030425', 'GO:0019221', 'GO:0005509', 'GO:0016020', 'GO:0005576', 'GO:0016192', 'GO:0071397', 'GO:0005875', 'GO:0021517', 'GO:0001523', 'GO:0005041', 'GO:0006897', 'GO:0030229', 'GO:0038025', 'GO:0006508', 'GO:0034185', 'GO:0042981', 'GO:0045088', 'GO:0043025'}
Q14119	Vascular endothelial zinc finger 1	{'GO:0001228', 'GO:0000977', 'GO:0045893', 'GO:0006968', 'GO:0045944', 'GO:0045603', 'GO:0005634', 'GO:0000981', 'GO:0005515', 'GO:0006357', 'GO:0005654'}
Q14134	Tripartite motif-containing protein 29	{'GO:0005829', 'GO:0005912', 'GO:0005764', 'GO:0002039', 'GO:0098641', 'GO:0008270', 'GO:0098609', 'GO:0042802', 'GO:0005737', 'GO:0005515'}
Q14162	Scavenger receptor class F member 1	{'GO:0030169', 'GO:0030666', 'GO:0005886', 'GO:0005044', 'GO:0016322', 'GO:0004888', 'GO:0006898', 'GO:0048680', 'GO:0016020', 'GO:0010976', 'GO:0016358', 'GO:0005515', 'GO:0006707', 'GO:0007157'}
Q14192	Four and a half LIM domains protein 2	{'GO:0003714', 'GO:0030018', 'GO:0070885', 'GO:0043425', 'GO:0042802', 'GO:0005737', 'GO:0060347', 'GO:0005515', 'GO:0008134', 'GO:0055015', 'GO:0043066', 'GO:0055014', 'GO:0000122', 'GO:0001649', 'GO:0005634', 'GO:0015629', 'GO:0005925', 'GO:0005654', 'GO:0009725'}
Q14246	Adhesion G protein-coupled receptor E1	{'GO:0071944', 'GO:0004930', 'GO:0009897', 'GO:0005886', 'GO:0007166', 'GO:0004888', 'GO:0005509', 'GO:0007186', 'GO:0016020', 'GO:0007155'}
Q14258	E3 ubiquitin/ISG15 ligase TRIM25	{'GO:0061630', 'GO:0044790', 'GO:0045893', 'GO:0003723', 'GO:0006513', 'GO:0003713', 'GO:0010507', 'GO:0045087', 'GO:0140374', 'GO:0005829', 'GO:0043123', 'GO:0046597', 'GO:0006511', 'GO:0039552', 'GO:0043627', 'GO:0005737', 'GO:0005515', 'GO:0002753', 'GO:0006979', 'GO:0010494', 'GO:0036503', 'GO:0045296', 'GO:0033280', 'GO:0016567', 'GO:0070936', 'GO:0004842', 'GO:0005634', 'GO:0032880', 'GO:0005654'}
Q14393	Growth arrest-specific protein 6	{'GO:0032715', 'GO:0005796', 'GO:0046827', 'GO:0046813', 'GO:0016477', 'GO:0031093', 'GO:0045892', 'GO:0001961', 'GO:0043027', 'GO:0045860', 'GO:2000352', 'GO:0003104', 'GO:0071333', 'GO:0010628', 'GO:0006909', 'GO:0097241', 'GO:0035754', 'GO:0070168', 'GO:0007165', 'GO:0019064', 'GO:0070374', 'GO:0043277', 'GO:0046718', 'GO:0051897', 'GO:2000510', 'GO:0005737', 'GO:0031904', 'GO:0140144', 'GO:0071466', 'GO:0005515', 'GO:0001786', 'GO:0097028', 'GO:0072659', 'GO:1900142', 'GO:0048146', 'GO:0005102', 'GO:0031100', 'GO:0043066', 'GO:0006468', 'GO:0005783', 'GO:0019079', 'GO:0032148', 'GO:0032689', 'GO:0032008', 'GO:0032720', 'GO:0050766', 'GO:0005509', 'GO:0001934', 'GO:0032825', 'GO:0005576', 'GO:0070062', 'GO:0030674', 'GO:0140149', 'GO:2000270', 'GO:0035457', 'GO:0030154', 'GO:0032692', 'GO:0070588', 'GO:0007166', 'GO:0030971', 'GO:0048018', 'GO:0071307', 'GO:2000669', 'GO:0010804', 'GO:0005788', 'GO:0085029', 'GO:2000533', 'GO:0031669'}
Q14520	Factor VII-activating protease	{'GO:0005539', 'GO:0005509', 'GO:0004252', 'GO:0008233', 'GO:0005576', 'GO:0006508', 'GO:0007155'}
Q14525	Keratin, type I cuticular Ha3-II	{'GO:0005829', 'GO:0045109', 'GO:0005856', 'GO:0005198', 'GO:0030280', 'GO:0030855', 'GO:0042633', 'GO:0005576', 'GO:0070062', 'GO:0005515', 'GO:0002009', 'GO:0045095'}
Q14526	Hypermethylated in cancer 1 protein	{'GO:1990837', 'GO:0000122', 'GO:0008630', 'GO:0006355', 'GO:0043517', 'GO:0000785', 'GO:0001227', 'GO:0043565', 'GO:0003700', 'GO:0005634', 'GO:0000981', 'GO:0042826', 'GO:0005515', 'GO:0006357', 'GO:0005654', 'GO:0030178', 'GO:0009966'}
Q14563	Semaphorin-3A	{'GO:0010977', 'GO:0005886', 'GO:0048841', 'GO:0048846', 'GO:0021675', 'GO:0030215', 'GO:0098978', 'GO:0048485', 'GO:0021785', 'GO:0001764', 'GO:0045499', 'GO:0048880', 'GO:0050919', 'GO:0061549', 'GO:0030424', 'GO:0046330', 'GO:0030335', 'GO:0097491', 'GO:0071526', 'GO:0021612', 'GO:0030900', 'GO:0060385', 'GO:0005576', 'GO:1901166', 'GO:0150020', 'GO:0038191', 'GO:0021637', 'GO:0007411', 'GO:0008045', 'GO:0021772', 'GO:0097490'}
Q14584	Zinc finger protein 266	{'GO:1990837', 'GO:0000977', 'GO:0006355', 'GO:0005634', 'GO:0000981', 'GO:0005515', 'GO:0006357'}
Q14585	Zinc finger protein 345	{'GO:0000978', 'GO:0001228', 'GO:1990837', 'GO:0000122', 'GO:0006366', 'GO:0006355', 'GO:0045944', 'GO:0005634', 'GO:0006359', 'GO:0006383', 'GO:0005515', 'GO:0006357'}
Q14586	Zinc finger protein 267	{'GO:0000122', 'GO:0006355', 'GO:0005634', 'GO:0000976', 'GO:0005737'}
Q14587	Zinc finger protein 268	{'GO:0045597', 'GO:0007346', 'GO:0008285', 'GO:0003677', 'GO:0051726', 'GO:0045732', 'GO:0045595', 'GO:0005737', 'GO:0045944', 'GO:0005515', 'GO:0071356', 'GO:0030335', 'GO:0043066', 'GO:1901224', 'GO:0042176', 'GO:0001934', 'GO:0043065', 'GO:0000122', 'GO:0006355', 'GO:0008284', 'GO:0003700', 'GO:0005634', 'GO:0000976'}
Q14588	Zinc finger protein 234	{'GO:0000122', 'GO:0006355', 'GO:0043565', 'GO:0005634', 'GO:0003700', 'GO:0005654'}
Q14590	Zinc finger protein 235	{'GO:0006355', 'GO:0045892', 'GO:0043565', 'GO:0005634', 'GO:0003700', 'GO:0005654'}
Q14593	Zinc finger protein 273	{'GO:0000978', 'GO:0006355', 'GO:0005634', 'GO:0000981', 'GO:0005515', 'GO:0006357'}
Q14721	Potassium voltage-gated channel subfamily B member 1	{'GO:0045163', 'GO:0045956', 'GO:0043204', 'GO:0044325', 'GO:0005886', 'GO:0090314', 'GO:0071277', 'GO:0071333', 'GO:2000671', 'GO:0009986', 'GO:0000149', 'GO:0006813', 'GO:0098900', 'GO:0097623', 'GO:0032590', 'GO:0042383', 'GO:0099634', 'GO:0051260', 'GO:0030424', 'GO:0005216', 'GO:0015271', 'GO:0033605', 'GO:1990635', 'GO:0045202', 'GO:0005515', 'GO:0072659', 'GO:0098981', 'GO:0030425', 'GO:0001508', 'GO:0016324', 'GO:0015459', 'GO:0010701', 'GO:0006811', 'GO:0007215', 'GO:0055085', 'GO:0046982', 'GO:0016020', 'GO:0032809', 'GO:0042593', 'GO:0048471', 'GO:0048678', 'GO:0071805', 'GO:0005249', 'GO:1902065', 'GO:1900454', 'GO:0045211', 'GO:0016328', 'GO:0005251', 'GO:0008076', 'GO:0046676', 'GO:0031669', 'GO:0043025'}
Q147U1	Zinc finger protein 846	{'GO:0000977', 'GO:0006355', 'GO:0005634', 'GO:0000981', 'GO:0005515', 'GO:0006357'}
Q14872	Metal regulatory transcription factor 1	{'GO:0000978', 'GO:0001228', 'GO:0003677', 'GO:1990837', 'GO:0035035', 'GO:0045944', 'GO:0006351', 'GO:0003700', 'GO:0005634', 'GO:0005737', 'GO:0000987', 'GO:0010038', 'GO:0071294', 'GO:0005515', 'GO:0006357', 'GO:0005654'}
Q14929	Zinc finger protein 169	{'GO:0000977', 'GO:0006355', 'GO:0005634', 'GO:0000981', 'GO:0005515', 'GO:0006357'}
Q14940	Sodium/hydrogen exchanger 5	{'GO:0051453', 'GO:0005886', 'GO:0006814', 'GO:0015386', 'GO:1990763', 'GO:0006885', 'GO:0044309', 'GO:1902600', 'GO:0097060', 'GO:0045202', 'GO:0005515', 'GO:0055038', 'GO:0035725', 'GO:0055085', 'GO:0016020', 'GO:0006812', 'GO:0032591', 'GO:0098719', 'GO:0071805', 'GO:0015297', 'GO:0005925', 'GO:0015385'}
Q14990	Outer dense fiber protein 1	{'GO:0036126', 'GO:0002177', 'GO:0005856', 'GO:0005813', 'GO:0005634', 'GO:0099513', 'GO:0005515', 'GO:0031514'}
Q14995	Nuclear receptor subfamily 1 group D member 2	{'GO:0042752', 'GO:0045893', 'GO:0045892', 'GO:0001227', 'GO:0043565', 'GO:0048512', 'GO:0008270', 'GO:0097009', 'GO:0030522', 'GO:0000978', 'GO:0003677', 'GO:0055088', 'GO:0000785', 'GO:0004879', 'GO:0000981', 'GO:2001014', 'GO:0005737', 'GO:0019216', 'GO:0005515', 'GO:0045944', 'GO:0050728', 'GO:0050727', 'GO:0000987', 'GO:1990837', 'GO:0000122', 'GO:0030154', 'GO:0006355', 'GO:0009755', 'GO:0003700', 'GO:0005634', 'GO:0005654'}
Q14CW9	Ataxin-7-like protein 3	{'GO:0071819', 'GO:0045893', 'GO:0000124', 'GO:0070461', 'GO:0033276', 'GO:0006282', 'GO:0008270', 'GO:0005634', 'GO:0043484', 'GO:0005515', 'GO:0006357', 'GO:0003713'}
Q15043	Metal cation symporter ZIP14	{'GO:0031902', 'GO:0030003', 'GO:0015086', 'GO:0005886', 'GO:0015093', 'GO:0032869', 'GO:0071333', 'GO:0140410', 'GO:0034755', 'GO:0015296', 'GO:0005515', 'GO:0006882', 'GO:0005384', 'GO:0005381', 'GO:0045745', 'GO:0071577', 'GO:0005385', 'GO:0098739', 'GO:0016324', 'GO:0002062', 'GO:0008286', 'GO:0055085', 'GO:0016020', 'GO:0031901', 'GO:0033212', 'GO:0005765', 'GO:0070574', 'GO:0055071', 'GO:0071421', 'GO:0016323', 'GO:0098656', 'GO:0006094', 'GO:0015701', 'GO:0046873', 'GO:0030001', 'GO:0071578', 'GO:0010817'}
Q15048	Leucine-rich repeat-containing protein 14	{'GO:0005829', 'GO:0019900', 'GO:0034122', 'GO:0005737', 'GO:0005515'}
Q15072	Zinc finger protein OZF	{'GO:0000978', 'GO:0003677', 'GO:0006355', 'GO:0005730', 'GO:0008270', 'GO:0005634', 'GO:0000981', 'GO:0008201', 'GO:0031981', 'GO:0005515', 'GO:0006357'}
Q15109	Advanced glycation end product-specific receptor	{'GO:0035556', 'GO:0043410', 'GO:0045597', 'GO:1902993', 'GO:0032755', 'GO:0070374', 'GO:0044877', 'GO:0045056', 'GO:0014002', 'GO:0030335', 'GO:0044548', 'GO:0030155', 'GO:1904645', 'GO:0006954', 'GO:1904472', 'GO:0007166', 'GO:0008284', 'GO:0005634', 'GO:0007611', 'GO:0004888', 'GO:1900745', 'GO:0030054', 'GO:0098794', 'GO:1901224', 'GO:2000514', 'GO:0038023', 'GO:0032731', 'GO:0051247', 'GO:0001819', 'GO:0001914', 'GO:0042104', 'GO:0005886', 'GO:0032760', 'GO:1904646', 'GO:0060090', 'GO:0003677', 'GO:0006909', 'GO:0005044', 'GO:1901222', 'GO:0046330', 'GO:0001540', 'GO:0005515', 'GO:0150003', 'GO:1900744', 'GO:0034116', 'GO:0001774', 'GO:2001200', 'GO:0042393', 'GO:2000439', 'GO:0010255', 'GO:0051241', 'GO:1900271', 'GO:1903523', 'GO:0001891', 'GO:0032693', 'GO:0003723', 'GO:0032735', 'GO:0051054', 'GO:0071333', 'GO:2000105', 'GO:0005769', 'GO:0009986', 'GO:0048167', 'GO:2000781', 'GO:0042802', 'GO:0048143', 'GO:0009611', 'GO:1900272', 'GO:0050727', 'GO:0032722', 'GO:0016324', 'GO:1900453', 'GO:0005576', 'GO:0016192', 'GO:0050785', 'GO:0031175', 'GO:0150104'}
Q15306	Interferon regulatory factor 4	{'GO:0045893', 'GO:0043565', 'GO:0002376', 'GO:0003713', 'GO:0032743', 'GO:0000978', 'GO:0005829', 'GO:0000785', 'GO:0120162', 'GO:0000981', 'GO:0005737', 'GO:0072540', 'GO:0005515', 'GO:0042110', 'GO:0006357', 'GO:0045944', 'GO:0000786', 'GO:0045622', 'GO:0001228', 'GO:0032733', 'GO:0032736', 'GO:0016020', 'GO:0000987', 'GO:1990837', 'GO:0042832', 'GO:0051240', 'GO:0006355', 'GO:0032753', 'GO:0003700', 'GO:0005634', 'GO:0000976', 'GO:0005654'}
Q15323	Keratin, type I cuticular Ha1	{'GO:0005829', 'GO:0005200', 'GO:0045109', 'GO:0005856', 'GO:0005198', 'GO:0030280', 'GO:0030855', 'GO:0005882', 'GO:0005576', 'GO:0070062', 'GO:0008544', 'GO:0005515', 'GO:0002009', 'GO:0045095'}
Q15361	Transcription termination factor 1	{'GO:0001650', 'GO:0005730', 'GO:0003682', 'GO:0005634', 'GO:0006363', 'GO:0005515', 'GO:0005654', 'GO:0006353'}
Q15365	Poly(rC)-binding protein 1	{'GO:0003723', 'GO:0014069', 'GO:0003677', 'GO:0005829', 'GO:0003729', 'GO:0000981', 'GO:0005737', 'GO:0003697', 'GO:0045944', 'GO:0005515', 'GO:0045296', 'GO:0098847', 'GO:0016020', 'GO:0070062', 'GO:0016607', 'GO:0005634', 'GO:0003676', 'GO:0005654', 'GO:0039694'}
Q15375	Ephrin type-A receptor 7	{'GO:0051964', 'GO:0043025', 'GO:0005886', 'GO:0048755', 'GO:0004714', 'GO:0099175', 'GO:0098839', 'GO:0050730', 'GO:0007169', 'GO:0048013', 'GO:0005524', 'GO:0051898', 'GO:0098978', 'GO:0045499', 'GO:0050919', 'GO:0099634', 'GO:0048671', 'GO:0098685', 'GO:0007420', 'GO:0005515', 'GO:0050804', 'GO:0016310', 'GO:0008046', 'GO:0030425', 'GO:0019838', 'GO:0043525', 'GO:0004672', 'GO:0005004', 'GO:0031952', 'GO:0016020', 'GO:0098686', 'GO:0031594', 'GO:0043065', 'GO:0005003', 'GO:0022407', 'GO:0005005', 'GO:0046875', 'GO:0045211', 'GO:0007411', 'GO:0070372', 'GO:0004713'}
Q15650	Activating signal cointegrator 1	{'GO:1990116', 'GO:0045893', 'GO:0035035', 'GO:0019901', 'GO:0032991', 'GO:0008270', 'GO:0180022', 'GO:0072344', 'GO:0003713', 'GO:0005829', 'GO:0005737', 'GO:0016604', 'GO:0005515', 'GO:0032790', 'GO:0002020', 'GO:0031594', 'GO:0030331', 'GO:0044389', 'GO:0006355', 'GO:0030520', 'GO:0005813', 'GO:0005634', 'GO:0016922', 'GO:0005654', 'GO:0045661'}
Q15654	Thyroid receptor-interacting protein 6	{'GO:0005149', 'GO:0005829', 'GO:0019900', 'GO:1901224', 'GO:0005856', 'GO:0003723', 'GO:0007165', 'GO:0048041', 'GO:0005634', 'GO:0005737', 'GO:0043009', 'GO:0005925', 'GO:0005515', 'GO:0001725', 'GO:0046966', 'GO:0030335'}
Q15785	Mitochondrial import receptor subunit TOM34	{'GO:0005829', 'GO:0070585', 'GO:0031072', 'GO:0030150', 'GO:0005739', 'GO:0005634', 'GO:0005737', 'GO:0016020', 'GO:0005515', 'GO:0005741'}
Q15884	Endosomal transmembrane epsin interactor 1	{'GO:0055038', 'GO:0038160', 'GO:0031902', 'GO:1990757', 'GO:0005886', 'GO:0022401', 'GO:0031623', 'GO:0031901', 'GO:0005515'}
Q15910	Histone-lysine N-methyltransferase EZH2	{'GO:0000781', 'GO:0005677', 'GO:0042752', 'GO:0003714', 'GO:1900006', 'GO:0042054', 'GO:0043547', 'GO:0003723', 'GO:0043565', 'GO:0045892', 'GO:0031507', 'GO:0032355', 'GO:0001222', 'GO:1990841', 'GO:0000978', 'GO:0003677', 'GO:0140718', 'GO:0045120', 'GO:0031519', 'GO:0000785', 'GO:0048387', 'GO:0140938', 'GO:0006338', 'GO:0031509', 'GO:1900016', 'GO:0005721', 'GO:0030183', 'GO:0071902', 'GO:0031491', 'GO:0045814', 'GO:0048468', 'GO:0090183', 'GO:0045202', 'GO:0005515', 'GO:0010629', 'GO:0030335', 'GO:0035098', 'GO:0031490', 'GO:0031048', 'GO:0106222', 'GO:0070878', 'GO:0042393', 'GO:0006325', 'GO:0046976', 'GO:0010718', 'GO:1902808', 'GO:0005694', 'GO:0051932', 'GO:0140951', 'GO:0043406', 'GO:0000122', 'GO:0006355', 'GO:0043021', 'GO:0008284', 'GO:0003682', 'GO:0005634', 'GO:0000976', 'GO:0021766', 'GO:0000792', 'GO:0005654', 'GO:0016279', 'GO:0000979'}
Q15915	Zinc finger protein ZIC 1	{'GO:0021510', 'GO:0008589', 'GO:0045893', 'GO:0000978', 'GO:0007389', 'GO:0007417', 'GO:0042472', 'GO:0000981', 'GO:0005737', 'GO:0007420', 'GO:0005515', 'GO:0006357', 'GO:0045944', 'GO:0001228', 'GO:0030900', 'GO:1990837', 'GO:0010467', 'GO:0000977', 'GO:0042307', 'GO:0003700', 'GO:0005634', 'GO:0098727', 'GO:0021766', 'GO:0140585', 'GO:0021772', 'GO:0005654'}
Q15928	Zinc finger protein 141	{'GO:0000978', 'GO:0009653', 'GO:0000122', 'GO:0006366', 'GO:0006355', 'GO:0035108', 'GO:0005634', 'GO:0000981'}
Q15935	Zinc finger protein 77	{'GO:0000977', 'GO:0006355', 'GO:0005634', 'GO:0000981', 'GO:0005515', 'GO:0006357'}
Q15937	Zinc finger protein 79	{'GO:0000977', 'GO:0006355', 'GO:0005634', 'GO:0000981', 'GO:0005515', 'GO:0006357'}
Q15942	Zyxin	{'GO:0005912', 'GO:0005925', 'GO:0007229', 'GO:0005856', 'GO:0003723', 'GO:0005634', 'GO:0015629', 'GO:0045335', 'GO:0007179', 'GO:0007267', 'GO:0007160', 'GO:0043149', 'GO:0005737', 'GO:0005515', 'GO:0001725'}
Q15973	Zinc finger protein 124	{'GO:0003677', 'GO:0000977', 'GO:0006355', 'GO:0005634', 'GO:0000981', 'GO:0005515', 'GO:0006357'}
Q16206	Ecto-NOX disulfide-thiol exchanger 2	{'GO:0007624', 'GO:0005829', 'GO:0009897', 'GO:0005886', 'GO:0003723', 'GO:0003676', 'GO:0022900', 'GO:0005576', 'GO:0005515'}
Q16342	uS5 assembly chaperone PDCD2	{'GO:0005829', 'GO:0140597', 'GO:0042274', 'GO:0005730', 'GO:0005634', 'GO:1901532', 'GO:0019899', 'GO:0005737', 'GO:0070062', 'GO:0005515'}
Q16587	Zinc finger protein 74	{'GO:0000978', 'GO:0006355', 'GO:0005634', 'GO:0000981', 'GO:0006357', 'GO:0005654'}
Q16600	Zinc finger protein 239	{'GO:0000978', 'GO:0003677', 'GO:0000122', 'GO:0003723', 'GO:0001227', 'GO:0005634', 'GO:0000981', 'GO:0016604', 'GO:0005515', 'GO:0006357', 'GO:0005654', 'GO:0010468'}
Q16659	Mitogen-activated protein kinase 6	{'GO:0005829', 'GO:0000165', 'GO:0006468', 'GO:0032156', 'GO:0035556', 'GO:0019901', 'GO:0007165', 'GO:0032991', 'GO:0004674', 'GO:0004672', 'GO:0046982', 'GO:0005634', 'GO:0005737', 'GO:0106310', 'GO:0005524', 'GO:0004707', 'GO:0005515', 'GO:0005654'}
Q16670	Zinc finger and SCAN domain-containing protein 26	{'GO:0000978', 'GO:0006355', 'GO:0005730', 'GO:0003700', 'GO:0005634', 'GO:0000981', 'GO:0005515', 'GO:0006357', 'GO:0005654'}
Q16820	Meprin A subunit beta	{'GO:0004222', 'GO:0006508', 'GO:0005886', 'GO:0008270', 'GO:0017090', 'GO:0042802', 'GO:0016020', 'GO:0005576', 'GO:0005515', 'GO:0008237'}
Q16842	CMP-N-acetylneuraminate-beta-galactosamide-alpha-2,3-sialyltransferase 2	{'GO:0006688', 'GO:0000139', 'GO:0042803', 'GO:0097503', 'GO:0009101', 'GO:0009247', 'GO:0032580', 'GO:0009312', 'GO:0008373', 'GO:0016020', 'GO:0019082', 'GO:0003836', 'GO:0001574', 'GO:0005576', 'GO:0047288', 'GO:0016266', 'GO:0018146', 'GO:0001576'}
Q17R60	Interphotoreceptor matrix proteoglycan 1	{'GO:0005201', 'GO:0005540', 'GO:0001917', 'GO:0031012', 'GO:0007601', 'GO:0140150', 'GO:0033165', 'GO:0008201', 'GO:0035374', 'GO:0001750'}
Q17RS7	Flap endonuclease GEN homolog 1	{'GO:0003677', 'GO:0008821', 'GO:0003824', 'GO:0000400', 'GO:0000724', 'GO:0042803', 'GO:0000287', 'GO:0010824', 'GO:0005813', 'GO:0005634', 'GO:0071139', 'GO:0006310', 'GO:0017108', 'GO:0071140', 'GO:0004518', 'GO:0005654', 'GO:0031297', 'GO:0090267'}
Q2KHN1	RING finger protein 151	{'GO:0061630', 'GO:0006511', 'GO:0008270', 'GO:0005634', 'GO:0042802', 'GO:0019899', 'GO:0005737', 'GO:0005515'}
Q2M218	Zinc finger protein 630	{'GO:0000978', 'GO:0003677', 'GO:0006355', 'GO:0005634', 'GO:0000981', 'GO:0006357'}
Q2M3W8	Zinc finger protein 181	{'GO:0000978', 'GO:0006355', 'GO:0005634', 'GO:0000981', 'GO:0006357'}
Q2M3X9	Zinc finger protein 674	{'GO:0000977', 'GO:0006355', 'GO:0005634', 'GO:0000981', 'GO:0006357', 'GO:0005654'}
Q2Q1W2	E3 ubiquitin-protein ligase TRIM71	{'GO:0061630', 'GO:2000177', 'GO:0030371', 'GO:0008543', 'GO:0008270', 'GO:0035198', 'GO:0061158', 'GO:0072089', 'GO:0021915', 'GO:0046872', 'GO:0035278', 'GO:0035196', 'GO:0005515', 'GO:0010608', 'GO:0043161', 'GO:0016567', 'GO:0031047', 'GO:0004842', 'GO:0017148', 'GO:0000932', 'GO:0000082', 'GO:0051865', 'GO:0000209'}
Q2QGD7	Zinc finger protein ZXDC	{'GO:0070742', 'GO:0045893', 'GO:0005634', 'GO:0030275', 'GO:0005515', 'GO:0006357', 'GO:0003712', 'GO:0003713'}
Q2TAL6	Brorin	{'GO:0098890', 'GO:0032281', 'GO:0045666', 'GO:0031012', 'GO:0005614', 'GO:0099645', 'GO:0003674', 'GO:0005604', 'GO:0098978', 'GO:0005576', 'GO:0045202', 'GO:0005515', 'GO:0030514'}
Q2TV78	Putative macrophage stimulating 1-like protein	{'GO:0006508', 'GO:0030971', 'GO:0005576', 'GO:0046425'}
Q2VY69	Zinc finger protein 284	{'GO:0000978', 'GO:0000122', 'GO:0006355', 'GO:0005634', 'GO:0000981', 'GO:0005654'}
Q30KQ8	Beta-defensin 112	{'GO:0005576', 'GO:0005515', 'GO:0045087'}
Q32MK0	Myosin light chain kinase 3	{'GO:0005829', 'GO:0004687', 'GO:0045214', 'GO:0004683', 'GO:0005524', 'GO:0060298', 'GO:0007165', 'GO:0004672', 'GO:0071347', 'GO:0015629', 'GO:0055003', 'GO:0005737', 'GO:1905075', 'GO:0048769', 'GO:0005515', 'GO:1905710'}
Q3KNS6	Zinc finger protein 829	{'GO:0000978', 'GO:0006355', 'GO:0005634', 'GO:0000981', 'GO:0005515', 'GO:0006357'}
Q3KP31	Zinc finger protein 791	{'GO:0000977', 'GO:0006355', 'GO:0005634', 'GO:0000981', 'GO:0005515', 'GO:0006357'}
Q3KQV3	Zinc finger protein 792	{'GO:0000978', 'GO:0006355', 'GO:0005634', 'GO:0000981', 'GO:0042802', 'GO:0005515', 'GO:0006357'}
Q3MIS6	Zinc finger protein 528	{'GO:0000978', 'GO:0000122', 'GO:0006355', 'GO:0005634', 'GO:0000981', 'GO:0005737', 'GO:0006357'}
Q3MJ16	Cytosolic phospholipase A2 epsilon	{'GO:0043325', 'GO:0005544', 'GO:0005886', 'GO:0009395', 'GO:0006650', 'GO:0005829', 'GO:2001137', 'GO:0008970', 'GO:0070273', 'GO:0005509', 'GO:0004623', 'GO:0004620', 'GO:0036149', 'GO:0070292', 'GO:0005765', 'GO:0031901', 'GO:0046475', 'GO:0005547', 'GO:0080025', 'GO:0016747', 'GO:0010314', 'GO:0032266', 'GO:0005546'}
Q3MJ62	Zinc finger and SCAN domain-containing protein 23	{'GO:0000978', 'GO:1990837', 'GO:0005634', 'GO:0000981', 'GO:0005515', 'GO:0006357'}
Q3SXZ3	Zinc finger protein 718	{'GO:0000978', 'GO:0000122', 'GO:0006355', 'GO:0005634', 'GO:0000981'}
Q3SY52	Zinc finger protein interacting with ribonucleoprotein K	{'GO:0000978', 'GO:0006355', 'GO:0005634', 'GO:0000981', 'GO:0005515', 'GO:0006357'}
Q3ZCT1	Zinc finger protein 260	{'GO:0000978', 'GO:0005634', 'GO:0000981', 'GO:0005515', 'GO:0006357', 'GO:0005654'}
Q3ZCX4	Zinc finger protein 568	{'GO:0000978', 'GO:1990837', 'GO:0001701', 'GO:0000122', 'GO:0006355', 'GO:0045892', 'GO:0005634', 'GO:0000981', 'GO:0000976', 'GO:0006357', 'GO:0060669'}
Q3ZLR7	Transcription factor SPT20 homolog-like 1	{'GO:0000124', 'GO:0006357', 'GO:0003712'}
Q499Z4	Zinc finger protein 672	{'GO:0043565', 'GO:0005634', 'GO:0000981', 'GO:0005515', 'GO:0006357', 'GO:0005654'}
Q49A33	Putative zinc finger protein 876	{'GO:0000978', 'GO:0006355', 'GO:0005634', 'GO:0000981', 'GO:0006357'}
Q49AA0	Zinc finger protein 69 homolog	{'GO:0000977', 'GO:0006355', 'GO:0005634', 'GO:0000981', 'GO:0019216', 'GO:0006357'}
Q4FZB7	Histone-lysine N-methyltransferase KMT5B	{'GO:0140944', 'GO:0045830', 'GO:0042054', 'GO:0001650', 'GO:0006338', 'GO:0140939', 'GO:0003682', 'GO:0140941', 'GO:0042799', 'GO:0006281', 'GO:0005634', 'GO:1904047', 'GO:2001034', 'GO:0005515', 'GO:0005654', 'GO:0005694'}
Q4G112	Heat shock factor protein 5	{'GO:0000978', 'GO:1990837', 'GO:0045893', 'GO:0006355', 'GO:0045892', 'GO:0043565', 'GO:0003700', 'GO:0007140', 'GO:0005634', 'GO:0001217', 'GO:0001216', 'GO:0007283', 'GO:0001741', 'GO:0006357', 'GO:0005694'}
Q4G163	F-box only protein 43	{'GO:0010948', 'GO:0031146', 'GO:0008270', 'GO:0005634', 'GO:1990948', 'GO:0007088', 'GO:0000082', 'GO:0016567', 'GO:0045835', 'GO:1990090', 'GO:0019005', 'GO:0005515'}
Q4G1C9	GLIPR1-like protein 2	{'GO:0005515', 'GO:0016020', 'GO:0005576', 'GO:0060090'}
Q4V348	Zinc finger protein 658B	{'GO:1990837', 'GO:0000976', 'GO:0000122', 'GO:0005634'}
Q52LR7	Enhancer of polycomb homolog 2	{'GO:1905168', 'GO:0000123', 'GO:0045893', 'GO:0051726', 'GO:0035267', 'GO:0005634', 'GO:0006325', 'GO:2000779', 'GO:0030674', 'GO:0006357', 'GO:0042981', 'GO:0000786', 'GO:0032777'}
Q52M93	Zinc finger protein 585B	{'GO:0003677', 'GO:0032502', 'GO:0006355', 'GO:0005634', 'GO:0000976', 'GO:0006357'}
Q53GI3	Zinc finger protein 394	{'GO:0000978', 'GO:0006355', 'GO:0005634', 'GO:0000981', 'GO:0005515', 'GO:0006357', 'GO:0005654'}
Q53H47	Histone-lysine N-methyltransferase SETMAR	{'GO:0003690', 'GO:0042054', 'GO:0042800', 'GO:0042803', 'GO:2001251', 'GO:0044774', 'GO:0000014', 'GO:0008270', 'GO:2001034', 'GO:0000729', 'GO:0006303', 'GO:0003677', 'GO:0140938', 'GO:0006338', 'GO:0003697', 'GO:0031981', 'GO:0005515', 'GO:0031297', 'GO:0015074', 'GO:2000373', 'GO:0140954', 'GO:0005730', 'GO:0004519', 'GO:0008283', 'GO:0044547', 'GO:0046975', 'GO:0005694', 'GO:0006308', 'GO:0005634', 'GO:0003676', 'GO:0000793', 'GO:0090304', 'GO:0035861', 'GO:0016279'}
Q53H76	Phospholipase A1 member A	{'GO:0006658', 'GO:0008970', 'GO:0140322', 'GO:0016042', 'GO:0036150', 'GO:0120560', 'GO:0006629', 'GO:0005576', 'GO:0016298', 'GO:0002080', 'GO:0052689'}
Q53RD9	Fibulin-7	{'GO:0031012', 'GO:0043395', 'GO:0005509', 'GO:0008201', 'GO:0140144', 'GO:0005576', 'GO:0005925', 'GO:0071953', 'GO:0140149'}
Q58A45	PAN2-PAN3 deadenylation complex subunit PAN3	{'GO:0005829', 'GO:0031251', 'GO:0000288', 'GO:0000289', 'GO:0003723', 'GO:0046872', 'GO:0000932', 'GO:0005634', 'GO:0004535', 'GO:0005737', 'GO:0005524', 'GO:0005515', 'GO:0010606', 'GO:0008143'}
Q5CZA5	Zinc finger protein 805	{'GO:0000978', 'GO:0006355', 'GO:0005634', 'GO:0000981', 'GO:0006357'}
Q5H9R7	Serine/threonine-protein phosphatase 6 regulatory subunit 3	{'GO:0005829', 'GO:0005886', 'GO:0005634', 'GO:0019903', 'GO:0019888', 'GO:0005737', 'GO:0005515', 'GO:0005654', 'GO:0009966'}
Q5HYA8	Meckelin	{'GO:0060170', 'GO:1904491', 'GO:0005886', 'GO:0036503', 'GO:0005813', 'GO:0005789', 'GO:0005929', 'GO:0010826', 'GO:0036038', 'GO:0035567', 'GO:0060271', 'GO:0030659', 'GO:0035869', 'GO:0005515', 'GO:0031005'}
Q5HYK9	Zinc finger protein 667	{'GO:0000978', 'GO:0000122', 'GO:0006355', 'GO:0003700', 'GO:0005634', 'GO:0005515', 'GO:0006357'}
Q5JNZ3	Zinc finger protein 311	{'GO:0000978', 'GO:0006355', 'GO:0005634', 'GO:0000981', 'GO:0006357'}
Q5JVG2	Zinc finger protein 484	{'GO:0006355', 'GO:0000976', 'GO:0006357', 'GO:0005634'}
Q5JVG8	Zinc finger protein 506	{'GO:0000978', 'GO:0006355', 'GO:0005730', 'GO:0005634', 'GO:0000981', 'GO:0006357'}
Q5MCW4	Zinc finger protein 569	{'GO:0000978', 'GO:1990837', 'GO:0006355', 'GO:0005634', 'GO:0000981', 'GO:0005515', 'GO:0006357'}
Q5QP82	DDB1- and CUL4-associated factor 10	{'GO:0031465', 'GO:0016567', 'GO:0031464', 'GO:0005515', 'GO:0080008', 'GO:0005654', 'GO:0042981'}
Q5SVQ8	Zinc finger and BTB domain-containing protein 41	{'GO:0000978', 'GO:0000981', 'GO:0006357', 'GO:0005634'}
Q5SXM1	Zinc finger protein 678	{'GO:0000978', 'GO:0000122', 'GO:0006355', 'GO:0005634', 'GO:0000981'}
Q5T0B9	Zinc finger protein 362	{'GO:0000978', 'GO:0006357', 'GO:0005634', 'GO:0003700'}
Q5T5D7	Zinc finger protein 684	{'GO:1990837', 'GO:0000977', 'GO:0006355', 'GO:0005634', 'GO:0000981', 'GO:0006357'}
Q5T601	Adhesion G protein-coupled receptor F1	{'GO:0007416', 'GO:0004930', 'GO:0007189', 'GO:0005886', 'GO:0007166', 'GO:0004888', 'GO:0007186', 'GO:0031175', 'GO:0016020', 'GO:0005576', 'GO:0005515'}
Q5T619	Zinc finger protein 648	{'GO:0000978', 'GO:0006355', 'GO:0005634', 'GO:0000981', 'GO:0005515', 'GO:0006357'}
Q5T700	Low-density lipoprotein receptor class A domain-containing protein 1	{'GO:0005515', 'GO:0016020'}
Q5T7W0	Zinc finger protein 618	{'GO:0000785', 'GO:0005721', 'GO:0005634', 'GO:0006325', 'GO:0042802', 'GO:0001221', 'GO:0140463', 'GO:0005515', 'GO:0006357', 'GO:0005694'}
Q5TA31	E3 ubiquitin-protein ligase RNF187	{'GO:0005829', 'GO:0061630', 'GO:0043161', 'GO:0004842', 'GO:0045893', 'GO:0008284', 'GO:0005634', 'GO:0016567', 'GO:0005737', 'GO:0051865', 'GO:0005515', 'GO:0005654', 'GO:0070936'}
Q5TB30	DEP domain-containing protein 1A	{'GO:0001650', 'GO:0035556', 'GO:0045892', 'GO:0005634', 'GO:0017053', 'GO:0005515', 'GO:0005654'}
Q5TD97	Four and a half LIM domains protein 5	{'GO:0005515', 'GO:0045944', 'GO:0003713', 'GO:0005634'}
Q5TEC3	Zinc finger protein 697	{'GO:0000978', 'GO:0005634', 'GO:0000981', 'GO:0003676', 'GO:0035198', 'GO:0005515', 'GO:0006357', 'GO:0034341'}
Q5TH74	O(6)-methylguanine-induced apoptosis 2	{'GO:0005737', 'GO:0043065', 'GO:0005634', 'GO:1902110'}
Q5U651	Ras-interacting protein 1	{'GO:0001525', 'GO:0005795', 'GO:0001570', 'GO:0042803', 'GO:0005911', 'GO:0048754', 'GO:0007165', 'GO:0032991', 'GO:0035024', 'GO:1905709', 'GO:0005515', 'GO:0033625', 'GO:0048471', 'GO:0051020', 'GO:0030291'}
Q5UCC4	ER membrane protein complex subunit 10	{'GO:0032977', 'GO:0010595', 'GO:0072546', 'GO:0005789', 'GO:0016020', 'GO:0005576', 'GO:0045050', 'GO:0045766', 'GO:0001938', 'GO:0071816'}
Q5VIY5	Zinc finger protein 468	{'GO:0000978', 'GO:0006355', 'GO:0005634', 'GO:0000981', 'GO:0006357'}
Q5VTD9	Zinc finger protein Gfi-1b	{'GO:0000978', 'GO:0001228', 'GO:1990837', 'GO:0005654', 'GO:0005667', 'GO:0000122', 'GO:2000134', 'GO:0045944', 'GO:0005634', 'GO:0000981', 'GO:0016363', 'GO:0005515', 'GO:0006357', 'GO:0061629', 'GO:1903706'}
Q5VV52	Zinc finger protein 691	{'GO:0000978', 'GO:0005634', 'GO:0003700', 'GO:0005515', 'GO:0006357'}
Q5VWI1	Transcription elongation regulator 1-like protein	{'GO:0070063', 'GO:0003712', 'GO:0005634'}
Q5VYX0	Renalase	{'GO:0071871', 'GO:0005515', 'GO:0097621', 'GO:0045776', 'GO:0016651', 'GO:0070404', 'GO:1902074', 'GO:0071869', 'GO:0005576', 'GO:0002931', 'GO:0016491', 'GO:0051379', 'GO:0010459'}
Q5VZF2	Muscleblind-like protein 2	{'GO:1990837', 'GO:0003723', 'GO:0046872', 'GO:0005634', 'GO:0043484', 'GO:0005737', 'GO:0005515', 'GO:0005654'}
Q60I27	ALS2 C-terminal-like protein	{'GO:0005829', 'GO:0005515', 'GO:0016197', 'GO:0031267', 'GO:0005737', 'GO:0031410', 'GO:0005085'}
Q63HK3	Zinc finger protein with KRAB and SCAN domains 2	{'GO:0000978', 'GO:1990837', 'GO:0006355', 'GO:0003700', 'GO:0005634', 'GO:0000981', 'GO:0006357'}
Q658L1	Stabilizer of axonemal microtubules 2	{'GO:0005814', 'GO:0005856', 'GO:0005879', 'GO:0036126', 'GO:0008017', 'GO:0036064', 'GO:0005515'}
Q66K89	Transcription factor E4F1	{'GO:0061630', 'GO:0001227', 'GO:0000978', 'GO:0003677', 'GO:0005819', 'GO:0051726', 'GO:0061629', 'GO:0010564', 'GO:0005737', 'GO:0045944', 'GO:0005515', 'GO:0006357', 'GO:0001228', 'GO:0016567', 'GO:0000977', 'GO:0000122', 'GO:0035497', 'GO:0003700', 'GO:0005634', 'GO:0005654'}
Q68BL7	Olfactomedin-like protein 2A	{'GO:0031012', 'GO:0007165', 'GO:0042802', 'GO:0005576', 'GO:0050840'}
Q68BL8	Olfactomedin-like protein 2B	{'GO:0031012', 'GO:0007165', 'GO:0042802', 'GO:0005576', 'GO:0050840'}
Q68CJ9	Cyclic AMP-responsive element-binding protein 3-like protein 3	{'GO:0000139', 'GO:0042803', 'GO:0034976', 'GO:0005789', 'GO:0000978', 'GO:0005829', 'GO:0000785', 'GO:0000981', 'GO:0042802', 'GO:0045944', 'GO:0005515', 'GO:0006357', 'GO:0001228', 'GO:0005783', 'GO:0046982', 'GO:0016020', 'GO:0002675', 'GO:0000977', 'GO:0006355', 'GO:0003700', 'GO:0005634', 'GO:0000976', 'GO:0005654'}
Q68DI1	Zinc finger protein 776	{'GO:0000978', 'GO:0006355', 'GO:0045892', 'GO:0005634', 'GO:0000981', 'GO:0005515', 'GO:0006357'}
Q68DY1	Zinc finger protein 626	{'GO:0000978', 'GO:0006355', 'GO:0005634', 'GO:0000981', 'GO:0006357'}
Q68DY9	Zinc finger protein 772	{'GO:0000978', 'GO:0006355', 'GO:0005634', 'GO:0000981', 'GO:0005515', 'GO:0006357'}
Q68EA5	Zinc finger protein 57	{'GO:0000977', 'GO:0006355', 'GO:0005634', 'GO:0000981', 'GO:0005515', 'GO:0006357'}
Q6A162	Keratin, type I cytoskeletal 40	{'GO:0005829', 'GO:0045109', 'GO:0005856', 'GO:0005198', 'GO:0030280', 'GO:0030855', 'GO:0005515', 'GO:0002009', 'GO:0045095'}
Q6A163	Keratin, type I cytoskeletal 39	{'GO:0005829', 'GO:0045109', 'GO:0005856', 'GO:0005198', 'GO:0030280', 'GO:0030855', 'GO:0005515', 'GO:0002009', 'GO:0045095'}
Q6AW86	Zinc finger protein 324B	{'GO:0000978', 'GO:0006355', 'GO:0005634', 'GO:0000981', 'GO:0006357'}
Q6AZW8	Zinc finger protein 660	{'GO:0000978', 'GO:1990837', 'GO:0003700', 'GO:0005634', 'GO:0005515', 'GO:0006357'}
Q6DD87	Zinc finger protein 787	{'GO:1990837', 'GO:0043565', 'GO:0005634', 'GO:0000981', 'GO:0006357'}
Q6DJT9	Zinc finger protein PLAG1	{'GO:0000978', 'GO:0001228', 'GO:0005654', 'GO:0000977', 'GO:0006355', 'GO:0003700', 'GO:0060252', 'GO:0000981', 'GO:0005634', 'GO:0016604', 'GO:0045944', 'GO:0010629', 'GO:0016607', 'GO:0010628'}
Q6ECI4	Zinc finger protein 470	{'GO:0000978', 'GO:0006355', 'GO:0005634', 'GO:0000981', 'GO:0016604', 'GO:0006357', 'GO:0005654'}
Q6GPH4	XIAP-associated factor 1	{'GO:0005829', 'GO:0035456', 'GO:0140313', 'GO:0008270', 'GO:0005739', 'GO:0005634', 'GO:0005737', 'GO:0032480', 'GO:0005515', 'GO:0005654', 'GO:0006915'}
Q6H8Q1	Actin-binding LIM protein 2	{'GO:0051015', 'GO:0030032', 'GO:0030016', 'GO:0015629', 'GO:0007010', 'GO:0005737', 'GO:0005515', 'GO:0003779'}
Q6IE81	Protein Jade-1	{'GO:0045893', 'GO:0005886', 'GO:0043995', 'GO:0090090', 'GO:0003713', 'GO:0005829', 'GO:0000123', 'GO:0051726', 'GO:0006338', 'GO:2000134', 'GO:2000278', 'GO:0005737', 'GO:0005515', 'GO:0006357', 'GO:0043997', 'GO:0001558', 'GO:0030308', 'GO:0140566', 'GO:0005694', 'GO:0016607', 'GO:0006915', 'GO:0006275', 'GO:0006355', 'GO:0005634', 'GO:0043996', 'GO:0036408', 'GO:0036064', 'GO:0005654'}
Q6IQ21	Zinc finger protein 770	{'GO:0000976', 'GO:0006357', 'GO:0005634'}
Q6IV72	Zinc finger protein 425	{'GO:0000977', 'GO:0006355', 'GO:0045892', 'GO:0005634', 'GO:0000981', 'GO:0005737', 'GO:0005515', 'GO:0006357', 'GO:0005654'}
Q6MZQ0	Proline-rich protein 5-like	{'GO:0090316', 'GO:0034599', 'GO:0031625', 'GO:0031932', 'GO:0010762', 'GO:0061014', 'GO:0001933', 'GO:0038203', 'GO:0005515', 'GO:0051897', 'GO:0019887'}
Q6MZW2	Follistatin-related protein 4	{'GO:0030141', 'GO:0030154', 'GO:0005509', 'GO:0048403', 'GO:0005576', 'GO:0140311'}
Q6N043	Zinc finger protein 280D	{'GO:0000978', 'GO:0006355', 'GO:0005634', 'GO:0000981', 'GO:0005515', 'GO:0006357'}
Q6NSI8	SANT and BTB domain regulator of class switch recombination	{'GO:0045190', 'GO:0042802'}
Q6NUJ1	Proactivator polypeptide-like 1	{'GO:0005829', 'GO:0005764', 'GO:0006629', 'GO:0005737', 'GO:0005576', 'GO:0006665', 'GO:0019216', 'GO:0007193'}
Q6NVV9	Putative disintegrin and metalloproteinase domain-containing protein 5	{'GO:0008150', 'GO:0003674', 'GO:0005575'}
Q6NX45	Zinc finger protein 774	{'GO:0000978', 'GO:0005634', 'GO:0000981', 'GO:0045111', 'GO:0005515', 'GO:0006357'}
Q6NX49	Zinc finger protein 544	{'GO:0006355', 'GO:0005634', 'GO:0000976', 'GO:0005515', 'GO:0006357'}
Q6P1K8	General transcription factor IIH subunit 2-like protein	{'GO:0000439', 'GO:0000438', 'GO:0016251', 'GO:0006351', 'GO:0008270', 'GO:0006281', 'GO:0005634', 'GO:0006367', 'GO:0005515', 'GO:0006289'}
Q6P1L6	Zinc finger protein 343	{'GO:1990837', 'GO:0000977', 'GO:0006355', 'GO:0043565', 'GO:0008270', 'GO:0005634', 'GO:0000981', 'GO:0005515', 'GO:0006357'}
Q6P1R4	tRNA-dihydrouridine(16/17) synthase [NAD(P)(+)]-like	{'GO:0008033', 'GO:0002943', 'GO:0102263', 'GO:0050660', 'GO:0005634', 'GO:0005737', 'GO:0017150', 'GO:0005515', 'GO:0102262'}
Q6P280	Zinc finger protein 529	{'GO:0000977', 'GO:0006355', 'GO:0005634', 'GO:0000981', 'GO:0006357'}
Q6P2D0	Zinc finger protein 1 homolog	{'GO:0000978', 'GO:1990837', 'GO:0006355', 'GO:0005634', 'GO:0000981', 'GO:0005515', 'GO:0006357'}
Q6P3S6	F-box only protein 42	{'GO:0031146', 'GO:0005634', 'GO:0019005', 'GO:1990756', 'GO:0005515'}
Q6P3V2	Zinc finger protein 585A	{'GO:0003677', 'GO:0006355', 'GO:0005634', 'GO:0000976', 'GO:0006357'}
Q6P3X8	PiggyBac transposable element-derived protein 2	{'GO:0043565'}
Q6P9A1	Zinc finger protein 530	{'GO:0000978', 'GO:0000122', 'GO:0006355', 'GO:0001227', 'GO:0043565', 'GO:0005634', 'GO:0000981', 'GO:0006357', 'GO:0005654'}
Q6P9A3	Zinc finger protein 549	{'GO:0000978', 'GO:0006355', 'GO:0005634', 'GO:0000981', 'GO:0005515', 'GO:0006357'}
Q6P9F5	E3 ubiquitin ligase TRIM40	{'GO:0061630', 'GO:0046872', 'GO:0008270', 'GO:0043124', 'GO:1900181', 'GO:0005737', 'GO:0008385', 'GO:0005515', 'GO:0045087', 'GO:1901223', 'GO:0042177', 'GO:0045116'}
Q6P9G9	Zinc finger protein 449	{'GO:0000978', 'GO:1990837', 'GO:0005634', 'GO:0000981', 'GO:0005515', 'GO:0006357'}
Q6PCT2	F-box/LRR-repeat protein 19	{'GO:0003677', 'GO:0005829', 'GO:0043161', 'GO:0031146', 'GO:0008270', 'GO:0005634', 'GO:0005737', 'GO:0019005', 'GO:1990756', 'GO:0045322', 'GO:0005515'}
Q6PDB4	Zinc finger protein 880	{'GO:0000978', 'GO:0006355', 'GO:0005634', 'GO:0000981', 'GO:0006357'}
Q6PF04	Zinc finger protein 613	{'GO:0000978', 'GO:0006355', 'GO:0003700', 'GO:0005634', 'GO:0005515', 'GO:0006357'}
Q6PF15	Kelch-like protein 35	{'GO:0043161', 'GO:0005737', 'GO:1990756', 'GO:0005515', 'GO:0031463'}
Q6PG37	Zinc finger protein 790	{'GO:0000978', 'GO:0006355', 'GO:0005634', 'GO:0000981', 'GO:0006357'}
Q6PJ21	SPRY domain-containing SOCS box protein 3	{'GO:0005829', 'GO:0043161', 'GO:0006511', 'GO:0005634', 'GO:0016567', 'GO:0010719', 'GO:1990756', 'GO:0160049', 'GO:0019005', 'GO:0005515', 'GO:0031466', 'GO:0070936'}
Q6PJ61	F-box only protein 46	{'GO:0031146', 'GO:0016567', 'GO:0019005', 'GO:1990756', 'GO:0005515'}
Q6PJE2	POM121 and ZP3 fusion protein	{'GO:0140149'}
Q6PJF5	Inactive rhomboid protein 2	{'GO:0005796', 'GO:0005886', 'GO:0045747', 'GO:0005789', 'GO:0050708', 'GO:0071335', 'GO:0038024', 'GO:0005737', 'GO:0005515', 'GO:0042058', 'GO:0035315', 'GO:0016020', 'GO:0016192', 'GO:0002862', 'GO:0031069', 'GO:0051604', 'GO:0010467', 'GO:0050709', 'GO:0012505'}
Q6PJI9	GATOR2 complex protein WDR59	{'GO:1904263', 'GO:1904262', 'GO:0035591', 'GO:0005774', 'GO:0035859', 'GO:0005765', 'GO:0061700', 'GO:0034198', 'GO:0005515', 'GO:0031669', 'GO:0072659'}
Q6PJT7	Zinc finger CCCH domain-containing protein 14	{'GO:0003730', 'GO:0016607', 'GO:1904115', 'GO:0036002', 'GO:0003723', 'GO:1990904', 'GO:0046872', 'GO:0005634', 'GO:0160091', 'GO:0005737', 'GO:0032839', 'GO:0007283', 'GO:0005515', 'GO:0043488', 'GO:0008143', 'GO:0048255'}
Q6PK81	Zinc finger protein 773	{'GO:0000978', 'GO:0006355', 'GO:0005634', 'GO:0000981', 'GO:0005515', 'GO:0006357'}
Q6PKC3	Thioredoxin domain-containing protein 11	{'GO:0005829', 'GO:0005515', 'GO:0005886', 'GO:0005789'}
Q6Q0C0	E3 ubiquitin-protein ligase TRAF7	{'GO:0061630', 'GO:0004842', 'GO:2001235', 'GO:0043525', 'GO:0035519', 'GO:0043410', 'GO:0008270', 'GO:0070372', 'GO:0051247', 'GO:2000060', 'GO:0016567', 'GO:0005634', 'GO:0005737', 'GO:0000151', 'GO:0031410', 'GO:0005515', 'GO:0006915'}
Q6S5L8	SHC-transforming protein 4	{'GO:0035556', 'GO:0005886', 'GO:0030971', 'GO:0019904', 'GO:0045211', 'GO:0007169', 'GO:0005515'}
Q6S9Z5	Zinc finger protein 474	{'GO:0005515'}
Q6UW56	All-trans retinoic acid-induced differentiation factor	{'GO:0045669', 'GO:0005635', 'GO:0005886', 'GO:0042910', 'GO:0006855', 'GO:0033689', 'GO:0042177', 'GO:0005765', 'GO:0005515', 'GO:0030501', 'GO:0048471', 'GO:0010468'}
Q6UW60	Proprotein convertase subtilisin/kexin type 4	{'GO:0009566', 'GO:0000139', 'GO:0005802', 'GO:0006508', 'GO:0001669', 'GO:0007339', 'GO:0016486', 'GO:0022414', 'GO:0004252', 'GO:0048240', 'GO:0016020', 'GO:0016485', 'GO:0005515', 'GO:0008236', 'GO:0002080', 'GO:0007340'}
Q6UWL2	Sushi domain-containing protein 1	{'GO:0016020', 'GO:0005509'}
Q6UWV2	Myelin protein zero-like protein 3	{'GO:0005515', 'GO:0016020', 'GO:0005886'}
Q6UXD5	Seizure 6-like protein 2	{'GO:0005783', 'GO:0005886', 'GO:0008344', 'GO:0060074', 'GO:0005789', 'GO:0021680', 'GO:0043025'}
Q6UXF7	C-type lectin domain family 18 member B	{'GO:0005783', 'GO:0005794', 'GO:0016529', 'GO:0005576', 'GO:0005768', 'GO:0030247', 'GO:0060090'}
Q6UXH1	Protein disulfide isomerase CRELD2	{'GO:0005783', 'GO:0005794', 'GO:0031012', 'GO:0003756', 'GO:0005509', 'GO:0005576', 'GO:0005515', 'GO:0140149'}
Q6UXH8	Collagen and calcium-binding EGF domain-containing protein 1	{'GO:0010954', 'GO:1901492', 'GO:0048845', 'GO:0031012', 'GO:0010575', 'GO:0005509', 'GO:0001946', 'GO:0002040', 'GO:0005576', 'GO:0005515', 'GO:0045766', 'GO:0002020', 'GO:0005518', 'GO:1900748'}
Q6UXH9	Inactive serine protease PAMR1	{'GO:0005576', 'GO:0005509'}
Q6UXI9	Nephronectin	{'GO:0005201', 'GO:0045669', 'GO:0001658', 'GO:0031012', 'GO:0005509', 'GO:0001657', 'GO:0030198', 'GO:0010811', 'GO:0005178', 'GO:0033631', 'GO:0070374', 'GO:0016020', 'GO:0007160', 'GO:0005576', 'GO:0070062', 'GO:0140144', 'GO:0071356'}
Q6UXZ4	Netrin receptor UNC5D	{'GO:0005886', 'GO:0007165', 'GO:0038007', 'GO:0007411', 'GO:0098609', 'GO:0016020', 'GO:0005042'}
Q6UY11	Protein delta homolog 2	{'GO:0005509', 'GO:0005112', 'GO:0042802', 'GO:0016020', 'GO:0045746', 'GO:0045598'}
Q6UY18	Leucine-rich repeat and immunoglobulin-like domain-containing nogo receptor-interacting protein 4	{'GO:0005886', 'GO:0038023', 'GO:0016020'}
Q6V9R5	Zinc finger protein 562	{'GO:0000978', 'GO:1990837', 'GO:0006355', 'GO:0005634', 'GO:0000981', 'GO:0006357'}
Q6VAB6	Kinase suppressor of Ras 2	{'GO:0019722', 'GO:0000165', 'GO:0005829', 'GO:0005078', 'GO:0007265', 'GO:0005886', 'GO:0004674', 'GO:0004672', 'GO:0031434', 'GO:0120162', 'GO:0005737', 'GO:0016020', 'GO:0106310', 'GO:0005524', 'GO:0005515'}
Q6WN34	Chordin-like protein 2	{'GO:0032502', 'GO:0030154', 'GO:0036122', 'GO:0005737', 'GO:0005576', 'GO:0005515', 'GO:0030514'}
Q6XR72	Calcium/manganese antiporter SLC30A10	{'GO:0000139', 'GO:0006828', 'GO:0140048', 'GO:0055037', 'GO:0005886', 'GO:0031410', 'GO:0005769', 'GO:0012506', 'GO:1902495', 'GO:0070374', 'GO:0005515', 'GO:0006882', 'GO:0005384', 'GO:0071577', 'GO:0055038', 'GO:0005385', 'GO:1904385', 'GO:0055085', 'GO:0016020', 'GO:0031901', 'GO:0140983', 'GO:0005765', 'GO:0006812', 'GO:0062111', 'GO:0055071', 'GO:0007173', 'GO:0005794', 'GO:0140828', 'GO:0030026', 'GO:0030001', 'GO:0006816', 'GO:0010312', 'GO:0008324'}
Q6ZMS4	Zinc finger protein 852	{'GO:0000978', 'GO:0006355', 'GO:0005634', 'GO:0000981', 'GO:0006357'}
Q6ZMS7	Zinc finger protein 783	{'GO:0000978', 'GO:0006355', 'GO:0003700', 'GO:0005634', 'GO:0042802', 'GO:0005515'}
Q6ZMU5	Tripartite motif-containing protein 72	{'GO:0061630', 'GO:0043161', 'GO:0042383', 'GO:0051260', 'GO:0031435', 'GO:0001778', 'GO:0008270', 'GO:0042802', 'GO:0016567', 'GO:0005737', 'GO:0030659', 'GO:0005515', 'GO:0001786', 'GO:0003012', 'GO:0007517', 'GO:0045087', 'GO:0031624'}
Q6ZMV8	Putative zinc finger protein 730	{'GO:0000978', 'GO:0006355', 'GO:0005634', 'GO:0000981', 'GO:0006357'}
Q6ZMW2	Zinc finger protein 782	{'GO:0006355', 'GO:0000976', 'GO:0000122', 'GO:0005634'}
Q6ZMY6	WD repeat-containing protein 88	{'GO:0005515'}
Q6ZMY9	Zinc finger protein 517	{'GO:0000977', 'GO:0006355', 'GO:0005634', 'GO:0000981', 'GO:0006357', 'GO:0005654'}
Q6ZN06	Zinc finger protein 813	{'GO:0000978', 'GO:0006355', 'GO:0005634', 'GO:0000981', 'GO:0006357'}
Q6ZN08	Zinc finger protein 66	{'GO:0000978', 'GO:0006355', 'GO:0005634', 'GO:0000981', 'GO:0006357'}
Q6ZN11	Zinc finger protein 793	{'GO:0000978', 'GO:0006355', 'GO:0005634', 'GO:0000981', 'GO:0005515', 'GO:0006357'}
Q6ZN17	Protein lin-28 homolog B	{'GO:0003723', 'GO:0008270', 'GO:0005829', 'GO:0003729', 'GO:0050779', 'GO:2000635', 'GO:0005737', 'GO:0010608', 'GO:0005515', 'GO:0031054', 'GO:0005730', 'GO:1990837', 'GO:0031123', 'GO:0010587', 'GO:0005634', 'GO:2000627', 'GO:0003676', 'GO:2000632', 'GO:0005654'}
Q6ZN18	Zinc finger protein AEBP2	{'GO:0035098', 'GO:0005654', 'GO:0000122', 'GO:0000785', 'GO:0005634', 'GO:0031507', 'GO:0005515', 'GO:0006357', 'GO:0003712'}
Q6ZN19	Zinc finger protein 841	{'GO:1990837', 'GO:0000976', 'GO:0000122', 'GO:0005634'}
Q6ZN32	ETS translocation variant 3-like protein	{'GO:0030154', 'GO:0006355', 'GO:0043565', 'GO:0003700', 'GO:0005634', 'GO:0000981', 'GO:0005515', 'GO:0006357'}
Q6ZN54	Differentially expressed in FDCP 8 homolog	{'GO:0032418', 'GO:0005515', 'GO:0045780', 'GO:1900029'}
Q6ZN55	Zinc finger protein 574	{'GO:1990116', 'GO:0042256', 'GO:0090069', 'GO:0005634', 'GO:0043023', 'GO:0000976', 'GO:0005737', 'GO:0005515', 'GO:0006357'}
Q6ZN57	Zinc finger protein ZFP2	{'GO:0000978', 'GO:1990837', 'GO:0005634', 'GO:0000981', 'GO:0005515', 'GO:0006357'}
Q6ZN79	Zinc finger protein 705A	{'GO:0000977', 'GO:0000785', 'GO:0006355', 'GO:0005634', 'GO:0000981', 'GO:0006357'}
Q6ZNB6	NF-X1-type zinc finger protein NFXL1	{'GO:0000977', 'GO:0000785', 'GO:0006355', 'GO:0008270', 'GO:0003700', 'GO:0000981', 'GO:0005634', 'GO:0016020', 'GO:0006357'}
Q6ZNE9	RUN and FYVE domain-containing protein 4	{'GO:0071353', 'GO:0005776', 'GO:0051050', 'GO:0005764', 'GO:0007033', 'GO:0034452', 'GO:0045921', 'GO:0032266', 'GO:0045780', 'GO:2001019', 'GO:0036019', 'GO:0061763', 'GO:0000045', 'GO:0016239', 'GO:0005515'}
Q6ZNG1	Zinc finger protein 600	{'GO:0005515', 'GO:0000976', 'GO:0000122', 'GO:0005634'}
Q6ZNH5	Zinc finger protein 497	{'GO:0000978', 'GO:0045892', 'GO:0043565', 'GO:0003700', 'GO:0005634', 'GO:0005515', 'GO:0006357'}
Q6ZNI0	Probable beta-1,3-galactosyl-O-glycosyl-glycoprotein beta-1,6-N-acetylglucosaminyltransferase 7	{'GO:0008375', 'GO:0016020', 'GO:0000139', 'GO:0016757'}
Q6ZR52	Zinc finger protein 493	{'GO:0000122', 'GO:0001227', 'GO:0005634', 'GO:0000976', 'GO:0005515', 'GO:0006357'}
Q6ZRF8	RING finger protein 207	{'GO:0030544', 'GO:0044325', 'GO:0051087', 'GO:1901207', 'GO:0046872', 'GO:0008270', 'GO:0005737', 'GO:0055117', 'GO:1905033', 'GO:0005515', 'GO:1905026', 'GO:0048471', 'GO:0010628'}
Q6ZS27	Zinc finger protein 662	{'GO:0000978', 'GO:0006355', 'GO:0003700', 'GO:0005634', 'GO:0005515', 'GO:0006357'}
Q6ZSB9	Zinc finger and BTB domain-containing protein 49	{'GO:0000978', 'GO:0003677', 'GO:0000122', 'GO:0002682', 'GO:0045893', 'GO:0051726', 'GO:0140297', 'GO:0001227', 'GO:0043565', 'GO:0045944', 'GO:0005634', 'GO:0001817', 'GO:0001223', 'GO:0005737', 'GO:0005515', 'GO:0006357', 'GO:0005654', 'GO:0008285'}
Q6ZT77	Putative zinc finger protein 826	{'GO:0006355', 'GO:0005634', 'GO:0003700'}
Q6ZTA4	Tripartite motif-containing protein 67	{'GO:0005737', 'GO:0032880', 'GO:0005856', 'GO:0008270'}
Q6ZTB9	Putative zinc finger protein 833	{'GO:0045893', 'GO:0043565', 'GO:0005634', 'GO:0003700', 'GO:0005694', 'GO:0010468'}
Q6ZVD7	Storkhead-box protein 1	{'GO:0010971', 'GO:1901858', 'GO:0045787', 'GO:0007346', 'GO:0010468', 'GO:0051881', 'GO:0010628', 'GO:0010821', 'GO:0005829', 'GO:1902882', 'GO:0071500', 'GO:0005737', 'GO:0005515', 'GO:0006357', 'GO:0010629', 'GO:0010800', 'GO:1904031', 'GO:0005730', 'GO:1900087', 'GO:0005938', 'GO:1904120', 'GO:0033138', 'GO:0000977', 'GO:0048839', 'GO:0001650', 'GO:0005813', 'GO:0003700', 'GO:0005634', 'GO:0051897', 'GO:0005654'}
Q6ZVN8	Hemojuvelin	{'GO:0060586', 'GO:0005886', 'GO:0032924', 'GO:0070724', 'GO:1990712', 'GO:0009986', 'GO:0098821', 'GO:0016540', 'GO:0045944', 'GO:0005515', 'GO:0005102', 'GO:0030509', 'GO:0036122', 'GO:0071773', 'GO:0015026', 'GO:0005576', 'GO:0000122', 'GO:1990459', 'GO:0006879', 'GO:0098797'}
Q6ZW61	Chaperonin-containing T-complex member BBS12	{'GO:0045494', 'GO:0005929', 'GO:0045599', 'GO:0051131', 'GO:0005524', 'GO:0005515'}
Q6ZWE6	Pleckstrin homology domain-containing family M member 3	{'GO:0005886', 'GO:0005737', 'GO:0005794', 'GO:0045445'}
Q75N03	E3 ubiquitin-protein ligase Hakai	{'GO:0005829', 'GO:0036396', 'GO:0061630', 'GO:0030155', 'GO:0004842', 'GO:0006397', 'GO:0045807', 'GO:0005634', 'GO:0098609', 'GO:0042802', 'GO:0016567', 'GO:0005737', 'GO:0000151', 'GO:0005515', 'GO:0005654', 'GO:0007162', 'GO:0016607', 'GO:0030335'}
Q76KX8	Zinc finger protein 534	{'GO:0000978', 'GO:1990837', 'GO:0006355', 'GO:0005634', 'GO:0000981', 'GO:0005515', 'GO:0006357'}
Q7L0X2	Glutamate-rich protein 6	{'GO:0005634'}
Q7L2R6	Zinc finger protein 765	{'GO:0000978', 'GO:0006355', 'GO:0005634', 'GO:0000981', 'GO:0005515', 'GO:0006357'}
Q7L3S4	Zinc finger protein 771	{'GO:1990837', 'GO:0005730', 'GO:0005634', 'GO:0000981', 'GO:0006357', 'GO:0005654'}
Q7L5Y9	E3 ubiquitin-protein transferase MAEA	{'GO:0005829', 'GO:0033033', 'GO:0061630', 'GO:0043161', 'GO:0005819', 'GO:0004842', 'GO:0005826', 'GO:0005856', 'GO:0005886', 'GO:0005634', 'GO:0034657', 'GO:0015629', 'GO:0005737', 'GO:0016363', 'GO:0007346', 'GO:0005654', 'GO:0007155', 'GO:0003779'}
Q7L945	Zinc finger protein 627	{'GO:0000977', 'GO:0006355', 'GO:0005634', 'GO:0000981', 'GO:0005515', 'GO:0006357'}
Q7LFX5	Carbohydrate sulfotransferase 15	{'GO:0050659', 'GO:0000139', 'GO:0019319', 'GO:0050651', 'GO:0008146', 'GO:0016020', 'GO:0005515', 'GO:0050650', 'GO:0050656'}
Q7RTV3	Zinc finger protein 367	{'GO:0000978', 'GO:0005634', 'GO:0003700', 'GO:0000981', 'GO:0006357', 'GO:0005654'}
Q7RTY8	Transmembrane protease serine 7	{'GO:0005886', 'GO:0004252', 'GO:0016485', 'GO:0006508', 'GO:0008236'}
Q7Z2W4	Zinc finger CCCH-type antiviral protein 1	{'GO:0032727', 'GO:0071360', 'GO:0003723', 'GO:0032728', 'GO:0005829', 'GO:0005770', 'GO:0043123', 'GO:0046872', 'GO:0005737', 'GO:0005515', 'GO:0009615', 'GO:0061014', 'GO:0045296', 'GO:0016020', 'GO:1900246', 'GO:0045071', 'GO:0005764', 'GO:0005634', 'GO:0140517'}
Q7Z340	Zinc finger protein 551	{'GO:0000978', 'GO:0006355', 'GO:0045892', 'GO:0005634', 'GO:0000981', 'GO:0006357'}
Q7Z398	Zinc finger protein 550	{'GO:0000977', 'GO:0006355', 'GO:0045892', 'GO:0005634', 'GO:0000981', 'GO:0005515', 'GO:0006357'}
Q7Z3I7	Zinc finger protein 572	{'GO:0000978', 'GO:0000122', 'GO:0002682', 'GO:0001227', 'GO:0005634', 'GO:0001817', 'GO:0042802', 'GO:0005515', 'GO:0005654'}
Q7Z3S9	Notch homolog 2 N-terminal-like protein A	{'GO:0021987', 'GO:0045747', 'GO:0005509', 'GO:0005112', 'GO:0005737', 'GO:0005576', 'GO:0005515'}
Q7Z403	Transmembrane channel-like protein 6	{'GO:0035579', 'GO:0000139', 'GO:0008381', 'GO:0005783', 'GO:0005794', 'GO:0005886', 'GO:0070821', 'GO:0005789', 'GO:0005737', 'GO:0016020', 'GO:0031965', 'GO:0070062', 'GO:0050821', 'GO:0005515', 'GO:0006882', 'GO:0034220'}
Q7Z4F1	Low-density lipoprotein receptor-related protein 10	{'GO:0005041', 'GO:0005886', 'GO:0016020', 'GO:0016192', 'GO:0005515'}
Q7Z4K8	Tripartite motif-containing protein 46	{'GO:1904115', 'GO:0048490', 'GO:0005856', 'GO:0030424', 'GO:0008270', 'GO:0044304', 'GO:0032880', 'GO:0030517', 'GO:0001578', 'GO:0043194', 'GO:0001764', 'GO:0007409', 'GO:1901953', 'GO:1990769'}
Q7Z5L7	Podocan	{'GO:0031012', 'GO:0140150', 'GO:0005737', 'GO:0005576', 'GO:0030336', 'GO:0030021', 'GO:0005515', 'GO:0008285', 'GO:0005518'}
Q7Z6R9	Transcription factor AP-2-delta	{'GO:0001228', 'GO:0005667', 'GO:0000977', 'GO:0000785', 'GO:0006355', 'GO:0045944', 'GO:0003700', 'GO:0005634', 'GO:0000981', 'GO:0005515', 'GO:0042127'}
Q7Z713	Ankyrin repeat domain-containing protein 37	{'GO:0005829', 'GO:0005634', 'GO:0005737', 'GO:0005515', 'GO:0005654'}
Q7Z736	Pleckstrin homology domain-containing family H member 3	{'GO:0005856', 'GO:0005576'}
Q7Z7K2	Zinc finger protein 467	{'GO:0000978', 'GO:0003677', 'GO:0005634', 'GO:0000981', 'GO:0005515', 'GO:0006357'}
Q86SQ3	Putative adhesion G protein-coupled receptor E4P	{'GO:0004930', 'GO:0005886', 'GO:0007166', 'GO:0004888', 'GO:0007186', 'GO:0005509', 'GO:0016020', 'GO:0005576'}
Q86SQ6	Adhesion G protein-coupled receptor A1	{'GO:0004930', 'GO:0005886', 'GO:0007166', 'GO:0007165', 'GO:0004888', 'GO:0007186', 'GO:0098978', 'GO:0016020', 'GO:0005515', 'GO:0014069'}
Q86T29	Zinc finger protein 605	{'GO:0006355', 'GO:0005634'}
Q86T96	E3 ubiquitin-protein ligase RNF180	{'GO:0042428', 'GO:0061630', 'GO:0005635', 'GO:0042415', 'GO:0046872', 'GO:0005789', 'GO:0032436', 'GO:0016567', 'GO:0005515', 'GO:0031624', 'GO:0000209'}
Q86TH1	ADAMTS-like protein 2	{'GO:0031012', 'GO:0050436', 'GO:0030198', 'GO:0005576', 'GO:0030512', 'GO:0005515'}
Q86TJ5	Zinc finger protein 554	{'GO:0000977', 'GO:0006355', 'GO:0005730', 'GO:0005634', 'GO:0000981', 'GO:0005515', 'GO:0006357', 'GO:0005654'}
Q86U44	N(6)-adenosine-methyltransferase catalytic subunit METTL3	{'GO:0005654', 'GO:0051445', 'GO:0045580', 'GO:1903679', 'GO:0098508', 'GO:0016556', 'GO:0005829', 'GO:1902036', 'GO:0036396', 'GO:0060339', 'GO:0061157', 'GO:0001734', 'GO:0003729', 'GO:1990931', 'GO:0019827', 'GO:0005737', 'GO:0016604', 'GO:0043489', 'GO:0045746', 'GO:0005515', 'GO:0048477', 'GO:0031053', 'GO:0034644', 'GO:0043487', 'GO:0006397', 'GO:0007623', 'GO:0046982', 'GO:0009048', 'GO:0000398', 'GO:0001510', 'GO:0016607', 'GO:0021861', 'GO:0008173', 'GO:0005634', 'GO:1904047', 'GO:0042063', 'GO:0007283', 'GO:0006974', 'GO:0045727'}
Q86UD3	E3 ubiquitin-protein ligase MARCHF3	{'GO:0061630', 'GO:0005764', 'GO:0004842', 'GO:0008270', 'GO:0016567', 'GO:0031901', 'GO:0030659', 'GO:0005768', 'GO:0005515'}
Q86UD4	Zinc finger protein 329	{'GO:0000978', 'GO:0001228', 'GO:1990837', 'GO:0045944', 'GO:0003700', 'GO:0005634', 'GO:0005515', 'GO:0006357'}
Q86UE3	Zinc finger protein 546	{'GO:0000978', 'GO:0006355', 'GO:0005634', 'GO:0000981', 'GO:0006357', 'GO:0005654'}
Q86UQ0	Zinc finger protein 589	{'GO:0000978', 'GO:0000977', 'GO:0000122', 'GO:0006355', 'GO:0001227', 'GO:0043565', 'GO:0008270', 'GO:0005634', 'GO:0005654'}
Q86UX7	Fermitin family homolog 3	{'GO:0070527', 'GO:0033632', 'GO:0030055', 'GO:0002102', 'GO:0008289', 'GO:0007229', 'GO:0031093', 'GO:0005178', 'GO:0016020', 'GO:0007159', 'GO:0007160', 'GO:0033622', 'GO:0034446', 'GO:0005576', 'GO:0005515', 'GO:0070062', 'GO:0030335'}
Q86V20	Shieldin complex subunit 2	{'GO:0002208', 'GO:0045830', 'GO:0043247', 'GO:2000042', 'GO:0000785', 'GO:0005634', 'GO:0005694', 'GO:2001034', 'GO:0005515', 'GO:0035861', 'GO:0005654', 'GO:0010569'}
Q86V71	Zinc finger protein 429	{'GO:0000978', 'GO:0000122', 'GO:0006355', 'GO:0005634', 'GO:0000981', 'GO:0006357'}
Q86VH5	Leucine-rich repeat transmembrane neuronal protein 3	{'GO:1902004', 'GO:0005886', 'GO:0045211', 'GO:0098839', 'GO:0098978', 'GO:1905606', 'GO:0045202', 'GO:0038023'}
Q86VK4	Zinc finger protein 410	{'GO:0000978', 'GO:1990837', 'GO:0005654', 'GO:0010629', 'GO:0045893', 'GO:0045944', 'GO:0043565', 'GO:0003700', 'GO:0005634', 'GO:0031981', 'GO:0005515', 'GO:0006357', 'GO:0003712', 'GO:0005694'}
Q86VV4	Ran-binding protein 3-like	{'GO:1901706', 'GO:0005643', 'GO:0046332', 'GO:0005634', 'GO:0006611', 'GO:0005737', 'GO:0005515', 'GO:0045668', 'GO:0045663'}
Q86W11	Zinc finger and SCAN domain-containing protein 30	{'GO:0000978', 'GO:0005634', 'GO:0000981', 'GO:0005515', 'GO:0006357', 'GO:0005654'}
Q86WZ6	Zinc finger protein 227	{'GO:0006355', 'GO:0005634', 'GO:0000976', 'GO:0005515', 'GO:0006357', 'GO:0005654'}
Q86X76	Deaminated glutathione amidase	{'GO:0006749', 'GO:0110050', 'GO:0005634', 'GO:0005739', 'GO:0005737', 'GO:0016811'}
Q86XN6	Zinc finger protein 761	{'GO:0000978', 'GO:1990837', 'GO:0006355', 'GO:0005634', 'GO:0000981', 'GO:0006357'}
Q86XU0	Zinc finger protein 677	{'GO:0000978', 'GO:0006355', 'GO:0005634', 'GO:0000981', 'GO:0006357'}
Q86Y25	Zinc finger protein 354C	{'GO:0000978', 'GO:0000122', 'GO:1903671', 'GO:0006355', 'GO:0001227', 'GO:0005634', 'GO:0000981', 'GO:0005737', 'GO:0031965', 'GO:0005515', 'GO:0006357', 'GO:0005654'}
Q86Y38	Xylosyltransferase 1	{'GO:0048706', 'GO:0000139', 'GO:0005794', 'GO:0015012', 'GO:0043931', 'GO:0000137', 'GO:0120532', 'GO:0016020', 'GO:0005576', 'GO:0016757', 'GO:0050650', 'GO:0006024', 'GO:0030158', 'GO:0030166'}
Q86YD5	Low-density lipoprotein receptor class A domain-containing protein 3	{'GO:0005886', 'GO:0006898', 'GO:0016020', 'GO:0001540', 'GO:0005515'}
Q86YH2	Zinc finger protein 280B	{'GO:0000978', 'GO:0006355', 'GO:0005634', 'GO:0000981', 'GO:0006357'}
Q86YJ6	Threonine synthase-like 2	{'GO:0005576', 'GO:0016791', 'GO:0070905', 'GO:0030170'}
Q86YR6	POTE ankyrin domain family member D	{'GO:0005886'}
Q8IU80	Transmembrane protease serine 6	{'GO:0060586', 'GO:0004222', 'GO:0000122', 'GO:0006508', 'GO:0097264', 'GO:0005886', 'GO:0045892', 'GO:0045944', 'GO:0004252', 'GO:0030574', 'GO:0016485', 'GO:0005576', 'GO:0006879', 'GO:0005515', 'GO:0022617', 'GO:0008236', 'GO:0033619'}
Q8IUA0	WAP four-disulfide core domain protein 8	{'GO:0004867', 'GO:0005576', 'GO:0030414'}
Q8IUB2	WAP four-disulfide core domain protein 3	{'GO:0004867', 'GO:0030414', 'GO:0005576', 'GO:0019731', 'GO:0005515', 'GO:0045087'}
Q8IUQ4	E3 ubiquitin-protein ligase SIAH1	{'GO:0061630', 'GO:0008270', 'GO:0060070', 'GO:0030163', 'GO:0005769', 'GO:0005829', 'GO:0009653', 'GO:0006511', 'GO:2001244', 'GO:0051402', 'GO:0042802', 'GO:0005737', 'GO:2001233', 'GO:0005515', 'GO:0030877', 'GO:0043161', 'GO:0031648', 'GO:0016567', 'GO:0007399', 'GO:0006915', 'GO:0043065', 'GO:0004842', 'GO:0005634', 'GO:0007411', 'GO:1990000', 'GO:0031624', 'GO:0005654'}
Q8IUW3	Spermatogenesis-associated protein 2-like protein	{'GO:0005515', 'GO:0005737'}
Q8IUX8	Epidermal growth factor-like protein 6	{'GO:0031012', 'GO:0005509', 'GO:0005178', 'GO:0005604', 'GO:0016020', 'GO:0005576', 'GO:0005515'}
Q8IV13	Cyclin-J-like protein	{'GO:0000307', 'GO:0016538', 'GO:0005634', 'GO:0005815', 'GO:0000082', 'GO:0005737', 'GO:0005515'}
Q8IVC4	Zinc finger protein 584	{'GO:0000978', 'GO:0006355', 'GO:0005634', 'GO:0000981', 'GO:0006357'}
Q8IVN8	Somatomedin-B and thrombospondin type-1 domain-containing protein	{'GO:0005201', 'GO:0031012', 'GO:0140149'}
Q8IVP9	Zinc finger protein 547	{'GO:0000978', 'GO:0003690', 'GO:0006355', 'GO:0005634', 'GO:0000981', 'GO:0005515', 'GO:0006357'}
Q8IVT5	Kinase suppressor of Ras 1	{'GO:0000165', 'GO:0043405', 'GO:0005886', 'GO:0043410', 'GO:0005789', 'GO:0032991', 'GO:0106310', 'GO:0005524', 'GO:0005829', 'GO:0005078', 'GO:0005737', 'GO:0005515', 'GO:0032587', 'GO:0005783', 'GO:0004672', 'GO:0016020', 'GO:0007265', 'GO:0042127', 'GO:0071889', 'GO:0004674'}
Q8IVW1	Putative ADP-ribosylation factor-like protein 17A	{'GO:0006886', 'GO:0005525', 'GO:0005886', 'GO:0005737', 'GO:0016192', 'GO:0005654', 'GO:0003924'}
Q8IW52	SLIT and NTRK-like protein 4	{'GO:0005886', 'GO:0051965', 'GO:0050807', 'GO:0098978', 'GO:0016020', 'GO:0005515', 'GO:0007409'}
Q8IWR0	Zinc finger CCCH domain-containing protein 7A	{'GO:0005829', 'GO:0005515', 'GO:0003723', 'GO:0046872', 'GO:0005634', 'GO:0035196', 'GO:0035198', 'GO:0010608'}
Q8IWU5	Extracellular sulfatase Sulf-2	{'GO:0030200', 'GO:0035860', 'GO:0005886', 'GO:0030177', 'GO:0008484', 'GO:0005795', 'GO:0009986', 'GO:0002063', 'GO:0010575', 'GO:0008449', 'GO:0005515', 'GO:0048706', 'GO:0060384', 'GO:0005783', 'GO:0005509', 'GO:0014846', 'GO:0040037', 'GO:0005576', 'GO:1904472', 'GO:0060348', 'GO:0003094', 'GO:0004065', 'GO:0030201', 'GO:0001822', 'GO:0032836', 'GO:0005794', 'GO:0051216'}
Q8IWY4	Signal peptide, CUB and EGF-like domain-containing protein 1	{'GO:0030509', 'GO:0055001', 'GO:0009897', 'GO:0005886', 'GO:0007224', 'GO:0005509', 'GO:0042802', 'GO:0006954', 'GO:0005576', 'GO:0009791', 'GO:0045446', 'GO:0005515', 'GO:0007512', 'GO:0007596', 'GO:0009986'}
Q8IWY8	Zinc finger and SCAN domain-containing protein 29	{'GO:0000978', 'GO:1990837', 'GO:0005634', 'GO:0000981', 'GO:0005515', 'GO:0006357'}
Q8IWZ5	Tripartite motif-containing protein 42	{'GO:0005515', 'GO:0008270'}
Q8IX06	Putative exonuclease GOR	{'GO:0004527', 'GO:0005634', 'GO:0003676', 'GO:0031125', 'GO:0005737', 'GO:0005515'}
Q8IX30	Signal peptide, CUB and EGF-like domain-containing protein 3	{'GO:0030509', 'GO:0045669', 'GO:0055001', 'GO:0005886', 'GO:0036122', 'GO:0007224', 'GO:0005509', 'GO:0042802', 'GO:0070700', 'GO:0005576', 'GO:0030513', 'GO:0009967', 'GO:0005515', 'GO:0009986'}
Q8IXM7	Ciliary microtubule associated protein 1C	{'GO:0005515', 'GO:0005856'}
Q8IXT1	DNA damage-induced apoptosis suppressor protein	{'GO:1902230', 'GO:0043066', 'GO:0097752', 'GO:0005634', 'GO:0005737'}
Q8IXZ2	Zinc finger CCCH domain-containing protein 3	{'GO:0005847', 'GO:0070412', 'GO:0006401', 'GO:0046872', 'GO:0046332', 'GO:0005634', 'GO:0005654'}
Q8IXZ3	Transcription factor Sp8	{'GO:0000978', 'GO:1990837', 'GO:0000785', 'GO:0043565', 'GO:0005634', 'GO:0000981', 'GO:0006357'}
Q8IY82	Dynein regulatory complex subunit 7	{'GO:0003341', 'GO:0005930', 'GO:0030317', 'GO:0005931', 'GO:0005737', 'GO:0007288', 'GO:0007283', 'GO:0005515', 'GO:0031514'}
Q8IYB9	Zinc finger protein 595	{'GO:0000978', 'GO:0000122', 'GO:0006355', 'GO:0005634', 'GO:0000981', 'GO:0005515', 'GO:0006357'}
Q8IYD9	Lung adenoma susceptibility protein 2	{'GO:0005515', 'GO:0005576'}
Q8IYH5	ZZ-type zinc finger-containing protein 3	{'GO:0045995', 'GO:0051726', 'GO:0006355', 'GO:0005730', 'GO:0072686', 'GO:0090043', 'GO:0008270', 'GO:0005634', 'GO:0042393', 'GO:0006325', 'GO:0140672', 'GO:0051302', 'GO:0005515', 'GO:0006357', 'GO:0005654'}
Q8IYI8	Zinc finger protein 440	{'GO:0000977', 'GO:0006355', 'GO:0005634', 'GO:0000981', 'GO:0005515', 'GO:0006357'}
Q8IYN0	Zinc finger protein 100	{'GO:0000978', 'GO:0006355', 'GO:0005634', 'GO:0000981', 'GO:0005515', 'GO:0006357'}
Q8IYP9	Palmitoyltransferase ZDHHC23	{'GO:0000139', 'GO:0006612', 'GO:0005783', 'GO:0005794', 'GO:0019706', 'GO:0016409', 'GO:0005515', 'GO:0072659', 'GO:0018345'}
Q8IYR2	Protein-lysine N-methyltransferase SMYD4	{'GO:0007507', 'GO:0005634', 'GO:0005737', 'GO:0042826', 'GO:0005515', 'GO:0016279'}
Q8IYR6	Tomoregulin-1	{'GO:0046597', 'GO:0005886', 'GO:0141069'}
Q8IYX0	Zinc finger protein 679	{'GO:0000978', 'GO:0006355', 'GO:0005634', 'GO:0000981', 'GO:0005515', 'GO:0006357'}
Q8IZ20	Tissue-resident T-cell transcription regulator protein ZNF683	{'GO:0000978', 'GO:0051136', 'GO:1904637', 'GO:0010628', 'GO:0000122', 'GO:0002682', 'GO:0032689', 'GO:0033082', 'GO:0051239', 'GO:0003700', 'GO:0005634', 'GO:0002376', 'GO:0032823', 'GO:0005515', 'GO:0006357', 'GO:0050852', 'GO:0010468', 'GO:1990841'}
Q8IZ26	Zinc finger protein 34	{'GO:0000978', 'GO:0005829', 'GO:0006355', 'GO:0005634', 'GO:0000981', 'GO:0005515', 'GO:0006357', 'GO:0005654'}
Q8IZ69	tRNA (uracil-5-)-methyltransferase homolog A	{'GO:0005829', 'GO:0008169', 'GO:0006396', 'GO:0003723', 'GO:0008173', 'GO:0003676', 'GO:0030697', 'GO:0005515'}
Q8IZC7	Zinc finger protein 101	{'GO:0000977', 'GO:0006355', 'GO:0005634', 'GO:0000981', 'GO:0005515', 'GO:0006357'}
Q8IZE3	Protein-associating with the carboxyl-terminal domain of ezrin	{'GO:0005829', 'GO:0016477', 'GO:0005794', 'GO:0030027', 'GO:0005737', 'GO:0005524', 'GO:0005515'}
Q8IZF7	Putative adhesion G protein-coupled receptor F2P	{'GO:0007189', 'GO:0004930', 'GO:0005886', 'GO:0007166', 'GO:0004888', 'GO:0007186', 'GO:0016020'}
Q8IZN3	Palmitoyltransferase ZDHHC14	{'GO:0006612', 'GO:0005783', 'GO:0005794', 'GO:0032580', 'GO:0005789', 'GO:0019706', 'GO:0016409', 'GO:0018230'}
Q8IZP6	RING finger protein 113B	{'GO:0000398', 'GO:0005684', 'GO:0046872', 'GO:0004842'}
Q8N126	Cell adhesion molecule 3	{'GO:0042734', 'GO:0042803', 'GO:0070161', 'GO:0005911', 'GO:0005886', 'GO:0098688', 'GO:0005515', 'GO:0007156', 'GO:0007157'}
Q8N141	Zinc finger protein 82 homolog	{'GO:0000978', 'GO:0006355', 'GO:0005634', 'GO:0000981', 'GO:0006357'}
Q8N184	Zinc finger protein 567	{'GO:0000978', 'GO:0006355', 'GO:0003700', 'GO:0005634', 'GO:0005515', 'GO:0006357'}
Q8N187	Calcium-responsive transcription factor	{'GO:0000978', 'GO:0003677', 'GO:0001228', 'GO:0045944', 'GO:0003700', 'GO:0005634', 'GO:0000981', 'GO:0071277', 'GO:0005515', 'GO:0006357'}
Q8N1W2	Zinc finger protein 710	{'GO:0000978', 'GO:0005634', 'GO:0003700', 'GO:0005515', 'GO:0006357'}
Q8N2I2	Zinc finger protein 619	{'GO:1990837', 'GO:0000977', 'GO:0005634', 'GO:0000981', 'GO:0006357'}
Q8N2R0	Protein odd-skipped-related 2	{'GO:0042474', 'GO:0060272', 'GO:0045893', 'GO:0042733', 'GO:0048793', 'GO:0060349', 'GO:0043565', 'GO:0048704', 'GO:0001656', 'GO:0033687', 'GO:0001823', 'GO:0010628', 'GO:0007389', 'GO:0001655', 'GO:0000981', 'GO:0072498', 'GO:0005515', 'GO:0045944', 'GO:0030501', 'GO:0001228', 'GO:0035116', 'GO:0036023', 'GO:0002062', 'GO:0035115', 'GO:1990837', 'GO:0060322', 'GO:0000977', 'GO:0000122', 'GO:0030154', 'GO:0008284', 'GO:0061029', 'GO:0005634', 'GO:0060021', 'GO:0050679', 'GO:0042476', 'GO:0009792'}
Q8N328	PiggyBac transposable element-derived protein 3	{'GO:0043565', 'GO:0005634'}
Q8N393	Zinc finger protein 786	{'GO:0006355', 'GO:0005634', 'GO:0000976', 'GO:0005515', 'GO:0006357'}
Q8N3F9	Integral membrane protein GPR137C	{'GO:1904263', 'GO:0005765'}
Q8N3J9	Zinc finger protein 664	{'GO:0000978', 'GO:0006355', 'GO:0005634', 'GO:0000981', 'GO:0005515', 'GO:0006357'}
Q8N3S3	Protein PHTF2	{'GO:0016020', 'GO:0005783'}
Q8N3Z6	Zinc finger CCHC domain-containing protein 7	{'GO:0005829', 'GO:0071038', 'GO:0003723', 'GO:0071039', 'GO:0005730', 'GO:0008270', 'GO:0005634', 'GO:0003676', 'GO:0031499', 'GO:0071037', 'GO:0005515', 'GO:0071035', 'GO:0071036', 'GO:0071031'}
Q8N475	Follistatin-related protein 5	{'GO:0005576', 'GO:0005515', 'GO:0005509', 'GO:0030154'}
Q8N4Q1	Mitochondrial intermembrane space import and assembly protein 40	{'GO:0005758', 'GO:0033108', 'GO:0005739', 'GO:0045041', 'GO:0051604', 'GO:0160203', 'GO:0005515', 'GO:0015035'}
Q8N4W9	Zinc finger protein 808	{'GO:1990837', 'GO:0000122', 'GO:0030154', 'GO:0006355', 'GO:0005634', 'GO:0000976', 'GO:0010629', 'GO:0031016'}
Q8N567	Zinc finger CCHC domain-containing protein 9	{'GO:0005730', 'GO:0003723', 'GO:0005634', 'GO:0008270', 'GO:0003676', 'GO:0005654'}
Q8N573	Oxidation resistance protein 1	{'GO:0005794', 'GO:0005730', 'GO:0005739', 'GO:0005634', 'GO:0005515', 'GO:0006979'}
Q8N587	Zinc finger protein 561	{'GO:0000978', 'GO:0006355', 'GO:0005634', 'GO:0000981', 'GO:0006357'}
Q8N680	Zinc finger and BTB domain-containing protein 2	{'GO:0000978', 'GO:1990837', 'GO:0000122', 'GO:0002682', 'GO:0001227', 'GO:0005634', 'GO:0001817', 'GO:0042802', 'GO:0005515', 'GO:0005654'}
Q8N6C8	Leukocyte immunoglobulin-like receptor subfamily A member 3	{'GO:0035579', 'GO:0032396', 'GO:0005886', 'GO:0140105', 'GO:0070821', 'GO:0002767', 'GO:0005576', 'GO:0101003', 'GO:0005515'}
Q8N6M9	AN1-type zinc finger protein 2A	{'GO:0043161', 'GO:0005783', 'GO:0000502', 'GO:0008270', 'GO:0005634', 'GO:0005737', 'GO:0045047', 'GO:0005515'}
Q8N6Q3	CD177 antigen	{'GO:1990266', 'GO:0005886', 'GO:0070821', 'GO:0030100', 'GO:0045217', 'GO:0098609', 'GO:0048306', 'GO:0030027', 'GO:0045121', 'GO:0005515', 'GO:0007155', 'GO:0034394', 'GO:0030667', 'GO:2001044', 'GO:0044853', 'GO:0007159', 'GO:0005576', 'GO:0070062', 'GO:0002020', 'GO:0035579', 'GO:0072672', 'GO:0032930', 'GO:0005178', 'GO:0043315'}
Q8N720	Zinc finger protein 655	{'GO:0000978', 'GO:0005886', 'GO:2000134', 'GO:0005730', 'GO:0005634', 'GO:0000981', 'GO:0005737', 'GO:0005515', 'GO:0006357', 'GO:0005654'}
Q8N782	Zinc finger protein 525	{'GO:0000978', 'GO:0006355', 'GO:0005634', 'GO:0003700', 'GO:0005654'}
Q8N7B1	HORMA domain-containing protein 2	{'GO:0051177', 'GO:0005654', 'GO:0007130', 'GO:0005634', 'GO:0000795', 'GO:0005515', 'GO:0051321', 'GO:0051598', 'GO:0005694'}
Q8N7K0	Zinc finger protein 433	{'GO:1990837', 'GO:0000977', 'GO:0006355', 'GO:0005634', 'GO:0000981', 'GO:0005515', 'GO:0006357'}
Q8N7M2	Zinc finger protein 283	{'GO:0000978', 'GO:0006355', 'GO:0005634', 'GO:0000981', 'GO:0006357', 'GO:0005654'}
Q8N7R0	Putative homeobox protein NANOG2	{'GO:0000978', 'GO:0003677', 'GO:0030154', 'GO:0006355', 'GO:0008284', 'GO:0005634', 'GO:0000981', 'GO:0019827', 'GO:0006357', 'GO:0005654'}
Q8N823	Zinc finger protein 611	{'GO:0000978', 'GO:0045893', 'GO:0006355', 'GO:0043565', 'GO:0005634', 'GO:0000981', 'GO:0006357', 'GO:0005694'}
Q8N859	Zinc finger protein 713	{'GO:0000978', 'GO:1990837', 'GO:0006355', 'GO:0005634', 'GO:0000981', 'GO:0006357'}
Q8N865	Sperm-associated microtubule inner protein 4	{'GO:0005515', 'GO:0005813'}
Q8N883	Zinc finger protein 614	{'GO:0000977', 'GO:0006355', 'GO:0043565', 'GO:0005634', 'GO:0000981', 'GO:0005515', 'GO:0006357'}
Q8N895	Zinc finger protein 366	{'GO:0000978', 'GO:0030331', 'GO:0003714', 'GO:0000122', 'GO:0003700', 'GO:0043627', 'GO:0005634', 'GO:0033147', 'GO:0005515', 'GO:0005654'}
Q8N8C0	Zinc finger protein 781	{'GO:0006355', 'GO:0005634', 'GO:0003700'}
Q8N8E2	Zinc finger protein 513	{'GO:0003677', 'GO:0060041', 'GO:0006355', 'GO:0003700', 'GO:0005634', 'GO:0000976', 'GO:0005515'}
Q8N8J6	Zinc finger protein 615	{'GO:0006355', 'GO:0000976', 'GO:0006357', 'GO:0005634'}
Q8N8K9	Uncharacterized protein KIAA1958	{'GO:0005515'}
Q8N8L2	Zinc finger protein 491	{'GO:0000977', 'GO:0005634', 'GO:0000981', 'GO:0005515', 'GO:0006357'}
Q8N8Y5	Zinc finger protein 41 homolog	{'GO:1990837', 'GO:0000977', 'GO:0005634', 'GO:0000981', 'GO:0005515', 'GO:0006357'}
Q8N972	Zinc finger protein 709	{'GO:0000977', 'GO:0006355', 'GO:0005634', 'GO:0000981', 'GO:0006357'}
Q8N9F8	Zinc finger protein 454	{'GO:0000978', 'GO:1990837', 'GO:0006355', 'GO:0005634', 'GO:0000981', 'GO:0006357'}
Q8N9K5	Zinc finger protein 565	{'GO:0000978', 'GO:0006355', 'GO:0005634', 'GO:0000981', 'GO:0006357'}
Q8NA19	Lethal(3)malignant brain tumor-like protein 4	{'GO:0006355', 'GO:0045892', 'GO:0003682', 'GO:0008270', 'GO:0005634', 'GO:0042393', 'GO:0005515'}
Q8NA31	Telomere repeats-binding bouquet formation protein 1	{'GO:0000781', 'GO:0007129', 'GO:0070197', 'GO:0045141', 'GO:0005635', 'GO:0070187', 'GO:0005637', 'GO:0005515'}
Q8NA42	Zinc finger protein 383	{'GO:0000978', 'GO:0006355', 'GO:0003700', 'GO:0005634', 'GO:0005737', 'GO:0031965', 'GO:0005515', 'GO:0006357', 'GO:0005654'}
Q8NAC3	Interleukin-17 receptor C	{'GO:0005102', 'GO:0070534', 'GO:0097400', 'GO:0038173', 'GO:0005886', 'GO:1900017', 'GO:0032755', 'GO:0015026', 'GO:0030368', 'GO:0009986', 'GO:0005515', 'GO:0072538', 'GO:0071621', 'GO:0050832'}
Q8NAP8	Zinc finger and BTB domain-containing protein 8B	{'GO:0005829', 'GO:0000785', 'GO:0005634', 'GO:0000981', 'GO:0005515', 'GO:0006357', 'GO:0005654'}
Q8NB42	Zinc finger protein 527	{'GO:0000978', 'GO:0006355', 'GO:0005634', 'GO:0000981', 'GO:0006357'}
Q8NB50	Zinc finger protein 62 homolog	{'GO:0000976', 'GO:0005737', 'GO:0006357', 'GO:0005634'}
Q8NB78	Lysine-specific histone demethylase 2	{'GO:0005515', 'GO:0000785', 'GO:0140682', 'GO:0000786', 'GO:0050660', 'GO:0071949', 'GO:0008270', 'GO:0045815', 'GO:0042393', 'GO:0005634', 'GO:0032453', 'GO:0032452', 'GO:0071514', 'GO:0016491', 'GO:0005654', 'GO:0005694', 'GO:0040029'}
Q8NBP7	Proprotein convertase subtilisin/kexin type 9	{'GO:0141110', 'GO:0005886', 'GO:0003723', 'GO:0022008', 'GO:0043523', 'GO:0004175', 'GO:0007041', 'GO:0031232', 'GO:0001920', 'GO:0032869', 'GO:0036020', 'GO:0005769', 'GO:0009986', 'GO:0005770', 'GO:0030169', 'GO:0009267', 'GO:1990666', 'GO:0050750', 'GO:0030547', 'GO:0010989', 'GO:0005737', 'GO:0030182', 'GO:0016540', 'GO:0005515', 'GO:0032805', 'GO:0001889', 'GO:0008236', 'GO:1990667', 'GO:0019871', 'GO:1903783', 'GO:0005783', 'GO:0070326', 'GO:0034190', 'GO:0002091', 'GO:0043525', 'GO:0032802', 'GO:0005576', 'GO:0005765', 'GO:0030134', 'GO:0002092', 'GO:0034189', 'GO:0001822', 'GO:0048471', 'GO:1905601', 'GO:0005764', 'GO:0005794', 'GO:0004252', 'GO:0016485', 'GO:0005788', 'GO:0005768', 'GO:0006508', 'GO:0034185', 'GO:0042632'}
Q8NCA9	Zinc finger protein 784	{'GO:0000978', 'GO:0001228', 'GO:1990837', 'GO:0045944', 'GO:0005634', 'GO:0005515', 'GO:0006357'}
Q8NCF0	C-type lectin domain family 18 member C	{'GO:0005783', 'GO:0005794', 'GO:0005576', 'GO:0005768', 'GO:0030247', 'GO:0060090'}
Q8NCK3	Zinc finger protein 485	{'GO:0000978', 'GO:0001228', 'GO:0000122', 'GO:0006355', 'GO:0045944', 'GO:0001227', 'GO:0043565', 'GO:0005634', 'GO:0005515', 'GO:0006357', 'GO:0005654'}
Q8ND24	RING finger protein 214	{'GO:0005737', 'GO:0004842'}
Q8ND25	E3 ubiquitin-protein ligase ZNRF1	{'GO:0005829', 'GO:0061630', 'GO:0034145', 'GO:0043161', 'GO:0004842', 'GO:0005764', 'GO:0005886', 'GO:0016567', 'GO:0160177', 'GO:0005737', 'GO:0016020', 'GO:0005768', 'GO:0005515', 'GO:0030672', 'GO:0070936'}
Q8ND82	Zinc finger protein 280C	{'GO:0000978', 'GO:0006355', 'GO:0005634', 'GO:0000981', 'GO:0005515', 'GO:0006357'}
Q8ND94	LRRN4 C-terminal-like protein	{'GO:0016020'}
Q8NDL9	Cytosolic carboxypeptidase-like protein 5	{'GO:0015630', 'GO:0005829', 'GO:0051607', 'GO:0015631', 'GO:0005819', 'GO:0004181', 'GO:0072686', 'GO:0008270', 'GO:0005634', 'GO:0005737', 'GO:0030496', 'GO:0006508'}
Q8NDP4	Zinc finger protein 439	{'GO:0000977', 'GO:0006355', 'GO:0005634', 'GO:0000981', 'GO:0005515', 'GO:0006357'}
Q8NDQ6	Zinc finger protein 540	{'GO:0000978', 'GO:0005829', 'GO:0005654', 'GO:0010629', 'GO:0006355', 'GO:0045892', 'GO:0017148', 'GO:0005634', 'GO:0000981', 'GO:0005737', 'GO:0005515', 'GO:0006357', 'GO:0000900'}
Q8NDW4	Zinc finger protein 248	{'GO:0000977', 'GO:0006355', 'GO:0005634', 'GO:0000981', 'GO:0005515', 'GO:0006357', 'GO:0005654'}
Q8NDX6	Zinc finger protein 740	{'GO:0000978', 'GO:1990837', 'GO:0000785', 'GO:0003700', 'GO:0005634', 'GO:0000981', 'GO:0005515', 'GO:0006357'}
Q8NDZ0	BEN domain-containing protein 2	{'GO:0003677', 'GO:0005515', 'GO:0005634'}
Q8NE65	Zinc finger protein 738	{'GO:0000978', 'GO:0004842', 'GO:0006355', 'GO:0003700', 'GO:0005634', 'GO:0000209'}
Q8NEG5	E3 ubiquitin-protein ligase ZSWIM2	{'GO:0008270', 'GO:0061630', 'GO:0000209', 'GO:0004842'}
Q8NEK5	Zinc finger protein 548	{'GO:0000978', 'GO:0006355', 'GO:0005634', 'GO:0000981', 'GO:0006357'}
Q8NEM1	Zinc finger protein 680	{'GO:0000978', 'GO:0006355', 'GO:0005634', 'GO:0000981', 'GO:0006357'}
Q8NEM2	SHC SH2 domain-binding protein 1	{'GO:0005819', 'GO:2000177', 'GO:0072686', 'GO:0008543', 'GO:0030496', 'GO:0005515', 'GO:0042169'}
Q8NEM7	Transcription factor SPT20 homolog	{'GO:0045893', 'GO:0000124', 'GO:0070461', 'GO:0006282', 'GO:0005634', 'GO:0043484', 'GO:0005515', 'GO:0006357', 'GO:0003712'}
Q8NEP7	Kelch domain-containing protein 9	{'GO:0005515', 'GO:0030332'}
Q8NEP9	Zinc finger protein 555	{'GO:0001228', 'GO:0000977', 'GO:0006355', 'GO:0045944', 'GO:0005634', 'GO:0000981', 'GO:0005515', 'GO:0006357'}
Q8NF99	Zinc finger protein 397	{'GO:0000978', 'GO:0042803', 'GO:0006355', 'GO:0045892', 'GO:0005634', 'GO:0000981', 'GO:0046982', 'GO:0005737', 'GO:0005515', 'GO:0006357'}
Q8NFH8	RalBP1-associated Eps domain-containing protein 2	{'GO:0005829', 'GO:0005515', 'GO:0005886', 'GO:0006897', 'GO:0065003', 'GO:0005509', 'GO:0016197', 'GO:0005737', 'GO:0030674', 'GO:0007173'}
Q8NFT8	Delta and Notch-like epidermal growth factor-related receptor	{'GO:0007417', 'GO:0030425', 'GO:0007416', 'GO:0043025', 'GO:0007399', 'GO:0005886', 'GO:0006897', 'GO:0030276', 'GO:0004888', 'GO:0005509', 'GO:0005112', 'GO:0005515', 'GO:0001764', 'GO:0005769'}
Q8NFU1	Bestrophin-2a	{'GO:0099094', 'GO:1902476', 'GO:0015267', 'GO:0099095', 'GO:0015701', 'GO:0051899', 'GO:0005217', 'GO:0098655', 'GO:0005886', 'GO:0005929', 'GO:0005254', 'GO:0007608', 'GO:0005515', 'GO:0034707', 'GO:0160133', 'GO:0016323'}
Q8NG06	E3 ubiquitin-protein ligase TRIM58	{'GO:0061630', 'GO:1902838', 'GO:0006511', 'GO:0008270', 'GO:0045504', 'GO:0016567', 'GO:0051865', 'GO:0061931', 'GO:0045505', 'GO:0005737', 'GO:0045087', 'GO:0000209', 'GO:0010468'}
Q8NHL6	Leukocyte immunoglobulin-like receptor subfamily B member 1	{'GO:0001915', 'GO:0002774', 'GO:0051607', 'GO:0042803', 'GO:2001186', 'GO:0005886', 'GO:0042288', 'GO:2001189', 'GO:0030107', 'GO:0002767', 'GO:0045806', 'GO:0010628', 'GO:0045786', 'GO:0032945', 'GO:0032396', 'GO:0002309', 'GO:0007165', 'GO:0008157', 'GO:0005737', 'GO:0032695', 'GO:0023025', 'GO:0005515', 'GO:0009615', 'GO:0045944', 'GO:0097028', 'GO:0032688', 'GO:0014063', 'GO:0032689', 'GO:0023029', 'GO:0032720', 'GO:0032729', 'GO:0009897', 'GO:0045953', 'GO:0060907', 'GO:0031623', 'GO:0005576', 'GO:0030109', 'GO:0002719', 'GO:0042169', 'GO:0042130', 'GO:0032393', 'GO:0046636', 'GO:0043065', 'GO:0071222', 'GO:2001199', 'GO:0032394', 'GO:0007166', 'GO:0051926', 'GO:0140105', 'GO:2000669', 'GO:0071635', 'GO:0002230', 'GO:2001205', 'GO:0032693'}
Q8NHS0	DnaJ homolog subfamily B member 8	{'GO:0005829', 'GO:0044183', 'GO:0030544', 'GO:0090084', 'GO:0051087', 'GO:0005634', 'GO:0006457', 'GO:0005737'}
Q8NHY6	Zinc finger protein 28 homolog	{'GO:0000978', 'GO:0006355', 'GO:0005634', 'GO:0000981', 'GO:0006357', 'GO:0005654'}
Q8NI51	Transcriptional repressor CTCFL	{'GO:0000978', 'GO:0001228', 'GO:0003677', 'GO:0071169', 'GO:0040029', 'GO:0045893', 'GO:0045944', 'GO:0043565', 'GO:0045815', 'GO:0005634', 'GO:0042393', 'GO:0000976', 'GO:0071514', 'GO:0005737', 'GO:0005515', 'GO:0006357', 'GO:0010628'}
Q8TA94	Zinc finger protein 563	{'GO:0000977', 'GO:0006355', 'GO:0005634', 'GO:0000981', 'GO:0005515', 'GO:0006357'}
Q8TAF7	Zinc finger protein 461	{'GO:0000978', 'GO:1990837', 'GO:0006355', 'GO:0005634', 'GO:0000981', 'GO:0005515', 'GO:0006357'}
Q8TAP6	Centrosomal protein of 76 kDa	{'GO:0005829', 'GO:0005814', 'GO:0005813', 'GO:0032991', 'GO:0046599', 'GO:0005515'}
Q8TAQ5	Zinc finger protein 420	{'GO:0000978', 'GO:0006355', 'GO:0005634', 'GO:0000981', 'GO:0005515', 'GO:0006357', 'GO:0005654'}
Q8TAT5	Endonuclease 8-like 3	{'GO:0003690', 'GO:0019104', 'GO:0045007', 'GO:0008270', 'GO:0006281', 'GO:0006285', 'GO:1904931', 'GO:0003677', 'GO:0016799', 'GO:0140078', 'GO:0003697', 'GO:0000405', 'GO:0036297', 'GO:0006284', 'GO:0005694', 'GO:0003684', 'GO:0000012', 'GO:0005634', 'GO:0003676', 'GO:0003906', 'GO:0005654'}
Q8TAT6	Nuclear protein localization protein 4 homolog	{'GO:1990116', 'GO:0031625', 'GO:0030970', 'GO:0043130', 'GO:0031593', 'GO:0007030', 'GO:1990112', 'GO:0032480', 'GO:0072344', 'GO:0034098', 'GO:0005829', 'GO:0006511', 'GO:0044877', 'GO:0005515', 'GO:0036501', 'GO:0043161', 'GO:0051117', 'GO:0005783', 'GO:0036503', 'GO:0039536', 'GO:0042175', 'GO:0070530', 'GO:0005634', 'GO:1904949', 'GO:0036435', 'GO:0005654'}
Q8TAU3	Zinc finger protein 417	{'GO:0000978', 'GO:1990837', 'GO:0006355', 'GO:0005634', 'GO:0000981', 'GO:0005515', 'GO:0006357'}
Q8TAW3	Zinc finger protein 671	{'GO:0000978', 'GO:0006355', 'GO:0005634', 'GO:0003700', 'GO:0006357', 'GO:0005654'}
Q8TAX0	Protein odd-skipped-related 1	{'GO:0042474', 'GO:0141110', 'GO:0030857', 'GO:0034763', 'GO:0060272', 'GO:0042733', 'GO:0048793', 'GO:0072111', 'GO:0072075', 'GO:0072259', 'GO:0001823', 'GO:0090094', 'GO:0010628', 'GO:0005829', 'GO:0007389', 'GO:2000543', 'GO:0072162', 'GO:0000785', 'GO:0001655', 'GO:0072169', 'GO:0072190', 'GO:0001657', 'GO:0072133', 'GO:0000981', 'GO:0071300', 'GO:0072143', 'GO:0072180', 'GO:0072184', 'GO:0072234', 'GO:0072498', 'GO:0045944', 'GO:0030501', 'GO:0048863', 'GO:0072183', 'GO:0035725', 'GO:0043066', 'GO:0035116', 'GO:0036023', 'GO:0072208', 'GO:0002062', 'GO:0005938', 'GO:0072239', 'GO:0035115', 'GO:0072268', 'GO:1990837', 'GO:0072166', 'GO:0000977', 'GO:0000122', 'GO:0007507', 'GO:0030154', 'GO:1902306', 'GO:0005634', 'GO:0072168', 'GO:0060021', 'GO:0050679', 'GO:0072207', 'GO:0042476'}
Q8TB24	Ras and Rab interactor 3	{'GO:0005829', 'GO:0030425', 'GO:0031982', 'GO:0043025', 'GO:0005515', 'GO:0002091', 'GO:0006897', 'GO:0097494', 'GO:0007165', 'GO:0030139', 'GO:0030424', 'GO:0031267', 'GO:0005737', 'GO:0016192', 'GO:0031410', 'GO:0005085', 'GO:0005769', 'GO:0060755'}
Q8TB52	F-box only protein 30	{'GO:0005829', 'GO:0061630', 'GO:0031146', 'GO:0008270', 'GO:0016567', 'GO:0019005', 'GO:0005515'}
Q8TB69	Zinc finger protein 519	{'GO:0000978', 'GO:0006355', 'GO:0005634', 'GO:0000981', 'GO:0006357'}
Q8TBB0	THAP domain-containing protein 6	{'GO:0015630', 'GO:0005515'}
Q8TBJ5	Fez family zinc finger protein 2	{'GO:0000978', 'GO:0001228', 'GO:0000122', 'GO:0021537', 'GO:0045893', 'GO:0043697', 'GO:0050767', 'GO:0001227', 'GO:0043565', 'GO:0003682', 'GO:0005634', 'GO:0000976', 'GO:0045944', 'GO:0008285', 'GO:0010468'}
Q8TBZ5	Zinc finger protein 502	{'GO:0000978', 'GO:0006355', 'GO:0019076', 'GO:0044794', 'GO:0005634', 'GO:0000981', 'GO:0005515', 'GO:0006357'}
Q8TBZ8	Zinc finger protein 564	{'GO:0000978', 'GO:0006355', 'GO:0003700', 'GO:0005634', 'GO:0005515', 'GO:0006357'}
Q8TC21	Zinc finger protein 596	{'GO:0000977', 'GO:0006355', 'GO:0005634', 'GO:0000981', 'GO:0005515', 'GO:0006357'}
Q8TC27	Disintegrin and metalloproteinase domain-containing protein 32	{'GO:0006508', 'GO:0004222', 'GO:0007339', 'GO:0005886', 'GO:0008584', 'GO:0016020', 'GO:0097228', 'GO:0005515', 'GO:0008237', 'GO:0007155', 'GO:0009986'}
Q8TC92	Ecto-NOX disulfide-thiol exchanger 1	{'GO:0005886', 'GO:0003723', 'GO:0003756', 'GO:0003676', 'GO:0005576', 'GO:0005515', 'GO:0003954'}
Q8TCF1	AN1-type zinc finger protein 1	{'GO:0090316', 'GO:0010494', 'GO:0008270', 'GO:0005737', 'GO:0070628', 'GO:0005515', 'GO:1903843', 'GO:0035617'}
Q8TCN5	Zinc finger protein 507	{'GO:0006355', 'GO:0000976', 'GO:0005634', 'GO:0003700'}
Q8TCV5	WAP four-disulfide core domain protein 5	{'GO:0004867', 'GO:0030414', 'GO:0005576', 'GO:0019731', 'GO:0005515', 'GO:0045087'}
Q8TD17	Zinc finger protein 398	{'GO:0000977', 'GO:0045893', 'GO:0006355', 'GO:0005634', 'GO:0000981', 'GO:0005515', 'GO:0006357'}
Q8TD23	Zinc finger protein 675	{'GO:0000978', 'GO:0003677', 'GO:0031625', 'GO:2000660', 'GO:0000122', 'GO:0046329', 'GO:0006355', 'GO:0045671', 'GO:0043124', 'GO:0008270', 'GO:0010804', 'GO:0000981', 'GO:0005634', 'GO:0045453', 'GO:0005515', 'GO:0001960', 'GO:0048471'}
Q8TE02	Elongator complex protein 5	{'GO:0005829', 'GO:0030335', 'GO:0033588', 'GO:0006417', 'GO:0005634', 'GO:0005737', 'GO:0002098', 'GO:0005515', 'GO:0005654', 'GO:0006400', 'GO:0000049'}
Q8TE58	A disintegrin and metalloproteinase with thrombospondin motifs 15	{'GO:0004222', 'GO:0031012', 'GO:0008270', 'GO:0030198', 'GO:0008201', 'GO:0004175', 'GO:0005576', 'GO:0022617', 'GO:0009986', 'GO:0006508', 'GO:0008237', 'GO:0007520', 'GO:0050840'}
Q8TEU8	WAP, Kazal, immunoglobulin, Kunitz and NTR domain-containing protein 2	{'GO:0004867', 'GO:0050431', 'GO:0048019', 'GO:0007179', 'GO:0005576', 'GO:0030512', 'GO:0030414', 'GO:0005515'}
Q8TF20	Zinc finger protein 721	{'GO:0006355', 'GO:0005634', 'GO:0000976', 'GO:0006357', 'GO:0005654'}
Q8TF39	Zinc finger protein 483	{'GO:0000978', 'GO:0006355', 'GO:0005634', 'GO:0000981', 'GO:0006357'}
Q8TF45	Zinc finger protein 418	{'GO:0000978', 'GO:0016237', 'GO:0006355', 'GO:0045892', 'GO:0003700', 'GO:0005634', 'GO:0000981', 'GO:0032434', 'GO:0001217', 'GO:0005515', 'GO:0006357'}
Q8TF50	Zinc finger protein 526	{'GO:0005515', 'GO:0005634'}
Q8TF68	Zinc finger protein 384	{'GO:1990837', 'GO:0000976', 'GO:0006357', 'GO:0005634'}
Q8WTR7	Zinc finger protein 473	{'GO:0000122', 'GO:0006355', 'GO:0005634', 'GO:0000976', 'GO:0015030', 'GO:0005515', 'GO:0005654', 'GO:0006398'}
Q8WU68	Splicing factor U2AF 26 kDa subunit	{'GO:0005654', 'GO:0089701', 'GO:0003723', 'GO:0005681', 'GO:0046872', 'GO:0005634', 'GO:0003676', 'GO:0005737', 'GO:0030628', 'GO:0000398', 'GO:0016607'}
Q8WUB8	PHD finger protein 10	{'GO:0030071', 'GO:0045597', 'GO:0045582', 'GO:0000785', 'GO:0006338', 'GO:2000781', 'GO:0005515', 'GO:0006357', 'GO:0016586', 'GO:0071564', 'GO:0070316', 'GO:2000819', 'GO:0016363', 'GO:0045663', 'GO:0004402', 'GO:0016514', 'GO:0003712', 'GO:2000045', 'GO:0000776', 'GO:0003682', 'GO:1902459', 'GO:0005634', 'GO:0005654'}
Q8WUP2	Filamin-binding LIM protein 1	{'GO:0005829', 'GO:0030054', 'GO:0071944', 'GO:0033623', 'GO:0098609', 'GO:0005737', 'GO:0005925', 'GO:0005515', 'GO:0001725', 'GO:0031005'}
Q8WV37	Zinc finger protein 480	{'GO:0000978', 'GO:0006355', 'GO:0005634', 'GO:0000981', 'GO:0005515', 'GO:0006357', 'GO:0005654'}
Q8WVD3	E3 ubiquitin-protein ligase RNF138	{'GO:0000724', 'GO:0061630', 'GO:0019901', 'GO:0005634', 'GO:0016567', 'GO:0003697', 'GO:0005515', 'GO:0035861', 'GO:0005694', 'GO:0010792'}
Q8WVD5	RING finger protein 141	{'GO:0005515', 'GO:0016020', 'GO:0051865', 'GO:0004842'}
Q8WW36	Zinc finger CCHC domain-containing protein 13	{'GO:0003729', 'GO:0008270', 'GO:0003676', 'GO:2000767', 'GO:0005737', 'GO:0005515', 'GO:0045182', 'GO:0003727'}
Q8WWF5	E3 ubiquitin-protein ligase ZNRF4	{'GO:0070433', 'GO:0045786', 'GO:0061630', 'GO:0043161', 'GO:0005783', 'GO:0006511', 'GO:0005789', 'GO:0012505', 'GO:0016567', 'GO:0005737', 'GO:0005515', 'GO:1902532'}
Q8WWL2	Protein spire homolog 2	{'GO:0036089', 'GO:0005886', 'GO:0008017', 'GO:0051639', 'GO:0005829', 'GO:0030036', 'GO:0051295', 'GO:0032154', 'GO:2000781', 'GO:0005515', 'GO:0070649', 'GO:0003779', 'GO:0005856', 'GO:0048193', 'GO:0005938', 'GO:0016192', 'GO:0046907', 'GO:0045010', 'GO:0040038', 'GO:0030659'}
Q8WWZ8	Oncoprotein-induced transcript 3 protein	{'GO:0005635', 'GO:0005509', 'GO:0140144', 'GO:0005576', 'GO:0005515', 'GO:0140149', 'GO:0009986'}
Q8WXB4	Zinc finger protein 606	{'GO:0006355', 'GO:0005634', 'GO:0000976', 'GO:0006357', 'GO:0005654'}
Q8WXD0	Relaxin receptor 2	{'GO:0016500', 'GO:0043066', 'GO:0004930', 'GO:0007189', 'GO:0009755', 'GO:0005886', 'GO:0007165', 'GO:0007186', 'GO:0001556', 'GO:0008528', 'GO:0016020', 'GO:0017046', 'GO:0008285', 'GO:0007193'}
Q8WXI3	Ankyrin repeat and SOCS box protein 10	{'GO:0005829', 'GO:0035556', 'GO:0005634', 'GO:0016567', 'GO:0005737', 'GO:0005515'}
Q8WY64	E3 ubiquitin-protein ligase MYLIP	{'GO:0005829', 'GO:0010977', 'GO:0061630', 'GO:0031648', 'GO:0004842', 'GO:0007399', 'GO:0032803', 'GO:0006511', 'GO:0008092', 'GO:0045732', 'GO:0005886', 'GO:0010989', 'GO:0016567', 'GO:0005737', 'GO:0005515', 'GO:0042632'}
Q8WYA1	Basic helix-loop-helix ARNT-like protein 2	{'GO:0045893', 'GO:0000978', 'GO:0000785', 'GO:0032922', 'GO:0000981', 'GO:0005737', 'GO:1990513', 'GO:0045944', 'GO:0005515', 'GO:0006357', 'GO:0009649', 'GO:0005667', 'GO:0007623', 'GO:0005730', 'GO:0070888', 'GO:0034751', 'GO:0006355', 'GO:0003700', 'GO:0005634', 'GO:0046983', 'GO:0005654', 'GO:0042753'}
Q8WYH8	Inhibitor of growth protein 5	{'GO:0045926', 'GO:0050793', 'GO:0008285', 'GO:0000123', 'GO:0051726', 'GO:0140002', 'GO:2000278', 'GO:0005515', 'GO:0001558', 'GO:0070776', 'GO:2001235', 'GO:0006325', 'GO:1903706', 'GO:0140889', 'GO:0005694', 'GO:0043065', 'GO:0006275', 'GO:0006355', 'GO:0003682', 'GO:0005634', 'GO:0006473', 'GO:0005654'}
Q8WYP3	Ras and Rab interactor 2	{'GO:0005829', 'GO:2001214', 'GO:0007264', 'GO:0010595', 'GO:0007165', 'GO:0030139', 'GO:0031267', 'GO:0005737', 'GO:0016192', 'GO:0005085', 'GO:0030695', 'GO:1904906'}
Q8WYQ5	Microprocessor complex subunit DGCR8	{'GO:0042803', 'GO:0003723', 'GO:0098978', 'GO:0014069', 'GO:0043226', 'GO:0070877', 'GO:0042802', 'GO:0005737', 'GO:0016604', 'GO:0005515', 'GO:0031053', 'GO:0005730', 'GO:0070878', 'GO:0030674', 'GO:0003725', 'GO:0020037', 'GO:0005634', 'GO:0006974', 'GO:0140517', 'GO:2000633', 'GO:0035861', 'GO:0005654'}
Q8WYQ9	Zinc finger CCHC domain-containing protein 14	{'GO:0008270', 'GO:0003676', 'GO:0035091', 'GO:0005515'}
Q8WZA1	Protein O-linked-mannose beta-1,2-N-acetylglucosaminyltransferase 1	{'GO:0000139', 'GO:0030145', 'GO:0047223', 'GO:0008375', 'GO:0006493', 'GO:0016020', 'GO:0009101', 'GO:0005515', 'GO:0016266'}
Q92496	Complement factor H-related protein 4	{'GO:0006956', 'GO:0005319', 'GO:0001851', 'GO:0005576', 'GO:0005515'}
Q92563	Testican-2	{'GO:0005539', 'GO:0007416', 'GO:0031012', 'GO:0010810', 'GO:0005509', 'GO:0030198', 'GO:0045595', 'GO:0008191', 'GO:0140150', 'GO:2000147', 'GO:0005515', 'GO:0050840'}
Q92613	Protein Jade-3	{'GO:0000123', 'GO:0006275', 'GO:0051726', 'GO:0006338', 'GO:2000278', 'GO:0005634', 'GO:0140566', 'GO:0005515', 'GO:0006357', 'GO:0005654'}
Q92743	Serine protease HTRA1	{'GO:0005829', 'GO:0012501', 'GO:0043065', 'GO:0006508', 'GO:0140677', 'GO:0005886', 'GO:0031012', 'GO:0004252', 'GO:0042802', 'GO:0005576', 'GO:0070062', 'GO:0005515', 'GO:0008236'}
Q92750	Transcription initiation factor TFIID subunit 4B	{'GO:0003677', 'GO:0005654', 'GO:0001650', 'GO:0042789', 'GO:0060261', 'GO:0005669', 'GO:0016251', 'GO:0006351', 'GO:0005634', 'GO:0046982', 'GO:0006367', 'GO:0005737', 'GO:0051059', 'GO:0061629', 'GO:0006352'}
Q92782	Zinc finger protein neuro-d4	{'GO:0030071', 'GO:0071565', 'GO:0045597', 'GO:0000785', 'GO:0006338', 'GO:2000781', 'GO:0005737', 'GO:0005515', 'GO:0006357', 'GO:0070316', 'GO:2000819', 'GO:0007399', 'GO:0006915', 'GO:1990837', 'GO:0003712', 'GO:2000045', 'GO:0006355', 'GO:0005634', 'GO:0005654'}
Q92784	Zinc finger protein DPF3	{'GO:0016514', 'GO:2000045', 'GO:0005515', 'GO:0000785', 'GO:0006338', 'GO:2000781', 'GO:0070316', 'GO:0008270', 'GO:0030071', 'GO:2000819', 'GO:0045597', 'GO:0005634', 'GO:0071565', 'GO:0035060', 'GO:0007399', 'GO:0006357', 'GO:0005654', 'GO:0045663'}
Q92785	Zinc finger protein ubi-d4	{'GO:0003714', 'GO:0005654', 'GO:0030071', 'GO:1905454', 'GO:0005829', 'GO:0000785', 'GO:0006338', 'GO:2000781', 'GO:0005737', 'GO:0140015', 'GO:0005515', 'GO:0006357', 'GO:0070316', 'GO:2000819', 'GO:0140046', 'GO:0006915', 'GO:0016514', 'GO:2000045', 'GO:0000122', 'GO:0006355', 'GO:0097190', 'GO:1902459', 'GO:0005634', 'GO:0003712'}
Q92800	Histone-lysine N-methyltransferase EZH1	{'GO:0000781', 'GO:0003714', 'GO:0042054', 'GO:0045892', 'GO:0031507', 'GO:0009653', 'GO:0006338', 'GO:0031509', 'GO:0031491', 'GO:0045944', 'GO:0005515', 'GO:0035098', 'GO:0042393', 'GO:0046976', 'GO:0140951', 'GO:0000122', 'GO:0003682', 'GO:0005634', 'GO:0140693', 'GO:0021766', 'GO:0000792', 'GO:0005654', 'GO:0016279'}
Q92802	NEDD4-binding protein 2-like 2	{'GO:0003714', 'GO:0000122', 'GO:1902037', 'GO:0005634', 'GO:0019899', 'GO:0017053', 'GO:0070062', 'GO:0005515', 'GO:1902035'}
Q92826	Homeobox protein Hox-B13	{'GO:0001227', 'GO:0043565', 'GO:0160108', 'GO:0008544', 'GO:0000978', 'GO:0003677', 'GO:0008327', 'GO:0000785', 'GO:0000981', 'GO:0005515', 'GO:0009611', 'GO:0006357', 'GO:0005667', 'GO:1990837', 'GO:0001525', 'GO:0030850', 'GO:0000122', 'GO:0006355', 'GO:0033574', 'GO:0005634', 'GO:0005654'}
Q92832	Protein kinase C-binding protein NELL1	{'GO:0045669', 'GO:0045778', 'GO:0005515', 'GO:0005635', 'GO:0005509', 'GO:0042177', 'GO:0030501', 'GO:0033689', 'GO:0008201', 'GO:0005737', 'GO:0005576', 'GO:0140144', 'GO:0007399', 'GO:0005080', 'GO:0048471', 'GO:0010468', 'GO:0045667'}
Q92844	TRAF family member-associated NF-kappa-B activator	{'GO:0031625', 'GO:0051607', 'GO:0032991', 'GO:0035800', 'GO:0043124', 'GO:0071479', 'GO:0060090', 'GO:0060337', 'GO:0005829', 'GO:0007165', 'GO:0005737', 'GO:0005515', 'GO:0071356', 'GO:0004843', 'GO:0005730', 'GO:2000158', 'GO:1903003', 'GO:1902554', 'GO:0071347', 'GO:0032481', 'GO:0006974'}
Q92908	Transcription factor GATA-6	{'GO:0005654', 'GO:0045893', 'GO:0009410', 'GO:0045892', 'GO:0019901', 'GO:0043565', 'GO:0098773', 'GO:0008270', 'GO:0001223', 'GO:0048731', 'GO:0051525', 'GO:0060947', 'GO:0000978', 'GO:0003677', 'GO:0032911', 'GO:0009653', 'GO:0032912', 'GO:0000785', 'GO:0032526', 'GO:0000981', 'GO:0060047', 'GO:0036302', 'GO:0005515', 'GO:0006357', 'GO:0001949', 'GO:0045944', 'GO:0070848', 'GO:0071456', 'GO:0043066', 'GO:0003163', 'GO:0005667', 'GO:0045165', 'GO:0003162', 'GO:0140297', 'GO:0110024', 'GO:1904003', 'GO:0051145', 'GO:1990837', 'GO:0010467', 'GO:0000122', 'GO:0030154', 'GO:0006355', 'GO:0048513', 'GO:0008584', 'GO:0002759', 'GO:0030855', 'GO:0003682', 'GO:0003700', 'GO:0005634', 'GO:0000976', 'GO:0003148', 'GO:0045766', 'GO:0061629', 'GO:0070315', 'GO:0060575'}
Q92956	Tumor necrosis factor receptor superfamily member 14	{'GO:0031625', 'GO:0005886', 'GO:0050829', 'GO:0031295', 'GO:0002947', 'GO:0032649', 'GO:2000406', 'GO:0033209', 'GO:0046642', 'GO:1905675', 'GO:0002725', 'GO:0019955', 'GO:0005515', 'GO:0030888', 'GO:0009897', 'GO:0006955', 'GO:0042098', 'GO:0002768', 'GO:0042130', 'GO:0002846', 'GO:0050830', 'GO:0007166', 'GO:0048018', 'GO:0070372', 'GO:0050868', 'GO:0002720', 'GO:0005031', 'GO:0098797'}
Q92974	Rho guanine nucleotide exchange factor 2	{'GO:0007015', 'GO:0000902', 'GO:0032760', 'GO:0032991', 'GO:0008270', 'GO:0031267', 'GO:0007026', 'GO:0008017', 'GO:0035023', 'GO:0031410', 'GO:0005085', 'GO:0014069', 'GO:0000132', 'GO:0005829', 'GO:2001224', 'GO:0007264', 'GO:0005819', 'GO:0031982', 'GO:0005874', 'GO:0032755', 'GO:0051056', 'GO:0071225', 'GO:0005737', 'GO:0055059', 'GO:0005515', 'GO:0045944', 'GO:0071356', 'GO:0006886', 'GO:0032587', 'GO:0002102', 'GO:0045666', 'GO:0005856', 'GO:0071474', 'GO:0042127', 'GO:0060546', 'GO:1902042', 'GO:1902219', 'GO:0005794', 'GO:0043198', 'GO:0050768', 'GO:0005923', 'GO:0005925', 'GO:0043025'}
Q93038	Tumor necrosis factor receptor superfamily member 25	{'GO:0005829', 'GO:0033209', 'GO:0005886', 'GO:0007166', 'GO:0097190', 'GO:0007165', 'GO:0005576', 'GO:0005031', 'GO:0038023', 'GO:0042981', 'GO:0006915'}
Q969J2	Zinc finger protein with KRAB and SCAN domains 4	{'GO:0000978', 'GO:0006355', 'GO:0005634', 'GO:0000981', 'GO:0042802', 'GO:0005515', 'GO:0006357', 'GO:0005654'}
Q969M2	Gap junction alpha-10 protein	{'GO:0005243', 'GO:0005886', 'GO:0005922', 'GO:0005921', 'GO:0055085', 'GO:0007267', 'GO:0007154'}
Q969P0	Immunoglobulin superfamily member 8	{'GO:0042734', 'GO:0007519', 'GO:0005515', 'GO:0048870', 'GO:2000145', 'GO:0005886', 'GO:0007338', 'GO:0016020', 'GO:0070062', 'GO:0098686', 'GO:0007399', 'GO:0038023', 'GO:0030335'}
Q969W8	Zinc finger protein 566	{'GO:0000977', 'GO:0006355', 'GO:0005634', 'GO:0000981', 'GO:0005515', 'GO:0006357'}
Q96A37	E3 ubiquitin-protein ligase RNF166	{'GO:0061630', 'GO:0004842', 'GO:0006511', 'GO:0016567', 'GO:0005737', 'GO:0005515', 'GO:0000209'}
Q96A83	Collagen alpha-1(XXVI) chain	{'GO:0005783', 'GO:0005794', 'GO:0005886', 'GO:0031012', 'GO:0010811', 'GO:0005576', 'GO:0005788', 'GO:1990324', 'GO:0005515'}
Q96AP0	Adrenocortical dysplasia protein homolog	{'GO:0000781', 'GO:0031848', 'GO:0016233', 'GO:0007004', 'GO:0032211', 'GO:0010521', 'GO:0070187', 'GO:0070198', 'GO:0005697', 'GO:0016604', 'GO:0044877', 'GO:0005515', 'GO:0070182', 'GO:0006886', 'GO:0000723', 'GO:0032206', 'GO:0042162', 'GO:0070200', 'GO:0070203', 'GO:0000783', 'GO:0032202', 'GO:0005634', 'GO:0005654'}
Q96AP4	Zinc finger-containing ubiquitin peptidase 1	{'GO:0005829', 'GO:0005654', 'GO:0004843', 'GO:0008234', 'GO:0006355', 'GO:0003700', 'GO:0005634', 'GO:0000976', 'GO:0005737', 'GO:0005515', 'GO:0019783'}
Q96B23	Protein ARK2N	{'GO:0003714', 'GO:0061630', 'GO:0000785', 'GO:0006511', 'GO:0045892', 'GO:1903901', 'GO:0005634', 'GO:0005515'}
Q96B86	Repulsive guidance molecule A	{'GO:0005102', 'GO:0010977', 'GO:0030509', 'GO:0005783', 'GO:0005886', 'GO:0048671', 'GO:0045944', 'GO:0048681', 'GO:0015026', 'GO:0010976', 'GO:1990459', 'GO:0005515', 'GO:0009986'}
Q96BR6	Zinc finger protein 669	{'GO:0000977', 'GO:0006355', 'GO:0005634', 'GO:0000981', 'GO:0005515', 'GO:0006357'}
Q96BT7	tRNA (carboxymethyluridine(34)-5-O)-methyltransferase ALKBH8	{'GO:0003723', 'GO:0008270', 'GO:0046914', 'GO:0008168', 'GO:0005829', 'GO:0005737', 'GO:0008757', 'GO:0016706', 'GO:0002098', 'GO:0005515', 'GO:0030488', 'GO:0043527', 'GO:0000049', 'GO:0005506', 'GO:0005634', 'GO:0006974', 'GO:0003676', 'GO:0106335', 'GO:0005654', 'GO:0016300'}
Q96BV0	Zinc finger protein 775	{'GO:0000978', 'GO:0003700', 'GO:0005634', 'GO:0000981', 'GO:0005515', 'GO:0006357'}
Q96C10	ATP-dependent RNA helicase DHX58	{'GO:0045824', 'GO:0008270', 'GO:0032480', 'GO:0005524', 'GO:0003727', 'GO:0140374', 'GO:0003677', 'GO:0016887', 'GO:0005829', 'GO:0005737', 'GO:0005515', 'GO:0009615', 'GO:0002753', 'GO:0039534', 'GO:0039536', 'GO:1900246', 'GO:0003724', 'GO:0016787', 'GO:0003725', 'GO:0005794', 'GO:1900245', 'GO:0032481', 'GO:0045088'}
Q96C28	Zinc finger protein 707	{'GO:0000978', 'GO:0006355', 'GO:0003700', 'GO:0005634', 'GO:0005515', 'GO:0006357'}
Q96C55	Zinc finger protein 524	{'GO:0000978', 'GO:1990837', 'GO:0000781', 'GO:0003700', 'GO:0005634', 'GO:0005515', 'GO:0006357', 'GO:0032200'}
Q96CC6	Inactive rhomboid protein 1	{'GO:0000139', 'GO:0042058', 'GO:0005783', 'GO:0016477', 'GO:0061136', 'GO:0050709', 'GO:0050708', 'GO:0008283', 'GO:0005789', 'GO:0012505', 'GO:0051131', 'GO:0005737', 'GO:0016020', 'GO:0005515'}
Q96CS4	Zinc finger protein 689	{'GO:0000978', 'GO:0006355', 'GO:0005634', 'GO:0000981', 'GO:0006357'}
Q96CW9	Netrin-G2	{'GO:0098698', 'GO:0099560', 'GO:1905606', 'GO:2001222', 'GO:0005886', 'GO:0048787', 'GO:0098632', 'GO:0098685', 'GO:0030424', 'GO:0098978', 'GO:0140144', 'GO:0005576', 'GO:0010975', 'GO:0050804', 'GO:0150011', 'GO:0005515', 'GO:0007409'}
Q96CX3	Zinc finger protein 501	{'GO:0000978', 'GO:1990837', 'GO:0005730', 'GO:0003700', 'GO:0005634', 'GO:0007030', 'GO:0005515', 'GO:0006357'}
Q96DN2	von Willebrand factor C and EGF domain-containing protein	{'GO:0005829', 'GO:0098586', 'GO:0005509', 'GO:0005737', 'GO:0005576', 'GO:0005515', 'GO:0005654', 'GO:0140149'}
Q96EF0	Phosphatidylinositol-3,5-bisphosphate 3-phosphatase MTMR8	{'GO:0005829', 'GO:0016241', 'GO:0046488', 'GO:0005635', 'GO:0052629', 'GO:0032991', 'GO:0004438', 'GO:0005737', 'GO:0106018', 'GO:0005515', 'GO:0046856', 'GO:0010507'}
Q96EG3	Zinc finger protein 837	{'GO:0000978', 'GO:0005634', 'GO:0000981', 'GO:0042802', 'GO:0005515', 'GO:0006357'}
Q96EK2	PHD finger protein 21B	{'GO:0005515'}
Q96EP1	E3 ubiquitin-protein ligase CHFR	{'GO:0044818', 'GO:0061630', 'GO:0004842', 'GO:0006511', 'GO:0000166', 'GO:0005634', 'GO:0016605', 'GO:0016567', 'GO:0005515', 'GO:0044779'}
Q96EQ8	E3 ubiquitin-protein ligase RNF125	{'GO:0000139', 'GO:0061630', 'GO:0004842', 'GO:0002039', 'GO:0005794', 'GO:0006511', 'GO:0039536', 'GO:0008270', 'GO:0016567', 'GO:0032480', 'GO:0005737', 'GO:0034098', 'GO:0005515', 'GO:0031624', 'GO:0043231', 'GO:0000209'}
Q96F45	Zinc finger protein 503	{'GO:0045892', 'GO:0005634', 'GO:0005515', 'GO:0010629', 'GO:0008285', 'GO:0070315'}
Q96FV2	Secernin-2	{'GO:0006508', 'GO:0070004', 'GO:0070062', 'GO:0016805', 'GO:0005515', 'GO:0005654'}
Q96G46	tRNA-dihydrouridine(47) synthase [NAD(P)(+)]-like	{'GO:0008033', 'GO:0002943', 'GO:0003723', 'GO:0050660', 'GO:0046872', 'GO:0006417', 'GO:0102265', 'GO:0106414', 'GO:0017150', 'GO:0005515'}
Q96GC6	Neurotrophin receptor-interacting factor homolog	{'GO:0000978', 'GO:1990837', 'GO:0000122', 'GO:0006355', 'GO:0006338', 'GO:0005730', 'GO:0043565', 'GO:0003682', 'GO:0005634', 'GO:0000981', 'GO:0005737', 'GO:0005515', 'GO:0006357'}
Q96GP6	Scavenger receptor class F member 2	{'GO:0005044', 'GO:0016020', 'GO:0016192', 'GO:0005925', 'GO:0005515', 'GO:0007157'}
Q96GW7	Brevican core protein	{'GO:0005540', 'GO:0005796', 'GO:0007417', 'GO:0072534', 'GO:0031012', 'GO:0060074', 'GO:0001501', 'GO:0140150', 'GO:0098978', 'GO:0016020', 'GO:0005576', 'GO:0043202', 'GO:0045202', 'GO:0005515', 'GO:0007155'}
Q96GX5	Serine/threonine-protein kinase greatwall	{'GO:0015630', 'GO:0016301', 'GO:0005654', 'GO:0044325', 'GO:0000086', 'GO:0035556', 'GO:0051726', 'GO:0032154', 'GO:0005813', 'GO:0004674', 'GO:0004672', 'GO:0005634', 'GO:0051721', 'GO:0106310', 'GO:0005524', 'GO:0007346', 'GO:0006974'}
Q96H40	Zinc finger protein 486	{'GO:0000978', 'GO:0006355', 'GO:0005634', 'GO:0000981', 'GO:0070062', 'GO:0006357'}
Q96H86	Zinc finger protein 764	{'GO:0000977', 'GO:0006355', 'GO:0005634', 'GO:0000981', 'GO:0071385', 'GO:0005515', 'GO:0006357', 'GO:0003712'}
Q96HD1	Protein disulfide isomerase CRELD1	{'GO:0005201', 'GO:0003197', 'GO:0003279', 'GO:0031012', 'GO:0003756', 'GO:0005509', 'GO:0098978', 'GO:0016020', 'GO:0140144', 'GO:0045202', 'GO:0005515', 'GO:0140149'}
Q96I27	Zinc finger protein 625	{'GO:0000977', 'GO:0005634', 'GO:0000981', 'GO:0005515', 'GO:0006357'}
Q96I82	Kazal-type serine protease inhibitor domain-containing protein 1	{'GO:0001558', 'GO:0031012', 'GO:0048018', 'GO:0007165', 'GO:0005520', 'GO:0005576', 'GO:0005515', 'GO:0005614', 'GO:0009966'}
Q96IR2	Zinc finger protein 845	{'GO:0000122', 'GO:0006355', 'GO:0043565', 'GO:0005634', 'GO:0000976'}
Q96IW7	Vesicle-trafficking protein SEC22a	{'GO:0005484', 'GO:0006888', 'GO:0061025', 'GO:0005789', 'GO:0005515'}
Q96J02	E3 ubiquitin-protein ligase Itchy homolog	{'GO:0061630', 'GO:0046329', 'GO:0005886', 'GO:0035519', 'GO:0006513', 'GO:0039532', 'GO:0032991', 'GO:1990763', 'GO:0032480', 'GO:0010008', 'GO:0031410', 'GO:0043124', 'GO:0002684', 'GO:0005769', 'GO:0005829', 'GO:1902036', 'GO:0006511', 'GO:0046718', 'GO:0050687', 'GO:0005737', 'GO:0016874', 'GO:0060544', 'GO:0005515', 'GO:0009896', 'GO:0070534', 'GO:0043066', 'GO:0001558', 'GO:0043161', 'GO:0071944', 'GO:0090085', 'GO:0141198', 'GO:0005739', 'GO:0034450', 'GO:0019787', 'GO:0006954', 'GO:0016567', 'GO:0031623', 'GO:0005938', 'GO:0016020', 'GO:0031901', 'GO:0051241', 'GO:0070062', 'GO:1902532', 'GO:0035872', 'GO:0070936', 'GO:0044389', 'GO:0004842', 'GO:0043021', 'GO:0005634', 'GO:2000646', 'GO:0045236', 'GO:0051865', 'GO:0002683', 'GO:0005654'}
Q96JB8	MAGUK p55 subfamily member 4	{'GO:0005829', 'GO:0035418', 'GO:0005912', 'GO:0000139', 'GO:0042734', 'GO:0005886', 'GO:0032991', 'GO:0045178', 'GO:0016328', 'GO:0005737', 'GO:0005515', 'GO:0044316', 'GO:0044317'}
Q96JC4	Zinc finger protein 479	{'GO:0000978', 'GO:0006355', 'GO:0005634', 'GO:0000981', 'GO:0005515', 'GO:0006357'}
Q96JF6	Zinc finger protein 594	{'GO:0000976', 'GO:0005654', 'GO:0006357', 'GO:0005634'}
Q96JL9	Zinc finger protein 333	{'GO:0000978', 'GO:0006355', 'GO:0005634', 'GO:0000981', 'GO:0005515', 'GO:0006357'}
Q96JM7	Lethal(3)malignant brain tumor-like protein 3	{'GO:0160217', 'GO:0006355', 'GO:0005730', 'GO:0045892', 'GO:0003682', 'GO:0008270', 'GO:2000060', 'GO:0042393', 'GO:0042802', 'GO:0140034', 'GO:2000058', 'GO:0005634', 'GO:0005515', 'GO:0005654'}
Q96JP5	E3 ubiquitin-protein ligase ZFP91	{'GO:0070534', 'GO:0061630', 'GO:0004842', 'GO:0005730', 'GO:0045944', 'GO:0007250', 'GO:0005634', 'GO:0000981', 'GO:0016567', 'GO:0005515', 'GO:0006357', 'GO:0005654'}
Q96K58	Zinc finger protein 668	{'GO:0000978', 'GO:0000122', 'GO:0001227', 'GO:0005634', 'GO:0006281', 'GO:0000976', 'GO:0005515', 'GO:0006357'}
Q96K75	Zinc finger protein 514	{'GO:0000978', 'GO:0006355', 'GO:0005634', 'GO:0000981', 'GO:0006357'}
Q96K80	Zinc finger CCCH domain-containing protein 10	{'GO:0005515', 'GO:0003723', 'GO:1903799', 'GO:0046872', 'GO:0005634', 'GO:0043484', 'GO:0035198', 'GO:0010608'}
Q96KM6	Zinc finger protein 512B	{'GO:0003677', 'GO:0000977', 'GO:0000122', 'GO:1902894', 'GO:0001227', 'GO:0140719', 'GO:0008270', 'GO:0005634', 'GO:0005515', 'GO:0005654', 'GO:0005694', 'GO:0010468'}
Q96KR4	Leishmanolysin-like peptidase	{'GO:0005829', 'GO:0004222', 'GO:0005737', 'GO:0008233', 'GO:0016020', 'GO:0006508', 'GO:0005811', 'GO:0007155'}
Q96LW1	Zinc finger protein 354B	{'GO:0000978', 'GO:0003714', 'GO:0000122', 'GO:0006355', 'GO:0003682', 'GO:0005634', 'GO:0000981', 'GO:0006357'}
Q96LW9	Zinc finger and SCAN domain-containing protein 31	{'GO:0000978', 'GO:1990837', 'GO:0043565', 'GO:0005634', 'GO:0000981', 'GO:0005515', 'GO:0006357'}
Q96LX8	Zinc finger protein 597	{'GO:0000978', 'GO:0001228', 'GO:1990837', 'GO:0006355', 'GO:0045944', 'GO:0005634', 'GO:0005515', 'GO:0006357'}
Q96ME7	Zinc finger protein 512	{'GO:0003677', 'GO:0006355', 'GO:0005721', 'GO:0140719', 'GO:0008270', 'GO:0003700', 'GO:0005634', 'GO:0005515', 'GO:0005694', 'GO:0010468'}
Q96MF2	SH3 and cysteine-rich domain-containing protein 3	{'GO:0005829', 'GO:0005654', 'GO:0042383', 'GO:0030315', 'GO:0007274', 'GO:0003009', 'GO:0042802', 'GO:0005737', 'GO:0009898', 'GO:0005891', 'GO:0045202', 'GO:0005515', 'GO:1903078', 'GO:0005246', 'GO:1901387'}
Q96MM3	Zinc finger protein 42 homolog	{'GO:0000978', 'GO:1990837', 'GO:0005667', 'GO:0031519', 'GO:0051321', 'GO:0000785', 'GO:0008584', 'GO:0003700', 'GO:0005634', 'GO:0000981', 'GO:0008585', 'GO:0005737', 'GO:0048468', 'GO:0005515', 'GO:0006357'}
Q96MR9	Zinc finger protein 560	{'GO:0000977', 'GO:0006355', 'GO:0005634', 'GO:0000981', 'GO:0006357', 'GO:0005654'}
Q96MX3	Zinc finger protein 48	{'GO:0005634', 'GO:0042802', 'GO:0000976', 'GO:0005515', 'GO:0006357'}
Q96N22	Zinc finger protein 681	{'GO:0000978', 'GO:0006355', 'GO:0005634', 'GO:0000981', 'GO:0006357'}
Q96N58	Zinc finger protein 578	{'GO:0000978', 'GO:0006355', 'GO:0005634', 'GO:0000981', 'GO:0005515', 'GO:0006357'}
Q96N77	Zinc finger protein 641	{'GO:0000977', 'GO:0006355', 'GO:0005730', 'GO:0005634', 'GO:0000981', 'GO:0005515', 'GO:0006357', 'GO:0005654'}
Q96N95	Zinc finger protein 396	{'GO:0000978', 'GO:1990837', 'GO:0042803', 'GO:0000785', 'GO:0045892', 'GO:0043565', 'GO:0005634', 'GO:0000981', 'GO:0046982', 'GO:0005737', 'GO:0005515', 'GO:0006357'}
Q96ND8	Zinc finger protein 583	{'GO:0000978', 'GO:0006355', 'GO:0005634', 'GO:0000981', 'GO:0031981', 'GO:0006357'}
Q96NE9	FERM domain-containing protein 6	{'GO:0005911', 'GO:0005886', 'GO:0005737', 'GO:0035332', 'GO:0005515', 'GO:0043296', 'GO:0140311'}
Q96NG5	Zinc finger protein 558	{'GO:0000977', 'GO:0000122', 'GO:0006355', 'GO:0001227', 'GO:0005634', 'GO:0000981', 'GO:0005515', 'GO:0006357'}
Q96NG8	Zinc finger protein 582	{'GO:0003677', 'GO:0000977', 'GO:0006355', 'GO:0005634', 'GO:0000981', 'GO:0005515', 'GO:0006357'}
Q96NI8	Zinc finger protein 570	{'GO:0000978', 'GO:0006355', 'GO:0005634', 'GO:0000981', 'GO:0006357'}
Q96NJ3	Zinc finger protein 285	{'GO:0006355', 'GO:0005515', 'GO:0005634', 'GO:0003700'}
Q96NJ6	Zinc finger protein 3 homolog	{'GO:0000977', 'GO:0005634', 'GO:0000981', 'GO:0005515', 'GO:0006357'}
Q96NL3	Zinc finger protein 599	{'GO:0000977', 'GO:0006355', 'GO:0005634', 'GO:0000981', 'GO:0005515', 'GO:0006357'}
Q96NS1	Protein yippee-like 4	{'GO:0005730'}
Q96NZ8	WAP, Kazal, immunoglobulin, Kunitz and NTR domain-containing protein 1	{'GO:0004867', 'GO:0050431', 'GO:0048019', 'GO:0007179', 'GO:0005576', 'GO:0030512', 'GO:0030414', 'GO:0005515'}
Q96P26	Cytosolic 5'-nucleotidase 1B	{'GO:0005829', 'GO:0000287', 'GO:0009117', 'GO:0006195', 'GO:0000166', 'GO:0005634', 'GO:0008253', 'GO:0005737', 'GO:0046085', 'GO:0006196'}
Q96PE6	Zinc finger imprinted 3	{'GO:0000978', 'GO:0006355', 'GO:0005634', 'GO:0000981', 'GO:0005515', 'GO:0006357'}
Q96PM5	RING finger and CHY zinc finger domain-containing protein 1	{'GO:0005829', 'GO:0061630', 'GO:0042803', 'GO:0004842', 'GO:0002039', 'GO:0006511', 'GO:0008270', 'GO:0005634', 'GO:0032436', 'GO:0016567', 'GO:0005737', 'GO:0051865', 'GO:0072344', 'GO:0000151', 'GO:0005515', 'GO:0005654', 'GO:0070987', 'GO:0016607'}
Q96PQ6	Zinc finger protein 317	{'GO:0000978', 'GO:0006355', 'GO:0005634', 'GO:0000981', 'GO:0005515', 'GO:0006357', 'GO:0005654'}
Q96QE2	Proton myo-inositol cotransporter	{'GO:0022857', 'GO:0030426', 'GO:0005365', 'GO:0005886', 'GO:0043005', 'GO:0044297', 'GO:0005737', 'GO:0005515', 'GO:0015798', 'GO:0071944', 'GO:0005366', 'GO:0051117', 'GO:0016324', 'GO:0055085', 'GO:0016020', 'GO:0002020', 'GO:1902004', 'GO:0005794', 'GO:0097450', 'GO:0150104', 'GO:0098588'}
Q96QV1	Hedgehog-interacting protein	{'GO:0048705', 'GO:0060170', 'GO:0045879', 'GO:0005886', 'GO:0009968', 'GO:0008270', 'GO:0097108', 'GO:0005737', 'GO:0005576', 'GO:0005515', 'GO:0009986'}
Q96RE9	Zinc finger protein 300	{'GO:0000978', 'GO:0001228', 'GO:0006355', 'GO:0045944', 'GO:0043565', 'GO:0005634', 'GO:0000981', 'GO:0031981', 'GO:0005515', 'GO:0006357', 'GO:0005654'}
Q96RI1	Bile acid receptor	{'GO:0015721', 'GO:0010903', 'GO:0032715', 'GO:0043235', 'GO:0045893', 'GO:2001250', 'GO:0043565', 'GO:0032703', 'GO:0008270', 'GO:0010988', 'GO:0034162', 'GO:0043124', 'GO:0030522', 'GO:0071638', 'GO:1905695', 'GO:0000978', 'GO:0003677', 'GO:1903413', 'GO:0035774', 'GO:0090461', 'GO:0000785', 'GO:0032052', 'GO:0004879', 'GO:0007043', 'GO:0000981', 'GO:0046965', 'GO:0061178', 'GO:0005515', 'GO:0006357', 'GO:0045944', 'GO:0000050', 'GO:0070857', 'GO:1904179', 'GO:0001678', 'GO:0001228', 'GO:0050728', 'GO:0038185', 'GO:0043066', 'GO:0046628', 'GO:0090575', 'GO:0032689', 'GO:0032720', 'GO:0001221', 'GO:0042593', 'GO:0055089', 'GO:0016607', 'GO:0090181', 'GO:0071222', 'GO:0000977', 'GO:0000122', 'GO:0030154', 'GO:0006355', 'GO:0032692', 'GO:0035356', 'GO:0070328', 'GO:0003700', 'GO:1902122', 'GO:0016922', 'GO:0000976', 'GO:0010804', 'GO:0042742', 'GO:0071398', 'GO:0005634', 'GO:0000791', 'GO:0038186', 'GO:0005654', 'GO:0032740', 'GO:0042632'}
Q96RL1	BRCA1-A complex subunit RAP80	{'GO:0045892', 'GO:0006281', 'GO:0003677', 'GO:0044818', 'GO:0061649', 'GO:0010212', 'GO:0016604', 'GO:0005515', 'GO:0042393', 'GO:0007095', 'GO:0070530', 'GO:0006302', 'GO:0070531', 'GO:0006282', 'GO:0140861', 'GO:0005634', 'GO:0045739', 'GO:0035861', 'GO:0005654'}
Q96RL6	Sialic acid-binding Ig-like lectin 11	{'GO:0005886', 'GO:0016020', 'GO:0033691', 'GO:0019902', 'GO:0007155'}
Q96S15	GATOR2 complex protein WDR24	{'GO:1904263', 'GO:0061630', 'GO:1904262', 'GO:0032008', 'GO:0005774', 'GO:0016567', 'GO:0085020', 'GO:0005765', 'GO:0034198', 'GO:0016239', 'GO:0005515', 'GO:0031669', 'GO:0061700', 'GO:0072659', 'GO:0010506'}
Q96SE7	Zinc finger protein 347	{'GO:0000978', 'GO:1990837', 'GO:0006355', 'GO:0005634', 'GO:0000981', 'GO:0006357'}
Q96SL8	Flt3-interacting zinc finger protein 1	{'GO:0000785', 'GO:0030971', 'GO:0005634', 'GO:0005737', 'GO:0045944', 'GO:0061629', 'GO:0003713'}
Q96SQ5	Zinc finger protein 587	{'GO:0000978', 'GO:0006355', 'GO:0005634', 'GO:0000981', 'GO:0005515', 'GO:0006357'}
Q96SR6	Zinc finger protein 382	{'GO:0000978', 'GO:0006355', 'GO:0005634', 'GO:0003700', 'GO:0006357'}
Q96SZ4	Zinc finger and SCAN domain-containing protein 10	{'GO:0000978', 'GO:0045892', 'GO:0043565', 'GO:0003700', 'GO:0005634', 'GO:0000981', 'GO:0005515', 'GO:0006357', 'GO:0005654'}
Q96T25	Zinc finger protein ZIC 5	{'GO:0000978', 'GO:1990837', 'GO:0007417', 'GO:0000977', 'GO:0005634', 'GO:0000981', 'GO:0006357'}
Q96T88	E3 ubiquitin-protein ligase UHRF1	{'GO:0005654', 'GO:0061630', 'GO:0050678', 'GO:0008270', 'GO:0031507', 'GO:0140248', 'GO:0008327', 'GO:0062072', 'GO:0005819', 'GO:0006950', 'GO:0000785', 'GO:0006511', 'GO:0141119', 'GO:0140234', 'GO:0042802', 'GO:0005515', 'GO:0045944', 'GO:0140006', 'GO:0141055', 'GO:0044027', 'GO:0042393', 'GO:0016567', 'GO:0005657', 'GO:0016363', 'GO:0000987', 'GO:0140612', 'GO:0071168', 'GO:0005694', 'GO:0000724', 'GO:0000122', 'GO:0004842', 'GO:0044729', 'GO:0090307', 'GO:0006974', 'GO:0000791', 'GO:0003676', 'GO:0051247', 'GO:0000792', 'GO:0005634', 'GO:0051865', 'GO:0035825', 'GO:0140851', 'GO:0040029'}
Q99062	Granulocyte colony-stimulating factor receptor	{'GO:0043235', 'GO:0030666', 'GO:0004896', 'GO:0019221', 'GO:0009897', 'GO:0005886', 'GO:0051916', 'GO:0007165', 'GO:0008284', 'GO:0016020', 'GO:0097186', 'GO:0019955', 'GO:0005576', 'GO:0005765', 'GO:0005515', 'GO:0038023', 'GO:0006952'}
Q99075	Proheparin-binding EGF-like growth factor	{'GO:0008083', 'GO:0030666', 'GO:0016477', 'GO:0005886', 'GO:0035313', 'GO:0009986', 'GO:0048661', 'GO:0007165', 'GO:0038135', 'GO:0030307', 'GO:0005515', 'GO:0010561', 'GO:0005154', 'GO:0030335', 'GO:0038134', 'GO:0030669', 'GO:0030297', 'GO:0008201', 'GO:0005576', 'GO:0090303', 'GO:0007173', 'GO:0060326', 'GO:0051549', 'GO:0048018', 'GO:0008284', 'GO:0051897', 'GO:0007517'}
Q99435	Protein kinase C-binding protein NELL2	{'GO:0009566', 'GO:0070050', 'GO:0005509', 'GO:0042802', 'GO:0008201', 'GO:0071679', 'GO:0005576', 'GO:0005737', 'GO:0005515', 'GO:0005080', 'GO:0140149'}
Q99469	SH3 and cysteine-rich domain-containing protein	{'GO:0005829', 'GO:2001259', 'GO:0042383', 'GO:0044325', 'GO:0030315', 'GO:0005886', 'GO:0007165', 'GO:0003009', 'GO:0009898', 'GO:0005515', 'GO:1903078', 'GO:0005246', 'GO:1901387'}
Q99592	Zinc finger and BTB domain-containing protein 18	{'GO:0003677', 'GO:1990837', 'GO:0007519', 'GO:0000122', 'GO:0045892', 'GO:0001227', 'GO:0043565', 'GO:0045944', 'GO:0005634', 'GO:0000981', 'GO:0000792', 'GO:0005515', 'GO:0006357', 'GO:0005654', 'GO:0016607'}
Q99676	Zinc finger protein 184	{'GO:0000978', 'GO:0006355', 'GO:0008270', 'GO:0005634', 'GO:0000981', 'GO:0006357', 'GO:0005654'}
Q99684	Zinc finger protein Gfi-1	{'GO:0010977', 'GO:0010957', 'GO:0140767', 'GO:0045892', 'GO:0001227', 'GO:0070105', 'GO:0017053', 'GO:0000978', 'GO:0034121', 'GO:0016604', 'GO:0005515', 'GO:0006357', 'GO:0016363', 'GO:1990837', 'GO:0071222', 'GO:0000122', 'GO:0003700', 'GO:0005634', 'GO:0000976', 'GO:0006974'}
Q99944	Epidermal growth factor-like protein 8	{'GO:0005102', 'GO:0001570', 'GO:0005509', 'GO:0005576', 'GO:0005515', 'GO:0009986'}
Q99965	Disintegrin and metalloproteinase domain-containing protein 2	{'GO:0004222', 'GO:0007339', 'GO:0005886', 'GO:0008584', 'GO:0032991', 'GO:0005178', 'GO:0007342', 'GO:0016020', 'GO:0006508', 'GO:0008237', 'GO:0007155', 'GO:0009986'}
Q99985	Semaphorin-3C	{'GO:0003350', 'GO:0009410', 'GO:0005886', 'GO:0060174', 'GO:0030215', 'GO:0045499', 'GO:0050919', 'GO:0003215', 'GO:0021915', 'GO:0005515', 'GO:0030335', 'GO:0071526', 'GO:0001755', 'GO:1905312', 'GO:0006955', 'GO:0140074', 'GO:0005576', 'GO:0070062', 'GO:0038191', 'GO:0003151', 'GO:0007411', 'GO:0003148', 'GO:0001756'}
Q9BQ04	RNA-binding protein 4B	{'GO:0016607', 'GO:0000381', 'GO:0007623', 'GO:0003729', 'GO:0003723', 'GO:0005730', 'GO:0032991', 'GO:0008270', 'GO:0006417', 'GO:0003676', 'GO:0005634', 'GO:0005515', 'GO:0043153', 'GO:0032922'}
Q9BQ16	Testican-3	{'GO:2000146', 'GO:0031012', 'GO:0005509', 'GO:0008191', 'GO:0140150', 'GO:0005576', 'GO:0010951', 'GO:0010810'}
Q9BQA5	Histone H4 transcription factor	{'GO:0001701', 'GO:0045893', 'GO:0045892', 'GO:0001227', 'GO:0160108', 'GO:0006281', 'GO:0010628', 'GO:0000978', 'GO:0003677', 'GO:0045445', 'GO:0000981', 'GO:0019899', 'GO:0015030', 'GO:0005515', 'GO:0006357', 'GO:0010629', 'GO:0045944', 'GO:0001228', 'GO:0000077', 'GO:0044843', 'GO:0006351', 'GO:0042393', 'GO:0000977', 'GO:0000122', 'GO:0006355', 'GO:0045184', 'GO:0003682', 'GO:0003700', 'GO:0005634', 'GO:0000976', 'GO:0000082', 'GO:0005654'}
Q9BR11	Zinc finger SWIM domain-containing protein 1	{'GO:0005634', 'GO:0008270'}
Q9BR84	Zinc finger protein 559	{'GO:0000977', 'GO:0006355', 'GO:0005634', 'GO:0000981', 'GO:0005515', 'GO:0006357', 'GO:0005654'}
Q9BRH9	Zinc finger protein 251	{'GO:0000978', 'GO:0006355', 'GO:0005634', 'GO:0000981', 'GO:0005515', 'GO:0006357'}
Q9BRN9	TM2 domain-containing protein 3	{'GO:0005783', 'GO:0004930', 'GO:0005886', 'GO:0045747', 'GO:0007165', 'GO:0007186', 'GO:2000010', 'GO:0016020', 'GO:0031410', 'GO:0005515', 'GO:0046331', 'GO:0035334'}
Q9BRR0	Zinc finger protein with KRAB and SCAN domains 3	{'GO:0045893', 'GO:0045892', 'GO:0001227', 'GO:0043565', 'GO:0007040', 'GO:0010507', 'GO:0000978', 'GO:0003677', 'GO:2000773', 'GO:0000981', 'GO:0005737', 'GO:0005515', 'GO:0006357', 'GO:0000122', 'GO:0006355', 'GO:0003682', 'GO:0003700', 'GO:0005634', 'GO:0005654'}
Q9BRZ2	E3 ubiquitin-protein ligase TRIM56	{'GO:0051607', 'GO:0061630', 'GO:0003723', 'GO:0032728', 'GO:0006513', 'GO:0008270', 'GO:0060340', 'GO:0034340', 'GO:0045087', 'GO:0005829', 'GO:0005737', 'GO:0005515', 'GO:0070534', 'GO:1901224', 'GO:0016567', 'GO:0032479', 'GO:0045089', 'GO:0004842', 'GO:0005654'}
Q9BS31	Zinc finger protein 649	{'GO:0000978', 'GO:0006355', 'GO:0003700', 'GO:0005634', 'GO:0005576', 'GO:0005515', 'GO:0006357'}
Q9BS34	Zinc finger protein 670	{'GO:0000978', 'GO:0006355', 'GO:0005634', 'GO:0006629', 'GO:0000981', 'GO:0005515', 'GO:0006357'}
Q9BSG1	Zinc finger protein 2	{'GO:0006355', 'GO:0005515', 'GO:0005634', 'GO:0008270'}
Q9BSJ5	Mitochondrial nucleoid-associated protein 1	{'GO:0042645', 'GO:0005739', 'GO:0005743', 'GO:0070062', 'GO:0005515'}
Q9BSK1	Zinc finger protein 577	{'GO:0000978', 'GO:0006355', 'GO:0005730', 'GO:0005634', 'GO:0000981', 'GO:0005515', 'GO:0006357', 'GO:0005654'}
Q9BSW7	Synaptotagmin-17	{'GO:0000149', 'GO:0005544', 'GO:0099149', 'GO:0098794', 'GO:0005886', 'GO:0061891', 'GO:1903861', 'GO:0098978', 'GO:0016020', 'GO:0070382', 'GO:0016192', 'GO:0005515', 'GO:0017158'}
Q9BU19	Zinc finger protein 692	{'GO:0000978', 'GO:0000122', 'GO:0005730', 'GO:0001227', 'GO:0006111', 'GO:0003700', 'GO:0005634', 'GO:0005515', 'GO:0006357', 'GO:0005654'}
Q9BU40	Chordin-like protein 1	{'GO:0032502', 'GO:0030154', 'GO:0036122', 'GO:0001654', 'GO:0005576', 'GO:0005788', 'GO:0030514'}
Q9BUA6	Myosin regulatory light chain 10	{'GO:0005829', 'GO:0005509', 'GO:0005739', 'GO:0005737', 'GO:0005515'}
Q9BUH8	Brain-enriched guanylate kinase-associated protein	{'GO:0098794', 'GO:0098817', 'GO:0016020', 'GO:0005737', 'GO:0045202', 'GO:0005515'}
Q9BUY5	Zinc finger protein 426	{'GO:0000978', 'GO:0006355', 'GO:0005634', 'GO:0000981', 'GO:0005515', 'GO:0006357'}
Q9BUZ4	TNF receptor-associated factor 4	{'GO:0031625', 'GO:0005654', 'GO:0061630', 'GO:0005886', 'GO:0035591', 'GO:0019901', 'GO:0008270', 'GO:0045860', 'GO:0005829', 'GO:0007165', 'GO:0046872', 'GO:0046330', 'GO:0042802', 'GO:0019899', 'GO:0005737', 'GO:0005515', 'GO:0031996', 'GO:0050699', 'GO:0043161', 'GO:0043122', 'GO:0005856', 'GO:0048471', 'GO:0001650', 'GO:0007166', 'GO:0005164', 'GO:0005634', 'GO:0005923', 'GO:0042981'}
Q9BV87	Protein CNPPD1	{'GO:0000307', 'GO:0016538', 'GO:0019901', 'GO:0005634', 'GO:0016020'}
Q9BVC3	Sister chromatid cohesion protein DCC1	{'GO:0000775', 'GO:0034088', 'GO:0006275', 'GO:0034421', 'GO:0017116', 'GO:1900264', 'GO:0000785', 'GO:0005634', 'GO:0006260', 'GO:0005515', 'GO:0003689', 'GO:0005654', 'GO:0031390', 'GO:0007064'}
Q9BWE0	DNA-binding protein REPIN1	{'GO:0000978', 'GO:0001228', 'GO:0005829', 'GO:0003723', 'GO:0043565', 'GO:0045944', 'GO:0005634', 'GO:0031965', 'GO:0005515', 'GO:0006357', 'GO:0005654', 'GO:2000191'}
Q9BWF3	RNA-binding protein 4	{'GO:0003730', 'GO:0000381', 'GO:0036002', 'GO:0006396', 'GO:0003723', 'GO:0097157', 'GO:0008270', 'GO:0045947', 'GO:0035198', 'GO:0003729', 'GO:0035278', 'GO:0005737', 'GO:0002190', 'GO:0032055', 'GO:0002192', 'GO:0005515', 'GO:0010494', 'GO:0007623', 'GO:0005730', 'GO:0048471', 'GO:0043153', 'GO:0016607', 'GO:0046685', 'GO:0030332', 'GO:0017148', 'GO:0097167', 'GO:0003676', 'GO:0005634', 'GO:0046822', 'GO:0005654', 'GO:0097158', 'GO:0051149'}
Q9BWM5	Zinc finger protein 416	{'GO:0000978', 'GO:0045893', 'GO:0006355', 'GO:0072537', 'GO:0003700', 'GO:0005634', 'GO:0000981', 'GO:0001216', 'GO:0006357', 'GO:0048144'}
Q9BWW7	Transcriptional repressor scratch 1	{'GO:0000978', 'GO:1990837', 'GO:0000977', 'GO:0000122', 'GO:0006355', 'GO:0001227', 'GO:0043565', 'GO:0003700', 'GO:0005634', 'GO:0000981', 'GO:0016604'}
Q9BWX5	Transcription factor GATA-5	{'GO:0045893', 'GO:0062000', 'GO:0045747', 'GO:0043565', 'GO:0008270', 'GO:0010628', 'GO:0000978', 'GO:0003677', 'GO:0009653', 'GO:0000785', 'GO:0000981', 'GO:0005515', 'GO:0006357', 'GO:0010629', 'GO:0045944', 'GO:0048738', 'GO:0045165', 'GO:0010614', 'GO:0003180', 'GO:0000987', 'GO:0009888', 'GO:1990837', 'GO:0000122', 'GO:0007507', 'GO:0006355', 'GO:0030154', 'GO:0003700', 'GO:0005634', 'GO:0000976', 'GO:0003274', 'GO:0003129', 'GO:0005654', 'GO:0060575'}
Q9BX73	TM2 domain-containing protein 2	{'GO:0004930', 'GO:0045747', 'GO:0007165', 'GO:0007186', 'GO:0016020', 'GO:0005515'}
Q9BX74	TM2 domain-containing protein 1	{'GO:0004930', 'GO:0005886', 'GO:0045747', 'GO:0097190', 'GO:0007186', 'GO:0016020', 'GO:0001540', 'GO:0005515'}
Q9BX82	Zinc finger protein 471	{'GO:0000978', 'GO:0006355', 'GO:0005634', 'GO:0000981', 'GO:0005515', 'GO:0006357', 'GO:0005654'}
Q9BXB1	Leucine-rich repeat-containing G protein-coupled receptor 4	{'GO:0120163', 'GO:0090190', 'GO:0005886', 'GO:0072224', 'GO:0030177', 'GO:0016500', 'GO:0004930', 'GO:0001818', 'GO:0004888', 'GO:0005515', 'GO:0090263', 'GO:0007623', 'GO:0007186', 'GO:0030282', 'GO:0016020', 'GO:0046849', 'GO:0034122', 'GO:0072282', 'GO:0001649', 'GO:0007283', 'GO:0032922'}
Q9BXB4	Oxysterol-binding protein-related protein 11	{'GO:0005829', 'GO:0031902', 'GO:0005802', 'GO:0045444', 'GO:0160270', 'GO:7770015', 'GO:0070328', 'GO:0005794', 'GO:0008289', 'GO:0016020', 'GO:0055091', 'GO:0032934', 'GO:0006649', 'GO:0097212', 'GO:0120009', 'GO:0005515', 'GO:0005765', 'GO:0160258'}
Q9BXR6	Complement factor H-related protein 5	{'GO:0006956', 'GO:0045917', 'GO:0001851', 'GO:0032991', 'GO:0046982', 'GO:0042802', 'GO:0005576', 'GO:0005515', 'GO:0006957'}
Q9BY15	Adhesion G protein-coupled receptor E3	{'GO:0004930', 'GO:0030667', 'GO:0005886', 'GO:0007166', 'GO:0004888', 'GO:0007186', 'GO:0005509', 'GO:0016020', 'GO:0005576', 'GO:0101003'}
Q9BY31	Zinc finger protein 717	{'GO:0000122', 'GO:0006355', 'GO:0045892', 'GO:0005634', 'GO:0000976', 'GO:0005737'}
Q9BY79	Membrane frizzled-related protein	{'GO:0005515', 'GO:0016020', 'GO:0009792', 'GO:0016324'}
Q9BYN7	Zinc finger protein 341	{'GO:0000978', 'GO:0003677', 'GO:0045893', 'GO:0006355', 'GO:0003700', 'GO:0005634', 'GO:0000981', 'GO:0001216', 'GO:0005515', 'GO:0006357'}
Q9BYZ6	Rho-related BTB domain-containing protein 2	{'GO:0007015', 'GO:0005886', 'GO:0019901', 'GO:0010008', 'GO:0031410', 'GO:0031463', 'GO:0008360', 'GO:0003925', 'GO:0006511', 'GO:0007165', 'GO:0032956', 'GO:0005515', 'GO:0003924', 'GO:0030865', 'GO:0005856', 'GO:0016567', 'GO:1990756', 'GO:0005525', 'GO:0007163'}
Q9BZ11	Disintegrin and metalloproteinase domain-containing protein 33	{'GO:0006508', 'GO:0004222', 'GO:0005886', 'GO:0008270', 'GO:0016020', 'GO:0005515', 'GO:0008237'}
Q9BZE0	Zinc finger protein GLIS2	{'GO:0000978', 'GO:0001228', 'GO:0003677', 'GO:1990837', 'GO:0000977', 'GO:0000122', 'GO:0045879', 'GO:0045893', 'GO:0045892', 'GO:0001227', 'GO:0045944', 'GO:0005634', 'GO:0000981', 'GO:0000976', 'GO:0005737', 'GO:0005515', 'GO:0016607', 'GO:0097730'}
Q9BZR9	E3 ubiquitin-protein ligase TRIM8	{'GO:0061630', 'GO:0042803', 'GO:0044790', 'GO:0045893', 'GO:0010508', 'GO:0008270', 'GO:0003713', 'GO:0140374', 'GO:0005829', 'GO:0043123', 'GO:0046597', 'GO:0042802', 'GO:0005737', 'GO:0016605', 'GO:0016604', 'GO:0005515', 'GO:0070534', 'GO:0016567', 'GO:0005634', 'GO:0005654', 'GO:0007249'}
Q9C019	E3 ubiquitin-protein ligase TRIM15	{'GO:0061630', 'GO:0044790', 'GO:0045893', 'GO:0008270', 'GO:0005925', 'GO:0045087', 'GO:0003713', 'GO:0140374', 'GO:0140313', 'GO:0046872', 'GO:0005737', 'GO:0005515', 'GO:1901223', 'GO:0062208', 'GO:1900246', 'GO:0007500', 'GO:0005634', 'GO:0032481', 'GO:1901253'}
Q9C026	E3 ubiquitin-protein ligase TRIM9	{'GO:0061630', 'GO:0043161', 'GO:0042803', 'GO:0030425', 'GO:0005856', 'GO:0019904', 'GO:0046872', 'GO:0008270', 'GO:0016567', 'GO:0005737', 'GO:0008021', 'GO:0045202', 'GO:0005515'}
Q9C037	E3 ubiquitin-protein ligase TRIM4	{'GO:0005829', 'GO:0061630', 'GO:0004842', 'GO:0008270', 'GO:0042802', 'GO:0016567', 'GO:0005737', 'GO:0045087', 'GO:0010468'}
Q9C040	Tripartite motif-containing protein 2	{'GO:0061630', 'GO:0043161', 'GO:0004842', 'GO:0008270', 'GO:0043523', 'GO:0016567', 'GO:0005737', 'GO:0005515', 'GO:0000209'}
Q9C0B0	RING finger protein unkempt homolog	{'GO:0005829', 'GO:0043022', 'GO:0003723', 'GO:0046872', 'GO:1990715', 'GO:0005737', 'GO:2000766', 'GO:0048667'}
Q9C0F3	Zinc finger protein 436	{'GO:0000977', 'GO:0006355', 'GO:0005634', 'GO:0000981', 'GO:0005515', 'GO:0006357', 'GO:0005654'}
Q9C0K0	B-cell lymphoma/leukemia 11B	{'GO:0000978', 'GO:0001228', 'GO:1990837', 'GO:0097535', 'GO:0016514', 'GO:0005515', 'GO:0043565', 'GO:0003700', 'GO:0005634', 'GO:0043005', 'GO:0045944', 'GO:0006357', 'GO:0005654', 'GO:0035701'}
Q9GZM7	Tubulointerstitial nephritis antigen-like	{'GO:0005201', 'GO:0005773', 'GO:0031012', 'GO:0016197', 'GO:0005737', 'GO:0005576', 'GO:0070062', 'GO:0005515', 'GO:0043236', 'GO:0140149'}
Q9GZU1	Mucolipin-1	{'GO:0090382', 'GO:0031902', 'GO:0097708', 'GO:0005886', 'GO:0005267', 'GO:0071277', 'GO:0010008', 'GO:0099604', 'GO:0030670', 'GO:0071467', 'GO:0005770', 'GO:0034755', 'GO:0098655', 'GO:0042802', 'GO:0005515', 'GO:0006882', 'GO:1901660', 'GO:0005381', 'GO:0005261', 'GO:0019722', 'GO:0035725', 'GO:0072345', 'GO:0033572', 'GO:0051289', 'GO:0016020', 'GO:0005765', 'GO:1905673', 'GO:0006812', 'GO:0005262', 'GO:0097682', 'GO:0071805', 'GO:0098656', 'GO:0005253', 'GO:0005764', 'GO:0070588', 'GO:0005272', 'GO:0001891', 'GO:0030659', 'GO:0043235'}
Q9GZX5	Zinc finger protein 350	{'GO:0000978', 'GO:0003677', 'GO:1990837', 'GO:0000122', 'GO:0001162', 'GO:0006355', 'GO:0045892', 'GO:0001227', 'GO:0003700', 'GO:0005634', 'GO:0017053', 'GO:0016363', 'GO:0016604', 'GO:0005515', 'GO:0006357', 'GO:0005654'}
Q9H000	E3 ubiquitin-protein ligase makorin-2	{'GO:0061630', 'GO:0006511', 'GO:0003723', 'GO:0045944', 'GO:0046872', 'GO:0006351', 'GO:0005634', 'GO:0016567', 'GO:0005737', 'GO:0002862', 'GO:0043491', 'GO:0005515', 'GO:1901223', 'GO:0000209'}
Q9H013	Disintegrin and metalloproteinase domain-containing protein 19	{'GO:0006509', 'GO:0004222', 'GO:0005515', 'GO:0005886', 'GO:0031012', 'GO:0042987', 'GO:0005634', 'GO:0016020', 'GO:2000049', 'GO:0016485', 'GO:0006508', 'GO:0008237', 'GO:0001890', 'GO:0010628'}
Q9H091	Zinc finger MYND domain-containing protein 15	{'GO:0045892', 'GO:0005634', 'GO:0005737', 'GO:0007286', 'GO:0042826'}
Q9H0B8	Cysteine-rich secretory protein LCCL domain-containing 2	{'GO:0005539', 'GO:1904813', 'GO:0140149', 'GO:0031012', 'GO:0030324', 'GO:0030133', 'GO:0060325', 'GO:0034774', 'GO:0008201', 'GO:0005576', 'GO:0070062', 'GO:0060090'}
Q9H0D6	5'-3' exoribonuclease 2	{'GO:0006396', 'GO:0004527', 'GO:0180010', 'GO:0003723', 'GO:0008409', 'GO:0000956', 'GO:0042802', 'GO:0030182', 'GO:0005515', 'GO:0004518', 'GO:0005730', 'GO:0006401', 'GO:0016020', 'GO:0006364', 'GO:0001147', 'GO:0006369', 'GO:0060041', 'GO:0016070', 'GO:0005634', 'GO:0003676', 'GO:0004534', 'GO:0021766', 'GO:0007283', 'GO:0005654'}
Q9H0M5	Zinc finger protein 700	{'GO:0000977', 'GO:0006355', 'GO:0005634', 'GO:0000981', 'GO:0006357'}
Q9H116	GDNF-inducible zinc finger protein 1	{'GO:0000978', 'GO:0000122', 'GO:0006355', 'GO:0005730', 'GO:0045892', 'GO:0001227', 'GO:0043565', 'GO:0005634', 'GO:0000981', 'GO:0005737', 'GO:0005654'}
Q9H160	Inhibitor of growth protein 2	{'GO:0005654', 'GO:0035091', 'GO:0045893', 'GO:0005886', 'GO:0048133', 'GO:0035033', 'GO:0016602', 'GO:0003677', 'GO:0140002', 'GO:0007165', 'GO:0030317', 'GO:0007286', 'GO:0045814', 'GO:0030336', 'GO:0044877', 'GO:0005515', 'GO:0030511', 'GO:1902455', 'GO:0006325', 'GO:0070822', 'GO:0140566', 'GO:0030512', 'GO:0000122', 'GO:0006355', 'GO:2000772', 'GO:0003682', 'GO:1902166', 'GO:1902459', 'GO:0005634', 'GO:0007141', 'GO:0007283', 'GO:0072520', 'GO:0006974'}
Q9H165	BCL11 transcription factor A	{'GO:0010977', 'GO:0005654', 'GO:0042803', 'GO:0050773', 'GO:0001227', 'GO:0019901', 'GO:1903860', 'GO:2000173', 'GO:0048672', 'GO:0016925', 'GO:0010628', 'GO:0000978', 'GO:1905232', 'GO:0005829', 'GO:0048671', 'GO:2000171', 'GO:0005737', 'GO:0016604', 'GO:0005515', 'GO:0006357', 'GO:1904800', 'GO:0098794', 'GO:0140297', 'GO:0046982', 'GO:0016363', 'GO:0005694', 'GO:0032463', 'GO:0016514', 'GO:0001067', 'GO:0000122', 'GO:0003700', 'GO:0005634', 'GO:0010976', 'GO:0003712', 'GO:0042382'}
Q9H175	Cysteine/serine-rich nuclear protein 2	{'GO:0001228', 'GO:0000785', 'GO:0045944', 'GO:0043565', 'GO:0003700', 'GO:0005634', 'GO:0000981', 'GO:0005515', 'GO:0006357', 'GO:0019902'}
Q9H1U4	Multiple epidermal growth factor-like domains protein 9	{'GO:0005604', 'GO:0016020'}
Q9H2G9	Golgin-45	{'GO:0031625', 'GO:0000139', 'GO:0005801', 'GO:0005794', 'GO:0005634', 'GO:0007030', 'GO:0043001', 'GO:0019899', 'GO:0005737', 'GO:0005515', 'GO:0005654'}
Q9H2S5	RING finger protein 39	{'GO:0070534', 'GO:0061630', 'GO:0039532', 'GO:0016567', 'GO:0005737', 'GO:0141111', 'GO:0005515', 'GO:0045087'}
Q9H2S6	Tenomodulin	{'GO:0005635', 'GO:0005737', 'GO:0016525', 'GO:0016020', 'GO:0001937', 'GO:0005515'}
Q9H2S9	Zinc finger protein Eos	{'GO:0000978', 'GO:0006355', 'GO:0051260', 'GO:0045892', 'GO:0019904', 'GO:0043565', 'GO:0032991', 'GO:0008270', 'GO:0003700', 'GO:0043425', 'GO:0005634', 'GO:0016604', 'GO:0005515', 'GO:0006357', 'GO:0005654'}
Q9H2U9	Disintegrin and metalloproteinase domain-containing protein 7	{'GO:0004222', 'GO:1902492', 'GO:0003382', 'GO:1905867', 'GO:0005886', 'GO:1902093', 'GO:0016020', 'GO:0004175', 'GO:0006508', 'GO:0008237', 'GO:0009986'}
Q9H2X0	Chordin	{'GO:0035906', 'GO:0001701', 'GO:1904888', 'GO:0014029', 'GO:0007224', 'GO:0072148', 'GO:0008543', 'GO:0160108', 'GO:0050808', 'GO:0045785', 'GO:0048731', 'GO:0045185', 'GO:0045668', 'GO:0009986', 'GO:1990926', 'GO:0007389', 'GO:0098793', 'GO:0048844', 'GO:0045545', 'GO:0035640', 'GO:0019955', 'GO:0030336', 'GO:0099171', 'GO:0005515', 'GO:0035050', 'GO:0000578', 'GO:0008542', 'GO:0021513', 'GO:0030509', 'GO:0033504', 'GO:0036122', 'GO:0043395', 'GO:0008283', 'GO:0001501', 'GO:0008201', 'GO:0009953', 'GO:0014030', 'GO:0005576', 'GO:0030514', 'GO:0048168', 'GO:0160093', 'GO:0010467', 'GO:0060291', 'GO:0002053', 'GO:0017038', 'GO:0048845', 'GO:0048663'}
Q9H3R2	Mucin-13	{'GO:0005829', 'GO:0005796', 'GO:0042803', 'GO:0016324', 'GO:0005886', 'GO:0005576', 'GO:0030277'}
Q9H3T2	Semaphorin-6C	{'GO:0071526', 'GO:0005886', 'GO:0030215', 'GO:0007411', 'GO:0005737', 'GO:0030517', 'GO:0009986', 'GO:0045499', 'GO:0050919', 'GO:0030335'}
Q9H3U7	SPARC-related modular calcium-binding protein 2	{'GO:0045931', 'GO:0050840', 'GO:0045743', 'GO:0030198', 'GO:0035470', 'GO:2001028', 'GO:0140144', 'GO:0005515', 'GO:0071944', 'GO:0031012', 'GO:0005509', 'GO:0008201', 'GO:0005576', 'GO:0140149', 'GO:2000573', 'GO:0010595', 'GO:0005604', 'GO:0045766', 'GO:1900748'}
Q9H4F8	SPARC-related modular calcium-binding protein 1	{'GO:0045667', 'GO:0060173', 'GO:0005509', 'GO:0030198', 'GO:0005604', 'GO:0008201', 'GO:0140144', 'GO:0001654', 'GO:0005576', 'GO:0005515', 'GO:0140149', 'GO:0050840'}
Q9H4I2	Zinc fingers and homeoboxes protein 3	{'GO:0003677', 'GO:0045669', 'GO:0042803', 'GO:0000785', 'GO:0045892', 'GO:0003700', 'GO:0005634', 'GO:0000981', 'GO:0046982', 'GO:0005515', 'GO:0006357', 'GO:0005654'}
Q9H4Q3	PR domain zinc finger protein 13	{'GO:0042054', 'GO:0006338', 'GO:0003682', 'GO:0005634', 'GO:0021979', 'GO:0061629', 'GO:0010468', 'GO:0097154'}
Q9H4Q4	PR domain zinc finger protein 12	{'GO:0001228', 'GO:0006479', 'GO:0000122', 'GO:0050965', 'GO:0001227', 'GO:0048665', 'GO:0019233', 'GO:0022008', 'GO:0005634', 'GO:0000981', 'GO:0031175', 'GO:0030182', 'GO:0140713', 'GO:0045944', 'GO:1990226', 'GO:0010468'}
Q9H5H4	Zinc finger protein 768	{'GO:0003677', 'GO:1990837', 'GO:0000977', 'GO:0006366', 'GO:0003723', 'GO:0005634', 'GO:0000981', 'GO:0005515', 'GO:0006357', 'GO:0005694'}
Q9H5I1	Histone-lysine N-methyltransferase SUV39H2	{'GO:0000775', 'GO:0042054', 'GO:0045892', 'GO:0008270', 'GO:0140949', 'GO:0031507', 'GO:0062072', 'GO:0000785', 'GO:0031508', 'GO:0140938', 'GO:0006338', 'GO:0005721', 'GO:0045814', 'GO:0031981', 'GO:0005515', 'GO:0071456', 'GO:0140947', 'GO:0007623', 'GO:0006325', 'GO:0005694', 'GO:0140258', 'GO:0046974', 'GO:0000122', 'GO:0044725', 'GO:0005634', 'GO:0000976', 'GO:1904047', 'GO:0005654'}
Q9H5J0	Zinc finger and BTB domain-containing protein 3	{'GO:0000981', 'GO:0006357', 'GO:0005634', 'GO:0005515'}
Q9H5U6	rRNA N(6)-adenosine-methyltransferase ZCCHC4	{'GO:0140640', 'GO:0031167', 'GO:0005730', 'GO:0008270', 'GO:0003676', 'GO:1904047', 'GO:0005737', 'GO:0008757', 'GO:0008168', 'GO:0008988', 'GO:0045727'}
Q9H694	Protein bicaudal C homolog 1	{'GO:0007368', 'GO:0003723', 'GO:0003676', 'GO:0006402', 'GO:0090090', 'GO:0005737'}
Q9H6E5	Speckle targeted PIP5K1A-regulated poly(A) polymerase	{'GO:0003730', 'GO:0180010', 'GO:0140767', 'GO:0003723', 'GO:0017070', 'GO:0031124', 'GO:0034477', 'GO:0019899', 'GO:0051252', 'GO:0005515', 'GO:1990817', 'GO:0005847', 'GO:0005730', 'GO:0050265', 'GO:0016607', 'GO:0031123', 'GO:1990074', 'GO:0003676', 'GO:0016180', 'GO:0005654'}
Q9H6R7	WD repeat and coiled-coil-containing protein	{'GO:0019900', 'GO:0005515', 'GO:0051259'}
Q9H6U6	BCAS3 microtubule associated cell migration factor	{'GO:0043085', 'GO:0035091', 'GO:0035035', 'GO:0042594', 'GO:0008047', 'GO:0005881', 'GO:1905037', 'GO:0032956', 'GO:0043627', 'GO:0005737', 'GO:0006914', 'GO:0045111', 'GO:0045944', 'GO:0005515', 'GO:0000407', 'GO:0005856', 'GO:0042393', 'GO:0007267', 'GO:0071391', 'GO:0031252', 'GO:0048487', 'GO:0010698', 'GO:0010595', 'GO:0003682', 'GO:0005634', 'GO:0000791', 'GO:0016922'}
Q9H706	GRB2-associated and regulator of MAPK protein 1	{'GO:0071364', 'GO:0070064', 'GO:0005886', 'GO:0008284', 'GO:0070374', 'GO:0005515', 'GO:0007173'}
Q9H707	Zinc finger protein 552	{'GO:0000978', 'GO:0006355', 'GO:0005634', 'GO:0000981', 'GO:0005515', 'GO:0006357'}
Q9H7L2	Putative killer cell immunoglobulin-like receptor-like protein KIR3DX1	{'GO:0005886', 'GO:0007166', 'GO:0004888', 'GO:0002767', 'GO:0005576', 'GO:0140375'}
Q9H7R0	Zinc finger protein 442	{'GO:0000977', 'GO:0006355', 'GO:0005634', 'GO:0000981', 'GO:0006357'}
Q9H7R5	Zinc finger protein 665	{'GO:0000978', 'GO:1990837', 'GO:0006355', 'GO:0045892', 'GO:0005634', 'GO:0000981', 'GO:0005737', 'GO:0006357'}
Q9H7S9	Zinc finger protein 703	{'GO:0045892', 'GO:0032991', 'GO:0060644', 'GO:0051726', 'GO:0060828', 'GO:0005737', 'GO:0005515', 'GO:0030335', 'GO:0034111', 'GO:0140297', 'GO:0017015', 'GO:0071392', 'GO:0005739', 'GO:0033601', 'GO:0016363', 'GO:0010718', 'GO:0034333', 'GO:0006355', 'GO:0008284', 'GO:0005634'}
Q9H7V2	Synapse differentiation-inducing gene protein 1	{'GO:0043197', 'GO:0042803', 'GO:0005886', 'GO:0097091', 'GO:0035254', 'GO:0098839', 'GO:0098978', 'GO:0030672', 'GO:0014069', 'GO:0060076', 'GO:0051965', 'GO:0044297', 'GO:0045202', 'GO:0005515', 'GO:0006886', 'GO:0030425', 'GO:0016020', 'GO:0031901', 'GO:0043198', 'GO:0150052'}
Q9H7X3	Zinc finger protein 696	{'GO:0000977', 'GO:0005634', 'GO:0000981', 'GO:0005515', 'GO:0006357'}
Q9H898	Zinc finger matrin-type protein 4	{'GO:0008270', 'GO:0005634', 'GO:0003676', 'GO:0042802', 'GO:0005515'}
Q9H8G1	Zinc finger protein 430	{'GO:0000978', 'GO:0006355', 'GO:0021762', 'GO:0005634', 'GO:0000981', 'GO:0006357'}
Q9H8W5	E3 ubiquitin-protein ligase TRIM45	{'GO:0005829', 'GO:0050728', 'GO:0061630', 'GO:0043161', 'GO:0008270', 'GO:0005634', 'GO:0005737', 'GO:0005515', 'GO:0005654', 'GO:0070936'}
Q9H930	Nuclear body protein SP140-like protein	{'GO:0003677', 'GO:0005634', 'GO:0000981', 'GO:0006357', 'GO:0006952'}
Q9H9D4	Zinc finger protein 408	{'GO:0000978', 'GO:0005634', 'GO:0000981', 'GO:0042802', 'GO:0005515', 'GO:0006357'}
Q9H9P5	Putative E3 ubiquitin-protein ligase UNKL	{'GO:0005829', 'GO:0046872', 'GO:0005634', 'GO:0016567', 'GO:0005737', 'GO:0005515'}
Q9HAH1	Zinc finger protein 556	{'GO:0000977', 'GO:0006355', 'GO:0005634', 'GO:0000981', 'GO:0006357'}
Q9HAS3	Solute carrier family 28 member 3	{'GO:0005886', 'GO:0015855', 'GO:0005337', 'GO:0005789', 'GO:0006855', 'GO:0005345', 'GO:0031526', 'GO:1901642', 'GO:0005415', 'GO:1904823', 'GO:0005515', 'GO:0015389', 'GO:0006805', 'GO:0035725', 'GO:0015213', 'GO:0016020', 'GO:0015860', 'GO:0015862', 'GO:0072531', 'GO:0015390', 'GO:0015864'}
Q9HAV5	Tumor necrosis factor receptor superfamily member 27	{'GO:0019221', 'GO:0043123', 'GO:0005515', 'GO:0033209', 'GO:0005886', 'GO:0004888', 'GO:0010668', 'GO:0046330', 'GO:0016020', 'GO:0008544', 'GO:0005031', 'GO:0038023'}
Q9HB58	Sp110 nuclear body protein	{'GO:0003677', 'GO:0005634', 'GO:0000981', 'GO:0006357', 'GO:0005654'}
Q9HB63	Netrin-4	{'GO:0005201', 'GO:0016477', 'GO:0005886', 'GO:0043256', 'GO:0007411', 'GO:0005604', 'GO:0034446', 'GO:0140144', 'GO:0070831', 'GO:0005515', 'GO:0009888'}
Q9HBE1	POZ-, AT hook-, and zinc finger-containing protein 1	{'GO:0000978', 'GO:0003677', 'GO:0031625', 'GO:0010596', 'GO:0000122', 'GO:0002682', 'GO:0006355', 'GO:0045892', 'GO:0001227', 'GO:0003682', 'GO:0005634', 'GO:0001817', 'GO:0005515', 'GO:0005654'}
Q9HBF4	Zinc finger FYVE domain-containing protein 1	{'GO:0043325', 'GO:0005789', 'GO:0008270', 'GO:0140042', 'GO:0005795', 'GO:0005545', 'GO:0016236', 'GO:0005776', 'GO:0046872', 'GO:0097629', 'GO:0005515', 'GO:0000407', 'GO:0005783', 'GO:0044829', 'GO:0005739', 'GO:0016020', 'GO:0005547', 'GO:0005811', 'GO:0048471', 'GO:1990462', 'GO:0005794', 'GO:0032266', 'GO:0044233', 'GO:0009267'}
Q9HBT7	Zinc finger protein 287	{'GO:0000978', 'GO:0006355', 'GO:0005634', 'GO:0000981', 'GO:0006357'}
Q9HBT8	Zinc finger protein 286A	{'GO:0000978', 'GO:0006355', 'GO:0005634', 'GO:0000981', 'GO:0005515', 'GO:0006357'}
Q9HBW9	Adhesion G protein-coupled receptor L4	{'GO:0004930', 'GO:0005886', 'GO:0007166', 'GO:0004888', 'GO:0007186', 'GO:0005509', 'GO:0016020', 'GO:0031410'}
Q9HBX8	Leucine-rich repeat-containing G protein-coupled receptor 6	{'GO:0016500', 'GO:0031982', 'GO:0048495', 'GO:0005886', 'GO:0032588', 'GO:0004888', 'GO:0007186', 'GO:0007411', 'GO:0008201', 'GO:0030177', 'GO:0016020', 'GO:0005515', 'GO:0090263', 'GO:0050919', 'GO:0030335'}
Q9HC78	Zinc finger and BTB domain-containing protein 20	{'GO:0000978', 'GO:1990837', 'GO:0055088', 'GO:0000122', 'GO:0002682', 'GO:0046889', 'GO:0001227', 'GO:0005634', 'GO:0001817', 'GO:0000976', 'GO:0005737', 'GO:0016604', 'GO:0045821', 'GO:0071333', 'GO:0005654'}
Q9HCB6	Spondin-1	{'GO:0005201', 'GO:0140149', 'GO:0031012', 'GO:0005576', 'GO:0005788', 'GO:0005515', 'GO:0050693', 'GO:0007155'}
Q9HCG1	Zinc finger protein 160	{'GO:0000978', 'GO:1990837', 'GO:0006355', 'GO:0030097', 'GO:0005634', 'GO:0000981', 'GO:0006357'}
Q9HCI7	E3 ubiquitin-protein ligase MSL2	{'GO:0005654', 'GO:0061630', 'GO:0045893', 'GO:0000785', 'GO:0072487', 'GO:0006513', 'GO:0005634', 'GO:0016567', 'GO:0140585', 'GO:0140463', 'GO:0141054', 'GO:0005515', 'GO:0006974', 'GO:0005694', 'GO:0071168', 'GO:0040029'}
Q9HCL3	Zinc finger protein 14 homolog	{'GO:0000978', 'GO:1990837', 'GO:0006355', 'GO:0005634', 'GO:0000981', 'GO:0005515', 'GO:0006357'}
Q9HCU0	Endosialin	{'GO:0016477', 'GO:0009897', 'GO:0031012', 'GO:0005509', 'GO:0005737', 'GO:0016020', 'GO:0070062', 'GO:0005515', 'GO:1990430', 'GO:0050840'}
Q9HCX3	Zinc finger protein 304	{'GO:0000978', 'GO:0000122', 'GO:0045893', 'GO:0006355', 'GO:0007229', 'GO:0045944', 'GO:0030335', 'GO:0005634', 'GO:0000981', 'GO:0006346', 'GO:0050679', 'GO:2000811', 'GO:0045766', 'GO:0005515', 'GO:0006357', 'GO:1990841'}
Q9HCZ1	Zinc finger protein 334	{'GO:0000978', 'GO:0006355', 'GO:0005634', 'GO:0000981', 'GO:0005515', 'GO:0006357'}
Q9HDB9	Endogenous retrovirus group K member 5 Gag polyprotein	{'GO:0005886', 'GO:0005198', 'GO:0008270', 'GO:0003676', 'GO:0016032'}
Q9NP64	Zinc finger CCHC domain-containing protein 17	{'GO:0005730', 'GO:0003723', 'GO:0008270', 'GO:0003676', 'GO:0042802', 'GO:0022625', 'GO:0043489', 'GO:0005515'}
Q9NPC7	Myoneurin	{'GO:0000978', 'GO:0005634', 'GO:0000981', 'GO:0005515', 'GO:0006357', 'GO:0005654'}
Q9NPF0	CD320 antigen	{'GO:0015889', 'GO:0005783', 'GO:0005886', 'GO:0005509', 'GO:0030890', 'GO:0016020', 'GO:0031296', 'GO:0016192', 'GO:0005515', 'GO:0038024', 'GO:0031419'}
Q9NPY3	Complement component C1q receptor	{'GO:0006909', 'GO:0001525', 'GO:0035579', 'GO:0101003', 'GO:0001849', 'GO:0042116', 'GO:0030667', 'GO:0005886', 'GO:0070821', 'GO:0005509', 'GO:0098609', 'GO:0031410', 'GO:0005515', 'GO:0038023', 'GO:0009986'}
Q9NQ03	Transcriptional repressor scratch 2	{'GO:0000978', 'GO:1990837', 'GO:0070888', 'GO:1902042', 'GO:0000122', 'GO:0000785', 'GO:0006355', 'GO:0001227', 'GO:0005634', 'GO:0000981'}
Q9NQ30	Endothelial cell-specific molecule 1	{'GO:0005201', 'GO:0001525', 'GO:0005171', 'GO:0031012', 'GO:0008284', 'GO:0005178', 'GO:0002040', 'GO:1902204', 'GO:0005576', 'GO:0005515'}
Q9NQ36	Signal peptide, CUB and EGF-like domain-containing protein 2	{'GO:0045880', 'GO:0140597', 'GO:0030509', 'GO:0055001', 'GO:0005886', 'GO:0007224', 'GO:0005509', 'GO:0005576', 'GO:0005515', 'GO:0009986'}
Q9NQ86	E3 ubiquitin-protein ligase TRIM36	{'GO:0005829', 'GO:0061630', 'GO:0043161', 'GO:0001669', 'GO:0004842', 'GO:0070507', 'GO:0005856', 'GO:0007051', 'GO:0008270', 'GO:0005737', 'GO:0000281', 'GO:0005515', 'GO:0043014', 'GO:0000209', 'GO:0070936', 'GO:0007340'}
Q9NQC1	E3 ubiquitin-protein ligase Jade-2	{'GO:0000123', 'GO:0061630', 'GO:0006275', 'GO:0051726', 'GO:0006338', 'GO:0043995', 'GO:2000278', 'GO:0005634', 'GO:0043996', 'GO:0036408', 'GO:0140566', 'GO:0016567', 'GO:0070062', 'GO:0005515', 'GO:0006357', 'GO:0005654', 'GO:0043997'}
Q9NQV7	Histone-lysine N-methyltransferase PRDM9	{'GO:0006311', 'GO:0042054', 'GO:0042800', 'GO:0042803', 'GO:0043565', 'GO:0140999', 'GO:0140941', 'GO:0008270', 'GO:0140949', 'GO:0010468', 'GO:1990918', 'GO:0007129', 'GO:0006338', 'GO:0140955', 'GO:1905516', 'GO:0010844', 'GO:0140944', 'GO:0043066', 'GO:0007292', 'GO:0061982', 'GO:0046975', 'GO:0005694', 'GO:0048232', 'GO:0006355', 'GO:0005634', 'GO:0000976', 'GO:0035825', 'GO:0010845', 'GO:0005654', 'GO:0016279'}
Q9NQX0	Putative histone-lysine N-methyltransferase PRDM6	{'GO:0140944', 'GO:0042054', 'GO:0000122', 'GO:0006338', 'GO:0045892', 'GO:0005634', 'GO:0042802', 'GO:0005515', 'GO:0010468'}
Q9NQX1	PR domain zinc finger protein 5	{'GO:0000978', 'GO:0005654', 'GO:0000977', 'GO:0000122', 'GO:0005515', 'GO:1903053', 'GO:0005730', 'GO:0140297', 'GO:0001227', 'GO:0043565', 'GO:0045892', 'GO:0003700', 'GO:0005634', 'GO:0000976', 'GO:0016604', 'GO:0045944', 'GO:0000278'}
Q9NQX6	Zinc finger protein 331	{'GO:0000978', 'GO:0006355', 'GO:0008270', 'GO:0005634', 'GO:0000981', 'GO:0005515', 'GO:0006357'}
Q9NQZ8	Endothelial zinc finger protein induced by tumor necrosis factor alpha	{'GO:0000978', 'GO:0001228', 'GO:0005515', 'GO:0005634', 'GO:0045944', 'GO:0006357'}
Q9NR11	Zinc finger protein 302	{'GO:0000978', 'GO:0006355', 'GO:0005634', 'GO:0000981', 'GO:0005515', 'GO:0006357'}
Q9NR56	Muscleblind-like protein 1	{'GO:0005829', 'GO:0001701', 'GO:0010494', 'GO:0003725', 'GO:0007399', 'GO:0030326', 'GO:0003723', 'GO:0046872', 'GO:0005634', 'GO:0043484', 'GO:0005737', 'GO:0005515', 'GO:0005654', 'GO:0008380', 'GO:0045445'}
Q9NR61	Delta-like protein 4	{'GO:0005886', 'GO:0045747', 'GO:0007219', 'GO:0048731', 'GO:0035912', 'GO:0003209', 'GO:0008285', 'GO:0010628', 'GO:0090051', 'GO:2000179', 'GO:0007165', 'GO:0072554', 'GO:1903588', 'GO:0045746', 'GO:0007154', 'GO:0005515', 'GO:0010629', 'GO:0030217', 'GO:0003344', 'GO:0061074', 'GO:0005509', 'GO:0016020', 'GO:0003180', 'GO:0044344', 'GO:0003208', 'GO:0003222', 'GO:0001525', 'GO:0001974', 'GO:0010596', 'GO:0000122', 'GO:0001569', 'GO:0030154', 'GO:0048513', 'GO:0060579', 'GO:0048018', 'GO:0005112', 'GO:0035924'}
Q9NR80	Rho guanine nucleotide exchange factor 4	{'GO:0005829', 'GO:0032587', 'GO:0005515', 'GO:0035556', 'GO:0019904', 'GO:0030032', 'GO:0051056', 'GO:0005737', 'GO:0046847', 'GO:0005085'}
Q9NRA0	Sphingosine kinase 2	{'GO:0006669', 'GO:0016301', 'GO:0005654', 'GO:2001169', 'GO:0035556', 'GO:0032760', 'GO:0008481', 'GO:2000304', 'GO:0051049', 'GO:0031267', 'GO:0038036', 'GO:0005743', 'GO:0042981', 'GO:0005829', 'GO:1904628', 'GO:1904959', 'GO:0032755', 'GO:0005737', 'GO:0033008', 'GO:0019216', 'GO:0007565', 'GO:0005515', 'GO:0003376', 'GO:0000786', 'GO:0005783', 'GO:0043122', 'GO:0030308', 'GO:0045815', 'GO:0005739', 'GO:0042393', 'GO:0032736', 'GO:1903426', 'GO:0016020', 'GO:0005765', 'GO:0043306', 'GO:0043065', 'GO:0046512', 'GO:0030148', 'GO:0005634', 'GO:0001727', 'GO:0002720', 'GO:0006670'}
Q9NRH1	Protein YAE1 homolog	{'GO:0005515', 'GO:0005737', 'GO:0051604', 'GO:0005634'}
Q9NRH2	SNF-related serine/threonine-protein kinase	{'GO:0006468', 'GO:0000287', 'GO:0030099', 'GO:0004674', 'GO:0004672', 'GO:0005634', 'GO:0106310', 'GO:0005524'}
Q9NRL3	Striatin-4	{'GO:0043197', 'GO:0070016', 'GO:0032991', 'GO:0098978', 'GO:0035330', 'GO:0019904', 'GO:0005737', 'GO:0044877', 'GO:0005515', 'GO:0090443', 'GO:0030425', 'GO:0098794', 'GO:0035331', 'GO:0030674', 'GO:0098982', 'GO:0051721', 'GO:0099159', 'GO:0005516', 'GO:0043025'}
Q9NS37	CREB/ATF bZIP transcription factor	{'GO:0003677', 'GO:0140467', 'GO:0090575', 'GO:0000785', 'GO:0006355', 'GO:0045892', 'GO:0045944', 'GO:0003700', 'GO:0005634', 'GO:0000981', 'GO:0042802', 'GO:0045814', 'GO:0005515', 'GO:0006357', 'GO:0009615', 'GO:0036500'}
Q9NS68	Tumor necrosis factor receptor superfamily member 19	{'GO:0019221', 'GO:0043123', 'GO:0005515', 'GO:0033209', 'GO:0005886', 'GO:0004888', 'GO:0007254', 'GO:0046330', 'GO:0016020', 'GO:0005031', 'GO:0038023', 'GO:0006915'}
Q9NS98	Semaphorin-3G	{'GO:0005102', 'GO:0038191', 'GO:0071526', 'GO:0005886', 'GO:0030215', 'GO:0007411', 'GO:0030900', 'GO:0030517', 'GO:0005576', 'GO:0070062', 'GO:0005515', 'GO:0045499', 'GO:0050919', 'GO:0030335'}
Q9NSB4	Keratin, type II cuticular Hb2	{'GO:0005829', 'GO:0005515', 'GO:0031424', 'GO:0005198', 'GO:0030280', 'GO:0005737', 'GO:0045109', 'GO:0045095'}
Q9NSD4	Zinc finger protein 275	{'GO:0000978', 'GO:0005634', 'GO:0000981', 'GO:0005515', 'GO:0006357'}
Q9NSJ1	Putative zinc finger protein 355P	{'GO:0000978', 'GO:0006355', 'GO:0005634', 'GO:0000981', 'GO:0006357'}
Q9NTW7	Zinc finger protein 64	{'GO:0006355', 'GO:0003700', 'GO:0005634', 'GO:0000976', 'GO:0005737', 'GO:0043076', 'GO:0005515', 'GO:0048762'}
Q9NU63	Zinc finger protein 57 homolog	{'GO:0000977', 'GO:0006355', 'GO:0003682', 'GO:0005634', 'GO:0000981', 'GO:0141068', 'GO:0005515', 'GO:0006357'}
Q9NUC0	SERTA domain-containing protein 4	{'GO:0005515', 'GO:0005654', 'GO:0005634'}
Q9NUD5	Zinc finger CCHC domain-containing protein 3	{'GO:0003690', 'GO:0032481', 'GO:0051607', 'GO:0071360', 'GO:0003723', 'GO:0008270', 'GO:0009597', 'GO:0003676', 'GO:0005737', 'GO:1900246', 'GO:0005515', 'GO:0002218'}
Q9NUE0	Palmitoyltransferase ZDHHC18	{'GO:0000139', 'GO:0006612', 'GO:0005783', 'GO:0005794', 'GO:0045824', 'GO:0160049', 'GO:0019706', 'GO:0016409', 'GO:0018230'}
Q9NUG4	Cerebral cavernous malformations 2 protein-like	{'GO:0008150', 'GO:0003674', 'GO:0003007', 'GO:0005515', 'GO:0005575'}
Q9NUK0	Muscleblind-like protein 3	{'GO:0005829', 'GO:0003723', 'GO:0046872', 'GO:0005634', 'GO:0043484', 'GO:0005737', 'GO:0005515', 'GO:0005654'}
Q9NV58	E3 ubiquitin-protein ligase RNF19A	{'GO:0005829', 'GO:0061630', 'GO:0004842', 'GO:0006511', 'GO:0005813', 'GO:0008270', 'GO:0000151', 'GO:0016567', 'GO:0005737', 'GO:0016020', 'GO:0005515', 'GO:0031624', 'GO:0000226'}
Q9NV72	Zinc finger protein 701	{'GO:0000978', 'GO:0006355', 'GO:0005634', 'GO:0000981', 'GO:0006357'}
Q9NVP4	Double zinc ribbon and ankyrin repeat-containing protein 1	{'GO:0042462', 'GO:0005515', 'GO:0005813'}
Q9NVW2	E3 ubiquitin-protein ligase RLIM	{'GO:0060816', 'GO:0005829', 'GO:0003714', 'GO:0061630', 'GO:0004842', 'GO:0006511', 'GO:0045892', 'GO:0050767', 'GO:0005634', 'GO:0016567', 'GO:0017053', 'GO:0005654'}
Q9NW07	Zinc finger protein 358	{'GO:0000978', 'GO:0021915', 'GO:0003700', 'GO:0005634', 'GO:0019827', 'GO:0006357', 'GO:0035115'}
Q9NW64	Pre-mRNA-splicing factor RBM22	{'GO:0046827', 'GO:0036002', 'GO:0033120', 'GO:0003723', 'GO:0071020', 'GO:0017070', 'GO:0048306', 'GO:0046872', 'GO:0005737', 'GO:0071006', 'GO:0071007', 'GO:0071466', 'GO:0005515', 'GO:0045292', 'GO:0005681', 'GO:0071014', 'GO:0000398', 'GO:0000974', 'GO:0042307', 'GO:0005634', 'GO:0003676', 'GO:0071013', 'GO:0005654'}
Q9NWN3	F-box only protein 34	{'GO:0005515', 'GO:0031146', 'GO:0019005'}
Q9NWS1	PCNA-interacting partner	{'GO:0000785', 'GO:2000042', 'GO:0005634', 'GO:0005737', 'GO:0005515', 'GO:0005654'}
Q9NWW7	Uncharacterized protein C2orf42	{'GO:0005515', 'GO:0005654', 'GO:0005634'}
Q9NX58	Cell growth-regulating nucleolar protein	{'GO:0003677', 'GO:0048821', 'GO:0000122', 'GO:0045824', 'GO:0140416', 'GO:0003723', 'GO:0140297', 'GO:0050766', 'GO:0005730', 'GO:0005634', 'GO:0045943', 'GO:0042802', 'GO:0005737', 'GO:0001750', 'GO:0005515', 'GO:0005654', 'GO:0006364'}
Q9NX65	Zinc finger and SCAN domain-containing protein 32	{'GO:0000978', 'GO:0006355', 'GO:0005634', 'GO:0000981', 'GO:0042802', 'GO:0005515', 'GO:0006357'}
Q9NXA8	NAD-dependent protein deacylase sirtuin-5, mitochondrial	{'GO:0036055', 'GO:0017136', 'GO:0008270', 'GO:0036046', 'GO:0005743', 'GO:0036048', 'GO:0005829', 'GO:0061697', 'GO:0006476', 'GO:0010667', 'GO:0006338', 'GO:0034979', 'GO:0005759', 'GO:0005737', 'GO:0036049', 'GO:0031667', 'GO:0000050', 'GO:0007005', 'GO:0036047', 'GO:0005739', 'GO:0010566', 'GO:0016747', 'GO:0036054', 'GO:2000378', 'GO:0061698', 'GO:0070403', 'GO:0005758', 'GO:0005634'}
Q9NXR5	Ankyrin repeat domain-containing protein 10	{'GO:0005515', 'GO:0005654'}
Q9NXR8	Inhibitor of growth protein 3	{'GO:0045893', 'GO:0043995', 'GO:2000779', 'GO:0043998', 'GO:0032777', 'GO:0042981', 'GO:0046972', 'GO:0051726', 'GO:0035267', 'GO:0006338', 'GO:0140002', 'GO:0045944', 'GO:0000786', 'GO:0043997', 'GO:0000812', 'GO:0006325', 'GO:0005634', 'GO:0043996', 'GO:0010485', 'GO:1905168', 'GO:0005654'}
Q9NXT0	Zinc finger protein 586	{'GO:0000978', 'GO:0006355', 'GO:0005634', 'GO:0000981', 'GO:0006357'}
Q9NYJ7	Delta-like protein 3	{'GO:0005886', 'GO:0160108', 'GO:0005509', 'GO:0005112', 'GO:0007219', 'GO:0001501', 'GO:0016020', 'GO:0045746'}
Q9NYT6	Zinc finger protein 226	{'GO:0000122', 'GO:0006355', 'GO:0043565', 'GO:0005634', 'GO:0000976', 'GO:0006357', 'GO:0005654'}
Q9NYW8	RB-associated KRAB zinc finger protein	{'GO:0000978', 'GO:0006355', 'GO:0045892', 'GO:0008270', 'GO:0005634', 'GO:0000981', 'GO:0005515', 'GO:0006357', 'GO:0005654'}
Q9NYY3	Serine/threonine-protein kinase PLK2	{'GO:0032486', 'GO:0005814', 'GO:0043008', 'GO:0010508', 'GO:0030330', 'GO:0071866', 'GO:0106310', 'GO:0005524', 'GO:0060292', 'GO:0005829', 'GO:0048167', 'GO:0043123', 'GO:0000785', 'GO:0045732', 'GO:0000922', 'GO:0010564', 'GO:0005737', 'GO:0016525', 'GO:0007613', 'GO:0005515', 'GO:0007052', 'GO:0043066', 'GO:0006468', 'GO:0030425', 'GO:0004672', 'GO:0046599', 'GO:0090050', 'GO:0002862', 'GO:0007265', 'GO:0060291', 'GO:0000776', 'GO:0005813', 'GO:0005634', 'GO:0000082', 'GO:0004674', 'GO:2000773'}
Q9NZJ0	Denticleless protein homolog	{'GO:0010971', 'GO:0006513', 'GO:0009411', 'GO:1901987', 'GO:0051726', 'GO:0045732', 'GO:0006511', 'GO:0030174', 'GO:0031465', 'GO:0005515', 'GO:0043161', 'GO:0007095', 'GO:0016567', 'GO:0031965', 'GO:0031464', 'GO:0030674', 'GO:0005694', 'GO:0004842', 'GO:0005813', 'GO:0005634', 'GO:0006974', 'GO:0019985', 'GO:0080008', 'GO:0005654', 'GO:0000209'}
Q9NZL3	Zinc finger protein 224	{'GO:0000122', 'GO:0006355', 'GO:0045892', 'GO:0001227', 'GO:0043565', 'GO:0005634', 'GO:0000976', 'GO:0017053', 'GO:0031965', 'GO:0005515', 'GO:0006357', 'GO:0005654'}
Q9NZP8	Complement C1r subcomponent-like protein	{'GO:0072562', 'GO:0004252', 'GO:0005576', 'GO:0070062', 'GO:0006508', 'GO:0031638'}
Q9NZU5	LIM and cysteine-rich domains protein 1	{'GO:0003714', 'GO:0000122', 'GO:0010611', 'GO:0008270', 'GO:0005634', 'GO:0005737', 'GO:0070886', 'GO:0005515', 'GO:0005654'}
Q9NZV7	Zinc finger imprinted 2	{'GO:0006355', 'GO:0008270', 'GO:0003700', 'GO:0005634', 'GO:0005515', 'GO:0006357'}
Q9P0J1	[Pyruvate dehydrogenase [acetyl-transferring]]-phosphatase 1, mitochondrial	{'GO:0045253', 'GO:0004722', 'GO:0140176', 'GO:0035970', 'GO:0005739', 'GO:0005759', 'GO:0005515', 'GO:0004741', 'GO:0043169'}
Q9P0J7	E3 ubiquitin-protein ligase KCMF1	{'GO:0070534', 'GO:0005770', 'GO:0141191', 'GO:0005829', 'GO:0061630', 'GO:0043161', 'GO:0005764', 'GO:1904813', 'GO:0140468', 'GO:0006511', 'GO:0008270', 'GO:0000151', 'GO:0016567', 'GO:0005737', 'GO:0005576', 'GO:0005515', 'GO:0070936', 'GO:0006979'}
Q9P0K1	Disintegrin and metalloproteinase domain-containing protein 22	{'GO:0050806', 'GO:0007417', 'GO:1904717', 'GO:0004222', 'GO:0006508', 'GO:0005515', 'GO:2000311', 'GO:0005886', 'GO:0030424', 'GO:0005178', 'GO:0098839', 'GO:0016020', 'GO:0098820', 'GO:0038023', 'GO:0008237', 'GO:0007162', 'GO:0051963'}
Q9P0L1	Zinc finger protein with KRAB and SCAN domains 7	{'GO:0000978', 'GO:0005829', 'GO:0006355', 'GO:0005634', 'GO:0000981', 'GO:0005515', 'GO:0006357'}
Q9P0N8	E3 ubiquitin-protein ligase MARCHF2	{'GO:0140367', 'GO:0000139', 'GO:0061630', 'GO:0005783', 'GO:0004842', 'GO:0044790', 'GO:0005886', 'GO:0005789', 'GO:0008270', 'GO:0016567', 'GO:0005737', 'GO:0005765', 'GO:0010008', 'GO:0031410', 'GO:0005515', 'GO:1905167', 'GO:0140374'}
Q9P0P0	E3 ubiquitin-protein ligase RNF181	{'GO:0061630', 'GO:0043161', 'GO:0004842', 'GO:0016567', 'GO:0005737', 'GO:0051865', 'GO:0005515'}
Q9P0T4	Zinc finger protein 581	{'GO:0000978', 'GO:0005634', 'GO:0003700', 'GO:0005515', 'GO:0006357'}
Q9P0V3	SH3 domain-binding protein 4	{'GO:0071230', 'GO:0007015', 'GO:0010508', 'GO:0031267', 'GO:0008285', 'GO:0007266', 'GO:0005905', 'GO:0034260', 'GO:0042802', 'GO:0005737', 'GO:0005515', 'GO:0032007', 'GO:0030308', 'GO:0070062', 'GO:0050790', 'GO:0030136', 'GO:0005092', 'GO:0005634', 'GO:0061462'}
Q9P107	GEM-interacting protein	{'GO:0005829', 'GO:0007264', 'GO:0035556', 'GO:0005096', 'GO:0007165', 'GO:0051056', 'GO:0005515', 'GO:0005654', 'GO:0051058'}
Q9P255	Zinc finger protein 492	{'GO:0000978', 'GO:0000122', 'GO:0006355', 'GO:0001227', 'GO:0005634', 'GO:0000981', 'GO:0006357'}
Q9P272	Probable tRNA methyltransferase 9B	{'GO:0005634', 'GO:0030488', 'GO:0005737', 'GO:0106335', 'GO:0008757', 'GO:0002098', 'GO:0008175', 'GO:0006400', 'GO:0000049'}
Q9P2F5	Storkhead-box protein 2	{'GO:0001893', 'GO:0000977', 'GO:0003700', 'GO:0005634', 'GO:0005737', 'GO:0006357', 'GO:0009792'}
Q9P2F9	Zinc finger protein 319	{'GO:0005515', 'GO:0000976', 'GO:0006357', 'GO:0005634'}
Q9P2J8	Zinc finger protein 624	{'GO:0000978', 'GO:0006355', 'GO:0005634', 'GO:0000981', 'GO:0005515', 'GO:0006357'}
Q9UBE8	Serine/threonine-protein kinase NLK	{'GO:0071470', 'GO:0000165', 'GO:0031625', 'GO:0018107', 'GO:0035556', 'GO:0106310', 'GO:0005524', 'GO:0050821', 'GO:0005829', 'GO:0000287', 'GO:0007165', 'GO:1904894', 'GO:0005737', 'GO:1904262', 'GO:0005515', 'GO:0030178', 'GO:0006468', 'GO:0140297', 'GO:0004672', 'GO:0033554', 'GO:0007179', 'GO:0042169', 'GO:0009966', 'GO:0006355', 'GO:0007223', 'GO:0005634', 'GO:0004674', 'GO:0004707', 'GO:0005654'}
Q9UBM4	Opticin	{'GO:0005201', 'GO:0061975', 'GO:0031012', 'GO:0140150', 'GO:0005576', 'GO:0030199', 'GO:0060348'}
Q9UBN6	Tumor necrosis factor receptor superfamily member 10D	{'GO:0140319', 'GO:0005886', 'GO:0016020', 'GO:0005515', 'GO:0045569', 'GO:0009986'}
Q9UBP4	Dickkopf-related protein 3	{'GO:0039706', 'GO:0030325', 'GO:0009653', 'GO:0045892', 'GO:0017015', 'GO:0048019', 'GO:0032348', 'GO:0090090', 'GO:2000065', 'GO:1902613', 'GO:0005576', 'GO:0005515', 'GO:0030178'}
Q9UBS8	E3 ubiquitin-protein ligase RNF14	{'GO:0061630', 'GO:0045893', 'GO:0050681', 'GO:0008270', 'GO:0072344', 'GO:0003713', 'GO:0060765', 'GO:0005829', 'GO:0060828', 'GO:0006511', 'GO:0007165', 'GO:0022626', 'GO:0005737', 'GO:0005515', 'GO:0006357', 'GO:0019787', 'GO:0016567', 'GO:0004842', 'GO:0006355', 'GO:0160127', 'GO:0030521', 'GO:0005634', 'GO:0000151', 'GO:0085020', 'GO:0031624', 'GO:0005654'}
Q9UBT6	DNA polymerase kappa	{'GO:0003677', 'GO:0006297', 'GO:0071897', 'GO:0090734', 'GO:0034644', 'GO:0005654', 'GO:0034061', 'GO:0005634', 'GO:0006281', 'GO:0003887', 'GO:0019985', 'GO:0005515', 'GO:0006974', 'GO:0042276', 'GO:0003684'}
Q9UBX5	Fibulin-5	{'GO:0042803', 'GO:0048251', 'GO:0016525', 'GO:0140144', 'GO:0045944', 'GO:0005515', 'GO:2000121', 'GO:0034394', 'GO:0031012', 'GO:0005509', 'GO:0098867', 'GO:0007160', 'GO:0005576', 'GO:0070062', 'GO:0046903', 'GO:0071953', 'GO:0033690', 'GO:0140149', 'GO:0000122', 'GO:0005178', 'GO:0030023'}
Q9UC06	Zinc finger protein 70	{'GO:0000977', 'GO:0005634', 'GO:0000981', 'GO:0005737', 'GO:0043076', 'GO:0005515', 'GO:0006357'}
Q9UC07	Zinc finger protein 69	{'GO:0000977', 'GO:0006355', 'GO:0005634', 'GO:0000981', 'GO:0042802', 'GO:0005515', 'GO:0006357'}
Q9UDR5	Alpha-aminoadipic semialdehyde synthase, mitochondrial	{'GO:0005829', 'GO:0003714', 'GO:0000122', 'GO:0047130', 'GO:0005634', 'GO:0005759', 'GO:0042393', 'GO:0005739', 'GO:0004754', 'GO:0047131', 'GO:0005737', 'GO:0019477', 'GO:0004753'}
Q9UDV7	Zinc finger protein 282	{'GO:0000978', 'GO:1990837', 'GO:0006355', 'GO:0045892', 'GO:0008270', 'GO:0003700', 'GO:0005634', 'GO:0005515'}
Q9UDY8	Mucosa-associated lymphoid tissue lymphoma translocation protein 1	{'GO:0004197', 'GO:0032991', 'GO:0031663', 'GO:0004175', 'GO:0030163', 'GO:0006952', 'GO:0032743', 'GO:0045087', 'GO:0005829', 'GO:0043123', 'GO:0051168', 'GO:0031398', 'GO:0042802', 'GO:0005737', 'GO:0005515', 'GO:0043066', 'GO:0043122', 'GO:0002096', 'GO:0002020', 'GO:0048471', 'GO:0032449', 'GO:0071222', 'GO:0051240', 'GO:0004842', 'GO:2000321', 'GO:0002699', 'GO:0002726', 'GO:0019209', 'GO:0005634', 'GO:0061133', 'GO:0032731', 'GO:0008233', 'GO:0042113', 'GO:0036094', 'GO:0050852', 'GO:0006508', 'GO:0042981', 'GO:0002824'}
Q9UEG4	Zinc finger protein 629	{'GO:0005634', 'GO:0000976', 'GO:0005515', 'GO:0006357', 'GO:0005654'}
Q9UFB7	Zinc finger and BTB domain-containing protein 47	{'GO:0000981', 'GO:0006357', 'GO:0005634', 'GO:0005515'}
Q9UGR2	Zinc finger CCCH domain-containing protein 7B	{'GO:0005515', 'GO:0003723', 'GO:0046872', 'GO:0005634', 'GO:0035196', 'GO:0035198', 'GO:0010608'}
Q9UGT4	Sushi domain-containing protein 2	{'GO:0005886', 'GO:0051782', 'GO:0070062', 'GO:1902807', 'GO:0005515'}
Q9UHC7	E3 ubiquitin-protein ligase makorin-1	{'GO:0005829', 'GO:0061630', 'GO:0003723', 'GO:0046872', 'GO:0016567', 'GO:0005515', 'GO:0000209'}
Q9UHF1	Epidermal growth factor-like protein 7	{'GO:0005102', 'GO:0001570', 'GO:0031012', 'GO:0005509', 'GO:0001568', 'GO:0005576', 'GO:0045746', 'GO:0005515', 'GO:0001938', 'GO:0009986'}
Q9UHI8	A disintegrin and metalloproteinase with thrombospondin motifs 1	{'GO:0004222', 'GO:0006508', 'GO:1904707', 'GO:0007229', 'GO:0031012', 'GO:1904754', 'GO:0008270', 'GO:0030198', 'GO:1900087', 'GO:0005604', 'GO:0008201', 'GO:0016525', 'GO:0031410', 'GO:0005515', 'GO:0008237', 'GO:0008285'}
Q9UHJ3	Scm-like with four MBT domains protein 1	{'GO:0003714', 'GO:0006355', 'GO:0045892', 'GO:0003682', 'GO:0005634', 'GO:0042393', 'GO:0005515', 'GO:0005654', 'GO:0048635'}
Q9UHK0	FMR1-interacting protein NUFIP1	{'GO:0006396', 'GO:0003723', 'GO:0032991', 'GO:0008023', 'GO:0042802', 'GO:0005726', 'GO:0045202', 'GO:0005515', 'GO:0045944', 'GO:0030515', 'GO:0048786', 'GO:0051117', 'GO:0005730', 'GO:0016363', 'GO:0030674', 'GO:0000492', 'GO:0070761', 'GO:0005634', 'GO:0005654'}
Q9UHR6	Zinc finger HIT domain-containing protein 2	{'GO:0005515'}
Q9UHX3	Adhesion G protein-coupled receptor E2	{'GO:0032587', 'GO:0004930', 'GO:0016477', 'GO:0005886', 'GO:0007166', 'GO:0031256', 'GO:0004888', 'GO:0005509', 'GO:0007186', 'GO:0016020', 'GO:0043304', 'GO:0035374', 'GO:0002376', 'GO:0005515', 'GO:0071621', 'GO:0007155'}
Q9UIE0	Zinc finger protein 230	{'GO:0006355', 'GO:0005515', 'GO:0005634', 'GO:0003700'}
Q9UIF7	Adenine DNA glycosylase	{'GO:0019104', 'GO:0034039', 'GO:0045007', 'GO:0006298', 'GO:0016798', 'GO:0006281', 'GO:0003677', 'GO:0006950', 'GO:0005515', 'GO:0032407', 'GO:0003824', 'GO:0051539', 'GO:0005739', 'GO:0006284', 'GO:0035485', 'GO:0060546', 'GO:0005634', 'GO:0032357', 'GO:0000701', 'GO:0005654'}
Q9UIH9	Krueppel-like factor 15	{'GO:0005654', 'GO:0032966', 'GO:0010468', 'GO:0000978', 'GO:0003677', 'GO:1990859', 'GO:0000785', 'GO:0072112', 'GO:0000981', 'GO:0045944', 'GO:0005515', 'GO:0006357', 'GO:0001228', 'GO:0016607', 'GO:1990837', 'GO:0000977', 'GO:0003700', 'GO:0071635', 'GO:0005634', 'GO:0000976', 'GO:0014898', 'GO:2000757'}
Q9UII5	Zinc finger protein 107	{'GO:0000122', 'GO:0005634', 'GO:0000976', 'GO:0005515', 'GO:0006357'}
Q9UIK5	Tomoregulin-2	{'GO:0044319', 'GO:0006950', 'GO:0030154', 'GO:0045720', 'GO:0016020', 'GO:0051497', 'GO:0005576', 'GO:0030336', 'GO:0005515'}
Q9UIS9	Methyl-CpG-binding domain protein 1	{'GO:0009410', 'GO:0045892', 'GO:0008270', 'GO:0140463', 'GO:0032355', 'GO:0003677', 'GO:0008327', 'GO:0000785', 'GO:0006346', 'GO:0031667', 'GO:0030182', 'GO:0045322', 'GO:0005515', 'GO:0010629', 'GO:0000118', 'GO:0006366', 'GO:0010385', 'GO:0016363', 'GO:1903925', 'GO:0005694', 'GO:0016607', 'GO:0042220', 'GO:0000122', 'GO:0003229', 'GO:0003682', 'GO:0005634', 'GO:0048712', 'GO:0005654', 'GO:0040029'}
Q9UJ78	Zinc finger MYM-type protein 5	{'GO:0005515', 'GO:0005634', 'GO:0000122', 'GO:0008270'}
Q9UJL9	Zinc finger protein 69 homolog B	{'GO:0000977', 'GO:0006355', 'GO:0005730', 'GO:0005634', 'GO:0000981', 'GO:0007030', 'GO:0005515', 'GO:0006357'}
Q9UJN7	Zinc finger protein 391	{'GO:0000977', 'GO:0006355', 'GO:0005634', 'GO:0000981', 'GO:0006357'}
Q9UJU3	Zinc finger protein 112	{'GO:0001650', 'GO:0006355', 'GO:0005634', 'GO:0000976', 'GO:0006357', 'GO:0005654'}
Q9UJV3	E3 ubiquitin-protein ligase MID2	{'GO:0061630', 'GO:0042803', 'GO:0044790', 'GO:0045893', 'GO:0010508', 'GO:0008270', 'GO:0008017', 'GO:0051219', 'GO:0003713', 'GO:0140374', 'GO:0035372', 'GO:0043123', 'GO:0046597', 'GO:0005874', 'GO:0042802', 'GO:0019899', 'GO:0005737', 'GO:0005515', 'GO:0005856', 'GO:0016567', 'GO:0070062', 'GO:0070936', 'GO:1902533'}
Q9UJV9	Probable ATP-dependent RNA helicase DDX41	{'GO:0003723', 'GO:0005524', 'GO:0003677', 'GO:0016887', 'GO:0005829', 'GO:0003729', 'GO:0005737', 'GO:0005515', 'GO:0005783', 'GO:0005681', 'GO:0140896', 'GO:0008283', 'GO:0016020', 'GO:0003724', 'GO:0000398', 'GO:0006915', 'GO:0030154', 'GO:0005634', 'GO:0003676', 'GO:0071013', 'GO:0005654'}
Q9UJW2	Tubulointerstitial nephritis antigen	{'GO:0005773', 'GO:0008234', 'GO:0004197', 'GO:0140149', 'GO:0000166', 'GO:0005604', 'GO:0140144', 'GO:0005576', 'GO:0006508', 'GO:0007155'}
Q9UJW7	Zinc finger protein 229	{'GO:0006355', 'GO:0005634', 'GO:0000976', 'GO:0005515', 'GO:0006357'}
Q9UJW8	Zinc finger protein 180	{'GO:0000977', 'GO:0006355', 'GO:0005634', 'GO:0000981', 'GO:0005515', 'GO:0006357'}
Q9UJY4	ADP-ribosylation factor-binding protein GGA2	{'GO:0006886', 'GO:0005802', 'GO:0030136', 'GO:0035091', 'GO:0034394', 'GO:0005794', 'GO:0043130', 'GO:0043001', 'GO:0031267', 'GO:0031901', 'GO:0016192', 'GO:0010008', 'GO:0006893', 'GO:0005515'}
Q9UK10	Zinc finger protein 225	{'GO:0000122', 'GO:0006355', 'GO:0001227', 'GO:0043565', 'GO:0005634', 'GO:0000976', 'GO:0005515', 'GO:0006357', 'GO:0005654'}
Q9UK12	Zinc finger protein 222	{'GO:0006355', 'GO:0045892', 'GO:0043565', 'GO:0005634', 'GO:0003700'}
Q9UK13	Zinc finger protein 221	{'GO:0000978', 'GO:1990837', 'GO:0000122', 'GO:0006355', 'GO:0001227', 'GO:0005634', 'GO:0000981', 'GO:0005515', 'GO:0006357', 'GO:0005654'}
Q9UK23	N-acetylglucosamine-1-phosphodiester alpha-N-acetylglucosaminidase	{'GO:0036211', 'GO:0033299', 'GO:0005794', 'GO:0032580', 'GO:0007040', 'GO:0006622', 'GO:0005975', 'GO:0016020', 'GO:0003944', 'GO:0005515'}
Q9UK53	Inhibitor of growth protein 1	{'GO:0000122', 'GO:0045893', 'GO:0030308', 'GO:1902455', 'GO:0140002', 'GO:1902459', 'GO:0005634', 'GO:0006325', 'GO:0070822', 'GO:0030336', 'GO:0030512', 'GO:0005515', 'GO:0008285'}
Q9UKA1	F-box/LRR-repeat protein 5	{'GO:0005829', 'GO:0004842', 'GO:0031146', 'GO:0055080', 'GO:0005634', 'GO:0098771', 'GO:0000151', 'GO:0016567', 'GO:0019005', 'GO:0006879', 'GO:0005515', 'GO:0048471', 'GO:0005506'}
Q9UKB1	F-box/WD repeat-containing protein 11	{'GO:0061630', 'GO:0045893', 'GO:0006470', 'GO:0005829', 'GO:0043123', 'GO:0006511', 'GO:0005737', 'GO:0005515', 'GO:0015630', 'GO:0043161', 'GO:0031146', 'GO:0016567', 'GO:1990756', 'GO:0000776', 'GO:0005813', 'GO:0005634', 'GO:0000151', 'GO:0019005', 'GO:0046983', 'GO:0005654', 'GO:0000209', 'GO:0042753'}
Q9UKF2	Disintegrin and metalloproteinase domain-containing protein 30	{'GO:0031902', 'GO:0004222', 'GO:0009897', 'GO:0005886', 'GO:0008584', 'GO:0008270', 'GO:0016020', 'GO:1990913', 'GO:0006508', 'GO:0008237'}
Q9UKF5	Disintegrin and metalloproteinase domain-containing protein 29	{'GO:0004222', 'GO:0009897', 'GO:1990913', 'GO:0005886', 'GO:0008584', 'GO:0016020', 'GO:0007283', 'GO:0006508', 'GO:0008237'}
Q9UKJ8	Disintegrin and metalloproteinase domain-containing protein 21	{'GO:0006508', 'GO:0004222', 'GO:0009897', 'GO:0005886', 'GO:0008584', 'GO:0007338', 'GO:0030424', 'GO:0016020', 'GO:1990913', 'GO:0005515', 'GO:0008237', 'GO:0043005', 'GO:0043025'}
Q9UKQ2	Disintegrin and metalloproteinase domain-containing protein 28	{'GO:0004222', 'GO:0005515', 'GO:0005886', 'GO:0005576', 'GO:0007283', 'GO:0006508', 'GO:0008237', 'GO:0034987', 'GO:0009986'}
Q9UKS7	Zinc finger protein Helios	{'GO:0000978', 'GO:0006355', 'GO:0003700', 'GO:0005634', 'GO:0005515', 'GO:0006357', 'GO:0005654'}
Q9UKT4	F-box only protein 5	{'GO:0010971', 'GO:0005654', 'GO:0070169', 'GO:0140678', 'GO:0019901', 'GO:0007346', 'GO:1905322', 'GO:0010997', 'GO:1904667', 'GO:0005829', 'GO:2000773', 'GO:0005819', 'GO:0045669', 'GO:0051444', 'GO:0032876', 'GO:0045835', 'GO:0045841', 'GO:0005737', 'GO:0005515', 'GO:0031146', 'GO:0007088', 'GO:0016567', 'GO:0006275', 'GO:0010948', 'GO:0008284', 'GO:0005634', 'GO:1990948', 'GO:0019005', 'GO:0006974', 'GO:0072687'}
Q9UKT9	Zinc finger protein Aiolos	{'GO:0005654', 'GO:0042803', 'GO:0043565', 'GO:1990841', 'GO:0000978', 'GO:0005829', 'GO:0030183', 'GO:0042802', 'GO:0005737', 'GO:0045619', 'GO:0005515', 'GO:0006357', 'GO:0045944', 'GO:0030217', 'GO:0001228', 'GO:0030888', 'GO:0045577', 'GO:0007498', 'GO:0046982', 'GO:0000977', 'GO:0003700', 'GO:0005634', 'GO:0042826', 'GO:0042981'}
Q9UKY1	Zinc fingers and homeoboxes protein 1	{'GO:0003677', 'GO:0000122', 'GO:0000785', 'GO:0045892', 'GO:0003700', 'GO:0005634', 'GO:0000981', 'GO:0046982', 'GO:0005515', 'GO:0006357', 'GO:0005654'}
Q9UL17	T-box transcription factor TBX21	{'GO:0002523', 'GO:0001708', 'GO:0045893', 'GO:0071548', 'GO:0045892', 'GO:0001227', 'GO:0043565', 'GO:0002296', 'GO:0032703', 'GO:0045580', 'GO:0000978', 'GO:0003677', 'GO:0000785', 'GO:2000320', 'GO:0000981', 'GO:0005737', 'GO:0005515', 'GO:0006357', 'GO:0009615', 'GO:0045944', 'GO:0001228', 'GO:0043161', 'GO:2000552', 'GO:2000329', 'GO:1990837', 'GO:0000122', 'GO:0006355', 'GO:0072676', 'GO:0003700', 'GO:2000556', 'GO:0005634', 'GO:0000976', 'GO:0043025'}
Q9UL59	Zinc finger protein 214	{'GO:0006355', 'GO:0008270', 'GO:0005634', 'GO:0003700', 'GO:0005654'}
Q9ULB5	Cadherin-7	{'GO:0005912', 'GO:0016477', 'GO:0044331', 'GO:0005886', 'GO:0008013', 'GO:0000902', 'GO:0005509', 'GO:0007043', 'GO:0016339', 'GO:0045296', 'GO:0098609', 'GO:0016342', 'GO:0016020', 'GO:0007156', 'GO:0034332', 'GO:0007155'}
Q9ULM2	Zinc finger protein 490	{'GO:0000978', 'GO:0006355', 'GO:0005634', 'GO:0000981', 'GO:0005515', 'GO:0006357'}
Q9ULT6	E3 ubiquitin-protein ligase ZNRF3	{'GO:0038018', 'GO:2000050', 'GO:2000095', 'GO:0061630', 'GO:0004842', 'GO:0060828', 'GO:0072089', 'GO:0006511', 'GO:0005886', 'GO:0060173', 'GO:0016567', 'GO:0090090', 'GO:2000051', 'GO:0005109', 'GO:0005515', 'GO:0030178'}
Q9ULV3	Cip1-interacting zinc finger protein	{'GO:0008270', 'GO:0005634', 'GO:0003676', 'GO:0005515', 'GO:0005654'}
Q9UM63	Zinc finger protein PLAGL1	{'GO:0000978', 'GO:0001228', 'GO:0003677', 'GO:0000977', 'GO:0000122', 'GO:0005515', 'GO:0002682', 'GO:0051726', 'GO:0001227', 'GO:0005634', 'GO:0001817', 'GO:0016604', 'GO:0045944', 'GO:0005654', 'GO:0006915'}
Q9UM82	Spermatogenesis-associated protein 2	{'GO:0030159', 'GO:0005829', 'GO:0050727', 'GO:1990381', 'GO:0005634', 'GO:0070536', 'GO:1990108', 'GO:0005737', 'GO:0060544', 'GO:0044877', 'GO:0007283', 'GO:0005515', 'GO:0010803'}
Q9UMF0	Intercellular adhesion molecule 5	{'GO:0005886', 'GO:0033631', 'GO:0031259', 'GO:0098609', 'GO:0098978', 'GO:0051963', 'GO:0007165', 'GO:0005515', 'GO:0007156', 'GO:0007155', 'GO:0051289', 'GO:0098794', 'GO:0016020', 'GO:0007159', 'GO:0005576', 'GO:0032591', 'GO:0007158', 'GO:0001931', 'GO:0048018', 'GO:0042995', 'GO:0005178'}
Q9UNA0	A disintegrin and metalloproteinase with thrombospondin motifs 5	{'GO:0120163', 'GO:0004222', 'GO:0008270', 'GO:0004175', 'GO:0050840', 'GO:0030198', 'GO:0042802', 'GO:0003203', 'GO:0005515', 'GO:0003184', 'GO:0031012', 'GO:0008201', 'GO:0003180', 'GO:0005576', 'GO:0008237', 'GO:0005178', 'GO:0008233', 'GO:0005788', 'GO:0006508', 'GO:0022617', 'GO:0007520'}
Q9UNE0	Tumor necrosis factor receptor superfamily member EDAR	{'GO:0019221', 'GO:0043123', 'GO:0045177', 'GO:0005886', 'GO:0004888', 'GO:0046330', 'GO:0016020', 'GO:0008544', 'GO:0005515', 'GO:0038023'}
Q9UNI6	Dual specificity protein phosphatase 12	{'GO:0005829', 'GO:0004721', 'GO:0036211', 'GO:0004722', 'GO:0019900', 'GO:0008270', 'GO:0005634', 'GO:0016791', 'GO:0008138', 'GO:0005737', 'GO:0005515', 'GO:0005654', 'GO:0004725', 'GO:0016311'}
Q9UNL4	Inhibitor of growth protein 4	{'GO:0045893', 'GO:0045892', 'GO:0043995', 'GO:0045926', 'GO:0008285', 'GO:0003713', 'GO:0000123', 'GO:0051726', 'GO:0006338', 'GO:0140002', 'GO:2000278', 'GO:0005515', 'GO:1902749', 'GO:0043997', 'GO:0001558', 'GO:0006325', 'GO:0140889', 'GO:0043065', 'GO:0006355', 'GO:0005634', 'GO:0006473', 'GO:0043996', 'GO:0036408', 'GO:0005654', 'GO:0043517'}
Q9UP79	A disintegrin and metalloproteinase with thrombospondin motifs 8	{'GO:0008285', 'GO:0004222', 'GO:0031012', 'GO:0008270', 'GO:0030198', 'GO:0005178', 'GO:0055085', 'GO:0006508', 'GO:0008237', 'GO:0009673'}
Q9UPG8	Zinc finger protein PLAGL2	{'GO:0001228', 'GO:0045944', 'GO:0043565', 'GO:0003700', 'GO:0005634', 'GO:0000981', 'GO:0005515', 'GO:0006357'}
Q9UPT5	Exocyst complex component 7	{'GO:0005886', 'GO:0032584', 'GO:0005815', 'GO:0000145', 'GO:0005829', 'GO:0016241', 'GO:0032154', 'GO:2000535', 'GO:0005515', 'GO:0034451', 'GO:1903438', 'GO:0016020', 'GO:0000281', 'GO:0006887', 'GO:0030674', 'GO:1903441', 'GO:0090148', 'GO:0090543', 'GO:0030496', 'GO:0036064', 'GO:0005546'}
Q9UPW0	Forkhead box protein J3	{'GO:0000978', 'GO:0001228', 'GO:1990837', 'GO:0000785', 'GO:0006355', 'GO:0045944', 'GO:0043565', 'GO:0003700', 'GO:0005634', 'GO:0000981', 'GO:0007141', 'GO:0007283', 'GO:0005515', 'GO:0006357'}
Q9Y215	Acetylcholinesterase collagenic tail peptide	{'GO:0005201', 'GO:0035418', 'GO:0031012', 'GO:0030198', 'GO:0005604', 'GO:0043083', 'GO:0008201', 'GO:0140144', 'GO:0005576', 'GO:0045202', 'GO:0005515', 'GO:0001507', 'GO:0031594', 'GO:0032223', 'GO:0060090'}
Q9Y2G7	Zinc finger protein 30 homolog	{'GO:0000978', 'GO:0006355', 'GO:0005634', 'GO:0000981', 'GO:0006357'}
Q9Y2H0	Disks large-associated protein 4	{'GO:0098981', 'GO:0005886', 'GO:0023052', 'GO:0099010', 'GO:0099572', 'GO:0098978', 'GO:0016020', 'GO:0050804', 'GO:0045202', 'GO:0005515', 'GO:0090128', 'GO:0031594', 'GO:0060090'}
Q9Y2H8	Zinc finger protein 510	{'GO:0006355', 'GO:0000981', 'GO:0006357', 'GO:0005634'}
Q9Y2I2	Netrin-G1	{'GO:0099560', 'GO:2001222', 'GO:0005886', 'GO:0048787', 'GO:0098632', 'GO:0098685', 'GO:0050839', 'GO:0098978', 'GO:0140144', 'GO:0005576', 'GO:0010975', 'GO:0050804', 'GO:0150011', 'GO:0005515', 'GO:0007409'}
Q9Y2K1	Zinc finger and BTB domain-containing protein 1	{'GO:0005654', 'GO:0042803', 'GO:0042789', 'GO:0001227', 'GO:0048538', 'GO:0006281', 'GO:2000176', 'GO:0045582', 'GO:0000978', 'GO:0002682', 'GO:0006338', 'GO:0002711', 'GO:0051260', 'GO:0001817', 'GO:0016604', 'GO:0005515', 'GO:0034644', 'GO:0046982', 'GO:0070530', 'GO:0032825', 'GO:0000122', 'GO:0005634', 'GO:0019985', 'GO:0006974'}
Q9Y2L8	Zinc finger protein with KRAB and SCAN domains 5	{'GO:0000978', 'GO:0006355', 'GO:0008270', 'GO:0003700', 'GO:0000981', 'GO:0005634', 'GO:0005515', 'GO:0006357'}
Q9Y2P0	Zinc finger protein 835	{'GO:0000978', 'GO:0006355', 'GO:0003700', 'GO:0005634', 'GO:0005515', 'GO:0006357'}
Q9Y2P7	Zinc finger protein 256	{'GO:0000978', 'GO:0006355', 'GO:0045892', 'GO:0005634', 'GO:0000981', 'GO:0005515', 'GO:0006357', 'GO:0005654'}
Q9Y2Q1	Zinc finger protein 257	{'GO:0000978', 'GO:0006355', 'GO:0005634', 'GO:0000981', 'GO:0006357'}
Q9Y2T1	Axin-2	{'GO:0003183', 'GO:0031625', 'GO:0070411', 'GO:0032423', 'GO:0071549', 'GO:0008104', 'GO:0005886', 'GO:0019901', 'GO:0032991', 'GO:0090090', 'GO:0060070', 'GO:0032436', 'GO:0008285', 'GO:0060090', 'GO:0005829', 'GO:0008013', 'GO:0045600', 'GO:0019899', 'GO:0005737', 'GO:0048468', 'GO:0005515', 'GO:0030178', 'GO:0048255', 'GO:0030877', 'GO:0043161', 'GO:1903053', 'GO:0003180', 'GO:0010718', 'GO:0048545', 'GO:0070602', 'GO:0005813', 'GO:0005634', 'GO:0009950', 'GO:0042476', 'GO:0043570'}
Q9Y2W3	Proton-associated sugar transporter A	{'GO:0022857', 'GO:1904659', 'GO:0015757', 'GO:0008506', 'GO:0170063', 'GO:0005356', 'GO:0015517', 'GO:0055085', 'GO:0016020', 'GO:0005765', 'GO:0015770', 'GO:0015149'}
Q9Y2X9	Zinc finger protein 281	{'GO:0000978', 'GO:1990837', 'GO:0005654', 'GO:0000122', 'GO:0045893', 'GO:0006355', 'GO:0045892', 'GO:0001227', 'GO:0043565', 'GO:0048863', 'GO:0003700', 'GO:0010172', 'GO:0000981', 'GO:0000976', 'GO:0005634', 'GO:0005515', 'GO:0010629'}
Q9Y2Y1	DNA-directed RNA polymerase III subunit RPC10	{'GO:0005829', 'GO:0005654', 'GO:0006384', 'GO:0006386', 'GO:0005666', 'GO:0006351', 'GO:0008270', 'GO:0005634', 'GO:0003676', 'GO:0006383', 'GO:0005515', 'GO:0003899'}
Q9Y314	Nitric oxide synthase-interacting protein	{'GO:0043086', 'GO:0005829', 'GO:0046209', 'GO:0000139', 'GO:0140313', 'GO:0061630', 'GO:0003723', 'GO:0005634', 'GO:0015629', 'GO:0005737', 'GO:0005515', 'GO:0005654', 'GO:0051001', 'GO:0045428'}
Q9Y330	Zinc finger and BTB domain-containing protein 12	{'GO:0000978', 'GO:1990837', 'GO:0000122', 'GO:0002682', 'GO:0001227', 'GO:0005634', 'GO:0001817', 'GO:0005515', 'GO:0005654'}
Q9Y385	Ubiquitin-conjugating enzyme E2 J1	{'GO:0000836', 'GO:0031625', 'GO:1904153', 'GO:0036503', 'GO:0005789', 'GO:0061631', 'GO:0016567', 'GO:0005515', 'GO:0006487', 'GO:0000209'}
Q9Y3M9	Zinc finger protein 337	{'GO:0000977', 'GO:0006355', 'GO:0005634', 'GO:0000981', 'GO:0005515', 'GO:0006357'}
Q9Y3Q7	Disintegrin and metalloproteinase domain-containing protein 18	{'GO:0004222', 'GO:0007339', 'GO:0005886', 'GO:0008584', 'GO:0016020', 'GO:0007283', 'GO:0006508', 'GO:0008237', 'GO:0007155'}
Q9Y458	T-box transcription factor TBX22	{'GO:0000978', 'GO:0003677', 'GO:1990837', 'GO:0001708', 'GO:0000977', 'GO:0000122', 'GO:0045893', 'GO:0006355', 'GO:0000785', 'GO:0045892', 'GO:0003700', 'GO:0005634', 'GO:0000981', 'GO:0005515', 'GO:0006357'}
Q9Y473	Zinc finger protein 175	{'GO:0005829', 'GO:0001228', 'GO:0000977', 'GO:0000122', 'GO:0006355', 'GO:0005730', 'GO:0045944', 'GO:0001227', 'GO:0043565', 'GO:0003700', 'GO:0005634', 'GO:0005737', 'GO:0031981', 'GO:0005515'}
Q9Y4I5	Tesmin	{'GO:0030003', 'GO:0006355', 'GO:0046872', 'GO:0007140', 'GO:0005634', 'GO:0005737', 'GO:0010038', 'GO:0007283', 'GO:0005515'}
Q9Y4K3	TNF receptor-associated factor 6	{'GO:0061630', 'GO:0043422', 'GO:0071345', 'GO:0032991', 'GO:0031663', 'GO:0098978', 'GO:0001843', 'GO:0035631', 'GO:0034142', 'GO:0038173', 'GO:0002726', 'GO:0005634', 'GO:0000151', 'GO:0031234', 'GO:0008270', 'GO:0010008', 'GO:0033209', 'GO:0045453', 'GO:0009898', 'GO:0098696', 'GO:0002753', 'GO:0034450', 'GO:0005938', 'GO:0016567', 'GO:0002755', 'GO:0023035', 'GO:0048471', 'GO:0038061', 'GO:0000122', 'GO:0004842', 'GO:0051865', 'GO:0050852', 'GO:0042981', 'GO:0097400', 'GO:0005886', 'GO:0035591', 'GO:0034162', 'GO:0045087', 'GO:0032743', 'GO:0005829', 'GO:0043123', 'GO:0031398', 'GO:0046330', 'GO:0019899', 'GO:0005737', 'GO:1904996', 'GO:0005515', 'GO:0070534', 'GO:0043122', 'GO:0141124', 'GO:0031666', 'GO:0141198', 'GO:0070555', 'GO:0030674', 'GO:0005164', 'GO:0070498', 'GO:0032481', 'GO:0031624', 'GO:0045672', 'GO:0007249', 'GO:0045892', 'GO:0000045', 'GO:0030316', 'GO:0140374', 'GO:0007165', 'GO:0042802', 'GO:0034138', 'GO:0045944', 'GO:0002223', 'GO:0042102', 'GO:0035666', 'GO:0005811', 'GO:0071222', 'GO:0046849', 'GO:0038172', 'GO:1901701', 'GO:0038095', 'GO:0042826', 'GO:0000209'}
Q9Y4X5	E3 ubiquitin-protein ligase ARIH1	{'GO:0031625', 'GO:0061630', 'GO:0008270', 'GO:0031463', 'GO:0005829', 'GO:0006511', 'GO:0046872', 'GO:0005737', 'GO:0016604', 'GO:0097413', 'GO:0015030', 'GO:0005515', 'GO:0061662', 'GO:0031462', 'GO:0019787', 'GO:0016567', 'GO:0031464', 'GO:0039585', 'GO:0004842', 'GO:0005634', 'GO:0000151', 'GO:0019005', 'GO:0031624', 'GO:0005654'}
Q9Y508	E3 ubiquitin-protein ligase RNF114	{'GO:0005829', 'GO:0061630', 'GO:0006511', 'GO:0005634', 'GO:0016567', 'GO:0005737', 'GO:0005515', 'GO:0000209'}
Q9Y561	Low-density lipoprotein receptor-related protein 12	{'GO:0005041', 'GO:0005886', 'GO:0006897', 'GO:0007165', 'GO:0005178', 'GO:0031175', 'GO:0040008', 'GO:0016020', 'GO:0016192', 'GO:0005515', 'GO:0001764'}
Q9Y577	E3 ubiquitin-protein ligase TRIM17	{'GO:0061630', 'GO:0005764', 'GO:0004842', 'GO:0008270', 'GO:0016567', 'GO:0006914', 'GO:0032880', 'GO:0051865', 'GO:0005737', 'GO:0030674', 'GO:0005515', 'GO:0045087', 'GO:0010468'}
Q9Y5A6	Zinc finger and SCAN domain-containing protein 21	{'GO:0000978', 'GO:0003677', 'GO:0001228', 'GO:0045893', 'GO:0006355', 'GO:0045944', 'GO:0005634', 'GO:0000981', 'GO:0007141', 'GO:0007283', 'GO:0005515', 'GO:0006357'}
Q9Y5R5	Doublesex- and mab-3-related transcription factor 2	{'GO:0000978', 'GO:0003690', 'GO:0001228', 'GO:0000977', 'GO:0000785', 'GO:0006355', 'GO:0045944', 'GO:0043565', 'GO:0005634', 'GO:0000981', 'GO:0042802', 'GO:0005515', 'GO:0006357', 'GO:0007548'}
Q9Y5W5	Wnt inhibitory factor 1	{'GO:0005102', 'GO:0017147', 'GO:0007165', 'GO:0005576', 'GO:0005515', 'GO:0030178', 'GO:0009986'}
Q9Y5Y6	Suppressor of tumorigenicity 14 protein	{'GO:0030216', 'GO:0009897', 'GO:0048513', 'GO:0005886', 'GO:0030855', 'GO:0004252', 'GO:0016020', 'GO:0016485', 'GO:0005576', 'GO:0006508', 'GO:0008236'}
Q9Y603	Transcription factor ETV7	{'GO:1990837', 'GO:0000977', 'GO:0000122', 'GO:0006366', 'GO:0006355', 'GO:0030154', 'GO:0000785', 'GO:0001227', 'GO:0043565', 'GO:0003700', 'GO:0005634', 'GO:0000981', 'GO:0009887', 'GO:0005515', 'GO:0006357', 'GO:0005654'}
Q9Y620	DNA repair and recombination protein RAD54B	{'GO:0016887', 'GO:0000724', 'GO:1901797', 'GO:0007131', 'GO:0008094', 'GO:0035825', 'GO:0005634', 'GO:0005524', 'GO:0030674', 'GO:0005515', 'GO:0035861', 'GO:0005654', 'GO:0015616'}
Q9Y6M5	Proton-coupled zinc antiporter SLC30A1	{'GO:0000139', 'GO:0006829', 'GO:0005886', 'GO:0005789', 'GO:0061003', 'GO:0098839', 'GO:0099092', 'GO:0031410', 'GO:0090281', 'GO:0014069', 'GO:0099573', 'GO:0012506', 'GO:1902495', 'GO:0019855', 'GO:0071584', 'GO:0098685', 'GO:0005737', 'GO:0070509', 'GO:0005515', 'GO:0006882', 'GO:0140826', 'GO:0071577', 'GO:0030425', 'GO:0005385', 'GO:0005783', 'GO:0030315', 'GO:0140882', 'GO:0055085', 'GO:0006825', 'GO:0016020', 'GO:0031965', 'GO:0046929', 'GO:0006812', 'GO:0015368', 'GO:0006874', 'GO:0062111', 'GO:0070574', 'GO:0071585', 'GO:0016323', 'GO:0070588', 'GO:0005794', 'GO:0140828', 'GO:0042742', 'GO:0006816', 'GO:0030659', 'GO:1902897', 'GO:0010312', 'GO:0008324'}
Q9Y6Q2	Stonin-1	{'GO:0005829', 'GO:0072583', 'GO:0035615', 'GO:0031252', 'GO:0030122', 'GO:0006897', 'GO:0048488', 'GO:0030100', 'GO:0005905', 'GO:0005737', 'GO:0008021', 'GO:0016020', 'GO:0140312'}
Q9Y6Q3	Zinc finger protein 37 homolog	{'GO:1990837', 'GO:0000977', 'GO:0006355', 'GO:0008270', 'GO:0003700', 'GO:0000981', 'GO:0005634', 'GO:0006357'}
Q9Y6Q6	Tumor necrosis factor receptor superfamily member 11A	{'GO:0005886', 'GO:0034224', 'GO:0071812', 'GO:0002250', 'GO:0002548', 'GO:0034612', 'GO:0002376', 'GO:0030316', 'GO:0009612', 'GO:0009986', 'GO:0043123', 'GO:0072674', 'GO:0033209', 'GO:0045780', 'GO:0004888', 'GO:0007165', 'GO:0070374', 'GO:0060086', 'GO:0046330', 'GO:0045121', 'GO:0032496', 'GO:0019955', 'GO:0005515', 'GO:0045471', 'GO:0009897', 'GO:1901224', 'GO:0070555', 'GO:0001503', 'GO:0007267', 'GO:0016020', 'GO:0038023', 'GO:0008284', 'GO:0032868', 'GO:0005031', 'GO:0045672'}
Q9Y6R6	Zinc finger protein 780B	{'GO:0000978', 'GO:0001228', 'GO:1990837', 'GO:0006355', 'GO:0005634', 'GO:0045944', 'GO:0006357'}
