Accession_number	Start	End
A6NGW2	315	361
A6NGW2	494	525
A6NGW2	1425	1480
O43827	110	133
O75093	19	58
O75093	241	306
O75093	460	545
O75093	704	753
O75093	886	1164
O75093	1330	1532
O75678	77	160
P01135	58	92
P04275	187	392
P04275	518	750
P04275	761	863
P04275	1013	1263
P04275	1900	1954
P04275	2156	2587
P04275	2614	2812
Q05329	44	91
Q13018	1208	1248
Q14585	76	487
Q15818	27	80
Q16394	87	104
Q53EZ4	440	463
Q5T0L3	56	142
Q5VWG9	856	917
Q6UWY2	204	230
Q6ZMT1	104	171
Q6ZMT1	371	410
Q7Z7K2	148	321
Q7Z7K2	349	392
Q7Z7K2	426	563
Q8IWV7	98	182
Q8IWV7	572	601
Q8IWV7	1088	1149
Q8IXZ3	330	433
Q8IZ63	75	91
Q8IZJ1	253	339
Q8NAF0	211	244
Q8NAF0	267	320
Q8NAF0	381	468
Q8WWI1	593	648
Q8WWI1	1631	1682
Q9BRZ2	1	232
Q9BRZ2	342	369
Q9BRZ2	485	529
Q9C0I4	71	92
Q9C0I4	123	264
Q9C0I4	304	899
Q9NRY6	94	174
Q9P203	615	643
Q9UL59	212	603
D6RCP7	79	131
O00411	153	193
O43915	107	343
O94832	960	998
P06858	287	319
P49720	1	20
P78424	507	530
Q09MP3	36	79
Q09MP3	312	380
Q09MP3	693	720
Q09MP3	762	832
Q12802	1799	1842
Q15723	460	485
Q53GD3	399	420
Q5I0X7	34	60
Q5TC79	385	458
Q6ZUB1	290	325
Q6ZUB1	1348	1374
Q8N823	67	124
Q8N823	228	703
Q8WTW3	622	642
Q92918	594	621
Q92918	803	821
Q92954	21	109
Q96C00	384	438
Q96LP6	11	121
Q96QE4	515	554
Q96QE4	734	762
Q9BYR6	0	97
Q9H2C1	24	133
Q9HCI6	55	112
Q9NQ11	286	366
Q9NQ11	874	910
Q9NZV7	325	412
Q9NZV7	442	526
Q9UK11	143	481
Q9Y297	1	136
A8MVZ5	141	197
O00451	28	87
O00451	145	359
O14545	0	142
O14545	239	304
O75969	686	713
O95274	23	62
O95274	107	233
P0DH78	15	87
P24278	231	258
P24278	327	414
P25445	40	191
Q01955	1598	1669
Q13114	34	110
Q13114	137	266
Q13118	372	462
Q14957	418	448
Q14957	1103	1179
Q15878	252	286
Q2TV78	42	250
Q2TV78	289	318
Q2TV78	350	392
Q2TV78	640	666
Q2WGJ6	503	580
Q5VVW2	441	488
Q659A1	882	923
Q6PEW0	202	221
Q7Z4F1	147	193
Q7Z4F1	312	430
Q86UF1	170	204
Q8NBB4	310	339
Q8NCW6	543	607
Q8TAS1	27	63
Q8TC92	59	143
Q8WXS8	406	424
Q8WXS8	463	742
Q8WXS8	861	1100
Q96L91	2385	2430
Q96NJ3	222	587
Q9BY79	273	310
Q9BY79	419	474
Q9BY79	527	572
Q9P2E3	1255	1575
Q9P2E3	1854	1893
Q9Y6Q9	206	284
A0A1B0GUW6	96	136
A5YM72	217	266
A8MWY0	54	142
A8MWY0	285	437
A8MWY0	457	476
A8MWY0	594	677
O00222	506	573
O60309	823	864
O60309	1042	1073
O75078	140	212
O75078	420	592
O75078	656	715
P16615	324	356
P16615	487	525
P43268	265	330
P55285	577	603
P55773	39	92
P98073	182	218
P98073	926	999
P98164	20	376
P98164	967	1425
P98164	2010	2038
P98164	2329	2378
P98164	2625	3199
P98164	3464	4056
P98164	4336	4425
Q03426	318	395
Q14865	225	250
Q14865	616	660
Q15031	471	520
Q5H8A4	263	283
Q5H8A4	602	629
Q6UXB8	113	207
Q86YH2	290	485
Q8N4C7	276	293
Q8TEB1	130	147
Q96A70	428	456
Q99675	265	323
Q9BV97	173	285
Q9UHB6	412	469
Q9UJJ9	125	155
Q9UKV0	636	664
Q9Y2H8	131	270
Q9Y2H8	397	682
Q9Y5Y6	449	624
A2VDJ0	1559	1608
A6NCL7	257	307
A6NCL7	318	343
A6NCW7	81	125
P26436	180	264
P36269	36	54
P55055	78	165
P78386	3	126
Q07954	23	200
Q07954	462	523
Q07954	792	1254
Q07954	1530	1555
Q07954	1839	1899
Q07954	2153	2188
Q07954	2468	3023
Q07954	3286	3866
Q07954	4146	4407
Q13535	508	524
Q15366	217	238
Q15366	278	308
Q3BBV2	637	671
Q5VV67	1603	1659
Q6P9F0	396	438
Q6P9F0	460	565
Q6PK81	183	440
Q6ZVN8	21	48
Q6ZVN8	77	125
Q6ZVN8	143	169
Q76I76	1253	1297
Q7RTV3	157	253
Q8IZ73	487	508
Q8NEC7	573	627
Q8NG08	49	73
Q8NG08	451	484
Q8NG08	741	798
Q8WUM9	392	419
Q9BYW3	18	82
Q9H5I1	0	25
Q9H5I1	221	247
Q9H5I1	375	409
Q9HCU4	38	143
Q9HCU4	1227	1368
Q9HCU4	1560	1621
Q9HCU4	1742	1774
Q9HCU4	1785	2019
Q9P2D3	1011	1040
Q9UH90	5	146
Q9UMW8	218	243
Q9Y252	618	644
Q9Y252	658	684
A0ABB0MV19	554	581
A0ABB0MV19	593	611
A8MQ14	211	1089
O43155	621	652
O43291	66	98
O43291	121	196
O60242	215	245
O60242	296	556
O60242	831	851
O60242	1059	1096
O60242	1162	1225
O94911	950	976
O95487	538	579
P02748	34	192
P15391	147	203
P20155	29	83
P20774	58	117
Q06730	157	183
Q06730	239	778
Q06732	205	777
Q0VG06	183	217
Q0VG06	338	455
Q0VG06	485	512
Q0VG06	588	702
Q0VGE8	191	650
Q12918	173	224
Q13115	36	64
Q13115	142	195
Q2QGD7	176	449
Q5SVZ6	12	309
Q5SVZ6	444	500
Q5VWM6	446	473
Q5W0U4	21	60
Q6S9Z5	83	128
Q6S9Z5	159	188
Q6S9Z5	210	257
Q6S9Z5	280	309
Q6ZMQ8	487	542
Q86X10	500	525
Q86X10	1216	1235
Q8IVF1	61	134
Q8NER5	15	41
Q8NER5	63	118
Q8NHL6	146	183
Q8NHL6	379	410
Q8TDY4	341	371
Q8TDY4	426	452
Q8TER0	271	920
Q8TER0	1308	1372
Q9BRP4	0	46
Q9H6E5	5	45
Q9H6E5	538	585
Q9H9J4	89	154
Q9H9J4	278	306
Q9HBE5	288	321
Q9HBE5	364	397
Q9NRE2	173	245
Q9NRE2	259	302
Q9NRE2	357	421
Q9NRE2	999	1021
Q9UBS8	307	357
Q9UBS8	391	470
C9JVI0	79	131
D6RBQ6	79	131
O15014	250	266
O15014	289	316
O15528	103	125
P07327	92	130
P0C7U3	108	156
P25940	208	228
P25940	1516	1551
P56715	1237	1321
P56715	2090	2117
Q08357	369	449
Q5VW22	437	492
Q76L83	1392	1434
Q7Z6R9	116	147
Q7Z6R9	178	222
Q96CS7	33	72
Q9H8J5	39	145
Q9NQ32	233	304
Q9NQR9	90	116
Q9NRR2	181	265
Q9UIB8	176	211
Q9UKG1	303	389
Q9UMS6	89	139
Q9Y5U5	35	149
A0A096LP49	715	732
A0A096LP49	745	823
A0A1B0GTH6	406	512
A0A5A2	97	113
O00548	31	70
O00548	182	527
O00755	123	141
O00755	195	223
O00755	240	348
O15537	26	86
O43866	57	120
O43866	169	246
O43866	264	346
O75095	107	456
O75095	502	1504
P01871	0	28
P01871	65	120
P01871	273	336
P57682	259	344
Q13117	189	212
Q14584	80	547
Q15139	180	199
Q15139	287	328
Q15910	272	338
Q15910	491	614
Q2KHN1	6	168
Q68CJ9	134	235
Q6ZMP0	287	341
Q6ZMP0	368	414
Q6ZMP0	627	1017
Q6ZWJ8	77	664
Q6ZWJ8	683	1221
Q6ZWJ8	1337	1546
Q86UE6	501	521
Q86XK2	850	903
Q8IU81	493	583
Q96EX2	362	388
Q96GW7	642	711
Q9BUA6	42	96
Q9BYD5	0	74
Q9UBX7	166	266
Q9Y2G3	388	429
Q9Y2G3	496	520
Q9Y2G3	1098	1156
A0A2U3TZM8	40	106
A8MUK1	79	131
P22304	154	185
Q01973	58	84
Q01973	210	253
Q01973	273	394
Q05707	1401	1456
Q09327	159	176
Q14315	189	220
Q14315	611	628
Q14315	1000	1121
Q15813	129	158
Q16671	68	123
Q38SD2	58	83
Q38SD2	1151	1206
Q4G163	625	684
Q4KMG0	1102	1132
Q5D0E6	261	282
Q5UE93	618	650
Q5W111	0	18
Q86YW7	24	129
Q8NBT3	124	145
Q96SM3	150	172
Q96T88	285	382
Q96T88	400	420
Q96T88	480	546
Q96T88	728	776
Q9BTC0	258	326
Q9BTC0	386	431
Q9HC10	766	795
Q9HC10	1245	1290
Q9NRX5	3	30
Q9P244	366	394
Q9ULH4	0	21
A6NCL1	0	30
O15244	45	125
O75326	479	537
O75326	552	626
O94956	472	507
P07204	171	477
P09543	405	420
P0CH99	122	299
P15289	156	181
P15289	472	505
Q12769	10	46
Q13822	46	162
Q16515	318	378
Q5K651	146	171
Q6ZN32	203	245
Q6ZN32	281	308
Q7Z407	459	504
Q7Z407	1750	1776
Q7Z407	2905	2930
Q7Z407	3014	3121
Q7Z407	3333	3371
Q7Z4I7	117	201
Q8TBP0	697	725
Q9HBH9	211	234
Q9HBH9	299	316
Q9UL17	328	357
Q9UPT8	390	490
P00519	0	37
P01733	93	109
P16471	593	620
Q00532	297	355
Q03923	90	589
Q13888	267	394
Q15283	724	753
Q3YBR2	240	264
Q3YBR2	317	342
Q60I27	566	656
Q6IPT4	16	43
Q8N8U9	6	62
Q8N8U9	527	684
Q8WYQ5	72	111
Q8WYQ5	143	164
Q8WYQ5	649	671
Q96LM9	8	25
Q96LM9	35	58
Q96N67	65	111
Q96P44	404	445
Q99784	52	101
Q9BZR9	0	191
Q9BZR9	461	488
Q9HCL3	163	532
Q9NSD7	189	211
Q9UHA3	0	44
Q9UI42	236	281
A8MT70	109	161
C9JJH3	80	123
O43187	458	509
O43307	71	101
O75094	32	60
O75094	250	303
O75094	457	527
O75094	691	745
O75094	880	1144
O75094	1291	1522
O75820	135	625
O95868	12	118
P01178	9	124
P0C7V9	0	29
P11926	428	460
P51693	56	215
Q01538	618	643
Q01538	778	857
Q13129	650	738
Q13129	930	987
Q13129	1172	1223
Q13129	1301	1497
Q13129	1520	1602
Q14573	2401	2456
Q14953	131	211
Q5T1R4	190	245
Q5T1R4	635	674
Q5T1R4	1614	1640
Q5T1R4	1732	1818
Q63HN1	70	117
Q6NSW7	213	300
Q6ZP01	321	483
Q7RTS6	428	460
Q86Z20	246	302
Q86Z20	462	494
Q8NB50	136	347
Q8NB50	358	876
Q8WWB7	239	259
Q8WWW0	117	186
Q93052	397	462
Q93052	568	595
Q93084	326	353
Q93084	484	549
Q93084	559	577
Q96F81	68	159
Q96F81	324	353
Q96F81	1250	1323
Q96F81	1459	1523
Q9BXK1	128	207
Q9BY15	17	109
Q9C0C7	287	318
Q9H0W7	26	101
Q9P055	0	54
Q9Y442	92	159
O14867	130	181
O14867	456	476
O43189	90	145
P05160	61	96
P05160	114	182
P05160	261	353
P05160	507	525
P14210	55	94
P14210	109	453
P14210	645	680
P35030	47	86
P43694	203	310
P50851	2011	2029
Q15057	395	427
Q15057	698	713
Q16760	178	210
Q16760	237	260
Q3SXZ3	89	476
Q6NUS6	90	109
Q7Z2T5	154	251
Q7Z5L0	140	201
Q86YR6	23	124
Q8NCT3	191	234
Q8WTQ7	98	144
Q8WTU2	110	139
Q8WTU2	268	306
Q8WTU2	378	452
Q8WTU2	509	568
Q9BX93	96	134
Q9ULV1	117	169
O43240	222	245
O76015	30	122
O76015	407	455
O76031	99	119
O94889	224	277
P0C7I0	80	128
P35713	348	383
P35789	106	618
P38567	429	470
P51861	120	161
P56277	0	60
Q07864	642	670
Q6IQ55	438	514
Q6ZS27	197	425
Q71F56	590	645
Q71F56	956	972
Q71F56	1151	1171
Q71F56	2095	2123
Q8NE63	374	394
Q8TCX5	284	303
Q96HD1	128	352
Q96LD1	237	298
Q9BU40	27	192
Q9BU40	246	360
Q9BV87	255	364
Q9H582	403	565
Q9H582	943	995
Q9H582	1023	1074
Q9H9S0	213	300
Q9HC78	66	94
Q9HC78	233	258
Q9HC78	705	740
Q9NYL9	145	186
Q9UET6	207	245
A2RUB1	23	70
A2RUB1	254	339
A3QJZ6	448	478
A6NKQ9	121	156
O00161	69	95
O15117	766	782
O15194	33	62
O60381	180	208
O75132	136	175
O75132	286	324
O75132	458	519
O75132	547	616
P02787	501	520
P02787	590	646
P02787	678	697
P10589	79	154
P26599	10	33
P54764	233	339
P54764	351	391
Q12791	675	750
Q13214	513	560
Q15928	101	473
Q56VL3	114	145
Q5JR12	105	138
Q5T2Q4	0	137
Q6P5X7	20	70
Q7Z5K2	1003	1023
Q8IWU6	430	516
Q8IWU6	609	646
Q8IWU6	734	765
Q8N302	226	258
Q8N302	515	554
Q8NF50	94	115
Q8NF50	180	218
Q96K80	37	170
Q96NW7	469	523
Q96NW7	1428	1449
Q9C0G0	167	283
Q9C0G0	464	494
Q9C0G0	518	642
Q9C0G0	703	787
Q9C0G0	848	910
Q9C0G0	1014	1071
Q9C0G0	1360	1428
Q9C0G0	1441	1503
Q9C0G0	1525	1560
Q9C0G0	1672	1833
Q9NS68	19	160
Q9NS68	209	269
Q9UHF5	83	142
Q9UK28	60	142
Q9UNK4	38	107
Q9Y210	249	277
A0A590UJ96	276	302
A0A590UJ96	389	439
A0A590UJ96	644	673
A0A590UJ96	1075	1103
C9JH25	646	672
C9JH25	684	703
C9JH25	713	744
O95436	296	334
O95436	618	649
P0CI00	119	299
P14415	118	168
P28702	195	276
Q07912	442	480
Q13077	19	65
Q13077	372	415
Q2VIR3	91	117
Q30KQ8	33	102
Q5TB30	351	393
Q5TYX0	447	475
Q5VUG0	625	671
Q6S8J7	16	54
Q6T4R5	780	835
Q6URK8	33	81
Q6ZUB0	92	148
Q7Z4Q2	44	116
Q7Z4Q2	388	409
Q86UZ6	420	500
Q86VK4	266	357
Q8IUG5	1062	1085
Q8N1L9	63	101
Q96GX1	170	200
Q96LA5	349	389
Q96PZ7	209	226
Q96PZ7	324	387
Q96PZ7	916	943
Q96PZ7	2438	2560
Q96PZ7	2771	2799
Q96PZ7	2893	2988
Q9BU19	57	120
Q9BU19	320	465
Q9GZU7	32	82
Q9HCX3	112	641
Q9NY15	18	359
Q9NY15	658	687
Q9NY15	705	997
Q9NY15	1258	1583
Q9NY15	1830	1895
Q9NY15	1934	2242
Q9UJW2	47	152
Q9UJW2	259	319
H3BUK9	22	89
O14901	208	257
O14901	351	481
O94929	103	169
O94929	203	272
P08F94	3295	3333
P22459	162	179
P22897	1067	1090
P23759	73	97
P35913	0	58
P37088	371	409
P43652	75	133
P43652	259	333
P43652	483	537
P81274	585	612
Q13615	1083	1184
Q14839	362	421
Q14839	442	509
Q3B7T1	562	598
Q3LI59	0	42
Q5JTJ3	2	49
Q68DI1	175	517
Q8N9V2	444	467
Q8NEB7	98	134
Q8NEB7	360	407
Q8NEB7	478	542
Q8TE12	116	151
Q969M2	250	288
Q96CA5	247	297
Q96HI0	174	233
Q96JB3	504	614
Q99988	201	307
Q9BYV6	7	91
Q9BYV6	122	164
Q9GZR1	218	247
Q9GZR1	778	805
Q9GZR1	958	982
Q9H158	792	822
Q9H1M3	19	61
Q9P241	706	726
Q9Y6L7	584	609
Q9Y6L7	725	838
A0A1W2PP97	61	114
O14544	327	362
O14639	44	109
O14639	179	342
O15541	191	318
O43597	166	302
O75445	45	138
O75445	304	336
O75445	513	1069
O75445	1230	1246
O75445	2031	2049
O75445	3159	3456
O75445	3663	3678
O75445	4330	4353
O75445	4801	4830
O94844	232	257
P04733	0	60
P09093	207	226
P0C7U9	95	132
P22692	18	117
P22692	131	148
P22692	171	257
P82675	62	86
Q14289	350	412
Q6X4U4	70	177
Q75N03	128	193
Q7Z7G8	3149	3167
Q7Z7G8	3908	3990
Q86YS6	189	211
Q8N806	48	140
Q8TC27	329	541
Q8TC27	590	662
Q8WYP3	227	283
Q8WYQ9	778	818
Q9H013	101	121
Q9H013	335	681
Q9H093	598	627
Q9HBT6	585	610
Q9NP50	1	70
Q9NQX0	161	252
Q9NQX0	484	582
Q9NWH9	391	440
A4D2B8	1	29
A4D2B8	369	404
P00325	91	120
P02790	425	461
P16871	30	54
P16871	273	327
P26010	32	94
P26010	469	680
P51689	490	535
P51784	20	47
P51784	690	716
P78334	433	474
P98168	285	584
Q14674	1138	1156
Q147U1	169	297
Q147U1	380	532
Q587J7	256	311
Q5T7W0	148	222
Q5T7W0	245	280
Q5TYW1	115	178
Q5TYW1	193	329
Q5TYW1	340	1058
Q5VTE6	37	168
Q5VZB9	84	135
Q86YV5	0	44
Q86YV5	984	999
Q86YV5	1053	1070
Q8N4L1	361	384
Q96AT9	0	18
Q96EG1	159	195
Q96EG1	500	522
Q96NH3	184	227
Q99424	405	421
Q9BRQ0	324	393
Q9BWF3	140	195
Q9H9P5	27	160
Q9H9P5	184	324
Q9H9P5	629	679
Q9NRY4	2	60
Q9NYJ7	170	255
Q9NYJ7	265	468
Q9NZC4	152	182
Q9UBN6	88	175
Q9UHC7	52	113
Q9UHC7	205	343
Q9UHC7	361	401
Q9UHV7	883	961
Q9UHV7	1233	1266
Q9UHV7	1993	2009
Q9UKT9	97	272
Q9Y282	118	195
O15156	341	465
O15287	336	352
O94806	189	211
O94806	256	329
P10070	398	444
P10070	498	582
P18433	723	738
P29597	807	848
P52746	155	407
P52746	423	438
P52746	474	604
P52746	808	889
P52746	1023	1049
P52746	1101	1151
P52746	1167	1302
P52746	1325	1405
P52746	1417	1638
P55103	309	351
Q01954	30	71
Q01954	198	213
Q01954	349	408
Q01954	661	778
Q01954	899	975
Q0P6D6	876	904
Q13772	173	196
Q13772	320	435
Q15560	125	222
Q15560	245	298
Q5JVG2	167	811
Q6ZN11	112	399
Q8N1G1	945	1035
Q8N8U3	426	471
Q8NAG6	45	69
Q8NHY6	249	284
Q8NHY6	377	832
Q8TB24	205	246
Q8WV24	139	160
Q8WXE1	319	345
Q92800	284	364
Q92800	495	612
Q96DN6	20	85
Q96DN6	97	122
Q96JM3	757	798
Q96NS1	8	44
Q9C040	28	167
Q9H1B5	161	223
Q9H461	97	151
Q9NRS4	64	106
Q9NYK6	5	56
Q9NYK6	116	162
Q9P1T7	158	245
A6NL88	75	132
P47944	0	61
P48509	146	201
P51587	130	173
P51587	1038	1064
P51587	1134	1163
P51587	1265	1318
P51587	1566	1644
P51587	1824	1840
P51587	1873	1936
P51587	1976	2012
P51587	2375	2430
P51587	3182	3238
P51828	640	658
P56705	195	241
P56705	264	345
Q01974	233	328
Q01974	361	398
Q13075	318	395
Q5BN46	89	114
Q7RTM1	461	479
Q86V20	57	93
Q86V20	122	235
Q86V20	349	397
Q8IXZ2	650	800
Q8N812	24	66
Q8NEG5	136	280
Q8NEG5	444	556
Q8NEG5	567	616
Q8TC21	180	500
Q8TD26	1615	1651
Q8TE54	531	567
Q8WWP7	50	103
Q96QE2	421	488
Q9BYW2	816	842
Q9BYW2	1447	1551
Q9BYW2	1676	1700
Q9NPF2	39	68
Q9NRF2	295	371
Q9UM63	0	172
A0A2R8Y4M4	26	82
A0AUZ9	130	227
O00253	80	131
O15198	89	139
P08311	112	157
P08311	174	233
P09341	32	92
P09544	278	357
P0DPF2	0	62
P0DPF2	4645	4688
P0DTF9	39	93
P34096	48	146
P49862	125	240
P50747	101	131
Q02241	763	799
Q02833	58	84
Q3V5L5	656	791
Q5FWF6	187	423
Q6ZNH5	100	493
Q6ZWE6	57	128
Q6ZWE6	507	539
Q6ZWE6	675	760
Q8IWT3	2043	2096
Q8IWT3	2148	2303
Q8N5U0	68	118
Q8N988	122	422
Q96HQ0	193	507
Q96LC7	306	336
Q96LC7	386	491
Q96MC9	91	159
Q9BWW7	202	327
Q9NRU3	711	726
Q9NRU3	761	789
A8MTL3	0	25
O00622	18	172
O00622	184	375
O14522	1370	1390
O15165	0	55
O95785	257	295
O95785	404	446
O95785	845	905
O95785	1039	1087
O95785	1217	1275
O95785	1368	1405
P04003	281	310
P04003	323	455
P04003	467	581
P0CW18	215	314
P17040	692	821
P17040	872	1036
P56373	102	128
P61129	321	357
Q14766	161	221
Q14766	354	444
Q14766	537	735
Q14766	867	1716
Q14831	514	585
Q14966	404	468
Q15650	148	251
Q15650	545	563
Q6ZMY9	171	338
Q6ZMY9	366	478
Q86TJ5	228	537
Q86WR6	138	180
Q86XA9	1016	1038
Q8IVW1	96	118
Q8N3C7	524	548
Q8N3C7	680	704
Q8NF86	152	182
Q8NF86	209	234
Q8TC05	350	371
Q8TE76	414	474
Q96QE3	1630	1671
Q9BYJ0	35	118
Q9GZT5	230	296
Q9GZT5	359	410
Q9Y6U7	312	335
A6NEQ0	418	460
A8MUP6	92	112
O14905	131	156
O14905	180	246
O14905	281	356
O15230	63	132
O15230	293	878
O15230	944	979
O15230	1032	1088
O15230	1197	1249
O15230	1420	1680
O15230	1819	2176
O15547	126	164
O60243	116	133
P17031	150	322
P17031	353	532
P36551	162	207
P62736	9	49
Q09019	117	157
Q0WX57	79	131
Q15468	95	124
Q15468	600	672
Q15468	1000	1034
Q155Q3	147	200
Q5RL73	161	217
Q5VU36	1243	1272
Q6UXV1	149	169
Q6ZVC0	572	647
Q70EL2	578	661
Q7Z478	637	667
Q7Z6M1	339	371
Q8N8Z8	93	692
Q92870	391	430
Q96EG3	261	523
Q96JF6	114	735
Q96JF6	752	795
Q9H2E6	508	554
Q9H4D5	264	332
Q9NR50	390	415
Q9NXF8	119	168
Q9UHK0	162	215
Q9Y233	265	283
A8MUZ8	117	299
O75128	703	748
O94769	60	172
O94769	315	345
O95631	43	116
O95631	184	216
O95631	251	489
P02679	21	41
P02679	151	188
P08833	27	89
P08833	198	258
P17032	91	115
P17032	169	553
P58215	112	159
P58215	263	288
P58215	341	417
Q2L4Q9	140	326
Q2L4Q9	437	485
Q496Y0	146	204
Q496Y0	457	522
Q5T871	19	54
Q5THK1	812	834
Q5THK1	1027	1091
Q5THK1	1123	1163
Q5THK1	1267	1321
Q5THK1	1723	1755
Q6UW56	3	35
Q6UW56	146	202
Q6ZNE9	509	570
Q7Z3D6	138	280
Q7Z3V5	72	317
Q7Z3V5	468	608
Q86T24	405	433
Q8N554	422	476
Q8N554	503	577
Q8NC60	140	181
Q8TCV5	34	138
Q96JP5	332	467
Q96JP5	491	541
Q9BQT9	673	722
Q9H8W4	138	228
Q9HCK1	1144	1197
Q9HCK1	1447	1468
Q9HCK1	1507	1628
Q9NS98	160	179
Q9NS98	521	587
Q9NS98	724	764
Q9UGU0	1625	1657
Q9UGU0	1689	1733
Q9UGU0	1888	1936
Q9Y4E6	850	871
Q9Y4G2	569	593
Q9Y4G2	1021	1054
A8MVM7	308	377
A8MVM7	405	447
P21128	9	154
P21912	88	119
Q0ZGT2	651	674
Q13324	4	100
Q14940	562	581
Q14940	597	652
Q2M3G0	72	102
Q6ZS92	40	140
Q7Z418	197	239
Q8IV63	0	34
Q8IYB8	249	278
Q8N7R0	140	227
Q8WV99	0	73
Q8WV99	88	141
Q8WWR8	218	280
Q92551	20	101
Q9HBL6	11	52
Q9ULI3	1000	1058
Q9ULI3	1165	1270
Q9Y4B4	457	477
A0A578	90	113
B7Z6K7	48	169
B7Z6K7	199	854
O00217	98	209
O00327	221	314
O75129	512	553
O75129	608	635
O75129	646	770
O75129	967	998
O75529	314	335
O75925	126	168
O75925	206	239
P01225	0	27
P01225	70	128
P02462	1590	1618
P02462	1635	1668
P23497	617	658
P40126	10	129
P42229	372	402
Q13490	88	124
Q13490	589	614
Q13608	648	671
Q3SYG4	813	831
Q6PEX3	17	171
Q6ZRK6	657	743
Q6ZRK6	928	980
Q8N5Y8	217	233
Q8N635	344	367
Q93015	63	95
Q96AX9	823	877
Q96AX9	916	954
Q9BXT8	22	128
Q9BXT8	271	317
Q9BXT8	1399	1434
Q9C035	0	82
Q9H772	68	164
Q9HCK0	318	363
Q9NUP7	9	94
Q9UKR8	147	199
Q9UL40	127	264
Q9Y5G0	719	798
Q9Y5X4	36	119
A0A1B0GTH9	69	107
A0A7P0TAN4	199	640
O00337	614	648
O43567	216	285
O60260	153	207
O60260	314	464
P17927	229	360
P17927	421	522
P17927	543	564
P17927	582	612
P17927	673	811
P17927	871	1014
P17927	1034	1064
P17927	1129	1263
P17927	1355	1419
P17927	1444	1464
P17927	1627	1722
P17927	1816	1860
P21754	292	335
P28799	12	182
P28799	203	340
P28799	359	422
P28799	437	584
P35414	312	332
P42677	33	76
Q06587	8	109
Q495A1	214	243
Q5RHP9	364	386
Q6GPH4	0	187
Q6GPH4	255	300
Q6ZMV8	110	383
Q6ZMV8	397	502
Q6ZVZ8	215	336
Q7Z2W7	32	92
Q8N816	0	28
Q8TDX9	174	208
Q8TDX9	270	313
Q8TDX9	2353	2456
Q8TF17	327	385
Q96FT7	280	388
Q96H40	111	180
Q96H40	199	462
Q96MC4	0	32
Q96NL8	102	119
Q96RS6	380	426
Q9NTN9	89	117
Q9NTN9	513	581
Q9NXL9	166	204
Q9UFD9	1193	1220
Q9UJF2	96	152
Q9UJF2	405	427
Q9Y2G0	0	17
Q9Y473	237	457
A0A1W2PPM1	262	323
A2VEC9	73	167
A2VEC9	357	569
A2VEC9	727	1019
A2VEC9	1167	1524
A2VEC9	1564	1690
A2VEC9	1702	1932
A2VEC9	1944	2032
A2VEC9	2219	2295
A2VEC9	2392	2448
A2VEC9	2460	2581
A2VEC9	2592	2738
A2VEC9	2749	2784
A2VEC9	2831	3010
A2VEC9	3022	3211
A2VEC9	3238	3446
A2VEC9	3515	3600
A2VEC9	3613	3673
A2VEC9	3700	3769
A2VEC9	3779	3867
A2VEC9	3883	4026
A2VEC9	4046	4177
A2VEC9	4200	4545
A2VEC9	4600	5149
A6NI47	86	124
C9JN71	102	530
O14559	281	332
O14836	29	114
O60296	512	553
O60296	634	688
O60711	128	201
P0DPK3	19	269
Q01740	12	41
Q13398	198	563
Q13474	635	667
Q14393	47	285
Q15784	189	226
Q15784	260	320
Q6ZU64	609	633
Q8N4W9	228	902
Q8NAT2	727	762
Q8WXF3	106	141
Q92629	262	288
Q96LW9	239	404
Q96P09	204	235
Q9BX63	31	102
Q9BX63	286	314
Q9H0D6	251	294
Q9HCC8	219	253
Q9HCJ3	642	687
Q9NPG8	145	171
Q9NRA1	275	344
Q9P2E5	371	405
Q9UBF6	39	96
Q9UKP5	371	395
Q9UKP5	452	723
Q9UKP5	842	1116
Q9Y2J0	82	147
Q9Y2X0	743	843
Q9Y5R6	77	114
A0A0A6YYL3	22	89
O15146	99	123
O75155	287	315
O95376	166	199
O95376	233	348
O95388	39	264
O95388	333	363
P00995	21	78
P02765	128	155
P02765	179	254
P13497	304	337
P13497	546	599
P13497	690	787
P54753	262	351
P54753	365	400
Q02643	0	111
Q5U651	183	221
Q5U651	409	473
Q6H8Q1	120	163
Q6PDB4	184	575
Q6X784	275	326
Q6ZTR7	276	303
Q7RTY7	330	360
Q8NC67	301	335
Q8NCS7	186	209
Q8NCS7	411	426
Q8NDW4	148	179
Q8NDW4	351	575
Q8NFJ8	346	380
Q96HF1	104	192
Q9H4B4	49	100
Q9UGI8	7	57
Q9UGI8	226	255
Q9UP79	116	133
Q9UP79	323	356
Q9UP79	367	386
Q9UP79	421	604
Q9UP79	651	698
Q9UP79	840	867
Q9UPM6	347	362
Q9Y2Q1	103	561
A0A8I5KTY6	33	268
A6NNM3	1194	1220
O00213	363	411
O14763	82	181
O15355	483	521
P04628	75	117
P04628	129	160
P04628	210	235
P04628	280	369
P31512	5	41
P58062	28	84
Q05048	75	104
Q05048	121	144
Q13133	91	174
Q13402	1540	1562
Q17RS7	241	329
Q17RS7	675	706
Q6A163	6	84
Q6A163	415	490
Q6FI81	237	306
Q6NSI1	5	88
Q7KZ85	1233	1262
Q7LDG7	518	555
Q86X45	361	388
Q8N587	131	159
Q8N587	230	485
Q8NAJ2	76	132
Q8NDA2	435	474
Q8NDA2	894	916
Q8NDA2	1016	1039
Q8NDA2	1062	1116
Q8NDA2	1313	1373
Q8NDA2	1599	1621
Q8NDA2	1786	1804
Q8NDA2	2196	2283
Q8NDA2	3460	3546
Q8NDA2	3700	3783
Q8NDA2	4619	4828
Q8NDA2	4839	4994
Q8TF40	70	135
Q8TF40	190	234
Q8TF40	590	637
Q8TF40	854	909
Q96MU6	128	728
Q9BWX5	162	280
Q9NQT4	22	49
Q9NR71	347	392
Q9NYQ7	1380	1523
Q9NYQ7	1718	1743
Q9NYQ7	1900	2136
Q9NYQ7	2491	2532
Q9UBT6	576	662
Q9UBT6	755	812
Q9UKI3	83	122
Q9ULC8	100	139
Q9ULC8	225	265
Q9Y2I2	57	104
Q9Y2I2	299	508
Q9Y2W3	357	386
A6NM66	20	75
O60941	243	284
O95886	309	344
O95886	452	517
O95965	46	493
P10275	518	636
P81408	118	156
P81408	278	361
P81408	506	540
P82673	91	121
Q01201	115	155
Q01201	183	230
Q01201	276	320
Q13939	539	587
Q15785	34	75
Q68CP9	1622	1696
Q6B9Z1	65	119
Q6UWE0	667	722
Q6ZMZ0	118	175
Q6ZMZ0	195	264
Q6ZMZ0	285	315
Q6ZN55	58	103
Q6ZN55	121	156
Q6ZN55	202	234
Q6ZN55	303	411
Q6ZN55	463	680
Q6ZN55	739	842
Q7Z6E9	130	199
Q7Z6E9	249	329
Q86Y25	202	378
Q86Y25	405	525
Q8IWB4	1243	1272
Q8N7Y1	189	216
Q8ND23	92	127
Q8ND23	147	171
Q8TCZ2	206	243
Q8TD10	67	118
Q99661	528	613
Q9BZR6	291	315
Q9H609	27	53
Q9H609	108	169
Q9NNW5	958	999
Q9UHD1	13	64
O00341	480	524
O43609	168	302
O43824	88	115
O75603	66	160
P01024	678	728
P01024	1500	1535
P07288	192	247
P10074	289	584
P17014	103	203
P17014	257	445
P17014	485	612
P17014	624	696
P55822	9	45
Q08708	34	74
Q08AE8	601	635
Q13315	1878	1899
Q5KSL6	334	464
Q5VWQ8	146	191
Q5VWQ8	448	471
Q6P988	417	478
Q7RTT9	495	529
Q86W47	56	136
Q8N535	83	107
Q8NBP7	213	245
Q8NBP7	467	691
Q8TBC5	408	464
Q96LX7	431	472
Q9H0A6	113	182
Q9H0A6	281	361
Q9H2Y9	541	622
Q9HCF6	69	116
Q9NS73	170	222
Q9Y5F7	762	781
A0AAG2TU59	0	40
A6NDE4	418	458
O43309	263	606
O75676	400	435
P00747	29	63
P00747	140	357
P00747	401	460
P00747	515	588
P00747	740	763
P22079	103	181
P22079	231	293
P22079	304	371
P32239	389	412
P42892	92	117
P80370	17	259
Q03403	25	128
Q17RY6	34	65
Q2PPJ7	1511	1555
Q6UXH9	15	103
Q6UXH9	238	300
Q6UXH9	317	358
Q6UXH9	377	446
Q6UXH9	629	660
Q6ZVN7	95	127
Q7Z3F1	610	653
Q7Z6I5	28	84
Q7Z6I5	137	180
Q7Z6J4	448	500
Q8IWY8	641	848
Q8TCJ0	0	55
Q96HU1	444	493
Q96N77	241	346
Q96N77	366	425
Q9NWS1	408	470
Q9NZR2	22	202
Q9NZR2	475	514
Q9NZR2	786	1251
Q9NZR2	1516	1564
Q9NZR2	1797	1899
Q9NZR2	2139	2176
Q9NZR2	2463	3013
Q9NZR2	3282	3884
Q9NZR2	4194	4423
Q9UDY6	2	76
Q9UDY6	245	285
Q9UHJ3	596	668
Q9UHR6	0	68
A6NHR8	180	231
O43506	418	665
O43610	141	269
O75317	166	245
P01133	302	472
P01133	745	998
P0CG32	259	274
P0CG32	344	382
P22681	375	436
P34130	90	146
P36941	40	180
P54687	0	26
Q02156	272	309
Q13562	166	198
Q14517	3743	3840
Q14517	3966	4172
Q5JPI3	0	26
Q5T890	423	449
Q6S8J3	81	124
Q6S8J3	962	999
Q7Z3T8	739	812
Q7Z6J8	180	219
Q86YW9	1194	1230
Q86YW9	1632	1684
Q8WXI9	405	462
Q96DY7	627	692
Q9BZP6	429	474
Q9H063	11	58
Q9H9E1	66	115
Q9UKK3	140	198
Q9UKK3	1487	1559
Q9UKP3	0	65
Q9UKP3	158	207
Q9UKR0	172	225
Q9Y4D8	588	614
Q9Y4D8	1529	1614
Q9Y4D8	2197	2222
Q9Y4D8	3916	3962
Q9Y5Y9	304	338
Q9Y5Y9	1097	1143
A6NN14	112	773
A6NN14	788	1028
D6RJB6	79	131
O00291	699	734
O60229	249	275
O60229	1641	1728
O60229	2352	2375
O60229	2462	2492
O60494	117	485
O60494	1606	1621
P09958	575	670
P0DN87	92	126
P13639	559	619
P16452	397	448
P55197	10	64
P55197	125	210
Q13137	392	445
Q1X8D7	396	412
Q52MB2	62	95
Q5SW24	240	256
Q6R327	1477	1570
Q6UWF7	280	325
Q7Z6J0	0	67
Q86UU1	106	145
Q8IUG1	0	82
Q8IUG1	110	166
Q8IZY2	1152	1180
Q8N1G4	426	482
Q8N1L1	27	63
Q8N4C6	174	204
Q8NAP8	339	436
Q8TAM2	14	41
Q8WYQ3	101	141
Q96A47	114	148
Q96FV3	170	203
Q96MH7	154	238
Q96NL3	191	233
Q96NL3	247	587
Q9BR26	472	527
Q9P107	491	524
Q9Y215	347	454
Q9Y6Q2	218	269
A6NN90	259	285
O75362	33	134
O75362	166	208
O75362	283	312
O75362	375	395
O75362	677	748
P15514	142	197
Q07021	57	88
Q562E7	187	220
Q86XS8	251	267
Q86Y33	144	207
Q8IUB3	24	72
Q8N7C7	289	304
Q8N9Y4	307	328
Q8WY41	127	165
Q8WY41	235	267
Q8WZ73	33	97
Q8WZ73	304	356
Q92832	259	809
Q92876	122	145
Q92876	170	232
Q96GX5	212	253
Q96GX5	331	484
Q9BTX7	302	341
Q9BUN1	200	276
Q9C0B1	162	187
Q9HCU0	77	143
Q9HCU0	154	344
Q9UIF8	1940	1991
Q9UKD1	167	193
Q9Y2N7	143	198
O00292	239	261
O00292	286	340
O14786	577	633
O15303	511	571
O60477	254	276
O60477	402	476
O95263	364	389
P04070	84	193
P19320	480	497
P22736	262	338
P48060	9	25
P48060	182	216
P50895	118	151
P50895	168	186
P56703	131	167
P56703	186	228
P56703	271	354
Q14574	658	684
Q14574	797	895
Q495D7	0	42
Q5T7N3	744	770
Q6P3X8	556	591
Q6ZMN7	12	105
Q6ZMN7	318	446
Q8IWD4	85	157
Q8IZC6	224	267
Q8IZC6	1844	1859
Q8TDF5	381	431
Q8WXD0	37	139
Q96I82	36	172
Q96N03	115	160
Q96ST3	551	616
Q9H4F8	30	149
Q9H4F8	216	299
Q9H4F8	378	433
Q9UBS5	141	167
Q9UEW3	493	519
Q9Y219	33	115
Q9Y219	212	998
Q9Y5G4	767	802
A0A1W2PQJ5	88	149
O43147	230	256
O43147	432	487
O43707	881	910
O60688	2	36
O95628	5	68
P49796	37	81
P49796	289	311
P49796	416	484
P49796	516	541
P78549	278	303
P80098	24	69
Q13367	935	982
Q14112	471	541
Q14112	751	993
Q14112	1007	1081
Q15772	76	132
Q15772	904	999
Q15772	1095	1156
Q15772	1456	1491
Q15772	2633	2655
Q15797	62	135
Q5TA31	0	135
Q5XUX1	424	443
Q6DT37	885	931
Q6NUN9	449	472
Q6NUN9	507	585
Q6P1K8	267	394
Q6UWN5	62	219
Q6YHK3	1389	1431
Q8IZE3	418	493
Q8NA97	7	45
Q8NA97	68	137
Q8NAM6	303	421
Q8NBI3	270	348
Q8TC41	239	265
Q8TC41	344	474
Q8TE02	157	204
Q8TF50	110	161
Q8TF50	303	409
Q8TF50	469	552
Q8TF50	570	593
Q92581	585	618
Q92994	0	38
Q969Q5	185	202
Q9C0B6	284	315
Q9C0B6	425	496
Q9H4A4	61	92
Q9H981	276	300
Q9UI47	202	267
A0A0K0K1C0	99	114
A0A1B0GTS1	143	183
A0A286YFB4	0	23
A8MPP1	225	298
P07478	123	218
P43627	166	209
P46934	289	442
P49765	64	99
P62745	179	195
Q04912	86	134
Q04912	153	186
Q04912	546	622
Q04912	1007	1050
Q13873	77	136
Q14117	317	344
Q5VU97	107	174
Q5VU97	947	1083
Q5VYP0	1194	1272
Q86UQ0	198	363
Q8IVL5	78	118
Q8IXS0	146	169
Q8IYD8	909	978
Q8IYD8	1018	1064
Q8IYD8	1826	1874
Q8IZ26	238	558
Q8NEP9	90	627
Q8TCN5	116	175
Q8TCN5	245	320
Q8TCN5	629	719
Q8TCN5	748	829
Q8TCN5	896	939
Q9BXJ7	194	250
Q9H2S5	72	156
Q9H2S5	273	293
Q9H2S5	314	333
Q9H3U1	25	76
Q9H714	270	336
Q9H714	598	658
Q9UIF9	1535	1583
Q9UL36	0	311
Q9UL36	558	592
Q9UL36	642	771
Q9UL36	962	1077
Q9UL36	1156	1273
Q9UL36	1631	1807
Q9Y4K3	53	116
Q9Y4K3	137	262
A6NFA0	119	138
A6NK02	0	156
A8K010	67	109
O00139	493	579
O60281	565	599
O60281	1366	1425
O60281	1930	1979
O60281	2237	2265
O60281	2361	2418
O60281	2636	2672
O76095	48	102
P41235	48	132
P51610	1000	1017
P51610	1032	1078
P51610	1876	1899
Q14451	102	129
Q6UXU4	102	127
Q7Z699	326	440
Q7Z7L1	121	172
Q86UA6	112	215
Q86UD3	12	107
Q86UW6	1125	1165
Q86UW6	1363	1408
Q8IXT1	13	55
Q8IXT1	194	262
Q8IXT1	523	649
Q8IXT1	843	881
Q8IXT1	917	997
Q8TD94	197	280
Q8TEP8	327	376
Q8TEP8	400	420
Q8TEP8	1301	1376
Q8WY21	689	795
Q92785	6	59
Q92785	265	390
Q96FE7	22	107
Q96MI9	985	1001
Q96P64	439	474
Q96PV0	191	239
Q99259	24	76
Q9BTT6	410	462
Q9C0A6	80	122
Q9C0A6	394	418
Q9C0A6	704	766
Q9H0F5	429	470
Q9H0F5	482	514
Q9HA90	576	597
Q9UJU3	187	891
Q9Y4K0	256	325
Q9Y4K0	370	436
Q9Y4K0	519	593
Q9Y4X4	315	399
Q9Y615	356	391
A2A3K4	36	72
P06734	245	290
P0DJG4	196	269
P21291	0	74
P21291	109	188
P30307	25	60
P30307	235	258
P35555	57	393
P35555	435	1718
P35555	1803	2689
P55000	9	102
Q14520	65	212
Q14520	230	264
Q15345	577	612
Q58G82	8	46
Q5T0B9	219	410
Q5T749	0	71
Q5T749	112	242
Q6ZTB9	0	186
Q7L8L6	656	717
Q7Z3I7	119	518
Q7Z4S6	240	259
Q86T75	633	684
Q8IZH2	1437	1505
Q8N474	161	196
Q8NCL9	382	397
Q8NE62	474	550
Q8WX77	37	138
Q8WXH2	0	34
Q96H79	91	129
Q9BZ11	337	687
Q9BZ11	705	737
Q9NXW9	5	36
Q9NXW9	204	224
Q9NZM3	792	815
Q9NZM3	1574	1608
Q9Y678	618	652
Q9Y6V0	582	649
Q9Y6V0	1060	1119
Q9Y6V0	2916	2933
Q9Y6V0	2959	2981
A6NGJ6	4	138
D3W0D1	175	204
O14511	216	308
O60566	723	753
O75312	248	309
P13500	25	57
P18084	18	87
P18084	454	662
P19525	115	152
P22102	202	242
Q15911	186	201
Q15911	626	754
Q15911	801	835
Q15911	1216	1297
Q15911	1353	1409
Q15911	1595	1622
Q15911	2998	3036
Q15911	3532	3566
Q16587	245	454
Q16587	509	572
Q494X3	210	551
Q5IJ48	39	453
Q5IJ48	559	575
Q5IJ48	596	627
Q5IJ48	778	894
Q5IJ48	1041	1227
Q5VWI1	123	157
Q6UWN0	124	172
Q6ZN44	254	269
Q86UK7	12	66
Q86UK7	169	197
Q86UK7	858	900
Q86V71	165	650
Q8IUW3	356	417
Q8NB42	212	608
Q8WZ79	302	341
Q969Z4	34	126
Q96AE4	142	163
Q96LW1	202	326
Q96LW1	343	611
Q96QV1	52	94
Q96QV1	578	694
Q9BUH8	117	195
Q9GZT9	12	58
Q9H1P6	116	136
Q9H270	805	869
Q9NP73	132	158
Q9NQB0	444	497
Q9NWS6	307	342
Q9P2N5	281	309
A6NF34	421	591
A6NJ88	0	23
A6NJ88	132	171
O15016	0	46
O15016	97	144
O15016	1001	1024
O15016	1098	1195
O75061	417	436
O75153	160	209
O75153	685	716
O94991	364	403
P06731	279	332
P06731	462	501
P07814	313	378
P07814	684	711
P07814	1454	1511
P11047	35	93
P11047	282	512
P11047	667	1047
P17027	153	600
P23327	624	683
P25391	25	81
P25391	269	517
P25391	703	1168
P25391	1336	1570
P51124	178	218
P78504	37	81
P78504	202	999
P98088	210	443
P98088	603	890
P98088	1057	1321
P98088	1397	1482
P98088	1574	1688
P98088	1735	1851
P98088	1947	2058
P98088	2112	2221
P98088	3214	3327
P98088	3515	3626
P98088	3948	4058
P98088	4622	4743
P98088	4772	4831
P98088	4861	4924
P98088	5052	5101
P98088	5203	5620
Q5W186	110	158
Q6P2D0	174	406
Q7Z3S7	867	889
Q8IUB2	28	214
Q8NCL4	74	105
Q8NCL4	126	172
Q8WUU4	231	278
Q8WUU4	386	466
Q96DZ1	194	225
Q96EN8	660	692
Q96N20	139	290
Q96T49	547	566
Q9H4I2	67	141
Q9H4I2	461	560
Q9NSJ1	66	143
Q9NSJ1	195	427
Q9ULH1	342	384
Q9ULH1	446	470
Q9Y5F8	717	804
O00744	91	115
O00744	210	271
O00744	309	382
O43151	55	103
O43151	248	294
O43151	812	844
O43151	950	1013
O43151	1032	1157
O43151	1650	1692
P0C025	20	49
P19174	957	999
P40205	31	85
P56706	120	138
P56706	188	223
P56706	266	348
P59025	173	206
Q13434	81	149
Q13434	240	366
Q13434	397	433
Q14449	77	120
Q15389	29	56
Q66K41	58	77
Q6PI77	252	297
Q7L0X0	23	50
Q86VZ6	4	22
Q86VZ6	163	241
Q86WK6	15	54
Q8IXL7	71	167
Q8IY33	0	24
Q8IY33	179	240
Q8N883	171	353
Q8N883	366	572
Q8NEN9	846	916
Q96FS4	744	780
Q96L94	144	171
Q96NL1	95	118
Q96NU0	545	604
Q96NU0	678	764
Q96NU0	919	999
Q9H2X3	354	398
Q9H8N7	485	512
Q9ULL0	36	56
Q9ULL0	92	163
Q9ULL4	329	375
Q9ULL4	476	499
Q9ULL4	526	603
Q9ULL4	716	741
Q9ULL4	795	843
Q9ULL4	1075	1127
Q9ULL4	1627	1683
Q9UQP3	78	265
A0A075B6J6	24	40
A0A075B6J6	62	101
A0A5F9Z9Y6	124	184
A0A8I5KXM2	0	34
C9J2P7	79	131
O00187	130	214
O00187	611	632
O94941	247	336
O94941	474	540
O95760	12	83
P00326	86	113
P01111	170	188
P13349	55	120
P13942	1563	1611
P17036	196	426
Q13308	185	227
Q13308	498	541
Q13464	1221	1295
Q15149	940	988
Q16363	58	316
Q6AI39	794	835
Q6AI39	874	905
Q6DN72	154	204
Q6DN72	381	415
Q6PH81	7	45
Q6UX71	317	374
Q7Z353	236	275
Q86SQ6	350	403
Q8IYX7	0	58
Q8IYX7	167	234
Q8NEA6	335	356
Q8NEA6	430	493
Q8NEA6	743	774
Q92966	86	131
Q9BX73	70	140
Q9BZC1	202	227
Q9H2U2	282	326
Q9H4W6	155	179
Q9NWH7	139	174
Q9NWH7	287	328
Q9NY47	861	884
Q9NY47	1062	1109
Q9UBT2	148	177
Q9UBZ4	82	120
Q9UL68	312	349
Q9ULX5	45	117
Q9Y2Y9	165	250
O14709	152	179
O14709	344	990
O43525	675	694
O95428	62	191
O95428	291	530
O95428	629	676
O95428	714	806
O95428	1055	1087
O95428	1230	1277
P08253	327	352
P17029	372	562
Q13621	51	80
Q13621	450	471
Q14541	0	83
Q5TH69	927	948
Q6P9F5	5	114
Q86TJ2	0	43
Q86TJ2	121	148
Q86XP1	186	227
Q8IZF5	185	227
Q8N2H3	382	407
Q92614	784	807
Q96PM5	16	153
Q96SQ5	47	68
Q96SQ5	87	151
Q96SQ5	213	571
Q9BQF6	131	173
Q9BRR9	191	242
Q9BUB5	210	266
Q9BXP8	581	663
Q9BXP8	746	823
Q9BXP8	876	940
Q9BXP8	1091	1249
Q9BXP8	1371	1499
Q9BXP8	1570	1790
Q9H1J5	108	126
Q9H1J5	244	341
Q9H2P9	209	241
Q9H9K5	347	373
Q9H9K5	426	461
Q9NSN8	145	199
Q9UHC6	553	603
Q9UHC6	954	1007
Q9UI33	283	328
Q9UI33	1014	1042
Q9ULG6	615	647
Q9Y5E6	726	773
Q9Y6I4	12	112
Q9Y6I4	337	399
A2CJ06	243	302
A6NLI5	6	136
O43900	22	62
O43900	75	112
O43900	249	270
O43900	280	364
O95153	1705	1728
O95294	670	768
P35052	23	80
P49901	0	69
Q08431	13	82
Q12797	628	658
Q15942	368	571
Q16134	589	616
Q16629	94	124
Q5EBL2	32	224
Q5EBL2	280	311
Q5EBL2	388	407
Q5EBL2	451	640
Q5JTZ9	719	741
Q6NTF7	6	50
Q6P1J6	670	707
Q6P1J6	1267	1285
Q86T65	1	41
Q8IYL2	490	512
Q8IZP9	205	251
Q8N1G0	505	555
Q8N1G0	588	609
Q8N1G0	660	883
Q8N1G0	995	1048
Q8NA31	552	615
Q8NES8	19	64
Q96KR4	127	173
Q96KR4	429	503
Q9NY59	490	554
Q9NYY3	68	97
Q9NYY3	344	368
Q9NYY3	436	473
Q9P1Y6	100	260
Q9UL58	264	515
Q9UL62	168	191
Q9UL62	924	968
Q9UM73	452	477
Q9UM73	888	914
Q9UM73	1000	1045
Q9Y5K2	181	212
A6NMZ7	1378	1395
O43149	197	278
O43149	2727	2767
O60462	624	658
O95819	870	895
P26045	473	502
P29459	56	114
P48506	97	146
P53804	1943	2009
P78563	452	483
Q12756	6	40
Q12756	538	583
Q12756	1443	1474
Q16586	213	233
Q3SY46	0	143
Q5TCQ9	1	67
Q6ZN28	209	232
Q86Y79	137	182
Q8IWV1	272	296
Q8IYX0	73	410
Q8N4M1	155	190
Q8NA42	168	474
Q8NFT6	447	464
Q8NFT6	593	614
Q96BT7	327	365
Q96C24	52	117
Q96P11	353	418
Q9H8U3	152	226
Q9NR80	187	207
Q9NZU1	46	66
Q9UHF1	28	176
A0A5F9ZHS7	104	165
A0A5F9ZHS7	178	226
A6NMN3	77	135
A6NMN3	146	214
A8MYU2	614	644
A8MYU2	684	717
A8MYU2	788	826
O00110	70	187
P0CJ78	211	276
P0CJ78	344	428
P0CJ78	549	635
P0CJ78	655	688
P0CJ78	831	1038
P0DJD3	418	459
P11150	305	327
P38935	879	948
Q01081	134	188
Q14512	61	149
Q14679	85	141
Q14679	336	387
Q14679	403	433
Q15361	863	904
Q16576	89	108
Q3SXY7	12	52
Q6PJI9	383	456
Q6PJI9	938	973
Q6ZMY6	410	448
Q86TC9	274	316
Q86TC9	333	359
Q86TC9	483	535
Q86TC9	1000	1034
Q8N1Y9	157	207
Q8NG31	289	337
Q8NG31	406	489
Q8NG31	746	850
Q8NG31	874	893
Q8NG31	931	984
Q8NG31	1133	1186
Q8NG31	1267	1379
Q8NG31	1417	1446
Q8WTZ4	91	114
Q92698	665	713
Q96RN5	642	685
Q9BUM1	93	117
Q9C0K1	262	293
Q9H0Q0	211	231
Q9HAW0	9	58
Q9NPF0	52	162
A7XYQ1	134	222
O60437	389	422
O75051	506	562
O75051	814	850
P10073	259	490
P26368	381	404
P36896	85	117
P52594	16	73
P54198	280	306
P78312	93	162
P78312	477	531
P78312	1074	1107
Q12901	156	537
Q13064	94	118
Q13064	258	374
Q13064	397	436
Q15365	176	200
Q15365	210	245
Q15365	262	289
Q4G112	336	357
Q4G112	440	472
Q5DT21	20	85
Q5SWA1	235	271
Q5SWA1	593	622
Q6N063	334	349
Q6ZVL8	112	139
Q8IZP6	186	309
Q8NA69	230	303
Q8NA69	320	335
Q92750	338	355
Q92750	571	631
Q9H0F6	220	244
Q9H2D6	0	39
Q9H3C7	416	527
Q9H706	183	227
Q9H706	344	399
Q9NRR6	551	581
Q9NYB5	469	492
Q9NYB5	502	521
Q9UKA4	449	495
Q9UKA4	766	803
Q9UKA4	1276	1336
Q9UKA4	1510	1540
Q9UKA4	1565	1616
Q9UNX9	352	398
Q9Y240	163	217
Q9Y2E4	915	936
A0A0G2JLW4	38	84
A2VCK2	93	121
A8MYP8	164	207
O94983	200	225
P09960	0	27
P13682	214	401
P13682	442	526
P25490	281	412
P41134	22	55
P60409	13	73
P62684	482	600
Q04721	19	1542
Q04721	1616	1651
Q13423	3	30
Q13751	19	88
Q13751	220	593
Q13751	763	846
Q3T906	445	492
Q4VC12	113	143
Q5VTR2	909	974
Q6ZN04	513	568
Q86WZ6	248	798
Q8IUL8	112	272
Q8IUL8	307	330
Q8IUL8	370	457
Q8IUL8	777	822
Q8IUL8	1077	1134
Q8N0Y2	243	298
Q8N143	296	467
Q8N2R0	165	310
Q8N446	101	118
Q8N446	142	161
Q8NEM7	194	374
Q8TEM1	752	771
Q92547	314	342
Q96JY6	282	345
Q96S38	717	747
Q96S38	792	827
Q9BXR6	198	242
Q9BXR6	365	568
Q9C0C9	338	388
Q9C0C9	903	926
Q9C0D5	131	176
Q9NRM6	247	285
Q9NRM6	484	501
Q9UK13	107	597
O15072	337	384
O15072	406	423
O15072	500	721
O15072	859	1058
O60266	461	486
O75150	941	1000
O95780	106	182
O95780	218	497
P08048	200	246
P08048	420	798
P08069	166	350
P08069	672	716
P0C6A0	207	272
P49327	627	652
P49327	1296	1320
P50549	277	327
Q03112	199	431
Q03112	875	995
Q6ZN30	114	138
Q6ZN30	425	490
Q6ZN30	789	904
Q6ZN30	1021	1082
Q7Z713	94	151
Q8IZN3	161	213
Q8IZN3	292	315
Q8N8Y5	57	197
Q8NHK3	126	197
Q8NHX4	109	141
Q969S2	280	331
Q96EF0	532	670
Q9NYF0	177	299
Q9NYJ8	16	77
Q9NYJ8	659	692
Q9Y490	688	739
Q9Y490	1377	1408
Q9Y490	1423	1584
Q9Y490	1903	1949
A0A1W2PRS3	110	184
A6NDX5	137	524
A6NDX5	544	712
O43422	7	111
O75970	629	665
O75970	1608	1630
O94953	655	708
O94953	739	806
P00441	43	58
P00441	99	120
P04731	0	59
P13196	261	286
P21246	42	142
P22105	68	169
P22105	183	797
P27701	165	201
P37173	37	79
P37173	129	154
P37173	212	235
P61968	44	82
P61968	99	164
P98153	25	67
P98153	227	368
Q13886	142	231
Q15415	418	458
Q16651	152	181
Q16651	210	246
Q5H9F3	1628	1649
Q5SRH9	139	168
Q5VST6	0	29
Q6ZMY3	114	159
Q7Z3K3	364	409
Q7Z3K3	492	578
Q7Z3K3	740	812
Q86YJ5	99	155
Q8IZA0	889	908
Q8WTV1	26	86
Q99684	119	143
Q99684	229	421
Q9HCI7	46	89
Q9HCI7	241	320
Q9HCI7	460	514
Q9UKJ8	396	547
Q9UKJ8	634	665
Q9UMD9	363	382
Q9Y337	153	282
A8TX70	1379	1400
O15391	289	327
O60308	739	877
O75081	544	595
P09936	172	220
P13688	281	347
P17213	152	170
P19544	206	303
P35523	802	833
P78364	790	859
Q0VAF6	25	112
Q12789	1082	1117
Q12789	1668	1708
Q13433	258	320
Q13643	0	279
Q15796	60	87
Q15796	154	179
Q5KU26	688	741
Q5SZK8	2479	2500
Q6P3W2	106	138
Q86VP1	711	788
Q8IWG1	566	617
Q8N3J9	0	94
Q8N3J9	107	260
Q8N475	47	147
Q8TCU4	2562	2601
Q8TCU4	3470	3543
Q8TF46	13	53
Q9BUL5	331	391
Q9BYN7	39	78
Q9BYN7	318	377
Q9BYN7	485	735
Q9H3T3	362	388
Q9H3T3	553	600
Q9NZF1	21	106
Q9UJW0	4	139
Q9UPW0	182	203
Q9Y2W6	126	170
A2RUH7	327	353
A5YKK6	624	653
A5YKK6	663	683
O15060	553	662
O94855	290	369
O95391	99	150
P01877	10	48
P01877	70	216
P07585	29	78
P20151	197	223
P49747	56	290
P57727	81	105
P57727	366	409
P98161	25	64
P98161	145	276
P98161	303	324
P98161	478	540
P98161	571	597
P98161	637	682
P98161	711	751
P98161	3414	3433
P98161	3751	3800
Q14D33	129	154
Q14D33	493	532
Q15746	1156	1183
Q15746	1808	1900
Q5JSP0	537	587
Q68DV7	228	284
Q6J4K2	40	87
Q7L622	75	105
Q7L622	232	309
Q8N3T1	500	575
Q8NEZ3	1237	1326
Q8TDM5	14	106
Q92956	24	200
Q99676	218	750
Q9BRP7	320	345
Q9BWV1	375	409
Q9BWV1	798	813
Q9H0B3	226	282
Q9H0B3	1013	1080
Q9P278	146	162
Q9P278	934	999
Q9UID6	222	253
Q9UMX2	39	95
Q9UPR6	266	290
Q9UPR6	311	354
Q9Y466	4	98
A0PJX4	38	77
A6NK53	188	232
A6NK53	291	667
O14525	470	492
O14525	565	728
O14525	916	995
O14525	1014	1035
O60337	0	35
O60635	142	207
O95521	445	473
O95630	387	423
P01876	1	44
P01876	63	98
P01876	115	229
P03973	31	130
P05452	161	192
P23458	0	28
P32942	326	353
P35348	399	448
P52740	167	705
P53794	554	581
P53794	593	613
Q14995	91	204
Q14995	312	398
Q29RF7	1062	1132
Q2NL67	198	253
Q3LI58	0	32
Q5VUE5	104	144
Q6ZNE5	15	76
Q6ZR52	40	81
Q6ZR52	101	644
Q7RTY1	221	272
Q86XN8	594	650
Q8IUM7	562	588
Q8IZ20	22	88
Q8IZ20	336	462
Q96NJ6	112	501
Q9H159	563	597
Q9P021	45	100
Q9ULD6	640	674
Q9UPT6	836	863
A8K0R7	692	765
O60333	565	623
O75962	1650	1732
O94776	354	381
P00751	61	228
P00751	592	703
P52742	195	655
Q06203	482	516
Q0IIN9	86	138
Q13574	130	207
Q13574	661	720
Q6ZSB9	109	129
Q6ZSB9	389	607
Q709F0	503	525
Q7Z3B3	625	642
Q8N328	543	592
Q8NBR9	95	152
Q92502	200	267
Q92502	753	809
Q92802	266	391
Q96FV2	285	333
Q96HA4	50	114
Q96I27	56	290
Q96K83	44	65
Q96K83	110	228
Q96K83	241	333
Q96K83	584	644
Q96K83	878	1009
Q96K83	1079	1113
Q96K83	1216	1266
Q96KN1	73	111
Q96NY8	101	134
Q9NRX4	59	89
Q9Y2L9	620	678
A2RRD8	134	507
A6QL64	353	428
O14978	373	677
O15399	443	485
O43683	671	722
O60765	209	604
O95158	234	277
P06213	169	363
P06213	699	724
P08962	144	187
P0DV60	37	94
P17023	150	457
P48200	104	146
P54107	170	248
Q02809	356	373
Q13370	37	56
Q13370	71	91
Q13370	294	314
Q149N8	652	687
Q149N8	1208	1246
Q16206	82	129
Q49AG3	99	159
Q5T4S7	1649	1736
Q5T4S7	1784	1805
Q5T4S7	3652	3731
Q5T4S7	3846	3878
Q6ZN08	66	570
Q8IWV8	86	177
Q8IWV8	1108	1210
Q8IWV8	1605	1663
Q8NDX6	142	191
Q8TE56	435	475
Q8TE56	486	724
Q8TE56	805	1094
Q8WVV4	224	258
Q92622	886	968
Q96SZ4	333	499
Q96SZ4	520	706
Q96SZ4	723	779
Q9BWT1	249	344
Q9NWW7	10	51
Q9NWW7	211	252
Q9NWW7	262	292
Q9ULW2	79	148
O43497	247	335
O95863	154	262
P0CG23	487	618
P17039	74	622
P21854	211	245
P51508	228	286
P51508	343	660
P56199	546	567
P56199	1018	1064
P60507	288	317
P62079	162	207
Q13536	66	110
Q14954	170	202
Q15022	497	578
Q3MJ16	180	332
Q3MJ16	731	804
Q685J3	4127	4194
Q685J3	4340	4387
Q6ZMW2	121	181
Q6ZMW2	234	696
Q6ZSZ6	215	274
Q6ZSZ6	424	440
Q8IV04	75	130
Q8N9P6	90	155
Q8NF91	7945	7978
Q8NFP4	444	646
Q8NFP4	740	778
Q8TD23	90	567
Q96AQ9	29	81
Q96I13	3	20
Q96Q91	559	594
Q9BUE6	109	128
Q9BXG8	385	415
Q9C0E4	483	503
Q9NQX1	167	628
Q9NRA0	73	124
Q9UKQ9	176	238
Q9XRX5	24	112
Q9Y4D1	5	24
A0A1B0GVB3	190	227
A0A1B0GXF2	94	114
A0JP26	93	125
O43909	157	184
O60683	264	323
P02452	32	93
P02452	1229	1279
P07202	124	173
P07202	238	339
P07202	360	397
P07202	702	853
P0DP57	12	96
P0DTE7	143	173
P10646	84	104
P10646	138	285
P13637	25	65
P20645	175	191
P29320	218	324
P41587	10	114
P61587	158	205
Q30KQ5	29	81
Q3LI83	10	206
Q70YC5	8	76
Q7L3V2	30	68
Q8NA70	29	106
Q8NA70	333	403
Q8NA70	439	510
Q8ND94	38	85
Q8TDB6	151	179
Q8TDB6	234	320
Q8TDB6	551	602
Q8TDI0	336	389
Q8TDI0	412	475
Q8TE49	882	920
Q96T92	254	314
Q96T92	418	451
Q96T92	465	495
Q99469	103	209
Q9BQI3	470	503
Q9GZS9	153	180
Q9H756	217	244
Q9NPR2	561	605
Q9NUL5	110	190
Q9UN71	720	802
Q9UQ26	118	186
O43903	88	150
O75325	390	420
O95398	511	560
O95754	509	527
P51449	22	110
Q13261	36	96
Q15029	435	475
Q16620	9	52
Q4V348	13	91
Q4V348	153	818
Q4VC44	144	165
Q4VC44	300	340
Q4VC44	445	487
Q4VC44	678	710
Q5JZY3	232	329
Q5JZY3	357	412
Q5JZY3	905	936
Q6P4R8	12	44
Q6QN14	79	131
Q6ZNA1	182	935
Q86T29	129	157
Q86T29	182	569
Q86T29	579	640
Q86VW2	0	34
Q8ND83	190	236
Q92904	123	148
Q9BXU3	375	408
Q9HAI6	39	139
Q9HBG6	1223	1240
Q9NQV6	167	185
Q9NQV6	519	600
Q9NQV6	610	701
Q9NQV6	713	792
Q9NZ56	560	608
Q9UBU2	71	138
Q9UBU2	168	258
Q9UPV7	121	189
A6QL63	55	99
A6QL63	347	400
O43586	296	318
O94759	29	110
O94759	1319	1342
O95361	71	177
O95460	210	384
O95460	562	613
P13385	70	158
P81133	426	470
P81133	708	756
Q2MV58	67	106
Q68DQ2	644	701
Q68DQ2	934	992
Q68DY1	93	511
Q7Z7L9	213	613
Q86UD4	174	531
Q8NHS0	128	158
Q8WV37	89	166
Q8WV37	195	342
Q8WV37	415	526
Q92826	159	207
Q92985	310	331
Q92985	465	491
Q96KW9	0	15
Q96ME7	157	211
Q96ME7	279	345
Q96ME7	408	427
Q96P53	311	334
Q9BY66	282	383
Q9BY66	1162	1211
Q9H156	329	375
Q9NP77	11	37
Q9UNY5	278	441
A4GXA9	95	134
A6NGD5	349	491
A6NNW6	265	284
O60678	41	75
O75140	734	796
P09486	67	151
P17098	249	491
P35247	256	303
P35247	324	367
P35442	306	468
P35442	481	729
P63128	486	601
P63128	657	679
Q02447	594	701
Q14159	748	832
Q4G0T1	198	243
Q4G0T1	258	285
Q4G0T1	304	328
Q4G0T1	359	395
Q4G0T1	405	444
Q4G0T1	466	533
Q4G0T1	573	598
Q4G0T1	711	726
Q4G0T1	770	805
Q4G0T1	840	881
Q4KMQ2	332	349
Q68D85	210	246
Q68D85	377	394
Q6GMV2	84	145
Q6GMV2	345	386
Q7Z5P9	599	825
Q7Z5P9	1000	1277
Q7Z5P9	1407	1465
Q7Z5P9	1476	1506
Q7Z5P9	1539	1643
Q7Z5P9	8200	8297
Q8N690	14	73
Q8N7Z5	1004	1038
Q8N7Z5	1642	1668
Q8N7Z5	1831	1872
Q8NCP5	423	491
Q8TBM8	163	191
Q969Q1	49	79
Q969Q1	106	134
Q96BD5	480	550
Q96L96	59	87
Q99575	843	872
Q9BQB4	72	181
Q9H7Y0	413	432
Q9NRD8	939	975
Q9NRD8	1511	1537
Q9NV72	292	528
Q9NVP4	186	404
Q9NVP4	692	719
Q9NXR8	350	417
Q9P0V3	276	332
Q9UBG7	46	133
Q9UJV9	567	608
Q9UK23	95	176
Q9UK23	304	425
O15123	32	68
O43313	71	221
O43313	386	402
O60503	572	592
P0C7P1	418	459
P19823	631	668
P20823	203	261
P43353	396	413
P51523	207	735
Q13422	108	269
Q13422	486	508
Q14525	0	74
Q14525	358	403
Q3LHN2	0	51
Q5BJE1	67	113
Q5JT82	279	360
Q6ZN16	79	102
Q6ZNC4	380	411
Q6ZNG1	158	720
Q7Z333	0	17
Q8N393	69	98
Q8N393	230	287
Q8N393	373	762
Q96JH8	283	317
Q96JH8	376	402
Q96SN8	726	773
Q9BTZ2	246	277
Q9BZE0	224	321
Q9HCM4	679	732
Q9NW64	105	195
Q9NZ20	154	197
Q9NZ20	422	460
Q9UIE0	156	473
Q9UJ41	6	46
Q9Y6P5	7	33
Q9Y6P5	218	291
A6NM62	320	374
A8MX34	21	340
O00442	12	66
O14492	297	346
O15496	57	164
O60687	70	203
O60687	260	325
P01031	690	734
P01889	106	139
P20393	144	224
P52737	82	118
P52737	136	539
P98170	79	118
Q52M93	171	399
Q52M93	427	767
Q5DID0	85	167
Q5DID0	505	552
Q5DID0	892	941
Q5JPE7	965	984
Q6ZRP0	111	137
Q7L5Y9	294	395
Q7RTP6	750	768
Q7Z794	32	47
Q8IX06	394	425
Q8IX06	441	479
Q8N680	241	279
Q8N680	357	474
Q8N865	105	167
Q8N865	339	383
Q8WXD5	132	154
Q96AY2	282	310
Q96FA3	363	388
Q96MR9	197	245
Q96MR9	312	430
Q96MR9	508	787
Q9BS34	88	113
Q9BS34	124	388
Q9HBX8	29	65
Q9HBX8	878	910
Q9UDV7	508	652
Q9ULL1	749	774
Q9Y3Q7	375	605
Q9Y3Q7	616	667
O14981	894	946
O43150	320	379
O43150	426	451
O43150	493	521
O43790	0	48
O43790	58	111
O43790	391	454
P08118	10	113
P56270	179	210
P56270	274	440
Q07627	4	92
Q07627	119	176
Q13698	229	271
Q2LD37	1734	1750
Q2LD37	2433	2449
Q569H4	203	233
Q6BEB4	254	340
Q6ZTR6	74	126
Q8IV13	335	368
Q96P20	676	724
Q9BQ04	140	218
Q9NRM0	31	54
Q9P2F6	564	638
Q9P2S6	464	514
Q9UC07	115	564
Q9UHC1	568	621
Q9UHC1	677	703
Q9Y4C4	424	455
Q9Y4C4	1000	1038
Q9Y5E7	728	771
A8MWA4	108	299
O15392	0	91
O43716	76	124
O95967	36	91
O95967	111	350
P15882	238	260
P29323	255	383
P49736	329	363
P59923	443	558
P59923	570	735
P59923	752	920
P59923	955	1030
Q2TB90	691	738
Q5GH77	418	458
Q5HYA8	41	198
Q7L591	119	154
Q7L8C5	173	210
Q86X95	116	156
Q8WXH5	67	158
Q8WXH5	232	253
Q8WXI3	233	299
Q96EK4	0	79
Q96EY5	22	47
Q96PX1	266	330
Q99075	103	154
Q99750	164	245
Q9BWH6	859	886
Q9BWH6	1013	1086
Q9NUC0	147	204
Q9UPN9	122	261
Q9UPN9	881	917
Q9UPN9	930	964
A8MTY0	103	618
O60346	1419	1443
P23945	322	358
P52943	0	82
P52943	120	193
P53667	0	32
P55895	407	425
Q05215	151	171
Q05215	470	562
Q05932	499	534
Q15776	310	570
Q4FZB7	272	353
Q5JRV8	152	200
Q5VXH4	447	475
Q6IQ21	2	92
Q6IQ21	124	245
Q6IQ21	284	334
Q6IQ21	394	534
Q6IQ21	592	683
Q8N5W8	47	93
Q8N6F7	73	106
Q8TF27	68	86
Q8TF27	324	361
Q8WYH8	174	239
Q92974	36	99
Q969W1	145	183
Q96CS4	146	481
Q96EZ4	0	35
Q96EZ4	219	247
Q96QA6	6	36
Q9BXB1	29	51
Q9BXB1	857	950
Q9GZU1	526	562
Q9NW82	308	333
Q9P2R6	93	174
Q9P2R6	339	365
Q9P2R6	499	549
Q9UBV2	119	167
Q9Y4E8	269	325
Q9Y4E8	772	818
O75151	0	64
P10071	542	627
P11215	846	868
P11474	70	150
P12955	236	261
P12955	477	492
P14410	60	79
P14410	936	980
P48357	71	110
P48357	1125	1164
P55198	0	27
P55198	118	186
Q15043	73	137
Q17R31	0	21
Q5JNZ3	229	635
Q5JWR5	1025	1052
Q6P3W6	1849	1893
Q6P3W6	3554	3601
Q6UX46	109	134
Q6UXD5	165	193
Q6UXD5	331	369
Q6UXD5	455	545
Q6UXD5	698	731
Q7Z7M1	327	353
Q86YT6	736	922
Q86YT6	952	1005
Q8IZF3	43	116
Q8NDH2	1332	1360
Q8NDH2	1390	1453
Q8NDH2	1678	1752
Q8NDH2	6637	6666
Q8NDP4	114	195
Q8NDP4	218	497
Q8WTP8	105	131
Q96B23	332	361
Q9BRH9	178	655
Q9BZC7	1519	1577
Q9BZC7	1614	1666
Q9P2F9	71	169
Q9P2F9	201	567
Q9UBP4	128	319
Q9UMF0	279	304
Q9UMF0	330	385
Q9UMF0	413	490
Q9UMF0	577	621
Q9UMF0	637	657
Q9UMF0	672	751
Q9UMF0	784	837
Q9UPQ4	15	75
Q9UPQ4	94	152
A6NGE4	123	148
O75541	108	209
O75541	222	266
O94933	361	399
P0DY26	24	64
P12107	1592	1636
P14543	344	436
P14543	654	920
P14543	1193	1246
P16415	90	138
P16415	151	609
P20648	371	391
P21580	471	550
P21580	588	688
P21580	714	740
P21580	759	789
P43235	133	233
P62068	160	244
Q16610	179	409
Q16610	422	514
Q5JSJ4	178	206
Q5T7B8	493	554
Q5T7W7	421	494
Q6P387	28	115
Q8IZM8	535	605
Q8IZM8	720	751
Q8IZM8	789	871
Q8IZM8	1065	1126
Q8WUB8	370	486
Q96J02	125	192
Q96L34	671	731
Q9BZZ2	522	591
Q9BZZ2	629	669
Q9BZZ2	683	715
Q9BZZ2	1231	1251
Q9H2G9	291	399
Q9H336	212	249
Q9H336	285	322
Q9H336	399	425
Q9NYG5	11	60
Q9UPQ0	1037	1078
Q9Y2A4	99	670
Q9Y2P0	106	498
A0A1B0GVS7	118	188
A1L3X4	0	48
A1Z1Q3	96	131
A8K979	587	650
O15063	292	347
O95718	71	173
P01033	136	205
P0C0L4	658	766
P0C0L4	1577	1603
P36544	362	429
P55286	585	612
P57737	20	43
Q08397	372	417
Q13224	912	942
Q13224	1195	1256
Q13634	578	604
Q15697	319	405
Q49AA0	224	525
Q63HK3	3	53
Q63HK3	750	944
Q7Z403	301	333
Q7Z408	185	213
Q7Z408	316	381
Q7Z408	1259	1282
Q7Z408	2117	2159
Q7Z408	2560	2583
Q7Z408	2857	2895
Q7Z408	3100	3135
Q7Z408	3145	3166
Q7Z408	3179	3204
Q7Z408	3214	3252
Q7Z5A7	42	130
Q8N187	185	242
Q8N187	289	322
Q8N4Q1	32	109
Q8TAY7	149	184
Q96J92	679	705
Q9H1F0	35	78
Q9HCE0	1517	1604
Q9NP56	0	36
Q9NUK0	0	95
Q9NUK0	169	250
Q9NYI0	222	270
Q9P2R3	1119	1149
Q9UL03	183	213
Q9Y5R5	118	163
Q9Y5R5	274	319
Q9Y5R5	343	374
Q9Y5R5	490	523
A0A5F9ZH88	128	176
I3L0S3	182	203
O43296	195	322
O43296	411	565
O95450	377	393
O95450	510	733
O95450	869	989
O95450	1000	1108
P07996	309	726
P0C7H8	0	41
P15328	29	84
P36508	141	375
P57071	0	25
P57071	346	564
P57071	688	734
P57071	849	889
P85037	175	192
P98095	28	192
P98095	441	559
P98095	601	646
P98095	676	1083
P98194	129	170
Q13387	752	767
Q58DX5	227	254
Q6ZRI0	92	141
Q6ZRI0	334	515
Q6ZRI0	669	999
Q6ZRI0	1134	1172
Q6ZRI0	1193	1216
Q6ZRI0	1408	1472
Q6ZRI0	2239	2280
Q6ZRI0	2290	2320
Q6ZRI0	2372	2924
Q8N6Y1	128	168
Q8TF47	244	634
Q8TF76	370	488
Q8WWF5	273	365
Q96MU5	109	186
Q9BZV3	1000	1108
Q9NYT6	169	519
Q9NYT6	534	783
Q9UKS7	103	232
Q9Y6K5	328	360
Q9Y6K5	1062	1082
A0A1W2PQ64	88	149
F5H094	452	501
O15354	553	580
O60810	452	477
O75152	0	31
O75152	48	99
O94819	547	575
P07949	505	650
P10276	79	159
P28340	995	1084
P40818	753	778
P55010	94	149
P55259	32	58
P55259	175	232
P55259	468	488
P57087	99	161
P58397	359	378
P58397	397	418
P58397	495	626
P58397	646	706
P58397	843	985
P58397	1309	1587
Q01780	612	670
Q12830	403	457
Q4KWH8	1179	1255
Q4KWH8	1383	1457
Q5FYA8	524	561
Q68DN1	310	326
Q68DN1	594	646
Q68DN1	1009	1037
Q75V66	334	354
Q7Z3E1	526	556
Q7Z442	163	236
Q7Z442	2034	2069
Q8N184	245	643
Q8NHG8	145	221
Q8WUN7	88	106
Q9BXW7	345	417
Q9NQ79	515	604
Q9ULT6	283	356
Q9ULT6	554	599
Q9ULT6	770	835
A8K830	178	250
O43439	493	546
O43829	257	410
O76011	0	79
O76011	352	393
O95260	0	41
O95260	58	93
P00749	18	91
P00749	288	304
P00749	357	425
P01859	15	121
P09871	346	367
P09871	581	640
P0CB33	59	411
P16109	118	773
P50461	0	93
P50461	108	193
Q02223	0	53
Q02223	88	183
Q14264	140	189
Q15654	264	292
Q15654	436	458
Q17RB8	101	164
Q17RB8	417	472
Q17RB8	496	517
Q6AHZ1	74	168
Q6AHZ1	194	218
Q6AHZ1	510	533
Q6AHZ1	1005	1036
Q6AHZ1	1091	1122
Q6UWQ7	21	86
Q7Z419	63	178
Q8IYD9	16	43
Q8IYD9	54	139
Q8IYD9	167	220
Q8NBP0	96	125
Q8NDY6	204	224
Q8TAX0	166	264
Q8TBN0	285	325
Q96IQ7	146	176
Q96IQ7	198	235
Q96IR2	207	562
Q96IR2	598	965
Q9BRN9	53	170
Q9NQW6	1060	1091
Q9NRM7	827	858
Q9UPQ7	36	187
A0AVK6	75	145
A4D1P6	396	424
P02489	110	150
P33121	259	313
P33121	459	474
P51172	574	635
Q13591	488	959
Q14153	24	99
Q3KNT9	96	144
Q5EBN2	30	78
Q5EBN2	94	138
Q5THJ4	1435	1465
Q5THJ4	2149	2191
Q5THJ4	2352	2384
Q6ZRU5	121	147
Q6ZTK2	496	527
Q6ZVW7	13	76
Q6ZVW7	391	464
Q86SR1	552	602
Q8N3F8	0	20
Q8N3F8	156	229
Q8N972	93	640
Q8TD17	331	586
Q8TF39	383	743
Q96AP4	0	64
Q96AP4	169	244
Q96EK2	316	418
Q96JB6	98	167
Q96JB6	245	292
Q96JB6	364	421
Q96JB6	500	530
Q96PN7	729	780
Q96PN7	1081	1108
Q9BYH1	440	463
Q9H1K0	145	204
Q9H1K0	240	276
Q9NP61	87	107
Q9P2G1	165	208
Q9P2G1	324	365
Q9P2G1	511	547
Q9Y5S2	1030	1090
O00472	83	143
O75841	180	228
O95714	2370	2424
O95714	2705	2792
P51786	93	505
P60880	73	127
Q02817	161	385
Q02817	516	630
Q02817	665	835
Q02817	989	1264
Q02817	1326	1397
Q02817	1774	1836
Q02817	1868	1888
Q02817	4434	4484
Q02817	4528	4599
Q02817	4720	4768
Q02817	4790	5198
Q02817	5216	5275
Q15527	36	137
Q49AJ0	381	439
Q49AJ0	1025	1060
Q5K4E3	230	255
Q5K4E3	340	385
Q5K4E3	567	590
Q5TBA9	2797	2821
Q6ZN18	253	272
Q6ZN18	308	350
Q7Z4N2	1244	1326
Q7Z4N2	1416	1490
Q86TA4	48	79
Q86UK0	74	100
Q86UK0	1841	1878
Q8IVP9	77	401
Q92576	705	781
Q92576	1108	1171
Q99645	104	146
Q9BQ16	70	206
Q9BQ16	270	286
Q9BQ16	316	397
Q9BUB4	226	242
Q9H0B8	205	244
Q9H0B8	275	315
Q9H0B8	394	431
Q9H4E5	0	22
Q9H4E5	194	213
Q9NP80	30	82
Q9NXT0	50	398
Q9ULI1	969	999
Q9ULI1	1710	1741
A0A087WV62	82	114
A6NP11	66	494
P04155	27	83
P35354	13	54
P47872	103	130
Q14533	0	111
Q14533	370	504
Q14896	1250	1273
Q14938	97	116
Q14CM0	541	612
Q15111	101	131
Q15424	425	481
Q5T848	372	413
Q63HQ2	352	382
Q63HQ2	543	588
Q63HQ2	775	822
Q6R6M4	85	129
Q8IWY4	33	457
Q8IWY4	583	816
Q8WUH1	0	27
Q96BY6	614	655
Q96GY0	108	152
Q96GY0	289	324
Q9H3S3	191	227
Q9HAS3	656	690
Q9HBD1	399	453
Q9HDB9	530	599
Q9NQ29	0	74
Q9UBW7	332	759
Q9UBW7	1317	1342
Q9UJY4	329	391
O00238	23	106
O14960	27	60
P10153	69	160
P35070	32	113
P98182	116	137
P98182	247	394
Q09428	651	676
Q14596	193	286
Q15406	47	132
Q53T94	0	42
Q5VZ89	1070	1087
Q5VZ89	1471	1547
Q6ZT77	104	176
Q86U44	253	344
Q8N158	29	77
Q8N2C7	594	639
Q8N2C7	1359	1398
Q8NEX6	36	83
Q8NFA0	454	528
Q8NFA0	720	749
Q8NFA0	1037	1064
Q8NFA0	1223	1268
Q8TEW6	13	71
Q8WU68	133	184
Q96AZ6	0	27
Q96QS1	155	188
Q9BUG6	351	489
Q9H0E7	311	347
Q9NTX7	19	57
Q9P0K1	386	595
Q9P0K1	675	722
Q9P2F8	1027	1055
Q9P2F8	1571	1631
Q9UIJ5	119	166
D6R901	79	131
O00144	97	150
O15197	278	370
O15197	398	460
O43164	614	683
O75443	592	635
O75443	942	1081
O75443	1273	1486
O75443	1707	1812
O75443	2074	2126
O95197	307	331
O95202	36	101
O95985	690	740
P0C874	92	148
P0CW20	60	116
P0DPA2	348	381
P10827	38	117
P56524	648	682
Q02509	91	217
Q02509	321	409
Q03405	12	48
Q03405	62	307
Q08499	112	134
Q15486	71	133
Q5JPF3	1201	1252
Q5VWM3	447	476
Q68DK2	516	549
Q68DK2	1216	1268
Q68DK2	1809	1878
Q8IW36	131	383
Q8IW36	454	514
Q96A46	73	88
Q9BSG1	169	423
Q9H3Y0	214	252
Q9H9Y6	1067	1114
Q9HAZ1	46	102
Q9UBN4	168	192
Q9Y2A7	568	597
Q9Y2A7	614	640
Q9Y2M0	32	73
Q9Y2M0	126	165
A0AAG2SVG9	23	124
P01210	15	35
P0C7X2	181	234
P10109	97	177
P14784	324	388
P49840	379	428
P52747	219	445
P78395	482	508
Q1MX18	540	578
Q8IUH5	435	470
Q92782	22	144
Q92782	192	225
Q92782	257	386
Q96A56	119	140
Q96IW7	148	185
Q9BZL6	165	194
Q9BZL6	280	322
Q9C019	0	121
Q9NVS9	145	179
Q9UKQ2	373	575
Q9UKQ2	590	664
Q9UMN6	961	1025
Q9UMN6	1226	1403
Q9UMN6	2692	2714
Q9Y242	287	344
A0A140TA62	24	121
A0A140TA62	394	435
A8MTA8	180	205
P02788	180	266
P02788	374	399
P19387	82	130
P21359	1371	1391
P35590	216	372
P49711	265	577
P51805	490	547
P51805	648	748
P51805	797	863
P51805	881	990
P78348	321	355
Q07011	16	149
Q08629	65	204
Q08629	312	369
Q13203	391	473
Q14191	914	959
Q14191	1052	1080
Q2VPK5	373	405
Q2VPK5	425	504
Q49AM3	0	36
Q49AM3	410	425
Q5VUJ6	681	718
Q8TDD2	271	343
Q93097	306	390
Q96P48	665	729
Q96RE9	235	602
Q9P243	115	150
Q9P243	808	852
Q9P243	912	1021
Q9P2M4	187	246
Q9UEG4	140	541
Q9UEG4	559	601
Q9UEG4	650	689
Q9UEG4	760	786
Q9UEG4	841	868
Q9Y2K1	112	158
Q9Y2K1	201	264
Q9Y2K1	419	472
Q9Y2K1	502	622
A1YPR0	347	397
A1YPR0	428	478
A5X5Y0	347	363
O95159	0	22
O95159	80	116
P09884	662	692
P09884	1255	1321
P46721	115	145
P51504	37	142
P51504	211	272
P53041	456	479
P53801	36	72
P55317	229	267
Q09666	538	583
Q09666	2805	2823
Q09666	5514	5538
Q12836	112	183
Q12836	433	475
Q13651	523	542
Q13686	296	372
Q16665	728	825
Q63ZY6	170	197
Q6ZWK6	170	200
Q8NCK3	100	437
Q96AQ6	574	606
Q96H86	165	354
Q96MC5	186	203
Q96N23	3018	3048
Q9BWM5	128	574
Q9H2C0	266	292
Q9H9A7	447	478
Q9NQ38	87	416
Q9NQ38	432	618
Q9NQ38	847	898
Q9NQ38	916	967
Q9NQ38	994	1044
Q9NTM9	17	58
O14490	201	245
O14490	438	508
O76009	0	79
O76009	358	403
P05067	149	198
P05067	281	357
P09619	423	469
P10826	79	160
P15976	70	110
P15976	192	294
P17787	369	405
P26842	20	126
P43489	12	148
P53803	7	50
P78396	47	88
P78396	99	158
P98175	194	247
Q12899	1	77
Q13029	350	413
Q13029	1307	1368
Q13029	1439	1478
Q13106	129	436
Q13201	201	216
Q13201	228	291
Q13201	1007	1084
Q15375	225	336
Q15646	326	345
Q53EL9	809	892
Q6NT52	90	124
Q6P4A8	462	490
Q6UW32	12	80
Q6UXV0	13	66
Q6UXV0	187	274
Q6ZRF8	13	162
Q6ZWJ1	110	186
Q7RTY9	231	251
Q86UX7	171	221
Q86YI8	221	295
Q8IXT2	33	87
Q8ND25	134	180
Q8WWZ3	88	114
Q9BTE6	0	36
Q9BTF0	458	502
Q9BYS1	0	95
Q9BYS1	125	173
Q9H0P7	165	196
Q9H211	461	493
Q9P2V4	280	295
Q9UK53	347	412
Q9UPG8	58	211
Q9UPG8	246	279
A0A0G2JLG4	344	410
B4DH59	21	290
B4DH59	899	933
B4DH59	974	1008
B4DH59	1284	1326
O00151	244	273
O15047	1689	1706
O75581	271	315
O75581	588	604
O75581	1198	1357
P00740	33	192
P08887	117	135
P16473	1	47
P16473	373	413
P29083	113	174
P49913	67	133
P55011	550	580
Q08ET2	149	225
Q12857	88	118
Q13145	18	121
Q13145	200	236
Q15935	87	541
Q52LR7	399	466
Q52LR7	502	535
Q5TAA0	122	167
Q7Z5Q1	308	326
Q7Z5Q1	525	541
Q8IVL6	566	593
Q8IZJ3	891	909
Q8IZJ3	1659	1753
Q8N6C8	156	183
Q8N6C8	276	302
Q96A83	54	95
Q96A83	113	147
Q96Q42	221	268
Q96Q42	387	419
Q99748	150	196
Q9C0F3	131	469
Q9H4G8	8	71
Q9HBW1	40	64
Q9NX70	109	134
Q9NZU5	15	70
Q9NZU5	236	273
Q9UGM5	211	261
I3L3R5	51	86
O14594	309	361
O14594	1006	1119
O14594	1218	1270
O15151	297	342
O15151	425	488
O43353	369	400
P07358	54	165
P07358	499	562
P46939	2164	2196
P49767	163	185
P49767	215	418
P51522	61	242
P51522	273	327
P51522	422	511
P55157	851	892
P56915	77	135
P58166	270	346
P78357	718	733
P78357	938	999
Q0VDF9	481	506
Q15811	1603	1638
Q2VY69	135	592
Q5T1V6	97	142
Q6S545	133	162
Q6UWL2	27	55
Q6UWL2	70	251
Q6UWL2	262	286
Q6ZN79	147	299
Q7Z5L9	496	583
Q8N490	317	373
Q8N9Q2	0	41
Q8TEW8	587	624
Q969J5	65	131
Q96M69	719	754
Q96NY9	158	183
Q99439	139	175
Q9H116	315	617
A0A0A0MS03	77	113
A6BM72	72	835
A6NGN4	453	477
A8MXU0	20	53
O00237	563	605
O00237	649	669
O43593	91	139
O43593	159	214
O43593	591	700
O75339	130	244
O75339	419	503
P01703	84	117
P23352	48	116
P23352	127	189
P28331	680	726
P42684	1075	1174
Q14134	164	261
Q5T0J7	169	199
Q5VWK0	511	527
Q6UXN2	0	57
Q86VF2	460	477
Q86VF2	1126	1250
Q8NCA9	52	148
Q8NCA9	196	272
Q96A99	455	477
Q96G46	117	213
Q96PC2	213	252
Q99835	105	223
Q9H898	1	109
Q9NQW5	169	224
Q9NQW5	247	263
Q9UKP4	107	177
Q9UKP4	347	378
Q9UKP4	391	415
Q9UKP4	492	595
Q9UKP4	645	710
Q9UKP4	839	984
Q9UKP4	1414	1676
Q9ULI4	66	145
Q9ULI4	206	242
Q9UNE2	83	146
Q9Y5F9	719	795
Q9Y5X9	297	329
Q9Y6C2	58	133
Q9Y6C2	558	606
A0AVI4	279	361
O15297	370	387
O43451	86	129
O43451	963	999
O43451	1416	1474
O43451	1860	1892
O43451	2312	2375
P07199	189	238
P0DN86	91	126
Q14990	33	87
Q14990	110	249
Q15075	1345	1410
Q1ZYL8	136	158
Q1ZYL8	192	231
Q4G1C9	203	236
Q86T03	75	155
Q86T03	175	214
Q8N7B6	231	247
Q8N7K0	114	672
Q8N9Z0	85	127
Q8N9Z0	216	349
Q8N9Z0	392	458
Q8NHY2	117	143
Q8NHY2	153	179
Q8TBZ5	10	93
Q8TBZ5	133	543
Q96MI6	68	105
Q96RD9	149	186
Q96RD9	346	361
Q96S65	97	126
Q96S65	226	305
Q99650	846	905
Q9BR11	290	389
Q9BSK1	74	384
Q9NQR7	68	130
Q9NRG4	254	280
Q9P218	613	641
Q9P218	1025	1068
Q9UPT5	280	356
Q9Y620	35	100
Q9Y620	197	264
Q9Y620	818	878
A0A1B0GWH4	143	183
O76014	14	117
O94901	189	215
P60331	10	56
Q08380	99	133
Q15027	408	434
Q15027	599	616
Q15027	626	645
Q16877	14	29
Q32P44	295	324
Q3KNS6	140	431
Q495C1	0	63
Q5H9K5	207	277
Q5T6C5	55	74
Q5T6C5	89	110
Q5T6C5	237	277
Q5T6C5	404	450
Q68BL7	25	110
Q8NCE0	208	283
Q8NFW8	373	409
Q8TB69	117	539
Q92696	334	361
Q96GF1	32	88
Q9H4T2	229	347
Q9NT22	425	481
Q9NTU7	41	65
Q9Y426	448	481
Q9Y5F0	725	776
Q9Y5W7	93	120
A8MUP2	13	34
O60637	141	197
O75882	87	150
O75882	245	332
O75882	649	786
O75882	879	1019
O75882	1036	1148
P54762	246	326
P54762	348	384
Q06889	277	352
Q15825	380	414
Q3ZCT1	15	291
Q3ZCT1	328	411
Q5HY98	130	280
Q5VVP1	1190	1269
Q6WBX8	365	425
Q6ZNG0	210	420
Q6ZVH7	270	334
Q7Z410	134	211
Q7Z410	967	1030
Q8N1D0	94	199
Q8N3J2	55	82
Q8NA57	0	29
Q8NB46	473	531
Q8NB46	1037	1073
Q96IG2	408	426
Q9BVT8	153	171
Q9H8Y1	418	443
Q9NW07	167	395
Q9NWS0	52	87
Q9Y5W5	171	356
Q9Y6G3	11	71
O00482	69	166
O14745	157	257
O15360	78	136
O15360	617	636
O15360	960	977
O15393	105	146
O43918	294	349
O43918	417	481
O77932	223	263
P04085	90	190
P08476	238	256
P08476	343	363
P32926	233	268
P32926	574	595
P32926	674	720
P32926	777	806
P32926	821	912
P35670	351	420
P35670	481	504
P35670	1104	1125
P43121	304	323
P49619	310	385
P49619	730	770
P78332	539	572
Q00987	302	334
Q00987	433	490
Q05655	183	218
Q08ER8	182	320
Q08ER8	394	571
Q14644	698	724
Q16822	409	439
Q499Z4	0	138
Q499Z4	189	424
Q5TEC3	165	238
Q5TEC3	350	544
Q6PF04	54	117
Q6PF04	193	554
Q8N2S1	43	84
Q8N2S1	152	191
Q8N2S1	268	465
Q8N2S1	548	1129
Q8N2S1	1178	1411
Q8N2S1	1527	1622
Q8N6Q3	71	92
Q8N6Q3	112	391
Q8NE09	214	246
Q8NI32	47	156
Q8TDQ0	267	300
Q8WU90	78	148
Q96CX3	18	270
Q9BRB3	634	670
Q9BUK6	388	496
Q9NR12	273	290
Q9NWN3	107	143
Q9NWN3	159	198
Q9NWN3	219	243
Q9NWN3	624	705
Q9NWS9	385	443
Q9NYW8	94	200
Q9NYW8	224	709
Q9P265	933	978
Q9UJW8	278	317
Q9UJW8	346	691
Q9UPY3	628	664
Q9UPY3	747	763
Q9UPY3	1085	1108
Q9UPY3	1493	1553
Q9UPY3	1629	1656
I3L3L1	95	121
O15446	30	66
P17035	207	717
P18754	93	116
P41732	162	218
P56645	509	569
P59282	8	54
P68133	7	44
P84550	131	172
P84550	189	212
Q15822	405	454
Q32MK0	497	535
Q5SXM1	73	178
Q5SXM1	195	524
Q6P1W5	185	204
Q8IVC4	172	406
Q8IXM7	36	136
Q8WW33	7	86
Q8WWQ8	76	359
Q8WWQ8	677	999
Q8WWQ8	1269	1316
Q8WWQ8	1330	1548
Q8WWQ8	1565	1601
Q8WWQ8	1894	2193
Q96II8	670	730
Q96N22	57	241
Q96N22	253	626
Q99698	2965	3060
Q9P2K9	621	650
Q9P2K9	967	998
B7ZLF3	29	151
I1YAP6	0	66
O60870	3	56
O95980	29	58
O95980	97	828
P01854	290	330
P0CG36	75	158
P0DPD5	106	510
P14151	152	329
P21860	173	351
P21860	474	644
P22749	36	144
P23508	510	543
P54132	1054	1075
P55017	38	53
P60368	12	61
P62070	184	203
Q00403	11	55
Q07869	93	188
Q2TBC4	169	212
Q3KNS1	103	125
Q5VYS8	934	999
Q5VYS8	1330	1382
Q6DJT9	31	149
Q6DJT9	166	271
Q6ZMU1	320	357
Q7Z7B8	16	60
Q86UB2	39	81
Q8N5W9	75	109
Q8N9L1	194	287
Q8TBB1	59	80
Q8TBB1	108	138
Q96CC6	481	640
Q96PL5	405	424
Q9BQI9	207	275
Q9NQ31	79	140
Q9NTI2	449	483
Q9Y334	194	237
Q9Y6R1	429	448
C9JLJ4	79	134
P0CW19	60	116
P31150	384	421
P48745	13	356
P49841	321	371
P52738	154	456
Q12923	288	315
Q13705	76	120
Q14678	526	656
Q14678	678	708
Q5HYM0	747	790
Q5T4F4	330	410
Q6NSI8	502	552
Q8IZF0	217	252
Q8N573	207	293
Q8TCU6	948	987
Q8TCU6	1000	1047
Q8TCU6	1550	1590
Q9BZS1	138	175
Q9BZS1	185	299
Q9C073	87	139
Q9C073	324	397
Q9H1K6	54	85
Q9H1K6	305	346
Q9NRL2	1148	1201
Q9NX58	0	65
Q9Y4F3	170	323
A8MXY4	146	208
A8MXY4	221	833
M0QZD8	24	52
M0QZD8	1926	1951
M0QZD8	2674	2745
M0QZD8	3147	3213
M0QZD8	3226	3265
O60813	449	477
P00533	173	351
P00533	482	643
P04090	159	184
P22413	79	211
P22413	589	649
Q00653	106	139
Q5T5D7	122	377
Q6MZP7	515	579
Q6MZP7	589	651
Q6MZP7	678	748
Q6UXS0	146	185
Q6ZQY2	48	176
Q7Z5J4	1675	1717
Q7Z5J4	1851	1905
Q86VF7	0	25
Q86VF7	37	147
Q86VF7	1315	1352
Q86VF7	1450	1485
Q86WI3	613	636
Q8IY82	210	265
Q8IZ52	283	330
Q8TDM0	147	176
Q8TDZ2	687	756
Q8WXA8	349	370
Q93008	1717	1736
Q96FC9	241	296
Q96FC9	856	900
Q96KQ7	424	542
Q96KQ7	919	999
Q96MD7	30	114
Q96PQ0	652	771
Q96RN1	601	650
Q9BUY5	5	54
Q9BUY5	128	235
Q9BUY5	308	553
Q9BVI0	643	698
Q9H4Q3	465	513
Q9H4Q3	568	651
Q9H5U6	117	140
Q9H5U6	376	465
Q9NRD9	1514	1546
Q9NYA4	1101	1183
Q9UPP1	31	101
A0AVT1	582	623
A1KZ92	708	739
A1KZ92	817	860
A1KZ92	1290	1323
A1KZ92	1397	1458
E7ERA6	44	151
O60609	33	111
O60609	208	334
O75954	154	184
O94907	72	153
O94907	173	265
O94986	1392	1429
P0DJD4	418	459
P10828	87	182
P13284	157	208
P13284	226	249
P43250	89	115
P43250	409	575
Q12816	1019	1077
Q12816	1134	1199
Q14142	13	64
Q15047	730	797
Q504Q3	634	671
Q6ZMM2	41	92
Q6ZMM2	140	197
Q6ZMM2	414	440
Q6ZNL6	1261	1309
Q8IW70	389	439
Q8N2H9	288	318
Q8N2H9	353	468
Q8N3P4	1290	1321
Q92670	262	301
Q92670	313	425
Q96JM2	56	80
Q96JM2	91	111
Q96JM2	122	186
Q96JM2	221	275
Q96JM2	428	497
Q96JM2	829	860
Q96JM2	1186	1267
Q96JM2	1458	1556
Q96JM2	1651	1708
Q96JM2	2044	2116
Q96JM2	2202	2259
Q96JM2	2292	2370
Q9BUD6	227	250
Q9BUD6	270	330
Q9C030	0	73
Q9C037	0	133
Q9C0A0	563	596
Q9C0A0	709	747
Q9C0A0	935	999
Q9C0A0	1014	1029
Q9C0A0	1151	1181
Q9NQ86	102	258
Q9NZH6	175	210
Q9UBR4	50	99
A4QPH2	217	311
A6NFK2	190	247
O75074	155	283
O75074	359	485
O95835	860	902
P14138	89	111
P14138	125	185
P43632	129	199
P52333	1081	1122
Q02985	101	222
Q02985	235	300
Q02985	314	329
Q16600	144	456
Q5R3K3	74	96
Q5R3K3	130	164
Q5TA79	53	105
Q6PGQ7	102	134
Q6U7Q0	57	388
Q76B58	271	293
Q76B58	406	488
Q86VB7	127	157
Q86VB7	237	262
Q86VB7	354	373
Q86VB7	539	575
Q86VB7	629	735
Q86VB7	745	777
Q86VB7	852	933
Q86WB7	162	195
Q8IUD6	20	84
Q8IUD6	247	284
Q8IUQ4	32	143
Q8WUH2	810	842
Q969P0	318	352
Q9HCC9	556	592
Q9HCC9	775	886
Q9NQE9	35	72
Q9NR16	657	681
Q9NR16	979	999
O00220	132	229
P01112	168	188
P05107	15	80
P05107	444	676
P12525	116	151
P23769	287	393
P56730	354	382
P56730	565	621
P56730	790	831
Q04771	22	56
Q04771	66	117
Q14526	502	611
Q15493	0	21
Q2I0M4	35	70
Q5H9R4	1979	1999
Q68DU8	277	302
Q6GYQ0	1029	1053
Q6P9A1	167	196
Q6P9A1	226	598
Q6UXH8	38	235
Q7LFX5	0	47
Q86XT4	45	76
Q8IWR0	430	450
Q8IWR0	716	796
Q8IWR0	842	935
Q8N149	276	301
Q8N149	355	411
Q8N1W1	344	375
Q8N1W1	651	711
Q8N8N0	0	63
Q8NCM8	4224	4306
Q9HB15	27	48
Q9NQ03	179	293
Q9NY37	349	388
Q9P0L1	378	748
Q9UJT2	52	90
Q9UJT2	387	505
C9JSJ3	254	287
C9JSJ3	538	596
O00519	237	278
O43184	356	595
O43184	658	705
P01861	22	116
P05981	337	368
P15622	74	120
P15622	186	559
P62508	95	211
Q01101	257	317
Q01101	433	509
Q15788	183	230
Q3SY52	117	486
Q3T8J9	1157	1217
Q5VIY5	203	521
Q68D86	31	79
Q6Y2X3	532	568
Q8IZF2	669	715
Q8IZF2	962	999
Q8N8K9	0	83
Q8N8K9	597	623
Q8WTR8	145	359
Q96K75	139	396
Q96RL1	211	287
Q96RL1	497	534
Q96RL1	557	595
Q9C0B5	101	141
Q9H1H1	0	64
Q9H1H1	100	128
Q9HCE3	599	622
Q9HCE3	743	851
Q9HCE3	865	895
Q9HCE3	1018	1114
Q9HCE3	1183	1216
Q9NZV1	22	884
Q9UK10	120	705
Q9UL49	113	129
Q9Y314	0	68
Q9Y314	193	241
Q9Y330	265	288
Q9Y330	364	442
A0A0B4J1T7	11	120
O15055	573	610
O15055	1182	1230
O60241	197	223
O60241	309	532
O60241	873	928
O60241	1113	1150
O60241	1213	1283
O60241	1316	1343
O60811	446	473
O96028	661	860
O96028	1000	1067
O96028	1179	1206
O96028	1236	1331
P02545	568	596
P06681	26	166
P06681	461	478
P0DP73	23	62
P21741	33	127
P35858	33	57
P35858	565	604
P69849	965	984
Q14993	232	285
Q5D1E8	284	336
Q5HYC2	497	527
Q5HYC2	539	591
Q5HYC2	1259	1294
Q5TD97	0	216
Q5TD97	245	283
Q5TI25	1528	1571
Q5TI25	2754	2795
Q6NW40	85	164
Q86VM9	220	258
Q8IX03	611	633
Q8IYR2	213	252
Q8IYR2	286	321
Q8IYR2	565	652
Q8N720	201	471
Q8NEQ6	73	131
Q8NEX5	35	88
Q92540	125	151
Q96SC8	65	98
Q99612	198	282
Q9H1D9	279	313
Q9H7E2	516	539
Q9NXF7	94	126
Q9NXF7	153	202
Q9UPZ3	704	732
Q9Y238	1315	1340
Q9Y4C0	188	257
Q9Y4C0	628	663
Q9Y4C0	1032	1083
O75751	85	134
P08709	99	205
P23921	774	791
P32927	68	98
P32927	217	333
P34059	476	521
P52736	50	120
P52736	199	628
P53420	1492	1507
P53420	1596	1642
P53420	1671	1689
P98174	726	813
Q08AG5	118	374
Q08AG5	443	583
Q14508	30	123
Q16819	274	305
Q16819	662	718
Q4L235	698	718
Q5T1H1	175	413
Q5T1H1	515	596
Q5T1H1	627	1281
Q5T1H1	1525	1573
Q5T1H1	2330	2398
Q5T1H1	2585	2680
Q5T1H1	2880	2942
Q5T601	97	148
Q5VYX0	33	67
Q5VYX0	274	325
Q6P5W5	58	82
Q6UX98	92	122
Q6ZSG1	287	345
Q702N8	717	752
Q702N8	904	943
Q70CQ3	216	311
Q70EK9	221	241
Q70EK9	467	528
Q70EK9	540	600
Q7RTY8	463	611
Q7RTY8	771	800
Q86UV5	41	62
Q86UV5	641	728
Q8WWY6	80	135
Q8WY91	325	374
Q96P47	832	849
Q9BXA9	408	479
Q9BXA9	662	766
Q9BXA9	971	1040
Q9BXA9	1117	1184
Q9H6A9	635	674
Q9H6A9	1412	1436
Q9H799	1655	1705
Q9H8X9	108	155
Q9H8X9	310	338
Q9NXD2	721	767
Q9UBS4	153	228
Q9Y2G7	108	384
Q9Y2G7	430	518
Q9Y2K6	12	73
Q9Y6J0	561	584
A8MUX0	2	230
A8MUX0	391	481
O75509	51	211
O75764	166	220
O75764	294	347
O95872	206	234
P08138	26	193
P08174	74	129
P08174	213	281
Q13835	187	252
Q5FWF4	621	652
Q5FWF4	823	958
Q5FWF4	1016	1059
Q5JVF3	14	57
Q5VZL5	331	554
Q5VZL5	776	798
Q6BDS2	454	502
Q6ZQT0	0	139
Q8N1W2	284	496
Q8N1W2	554	603
Q8TEU7	92	133
Q96GE5	95	642
Q96MF0	0	126
Q99435	260	815
Q9BU89	229	299
Q9BY31	147	193
Q9BY31	255	663
Q9BY31	721	899
Q9BZ72	792	811
Q9H5V7	119	162
Q9H5V7	358	418
Q9H813	103	159
Q9P0M4	110	153
Q9P2E8	151	203
Q9Y2Y4	368	445
Q9Y483	100	162
Q9Y581	144	206
A0A1B0GX51	98	114
O14773	512	542
O14964	152	227
O76042	0	77
P02461	26	88
P02461	1228	1275
P30530	146	252
P78385	0	51
P78385	61	114
P78385	376	484
Q12933	19	238
Q13241	133	178
Q14721	672	696
Q15973	69	350
Q5H9R7	498	531
Q5T481	389	488
Q86TL0	419	461
Q8N5C8	1	73
Q8NDX5	773	828
Q8WXH0	6072	6122
Q96AP0	153	245
Q9BYV1	216	265
Q9H3R2	172	195
Q9H3R2	317	423
Q9ULD9	328	377
Q9UPQ3	604	642
A0AAG2TVJ1	374	413
O00562	552	576
O15254	411	433
O43257	94	153
O75373	101	535
P01213	11	57
P01860	13	52
P02795	0	59
P17019	101	562
P20908	1611	1690
P33992	163	217
P54105	110	133
Q10588	147	172
Q13263	56	93
Q13263	111	254
Q13263	618	680
Q13769	645	673
Q14005	295	327
Q15884	29	63
Q15884	140	180
Q495T6	73	97
Q5MCW4	134	359
Q5MCW4	380	685
Q5VST9	109	140
Q5VST9	250	273
Q5VST9	895	979
Q5VST9	1072	1154
Q5VST9	1297	1400
Q5VST9	1506	1703
Q5VST9	2533	2551
Q5VST9	3156	3182
Q5VST9	3251	3465
Q5VST9	3500	3528
Q5VST9	3553	3639
Q5VST9	3665	3702
Q5VST9	3743	4008
Q5VST9	4689	4711
Q5VST9	4954	5028
Q5VST9	7900	7934
Q6U841	660	718
Q8N104	19	64
Q8N5P1	184	222
Q8N859	173	441
Q8WV22	192	250
Q96J86	15	58
Q99523	441	464
Q99523	669	724
Q9NQT5	52	76
Q9UJ78	244	427
Q9Y2M2	151	248
A6NJZ7	1194	1220
A6NKW6	7	55
C9JE40	133	151
O15535	243	393
O60896	10	35
O95292	78	129
P0CJ79	213	717
P28906	165	231
P42701	165	213
P58294	12	104
P60328	0	95
Q04206	67	150
Q32MH5	19	75
Q5VV52	111	306
Q6PRD1	290	378
Q7L3S4	65	314
Q7Z7A3	275	311
Q8N0U4	0	39
Q8TEY7	29	96
Q93098	110	126
Q93098	152	200
Q93098	218	334
Q9BX84	13	48
Q9BX84	1442	1479
Q9C0B9	1009	1026
Q9H1Z9	226	259
Q9UBM4	116	147
Q9UDY8	711	738
O15235	53	99
O95633	25	238
O96018	362	397
P16112	2281	2373
P16112	2435	2508
P28698	356	458
P28698	483	729
P34896	373	405
P52739	307	393
Q14563	502	587
Q15413	1275	1312
Q15413	1899	1940
Q2M385	357	381
Q2M385	544	560
Q2TAL8	42	71
Q6UXM1	503	525
Q6UXM1	880	1003
Q6ZNI0	36	86
Q7L7V1	714	742
Q8IZF6	2381	2443
Q8IZP7	169	194
Q8NBF1	187	206
Q8NBF1	280	345
Q96NW4	401	442
Q96NW4	694	748
Q9BQS6	97	138
Q9HC57	72	198
Q9NQZ8	122	488
Q9UFP1	232	259
P01127	107	185
P0DP74	23	62
P40313	192	216
P41091	90	119
P43628	166	206
Q12767	1033	1062
Q1W4C9	27	88
Q504Y0	63	91
Q6PI73	81	102
Q6PI73	268	303
Q6PI73	372	405
Q7RTS7	110	130
Q8IUA0	38	240
Q8N141	152	374
Q8N141	442	531
Q8N895	240	261
Q8N895	275	456
Q8N895	529	574
Q8N9S9	282	301
Q8NA82	644	686
Q8WYA1	268	314
Q92743	35	152
Q96D46	0	67
Q96SE7	124	168
Q96SE7	240	441
Q96SE7	456	838
Q96SL8	20	125
Q96SL8	195	248
Q96SL8	330	379
Q96SL8	411	495
Q9BYP7	1209	1239
Q9BYP7	1254	1277
Q9H0M4	245	300
Q9H195	13103	13195
Q9H195	13265	13387
Q9H4E7	245	309
Q9ULV3	586	715
Q9ULV3	787	841
Q9Y263	0	21
Q9Y2I7	142	226
Q9Y6H3	73	107
A4D1E1	424	451
A4D1E1	601	670
A4D1E1	729	900
O14686	126	362
O14686	1463	1567
O14686	5019	5045
O14686	5093	5111
O15344	106	188
P00748	48	301
P00748	475	590
P00750	52	244
P00750	405	445
P00750	475	519
P03372	176	258
P0DUB6	143	173
P17025	165	273
P17025	314	622
P21941	224	275
P22570	332	357
P32297	357	430
P43629	83	101
P43629	218	298
P43631	166	202
Q15695	162	231
Q52M58	48	124
Q6PJE2	64	101
Q6PJE2	126	178
Q6Q0C0	118	169
Q6Q0C0	196	297
Q709C8	3700	3737
Q7RTU9	315	361
Q7RTU9	494	525
Q7Z3G6	116	150
Q7Z3G6	242	313
Q7Z736	670	720
Q86VR7	331	617
Q8N3F9	379	396
Q8NEZ4	120	166
Q8NEZ4	327	355
Q8NEZ4	373	536
Q8NEZ4	1045	1167
Q8NEZ4	4213	4258
Q8NEZ4	4885	4910
Q8TDW5	49	107
Q96BY7	1463	1504
Q96G91	169	195
Q96G91	317	336
Q9BQS8	1195	1233
Q9C0D4	78	109
Q9C0D4	119	165
Q9C0D4	273	324
Q9C0D4	460	508
Q9P2S2	178	287
Q9P2S2	681	712
Q9P2S2	1088	1119
Q9ULK6	252	281
Q9Y383	0	71
A6NDA9	22	48
E9PQ53	94	113
P11161	89	116
P11161	344	419
P20783	193	227
P21817	1769	1789
P23467	1352	1376
P23467	1533	1573
P38936	0	78
P41182	508	608
P41182	645	688
P43378	316	347
P51884	22	56
Q02386	124	219
Q02386	237	665
Q13285	0	104
Q16787	72	131
Q16787	291	726
Q16787	1249	1470
Q16787	1649	1840
Q3MIR4	63	89
Q3MIR4	134	165
Q5VTD9	122	326
Q6DD87	65	183
Q6DD87	274	292
Q6DD87	317	356
Q7Z5V6	11	42
Q8IWB7	312	333
Q8N228	83	128
Q8N441	199	235
Q8N8L2	25	436
Q8TDE3	40	130
Q9BVH7	81	140
Q9H8K7	208	244
Q9H8K7	299	383
Q9H8W5	0	47
Q9H8W5	82	240
Q9H8W5	358	408
Q9H8W5	505	577
Q9HBF4	14	117
Q9HBF4	408	473
Q9HBF4	593	666
Q9HBF4	722	776
Q9HC84	231	434
Q9HC84	552	872
Q9HC84	1035	1268
Q9HC84	1315	1435
Q9HC84	1499	1560
Q9HC84	1781	1889
Q9HC84	2302	2384
Q9HC84	2860	2944
Q9HC84	3562	3639
Q9HC84	4119	4203
Q9HC84	4927	4993
Q9HC84	5008	5064
Q9HC84	5211	5258
Q9HC84	5280	5752
Q9NZL3	160	706
Q9P0J1	0	85
Q9UJL9	155	200
Q9UJL9	284	371
Q9UJL9	382	533
Q9UKZ4	529	847
Q9UKZ4	1172	1190
Q9UKZ4	1472	1496
Q9UM47	42	1321
Q9UM47	1331	1502
Q9UM47	1787	1828
O95857	92	162
P04196	82	115
P04196	231	253
P0C7A2	0	24
P0DTU3	164	230
Q0D2K5	0	154
Q14929	76	94
Q14929	224	596
Q15303	171	354
Q15303	491	650
Q16568	68	115
Q5U5X8	316	374
Q6P179	495	521
Q6P1L6	238	598
Q6RFH5	38	57
Q86VH4	333	370
Q86X76	28	64
Q8IZD2	109	179
Q8IZD2	1070	1089
Q8IZD2	1103	1129
Q8NCD3	575	635
Q96BD0	198	219
Q96BD0	502	575
Q96KR1	327	356
Q96KR1	379	411
Q96KR1	568	611
Q96QE5	19	57
Q9GZU2	430	589
Q9GZU2	602	654
Q9GZU2	946	990
Q9GZU2	1104	1358
Q9GZU2	1504	1587
Q9NP62	54	128
Q9NSB4	44	115
Q9NSB4	434	491
Q9NZH5	177	201
Q9NZP8	182	251
Q9NZV8	557	595
Q9UDR5	331	413
Q9UHF7	424	465
Q9UHF7	556	642
Q9UHF7	663	720
Q9UHF7	886	943
Q9UHF7	1233	1271
Q9Y5L3	67	88
Q9Y5L3	284	314
A6NC86	14	51
A6NC86	65	203
A6PVC2	582	617
A6PVC2	766	838
O15353	327	358
O95977	324	341
O95996	1242	1282
P01344	49	94
P01591	78	158
P59991	0	145
Q13183	204	221
Q13506	86	126
Q13907	68	111
Q15155	965	984
Q5T4I8	31	56
Q5VTA0	458	473
Q86VZ4	110	168
Q86VZ4	327	352
Q8N6G6	32	100
Q8N6G6	111	191
Q8N6G6	331	446
Q8N6G6	467	846
Q8N6G6	1496	1760
Q8NFN8	729	770
Q8TE60	0	54
Q8TE60	530	575
Q8TE60	589	657
Q8TE60	695	748
Q8TE60	901	1220
Q92871	226	260
Q969H4	197	235
Q9BW19	527	576
Q9H7L2	273	351
Q9H7R5	148	677
Q9H977	300	315
Q9HC38	14	32
Q9UPX6	109	179
B2RTY4	2030	2058
B4DU55	177	562
O15304	97	174
O75382	10	176
P23771	260	361
P46459	8	32
P54922	96	127
P78552	89	119
Q05513	117	184
Q14258	0	210
Q5T7M9	325	369
Q63HR2	37	86
Q63HR2	633	716
Q63HR2	1237	1308
Q6PII5	225	289
Q8N1V8	87	123
Q92854	501	570
Q96A37	25	218
Q96NS5	233	320
Q99697	0	25
Q9BUH6	0	43
Q9H4P4	0	67
Q9H4P4	83	145
Q9NZV5	88	142
Q9P1U1	0	38
Q9P2Y4	59	110
Q9P2Y4	163	209
Q9P2Y4	270	324
Q9P2Y4	494	548
Q9UDV6	305	342
Q9UDV6	363	399
Q9UDV6	412	476
Q9UQD0	314	352
Q9UQD0	642	657
Q9UQD0	1155	1185
Q9Y3I0	468	504
Q9Y5B0	118	144
Q9Y6T7	316	382
Q9Y6T7	739	803
A0AAQ5BID4	0	24
O43255	71	173
P00734	84	302
P05556	3	74
P05556	455	694
P0CF97	59	111
P28300	199	221
P28300	279	326
P51815	352	501
P60508	31	66
P60508	109	170
Q12873	366	429
Q12873	455	518
Q4G0W2	82	111
Q5T1A1	599	686
Q6UW60	329	376
Q6UW60	585	676
Q6ZNA5	171	211
Q6ZVD7	204	271
Q8IYB7	140	168
Q8NFR9	64	94
Q92754	185	219
Q96F83	264	324
Q96RI1	78	225
Q9BX74	38	111
Q9H2U9	340	575
Q9H2U9	613	664
Q9H324	464	640
Q9H324	652	715
Q9H324	825	918
Q9H324	931	980
Q9H324	1000	1102
Q9P255	57	530
Q9P2J2	199	220
Q9P2J2	1130	1159
Q9Y6L6	445	510
A6NMB9	589	606
A8MTI9	225	251
B1AKI9	215	297
O00470	85	120
P02458	24	93
P02458	1258	1307
P0DUQ1	452	477
P20023	107	176
P20023	387	500
P20023	752	799
P21675	36	62
P36980	100	215
P36980	236	269
P55001	96	128
P55001	144	182
P59665	59	90
Q15434	84	135
Q15434	174	229
Q3B820	376	476
Q3KQV3	120	180
Q3KQV3	206	592
Q66K89	203	286
Q66K89	451	597
Q68DX3	728	755
Q6NSZ9	338	534
Q6NVV9	166	237
Q6NVV9	333	401
Q6UXH1	117	326
Q7Z304	490	530
Q8IUN9	119	148
Q8IUN9	265	307
Q8ND04	547	591
Q8ND04	608	651
Q8WUT4	546	597
Q92613	162	227
Q96JN8	316	331
Q96JN8	1269	1294
Q96JN8	1316	1406
Q96JX3	0	15
Q9BQ69	178	212
Q9BV68	205	278
Q9H694	414	448
Q9H694	464	480
Q9H7X3	124	373
Q9NQ30	16	160
Q9NQ34	35	100
Q9NXI6	29	64
Q9Y5E2	727	752
O14753	98	255
O15231	610	688
O43345	118	405
O43345	421	897
O43345	924	1127
P02768	105	145
P02768	263	330
P02768	442	552
P0DMR3	86	159
P15692	254	313
P15692	347	393
P24001	21	49
Q15916	332	411
Q5VYJ5	23	103
Q5VYJ5	212	290
Q5VYJ5	427	487
Q5VYJ5	627	657
Q5VYJ5	840	889
Q5VYJ5	1023	1095
Q5VYJ5	1250	1332
Q5VYJ5	1451	1539
Q5VYJ5	1696	1761
Q5VYJ5	1898	2073
Q6S5L8	389	469
Q70CQ2	2049	2075
Q7Z7B7	20	68
Q8IWS0	11	140
Q8IWS0	208	230
Q8IWS0	268	300
Q8N1N0	559	576
Q8WXB4	205	221
Q8WXB4	416	791
Q9BYM8	260	333
Q9BYM8	443	509
Q9GZV8	387	570
Q9H1B7	704	794
Q9NQV5	1	63
Q9UHI8	344	403
Q9UHI8	432	640
Q9UHI8	664	734
Q9UHI8	871	966
Q9Y4G6	693	760
Q9Y4G6	1017	1138
Q9Y4G6	1367	1582
H3BPM6	0	29
O14917	74	134
O94811	60	98
O95602	50	76
O95602	511	556
O95602	888	950
P01308	80	109
P14866	443	569
P16562	169	242
P23229	75	145
P23229	536	561
P23229	643	668
P23229	955	999
P25942	9	182
P48742	0	124
P50993	407	482
Q03936	111	544
Q13275	540	584
Q14119	63	104
Q14119	168	335
Q15257	80	103
Q15323	0	62
Q15323	371	415
Q15915	292	383
Q2VWA4	99	208
Q8IZF7	28	159
Q8IZF7	393	430
Q8WXQ3	48	122
Q93086	111	175
Q96S66	47	74
Q9BYV2	0	15
Q9BYV2	51	91
Q9BYV2	107	173
Q9H091	237	264
Q9H091	305	347
Q9H091	636	679
Q9NVR0	640	685
Q9Y2T1	510	564
O15228	633	679
O75335	551	583
O94822	1732	1765
P01130	19	387
P01130	664	727
P06400	833	855
P07942	17	87
P07942	273	547
P07942	766	1178
P32298	107	152
P32298	190	223
P32298	419	457
P48995	186	206
P78536	404	647
Q00887	395	422
Q09328	637	740
Q13105	297	592
Q14586	92	157
Q14586	244	742
Q2M3W8	225	570
Q53H12	323	415
Q58EX7	159	182
Q58EX7	677	704
Q58EX7	1091	1132
Q6SJ93	39	88
Q8N2G4	15	105
Q8N944	208	244
Q8N944	474	511
Q8N966	73	106
Q8TDF6	35	71
Q8TDF6	555	591
Q8WX94	955	979
Q96DX8	138	180
Q99973	7	186
Q99973	1489	1505
Q99973	2044	2083
Q9BR84	77	207
Q9BR84	311	537
Q9H4Q4	233	316
Q9Y4E5	129	171
Q9Y4E5	409	478
Q9Y4E5	595	654
Q9Y4E5	710	733
Q9Y4E5	754	838
O00115	289	354
O43278	272	310
O43278	320	454
O75038	281	304
O75038	668	709
O95744	26	73
O95744	232	296
P10909	214	233
P10909	257	325
P14555	30	143
P20800	37	73
P21709	211	425
P29375	332	353
P29375	664	719
P29375	1168	1217
P29375	1598	1689
P49590	23	42
Q02505	2955	3041
Q02505	3111	3158
Q02505	3173	3233
Q13641	52	81
Q14207	756	800
Q5XXA6	365	402
Q6ECI4	218	716
Q6Q6R5	0	60
Q6Q6R5	114	189
Q6ZN19	120	152
Q6ZN19	164	321
Q6ZN19	332	406
Q6ZN19	473	792
Q8IVQ6	85	128
Q8IWU5	429	521
Q8IWU5	713	748
Q8N339	0	59
Q8TD86	0	26
Q8TE57	118	133
Q8TE57	151	191
Q8TE57	540	675
Q8TE57	688	752
Q8TE57	907	955
Q8TE57	1000	1121
Q92908	382	483
Q9BQ83	177	263
Q9BTV6	0	15
Q9BUZ4	0	269
Q9HAU0	75	121
Q9P1J3	6	64
Q9ULK2	36	91
Q9ULK2	103	125
Q9Y2L5	970	999
A6NM28	148	369
A6NMS7	823	864
A6NMS7	1043	1073
O14523	280	317
O14775	0	52
O43361	284	751
P0C7P0	45	111
P15088	235	278
P47989	138	204
P47989	1302	1332
P60852	206	273
Q14689	923	952
Q69YH5	318	375
Q6N021	1260	1290
Q6N021	1340	1411
Q6N021	1858	1885
Q6ZN68	335	369
Q6ZNJ1	704	739
Q96NX5	380	437
Q96T68	135	195
Q96T68	258	365
Q96T68	403	450
Q9BQI6	762	805
Q9HCZ1	199	679
Q9NX38	74	99
Q9UF12	0	17
Q9UII5	24	560
Q9UII5	601	782
Q9UKJ3	551	574
A0A1B0GUA7	99	143
O94892	195	496
O94892	507	523
O94892	534	646
P01185	12	127
P10643	18	147
P10643	449	520
P10643	540	582
P10643	644	842
P12110	590	608
P49763	73	140
Q05481	114	1179
Q05516	378	432
Q05516	458	490
Q05516	502	669
Q13351	277	361
Q30KQ9	23	66
Q3MIS6	102	131
Q3MIS6	172	627
Q5T4W7	191	219
Q6P9A3	130	639
Q6UWJ8	6	109
Q6UWV7	0	50
Q6UWV7	141	172
Q6UXZ4	261	390
Q8IYV9	216	238
Q8NC26	248	278
Q8NC26	290	416
Q8TDN2	97	149
Q8TE82	437	498
Q96T51	636	707
Q99717	96	138
Q9GZZ7	23	134
Q9GZZ7	205	264
Q9H1U4	195	448
Q9HB63	22	90
Q9HB63	254	480
Q9UGR2	404	476
Q9UGR2	681	723
Q9UGR2	754	784
Q9UGR2	871	919
A6NM11	823	864
A6NM11	1043	1073
O60673	189	204
O60673	1390	1441
O60673	3024	3065
O60673	3081	3112
O75147	1034	1063
O75147	1123	1158
O75147	1214	1251
O75147	1685	1712
O75147	1866	1895
O75369	1075	1099
O75369	2490	2524
O75792	16	45
O94842	571	614
P08294	193	227
P24821	90	633
P42694	149	208
P52735	134	174
P52735	559	614
P78325	150	192
P78325	301	650
Q16842	46	89
Q16842	147	176
Q17R60	674	755
Q4VX76	46	92
Q4VX76	278	310
Q5JVG8	102	443
Q8IWN7	74	107
Q8IWN7	352	414
Q8IWN7	1106	1176
Q8IXV7	309	353
Q8IYD2	320	349
Q8N9U0	0	91
Q8TAP6	474	523
Q96QT4	0	37
Q96QT4	1283	1305
Q96QT4	1772	1840
Q96RT7	290	315
Q9BQG2	290	313
Q9BSG5	105	182
Q9H3R0	608	693
Q9NY12	64	89
Q9P0T4	79	190
Q9Y3Y4	335	417
A6NCL2	31	158
B2RXF5	287	419
O15105	96	129
O15105	150	222
O94964	633	657
O94964	682	706
O94964	1334	1357
P0DTL6	126	242
P49116	116	189
Q02487	765	828
Q14515	425	518
Q3ZLR7	189	250
Q5T1J5	110	149
Q6EMK4	24	46
Q6EMK4	317	348
Q6EMK4	406	449
Q6NXP0	338	373
Q6ZNA4	891	993
Q7Z698	302	414
Q86TM6	266	336
Q8IYR6	55	146
Q8IYR6	161	239
Q8IYR6	261	319
Q8N1F8	668	721
Q8N782	202	478
Q8NDY4	116	139
Q92766	63	150
Q92766	200	344
Q92766	381	408
Q92766	766	804
Q92766	1514	1566
Q96RW7	4538	4884
Q96RW7	5079	5369
Q96RW7	5404	5529
Q9C029	4	68
Q9C029	124	181
Q9HCE7	133	176
Q9NZR4	241	279
Q9UIG8	457	525
Q9UJW7	102	159
Q9UJW7	192	265
Q9UJW7	341	824
Q9ULV8	350	409
Q9UPW8	583	610
Q9Y2K7	567	685
Q9Y6N6	30	98
Q9Y6N6	257	514
Q9Y6N6	663	1020
Q9Y6R7	430	480
Q9Y6R7	602	870
Q9Y6R7	1005	1262
Q9Y6R7	1385	1400
Q9Y6R7	1418	1671
Q9Y6R7	1845	1876
Q9Y6R7	1900	1916
Q9Y6R7	1935	2076
Q9Y6R7	2208	2462
Q9Y6R7	2618	2871
Q9Y6R7	3048	3117
Q9Y6R7	3136	3277
Q9Y6R7	3409	3669
Q9Y6R7	3817	4072
Q9Y6R7	4249	4318
Q9Y6R7	4337	4478
Q9Y6R7	4610	4858
Q9Y6R7	4986	5233
Q9Y6R7	5369	5404
A2PYH4	1135	1182
A2PYH4	1380	1424
O95248	1115	1156
P08861	203	238
P56975	282	350
P56975	522	568
P60372	11	52
Q15633	255	355
Q1L5Z9	142	225
Q2QD12	0	18
Q2QD12	170	227
Q5HYJ3	0	141
Q5SYB0	1320	1343
Q5SYB0	1436	1479
Q5U5Q3	602	658
Q6ZU67	158	210
Q71RG6	65	100
Q86T13	127	285
Q8IUX8	27	288
Q8IVN8	11	97
Q8IVN8	110	263
Q8IZL8	513	530
Q8IZL8	567	633
Q8TE58	321	356
Q8TE58	366	396
Q8TE58	422	441
Q8TE58	459	591
Q8TE58	635	683
Q8TE58	852	948
Q96IP4	51	70
Q9BS31	170	424
Q9BYT5	0	73
Q9NW08	1080	1110
Q9UNI6	214	251
A0JNW5	469	490
A0JNW5	587	623
D6RIA3	106	148
O00712	96	117
O15534	274	345
O76050	535	566
P15918	94	146
P15918	187	244
P15918	311	338
P16519	354	386
P30260	130	190
P49790	632	692
P49790	716	767
P49790	781	823
P49790	846	885
P49863	137	163
P49863	185	241
P52743	66	84
P52743	114	201
P59990	0	95
Q14692	708	777
Q14872	105	160
Q14872	222	305
Q4U2R8	82	113
Q68DD2	265	313
Q8NAC3	80	134
Q8NAC3	392	417
Q8NAC3	472	500
Q8WWL2	558	698
Q8WZ59	35	91
Q92844	314	352
Q92844	371	424
Q99102	4600	4626
Q99102	5024	5166
Q99102	5318	5360
Q9BXN1	62	100
Q9C0K0	45	94
Q9C0K0	178	264
Q9C0K0	426	480
Q9C0K0	792	874
Q9H7Z3	171	216
Q9H871	366	386
Q9HCL2	47	78
Q9NSC2	36	77
Q9NSC2	439	506
Q9NSC2	665	791
Q9NSC2	1000	1064
Q9NSC2	1124	1175
Q9NSC2	1190	1216
Q9NYP9	71	162
Q9UK17	453	491
Q9UPM8	962	999
A1L4K1	137	201
O43854	22	174
O60259	112	250
O95073	98	126
P15336	1	61
P31689	120	217
Q07352	114	190
Q16602	90	129
Q68DL7	304	329
Q6PJF5	483	532
Q6PJF5	547	629
Q6PJT7	591	661
Q6PJT7	674	729
Q6UX15	172	191
Q6UX15	308	355
Q6UX82	11	146
Q6UX82	173	202
Q6VVB1	22	90
Q86SG6	476	613
Q86SG6	666	684
Q8IW19	372	394
Q8IZC7	68	128
Q8IZC7	164	423
Q8N126	187	252
Q8N9K5	155	529
Q8NG48	542	573
Q8WUP2	175	372
Q96H15	42	68
Q9H2X0	46	124
Q9H2X0	639	656
Q9H2X0	712	765
Q9H2X0	775	939
Q9HAZ2	81	128
Q9HAZ2	250	452
Q9HAZ2	941	1034
Q9HCM2	501	558
Q9HCM2	751	766
Q9HCM2	814	862
Q9NVW2	526	623
Q9UBC3	432	455
Q9UBC3	471	498
Q9ULJ3	538	614
Q9ULJ3	656	689
Q9ULJ3	714	800
Q9UPA5	170	229
Q9UPA5	460	525
Q9UPA5	1736	1752
Q9UPA5	1898	1915
Q9UQR1	161	182
Q9UQR1	210	295
O43463	0	38
O43463	379	411
O95180	271	348
O95625	684	923
P02749	120	344
P04004	17	69
P07205	382	411
P41229	301	391
P41229	1179	1228
P48059	0	37
P48059	113	196
P49754	815	853
Q13231	425	465
Q14061	21	62
Q15714	406	428
Q16270	36	88
Q16270	110	162
Q16609	18	130
Q2M243	174	201
Q2M3C7	32	106
Q30KQ4	25	81
Q5JQC9	6	35
Q5JQC9	123	176
Q5JQC9	549	576
Q5JQC9	746	761
Q86SQ4	368	393
Q86SQ4	816	832
Q86V15	481	694
Q86V15	1155	1215
Q86V15	1275	1302
Q86V15	1495	1591
Q8N9M5	145	170
Q8NAX2	71	114
Q8NDL9	418	456
Q8NDL9	517	544
Q8WX93	416	444
Q8WX93	484	544
Q8WX93	1053	1082
Q8WX93	1133	1177
Q92824	186	226
Q92824	607	1747
Q96JI7	1413	1433
Q9H6R6	101	132
Q9NT68	564	889
Q9NT68	1512	1539
Q9P0P0	46	139
Q9UGK8	310	416
Q9UIW2	536	616
Q9UIW2	801	868
Q9UIW2	1092	1121
Q9UK39	83	141
Q9UPN3	843	877
Q9Y485	961	994
Q9Y5A6	271	470
Q9Y5B8	225	243
A6NFZ4	59	104
O95813	188	219
P04054	35	147
P04233	194	266
P13056	121	196
P24043	57	109
P24043	282	539
P24043	716	1178
P24043	1356	1572
P24592	27	99
P24592	162	216
P36897	77	118
P40394	106	122
P56192	408	448
Q13572	397	413
Q13875	17	72
Q2UY09	1095	1124
Q3KNT7	63	107
Q4KMX7	108	168
Q5J5C9	21	60
Q68DY9	159	488
Q6UWZ7	178	203
Q6UWZ7	264	335
Q6XR72	397	436
Q76KX8	219	673
Q8TAT5	244	301
Q8TAT5	314	375
Q96CK0	331	361
Q96CK0	523	606
Q96MM3	38	133
Q96MM3	166	231
Q96ND0	0	33
Q96QF0	383	415
Q96SR6	216	549
Q9P2Z0	11	80
A6NP61	246	320
O14654	1043	1089
O43623	120	267
O75949	345	387
O95081	26	52
O95190	7	59
O95600	267	352
P05106	24	90
P05106	449	704
P05997	35	97
P05997	1294	1348
P17026	40	193
P24666	101	146
P41439	32	184
P42127	94	131
P43354	253	335
P63135	1028	1047
Q2I0M5	22	176
Q3C1V9	58	94
Q3ZCX4	143	641
Q499Y3	60	118
Q6P4I2	203	276
Q6ZQY7	81	125
Q6ZS49	0	25
Q6ZVU0	80	108
Q7RTZ1	224	278
Q7Z3S9	0	230
Q8NFY9	256	285
Q92619	703	751
Q92630	454	506
Q969D9	56	84
Q96C12	169	197
Q96C12	811	835
Q9BZJ3	176	196
Q9BZJ3	207	227
Q9GZM7	36	101
Q9GZM7	119	140
Q9GZM7	243	336
Q9NS23	60	118
Q9UHN6	1141	1159
Q9ULL8	111	150
Q9ULL8	855	946
A0A0G2JMH3	96	119
A0A0G2JMM0	253	321
A2RUU4	30	117
A8MTQ0	70	149
O14618	135	154
O14618	214	251
O60320	124	162
O75558	268	286
O75829	271	333
O95409	237	276
O95409	320	412
P07911	21	221
P07911	267	326
P29317	208	392
P48443	125	215
P60371	13	63
P86452	278	304
Q02535	0	28
Q13485	308	327
Q13519	10	76
Q5SNT2	46	137
Q5VUJ5	94	116
Q5VUJ5	439	475
Q5XPI4	1243	1306
Q6UWH4	386	410
Q71RG4	226	248
Q8NFU7	76	113
Q8NFU7	282	342
Q8NFU7	582	629
Q8NFU7	918	948
Q8NFU7	1308	1389
Q8NFU7	1542	1729
Q8WWA0	257	279
Q969P6	326	346
Q96M53	52	75
Q96M53	97	149
Q99965	364	547
Q99965	586	656
Q9H2R5	126	244
Q9H422	541	664
Q9H422	724	781
Q9HB96	143	172
Q9P2P6	548	565
Q9P2P6	1748	1798
Q9P2P6	2333	2375
Q9P2P6	2541	2589
Q9P2P6	4458	4484
Q9UM82	381	406
Q9UM82	458	511
A6NFI3	339	504
A6NFI3	683	935
A6NKB5	1458	1481
A7MBM2	307	352
A7MBM2	377	402
A7MCY6	569	614
O60486	453	640
O94898	898	938
O95256	46	167
O95271	819	837
P00387	265	300
P0C7M6	100	134
P0DKX0	106	620
P13591	253	350
P14679	20	61
P14679	234	290
P14679	311	343
P21506	185	513
P35125	489	550
P35125	840	861
P35125	1019	1066
P35558	16	58
P35558	389	419
P47974	152	225
Q03181	54	147
Q03938	110	598
Q06190	133	201
Q16589	319	343
Q3L8U1	2560	2614
Q53H47	60	132
Q53H47	272	341
Q569K6	208	265
Q5T4H9	106	135
Q5VV63	52	97
Q5VV63	208	286
Q5VV63	615	768
Q5VV63	849	986
Q5VV63	1000	1099
Q86T96	83	122
Q86T96	166	197
Q86T96	222	244
Q86T96	448	472
Q86VH5	28	54
Q86VH5	508	542
Q86Y97	174	249
Q8TAA1	77	187
Q92664	52	302
Q96JH7	38	90
Q9BV36	49	105
Q9H0H5	289	344
Q9H6B1	56	111
Q9H6B1	259	289
Q9HA38	57	104
Q9HA38	132	180
Q9NS37	324	353
A0A087WXM9	200	219
B1AK53	300	322
O43868	600	618
O43868	633	656
O75578	66	99
O75578	140	155
O75578	1016	1052
O95639	109	170
O95639	243	268
P13671	14	247
P13671	511	600
P13671	736	932
P26012	37	95
P26012	458	681
P31268	78	137
P36894	44	153
P43403	56	115
Q14192	0	278
Q2TAL6	145	324
Q6FIF0	144	193
Q8IW52	330	380
Q92610	572	598
Q92610	739	844
Q92610	1000	1072
Q92610	1119	1184
Q92830	134	160
Q99795	187	230
Q9UBL3	108	185
Q9UKY1	64	87
Q9UKY1	100	149
Q9UKY1	370	410
Q9ULM3	1220	1289
A8K7I4	192	212
B1AL88	154	210
O75417	893	913
O75417	1131	1162
P02751	43	120
P02751	215	279
P02751	293	361
P02751	433	479
P02751	539	565
P02751	2336	2442
P05111	331	365
P20020	458	478
P29400	1504	1533
P29400	1604	1627
P29400	1652	1684
P36578	118	136
P49746	260	479
Q16720	454	478
Q30KQ6	18	67
Q49A33	36	201
Q6ZTA4	0	41
Q6ZTA4	159	246
Q6ZTA4	299	348
Q8IX07	283	379
Q8IX07	572	604
Q8IX07	813	838
Q8NHM5	606	733
Q8TAU3	47	68
Q8TAU3	87	151
Q8TAU3	213	571
Q8WYN3	172	284
Q92570	288	364
Q92784	0	66
Q92784	253	376
Q96BJ8	550	624
Q96EF9	155	222
Q9BXB4	244	300
Q9HAU4	127	181
Q9HB58	454	604
Q9NR90	189	212
Q9NU22	4307	4381
Q9UK12	109	290
Q9UK12	327	450
Q9Y3L5	164	182
Q9Y6N8	578	600
J3KSC0	70	115
O14893	134	169
O43897	320	366
O43897	564	635
O43897	717	857
O75290	127	318
O75290	350	640
O75469	31	117
P0C5Y4	0	41
P0C5Y4	62	120
P17010	423	802
P22607	60	113
P23142	25	590
P35556	82	424
P35556	485	1773
P35556	1795	2776
P78358	73	91
Q15771	182	202
Q6NY19	542	578
Q86Y13	1147	1200
Q86YG4	381	427
Q8IUK5	280	365
Q8IV61	527	552
Q8WV44	3	53
Q8WV44	183	266
Q8WV44	425	492
Q96BQ3	16	64
Q96C10	166	181
Q96C10	194	227
Q9H2S9	147	288
Q9NWK9	205	262
Q9UC06	132	445
Q9UFB7	104	128
Q9UFB7	542	688
Q9UMZ2	1245	1296
Q9Y4W2	716	733
Q9Y625	46	79
Q9Y625	395	442
Q9Y6M5	414	461
A0AAG2UUX9	548	601
A0AAG2UUX9	675	744
O14798	61	153
O95867	14	103
P0C7V6	172	243
P0CG38	94	124
P0CG38	713	729
Q06481	342	387
Q562R1	0	60
Q63HK5	180	240
Q63HK5	394	409
Q63HK5	1033	1080
Q7Z4K8	0	67
Q7Z4K8	101	263
Q86UW9	157	210
Q86UW9	401	444
Q8IVH8	534	554
Q8IZU9	681	713
Q8TAQ5	107	687
Q8TF32	189	569
Q96DT7	247	347
Q96DT7	737	804
Q96MN9	216	252
Q96MN9	270	300
Q96MN9	313	339
Q96PH6	22	60
Q9BQQ3	175	204
Q9H0M5	117	201
Q9H0M5	236	741
Q9H4F1	61	115
Q9H6P5	259	297
Q9NUE0	180	235
Q9NUE0	323	358
Q9NZV6	0	93
Q9Y2I6	281	306
A8MXD5	231	289
O60481	318	409
O75900	274	297
P18507	400	450
P20333	28	198
Q01113	339	367
Q01113	392	410
Q01113	439	520
Q09013	350	382
Q13219	408	491
Q13219	578	695
Q13219	943	1038
Q13219	1185	1626
Q13444	300	596
Q13444	635	692
Q14767	167	228
Q14767	342	433
Q14767	544	748
Q14767	836	1385
Q14767	1409	1652
Q14767	1723	1820
Q1W6H9	202	252
Q5JRC9	2	83
Q5SR53	37	105
Q5T5Y3	1469	1499
Q5W0Z9	109	165
Q6P1L5	467	523
Q7L5L3	39	102
Q8IUC0	0	158
Q8IX90	219	242
Q8ND82	338	492
Q8ND82	608	679
Q96ND8	200	548
Q9H7V2	78	123
Q9Y2F5	256	276
A6NEL3	81	115
A8MPX8	516	552
C9JPN9	79	131
O43592	648	678
O43916	148	180
O60343	189	235
O95389	37	107
O95389	120	306
P48740	134	211
P48740	623	647
P51991	61	115
P62979	109	155
P98196	409	439
Q14331	151	188
Q2M1Z3	1147	1201
Q2MKA7	32	181
Q5CZA5	196	323
Q5CZA5	410	562
Q5T0T0	71	138
Q5T0T0	256	290
Q5TEZ5	0	35
Q6ZUT3	286	323
Q8IZ69	207	280
Q8N5A5	317	384
Q92478	115	148
Q92793	349	440
Q92793	1209	1252
Q92793	1272	1331
Q92793	1767	1854
Q96A84	28	153
Q96BR6	265	441
Q96MA1	0	50
Q9HAV5	0	129
Q9UGI0	0	35
Q9UGI0	78	113
Q9UGI0	139	194
Q9UP38	115	149
Q9UP38	191	240
Q9Y496	6	39
P08572	1690	1711
P08575	224	295
P08575	486	543
P11678	127	169
P11678	240	303
P17544	7	51
P52888	670	688
Q01094	255	276
Q14527	752	821
Q6IA86	792	825
Q7L266	51	95
Q7L266	105	121
Q7L266	134	173
Q8N6K0	7	52
Q8NCR6	72	260
Q8TBZ8	99	534
Q8WTW4	334	371
Q96MP5	532	553
Q9BXW6	153	205
Q9HCL0	899	938
Q9NP87	76	153
Q9NZ71	131	185
Q9NZJ0	551	597
Q9UKF2	355	578
Q9UKF2	616	669
Q9Y6Q6	29	187
Q9Y6Q6	272	334
A0A1W2PQL4	77	383
A0A2R8Y747	52	90
A8K8V0	133	291
A8K8V0	303	375
O00203	966	996
O76071	317	338
P09110	119	202
P22888	285	324
P22888	683	698
P29120	355	386
P39060	391	416
Q13023	190	207
Q13023	230	258
Q13023	455	495
Q13023	1606	1634
Q4LDE5	261	519
Q4LDE5	975	1165
Q4LDE5	1178	1426
Q4LDE5	1682	1800
Q4LDE5	1864	1909
Q4LDE5	2178	2293
Q4LDE5	2588	2701
Q4LDE5	2746	2906
Q4LDE5	2972	3010
Q4LDE5	3022	3171
Q4LDE5	3230	3251
Q4LDE5	3266	3367
Q4LDE5	3458	3570
Q5HYK9	143	602
Q5QP82	401	458
Q5QP82	537	558
Q5VUA4	1050	1182
Q5VUA4	1653	1669
Q7RTZ2	81	125
Q7Z2W4	64	113
Q7Z2W4	142	224
Q7Z2W4	503	528
Q8IVF2	5396	5432
Q8IYI0	89	125
Q8N323	275	320
Q8N9V7	472	521
Q8N9V7	1000	1034
Q8NC06	217	262
Q96CJ1	89	118
Q96DX7	8	60
Q96DX7	174	202
Q96PE2	1473	1563
Q96S99	140	216
Q9BVG3	0	74
Q9NPF7	65	86
Q9UBE8	433	465
A5A3E0	79	123
A5A3E0	963	999
D6RBM5	79	182
G3V0H7	405	454
O75019	371	408
O75636	76	103
O95865	258	284
P12724	65	150
P15086	236	278
P41223	96	143
P41586	99	125
P48167	389	441
P52757	249	268
P55263	128	149
P59901	266	315
P59901	376	408
P60321	54	115
P80294	0	59
P82663	121	163
P98171	693	722
Q03001	2037	2078
Q03001	3340	3393
Q03395	215	240
Q14494	243	264
Q16853	724	754
Q4ZG55	78	103
Q4ZG55	343	363
Q5VTB9	538	565
Q6MZW2	50	115
Q8N4A0	451	472
Q96A61	3	54
Q96A61	171	261
Q96EP1	292	372
Q96EP1	467	540
Q9C0J9	353	376
Q9NR45	0	16
O14514	174	295
O14514	361	613
O14514	1215	1262
O75123	80	441
O75123	456	504
O75197	293	339
O75197	902	947
O75197	1203	1383
P17022	405	545
P26358	375	407
P26358	641	691
P26358	1452	1496
P83110	22	131
Q15751	350	409
Q15751	908	934
Q15751	2949	3055
Q6ZNB6	204	603
Q6ZNB6	626	834
Q8IUB5	23	82
Q8IUC1	27	162
Q8N5C7	34	68
Q8NA92	34	75
Q8WV28	339	373
Q8WXH4	284	313
Q8WZ42	2615	2649
Q8WZ42	3309	3333
Q8WZ42	4445	4476
Q8WZ42	4632	4663
Q8WZ42	5656	5698
Q8WZ42	5949	5973
Q8WZ42	6416	6446
Q8WZ42	6512	6543
Q8WZ42	7265	7299
Q8WZ42	7358	7382
Q8WZ42	7451	7482
Q8WZ42	8289	8305
Q8WZ42	8661	8723
Q8WZ42	8733	8748
Q8WZ42	9339	9367
Q8WZ42	12985	13042
Q8WZ42	16728	16843
Q8WZ42	33846	33874
Q96MT1	565	589
Q96QF7	652	684
Q99853	65	120
Q9H6T0	545	562
Q9H6Y7	201	273
Q9HCQ5	524	571
Q9NQ75	0	32
Q9NS62	340	395
Q9NUD5	325	396
Q9UF33	227	334
Q9UKK9	108	136
A6NMK8	446	477
A6NNY8	183	312
O14607	517	540
O15232	262	463
O75170	754	775
P17936	32	128
P17936	209	288
P18564	18	81
P18564	445	694
P98155	28	441
P98155	700	751
Q52LG2	1	168
Q5T1N1	111	159
Q5T1N1	597	642
Q5T1N1	657	681
Q5T9A4	593	627
Q5T9S5	414	441
Q6PID8	76	100
Q6UXK2	339	368
Q6ZQN7	488	504
Q6ZQN7	516	571
Q6ZUU3	152	174
Q86VQ0	302	352
Q86XD8	650	721
Q8N448	15	87
Q8N448	450	490
Q8TF68	223	465
Q969R5	81	140
Q96CB8	150	221
Q96E93	155	194
Q96MX3	107	157
Q96MX3	270	383
Q9C0B0	35	176
Q9C0B0	195	316
Q9C0B0	754	809
Q9HCG1	70	115
Q9HCG1	242	816
Q9NQ90	397	425
Q9P2F5	182	232
Q9UJN7	103	357
Q9UKA1	494	533
Q9UKA1	551	575
Q9UKA1	659	690
Q9Y4C1	527	569
A0A7I2V3R4	48	92
C9J6K1	61	88
O00634	184	418
O43294	217	330
O43294	371	460
O95561	62	106
P07602	19	54
P0CG37	79	158
P12838	53	96
P17481	11	45
P17481	73	110
P24593	18	115
P24593	204	271
Q12946	136	155
Q1XH10	547	565
Q8N567	107	249
Q902F9	268	287
Q96KG7	77	843
Q96KG7	928	970
Q96NZ8	32	161
Q96NZ8	252	425
Q96RY5	381	443
Q99985	511	574
Q9BRA0	54	124
Q9H000	0	54
Q9H000	157	221
Q9H963	0	128
Q9Y397	132	178
Q9Y397	282	298
A6NK75	115	571
F8WCM5	105	142
O00192	555	591
O95185	268	372
P04114	967	999
P07998	51	155
P0CG40	307	412
P10586	98	221
P19474	0	129
P22557	13	57
P23025	88	152
P28562	131	171
P63145	486	600
P98160	189	243
P98160	282	419
P98160	718	943
P98160	1119	1360
P98160	1515	1737
P98160	1861	1933
P98160	2091	2176
P98160	2329	2363
P98160	2746	2763
P98160	2812	2907
P98160	2958	3024
P98160	3223	3247
P98160	3300	3382
P98160	3620	3659
P98160	3837	3938
P98160	4092	4206
Q00839	598	636
Q14154	430	480
Q14532	0	74
Q14532	398	447
Q5QGT7	133	174
Q6V0I7	3661	3681
Q6V0I7	3800	3823
Q6V0I7	3849	3967
Q6V0I7	4071	4087
Q6V0I7	4144	4214
Q6V0I7	4392	4409
Q6V0I7	4419	4516
Q7Z569	238	317
Q8IYB9	63	647
Q8WUY3	300	360
Q9BSW7	0	49
Q9H1R3	234	312
Q9NQT8	1036	1075
Q9UHC9	229	275
Q9UHC9	967	999
Q9UIS9	0	73
Q9UIS9	125	267
Q9UIS9	310	386
Q9UKN1	5120	5156
Q9UKN1	5266	5299
Q9UKN1	5323	5376
Q9UKV5	324	399
Q9ULD4	202	235
Q9Y2X9	255	375
O76061	49	104
O95490	456	522
P05129	82	158
P07320	0	43
P0DTE8	143	173
P13611	339	361
P13611	3076	3174
P13611	3337	3368
P19961	130	170
P43004	523	562
Q04656	372	405
Q07654	25	79
Q14332	113	151
Q15846	95	136
Q15846	289	340
Q5SVQ8	22	53
Q5SVQ8	195	233
Q5SVQ8	360	647
Q5SVQ8	678	750
Q5VZF2	0	94
Q5VZF2	170	247
Q5VZF2	325	372
Q6ZMS7	429	507
Q6ZW31	259	308
Q7Z5A9	22	130
Q7Z6J2	239	262
Q86W11	293	490
Q8IYT1	212	238
Q8N3H0	34	123
Q8TA94	55	126
Q8TA94	151	475
Q8WWY7	27	81
Q96LJ8	211	273
Q96PM9	66	98
Q96RP9	420	437
Q9HAK2	152	178
Q9HCK4	184	279
Q9HCK4	303	331
Q9NQC1	188	227
Q9NQC1	245	267
Q9NQC1	288	369
Q9NRH1	137	216
Q9NRR4	506	567
Q9NWF9	500	532
Q9NWF9	548	577
Q9NWF9	596	748
Q9P2J8	195	257
Q9P2J8	270	864
Q9Y6C5	245	270
A8MQ27	272	314
A8MQ27	494	554
O15204	100	164
O15204	367	469
O95365	379	494
O96014	126	225
O96014	239	353
P17041	65	272
P40938	158	215
P56704	125	171
P56704	182	232
P56704	271	351
Q06278	35	59
Q06278	139	222
Q14114	42	426
Q14114	680	741
Q6PJ61	356	416
Q6PJ61	519	584
Q6ZMJ2	471	494
Q6ZN57	89	460
Q6ZVM7	0	27
Q8IVT5	341	405
Q8NFZ0	972	1014
Q8TBE0	374	395
Q8TBE0	455	484
Q8WW18	112	167
Q96AC6	401	442
Q96N95	241	330
Q96RL6	424	508
Q99571	109	169
Q9BXS4	34	128
Q9Y4F4	606	653
Q9Y4F4	718	782
A0A191URJ7	171	203
A6NCW0	81	126
G9CGD6	488	514
P07316	0	33
P12830	677	698
P24386	561	608
P50479	244	284
Q13191	368	458
Q13342	668	760
Q17RM4	650	682
Q68BL8	45	141
Q68BL8	484	514
Q8IY22	346	384
Q8IY22	426	449
Q8NBK3	318	356
Q8NCF0	203	301
Q96F46	31	63
Q96F46	263	312
Q9BX69	778	804
Q9H1J7	127	153
Q9H1J7	273	355
Q9H930	376	473
Q9NV96	77	102
Q9Y467	363	439
Q9Y467	625	711
Q9Y467	914	969
Q9Y4J8	239	302
A0A0G2JN68	126	197
O75610	231	262
O75610	279	340
O76080	5	41
O76080	149	194
P0DUQ2	452	477
P10253	85	146
P13631	82	162
Q02086	487	612
Q15940	6	192
Q16342	92	211
Q49AN0	186	217
Q66K14	348	363
Q6UXC1	15	103
Q6UXC1	210	278
Q6UXC1	449	485
Q6UXC1	629	663
Q6UXC1	803	834
Q7Z4H9	106	126
Q8IYN0	0	23
Q8IYN0	135	537
Q8N398	71	123
Q8N398	165	255
Q8N398	833	884
Q8N398	910	951
Q8N8B7	277	306
Q8TF20	4	558
Q8TF20	620	910
Q96EP0	192	253
Q96EP0	294	441
Q96EP0	879	921
Q9H165	36	79
Q9H165	140	177
Q9H165	376	429
Q9H165	738	819
Q9H9L4	16	108
Q9H9L4	293	363
Q9P2D6	368	428
Q9P2D6	504	566
Q9P2D6	910	946
A2RRH5	491	518
A4D0V7	176	225
A4D0V7	1000	1025
H3BS89	82	109
P53672	15	44
Q12765	215	264
Q13753	7	214
Q13753	369	629
Q1L6U9	33	111
Q69YN2	265	299
Q6IV72	112	156
Q6IV72	177	738
Q86YD5	17	143
Q8IUR5	22	44
Q8N565	0	37
Q8NFT8	69	132
Q8NFT8	304	626
Q8TDW7	3739	3846
Q8TDW7	4015	4146
Q8TDW7	4224	4264
Q8WZA1	222	294
Q92561	158	185
Q92561	303	329
Q92794	159	324
Q96D59	0	74
Q96MM7	252	278
Q96MM7	344	378
Q9BRP0	105	249
Q9GZP0	298	369
Q9GZU5	14	59
Q9H633	47	106
Q9NQL9	21	66
Q9NU63	80	199
Q9NU63	289	392
Q9Y4X5	295	392
A1L020	298	340
A1L020	461	519
A6NCK2	16	64
M0QZC1	58	105
O00167	324	364
O75427	600	634
P01037	84	140
P06870	204	221
P15924	172	189
P17024	140	531
Q12929	116	190
Q2TAZ0	535	588
Q2TAZ0	676	710
Q2TAZ0	839	899
Q53GG5	286	340
Q5VVJ2	612	640
Q6IEG0	59	147
Q6ZMT4	87	110
Q6ZMT4	729	758
Q6ZSA7	28	60
Q7L4S7	112	187
Q86UP0	612	630
Q86W25	979	999
Q86YE8	182	198
Q86YE8	236	367
Q86YE8	378	664
Q8NE35	391	406
Q8NE35	634	650
Q8TAV5	61	112
Q8TEU8	38	184
Q8TEU8	312	454
Q8WWK9	585	682
Q8WZ74	649	692
Q8WZ74	913	987
Q96P31	532	561
Q99928	407	441
Q9BQ24	37	95
Q9GZX9	15	97
Q9GZX9	154	222
Q9NX24	118	152
Q9UDW3	55	79
Q9UHX3	21	277
Q9UHX3	493	519
Q9UIF7	269	354
A2A288	242	284
O75164	641	797
O75164	828	864
O95390	294	315
P04626	182	348
P04626	491	649
P09874	106	183
P21333	188	228
P21333	616	633
P21333	1000	1027
P21333	1059	1086
P21333	1102	1118
P21333	1380	1459
Q09FC8	113	163
Q09FC8	239	602
Q13107	288	338
Q14847	0	91
Q16661	53	111
Q3KNW1	17	125
Q3KNW1	143	288
Q4G0N4	384	430
Q5VTT2	57	99
Q5VTT2	113	228
Q5VWQ0	734	754
Q86WI1	3551	3582
Q86WI1	3672	3699
Q86YC2	806	837
Q86YC2	861	881
Q8N428	443	552
Q8N907	138	171
Q8N9I9	157	196
Q8NI08	250	278
Q8TAW3	171	219
Q8TAW3	269	530
Q96PQ6	24	43
Q96PQ6	165	594
Q96RR4	34	61
Q9BRR0	130	214
Q9BRR0	309	536
Q9BVC3	2	39
Q9NRY7	163	181
Q9Y345	118	147
Q9Y6R6	132	311
Q9Y6R6	351	712
Q9Y6R6	743	807
A1L4H1	50	118
A1L4H1	195	407
A1L4H1	468	579
A1L4H1	805	885
D6R9N7	79	131
O43167	284	515
O95125	381	455
O95125	475	642
P00736	145	223
P00736	413	468
P0DP72	364	523
P19957	71	116
P80297	0	59
P98169	290	588
Q12841	22	116
Q12841	224	279
Q14162	25	408
Q14833	513	582
Q2M1K9	129	344
Q2M1K9	467	586
Q2M1K9	876	1025
Q2M1K9	1041	1140
Q4VNC0	857	885
Q5T619	270	556
Q6PCD5	280	341
Q6PCD5	429	444
Q6PCD5	737	754
Q6UX41	191	222
Q6UXG2	34	160
Q6UXG2	269	417
Q6UXG2	585	666
Q7RTX1	344	371
Q7RTX1	494	547
Q86SG3	354	377
Q8IUH2	125	164
Q8IVL8	168	215
Q8IWE5	820	843
Q8IWE5	883	903
Q8IYH5	785	897
Q8N3G9	378	414
Q8NFH8	25	48
Q92626	228	265
Q92626	837	860
Q92626	917	963
Q92626	1420	1478
Q96L73	592	611
Q96L73	1541	1746
Q96L73	1900	1943
Q96L73	2059	2091
Q96L73	2113	2212
Q96PV7	76	150
Q96PV7	404	439
Q96SK3	70	695
Q99952	218	234
Q9Y6M7	756	792
A8MUV8	106	348
A8MUV8	361	474
O00170	113	141
O15327	192	232
O75679	9	97
O95925	17	86
O95925	102	132
P0CG00	344	495
P17948	37	98
P17948	1289	1330
P19883	17	308
P35916	435	496
P35916	639	675
P35916	733	769
P41743	117	197
P52948	1461	1486
Q03164	1156	1210
Q03164	1470	1605
Q03164	1940	1971
Q03164	2055	2084
Q03164	3946	3968
Q12986	381	959
Q24JP5	134	212
Q3LI77	30	159
Q5R387	68	148
Q6ZSS3	163	339
Q70CQ4	125	143
Q7L0X2	253	302
Q7RTX0	354	375
Q7RTX0	487	575
Q7Z5L2	156	187
Q7Z5L2	363	435
Q86SX3	231	250
Q86VV4	161	214
Q8WW22	122	216
Q96GN5	282	424
Q9H2X6	118	143
Q9H2X6	533	567
Q9UBC1	85	112
Q9UBL9	118	149
Q9ULB5	574	599
O15118	157	182
O15118	207	269
O15118	943	999
O75022	83	142
O75022	272	302
O75022	377	400
O95235	409	436
O95876	0	17
O95876	658	710
P06401	527	565
P06401	595	642
P07988	277	380
P0DPK4	22	287
P10588	47	125
P17252	569	596
Q2VPA4	245	357
Q2VPA4	443	554
Q6P9G9	325	517
Q75N90	58	351
Q75N90	399	553
Q75N90	569	904
Q75N90	942	2700
Q86Y34	220	247
Q96GC6	229	258
Q96GC6	477	639
Q99727	30	51
Q99732	87	140
Q9BWE0	61	196
Q9BWE0	234	309
Q9BWE0	370	561
Q9H3S1	501	545
Q9NR96	255	270
Q9NYG2	116	165
Q9UBV4	134	165
Q9UBV4	275	364
Q9Y4D7	554	610
Q9Y4D7	648	681
Q9Y4D7	702	760
Q9Y4D7	872	915
Q9Y5F6	739	782
A2RU30	53	152
A2RU30	262	301
A3QJZ7	453	477
A6NNE9	162	211
O60840	266	310
P01042	82	153
P01042	323	385
P09326	183	221
P16581	118	554
P17038	84	808
P52741	81	115
P52741	162	426
P62633	39	175
Q02556	75	184
Q02556	394	420
Q13103	93	149
Q15113	325	344
Q15113	377	398
Q15596	181	269
Q15596	354	385
Q68CQ1	375	396
Q7Z5Y6	366	383
Q8N423	150	185
Q8N423	276	312
Q8N423	368	410
Q8NDQ6	62	91
Q8NDQ6	175	307
Q8NDQ6	319	452
Q8NDQ6	516	659
Q92673	635	750
Q92673	1010	1555
Q969F1	20	151
Q96GR4	83	136
Q96JB8	355	414
Q96JS3	101	167
Q96JS3	701	729
Q9H2K2	11	27
Q9H2K2	658	679
Q9H6S3	133	183
A8MU10	15	55
O43157	68	94
O43157	310	394
O43157	632	671
O43157	893	999
O43157	1024	1178
O43157	1312	1407
P01857	15	121
P19438	30	212
P55289	579	603
Q01814	479	502
Q04756	101	296
Q04756	313	338
Q04756	524	608
Q07617	491	513
Q14524	316	351
Q14524	1158	1195
Q14524	1713	1744
Q1T7F1	0	70
Q1W209	88	170
Q504Y2	295	321
Q5BKZ1	371	463
Q6IE81	183	229
Q6IE81	300	333
Q6ZVH6	71	139
Q75VX8	208	246
Q86TH1	42	186
Q86TH1	560	950
Q8IU80	459	596
Q8IWZ3	1045	1060
Q96FX2	12	81
Q96N76	335	354
Q9H0D2	137	234
Q9H0D2	831	886
Q9H0D2	1000	1056
Q9HAA7	8	106
Q9HBW9	8	116
Q9HBW9	382	408
Q9N2J8	154	172
Q9NQ69	187	217
Q9NV66	394	422
Q9Y694	55	90
Q9Y6F9	118	136
Q9Y6F9	199	245
Q9Y6F9	301	359
A0A087WUV0	166	258
A0A087WUV0	270	509
P14616	147	352
P19022	690	710
P37275	163	297
P37275	900	997
P52823	35	73
P55265	465	540
P55265	606	674
Q00604	30	132
Q15329	157	177
Q32M78	181	641
Q494W8	272	339
Q569K4	146	181
Q6UXB4	75	107
Q6UXB4	271	292
Q86UY6	193	225
Q86XX4	19	1074
Q8IXJ9	591	625
Q8IXJ9	1048	1100
Q8IXJ9	1502	1540
Q8N0W7	131	193
Q8N3Z6	166	213
Q8N3Z6	229	395
Q8N9F8	73	142
Q8N9F8	176	521
Q8NB78	49	87
Q8NFU1	407	447
Q96FN5	462	518
Q96JQ0	3097	3150
Q9BY78	369	432
Q9BZM2	40	153
Q9C0A1	274	295
Q9C0A1	434	533
Q9C0A1	568	598
Q9C0A1	810	847
Q9C0A1	1000	1047
Q9C0A1	1180	1220
Q9C0A1	1245	1274
Q9C0A1	1667	1698
Q9C0A1	2136	2158
Q9C0A1	2432	2515
Q9NR56	0	90
Q9NR56	170	253
Q9NRH2	678	764
Q9NXR5	164	220
Q9P283	549	777
Q9P283	794	993
Q9UGT4	24	54
Q9UGT4	305	377
Q9UGT4	672	691
Q9UGT4	743	766
Q9UPZ6	133	272
Q9UPZ6	315	978
Q9UPZ6	1007	1066
Q9UPZ6	1112	1430
Q9UPZ6	1485	1565
Q9Y2E6	399	431
B8ZZ34	55	112
O15062	588	671
O43462	336	394
P01706	87	118
P11473	6	100
P13612	91	121
P14314	19	131
P14314	421	515
P35228	974	999
P50876	98	213
P55899	260	292
Q12766	112	156
Q12766	301	351
Q12766	592	662
Q12766	728	769
Q12766	1111	1195
Q12840	286	334
Q6F5E8	135	162
Q6F5E8	391	415
Q6L8Q7	588	607
Q6NZY4	215	277
Q6P1R4	391	443
Q6ZW61	199	248
Q86WS4	335	362
Q86WS4	554	638
Q8IWA0	191	215
Q8N2I2	48	89
Q8N2I2	156	490
Q8N841	833	890
Q8TE59	532	802
Q8TE59	916	1168
Q96GD3	351	386
Q9BYR9	0	41
Q9H5Y7	20	51
Q9H5Y7	317	343
Q9HD43	226	255
Q9NRP7	1185	1201
Q9UNA1	301	337
Q9Y2H6	58	74
Q9Y2H6	676	780
O60315	254	336
O60315	524	595
O60315	1000	1092
P04217	164	220
P07477	125	231
P20933	47	84
P40763	679	737
P60323	49	121
Q06187	148	173
Q08554	757	779
Q08554	824	893
Q13438	170	260
Q13797	72	131
Q13797	840	864
Q14943	86	105
Q14943	221	305
Q53TQ3	0	94
Q53TQ3	384	522
Q5VWN6	225	259
Q5VWN6	725	753
Q5VWN6	1633	1679
Q7Z5L7	52	100
Q86UR5	97	167
Q8N6D2	16	43
Q8N6D2	63	83
Q8NEL9	225	252
Q8TCF1	0	114
Q8WTX9	127	169
Q9H089	404	425
Q9H693	34	109
Q9H7M6	374	416
Q9HD89	50	107
Q9NP86	0	15
Q9NYF3	5	70
Q9P281	1975	2042
Q9P281	2562	2638
Q9UGP4	455	496
Q9UGP4	595	675
Q9Y6Y1	6	48
Q9Y6Y1	245	263
Q9Y6Y1	802	837
Q9Y6Y1	1026	1044
A0PJY2	109	203
A0PJY2	237	426
O00468	153	670
O00468	1331	1377
O00468	1524	1642
O00468	1813	1897
O15209	475	566
O60279	191	209
O75185	360	386
O75821	144	189
O94989	713	744
P10243	377	424
P30048	30	48
P31943	270	286
P55268	36	113
P55268	284	559
P55268	746	1210
P60002	17	82
P60413	6	61
P60413	216	244
Q03924	34	482
Q14236	42	86
Q5JY77	566	701
Q5JY77	1008	1039
Q5JY77	1052	1088
Q5T0N5	348	373
Q6XXX2	86	139
Q86UP6	496	526
Q8IY92	266	371
Q8N2E2	158	189
Q8N2E2	603	629
Q8N2E2	884	929
Q8N2E2	963	995
Q8N2E2	1226	1268
Q8N2E2	1288	1587
Q8N4T0	261	300
Q8N5S3	134	159
Q8N8E2	122	239
Q8N8E2	353	493
Q969V5	290	351
Q96FC7	5	54
Q96FC7	352	375
Q96FM1	20	53
Q96G75	376	392
Q96M86	137	172
Q96M86	4338	4408
Q96MS0	317	374
Q99572	116	177
Q99572	465	511
Q9NTW7	136	254
Q9NTW7	287	440
Q9NTW7	468	549
Q9NTW7	567	597
Q9P0G3	123	240
Q9P0T7	17	90
Q9Y5W3	271	354
A0A0G2JN01	259	322
A5PLN7	354	381
A6NIN4	5	106
B4DXR9	220	584
O94760	67	92
O94761	945	985
P00742	44	176
P02675	211	249
P11717	526	555
P11717	1270	1289
P11717	1505	1526
P11717	1644	1725
P11717	1883	1899
P15172	87	142
P15822	378	475
P15822	954	989
P15822	2069	2156
P29376	61	84
P29376	162	192
P29460	156	210
P49792	1315	1387
P49792	1406	1502
P49792	1537	1570
P49792	1600	1633
P49792	1660	1692
P49792	1719	1757
P49792	1772	1814
P49792	2660	2762
P50452	299	373
Q02446	618	725
Q32MQ0	18	63
Q496M5	170	203
Q5VY43	52	747
Q6P0N0	334	367
Q6P0N0	653	693
Q6P0N0	1024	1060
Q6UWN8	24	79
Q8N114	25	74
Q8NEP7	119	154
Q8NEP7	175	198
Q8WUI4	517	554
Q92538	1093	1117
Q96CW9	48	96
Q96CW9	290	494
Q96NG8	188	461
Q96PE3	543	630
Q99592	347	480
Q9GZX5	195	427
Q9H7T0	894	951
Q9UIG0	1178	1238
Q9UQ49	237	294
Q9Y6N7	254	311
A0A0U1RQI7	411	449
A0A0U1RQI7	935	1049
A0A286YF58	13	28
O14802	60	82
O14802	137	166
O60269	224	305
O75116	1274	1313
O75677	9	96
P08582	172	198
P08603	176	344
P08603	371	452
P08603	622	658
P08603	800	876
P08603	890	1175
P08603	1190	1230
P17021	176	340
P17021	454	661
P41180	540	604
P49023	342	401
P49023	526	549
P51797	5	31
P57075	423	471
Q13049	102	147
Q68EA5	66	554
Q6PJG9	301	340
Q6PJG9	486	525
Q6PKC3	432	488
Q6PKC3	524	582
Q6R2W3	594	663
Q7Z340	90	163
Q7Z340	226	666
Q86TI0	175	207
Q8N6M9	0	142
Q8WXA3	535	605
Q92753	6	95
Q96N96	126	160
Q96RG2	60	125
Q96RG2	601	766
Q96RG2	784	838
Q9H175	186	280
Q9H175	376	427
Q9UI26	884	905
Q9ULB1	186	279
Q9ULB1	658	713
Q9ULB1	1066	1114
A6ND01	150	217
O95425	1934	1974
P02771	103	154
P02771	292	332
P02771	488	519
P06127	60	136
P06127	152	214
P06127	235	375
P08581	86	105
P08581	153	177
P08922	9	108
P08922	1317	1341
P08922	2228	2274
P53621	1159	1223
P54289	969	999
Q14592	160	367
Q14592	461	502
Q2KHM9	37	97
Q2M3X9	210	578
Q53GI3	314	551
Q5HY64	28	86
Q5T011	1554	1608
Q5T011	2835	2859
Q6DKI7	115	148
Q6ZN06	208	616
Q6ZN17	120	168
Q701N2	0	19
Q7Z5A8	35	131
Q8IX18	630	656
Q8N1E2	21	47
Q8N1E2	148	193
Q8NCG7	593	627
Q8TAL5	87	119
Q99466	25	1298
Q99466	1630	1655
Q9BYJ4	0	68
Q9H5F2	0	30
Q9HCK5	264	337
Q9P1W9	254	289
Q9UBG0	320	411
Q9UBG0	472	528
Q9UBG0	922	998
Q9UBG0	1063	1126
Q9UBG0	1211	1269
Q9ULG1	1000	1037
A0A1W2PQF6	108	149
H3BQJ8	17	57
O14613	78	113
O15530	355	381
O43396	124	153
O94955	139	157
O95789	70	272
O95789	285	335
O95789	733	820
P01880	238	275
P08519	18	111
P08519	145	225
P08519	260	339
P08519	374	453
P08519	488	567
P08519	602	681
P08519	716	795
P08519	834	910
P08519	936	1027
P08519	1057	1140
P08519	1171	1252
P08519	1267	1360
P08519	1395	1469
P08519	1510	1585
P08519	1614	1720
P08519	1741	1829
P12544	193	252
P21757	429	450
P51168	389	456
P83105	35	165
Q02747	69	114
Q14694	16	91
Q2MJR0	292	406
Q6NSI4	146	169
Q6PCT2	35	150
Q6PCT2	640	686
Q6PJ69	2	65
Q6PJ69	92	132
Q6PJ69	399	425
Q6UXB1	22	108
Q86UG4	485	549
Q86XN6	207	745
Q8NES3	356	378
Q8WW36	33	149
Q96F86	74	90
Q96IC2	218	235
Q96IC2	434	464
Q96QP1	455	503
Q99496	45	116
Q9GZZ0	154	183
Q9HD47	0	34
Q9NS56	98	165
Q9NSE4	365	380
Q9NSE4	975	1011
Q9NUA8	729	782
Q9NUA8	802	1159
Q9P2A4	331	365
Q9UKW4	161	202
Q9UKW4	545	572
Q9Y2I8	452	477
Q9Y653	117	140
A6NI03	4	140
O75052	401	467
O75146	703	726
O75592	699	720
O75592	743	826
O75592	1860	1901
O75592	2617	2670
O75592	3089	3107
O75592	3218	3304
O75592	3347	3414
O75592	4342	4439
O75592	4550	4599
O75592	4614	4677
P12757	244	319
P12757	369	387
P12757	401	419
P17020	208	681
P28907	264	299
P43626	175	209
P51843	27	79
P51843	93	120
P51843	133	155
P51843	182	225
P53671	0	20
P53671	311	328
P59510	197	214
P59510	466	634
P59510	684	712
P59510	852	922
P59510	938	1265
P59510	1310	1620
P59510	1650	1716
P59510	1882	1899
Q14435	138	182
Q15181	102	124
Q15181	233	288
Q6NXG1	531	565
Q6PFW1	1072	1096
Q6PFW1	1284	1360
Q6V1P9	3187	3234
Q6WRI0	23	43
Q6WRI0	239	345
Q70EL4	227	268
Q86UT5	80	124
Q8IYI8	97	556
Q8NCT1	343	398
Q8NFP9	1477	1493
Q8WYB5	207	336
Q93083	0	59
Q96LB8	189	219
Q96LT4	109	138
Q96PU4	313	401
Q96PU4	432	452
Q96PU4	522	560
Q96PU4	729	777
Q9BTC8	369	417
Q9BU70	7	72
Q9BXY0	0	60
Q9H3T2	519	546
Q9NS84	201	236
Q9NVH0	348	375
O14647	403	474
O15350	178	200
O43657	141	196
O95239	1074	1122
P04746	132	171
P08151	239	278
P08151	293	357
P13987	15	49
P54760	210	326
P54760	337	383
P58012	110	146
P58317	93	236
P58317	249	389
Q12913	795	820
Q14774	20	59
Q2TB10	0	27
Q2TB10	225	260
Q2TB10	283	317
Q2TB10	347	378
Q2TB10	604	637
Q5SRR4	74	149
Q6P280	262	562
Q6V9R5	137	162
Q6V9R5	235	421
Q7Z4H7	684	709
Q8NG35	29	77
Q8TAT6	112	151
Q8TAT6	382	420
Q8TAT6	553	607
Q96RK0	492	527
Q99959	480	498
Q9BQA5	185	380
Q9BXB5	272	304
Q9H2H0	25	77
Q9H2H0	139	183
Q9HB20	148	187
Q9NQ36	40	392
Q9NQ36	455	476
Q9NQ36	489	565
Q9NQ36	626	842
Q9UFC0	269	321
Q9UPW5	520	603
Q9Y3S2	30	214
P16422	13	136
P17643	82	122
P17643	250	369
P40199	279	316
P41161	320	359
P52429	51	110
P52429	132	180
Q10571	816	837
Q12904	277	311
Q13467	90	156
Q13467	178	220
Q13936	294	342
Q15760	333	361
Q495X7	0	77
Q4AE62	194	239
Q53SZ7	245	271
Q5H9S7	16	32
Q86Y78	46	136
Q8NCV1	141	170
Q8TCT0	331	365
Q8TCT0	471	513
Q96IF1	329	373
Q96IF1	488	537
Q96PX8	15	45
Q96PX8	335	367
Q99708	787	873
Q9BY76	176	198
Q9BY76	336	369
Q9H4Z2	121	186
Q9H4Z2	453	546
Q9H4Z2	556	608
Q9H4Z2	638	726
Q9H4Z2	1020	1128
Q9H6R7	691	719
Q9NSD4	95	155
Q9NSD4	174	418
O15067	507	531
O15067	1268	1304
O75943	314	345
O95206	935	976
P02549	2384	2403
P04118	21	111
P08514	899	925
P35573	1250	1275
P37023	22	100
P78509	678	702
P78509	1026	1101
P78509	2129	2173
P78509	2486	2502
Q12947	184	206
Q14126	767	851
Q3MJ62	233	388
Q53RD9	80	339
Q6N022	563	881
Q6N022	1195	1224
Q6N022	1498	1538
Q6UX73	164	184
Q6ZQQ2	107	152
Q6ZQQ2	1449	1507
Q9BVQ7	80	119
Q9H6U6	142	158
Q9H6U6	527	575
Q9NNX6	340	388
Q9NP64	118	160
Q9NPD3	50	97
Q9UBR2	76	178
Q9UN37	347	434
Q9Y312	172	213
Q9Y676	83	109
A0A0G2JNF4	168	207
A2RRP1	1137	1173
A6NIX2	381	424
O14771	317	454
O15090	95	191
O15090	335	403
O15090	417	443
O15090	455	515
O15090	624	654
O15090	743	806
O15090	1018	1083
O75096	11	440
O75096	679	730
O75096	1000	1037
O75096	1302	1339
O75096	1609	1650
O95407	35	216
O95477	1394	1494
P00746	170	247
P27037	18	50
P27037	75	120
Q12815	387	405
Q12815	702	771
Q13228	71	91
Q2M2H8	914	972
Q2M2H8	1372	1434
Q5JPB2	129	196
Q5T197	627	692
Q6AW86	244	506
Q7RTV0	0	109
Q7Z398	169	239
Q7Z398	255	421
Q7Z444	209	231
Q86UQ4	4291	4336
Q86YA3	606	632
Q8IVF5	124	183
Q8IYP9	13	74
Q8IYP9	256	290
Q8N3S3	402	450
Q8N412	71	131
Q8NEV8	1235	1282
Q96IQ9	108	202
Q96K58	102	410
Q96K58	516	578
Q96M02	160	225
Q96M02	272	428
Q96M02	474	529
Q9Y264	24	54
A2A3N6	505	536
A6NJ78	0	30
A6NJB7	142	190
A6NJW4	2	20
A6NJW4	45	89
B4DS77	103	122
O15041	512	590
O95696	192	286
O95696	375	416
P04637	213	250
P04637	269	286
P05019	21	43
P05019	68	118
P05164	157	182
P05164	264	356
P05164	369	409
P05164	710	742
P0CH98	108	168
P12277	122	147
P27540	233	291
P40238	177	208
P40238	231	247
P40238	327	352
P49639	24	64
P55160	580	596
P55160	614	635
Q14643	0	62
Q16670	232	476
Q16820	267	312
Q16820	596	654
Q16821	773	797
Q17RW2	225	252
Q3LI76	4	132
Q56UN5	619	702
Q5T6X5	511	588
Q658N2	176	288
Q6PGQ1	0	23
Q86UD1	197	272
Q8NG06	0	151
Q9H707	46	404
Q9ULD2	89	184
A8MYJ7	393	424
O00311	333	387
O14672	389	646
O43316	268	330
O43653	0	107
P13674	279	325
P35443	283	490
P84022	111	134
Q13887	363	456
Q14593	137	298
Q14593	337	543
Q14CW9	78	117
Q14CW9	190	254
Q32NC0	88	115
Q3ZCN5	342	482
Q3ZCN5	756	963
Q3ZCN5	982	999
Q3ZCN5	1072	1136
Q3ZCN5	1150	1180
Q3ZCN5	1374	1453
Q3ZCN5	1834	2131
Q3ZCN5	2318	2352
Q5GFL6	222	247
Q5GFL6	286	324
Q5GFL6	712	754
Q63HN8	1806	1830
Q63HN8	3986	4014
Q63HN8	4504	4547
Q6AZW8	36	326
Q6NX45	135	482
Q6RI45	1297	1324
Q6UXB3	13	124
Q8N5R6	167	197
Q96PX9	853	913
Q9BSJ5	456	500
Q9H5J0	459	529
Q9H6S0	84	123
Q9UGM3	176	211
Q9UGM3	269	338
Q9UGM3	394	426
Q9UGM3	437	475
Q9UGM3	633	712
Q9UGM3	779	840
Q9UGM3	894	973
Q9UGM3	1039	1097
Q9UGM3	1159	1185
Q9UGM3	1203	1227
Q9UGM3	1286	1356
Q9UGM3	1415	1484
Q9UGM3	1550	1572
Q9UGM3	1594	1621
Q9UGM3	1971	1995
Q9UGM3	2005	2023
Q9UKN5	557	752
Q9Y3M9	167	605
Q9Y3M9	621	744
Q9Y4D2	316	336
Q9Y6Q3	284	627
O14628	70	97
O14628	257	628
O60384	39	103
O75077	440	651
O75077	725	779
O76075	11	56
O76075	198	246
O76076	7	172
O76076	193	234
O96008	70	91
P10746	239	264
P16144	20	95
P16144	419	654
Q05BQ5	37	111
Q13635	287	317
Q3LI81	27	114
Q6ZRC1	414	432
Q6ZRC1	760	862
Q6ZST2	53	109
Q70CQ1	317	345
Q76NI1	1082	1120
Q7Z494	235	258
Q86YB8	82	145
Q8N614	89	168
Q8TB03	62	82
Q8TBB0	0	24
Q8TBB0	53	143
Q8TE23	341	371
Q8TE23	489	552
Q93038	21	213
Q93038	260	311
Q969S3	245	268
Q96B86	32	118
Q96B86	139	173
Q96NS8	102	133
Q9H2S6	253	310
Q9P2K5	564	582
A0A1B0GTU1	0	30
A0A1B0GTU1	48	100
A6NHJ4	216	433
A6NHJ4	452	624
A6NNM8	675	744
O15091	340	361
O75976	1128	1158
O95201	306	527
P01189	17	58
P04808	153	184
P0CG21	41	92
P30203	41	97
P30203	120	193
P30203	248	267
P30203	346	371
P36406	107	237
P60014	7	54
Q12772	926	960
Q14031	1668	1690
Q15696	160	226
Q3KP31	88	420
Q3KP31	431	575
Q5TH74	86	192
Q5VT03	34	59
Q5VTM2	506	541
Q5VTM2	654	676
Q6NX49	201	250
Q6NX49	260	709
Q6PJ21	61	104
Q6PJ21	248	295
Q6WN34	26	180
Q6WN34	240	349
Q7LFL8	244	308
Q86TG7	279	309
Q86U28	131	153
Q8IYF3	0	15
Q8IZ13	0	80
Q8N2Y8	352	406
Q8N3X6	24	105
Q8NG41	85	122
Q9H3L0	57	124
Q9HAT8	365	419
Q9NR48	195	226
Q9NR48	2084	2139
Q9NR48	2269	2293
Q9NR48	2576	2641
Q9NR83	355	386
Q9P273	511	833
Q9P273	1144	1167
Q9P273	1437	1475
Q9Y2H0	281	322
Q9Y5G2	726	800
B2RUY7	41	221
O60304	324	452
P0CG39	23	87
P0CG39	657	728
Q01469	35	114
Q14147	815	873
Q14147	1026	1142
Q14161	13	51
Q15003	215	272
Q15003	400	450
Q6FHJ7	164	183
Q6FHJ7	222	254
Q6GQQ9	799	842
Q71UM5	33	78
Q7L945	139	451
Q86SE9	0	71
Q86SE9	131	152
Q8NAP3	335	398
Q8NAP3	1000	1061
Q8NAP3	1108	1154
Q8NF99	247	533
Q8WVD3	4	117
Q8WVD3	152	235
Q8WWY8	274	294
Q96AP7	115	187
Q96AP7	231	247
Q99567	383	408
Q9BYX7	0	17
Q9H9V4	85	103
Q9NZ09	219	235
Q9P2E7	741	764
Q9P2E7	808	847
Q9UJQ4	65	96
Q9UJQ4	370	400
Q9UJQ4	551	655
Q9UJQ4	863	907
Q9UPT9	279	344
Q9UPT9	356	405
Q9Y2L1	14	35
Q9Y577	0	142
A6NJL1	350	493
O60284	374	431
O60284	849	910
O75084	119	159
O95989	3	81
P17097	146	163
P17097	173	594
P17097	654	684
P51575	106	164
P62987	85	115
Q53FE4	12	83
Q6UX52	152	208
Q8N4C9	117	133
Q8NEM0	732	751
Q8NFY4	348	378
Q8NFY4	516	589
Q8NG11	159	202
Q8NHP8	488	508
Q96BH3	112	173
Q96G42	524	543
Q9BZ76	546	604
Q9BZ76	669	752
Q9BZ76	919	999
Q9BZ76	1166	1184
Q9H0J4	1535	1560
Q9H992	532	614
Q9HBX9	12	71
Q9HD90	149	211
Q9NQV8	141	183
Q9NQV8	612	684
Q9NV58	120	148
Q9NV58	222	273
Q9NV58	525	543
A6NC05	93	137
A6NCI8	85	109
A7KAX9	74	110
H3BNL1	118	203
O95622	864	895
P41221	154	170
P41221	299	376
Q01523	51	93
Q01668	303	343
Q11201	132	159
Q5CZC0	545	589
Q5CZC0	629	650
Q5CZC0	1960	1994
Q5CZC0	2184	2202
Q5GH73	55	81
Q5JXC2	189	269
Q6UXX9	13	205
Q86VD1	508	554
Q8IWL3	26	82
Q8WV15	142	171
Q8WVD5	136	229
Q96JM7	85	153
Q96JM7	527	544
Q96MF2	92	192
Q99715	2707	2741
Q99996	2873	2928
Q9BZB8	510	551
Q9HCB6	440	732
Q9HCB6	752	806
Q9NPI7	18	138
Q9NWV4	76	112
Q9UH73	156	179
Q9UN67	727	762
B6SEH8	96	199
O00339	249	646
O43314	1082	1115
O60663	9	115
P21810	45	89
P23276	70	116
P23276	700	731
Q02388	1225	1248
Q02388	2873	2935
Q06455	500	555
Q13360	114	219
Q13360	259	480
Q6IC83	0	38
Q6ZS30	696	721
Q75QN2	309	328
Q7Z570	409	473
Q7Z570	709	749
Q7Z570	993	1017
Q8N884	387	406
Q8WYK1	560	576
Q8WYK1	661	686
Q8WYK1	703	747
Q8WYK1	911	998
Q96C28	156	369
Q9H6S1	244	297
Q9HBZ2	205	268
Q9P0U4	23	50
Q9P0U4	166	220
Q9P0U4	474	588
Q9Y6K1	484	553
A0A376A8Z9	136	173
O75487	34	85
O95397	0	72
P04732	0	59
P07858	133	224
P09758	26	144
P15498	536	585
P29322	213	331
P29322	348	382
P29322	906	941
P35453	180	195
P51814	123	160
P51814	294	815
P61565	270	286
Q00266	0	17
Q01415	382	415
Q08AN1	141	773
Q13489	70	104
Q13489	576	603
Q2NKJ3	1188	1216
Q3LHN0	0	69
Q5T4F7	170	192
Q5W0B1	0	86
Q76LX8	9	45
Q76LX8	258	566
Q76LX8	719	809
Q76LX8	894	958
Q76LX8	995	1128
Q7Z6G8	710	738
Q86YJ6	391	450
Q8HWS3	14	46
Q8IWI9	1000	1099
Q8N5K1	75	134
Q96N58	221	589
Q96PE6	158	470
Q96T23	890	955
Q9H0X6	142	166
Q9H0X6	215	260
Q9H9B1	512	638
Q9H9B1	1000	1109
Q9NX65	483	688
Q9P272	163	241
Q9UKT4	38	114
Q9UKT4	162	213
Q9UKT4	363	440
Q9Y2D9	242	309
Q9Y2D9	350	498
Q9Y493	42	61
Q9Y493	1043	1151
Q9Y493	1287	1305
Q9Y493	1326	1551
Q9Y493	1675	1910
Q9Y493	2126	2340
Q9Y493	2498	2744
A5D8T8	203	301
P04150	268	329
P04150	352	372
P04150	412	496
P0C0L5	658	766
P0C0L5	1577	1603
P0C6S8	27	52
P0C6S8	464	489
P27918	31	214
P27918	235	458
P28908	22	144
P28908	236	313
P46100	158	242
P48307	108	225
P51864	68	174
P78562	724	748
P79522	158	186
Q03591	100	274
Q03591	292	329
Q14202	307	566
Q14202	579	610
Q14202	674	704
Q14202	949	988
Q14202	1000	1066
Q5T750	29	182
Q5TID7	178	224
Q6H9L7	318	529
Q6ZV73	95	141
Q6ZV73	1216	1288
Q7L513	30	58
Q7L513	176	210
Q86SH2	354	423
Q8IYT3	687	712
Q8N2G6	85	240
Q8NEM2	561	624
Q96FE5	43	66
Q96KM6	98	163
Q96KM6	502	562
Q96KM6	586	645
Q96KM6	726	819
Q96NI8	200	526
Q96RT8	657	680
Q96T91	38	128
Q9BQ08	50	110
Q9BXL6	787	821
Q9H7S9	454	505
Q9H972	0	43
Q9HCQ7	132	179
Q9NVL1	80	164
Q9NXC5	728	872
Q9UIK5	43	135
Q9UIK5	156	224
Q9UIK5	246	307
Q9UNI1	193	243
B4DSL7	118	186
O15018	2293	2344
O60290	230	326
O60858	0	69
O75426	472	492
O75426	508	532
P14207	20	163
P22830	392	422
P24468	73	147
P29466	53	97
P31273	11	48
P54826	45	251
Q2M3T9	423	480
Q5JSL3	1900	1920
Q6PEV8	11	49
Q86SQ3	0	79
Q86SQ3	142	170
Q86WK7	25	44
Q8N1C3	393	440
Q8NEM1	161	190
Q8NEM1	314	526
Q92628	426	479
Q92628	524	600
Q92628	611	648
Q92628	668	705
Q92628	817	897
Q92628	1046	1101
Q92628	1210	1252
Q96IY4	245	283
Q9H293	85	176
Q9H869	602	638
Q9P2H5	565	598
A8MUU1	0	75
B6SEH9	96	197
F5H4B4	120	177
F5H4B4	385	419
O15061	1220	1267
O75437	117	386
O75437	402	611
O94880	309	396
O94880	717	736
O94880	748	782
O94880	866	925
O94985	300	342
P07711	106	145
P07711	163	223
P09234	0	35
P29279	20	341
P49908	171	199
P49908	273	340
Q2M218	212	656
Q495W5	91	117
Q53EP0	47	62
Q53EP0	557	578
Q53EP0	652	732
Q53EP0	752	782
Q53EP0	841	877
Q5UCC4	104	135
Q5UCC4	158	179
Q6ZVD8	15	39
Q6ZVD8	933	957
Q6ZVD8	1033	1053
Q7Z4V0	496	562
Q8N0X4	32	87
Q8NET1	20	54
Q8NFA2	140	218
Q9GZQ4	354	382
Q9H5H4	264	535
Q9H8M2	272	297
Q9NZA1	126	169
Q9P0X4	244	324
Q9P0X4	1787	1853
Q9UHC3	236	284
Q9UHC3	302	379
Q9UJV3	130	250
Q9UJV3	708	732
Q9UKR3	142	237
A8MQ11	44	107
B7Z368	60	96
B7Z368	113	129
P0CG20	30	78
P13640	0	60
P16157	922	944
P20930	4002	4051
P26006	892	918
P48304	119	165
Q08211	601	625
Q12770	1045	1079
Q2KJY2	1284	1333
Q2KJY2	1351	1398
Q6ZR62	154	184
Q6ZR62	274	295
Q6ZSV7	47	73
Q6ZSV7	102	130
Q7Z401	1433	1506
Q7Z401	1832	1862
Q8N697	129	153
Q8N8P6	102	122
Q8WUJ1	164	227
Q9BQQ7	138	176
Q9H9Z2	102	178
Q9UKL3	1700	1740
A6NJT0	52	68
B1ANY3	150	192
O14498	322	387
O14795	504	536
O75467	244	506
P0CG31	70	118
P0CG31	234	521
P0DKV0	96	119
P11498	788	813
P23468	169	226
P53582	0	38
Q0D2J5	95	393
Q12805	20	83
Q12805	151	385
Q13017	12	45
Q13332	121	231
Q14590	86	122
Q14590	183	231
Q14590	307	737
Q16659	412	476
Q16659	580	636
Q5SZI1	168	202
Q5T200	1576	1610
Q6NSJ2	347	385
Q6NSJ2	429	466
Q6NSJ2	508	547
Q6ZMU5	1	145
Q8IW93	693	731
Q8N2Q7	169	189
Q8N2Q7	762	808
Q8N5U6	527	596
Q8NI51	251	445
Q8NI51	468	572
Q8TC94	40	68
Q92618	23	88
Q92618	166	302
Q92618	355	433
Q92896	114	161
Q92896	434	473
Q92896	620	730
Q92896	774	970
Q92896	993	1060
Q92932	37	69
Q96IT1	402	489
Q96IT1	515	575
Q96K21	67	154
Q96K21	416	456
Q99706	132	148
Q99706	169	205
Q9BWT7	581	598
Q9BZ95	697	866
Q9BZ95	880	961
Q9BZ95	1073	1161
Q9BZ95	1262	1435
Q9H0C1	0	36
Q9H665	16	92
Q9NVV9	9	88
Q9UIA0	318	361
Q9Y261	210	260
Q9Y2L8	340	463
Q9Y2L8	542	664
Q9Y2L8	710	831
Q9Y4K1	1381	1399
Q9Y4K1	1830	1886
A6NH21	33	61
B1APH4	83	206
P57723	214	248
P60410	39	71
Q07092	183	254
Q14149	400	441
Q5QGS0	114	212
Q5QGS0	250	283
Q7KYR7	330	379
Q7RTN6	269	306
Q86XS5	293	323
Q8TCQ1	69	137
Q96M29	0	42
Q96M29	246	302
Q99687	57	84
Q9BXT5	392	452
Q9BXT5	1012	1062
Q9BXT5	1562	1606
Q9BXT5	2457	2478
Q9BXT5	2621	2651
Q9HBT8	233	520
A0A1W2PPK0	83	166
A0A1W2PPK0	222	289
A6NE52	886	921
A6NNA5	147	218
O60884	116	217
P01266	25	192
P01266	296	378
P01266	597	776
P01266	1000	1290
P01266	1448	1672
P53384	236	294
Q04759	0	30
Q04759	261	280
Q04759	294	338
Q13127	46	73
Q13127	213	423
Q13530	4	30
Q14210	16	104
Q14587	218	453
Q14587	494	789
Q14587	828	946
Q16637	88	154
Q56P03	173	223
Q56P03	246	284
Q5BKU9	84	104
Q5TZJ5	1194	1272
Q68D51	110	220
Q6L9W6	334	366
Q6UWL6	85	148
Q6UWL6	286	309
Q6UWL6	323	338
Q6UWL6	358	401
Q6UXI9	29	190
Q6UXI9	226	270
Q6UXT8	77	128
Q86T82	459	525
Q86US8	1334	1370
Q8IX30	16	338
Q8IX30	353	441
Q8IX30	474	538
Q8IX30	625	819
Q96DX4	514	575
Q9BXY4	33	68
Q9BXY4	84	191
Q9C004	143	276
Q9H0J9	187	232
Q9H0J9	460	487
Q9H8G1	246	379
Q9H8G1	400	567
A4D161	67	176
A5PLL1	165	199
A8MZH6	106	122
O94966	198	226
O94966	775	843
O95071	920	941
O95071	1157	1245
P05549	189	205
P05549	350	381
P0DM35	0	59
P0DTL4	26	48
P17030	106	449
P26927	46	481
P26927	636	663
P33991	308	328
Q5H8C1	203	231
Q6AWC2	638	683
Q6PG37	183	612
Q7L2R6	118	162
Q7L2R6	205	522
Q7Z6Z7	2623	2681
Q7Z6Z7	3295	3311
Q7Z6Z7	3325	3401
Q8IXW5	76	165
Q8N8Q3	225	247
Q8N8R7	195	244
Q8NCU7	87	108
Q8NCU7	250	311
Q8WW38	273	385
Q8WW38	505	582
Q8WW38	681	888
Q8WYR1	791	840
Q92731	134	256
Q96C55	111	218
Q96MV8	123	153
Q96S15	7	30
Q96S15	708	745
Q9NPD5	450	480
Q9Y462	301	758
A0A1B0GTW7	122	154
A0A1B0GTW7	462	572
O15389	149	196
O75815	246	268
O75815	420	457
P07438	0	59
P17017	93	641
P22891	81	187
P23946	184	235
P30622	244	284
P30622	1408	1437
P50453	319	362
P53992	346	399
P54108	181	244
Q13330	384	431
Q14676	27	109
Q14676	2008	2077
Q15649	0	50
Q5TC82	405	451
Q6NTE8	1	73
Q6PF15	550	582
Q6UVJ0	539	557
Q6UWM5	180	221
Q8IUH4	424	441
Q8NB59	383	413
Q96EQ8	27	193
Q96F45	424	448
Q96F45	508	566
Q96JA1	39	61
Q96JA1	889	947
Q99489	240	303
Q9BZ81	241	274
Q9C0F0	36	93
Q9C0F0	2200	2247
Q9HBG7	211	267
Q9HBM0	21	42
Q9NR61	176	529
Q9NR61	655	684
Q9P212	68	161
Q9P212	205	323
Q9P212	1861	1899
Q9UGL1	299	372
Q9UGL1	1163	1205
Q9UGL1	1491	1543
Q9ULD5	547	605
Q9ULD5	640	830
Q9Y603	177	216
Q9Y6X8	71	151
A6NNF4	104	351
A6NNF4	370	615
O75112	541	595
P26374	563	608
P41271	25	133
P46020	597	612
P46020	625	651
P61158	0	22
Q5T870	2	110
Q5VT25	390	439
Q5VT25	1003	1071
Q5VUD6	328	363
Q6S5H5	86	114
Q6UXF7	203	301
Q70Z35	908	951
Q86SJ6	781	897
Q86UP3	610	721
Q86UP3	1158	1245
Q86UP3	1543	1574
Q86UP3	2616	2652
Q86UP3	2940	2974
Q86UP3	3349	3421
Q8IXH8	671	698
Q8TEJ3	51	101
Q92496	114	232
Q92496	257	301
Q92496	498	531
Q96BR9	275	385
Q96LD4	0	40
Q96LD4	132	217
Q96NK8	170	191
Q9BRP1	74	111
Q9BVL4	122	149
Q9BYC8	76	117
Q9C026	0	42
Q9C026	118	206
Q9C026	224	345
Q9HAH1	129	332
Q9NRL3	393	426
Q9UKB1	0	77
Q9UKU0	243	269
A0A087WUL8	601	647
A0A087WUL8	845	891
A0A087WUL8	1089	1135
A0A087WUL8	1333	1379
A0A087WUL8	1577	1623
A0A087WUL8	1821	1871
A0A087WUL8	2067	2110
A0A087WUL8	2311	2354
A0A087WUL8	2555	2598
A0A087WUL8	2800	2842
A0A087WUL8	3041	3086
A0A087WUL8	3285	3330
A0A087WUL8	3529	3574
O00635	3	136
O14770	85	124
O43295	290	366
O43295	695	716
O75143	235	251
P07357	24	173
P07357	492	562
P09565	26	87
P17405	214	248
P17405	578	630
P53602	95	119
Q12882	33	97
Q12882	954	1017
Q13472	639	735
Q13472	805	941
Q15399	514	536
Q494R0	65	121
Q86Z02	659	683
Q86Z02	724	742
Q8IYW5	4	91
Q8IYW5	299	337
Q8NE65	246	331
Q8WU39	163	188
Q8WZ75	189	226
Q96A25	31	78
Q96JJ6	29	53
Q96MT3	241	312
Q96PB7	39	85
Q96Q40	0	59
Q9H1E1	39	132
Q9H8L6	116	136
Q9H8L6	696	734
Q9NQZ3	519	542
Q9UL41	411	438
Q9UPU3	713	813
Q9Y385	131	179
C9J302	49	188
O00463	41	71
O00463	132	244
O15164	45	88
O15164	119	202
O15164	212	254
O15164	821	900
O60565	84	183
O75840	94	126
O75840	211	301
P01215	23	115
P01589	44	87
P01589	154	190
P02671	803	818
P0DP58	14	107
P10114	165	182
P14222	62	123
P14222	372	412
P14222	528	554
P20160	130	220
P49005	68	99
P51654	55	77
P58658	83	127
P58658	149	182
P63267	6	48
P82279	22	475
P82279	872	950
P82279	1137	1350
Q02413	238	275
Q02413	609	638
Q02413	660	765
Q02846	752	776
Q13443	350	677
Q2Q1W2	54	120
Q2Q1W2	197	242
Q2Q1W2	259	313
Q58A45	31	75
Q5SWL8	446	476
Q5SY85	19	45
Q5TAX3	909	942
Q5TAX3	1285	1320
Q5TAX3	1347	1393
Q86UW1	147	174
Q8IYS2	172	189
Q8IZQ1	3444	3523
Q8N4N8	506	555
Q8NCN2	403	467
Q8TAF7	198	548
Q92765	138	192
Q96BV0	99	220
Q96BV0	269	379
Q96BV0	439	522
Q96LX8	170	269
Q96LX8	324	423
Q99728	43	125
Q9BYR8	0	82
Q9HAR2	99	119
Q9HAR2	495	550
Q9NSA2	452	500
Q9UBX5	22	89
Q9UBX5	99	341
Q9UBY9	92	147
Q9UKF5	338	362
Q9UKF5	384	561
Q9UKF5	624	654
Q9Y3D2	44	181
A0ABJ7H351	81	149
A0ABJ7H351	240	366
A0ABJ7H351	396	433
O15111	698	727
O15265	105	141
O75173	322	689
O75604	159	208
O75604	464	489
P17028	219	367
P23743	218	293
P23743	314	334
P23743	695	713
P34947	422	474
P34947	499	539
P35680	241	310
P46531	24	1565
P48553	707	729
P55201	0	45
P55201	252	346
P55201	385	435
P56159	21	100
P56159	147	281
P56159	307	331
Q17R98	373	469
Q17R98	785	836
Q5EBM4	94	169
Q5T700	59	204
Q6NUJ1	24	100
Q6NUJ1	456	519
Q6VAB6	119	161
Q6VAB6	409	485
Q6XE24	75	119
Q701N4	0	18
Q7Z7M0	139	206
Q7Z7M0	557	656
Q7Z7M0	846	1278
Q7Z7M0	1395	1490
Q7Z7M0	1872	2467
Q86TB3	86	114
Q86TB3	330	391
Q8N8J6	176	730
Q8NB14	556	628
Q8WTQ1	19	69
Q96E35	149	220
Q96S59	641	728
Q9BQE6	162	201
Q9BYK8	15	48
Q9BYK8	84	115
Q9BYK8	164	258
Q9BYK8	280	359
Q9H6D7	0	34
Q9H7F0	885	923
Q9NPC7	295	521
Q9NXA8	157	217
Q9NXA8	246	309
Q9NYQ6	1336	1426
Q9NYQ6	1631	1668
Q9NYQ6	1859	2098
Q9P0J7	0	142
Q9Y614	305	380
A6NCS6	177	241
A8MT65	203	543
C9J1S8	431	451
O60291	270	329
P05156	21	111
P05156	155	326
P09382	0	20
P24928	61	93
P24928	1441	1485
P54707	245	279
P59817	314	362
Q2TBF2	180	220
Q2TBF2	231	266
Q5JWF8	95	135
Q6MZQ0	264	315
Q6P3S6	332	361
Q7Z3H4	281	307
Q8N7C4	199	228
Q8N8J0	214	261
Q8NA19	356	427
Q8TF45	74	670
Q96JC4	85	523
Q9BW30	1	59
Q9BY14	141	156
Q9BY14	186	216
Q9BYU5	0	42
Q9NR09	293	396
Q9NR09	958	975
Q9NR09	1519	1570
Q9NR09	4015	4065
Q9P0N8	0	28
Q9P0N8	58	142
Q9Y2B4	207	251
Q9Y561	153	221
Q9Y561	383	479
O43541	204	281
O75346	102	487
O75398	191	218
O75398	231	303
O75398	483	557
O75800	384	439
O94772	18	92
P09919	7	25
P25713	0	67
Q13470	98	117
Q13470	372	414
Q15652	1704	1750
Q6ZMS4	149	495
Q8N6Q8	388	405
Q8N7B1	250	299
Q8WXK3	0	19
Q99969	68	155
Q9P2K8	254	269
Q9UNA0	369	399
Q9UNA0	417	436
Q9UNA0	542	646
Q9UNA0	703	737
Q9UNA0	873	929
Q9UNE0	5	152
O60575	27	85
P0CG24	0	378
P29122	687	968
P40967	511	553
Q14CZ7	17	94
Q52WX2	2	33
Q6N043	237	255
Q6N043	344	508
Q6N043	615	740
Q8IV16	55	142
Q8IWZ5	136	170
Q8IWZ5	240	260
Q8IWZ5	533	566
Q8N7M2	0	29
Q8N7M2	49	65
Q8N7M2	186	328
Q8N7M2	367	383
Q8N7M2	395	669
Q8NCJ5	326	367
Q8NHJ6	111	187
Q8TAB3	701	758
Q8TAV0	0	128
Q8WY64	353	444
Q92546	7	93
Q92752	113	341
Q969K3	0	16
Q969K3	50	106
Q969K3	317	371
Q96F44	4	143
Q96GP6	49	446
Q96JG9	3111	3182
Q96JG9	3327	3404
Q96JL9	295	644
Q96T25	404	553
Q99062	113	191
Q99062	203	281
Q9BT76	144	181
Q9BWX1	57	341
Q9NPC3	0	63
Q9NPY3	25	49
Q9NPY3	119	468
Q9NQX6	121	462
Q9NZI8	240	262
Q9UBF2	720	749
B4DX44	104	293
B4DX44	305	411
O43474	422	512
O75582	688	740
O75626	586	695
O94762	421	459
O95231	198	218
O95858	149	196
P04629	173	199
P0DPA3	63	136
P31629	180	247
P31629	649	668
P31629	1797	1875
P42345	291	327
P42345	343	366
P52179	1206	1223
Q10570	449	501
Q13702	355	411
Q14246	22	343
Q14246	436	465
Q15072	5	192
Q15072	211	291
Q15858	1150	1183
Q15858	1699	1733
Q5GAN3	86	155
Q6ZRF7	71	110
Q6ZSG2	388	422
Q86WW8	0	73
Q8IYA8	390	427
Q8IYA8	532	585
Q8N6M6	40	104
Q8N6M6	125	147
Q8WTR7	205	270
Q8WTR7	311	870
Q92563	74	208
Q92563	328	377
Q9BS86	299	350
Q9BSE2	125	198
Q9H7B4	10	99
Q9NVM9	206	224
Q9NVR5	68	103
Q9UFW8	21	64
Q9Y6W6	13	84
Q9Y6W6	143	200
Q9Y6W6	266	290
O15015	234	316
O15015	370	421
O15015	462	519
O15015	567	592
O15015	614	667
O15015	819	898
O15015	1043	1105
O15015	1201	1278
O15015	1298	1351
O15015	1526	1611
O15015	1676	1777
P38570	739	814
P50238	0	72
P78310	204	226
Q14145	379	416
Q14145	594	623
Q5GAN6	91	215
Q5T953	240	302
Q6P3V2	167	399
Q6P3V2	427	767
Q6ZQN5	150	195
Q6ZU69	121	173
Q6ZU69	324	388
Q6ZU69	804	863
Q8N7Q3	75	586
Q8NAE3	26	68
Q8WXA2	44	80
Q92616	1062	1082
Q92959	417	511
Q9BZY9	22	63
Q9NQV7	169	228
Q9NQV7	246	262
Q9NQV7	376	412
Q9NQV7	577	890
Q9UBT3	29	104
Q9UBT3	140	223
Q9Y4P1	188	216
O14638	42	159
O14638	559	586
O14638	641	681
O60449	301	324
O60449	612	651
O60449	965	999
O60449	1219	1249
O60449	1491	1551
O75110	779	795
O95157	181	212
P02774	69	151
P02774	263	400
P02774	430	473
P07225	55	286
P08047	601	705
P12111	2368	2400
P12111	3141	3176
P15621	96	662
P52849	820	841
P82987	74	245
P82987	380	454
P82987	517	899
P82987	1421	1690
Q01524	56	99
Q13368	315	349
Q5VT06	184	220
Q5VT06	2529	2575
Q658L1	0	38
Q658L1	303	356
Q6AZZ1	109	137
Q6PIW4	597	633
Q6ZT12	138	199
Q6ZT12	1222	1268
Q8NAN2	139	204
Q8TAK6	218	270
Q9GZX3	132	158
Q9NZ08	476	512
Q9P1U0	0	125
Q9Y2P7	127	626
A0A096LNW5	21	269
A0A0A0MS06	80	114
D6RA61	79	131
O75912	173	206
O75912	225	280
O94910	499	536
O95164	97	116
P07306	138	159
P07306	241	285
P10072	0	32
P10072	321	650
P11226	208	247
P30876	927	955
P30876	1125	1154
P48052	248	280
P49910	267	484
P68032	8	44
Q12967	782	801
Q13233	437	508
Q15109	125	144
Q15109	186	276
Q15109	292	319
Q16099	898	934
Q6P4F2	93	180
Q6PJP8	106	182
Q6PJP8	454	474
Q6PJP8	496	559
Q6UWI4	49	85
Q6UY18	15	57
Q6W2J9	14	40
Q86WS5	240	271
Q8N1N4	463	491
Q8WXI7	12124	12158
Q96EY1	60	76
Q96EY1	234	308
Q96K31	187	251
Q9H9D4	111	137
Q9H9D4	347	629
O15544	0	23
O15544	63	124
O15553	369	417
O95025	530	594
P08235	434	451
P08235	472	492
P08235	589	674
P15248	31	124
P20929	677	770
P20929	7806	7844
P26651	101	171
P46013	0	67
P55199	59	154
P78539	70	194
P78539	265	321
P86434	117	149
Q5JU85	964	999
Q5JV73	1474	1532
Q6UWE3	22	99
Q6ZN54	237	305
Q6ZN54	445	510
Q86UE3	154	278
Q86UE3	291	482
Q86UE3	518	835
Q86YV0	246	279
Q86YV0	531	558
Q8N1G2	128	178
Q8ND24	632	702
Q96P26	42	93
Q9BTP6	54	103
Q9BWP8	238	261
Q9P2G3	24	61
Q9P2G3	608	627
Q9UK80	396	453
Q9Y4P8	366	399
O14578	1353	1449
O95196	356	428
O95196	507	537
O95405	97	188
O95405	696	765
P08123	1138	1169
P10075	180	375
P24394	317	368
P24394	705	739
P35398	62	157
P47928	30	84
P52824	93	268
P52824	343	362
P61236	0	36
P62906	45	84
Q06330	74	113
Q16663	57	112
Q6A162	2	114
Q6A162	393	430
Q86XF7	84	233
Q8N4L2	45	127
Q8NEK5	79	532
Q8NG27	576	642
Q8TBJ5	125	162
Q8TBJ5	180	206
Q8TBJ5	270	398
Q93091	32	142
Q969P5	313	354
Q96DM1	528	584
Q96NC0	49	123
Q99944	92	200
Q9BX82	158	623
Q9BXT4	153	236
Q9BXT4	977	993
Q9NUX5	303	369
Q9UKC9	395	422
Q9ULU4	78	133
Q9ULU4	1027	1063
Q9Y2G1	1013	1048
Q9Y2G1	1062	1087
Q9Y6Z4	0	77
Q9Y6Z4	107	151
A0A2R8YCY7	125	185
A0AAQ5BIG5	601	670
O00300	24	199
O14924	949	998
O43298	345	460
O75023	269	302
O75023	354	412
O75064	64	80
O75064	1148	1202
O75064	1229	1266
O75064	1471	1495
O75569	273	301
O95171	605	665
P19793	122	206
P23786	486	518
P48960	15	274
P48960	498	533
P78413	5	69
Q13501	102	180
Q6UVK1	333	417
Q6UVK1	2305	2321
Q6ZUT9	11	38
Q86Y38	268	310
Q86Y38	912	944
Q8IXK0	633	686
Q8IYM9	41	117
Q8NFM7	548	604
Q8NFW9	45	105
Q8TEY5	17	89
Q8TEY5	101	211
Q969W8	161	417
Q9BQW3	156	179
Q9GZL7	185	200
Q9H160	205	266
Q9H1R2	156	186
Q9H741	69	138
Q9H741	169	203
Q9H7R0	110	625
Q9NR11	269	477
Q9UBT7	236	259
Q9Y508	20	224
Q9Y5Q5	130	146
Q9Y5Q5	235	475
Q9Y5Q5	509	695
Q9Y5Q5	776	796
Q9Y5Q5	973	999
A6H8Z2	315	377
H0Y7S4	453	477
O14904	207	245
O14904	291	364
O14983	328	353
O14983	488	518
O15031	346	371
O15031	466	524
O15031	541	587
O15031	642	672
O60883	423	438
O95218	3	108
P01705	73	111
P05305	86	171
P0DQW0	0	31
P0DQW0	47	97
P10144	148	243
P14373	0	142
P23193	246	300
Q02297	89	156
Q02297	172	240
Q09472	336	422
Q09472	1171	1216
Q09472	1234	1297
Q09472	1680	1710
Q09472	1730	1817
Q13349	833	862
Q13349	1000	1023
Q13642	0	109
Q13642	166	232
Q5VT99	26	53
Q5XX13	4	31
Q6XQN6	441	498
Q6ZN84	314	346
Q7L273	345	388
Q8NAA6	75	165
Q8TB52	0	116
Q8TB52	334	353
Q92771	242	315
Q96NE9	559	621
Q96QD9	217	245
Q99942	20	75
Q9BSY4	0	92
Q9HBJ0	107	175
Q9P2E2	0	57
Q9UIL8	65	165
Q9UIL8	187	221
A0A0C4DH59	85	113
A6NLC5	23	71
A6NLC5	111	150
O00584	195	222
O43300	492	515
P28329	650	730
P31639	596	625
P43243	279	339
Q02763	210	375
Q15937	186	497
Q3LHN1	0	41
Q5SQH8	94	125
Q6IQ49	61	114
Q6P1Q9	110	141
Q8IY34	121	156
Q8IY34	273	306
Q8N109	126	197
Q8NCQ7	51	167
Q9BTE3	104	151
Q9H792	158	222
Q9H7H0	385	437
Q9HBT7	331	758
Q9NQC7	790	832
Q9NXH9	357	397
Q9UL52	149	187
Q9UL52	363	378
Q9ULM2	111	228
Q9ULM2	267	424
Q9ULM2	459	523
Q9Y5T5	43	100
Q9Y5T5	596	624
Q9Y5T5	650	682
B2RU33	39	126
O75157	159	207
P03951	249	281
P03951	540	580
P18065	28	125
P18065	227	320
P18146	338	420
P29590	52	103
P29590	173	236
P54756	255	367
P61221	0	39
Q14151	424	491
Q15306	198	245
Q16527	0	78
Q16527	107	192
Q5VT97	279	355
Q6UWU4	131	165
Q6UY11	0	259
Q6ZUV0	0	23
Q8N568	661	714
Q8NI77	726	760
Q8TBF4	99	126
Q96K62	400	505
Q96N38	129	512
Q9BXA6	251	272
Q9BYR7	0	97
Q9H2A2	4	46
Q9H3U7	25	150
Q9H3U7	234	286
Q9H3U7	370	420
Q9HC56	1132	1151
Q9P2N4	442	462
Q9P2N4	532	663
Q9P2N4	696	758
Q9P2N4	879	976
Q9P2N4	1000	1286
Q9P2N4	1331	1746
Q9P2N4	1797	1821
Q9UIH9	49	89
Q9UIH9	303	402
Q9Y458	456	487
Q9Y4L5	4	94
Q9Y4L5	215	272
A4D1S0	372	404
A4UGR9	977	1037
A4UGR9	1057	1098
O15460	275	311
P00558	382	406
P02760	193	288
P02760	325	351
P03950	27	146
P11465	298	313
P57081	31	49
Q14994	0	85
Q15048	99	167
Q66K64	189	211
Q66K64	252	283
Q68D42	157	234
Q6UWV2	207	234
Q6UXN8	88	119
Q6UXN8	191	221
Q6UY14	359	505
Q6UY14	664	820
Q6UY14	895	997
Q6UY14	1024	1073
Q6ZRS4	788	888
Q86XU0	200	573
Q8NDZ0	283	300
Q96DN2	43	270
Q96DN2	381	753
Q96GM8	254	332
Q9GZR2	222	253
Q9HCM1	1165	1199
Q9NT99	54	84
Q9NUG4	337	413
Q9NZP6	1120	1155
Q9P2N6	87	123
Q9UNL4	183	248
Q9Y4I5	93	129
Q9Y4I5	140	270
Q9Y4I5	291	425
Q9Y4I5	439	506
A6NNT2	981	999
A8MW92	138	178
A8MW92	679	698
O00409	206	231
O94813	232	299
O94813	450	529
O94813	703	740
O94813	882	1150
O94813	1314	1528
P28328	231	256
P29558	86	127
P29558	166	257
P33981	457	503
P37231	122	211
P42356	1801	1845
P52744	25	261
Q0VF96	54	73
Q14626	109	160
Q2VIQ3	1076	1123
Q3SY56	225	292
Q53H76	423	455
Q68G74	64	84
Q68G74	105	149
Q6W4X9	199	394
Q6W4X9	529	546
Q6W4X9	564	590
Q6W4X9	656	866
Q6W4X9	1075	1198
Q6W4X9	2348	2438
Q7Z2Y8	2280	2316
Q7Z6A9	225	252
Q8IZS8	963	999
Q8N8C0	0	122
Q969J2	137	218
Q969J2	316	459
Q969J2	482	541
Q96AE7	793	839
Q96HE7	23	49
Q96HE7	77	157
Q9HBE1	288	323
Q9HBE1	347	530
Q9HBL0	0	71
Q9NS15	54	139
Q9NS15	284	483
Q9NS15	571	1117
Q9NS15	1134	1186
Q9NS15	1217	1299
Q9NYQ8	3712	3782
Q9NYQ8	3930	4036
A4D0S4	13	43
A4D0S4	267	538
A4D0S4	695	1182
A4D0S4	1359	1427
C9J069	662	681
E7ETH6	47	172
E7ETH6	198	401
O00204	258	278
O75106	719	755
O75808	0	84
O75808	337	450
O95267	568	600
O95267	647	662
P0DKL9	76	146
P19113	486	505
P19113	632	661
P35498	1177	1208
P35498	1725	1741
P51617	479	520
P55795	278	293
P78317	124	189
P78363	1167	1198
P78363	1446	1519
Q14588	197	407
Q14588	448	685
Q14CN2	172	274
Q5VT98	450	474
Q7L590	383	410
Q7L590	425	457
Q7L590	774	867
Q7Z5U6	4	26
Q8NFZ5	402	428
Q8WWZ8	149	267
Q96QT6	55	114
Q96QT6	262	310
Q96QT6	386	452
Q9HC23	32	63
Q9NSB2	514	540
Q9NZL6	632	657
Q9P2D8	360	421
Q9P2D8	1437	1532
Q9P2D8	1996	2017
Q9UN36	266	299
Q9Y2Y1	0	88
O43166	444	460
P78316	728	769
Q04900	54	111
Q16538	341	416
Q86W42	305	333
Q96LR4	35	136
Q96NG5	143	401
Q9BYZ6	330	349
Q9BZM1	54	134
Q9BZM1	153	188
Q9N2K0	211	280
Q9P227	618	643
